// 4.26.1 0xef9b4c02 D2 R0 FRGB565 U565 N0 SExtFlashSection
// Generated by imageconverter. Please, do not edit!

#include <touchgfx/hal/Config.hpp>

LOCATION_PRAGMA("ExtFlashSection")
KEEP extern const unsigned char image_watch_bg[] LOCATION_ATTRIBUTE("ExtFlashSection") = { // 240x280 RGB565 pixels.
    0xff, 0xff, 0xff, 0xff, 0xff, 0xff, 0xff, 0xff, 0xff, 0xff, 0xff, 0xff,
    0xff, 0xff, 0xff, 0xff, 0xff, 0xff, 0xff, 0xff, 0xff, 0xff, 0xff, 0xff,
    0xff, 0xff, 0xff, 0xff, 0xff, 0xff, 0xff, 0xff, 0xff, 0xff, 0xff, 0xff,
    0xff, 0xff, 0xff, 0xff, 0xff, 0xff, 0xff, 0xff, 0xff, 0xff, 0xff, 0xff,
    0xff, 0xff, 0xff, 0xff, 0xff, 0xff, 0xff, 0xff, 0xff, 0xff, 0xff, 0xff,
    0xff, 0xff, 0xff, 0xff, 0xff, 0xff, 0xff, 0xff, 0xff, 0xff, 0xff, 0xff,
    0xff, 0xff, 0xff, 0xff, 0xff, 0xff, 0xff, 0xff, 0xff, 0xff, 0xff, 0xff,
    0xff, 0xff, 0xff, 0xff, 0xff, 0xff, 0xff, 0xff, 0xff, 0xff, 0xff, 0xff,
    0xff, 0xff, 0xff, 0xff, 0xff, 0xff, 0xff, 0xff, 0xff, 0xff, 0xff, 0xff,
    0xff, 0xff, 0xff, 0xff, 0xff, 0xff, 0xff, 0xff, 0xff, 0xff, 0xff, 0xff,
    0xff, 0xff, 0xff, 0xff, 0xff, 0xff, 0xff, 0xff, 0xff, 0xff, 0xff, 0xff,
    0xff, 0xff, 0xff, 0xff, 0xff, 0xff, 0xff, 0xff, 0xff, 0xff, 0xff, 0xff,
    0xff, 0xff, 0xff, 0xff, 0xff, 0xff, 0xff, 0xff, 0xff, 0xff, 0xff, 0xff,
    0xff, 0xff, 0xff, 0xff, 0xff, 0xff, 0xff, 0xff, 0xff, 0xff, 0xff, 0xff,
    0xff, 0xff, 0xff, 0xff, 0xff, 0xff, 0xff, 0xff, 0xff, 0xff, 0xff, 0xff,
    0xff, 0xff, 0xff, 0xff, 0xff, 0xff, 0xff, 0xff, 0xff, 0xff, 0xff, 0xff,
    0xff, 0xff, 0xff, 0xff, 0xff, 0xff, 0xff, 0xff, 0xff, 0xff, 0xff, 0xff,
    0xff, 0xff, 0xff, 0xff, 0xff, 0xff, 0xff, 0xff, 0xff, 0xff, 0xff, 0xff,
    0xff, 0xff, 0xff, 0xff, 0xff, 0xff, 0xff, 0xff, 0xff, 0xff, 0xff, 0xff,
    0xff, 0xff, 0xff, 0xff, 0xff, 0xff, 0xff, 0xff, 0xff, 0xff, 0xff, 0xff,
    0xff, 0xff, 0xff, 0xff, 0xff, 0xff, 0xff, 0xff, 0xff, 0xff, 0xff, 0xff,
    0xff, 0xff, 0xff, 0xff, 0xff, 0xff, 0xff, 0xff, 0xff, 0xff, 0xff, 0xff,
    0xff, 0xff, 0xff, 0xff, 0xff, 0xff, 0xff, 0xff, 0xff, 0xff, 0xff, 0xff,
    0xff, 0xff, 0xff, 0xff, 0xff, 0xff, 0xff, 0xff, 0xff, 0xff, 0xff, 0xff,
    0xff, 0xff, 0xff, 0xff, 0xff, 0xff, 0xff, 0xff, 0xff, 0xff, 0xff, 0xff,
    0xff, 0xff, 0xff, 0xff, 0xff, 0xff, 0xff, 0xff, 0xff, 0xff, 0xff, 0xff,
    0xff, 0xff, 0xff, 0xff, 0xff, 0xff, 0xff, 0xff, 0xff, 0xff, 0xff, 0xff,
    0xff, 0xff, 0xff, 0xff, 0xff, 0xff, 0xff, 0xff, 0xff, 0xff, 0xff, 0xff,
    0xff, 0xff, 0xff, 0xff, 0xff, 0xff, 0xff, 0xff, 0xff, 0xff, 0xff, 0xff,
    0xff, 0xff, 0xff, 0xff, 0xff, 0xff, 0xff, 0xff, 0xff, 0xff, 0xff, 0xff,
    0xff, 0xff, 0xff, 0xff, 0xff, 0xff, 0xff, 0xff, 0xff, 0xff, 0xff, 0xff,
    0xff, 0xff, 0xff, 0xff, 0xff, 0xff, 0xff, 0xff, 0xff, 0xff, 0xff, 0xff,
    0xff, 0xff, 0xff, 0xff, 0xff, 0xff, 0xff, 0xff, 0xff, 0xff, 0xff, 0xff,
    0xff, 0xff, 0xff, 0xff, 0xff, 0xff, 0xff, 0xff, 0xff, 0xff, 0xff, 0xff,
    0xff, 0xff, 0xff, 0xff, 0xff, 0xff, 0xff, 0xff, 0xff, 0xff, 0xff, 0xff,
    0xff, 0xff, 0xff, 0xff, 0xff, 0xff, 0xff, 0xff, 0xff, 0xff, 0xff, 0xff,
    0xff, 0xff, 0xff, 0xff, 0xff, 0xff, 0xff, 0xff, 0xff, 0xff, 0xff, 0xff,
    0xff, 0xff, 0xff, 0xff, 0xff, 0xff, 0xff, 0xff, 0xff, 0xff, 0xff, 0xff,
    0xff, 0xff, 0xff, 0xff, 0xff, 0xff, 0xff, 0xff, 0xff, 0xff, 0xff, 0xff,
    0xff, 0xff, 0xff, 0xff, 0xff, 0xff, 0xff, 0xff, 0xff, 0xff, 0xff, 0xff,
    0xff, 0xff, 0xff, 0xff, 0xff, 0xff, 0xff, 0xff, 0xff, 0xff, 0xff, 0xff,
    0xff, 0xff, 0xff, 0xff, 0xff, 0xff, 0xff, 0xff, 0xff, 0xff, 0xff, 0xff,
    0xff, 0xff, 0xff, 0xff, 0xff, 0xff, 0xff, 0xff, 0xff, 0xff, 0xff, 0xff,
    0xff, 0xff, 0xff, 0xff, 0xff, 0xff, 0xff, 0xff, 0xff, 0xff, 0xff, 0xff,
    0xff, 0xff, 0xff, 0xff, 0xff, 0xff, 0xff, 0xff, 0xff, 0xff, 0xff, 0xff,
    0xff, 0xff, 0xff, 0xff, 0xff, 0xff, 0xff, 0xff, 0xff, 0xff, 0xff, 0xff,
    0xff, 0xff, 0xff, 0xff, 0xff, 0xff, 0xff, 0xff, 0xff, 0xff, 0xff, 0xff,
    0xff, 0xff, 0xff, 0xff, 0xff, 0xff, 0xff, 0xff, 0xff, 0xff, 0xff, 0xff,
    0xff, 0xff, 0xff, 0xff, 0xff, 0xff, 0xff, 0xff, 0xff, 0xff, 0xff, 0xff,
    0xff, 0xff, 0xff, 0xff, 0xff, 0xff, 0xff, 0xff, 0xff, 0xff, 0xff, 0xff,
    0xff, 0xff, 0xff, 0xff, 0xff, 0xff, 0xff, 0xff, 0xff, 0xff, 0xff, 0xff,
    0xff, 0xff, 0xff, 0xff, 0xff, 0xff, 0xff, 0xff, 0xff, 0xff, 0xff, 0xff,
    0xff, 0xff, 0xff, 0xff, 0xff, 0xff, 0xff, 0xff, 0xff, 0xff, 0xff, 0xff,
    0xff, 0xff, 0xff, 0xff, 0xff, 0xff, 0xff, 0xff, 0xff, 0xff, 0xff, 0xff,
    0xff, 0xff, 0xff, 0xff, 0xff, 0xff, 0xff, 0xff, 0xff, 0xff, 0xff, 0xff,
    0xff, 0xff, 0xff, 0xff, 0xff, 0xff, 0xff, 0xff, 0xff, 0xff, 0xff, 0xff,
    0xff, 0xff, 0xff, 0xff, 0xff, 0xff, 0xff, 0xff, 0xff, 0xff, 0xff, 0xff,
    0xff, 0xff, 0xff, 0xff, 0xff, 0xff, 0xff, 0xff, 0xff, 0xff, 0xff, 0xff,
    0xff, 0xff, 0xff, 0xff, 0xff, 0xff, 0xff, 0xff, 0xff, 0xff, 0xff, 0xff,
    0xff, 0xff, 0xff, 0xff, 0xff, 0xff, 0xff, 0xff, 0xff, 0xff, 0xff, 0xff,
    0xff, 0xff, 0xff, 0xff, 0xff, 0xff, 0xff, 0xff, 0xff, 0xff, 0xff, 0xff,
    0xff, 0xff, 0xff, 0xff, 0xff, 0xff, 0xff, 0xff, 0xff, 0xff, 0xff, 0xff,
    0xff, 0xff, 0xff, 0xff, 0xff, 0xff, 0xff, 0xff, 0xff, 0xff, 0xff, 0xff,
    0xff, 0xff, 0xff, 0xff, 0xff, 0xff, 0xff, 0xff, 0xff, 0xff, 0xff, 0xff,
    0xff, 0xff, 0xff, 0xff, 0xff, 0xff, 0xff, 0xff, 0xff, 0xff, 0xff, 0xff,
    0xff, 0xff, 0xff, 0xff, 0xff, 0xff, 0xff, 0xff, 0xff, 0xff, 0xff, 0xff,
    0xff, 0xff, 0xff, 0xff, 0xff, 0xff, 0xff, 0xff, 0xff, 0xff, 0xff, 0xff,
    0xff, 0xff, 0xff, 0xff, 0xff, 0xff, 0xff, 0xff, 0xff, 0xff, 0xff, 0xff,
    0xff, 0xff, 0xff, 0xff, 0xff, 0xff, 0xff, 0xff, 0xff, 0xff, 0xff, 0xff,
    0xff, 0xff, 0xff, 0xff, 0xff, 0xff, 0xff, 0xff, 0xff, 0xff, 0xff, 0xff,
    0xff, 0xff, 0xff, 0xff, 0xff, 0xff, 0xff, 0xff, 0xff, 0xff, 0xff, 0xff,
    0xff, 0xff, 0xff, 0xff, 0xff, 0xff, 0xff, 0xff, 0xff, 0xff, 0xff, 0xff,
    0xff, 0xff, 0xff, 0xff, 0xff, 0xff, 0xff, 0xff, 0xff, 0xff, 0xff, 0xff,
    0xff, 0xff, 0xff, 0xff, 0xff, 0xff, 0xff, 0xff, 0xff, 0xff, 0xff, 0xff,
    0xff, 0xff, 0xff, 0xff, 0xff, 0xff, 0xff, 0xff, 0xff, 0xff, 0xff, 0xff,
    0xff, 0xff, 0xff, 0xff, 0xff, 0xff, 0xff, 0xff, 0xff, 0xff, 0xff, 0xff,
    0xff, 0xff, 0xff, 0xff, 0xff, 0xff, 0xff, 0xff, 0xff, 0xff, 0xff, 0xff,
    0xff, 0xff, 0xff, 0xff, 0xff, 0xff, 0xff, 0xff, 0xff, 0xff, 0xff, 0xff,
    0xff, 0xff, 0xff, 0xff, 0xff, 0xff, 0xff, 0xff, 0xff, 0xff, 0xff, 0xff,
    0xff, 0xff, 0xff, 0xff, 0xff, 0xff, 0xff, 0xff, 0xff, 0xff, 0xff, 0xff,
    0xff, 0xff, 0xff, 0xff, 0xff, 0xff, 0xff, 0xff, 0xff, 0xff, 0xff, 0xff,
    0xff, 0xff, 0xff, 0xff, 0xff, 0xff, 0xff, 0xff, 0xff, 0xff, 0xff, 0xff,
    0xff, 0xff, 0xff, 0xff, 0xff, 0xff, 0xff, 0xff, 0xff, 0xff, 0xff, 0xff,
    0xff, 0xff, 0xff, 0xff, 0xff, 0xff, 0xff, 0xff, 0xff, 0xff, 0xff, 0xff,
    0xff, 0xff, 0xff, 0xff, 0xff, 0xff, 0xff, 0xff, 0xff, 0xff, 0xff, 0xff,
    0xff, 0xff, 0xff, 0xff, 0xff, 0xff, 0xff, 0xff, 0xff, 0xff, 0xff, 0xff,
    0xff, 0xff, 0xff, 0xff, 0xff, 0xff, 0xff, 0xff, 0xff, 0xff, 0xff, 0xff,
    0xff, 0xff, 0xff, 0xff, 0xff, 0xff, 0xff, 0xff, 0xff, 0xff, 0xff, 0xff,
    0xff, 0xff, 0xff, 0xff, 0xff, 0xff, 0xff, 0xff, 0xff, 0xff, 0xff, 0xff,
    0xff, 0xff, 0xff, 0xff, 0xff, 0xff, 0xff, 0xff, 0xff, 0xff, 0xff, 0xff,
    0xff, 0xff, 0xff, 0xff, 0xff, 0xff, 0xff, 0xff, 0xff, 0xff, 0xff, 0xff,
    0xff, 0xff, 0xff, 0xff, 0xff, 0xff, 0xff, 0xff, 0xff, 0xff, 0xff, 0xff,
    0xff, 0xff, 0xff, 0xff, 0xff, 0xff, 0xff, 0xff, 0xff, 0xff, 0xff, 0xff,
    0xff, 0xff, 0xff, 0xff, 0xff, 0xff, 0xff, 0xff, 0xff, 0xff, 0xff, 0xff,
    0xff, 0xff, 0xff, 0xff, 0xff, 0xff, 0xff, 0xff, 0xff, 0xff, 0xff, 0xff,
    0xff, 0xff, 0xff, 0xff, 0xff, 0xff, 0xff, 0xff, 0xff, 0xff, 0xff, 0xff,
    0xff, 0xff, 0xff, 0xff, 0xff, 0xff, 0xff, 0xff, 0xff, 0xff, 0xff, 0xff,
    0xff, 0xff, 0xff, 0xff, 0xff, 0xff, 0xff, 0xff, 0xff, 0xff, 0xff, 0xff,
    0xff, 0xff, 0xff, 0xff, 0xff, 0xff, 0xff, 0xff, 0xff, 0xff, 0xff, 0xff,
    0xff, 0xff, 0xff, 0xff, 0xff, 0xff, 0xff, 0xff, 0xff, 0xff, 0xff, 0xff,
    0xff, 0xff, 0xff, 0xff, 0xff, 0xff, 0xff, 0xff, 0xff, 0xff, 0xff, 0xff,
    0xff, 0xff, 0xff, 0xff, 0xff, 0xff, 0xff, 0xff, 0xff, 0xff, 0xff, 0xff,
    0xff, 0xff, 0xff, 0xff, 0xff, 0xff, 0xff, 0xff, 0xff, 0xff, 0xff, 0xff,
    0xff, 0xff, 0xff, 0xff, 0xff, 0xff, 0xff, 0xff, 0xff, 0xff, 0xff, 0xff,
    0xff, 0xff, 0xff, 0xff, 0xff, 0xff, 0xff, 0xff, 0xff, 0xff, 0xff, 0xff,
    0xff, 0xff, 0xff, 0xff, 0xff, 0xff, 0xff, 0xff, 0xff, 0xff, 0xff, 0xff,
    0xff, 0xff, 0xff, 0xff, 0xff, 0xff, 0xff, 0xff, 0xff, 0xff, 0xff, 0xff,
    0xff, 0xff, 0xff, 0xff, 0xff, 0xff, 0xff, 0xff, 0xff, 0xff, 0xff, 0xff,
    0xff, 0xff, 0xff, 0xff, 0xff, 0xff, 0xff, 0xff, 0xff, 0xff, 0xff, 0xff,
    0xff, 0xff, 0xff, 0xff, 0xff, 0xff, 0xff, 0xff, 0xff, 0xff, 0xff, 0xff,
    0xff, 0xff, 0xff, 0xff, 0xff, 0xff, 0xff, 0xff, 0xff, 0xff, 0xff, 0xff,
    0xff, 0xff, 0xff, 0xff, 0xff, 0xff, 0xff, 0xff, 0xff, 0xff, 0xff, 0xff,
    0xff, 0xff, 0xff, 0xff, 0xff, 0xff, 0xff, 0xff, 0xff, 0xff, 0xff, 0xff,
    0xff, 0xff, 0xff, 0xff, 0xff, 0xff, 0xff, 0xff, 0xff, 0xff, 0xff, 0xff,
    0xff, 0xff, 0xff, 0xff, 0xff, 0xff, 0xff, 0xff, 0xff, 0xff, 0xff, 0xff,
    0xff, 0xff, 0xff, 0xff, 0xff, 0xff, 0xff, 0xff, 0xff, 0xff, 0xff, 0xff,
    0xff, 0xff, 0xff, 0xff, 0xff, 0xff, 0xff, 0xff, 0xff, 0xff, 0xff, 0xff,
    0xff, 0xff, 0xff, 0xff, 0xff, 0xff, 0xff, 0xff, 0xff, 0xff, 0xff, 0xff,
    0xff, 0xff, 0xff, 0xff, 0xff, 0xff, 0xff, 0xff, 0xff, 0xff, 0xff, 0xff,
    0xff, 0xff, 0xff, 0xff, 0xff, 0xff, 0xff, 0xff, 0xff, 0xff, 0xff, 0xff,
    0xff, 0xff, 0xff, 0xff, 0xff, 0xff, 0xff, 0xff, 0xff, 0xff, 0xff, 0xff,
    0xff, 0xff, 0xff, 0xff, 0xff, 0xff, 0xff, 0xff, 0xff, 0xff, 0xff, 0xff,
    0xff, 0xff, 0xff, 0xff, 0xff, 0xff, 0xff, 0xff, 0xff, 0xff, 0xff, 0xff,
    0xff, 0xff, 0xff, 0xff, 0xff, 0xff, 0xff, 0xff, 0xff, 0xff, 0xff, 0xff,
    0xff, 0xff, 0xff, 0xff, 0xff, 0xff, 0xff, 0xff, 0xff, 0xff, 0xff, 0xff,
    0xff, 0xff, 0xff, 0xff, 0xff, 0xff, 0xff, 0xff, 0xff, 0xff, 0xff, 0xff,
    0xff, 0xff, 0xff, 0xff, 0xff, 0xff, 0xff, 0xff, 0xff, 0xff, 0xff, 0xff,
    0xff, 0xff, 0xff, 0xff, 0xff, 0xff, 0xff, 0xff, 0xff, 0xff, 0xff, 0xff,
    0xff, 0xff, 0xff, 0xff, 0xff, 0xff, 0xff, 0xff, 0xff, 0xff, 0xff, 0xff,
    0xff, 0xff, 0xff, 0xff, 0xff, 0xff, 0xff, 0xff, 0xff, 0xff, 0xff, 0xff,
    0xff, 0xff, 0xff, 0xff, 0xff, 0xff, 0xff, 0xff, 0xff, 0xff, 0xff, 0xff,
    0xff, 0xff, 0xff, 0xff, 0xff, 0xff, 0xff, 0xff, 0xff, 0xff, 0xff, 0xff,
    0xff, 0xff, 0xff, 0xff, 0xff, 0xff, 0xff, 0xff, 0xff, 0xff, 0xff, 0xff,
    0xff, 0xff, 0xff, 0xff, 0xff, 0xff, 0xff, 0xff, 0xff, 0xff, 0xff, 0xff,
    0xff, 0xff, 0xff, 0xff, 0xff, 0xff, 0xff, 0xff, 0xff, 0xff, 0xff, 0xff,
    0xff, 0xff, 0xff, 0xff, 0xff, 0xff, 0xff, 0xff, 0xff, 0xff, 0xff, 0xff,
    0xff, 0xff, 0xff, 0xff, 0xff, 0xff, 0xff, 0xff, 0xff, 0xff, 0xff, 0xff,
    0xff, 0xff, 0xff, 0xff, 0xff, 0xff, 0xff, 0xff, 0xff, 0xff, 0xff, 0xff,
    0xff, 0xff, 0xff, 0xff, 0xff, 0xff, 0xff, 0xff, 0xff, 0xff, 0xff, 0xff,
    0xff, 0xff, 0xff, 0xff, 0xff, 0xff, 0xff, 0xff, 0xff, 0xff, 0xff, 0xff,
    0xff, 0xff, 0xff, 0xff, 0xff, 0xff, 0xff, 0xff, 0xff, 0xff, 0xff, 0xff,
    0xff, 0xff, 0xff, 0xff, 0xff, 0xff, 0xff, 0xff, 0xff, 0xff, 0xff, 0xff,
    0xff, 0xff, 0xff, 0xff, 0xff, 0xff, 0xff, 0xff, 0xff, 0xff, 0xff, 0xff,
    0xff, 0xff, 0xff, 0xff, 0xff, 0xff, 0xff, 0xff, 0xff, 0xff, 0xff, 0xff,
    0xff, 0xff, 0xff, 0xff, 0xff, 0xff, 0xff, 0xff, 0xff, 0xff, 0xff, 0xff,
    0xff, 0xff, 0xff, 0xff, 0xff, 0xff, 0xff, 0xff, 0xff, 0xff, 0xff, 0xff,
    0xff, 0xff, 0xff, 0xff, 0xff, 0xff, 0xff, 0xff, 0xff, 0xff, 0xff, 0xff,
    0xff, 0xff, 0xff, 0xff, 0xff, 0xff, 0xff, 0xff, 0xff, 0xff, 0xff, 0xff,
    0xff, 0xff, 0xff, 0xff, 0xff, 0xff, 0xff, 0xff, 0xff, 0xff, 0xff, 0xff,
    0xff, 0xff, 0xff, 0xff, 0xff, 0xff, 0xff, 0xff, 0xff, 0xff, 0xff, 0xff,
    0xff, 0xff, 0xff, 0xff, 0xff, 0xff, 0xff, 0xff, 0xff, 0xff, 0xff, 0xff,
    0xff, 0xff, 0xff, 0xff, 0xff, 0xff, 0xff, 0xff, 0xff, 0xff, 0xff, 0xff,
    0xff, 0xff, 0xff, 0xff, 0xff, 0xff, 0xff, 0xff, 0xff, 0xff, 0xff, 0xff,
    0xff, 0xff, 0xff, 0xff, 0xff, 0xff, 0xff, 0xff, 0xff, 0xff, 0xff, 0xff,
    0xff, 0xff, 0xff, 0xff, 0xff, 0xff, 0xff, 0xff, 0xff, 0xff, 0xff, 0xff,
    0xff, 0xff, 0xff, 0xff, 0xff, 0xff, 0xff, 0xff, 0xff, 0xff, 0xff, 0xff,
    0xff, 0xff, 0xff, 0xff, 0xff, 0xff, 0xff, 0xff, 0xff, 0xff, 0xff, 0xff,
    0xff, 0xff, 0xff, 0xff, 0xff, 0xff, 0xff, 0xff, 0xff, 0xff, 0xff, 0xff,
    0xff, 0xff, 0xff, 0xff, 0xff, 0xff, 0xff, 0xff, 0xff, 0xff, 0xff, 0xff,
    0xff, 0xff, 0xff, 0xff, 0xff, 0xff, 0xff, 0xff, 0xff, 0xff, 0xff, 0xff,
    0xff, 0xff, 0xff, 0xff, 0xff, 0xff, 0xff, 0xff, 0xff, 0xff, 0xff, 0xff,
    0xff, 0xff, 0xff, 0xff, 0xff, 0xff, 0xff, 0xff, 0xff, 0xff, 0xff, 0xff,
    0xff, 0xff, 0xff, 0xff, 0xff, 0xff, 0xff, 0xff, 0xff, 0xff, 0xff, 0xff,
    0xff, 0xff, 0xff, 0xff, 0xff, 0xff, 0xff, 0xff, 0xff, 0xff, 0xff, 0xff,
    0xff, 0xff, 0xff, 0xff, 0xff, 0xff, 0xff, 0xff, 0xff, 0xff, 0xff, 0xff,
    0xff, 0xff, 0xff, 0xff, 0xff, 0xff, 0xff, 0xff, 0xff, 0xff, 0xff, 0xff,
    0xff, 0xff, 0xff, 0xff, 0xff, 0xff, 0xff, 0xff, 0xff, 0xff, 0xff, 0xff,
    0xff, 0xff, 0xff, 0xff, 0xff, 0xff, 0xff, 0xff, 0xff, 0xff, 0xff, 0xff,
    0xff, 0xff, 0xff, 0xff, 0xff, 0xff, 0xff, 0xff, 0xff, 0xff, 0xff, 0xff,
    0xff, 0xff, 0xff, 0xff, 0xff, 0xff, 0xff, 0xff, 0xff, 0xff, 0xff, 0xff,
    0xff, 0xff, 0xff, 0xff, 0xff, 0xff, 0xff, 0xff, 0xff, 0xff, 0xff, 0xff,
    0xff, 0xff, 0xff, 0xff, 0xff, 0xff, 0xff, 0xff, 0xff, 0xff, 0xff, 0xff,
    0xff, 0xff, 0xff, 0xff, 0xff, 0xff, 0xff, 0xff, 0xff, 0xff, 0xff, 0xff,
    0xff, 0xff, 0xff, 0xff, 0xff, 0xff, 0xff, 0xff, 0xff, 0xff, 0xff, 0xff,
    0xff, 0xff, 0xff, 0xff, 0xff, 0xff, 0xff, 0xff, 0xff, 0xff, 0xff, 0xff,
    0xff, 0xff, 0xff, 0xff, 0xff, 0xff, 0xff, 0xff, 0xff, 0xff, 0xff, 0xff,
    0xff, 0xff, 0xff, 0xff, 0xff, 0xff, 0xff, 0xff, 0xff, 0xff, 0xff, 0xff,
    0xff, 0xff, 0xff, 0xff, 0xff, 0xff, 0xff, 0xff, 0xff, 0xff, 0xff, 0xff,
    0xff, 0xff, 0xff, 0xff, 0xff, 0xff, 0xff, 0xff, 0xff, 0xff, 0xff, 0xff,
    0xff, 0xff, 0xff, 0xff, 0xff, 0xff, 0xff, 0xff, 0xff, 0xff, 0xff, 0xff,
    0xff, 0xff, 0xff, 0xff, 0xff, 0xff, 0xff, 0xff, 0xff, 0xff, 0xff, 0xff,
    0xff, 0xff, 0xff, 0xff, 0xff, 0xff, 0xff, 0xff, 0xff, 0xff, 0xff, 0xff,
    0xff, 0xff, 0xff, 0xff, 0xff, 0xff, 0xff, 0xff, 0xff, 0xff, 0xff, 0xff,
    0xff, 0xff, 0xff, 0xff, 0xff, 0xff, 0xff, 0xff, 0xff, 0xff, 0xff, 0xff,
    0xff, 0xff, 0xff, 0xff, 0xff, 0xff, 0xff, 0xff, 0xff, 0xff, 0xff, 0xff,
    0xff, 0xff, 0xff, 0xff, 0xff, 0xff, 0xff, 0xff, 0xff, 0xff, 0xff, 0xff,
    0xff, 0xff, 0xff, 0xff, 0xff, 0xff, 0xff, 0xff, 0xff, 0xff, 0xff, 0xff,
    0xff, 0xff, 0xff, 0xff, 0xff, 0xff, 0xff, 0xff, 0xff, 0xff, 0xff, 0xff,
    0xff, 0xff, 0xff, 0xff, 0xff, 0xff, 0xff, 0xff, 0xff, 0xff, 0xff, 0xff,
    0xff, 0xff, 0xff, 0xff, 0xff, 0xff, 0xff, 0xff, 0xff, 0xff, 0xff, 0xff,
    0xff, 0xff, 0xff, 0xff, 0xff, 0xff, 0xff, 0xff, 0xff, 0xff, 0xff, 0xff,
    0xff, 0xff, 0xff, 0xff, 0xff, 0xff, 0xff, 0xff, 0xff, 0xff, 0xff, 0xff,
    0xff, 0xff, 0xff, 0xff, 0xff, 0xff, 0xff, 0xff, 0xff, 0xff, 0xff, 0xff,
    0xff, 0xff, 0xff, 0xff, 0xff, 0xff, 0xff, 0xff, 0xff, 0xff, 0xff, 0xff,
    0xff, 0xff, 0xff, 0xff, 0xff, 0xff, 0xff, 0xff, 0xff, 0xff, 0xff, 0xff,
    0xff, 0xff, 0xff, 0xff, 0xff, 0xff, 0xff, 0xff, 0xff, 0xff, 0xff, 0xff,
    0xff, 0xff, 0xff, 0xff, 0xff, 0xff, 0xff, 0xff, 0xff, 0xff, 0xff, 0xff,
    0xff, 0xff, 0xff, 0xff, 0xff, 0xff, 0xff, 0xff, 0xff, 0xff, 0xff, 0xff,
    0xff, 0xff, 0xff, 0xff, 0xff, 0xff, 0xff, 0xff, 0xff, 0xff, 0xff, 0xff,
    0xff, 0xff, 0xff, 0xff, 0xff, 0xff, 0xff, 0xff, 0xff, 0xff, 0xff, 0xff,
    0xff, 0xff, 0xff, 0xff, 0xff, 0xff, 0xff, 0xff, 0xff, 0xff, 0xff, 0xff,
    0xff, 0xff, 0xff, 0xff, 0xff, 0xff, 0xff, 0xff, 0xde, 0xff, 0xbd, 0xf7,
    0x9c, 0xf7, 0x9c, 0xf7, 0x9b, 0xf7, 0x9c, 0xf7, 0x9c, 0xf7, 0x9b, 0xf7,
    0x9c, 0xf7, 0x9c, 0xf7, 0x9c, 0xf7, 0x9b, 0xf7, 0x9c, 0xf7, 0x9b, 0xf7,
    0x9b, 0xf7, 0x9c, 0xf7, 0x9c, 0xf7, 0x9b, 0xf7, 0x9c, 0xf7, 0x9c, 0xf7,
    0x9b, 0xf7, 0x9c, 0xf7, 0x9b, 0xf7, 0x9b, 0xf7, 0x9c, 0xf7, 0x9b, 0xf7,
    0x9b, 0xf7, 0x9c, 0xf7, 0x9b, 0xf7, 0x9b, 0xf7, 0x9c, 0xef, 0x9b, 0xf7,
    0x9b, 0xf7, 0x9b, 0xef, 0x9b, 0xf7, 0x9c, 0xf7, 0x9b, 0xef, 0x9b, 0xf7,
    0x9b, 0xf7, 0x9b, 0xef, 0x9b, 0xf7, 0x9b, 0xf7, 0x9b, 0xef, 0x9b, 0xf7,
    0x9b, 0xf7, 0x9b, 0xef, 0x9b, 0xf7, 0x9b, 0xef, 0x7b, 0xf7, 0x7b, 0xef,
    0x7b, 0xef, 0x9b, 0xf7, 0x7b, 0xef, 0x7b, 0xef, 0x9b, 0xf7, 0x7b, 0xef,
    0x7b, 0xef, 0x7b, 0xf7, 0x9b, 0xef, 0x7b, 0xef, 0x7b, 0xf7, 0x9b, 0xef,
    0x7b, 0xef, 0x7b, 0xf7, 0x9b, 0xef, 0x7b, 0xef, 0x7b, 0xef, 0x7b, 0xef,
    0x7b, 0xef, 0x7b, 0xef, 0x7b, 0xef, 0x7b, 0xef, 0x7b, 0xef, 0x7b, 0xef,
    0x7b, 0xef, 0x7b, 0xef, 0x7b, 0xef, 0x7b, 0xef, 0x7b, 0xef, 0x7b, 0xef,
    0x7b, 0xef, 0x7b, 0xef, 0x7b, 0xef, 0x7b, 0xef, 0x7b, 0xef, 0x7b, 0xef,
    0x7b, 0xef, 0x7b, 0xef, 0x7b, 0xef, 0x7b, 0xef, 0x7b, 0xef, 0x7b, 0xef,
    0x7b, 0xef, 0x7b, 0xef, 0x7b, 0xef, 0x7b, 0xef, 0x7b, 0xef, 0x7b, 0xef,
    0x7b, 0xef, 0x7b, 0xef, 0x7b, 0xef, 0x7b, 0xef, 0x7b, 0xef, 0x7b, 0xef,
    0x7b, 0xef, 0x7b, 0xef, 0x7b, 0xef, 0x7b, 0xef, 0x7b, 0xef, 0x7b, 0xef,
    0x7b, 0xef, 0x7b, 0xef, 0x7b, 0xef, 0x7b, 0xef, 0x7b, 0xef, 0x7b, 0xef,
    0x7b, 0xef, 0x7b, 0xef, 0x7b, 0xef, 0x7b, 0xef, 0x7b, 0xef, 0x7b, 0xef,
    0x7b, 0xef, 0x7b, 0xef, 0x7b, 0xef, 0x7b, 0xef, 0x7b, 0xef, 0x7b, 0xef,
    0x7b, 0xef, 0x7b, 0xef, 0x7b, 0xef, 0x7b, 0xef, 0x7b, 0xef, 0x7b, 0xef,
    0x7b, 0xef, 0x7b, 0xef, 0x7b, 0xef, 0x7b, 0xef, 0x7b, 0xef, 0x7b, 0xef,
    0x7b, 0xef, 0x7b, 0xef, 0x9b, 0xef, 0x7b, 0xf7, 0x7b, 0xef, 0x7b, 0xef,
    0x7b, 0xef, 0x7b, 0xef, 0x7b, 0xef, 0x7b, 0xef, 0x7b, 0xef, 0x7b, 0xef,
    0x7b, 0xef, 0x7b, 0xef, 0x7b, 0xef, 0x7b, 0xef, 0x7b, 0xef, 0x9b, 0xf7,
    0x7b, 0xef, 0x7b, 0xef, 0x9b, 0xf7, 0x9b, 0xf7, 0x9b, 0xef, 0x9b, 0xef,
    0x7b, 0xf7, 0x7b, 0xef, 0x7b, 0xef, 0x9b, 0xf7, 0x9b, 0xef, 0x9b, 0xf7,
    0x9c, 0xf7, 0x9b, 0xf7, 0x9b, 0xef, 0x9c, 0xf7, 0x9b, 0xf7, 0x9b, 0xef,
    0x9c, 0xf7, 0x9b, 0xf7, 0x9b, 0xf7, 0x9c, 0xf7, 0x9b, 0xf7, 0x9c, 0xf7,
    0x9b, 0xf7, 0x9b, 0xf7, 0x9c, 0xf7, 0x9b, 0xf7, 0x9b, 0xef, 0x9c, 0xf7,
    0x9c, 0xf7, 0x9b, 0xf7, 0x9b, 0xf7, 0x9c, 0xef, 0x9b, 0xf7, 0x9b, 0xf7,
    0x9c, 0xf7, 0x9b, 0xf7, 0x9b, 0xf7, 0x9c, 0xf7, 0x9c, 0xf7, 0x9b, 0xf7,
    0x9c, 0xf7, 0x9c, 0xf7, 0x9c, 0xf7, 0x9c, 0xf7, 0x9b, 0xf7, 0x9c, 0xf7,
    0x9c, 0xf7, 0x9c, 0xf7, 0x9b, 0xf7, 0x9c, 0xf7, 0x9c, 0xf7, 0x9c, 0xf7,
    0x9b, 0xf7, 0x9c, 0xf7, 0x9c, 0xf7, 0x9c, 0xf7, 0x9c, 0xf7, 0x9c, 0xf7,
    0xbd, 0xf7, 0xdd, 0xff, 0xde, 0xff, 0xff, 0xff, 0xff, 0xff, 0xff, 0xff,
    0xff, 0xff, 0xff, 0xff, 0xff, 0xff, 0xff, 0xff, 0xff, 0xff, 0xff, 0xff,
    0xff, 0xff, 0xff, 0xff, 0xff, 0xff, 0xff, 0xff, 0xff, 0xff, 0xde, 0xff,
    0x9c, 0xf7, 0x59, 0xef, 0x17, 0xe7, 0x15, 0xdf, 0xf5, 0xde, 0xd4, 0xd6,
    0xd4, 0xd6, 0xd4, 0xd6, 0xd3, 0xd6, 0xd4, 0xd6, 0xb4, 0xd6, 0xb3, 0xd6,
    0xd4, 0xd6, 0xd4, 0xd6, 0xd4, 0xd6, 0xd4, 0xd6, 0xb4, 0xd6, 0xb3, 0xd6,
    0xd4, 0xd6, 0xb3, 0xd6, 0xb3, 0xd6, 0xd4, 0xd6, 0xb3, 0xd6, 0xd3, 0xd6,
    0xd4, 0xd6, 0xb3, 0xd6, 0xb3, 0xd6, 0xb3, 0xd6, 0xb3, 0xd6, 0xb3, 0xce,
    0xb3, 0xd6, 0xb3, 0xd6, 0xb3, 0xd6, 0xb3, 0xce, 0xb3, 0xd6, 0xb3, 0xd6,
    0x93, 0xce, 0xb3, 0xd6, 0xb3, 0xd6, 0xb3, 0xce, 0x93, 0xd6, 0xb3, 0xce,
    0xb3, 0xd6, 0x93, 0xce, 0x93, 0xce, 0x93, 0xce, 0x93, 0xce, 0x93, 0xce,
    0x93, 0xce, 0x93, 0xce, 0x93, 0xce, 0x93, 0xd6, 0x93, 0xce, 0x93, 0xce,
    0x92, 0xce, 0x93, 0xce, 0x92, 0xce, 0x92, 0xce, 0x93, 0xce, 0x93, 0xce,
    0x92, 0xce, 0x92, 0xce, 0x93, 0xce, 0x92, 0xce, 0x92, 0xce, 0x92, 0xce,
    0x92, 0xce, 0x72, 0xce, 0x92, 0xce, 0x92, 0xce, 0x72, 0xce, 0x72, 0xce,
    0x72, 0xce, 0x72, 0xce, 0x72, 0xce, 0x72, 0xce, 0x72, 0xce, 0x71, 0xce,
    0x72, 0xce, 0x71, 0xce, 0x72, 0xce, 0x72, 0xce, 0x92, 0xce, 0x72, 0xce,
    0x72, 0xce, 0x92, 0xce, 0x92, 0xce, 0x72, 0xce, 0x92, 0xce, 0x92, 0xce,
    0x72, 0xce, 0x92, 0xce, 0x92, 0xce, 0x92, 0xce, 0x72, 0xce, 0x92, 0xce,
    0x92, 0xce, 0x72, 0xce, 0x72, 0xce, 0x92, 0xce, 0x92, 0xce, 0x72, 0xce,
    0x71, 0xce, 0x72, 0xce, 0x72, 0xce, 0x71, 0xce, 0x72, 0xce, 0x72, 0xce,
    0x71, 0xce, 0x71, 0xce, 0x71, 0xc6, 0x72, 0xce, 0x72, 0xce, 0x71, 0xce,
    0x71, 0xc6, 0x72, 0xce, 0x72, 0xce, 0x71, 0xce, 0x71, 0xc6, 0x51, 0xc6,
    0x51, 0xce, 0x71, 0xc6, 0x72, 0xc6, 0x71, 0xce, 0x71, 0xce, 0x52, 0xc6,
    0x72, 0xce, 0x71, 0xc6, 0x71, 0xce, 0x71, 0xc6, 0x71, 0xce, 0x72, 0xce,
    0x71, 0xce, 0x72, 0xce, 0x72, 0xce, 0x72, 0xce, 0x71, 0xce, 0x72, 0xce,
    0x72, 0xce, 0x92, 0xce, 0x72, 0xce, 0x72, 0xce, 0x72, 0xce, 0x92, 0xce,
    0x92, 0xce, 0x72, 0xce, 0x92, 0xce, 0x92, 0xce, 0x72, 0xce, 0x72, 0xce,
    0x72, 0xce, 0x71, 0xce, 0x72, 0xce, 0x72, 0xce, 0x72, 0xce, 0x92, 0xce,
    0x72, 0xce, 0x92, 0xce, 0x92, 0xce, 0x72, 0xce, 0x92, 0xce, 0x92, 0xce,
    0x92, 0xce, 0x92, 0xce, 0x93, 0xce, 0x93, 0xce, 0x93, 0xce, 0x93, 0xd6,
    0x93, 0xce, 0x93, 0xce, 0xb3, 0xd6, 0x93, 0xce, 0x93, 0xce, 0xb3, 0xce,
    0xb3, 0xd6, 0x93, 0xce, 0xb3, 0xd6, 0xb3, 0xd6, 0x93, 0xce, 0xb3, 0xd6,
    0xb3, 0xce, 0xb3, 0xd6, 0xb3, 0xd6, 0xb3, 0xd6, 0xb3, 0xd6, 0xb4, 0xd6,
    0xd3, 0xd6, 0xb3, 0xd6, 0xb3, 0xd6, 0xb3, 0xd6, 0xb3, 0xd6, 0xb3, 0xd6,
    0xb3, 0xd6, 0xb3, 0xd6, 0xb3, 0xd6, 0xb3, 0xd6, 0xb3, 0xd6, 0xb4, 0xd6,
    0xb3, 0xd6, 0xd3, 0xd6, 0xb3, 0xd6, 0xb4, 0xd6, 0xd4, 0xd6, 0xd3, 0xd6,
    0xd4, 0xd6, 0xd4, 0xd6, 0xd4, 0xd6, 0xd4, 0xd6, 0xd4, 0xd6, 0xd4, 0xd6,
    0xd4, 0xd6, 0xd4, 0xd6, 0xd4, 0xd6, 0xd4, 0xd6, 0xd4, 0xd6, 0xd4, 0xd6,
    0xd4, 0xd6, 0xd4, 0xd6, 0xd4, 0xd6, 0xd4, 0xde, 0xf4, 0xd6, 0xf4, 0xde,
    0xf5, 0xde, 0xf5, 0xde, 0xf6, 0xde, 0x17, 0xdf, 0x38, 0xe7, 0x7b, 0xef,
    0xbd, 0xff, 0xff, 0xff, 0xff, 0xff, 0xff, 0xff, 0xff, 0xff, 0xff, 0xff,
    0xff, 0xff, 0xff, 0xff, 0xff, 0xff, 0x9c, 0xf7, 0x58, 0xe7, 0xf5, 0xde,
    0xd4, 0xd6, 0xd4, 0xd6, 0xd4, 0xd6, 0xf4, 0xd6, 0xd4, 0xde, 0xf4, 0xde,
    0xf4, 0xd6, 0xd4, 0xde, 0xd4, 0xd6, 0xd4, 0xd6, 0xd4, 0xd6, 0xd4, 0xd6,
    0xd4, 0xd6, 0xd4, 0xd6, 0xd4, 0xd6, 0xd4, 0xd6, 0xd4, 0xd6, 0xd4, 0xd6,
    0xd4, 0xd6, 0xd4, 0xd6, 0xd4, 0xd6, 0xd4, 0xd6, 0xd4, 0xd6, 0xd4, 0xd6,
    0xd4, 0xd6, 0xd4, 0xd6, 0xd4, 0xd6, 0xd4, 0xd6, 0xd4, 0xd6, 0xd4, 0xd6,
    0xd4, 0xd6, 0xd4, 0xd6, 0xb4, 0xd6, 0xb4, 0xd6, 0xb4, 0xd6, 0xb4, 0xd6,
    0xb3, 0xd6, 0xb3, 0xd6, 0xb4, 0xd6, 0xb3, 0xd6, 0xb3, 0xd6, 0xb4, 0xd6,
    0xb3, 0xd6, 0xb4, 0xd6, 0xb3, 0xd6, 0xb3, 0xd6, 0x93, 0xd6, 0xb3, 0xd6,
    0xb3, 0xd6, 0xb3, 0xd6, 0xb3, 0xd6, 0xb3, 0xd6, 0xb3, 0xd6, 0xb3, 0xd6,
    0xb3, 0xd6, 0xb3, 0xd6, 0xb3, 0xd6, 0xb3, 0xd6, 0x93, 0xd6, 0xb3, 0xd6,
    0xb3, 0xd6, 0x93, 0xd6, 0x93, 0xd6, 0xb3, 0xce, 0x93, 0xce, 0x93, 0xce,
    0x93, 0xce, 0x93, 0xce, 0x93, 0xce, 0x93, 0xce, 0x92, 0xce, 0x92, 0xce,
    0x93, 0xce, 0x92, 0xce, 0x72, 0xce, 0x92, 0xce, 0x72, 0xce, 0x92, 0xce,
    0x92, 0xce, 0x92, 0xce, 0x92, 0xce, 0x93, 0xce, 0x92, 0xce, 0x92, 0xce,
    0x93, 0xce, 0x92, 0xce, 0x92, 0xce, 0x93, 0xce, 0x92, 0xce, 0x93, 0xd6,
    0x93, 0xce, 0x92, 0xce, 0x93, 0xd6, 0x93, 0xce, 0x92, 0xce, 0x92, 0xce,
    0x92, 0xce, 0x92, 0xce, 0x92, 0xce, 0x92, 0xce, 0x92, 0xce, 0x92, 0xce,
    0x92, 0xce, 0x72, 0xce, 0x92, 0xce, 0x92, 0xce, 0x92, 0xce, 0x92, 0xce,
    0x92, 0xce, 0x72, 0xce, 0x72, 0xce, 0x72, 0xce, 0x72, 0xce, 0x72, 0xce,
    0x72, 0xce, 0x72, 0xce, 0x72, 0xce, 0x72, 0xce, 0x92, 0xce, 0x72, 0xce,
    0x72, 0xce, 0x72, 0xce, 0x72, 0xce, 0x72, 0xce, 0x72, 0xce, 0x72, 0xce,
    0x72, 0xce, 0x72, 0xce, 0x72, 0xce, 0x72, 0xce, 0x72, 0xce, 0x92, 0xce,
    0x72, 0xce, 0x72, 0xce, 0x92, 0xce, 0x92, 0xce, 0x92, 0xce, 0x72, 0xce,
    0x92, 0xce, 0x92, 0xce, 0x92, 0xce, 0x92, 0xce, 0x92, 0xce, 0x92, 0xce,
    0x93, 0xce, 0x93, 0xce, 0x92, 0xce, 0x93, 0xce, 0x92, 0xce, 0x92, 0xce,
    0x92, 0xce, 0x92, 0xce, 0x92, 0xce, 0x93, 0xce, 0x92, 0xce, 0x92, 0xce,
    0x93, 0xce, 0x92, 0xce, 0x93, 0xce, 0x93, 0xce, 0x92, 0xce, 0x93, 0xce,
    0x93, 0xd6, 0x93, 0xce, 0x93, 0xd6, 0xb3, 0xd6, 0x93, 0xd6, 0xb3, 0xce,
    0xb3, 0xd6, 0xb3, 0xd6, 0xb3, 0xce, 0xb3, 0xd6, 0xb3, 0xd6, 0xb3, 0xd6,
    0xb3, 0xd6, 0xb4, 0xd6, 0xb4, 0xd6, 0xb3, 0xd6, 0xb4, 0xd6, 0xb4, 0xd6,
    0xb4, 0xd6, 0xb4, 0xd6, 0xd4, 0xd6, 0xd4, 0xd6, 0xd4, 0xd6, 0xd4, 0xd6,
    0xd4, 0xd6, 0xd4, 0xd6, 0xd4, 0xd6, 0xd4, 0xd6, 0xd4, 0xd6, 0xd4, 0xd6,
    0xb4, 0xd6, 0xb4, 0xd6, 0xd4, 0xd6, 0xb4, 0xd6, 0xd4, 0xd6, 0xd4, 0xd6,
    0xd4, 0xd6, 0xd4, 0xd6, 0xd4, 0xd6, 0xd4, 0xd6, 0xd4, 0xd6, 0xd4, 0xd6,
    0xd4, 0xd6, 0xd4, 0xd6, 0xd4, 0xd6, 0xd4, 0xd6, 0xd4, 0xde, 0xd4, 0xd6,
    0xd4, 0xde, 0xd4, 0xde, 0xd4, 0xd6, 0xd4, 0xde, 0xd4, 0xde, 0xf4, 0xd6,
    0xf4, 0xde, 0xf4, 0xde, 0xf4, 0xde, 0xf4, 0xd6, 0xf5, 0xde, 0xf5, 0xde,
    0xf5, 0xde, 0xf5, 0xde, 0xf4, 0xde, 0xf4, 0xde, 0xd4, 0xd6, 0xd4, 0xd6,
    0xf4, 0xde, 0x16, 0xdf, 0x7a, 0xef, 0xde, 0xff, 0xff, 0xff, 0xff, 0xff,
    0xff, 0xff, 0x7b, 0xef, 0x16, 0xdf, 0xd4, 0xde, 0xf4, 0xd6, 0xf4, 0xde,
    0xf4, 0xde, 0xf5, 0xde, 0xf4, 0xde, 0xd4, 0xd6, 0xd5, 0xde, 0xf5, 0xde,
    0xd4, 0xd6, 0xd4, 0xde, 0xd4, 0xde, 0xd4, 0xd6, 0xd4, 0xde, 0xd4, 0xde,
    0xd4, 0xd6, 0xd4, 0xde, 0xd4, 0xd6, 0xd4, 0xd6, 0xd4, 0xd6, 0xd4, 0xd6,
    0xd4, 0xd6, 0xd4, 0xd6, 0xd4, 0xd6, 0xd4, 0xd6, 0xd4, 0xd6, 0xd4, 0xd6,
    0xd4, 0xd6, 0xd4, 0xd6, 0xb4, 0xd6, 0xd4, 0xd6, 0xd4, 0xd6, 0xd4, 0xd6,
    0xd4, 0xd6, 0xb4, 0xd6, 0xd4, 0xd6, 0xd3, 0xd6, 0xb3, 0xd6, 0xb3, 0xd6,
    0xb3, 0xd6, 0xb3, 0xd6, 0xb3, 0xd6, 0xb4, 0xd6, 0xb3, 0xd6, 0xb3, 0xd6,
    0xb3, 0xd6, 0xb3, 0xce, 0xb3, 0xd6, 0x93, 0xd6, 0x93, 0xd6, 0xb3, 0xce,
    0xb4, 0xd6, 0xb3, 0xd6, 0xb3, 0xd6, 0xb3, 0xce, 0xb3, 0xce, 0x93, 0xce,
    0x93, 0xd6, 0xb3, 0xce, 0x93, 0xce, 0x93, 0xce, 0x93, 0xce, 0xb3, 0xd6,
    0x93, 0xce, 0x93, 0xce, 0x93, 0xce, 0x93, 0xd6, 0x93, 0xce, 0x92, 0xce,
    0x93, 0xce, 0x93, 0xd6, 0x92, 0xce, 0x92, 0xce, 0x93, 0xce, 0x72, 0xce,
    0x72, 0xce, 0x72, 0xce, 0x72, 0xce, 0x92, 0xce, 0x72, 0xce, 0x73, 0xce,
    0x72, 0xce, 0x92, 0xce, 0x72, 0xce, 0x92, 0xce, 0x92, 0xce, 0x93, 0xce,
    0x93, 0xce, 0x92, 0xce, 0x93, 0xce, 0x92, 0xce, 0x92, 0xce, 0x92, 0xce,
    0x93, 0xce, 0x92, 0xce, 0x93, 0xce, 0x93, 0xce, 0x93, 0xce, 0x93, 0xce,
    0x93, 0xce, 0x92, 0xce, 0x93, 0xce, 0x92, 0xce, 0x92, 0xce, 0x92, 0xce,
    0x72, 0xce, 0x92, 0xce, 0x92, 0xce, 0x72, 0xce, 0x92, 0xce, 0x72, 0xce,
    0x73, 0xce, 0x92, 0xce, 0x72, 0xce, 0x72, 0xc6, 0x72, 0xce, 0x72, 0xce,
    0x72, 0xc6, 0x72, 0xce, 0x72, 0xc6, 0x72, 0xce, 0x72, 0xce, 0x72, 0xce,
    0x72, 0xce, 0x72, 0xc6, 0x72, 0xce, 0x72, 0xc6, 0x72, 0xc6, 0x72, 0xce,
    0x72, 0xc6, 0x72, 0xc6, 0x72, 0xce, 0x72, 0xc6, 0x72, 0xc6, 0x72, 0xce,
    0x72, 0xc6, 0x72, 0xc6, 0x72, 0xce, 0x72, 0xce, 0x72, 0xc6, 0x72, 0xce,
    0x72, 0xce, 0x72, 0xce, 0x72, 0xce, 0x72, 0xce, 0x72, 0xce, 0x72, 0xce,
    0x72, 0xce, 0x72, 0xce, 0x72, 0xce, 0x72, 0xce, 0x72, 0xce, 0x92, 0xce,
    0x72, 0xce, 0x72, 0xce, 0x92, 0xce, 0x92, 0xce, 0x92, 0xce, 0x93, 0xce,
    0x72, 0xce, 0x92, 0xce, 0x93, 0xce, 0x92, 0xce, 0x72, 0xce, 0x93, 0xce,
    0x93, 0xce, 0x92, 0xce, 0x93, 0xce, 0x93, 0xce, 0x93, 0xce, 0x93, 0xd6,
    0x93, 0xd6, 0x93, 0xce, 0xb3, 0xd6, 0xb3, 0xd6, 0xb3, 0xd6, 0xb3, 0xce,
    0xb3, 0xd6, 0xb3, 0xce, 0xb3, 0xce, 0xb3, 0xce, 0xb3, 0xd6, 0xb3, 0xd6,
    0xb4, 0xd6, 0xb3, 0xd6, 0xb4, 0xd6, 0xb4, 0xd6, 0xd4, 0xd6, 0xb4, 0xd6,
    0xb4, 0xd6, 0xb4, 0xd6, 0xb4, 0xd6, 0xb4, 0xd6, 0xd4, 0xd6, 0xd4, 0xd6,
    0xb4, 0xd6, 0xb4, 0xd6, 0xb4, 0xd6, 0xb4, 0xd6, 0xd4, 0xd6, 0xd4, 0xd6,
    0xd4, 0xd6, 0xd4, 0xd6, 0xd4, 0xd6, 0xd4, 0xd6, 0xd4, 0xd6, 0xd4, 0xd6,
    0xd4, 0xd6, 0xd4, 0xde, 0xd4, 0xde, 0xd4, 0xd6, 0xd4, 0xde, 0xd4, 0xde,
    0xd4, 0xd6, 0xd4, 0xd6, 0xd4, 0xd6, 0xd4, 0xd6, 0xd4, 0xde, 0xf5, 0xd6,
    0xd4, 0xde, 0xd5, 0xd6, 0xf5, 0xde, 0xd4, 0xde, 0xd4, 0xd6, 0xf4, 0xd6,
    0xf5, 0xde, 0xf5, 0xde, 0xf4, 0xde, 0xf5, 0xde, 0xf5, 0xde, 0xf4, 0xde,
    0xd4, 0xd6, 0xd4, 0xd6, 0xd4, 0xd6, 0xd5, 0xde, 0x59, 0xe7, 0xdd, 0xff,
    0x16, 0xdf, 0xf4, 0xde, 0xf4, 0xde, 0xf4, 0xde, 0xf4, 0xde, 0xf5, 0xde,
    0xd4, 0xde, 0xf5, 0xde, 0xf4, 0xd6, 0xd4, 0xde, 0xf5, 0xde, 0xf4, 0xde,
    0xd4, 0xd6, 0xd4, 0xd6, 0xf5, 0xde, 0xd4, 0xd6, 0xd4, 0xd6, 0xf4, 0xde,
    0xd4, 0xde, 0xd4, 0xd6, 0xd4, 0xde, 0xd4, 0xde, 0xd4, 0xde, 0xd4, 0xd6,
    0xd4, 0xd6, 0xd4, 0xde, 0xd4, 0xd6, 0xd4, 0xd6, 0xb4, 0xd6, 0xd4, 0xde,
    0xd4, 0xd6, 0xd4, 0xd6, 0xd4, 0xd6, 0xd3, 0xd6, 0xd4, 0xd6, 0xb4, 0xd6,
    0xb3, 0xd6, 0xd4, 0xd6, 0xb4, 0xd6, 0xb3, 0xd6, 0xd4, 0xd6, 0xd4, 0xd6,
    0xd3, 0xd6, 0xb3, 0xce, 0xb4, 0xd6, 0xb3, 0xd6, 0xb4, 0xd6, 0xb4, 0xce,
    0xb3, 0xd6, 0xb3, 0xd6, 0xb3, 0xce, 0xb3, 0xce, 0xb4, 0xd6, 0xb3, 0xd6,
    0xb4, 0xce, 0x93, 0xce, 0xb3, 0xd6, 0x93, 0xd6, 0x93, 0xce, 0x93, 0xd6,
    0xb3, 0xce, 0x93, 0xd6, 0x93, 0xd6, 0xb3, 0xce, 0x93, 0xce, 0x93, 0xce,
    0xb3, 0xce, 0xb3, 0xce, 0x93, 0xd6, 0x92, 0xce, 0x92, 0xce, 0x92, 0xd6,
    0x92, 0xce, 0x93, 0xce, 0x92, 0xce, 0x93, 0xce, 0x92, 0xce, 0x72, 0xce,
    0x93, 0xce, 0x92, 0xce, 0x72, 0xce, 0x92, 0xce, 0x92, 0xce, 0x73, 0xce,
    0x92, 0xc6, 0x72, 0xce, 0x73, 0xce, 0x72, 0xce, 0x73, 0xce, 0x72, 0xce,
    0x92, 0xce, 0x93, 0xce, 0x92, 0xce, 0x92, 0xd6, 0x92, 0xce, 0x93, 0xce,
    0x92, 0xd6, 0x93, 0xce, 0xb2, 0xce, 0x92, 0xd6, 0x93, 0xd6, 0x93, 0xce,
    0x92, 0xd6, 0x93, 0xce, 0x93, 0xce, 0x93, 0xd6, 0x93, 0xce, 0x93, 0xce,
    0x92, 0xce, 0x73, 0xce, 0x93, 0xce, 0x92, 0xce, 0x72, 0xce, 0x92, 0xce,
    0x92, 0xce, 0x72, 0xce, 0x72, 0xce, 0x72, 0xce, 0x92, 0xc6, 0x72, 0xce,
    0x92, 0xce, 0x72, 0xce, 0x72, 0xce, 0x72, 0xc6, 0x72, 0xce, 0x92, 0xce,
    0x92, 0xce, 0x72, 0xce, 0x72, 0xce, 0x72, 0xce, 0x72, 0xc6, 0x72, 0xce,
    0x72, 0xce, 0x72, 0xc6, 0x72, 0xce, 0x72, 0xce, 0x72, 0xce, 0x72, 0xce,
    0x72, 0xce, 0x72, 0xce, 0x72, 0xce, 0x72, 0xce, 0x72, 0xce, 0x72, 0xce,
    0x72, 0xc6, 0x72, 0xce, 0x72, 0xce, 0x72, 0xce, 0x72, 0xce, 0x72, 0xce,
    0x72, 0xce, 0x72, 0xce, 0x72, 0xce, 0x92, 0xce, 0x72, 0xce, 0x72, 0xce,
    0x73, 0xce, 0x92, 0xce, 0x73, 0xce, 0x72, 0xce, 0x72, 0xce, 0x72, 0xce,
    0x72, 0xce, 0x72, 0xce, 0x72, 0xce, 0x92, 0xce, 0x92, 0xce, 0x92, 0xce,
    0x92, 0xce, 0x93, 0xce, 0x92, 0xce, 0x92, 0xce, 0x93, 0xce, 0x93, 0xce,
    0xb3, 0xce, 0xb3, 0xd6, 0xb3, 0xce, 0xb3, 0xd6, 0xb3, 0xce, 0xb4, 0xd6,
    0xb3, 0xd6, 0xb3, 0xd6, 0xb3, 0xce, 0xb4, 0xd6, 0xb3, 0xd6, 0xb3, 0xce,
    0xb3, 0xd6, 0xb4, 0xd6, 0xb3, 0xd6, 0xd4, 0xd6, 0xb4, 0xd6, 0xd3, 0xd6,
    0xd4, 0xd6, 0xd4, 0xd6, 0xb3, 0xd6, 0xd4, 0xd6, 0xb4, 0xd6, 0xb4, 0xd6,
    0xd3, 0xd6, 0xb3, 0xd6, 0xd4, 0xd6, 0xd3, 0xd6, 0xb4, 0xd6, 0xd4, 0xd6,
    0xd4, 0xd6, 0xd4, 0xd6, 0xd4, 0xd6, 0xd4, 0xde, 0xd4, 0xd6, 0xd4, 0xd6,
    0xd4, 0xd6, 0xd4, 0xde, 0xd4, 0xde, 0xd4, 0xd6, 0xf4, 0xd6, 0xd4, 0xd6,
    0xf4, 0xd6, 0xd4, 0xde, 0xf4, 0xde, 0xd4, 0xd6, 0xd4, 0xd6, 0xd4, 0xde,
    0xf4, 0xd6, 0xd5, 0xd6, 0xf4, 0xde, 0xd5, 0xde, 0xd4, 0xd6, 0xf4, 0xde,
    0xf5, 0xd6, 0xf5, 0xd6, 0xd4, 0xde, 0xf4, 0xd6, 0xd5, 0xde, 0xf4, 0xde,
    0xf4, 0xde, 0xd5, 0xde, 0xd4, 0xde, 0xf4, 0xd6, 0xd4, 0xd6, 0xf4, 0xde,
    0xf4, 0xde, 0xf5, 0xde, 0xf5, 0xde, 0xf5, 0xde, 0xf4, 0xd6, 0xf5, 0xde,
    0xd5, 0xd6, 0xf4, 0xde, 0xf5, 0xde, 0xf5, 0xd6, 0xf4, 0xde, 0xf5, 0xde,
    0xd4, 0xd6, 0xd4, 0xde, 0xd4, 0xd6, 0xf4, 0xde, 0xd4, 0xd6, 0xd4, 0xd6,
    0xf4, 0xd6, 0xd4, 0xd6, 0xd4, 0xd6, 0xf4, 0xd6, 0xd4, 0xde, 0xd4, 0xd6,
    0xd4, 0xde, 0xd4, 0xd6, 0xd4, 0xd6, 0xd4, 0xd6, 0xd4, 0xde, 0xb4, 0xd6,
    0xd4, 0xd6, 0xd4, 0xd6, 0xb3, 0xd6, 0xd4, 0xd6, 0xb3, 0xd6, 0xb4, 0xd6,
    0xd3, 0xd6, 0xd3, 0xd6, 0xb4, 0xd6, 0xb3, 0xd6, 0xd4, 0xd6, 0xb4, 0xd6,
    0xb3, 0xd6, 0xd4, 0xd6, 0xb3, 0xce, 0xd3, 0xd6, 0xb3, 0xd6, 0xb4, 0xd6,
    0xb3, 0xd6, 0xb3, 0xd6, 0xb3, 0xd6, 0xb3, 0xce, 0xb3, 0xd6, 0xb3, 0xd6,
    0xb4, 0xd6, 0xb3, 0xd6, 0xb3, 0xce, 0xb3, 0xd6, 0x93, 0xd6, 0xb3, 0xce,
    0xb3, 0xce, 0x93, 0xd6, 0xb3, 0xd6, 0xb3, 0xd6, 0x93, 0xd6, 0x93, 0xce,
    0xb3, 0xd6, 0xb3, 0xd6, 0x92, 0xce, 0x92, 0xce, 0x93, 0xce, 0x92, 0xce,
    0x93, 0xce, 0x92, 0xce, 0x92, 0xce, 0x93, 0xce, 0x92, 0xce, 0x72, 0xce,
    0x93, 0xce, 0x92, 0xce, 0x73, 0xce, 0x72, 0xce, 0x92, 0xce, 0x92, 0xce,
    0x72, 0xce, 0x92, 0xce, 0x93, 0xce, 0x92, 0xce, 0x92, 0xce, 0x72, 0xce,
    0x72, 0xce, 0x92, 0xce, 0x92, 0xce, 0x73, 0xce, 0x92, 0xce, 0x92, 0xce,
    0x93, 0xce, 0x93, 0xd6, 0x93, 0xce, 0x92, 0xce, 0x93, 0xce, 0x92, 0xce,
    0x92, 0xce, 0x92, 0xce, 0x92, 0xce, 0x92, 0xce, 0x93, 0xd6, 0x92, 0xce,
    0x72, 0xce, 0x72, 0xce, 0x92, 0xce, 0x93, 0xce, 0x92, 0xce, 0x92, 0xce,
    0x72, 0xce, 0x93, 0xce, 0x93, 0xce, 0x92, 0xce, 0x72, 0xce, 0x72, 0xce,
    0x72, 0xc6, 0x92, 0xce, 0x72, 0xce, 0x72, 0xce, 0x92, 0xc6, 0x72, 0xce,
    0x72, 0xce, 0x72, 0xc6, 0x72, 0xce, 0x72, 0xce, 0x72, 0xc6, 0x72, 0xce,
    0x72, 0xce, 0x72, 0xce, 0x72, 0xc6, 0x72, 0xce, 0x72, 0xce, 0x72, 0xc6,
    0x72, 0xce, 0x92, 0xce, 0x72, 0xc6, 0x72, 0xce, 0x92, 0xce, 0x72, 0xc6,
    0x72, 0xce, 0x72, 0xce, 0x72, 0xc6, 0x72, 0xce, 0x72, 0xce, 0x72, 0xc6,
    0x72, 0xce, 0x72, 0xce, 0x72, 0xce, 0x72, 0xce, 0x92, 0xce, 0x72, 0xc6,
    0x72, 0xce, 0x72, 0xce, 0x92, 0xce, 0x93, 0xce, 0x72, 0xce, 0x92, 0xce,
    0x93, 0xce, 0x72, 0xce, 0x92, 0xce, 0x73, 0xce, 0x93, 0xce, 0x92, 0xce,
    0x93, 0xd6, 0x93, 0xd6, 0x93, 0xce, 0x92, 0xd6, 0x92, 0xce, 0x93, 0xce,
    0x92, 0xd6, 0xb3, 0xce, 0xb3, 0xd6, 0x93, 0xce, 0xb3, 0xd6, 0xb3, 0xce,
    0xb4, 0xd6, 0xb3, 0xd6, 0xb3, 0xd6, 0xb3, 0xd6, 0xb4, 0xce, 0xb4, 0xd6,
    0xb3, 0xd6, 0xb4, 0xd6, 0xd4, 0xd6, 0xd3, 0xd6, 0xb4, 0xd6, 0xb4, 0xd6,
    0xd3, 0xd6, 0xd4, 0xd6, 0xb3, 0xd6, 0xd4, 0xd6, 0xd4, 0xd6, 0xd4, 0xd6,
    0xb3, 0xd6, 0xd4, 0xd6, 0xb4, 0xd6, 0xb4, 0xd6, 0xd4, 0xd6, 0xd4, 0xd6,
    0xb4, 0xd6, 0xd4, 0xd6, 0xd4, 0xde, 0xd4, 0xde, 0xd4, 0xd6, 0xd4, 0xde,
    0xd4, 0xd6, 0xd4, 0xd6, 0xf4, 0xde, 0xf5, 0xd6, 0xf4, 0xde, 0xf4, 0xde,
    0xd4, 0xd6, 0xd4, 0xd6, 0xd4, 0xde, 0xf4, 0xd6, 0xd5, 0xde, 0xd4, 0xde,
    0xd4, 0xd6, 0xf4, 0xde, 0xd4, 0xd6, 0xf4, 0xd6, 0xf5, 0xde, 0xf5, 0xde,
    0xf4, 0xde, 0xd5, 0xde, 0xf5, 0xde, 0xf4, 0xde, 0xf4, 0xd6, 0xf5, 0xd6,
    0xd5, 0xde, 0xf4, 0xde, 0xf4, 0xde, 0xd5, 0xde, 0xf5, 0xde, 0xf4, 0xde,
    0xf5, 0xde, 0xf5, 0xde, 0xf5, 0xde, 0xf5, 0xde, 0xf5, 0xde, 0xf4, 0xde,
    0xf5, 0xde, 0xf5, 0xde, 0xf4, 0xde, 0xd4, 0xde, 0xf5, 0xd6, 0xf5, 0xde,
    0xf4, 0xde, 0xf5, 0xde, 0xf4, 0xd6, 0xf5, 0xde, 0xd4, 0xde, 0xf5, 0xde,
    0xd4, 0xd6, 0xd4, 0xde, 0xd4, 0xd6, 0xd4, 0xd6, 0xd4, 0xd6, 0xd4, 0xde,
    0xd4, 0xd6, 0xd4, 0xd6, 0xd4, 0xd6, 0xd4, 0xde, 0xd4, 0xd6, 0xd4, 0xd6,
    0xd4, 0xde, 0xd4, 0xd6, 0xd4, 0xd6, 0xd4, 0xd6, 0xb3, 0xd6, 0xd4, 0xd6,
    0xb4, 0xd6, 0xd3, 0xd6, 0xd4, 0xd6, 0xb3, 0xd6, 0xb4, 0xd6, 0xb4, 0xd6,
    0xb3, 0xd6, 0xb4, 0xd6, 0xb4, 0xd6, 0xb3, 0xd6, 0xb3, 0xd6, 0xb3, 0xce,
    0xb3, 0xd6, 0xb4, 0xd6, 0xb4, 0xd6, 0xb3, 0xd6, 0xb3, 0xd6, 0xb3, 0xd6,
    0xb3, 0xd6, 0xb3, 0xd6, 0xb4, 0xd6, 0xb3, 0xd6, 0xb3, 0xce, 0x93, 0xd6,
    0x93, 0xce, 0xb3, 0xd6, 0x93, 0xce, 0x93, 0xce, 0xb3, 0xd6, 0xb2, 0xce,
    0x93, 0xce, 0x92, 0xd6, 0x93, 0xce, 0x93, 0xce, 0x93, 0xce, 0x93, 0xd6,
    0x93, 0xce, 0x92, 0xce, 0x92, 0xd6, 0x92, 0xce, 0x92, 0xce, 0x72, 0xce,
    0x72, 0xce, 0x72, 0xce, 0x92, 0xce, 0x92, 0xce, 0x72, 0xc6, 0x72, 0xce,
    0x92, 0xce, 0x72, 0xce, 0x72, 0xce, 0x92, 0xce, 0x72, 0xce, 0x92, 0xce,
    0x72, 0xce, 0x72, 0xce, 0x93, 0xce, 0x93, 0xce, 0x92, 0xce, 0x92, 0xce,
    0x93, 0xce, 0x92, 0xce, 0x93, 0xce, 0x93, 0xce, 0x93, 0xd6, 0xb2, 0xce,
    0x93, 0xce, 0x93, 0xce, 0x92, 0xce, 0x93, 0xce, 0x92, 0xce, 0x93, 0xce,
    0x92, 0xce, 0x92, 0xce, 0x93, 0xce, 0x92, 0xce, 0x93, 0xce, 0x93, 0xce,
    0x93, 0xce, 0x92, 0xce, 0x93, 0xce, 0x72, 0xce, 0x72, 0xc6, 0x72, 0xc6,
    0x72, 0xc6, 0x72, 0xc6, 0x72, 0xce, 0x92, 0xce, 0x92, 0xce, 0x72, 0xce,
    0x73, 0xce, 0x72, 0xc6, 0x72, 0xce, 0x72, 0xc6, 0x72, 0xce, 0x72, 0xc6,
    0x72, 0xce, 0x72, 0xce, 0x72, 0xc6, 0x72, 0xce, 0x72, 0xc6, 0x72, 0xce,
    0x72, 0xce, 0x72, 0xc6, 0x72, 0xc6, 0x72, 0xce, 0x72, 0xc6, 0x72, 0xce,
    0x72, 0xce, 0x72, 0xce, 0x72, 0xc6, 0x72, 0xce, 0x72, 0xce, 0x72, 0xc6,
    0x72, 0xce, 0x72, 0xce, 0x72, 0xc6, 0x72, 0xce, 0x72, 0xce, 0x72, 0xce,
    0x72, 0xc6, 0x72, 0xce, 0x72, 0xce, 0x72, 0xce, 0x92, 0xce, 0x92, 0xce,
    0x73, 0xce, 0x92, 0xce, 0x92, 0xce, 0x72, 0xce, 0x93, 0xce, 0x92, 0xce,
    0x92, 0xce, 0x93, 0xce, 0x92, 0xce, 0x93, 0xce, 0x93, 0xd6, 0xb2, 0xd6,
    0xb3, 0xce, 0x93, 0xd6, 0x93, 0xce, 0xb3, 0xd6, 0xb3, 0xd6, 0xb3, 0xce,
    0xb3, 0xd6, 0xb4, 0xd6, 0xb3, 0xce, 0xb3, 0xd6, 0xb3, 0xd6, 0xb3, 0xd6,
    0xb3, 0xd6, 0xb4, 0xd6, 0xd4, 0xd6, 0xd3, 0xd6, 0xb4, 0xd6, 0xd4, 0xd6,
    0xd4, 0xd6, 0xd4, 0xd6, 0xb4, 0xd6, 0xd4, 0xd6, 0xd3, 0xd6, 0xd4, 0xd6,
    0xd4, 0xd6, 0xd4, 0xd6, 0xb4, 0xd6, 0xd3, 0xd6, 0xb4, 0xd6, 0xd4, 0xd6,
    0xd4, 0xde, 0xd4, 0xde, 0xd4, 0xd6, 0xd4, 0xd6, 0xd4, 0xde, 0xd4, 0xd6,
    0xd4, 0xd6, 0xd4, 0xde, 0xd4, 0xd6, 0xf4, 0xde, 0xd5, 0xde, 0xd4, 0xd6,
    0xd4, 0xd6, 0xd4, 0xde, 0xd4, 0xd6, 0xd4, 0xd6, 0xf5, 0xde, 0xd4, 0xd6,
    0xd5, 0xde, 0xd4, 0xd6, 0xd4, 0xde, 0xf4, 0xde, 0xf5, 0xd6, 0xd4, 0xde,
    0xf4, 0xde, 0xf5, 0xde, 0xf5, 0xde, 0xf4, 0xde, 0xf5, 0xde, 0xf5, 0xd6,
    0xd4, 0xd6, 0xf5, 0xde, 0xd5, 0xd6, 0xf4, 0xde, 0xf5, 0xde, 0xf5, 0xde,
    0xf5, 0xde, 0xf5, 0xde, 0xf4, 0xde, 0xf5, 0xde, 0xf4, 0xde, 0xf4, 0xde,
    0xf4, 0xde, 0xf5, 0xd6, 0xf5, 0xde, 0xf4, 0xde, 0xf4, 0xde, 0xf5, 0xd6,
    0xd4, 0xde, 0xd4, 0xd6, 0xf5, 0xde, 0xd4, 0xd6, 0xf4, 0xd6, 0xf4, 0xde,
    0xd5, 0xde, 0xd4, 0xd6, 0xd4, 0xde, 0xd4, 0xde, 0xd4, 0xd6, 0xd4, 0xd6,
    0xd4, 0xde, 0xd4, 0xd6, 0xd4, 0xd6, 0xd4, 0xd6, 0xd4, 0xd6, 0xd4, 0xde,
    0xd4, 0xd6, 0xd4, 0xd6, 0xd4, 0xd6, 0xd3, 0xde, 0xd4, 0xd6, 0xb4, 0xd6,
    0xb4, 0xd6, 0xb3, 0xd6, 0xb4, 0xd6, 0xb4, 0xd6, 0xd3, 0xd6, 0xd4, 0xd6,
    0xb3, 0xd6, 0xb3, 0xd6, 0xd4, 0xd6, 0xb3, 0xd6, 0xb4, 0xd6, 0xb4, 0xd6,
    0xb3, 0xd6, 0xb3, 0xd6, 0xb3, 0xd6, 0xb4, 0xce, 0xb4, 0xd6, 0xb4, 0xd6,
    0xb3, 0xce, 0x93, 0xce, 0xb3, 0xd6, 0xb3, 0xce, 0xb3, 0xd6, 0xb3, 0xd6,
    0x93, 0xd6, 0xb3, 0xce, 0x93, 0xce, 0xb3, 0xd6, 0xb3, 0xce, 0x93, 0xd6,
    0x93, 0xce, 0x92, 0xce, 0x93, 0xce, 0x92, 0xd6, 0x92, 0xce, 0x92, 0xce,
    0x92, 0xce, 0x92, 0xce, 0x93, 0xce, 0x72, 0xce, 0x92, 0xce, 0x72, 0xce,
    0x72, 0xce, 0x72, 0xce, 0x92, 0xce, 0x72, 0xce, 0x92, 0xce, 0x92, 0xce,
    0x92, 0xce, 0x72, 0xc6, 0x72, 0xc6, 0x72, 0xce, 0x92, 0xce, 0x72, 0xce,
    0x92, 0xce, 0x92, 0xce, 0x92, 0xce, 0x92, 0xce, 0x93, 0xce, 0x93, 0xd6,
    0x92, 0xce, 0x92, 0xce, 0xb2, 0xd6, 0x93, 0xce, 0x93, 0xce, 0x93, 0xd6,
    0x92, 0xd6, 0x93, 0xce, 0x93, 0xd6, 0x92, 0xce, 0x92, 0xce, 0x93, 0xd6,
    0x93, 0xce, 0x93, 0xce, 0x93, 0xce, 0x93, 0xce, 0x92, 0xce, 0x92, 0xce,
    0x72, 0xce, 0x72, 0xce, 0x93, 0xce, 0x93, 0xce, 0xb3, 0xce, 0xb3, 0xd6,
    0xb3, 0xd6, 0xb3, 0xd6, 0x93, 0xce, 0x93, 0xce, 0x93, 0xce, 0x72, 0xc6,
    0x72, 0xce, 0x72, 0xce, 0x72, 0xce, 0x72, 0xce, 0x72, 0xce, 0x72, 0xce,
    0x71, 0xc6, 0x72, 0xce, 0x72, 0xce, 0x71, 0xce, 0x92, 0xce, 0x72, 0xc6,
    0x72, 0xce, 0x72, 0xce, 0x72, 0xce, 0x72, 0xce, 0x72, 0xc6, 0x72, 0xce,
    0x72, 0xce, 0x72, 0xc6, 0x72, 0xce, 0x72, 0xc6, 0x72, 0xce, 0x72, 0xce,
    0x72, 0xce, 0x72, 0xc6, 0x72, 0xce, 0x72, 0xce, 0x72, 0xc6, 0x72, 0xce,
    0x92, 0xce, 0x72, 0xc6, 0x72, 0xce, 0x92, 0xce, 0x72, 0xce, 0x72, 0xce,
    0x72, 0xce, 0x92, 0xce, 0x72, 0xce, 0x92, 0xce, 0x93, 0xce, 0x93, 0xd6,
    0x92, 0xce, 0x92, 0xce, 0x93, 0xce, 0x93, 0xce, 0x92, 0xce, 0xb3, 0xce,
    0x93, 0xce, 0x92, 0xce, 0xb3, 0xd6, 0xb3, 0xce, 0xb3, 0xd6, 0xb3, 0xd6,
    0xb3, 0xce, 0xb3, 0xd6, 0xb3, 0xd6, 0xb3, 0xce, 0xb3, 0xd6, 0xb4, 0xd6,
    0xb3, 0xd6, 0xb3, 0xd6, 0xd4, 0xd6, 0xb4, 0xd6, 0xd3, 0xd6, 0xd4, 0xd6,
    0xd4, 0xd6, 0xd4, 0xd6, 0xd4, 0xd6, 0xb4, 0xd6, 0xd4, 0xd6, 0xd4, 0xd6,
    0xd4, 0xd6, 0xd3, 0xd6, 0xd4, 0xd6, 0xd4, 0xd6, 0xd4, 0xd6, 0xd4, 0xd6,
    0xd4, 0xde, 0xd4, 0xd6, 0xd4, 0xd6, 0xf4, 0xd6, 0xd4, 0xde, 0xd4, 0xd6,
    0xf4, 0xde, 0xd4, 0xde, 0xf4, 0xd6, 0xd4, 0xd6, 0xd5, 0xde, 0xd4, 0xd6,
    0xd4, 0xde, 0xd5, 0xde, 0xd4, 0xd6, 0xd4, 0xde, 0xd4, 0xd6, 0xf4, 0xde,
    0xd5, 0xd6, 0xd5, 0xd6, 0xf5, 0xde, 0xd4, 0xd6, 0xd5, 0xde, 0xf5, 0xde,
    0xf4, 0xd6, 0xf5, 0xde, 0xf5, 0xde, 0xd4, 0xde, 0xf4, 0xde, 0xd5, 0xde,
    0xd4, 0xde, 0xf5, 0xd6, 0xf4, 0xde, 0xf5, 0xde, 0xf4, 0xd6, 0xf5, 0xde,
    0xf4, 0xde, 0xf5, 0xde, 0x15, 0xdf, 0x15, 0xdf, 0xf5, 0xde, 0xf5, 0xde,
    0xf5, 0xde, 0xf4, 0xde, 0xf5, 0xde, 0xf5, 0xde, 0xf4, 0xde, 0xf5, 0xd6,
    0xf4, 0xde, 0xf5, 0xde, 0xf5, 0xde, 0xf4, 0xde, 0xd4, 0xd6, 0xd4, 0xd6,
    0xf4, 0xde, 0xf4, 0xd6, 0xd4, 0xde, 0xf5, 0xde, 0xf4, 0xd6, 0xf4, 0xde,
    0xd4, 0xde, 0xd4, 0xd6, 0xd4, 0xde, 0xd4, 0xde, 0xd4, 0xd6, 0xd4, 0xd6,
    0xd4, 0xde, 0xd4, 0xd6, 0xd4, 0xd6, 0xd4, 0xd6, 0xb3, 0xd6, 0xd4, 0xd6,
    0xd3, 0xd6, 0xd4, 0xd6, 0xb4, 0xd6, 0xd3, 0xd6, 0xb4, 0xd6, 0xd3, 0xd6,
    0xd4, 0xd6, 0xb3, 0xd6, 0xb4, 0xd6, 0xd4, 0xd6, 0xd3, 0xd6, 0xb3, 0xd6,
    0xb4, 0xd6, 0xb3, 0xd6, 0xb3, 0xd6, 0xb3, 0xd6, 0xb3, 0xd6, 0xb3, 0xd6,
    0xb4, 0xd6, 0xb3, 0xd6, 0xb3, 0xd6, 0xb4, 0xd6, 0xb3, 0xce, 0xb3, 0xd6,
    0xb3, 0xce, 0x93, 0xd6, 0xb3, 0xd6, 0x93, 0xce, 0x93, 0xd6, 0x93, 0xce,
    0x93, 0xd6, 0xb3, 0xce, 0x92, 0xd6, 0x93, 0xce, 0x92, 0xce, 0x92, 0xce,
    0x93, 0xce, 0x92, 0xce, 0x92, 0xce, 0x72, 0xce, 0x72, 0xce, 0x72, 0xce,
    0x72, 0xce, 0x72, 0xce, 0x72, 0xc6, 0x72, 0xce, 0x92, 0xce, 0x92, 0xce,
    0x73, 0xce, 0x92, 0xce, 0x72, 0xce, 0x72, 0xce, 0x72, 0xc6, 0x72, 0xce,
    0x92, 0xce, 0x72, 0xce, 0x92, 0xce, 0x93, 0xce, 0x93, 0xce, 0x92, 0xce,
    0x92, 0xce, 0x93, 0xce, 0x92, 0xd6, 0x93, 0xce, 0x92, 0xce, 0x92, 0xd6,
    0x93, 0xce, 0x92, 0xce, 0x93, 0xce, 0x93, 0xd6, 0x92, 0xce, 0x93, 0xce,
    0x93, 0xd6, 0x93, 0xce, 0x92, 0xce, 0x92, 0xce, 0x93, 0xce, 0xd4, 0xd6,
    0x16, 0xdf, 0x38, 0xe7, 0x58, 0xef, 0x58, 0xef, 0x58, 0xef, 0x58, 0xef,
    0x58, 0xef, 0x78, 0xef, 0x78, 0xef, 0x58, 0xef, 0x58, 0xef, 0x37, 0xe7,
    0xf6, 0xde, 0xb3, 0xd6, 0x92, 0xce, 0x72, 0xce, 0x92, 0xce, 0x72, 0xce,
    0x72, 0xce, 0x72, 0xce, 0x72, 0xce, 0x72, 0xce, 0x72, 0xce, 0x72, 0xce,
    0x72, 0xce, 0x72, 0xce, 0x72, 0xce, 0x72, 0xce, 0x72, 0xce, 0x72, 0xc6,
    0x72, 0xc6, 0x72, 0xce, 0x72, 0xce, 0x72, 0xce, 0x72, 0xc6, 0x72, 0xce,
    0x72, 0xce, 0x72, 0xce, 0x72, 0xce, 0x92, 0xce, 0x72, 0xc6, 0x72, 0xce,
    0x92, 0xce, 0x92, 0xce, 0x92, 0xce, 0x92, 0xce, 0x72, 0xce, 0x72, 0xce,
    0x93, 0xce, 0x92, 0xce, 0x93, 0xce, 0x92, 0xce, 0x92, 0xce, 0x93, 0xce,
    0x93, 0xd6, 0x92, 0xce, 0x93, 0xd6, 0x93, 0xce, 0x92, 0xd6, 0x93, 0xd6,
    0x93, 0xce, 0xb3, 0xd6, 0x93, 0xd6, 0xb3, 0xce, 0xb3, 0xd6, 0xb3, 0xd6,
    0xb3, 0xd6, 0xb3, 0xd6, 0xb4, 0xd6, 0xb3, 0xd6, 0xb3, 0xce, 0xb4, 0xd6,
    0xd3, 0xd6, 0xb4, 0xd6, 0xd3, 0xd6, 0xd4, 0xd6, 0xb3, 0xd6, 0xd4, 0xd6,
    0xb4, 0xd6, 0xd4, 0xd6, 0xd4, 0xde, 0xd4, 0xd6, 0xd4, 0xd6, 0xb3, 0xde,
    0xd4, 0xd6, 0xd4, 0xd6, 0xb4, 0xd6, 0xd4, 0xd6, 0xd4, 0xde, 0xd4, 0xd6,
    0xd4, 0xd6, 0xd4, 0xde, 0xd4, 0xd6, 0xd4, 0xde, 0xf4, 0xd6, 0xd4, 0xd6,
    0xd5, 0xd6, 0xd5, 0xde, 0xf4, 0xde, 0xd4, 0xd6, 0xf5, 0xde, 0xf4, 0xde,
    0xf4, 0xd6, 0xf5, 0xde, 0xd4, 0xde, 0xf5, 0xd6, 0xd5, 0xde, 0xf4, 0xde,
    0xf4, 0xd6, 0xf5, 0xde, 0xf4, 0xde, 0xf4, 0xd6, 0xf5, 0xde, 0xf5, 0xde,
    0xf4, 0xde, 0xf5, 0xde, 0xf5, 0xd6, 0xf5, 0xde, 0xf5, 0xde, 0xf5, 0xde,
    0xf5, 0xde, 0xf4, 0xde, 0xf5, 0xde, 0xd5, 0xde, 0xf4, 0xde, 0xf5, 0xde,
    0x15, 0xdf, 0xf5, 0xde, 0xf5, 0xde, 0x15, 0xdf, 0xf5, 0xde, 0xf5, 0xde,
    0xf4, 0xde, 0xf5, 0xde, 0xf5, 0xd6, 0xf5, 0xde, 0xf4, 0xde, 0xd5, 0xd6,
    0xf4, 0xde, 0xf4, 0xd6, 0xd4, 0xde, 0xf5, 0xde, 0xd5, 0xde, 0xd5, 0xde,
    0xf4, 0xd6, 0xf4, 0xd6, 0xd5, 0xd6, 0xf5, 0xde, 0xf4, 0xd6, 0xd4, 0xde,
    0xd4, 0xd6, 0xd4, 0xde, 0xd4, 0xde, 0xd4, 0xd6, 0xd4, 0xd6, 0xd4, 0xde,
    0xd4, 0xd6, 0xd4, 0xde, 0xd4, 0xd6, 0xd4, 0xd6, 0xd4, 0xd6, 0xd4, 0xde,
    0xb3, 0xd6, 0xb4, 0xd6, 0xd4, 0xd6, 0xd4, 0xd6, 0xb3, 0xd6, 0xb4, 0xd6,
    0xd3, 0xd6, 0xb4, 0xd6, 0xd3, 0xd6, 0xb3, 0xd6, 0xd4, 0xd6, 0xd4, 0xd6,
    0xb3, 0xce, 0xb3, 0xd6, 0xb3, 0xd6, 0xb3, 0xd6, 0xb3, 0xd6, 0xb3, 0xd6,
    0xb4, 0xd6, 0xb3, 0xd6, 0xb3, 0xd6, 0xb3, 0xd6, 0xb3, 0xce, 0xb3, 0xd6,
    0xb3, 0xd6, 0xb3, 0xce, 0xb3, 0xce, 0xb3, 0xd6, 0xb3, 0xce, 0xb2, 0xd6,
    0xb3, 0xd6, 0xb3, 0xce, 0x93, 0xce, 0x93, 0xce, 0xb3, 0xd6, 0x92, 0xd6,
    0x93, 0xce, 0x92, 0xce, 0x92, 0xce, 0x72, 0xce, 0x72, 0xce, 0x92, 0xce,
    0x72, 0xc6, 0x72, 0xce, 0x72, 0xce, 0x72, 0xc6, 0x92, 0xce, 0x92, 0xce,
    0x72, 0xce, 0x92, 0xce, 0x72, 0xce, 0x92, 0xce, 0x72, 0xce, 0x93, 0xce,
    0x72, 0xce, 0x73, 0xce, 0x92, 0xce, 0x92, 0xce, 0x72, 0xce, 0x92, 0xce,
    0x93, 0xce, 0x92, 0xce, 0x93, 0xce, 0x93, 0xd6, 0xb3, 0xce, 0xb3, 0xce,
    0xb3, 0xd6, 0x93, 0xce, 0x92, 0xce, 0x93, 0xce, 0x93, 0xce, 0x93, 0xce,
    0xb3, 0xd6, 0xb3, 0xd6, 0xd4, 0xd6, 0x17, 0xe7, 0x79, 0xef, 0x9a, 0xf7,
    0x99, 0xf7, 0x78, 0xef, 0x78, 0xef, 0x78, 0xef, 0x58, 0xef, 0x78, 0xef,
    0x78, 0xef, 0x78, 0xef, 0x78, 0xef, 0x78, 0xf7, 0x78, 0xef, 0x79, 0xf7,
    0x99, 0xf7, 0x99, 0xef, 0x58, 0xef, 0x16, 0xdf, 0xd4, 0xd6, 0xb3, 0xce,
    0x92, 0xce, 0x72, 0xce, 0x72, 0xc6, 0x72, 0xc6, 0x72, 0xce, 0x71, 0xce,
    0x72, 0xc6, 0x72, 0xc6, 0x72, 0xce, 0x72, 0xce, 0x72, 0xce, 0x72, 0xce,
    0x72, 0xce, 0x72, 0xc6, 0x72, 0xce, 0x72, 0xce, 0x72, 0xce, 0x72, 0xc6,
    0x72, 0xce, 0x72, 0xce, 0x72, 0xc6, 0x72, 0xce, 0x72, 0xce, 0x72, 0xce,
    0x72, 0xce, 0x72, 0xce, 0x72, 0xce, 0x72, 0xce, 0x92, 0xce, 0x92, 0xce,
    0x72, 0xce, 0x93, 0xce, 0x92, 0xce, 0x93, 0xce, 0x92, 0xce, 0x92, 0xce,
    0x93, 0xce, 0x92, 0xce, 0x92, 0xce, 0x93, 0xce, 0x93, 0xd6, 0xb3, 0xd6,
    0xb2, 0xce, 0xb3, 0xd6, 0x93, 0xce, 0xb3, 0xd6, 0xb3, 0xd6, 0xb3, 0xce,
    0xb3, 0xd6, 0xb4, 0xce, 0xb3, 0xd6, 0xb4, 0xd6, 0xb3, 0xd6, 0xb3, 0xd6,
    0xd4, 0xd6, 0xd3, 0xd6, 0xb4, 0xd6, 0xd4, 0xd6, 0xd4, 0xd6, 0xd3, 0xd6,
    0xd4, 0xd6, 0xb3, 0xd6, 0xd4, 0xd6, 0xd4, 0xd6, 0xd4, 0xd6, 0xd4, 0xde,
    0xd4, 0xd6, 0xd3, 0xd6, 0xb4, 0xde, 0xd4, 0xd6, 0xd3, 0xd6, 0xd4, 0xd6,
    0xd4, 0xde, 0xd4, 0xd6, 0xd4, 0xd6, 0xd4, 0xde, 0xd4, 0xde, 0xd4, 0xde,
    0xd4, 0xd6, 0xd5, 0xde, 0xf4, 0xde, 0xf4, 0xd6, 0xd5, 0xde, 0xd4, 0xde,
    0xf4, 0xd6, 0xf5, 0xde, 0xf4, 0xde, 0xd4, 0xd6, 0xf5, 0xd6, 0xd4, 0xde,
    0xd5, 0xde, 0xd4, 0xde, 0xf4, 0xde, 0xf5, 0xde, 0xf5, 0xde, 0xf5, 0xde,
    0xf5, 0xde, 0xf5, 0xde, 0xf4, 0xde, 0xf4, 0xde, 0xf5, 0xde, 0xf4, 0xd6,
    0xf5, 0xde, 0xf5, 0xde, 0xf4, 0xde, 0xf5, 0xd6, 0xf5, 0xde, 0xf5, 0xde,
    0xf5, 0xde, 0x15, 0xdf, 0x15, 0xdf, 0xf4, 0xde, 0xf5, 0xde, 0xf5, 0xde,
    0xf5, 0xde, 0xf5, 0xde, 0xf5, 0xde, 0xf4, 0xde, 0xf4, 0xde, 0xf5, 0xde,
    0xd4, 0xd6, 0xf4, 0xde, 0xf4, 0xd6, 0xd4, 0xd6, 0xf4, 0xde, 0xf5, 0xde,
    0xd4, 0xd6, 0xd4, 0xde, 0xf5, 0xde, 0xd4, 0xde, 0xd4, 0xde, 0xf5, 0xd6,
    0xf5, 0xd6, 0xf4, 0xde, 0xf4, 0xd6, 0xd4, 0xd6, 0xd4, 0xde, 0xd4, 0xde,
    0xd4, 0xd6, 0xd4, 0xd6, 0xd4, 0xde, 0xd3, 0xd6, 0xd4, 0xde, 0xd4, 0xd6,
    0xb4, 0xd6, 0xd4, 0xd6, 0xd3, 0xde, 0xd4, 0xd6, 0xd4, 0xd6, 0xb4, 0xd6,
    0xb3, 0xd6, 0xb4, 0xd6, 0xd4, 0xd6, 0xb3, 0xd6, 0xb4, 0xd6, 0xb3, 0xd6,
    0xb3, 0xd6, 0xb4, 0xd6, 0xb4, 0xce, 0xb3, 0xd6, 0xb3, 0xd6, 0xb4, 0xce,
    0xb3, 0xd6, 0xb4, 0xd6, 0xb4, 0xd6, 0xb3, 0xd6, 0xb3, 0xd6, 0xb3, 0xd6,
    0x93, 0xd6, 0xb3, 0xce, 0xb3, 0xd6, 0xb3, 0xd6, 0x93, 0xd6, 0x93, 0xce,
    0xb3, 0xce, 0x93, 0xd6, 0xb2, 0xce, 0xb3, 0xd6, 0x93, 0xce, 0x92, 0xce,
    0x92, 0xce, 0x92, 0xce, 0x92, 0xce, 0x72, 0xce, 0x92, 0xce, 0x72, 0xce,
    0x92, 0xce, 0x92, 0xce, 0x92, 0xce, 0x92, 0xce, 0x72, 0xce, 0x72, 0xce,
    0x92, 0xce, 0x92, 0xce, 0x92, 0xce, 0x72, 0xce, 0x92, 0xce, 0x92, 0xce,
    0x93, 0xce, 0x92, 0xce, 0x93, 0xce, 0x92, 0xce, 0x93, 0xce, 0x92, 0xd6,
    0x93, 0xce, 0x93, 0xce, 0x92, 0xce, 0xb3, 0xd6, 0xb3, 0xd6, 0x93, 0xce,
    0xb3, 0xd6, 0xb3, 0xd6, 0x92, 0xce, 0x93, 0xce, 0xb3, 0xd6, 0xd4, 0xd6,
    0xf4, 0xde, 0x37, 0xe7, 0x7a, 0xf7, 0x9a, 0xf7, 0x78, 0xf7, 0x78, 0xef,
    0x78, 0xef, 0x58, 0xef, 0x58, 0xef, 0x78, 0xef, 0x78, 0xef, 0x58, 0xef,
    0x78, 0xf7, 0x78, 0xef, 0x78, 0xef, 0x78, 0xef, 0x78, 0xef, 0x78, 0xef,
    0x78, 0xef, 0x78, 0xef, 0x99, 0xf7, 0x9a, 0xf7, 0x79, 0xef, 0x37, 0xe7,
    0xd4, 0xde, 0xb3, 0xd6, 0x93, 0xce, 0x72, 0xce, 0x72, 0xce, 0x72, 0xce,
    0x92, 0xce, 0x72, 0xce, 0x72, 0xc6, 0x72, 0xce, 0x71, 0xc6, 0x72, 0xce,
    0x72, 0xce, 0x71, 0xce, 0x72, 0xc6, 0x72, 0xce, 0x72, 0xce, 0x72, 0xce,
    0x72, 0xc6, 0x92, 0xce, 0x72, 0xce, 0x72, 0xc6, 0x92, 0xce, 0x72, 0xce,
    0x92, 0xce, 0x92, 0xce, 0x72, 0xce, 0x92, 0xce, 0x73, 0xce, 0x92, 0xce,
    0x72, 0xce, 0x93, 0xce, 0x92, 0xce, 0x93, 0xce, 0x93, 0xce, 0x92, 0xce,
    0x93, 0xd6, 0x93, 0xd6, 0xb3, 0xce, 0x93, 0xce, 0x93, 0xce, 0xb2, 0xce,
    0x93, 0xd6, 0xb3, 0xce, 0xb3, 0xd6, 0xb3, 0xd6, 0x93, 0xd6, 0xb3, 0xd6,
    0xb3, 0xd6, 0xb4, 0xd6, 0xb3, 0xd6, 0xb3, 0xd6, 0xb4, 0xd6, 0xb3, 0xd6,
    0xd3, 0xd6, 0xb4, 0xd6, 0xb4, 0xd6, 0xd4, 0xd6, 0xd4, 0xd6, 0xd4, 0xd6,
    0xd4, 0xd6, 0xd4, 0xde, 0xd4, 0xd6, 0xd4, 0xd6, 0xd4, 0xd6, 0xd4, 0xd6,
    0xd4, 0xde, 0xd4, 0xd6, 0xd4, 0xd6, 0xd4, 0xd6, 0xd4, 0xde, 0xd4, 0xd6,
    0xd4, 0xd6, 0xd4, 0xde, 0xd4, 0xde, 0xf4, 0xd6, 0xf5, 0xde, 0xd4, 0xd6,
    0xf4, 0xde, 0xf5, 0xde, 0xd4, 0xd6, 0xf5, 0xde, 0xd4, 0xd6, 0xd4, 0xde,
    0xf5, 0xd6, 0xd4, 0xde, 0xd5, 0xde, 0xf4, 0xde, 0xf4, 0xd6, 0xd5, 0xde,
    0xf4, 0xd6, 0xf4, 0xde, 0xf5, 0xde, 0xf5, 0xde, 0xd4, 0xde, 0xf5, 0xd6,
    0xf5, 0xde, 0xf5, 0xde, 0xf4, 0xde, 0xf5, 0xde, 0xf5, 0xd6, 0xf4, 0xde,
    0xf5, 0xde, 0xf5, 0xde, 0xf5, 0xde, 0xf4, 0xde, 0xf5, 0xde, 0xf5, 0xde,
    0x15, 0xdf, 0x15, 0xdf, 0x15, 0xdf, 0xf5, 0xde, 0xf5, 0xde, 0xf4, 0xde,
    0xf5, 0xde, 0xf5, 0xde, 0xf4, 0xde, 0xf5, 0xde, 0xf5, 0xde, 0xf5, 0xde,
    0xf4, 0xd6, 0xf5, 0xde, 0xf4, 0xde, 0xf4, 0xd6, 0xf5, 0xde, 0xf4, 0xde,
    0xd4, 0xd6, 0xf5, 0xd6, 0xf4, 0xde, 0xf4, 0xde, 0xf5, 0xd6, 0xf4, 0xde,
    0xd4, 0xde, 0xd4, 0xd6, 0xd4, 0xd6, 0xd4, 0xde, 0xf4, 0xde, 0xd4, 0xd6,
    0xd4, 0xd6, 0xd4, 0xd6, 0xd4, 0xd6, 0xd4, 0xd6, 0xd4, 0xd6, 0xd4, 0xde,
    0xd3, 0xd6, 0xd4, 0xd6, 0xd4, 0xd6, 0xd4, 0xd6, 0xd4, 0xd6, 0xd4, 0xd6,
    0xd3, 0xd6, 0xb4, 0xd6, 0xd4, 0xd6, 0xd3, 0xd6, 0xd3, 0xd6, 0xb4, 0xd6,
    0xd4, 0xd6, 0xb3, 0xd6, 0xb3, 0xce, 0xb3, 0xd6, 0xb4, 0xd6, 0xb3, 0xd6,
    0xb3, 0xd6, 0xb3, 0xd6, 0xb4, 0xd6, 0xb4, 0xd6, 0xb3, 0xce, 0xb3, 0xd6,
    0xb3, 0xd6, 0x93, 0xce, 0xb3, 0xd6, 0xb3, 0xd6, 0x93, 0xce, 0xb3, 0xd6,
    0x93, 0xd6, 0x92, 0xce, 0xb3, 0xd6, 0xb3, 0xce, 0x92, 0xce, 0x93, 0xce,
    0x92, 0xce, 0x92, 0xce, 0x93, 0xce, 0x92, 0xce, 0x92, 0xce, 0x72, 0xce,
    0x92, 0xce, 0x72, 0xce, 0x72, 0xce, 0x92, 0xce, 0x72, 0xce, 0x92, 0xce,
    0x92, 0xce, 0x93, 0xce, 0x93, 0xce, 0x92, 0xce, 0x92, 0xce, 0x92, 0xce,
    0x92, 0xce, 0x92, 0xce, 0x92, 0xce, 0x93, 0xce, 0x93, 0xce, 0x92, 0xd6,
    0x93, 0xd6, 0xb3, 0xce, 0x93, 0xd6, 0xb3, 0xd6, 0xb3, 0xce, 0xb3, 0xce,
    0x92, 0xd6, 0xb3, 0xd6, 0xb4, 0xd6, 0xf4, 0xde, 0xf5, 0xde, 0x16, 0xe7,
    0x79, 0xef, 0x9a, 0xf7, 0x78, 0xef, 0x77, 0xef, 0x78, 0xef, 0x78, 0xef,
    0x78, 0xef, 0x78, 0xf7, 0x78, 0xef, 0x57, 0xf7, 0x78, 0xef, 0x78, 0xef,
    0x78, 0xef, 0x78, 0xf7, 0x78, 0xef, 0x78, 0xef, 0x78, 0xf7, 0x78, 0xef,
    0x78, 0xef, 0x78, 0xef, 0x78, 0xef, 0x78, 0xef, 0x79, 0xf7, 0x9a, 0xf7,
    0x58, 0xef, 0x16, 0xdf, 0xf4, 0xde, 0xd4, 0xd6, 0x93, 0xce, 0x72, 0xce,
    0x72, 0xce, 0x92, 0xce, 0x72, 0xce, 0x92, 0xce, 0x72, 0xce, 0x72, 0xc6,
    0x72, 0xce, 0x72, 0xce, 0x72, 0xce, 0x72, 0xc6, 0x72, 0xce, 0x72, 0xce,
    0x72, 0xce, 0x72, 0xce, 0x72, 0xce, 0x72, 0xce, 0x72, 0xce, 0x92, 0xce,
    0x92, 0xce, 0x72, 0xce, 0x92, 0xce, 0x92, 0xce, 0x93, 0xce, 0x92, 0xce,
    0x92, 0xce, 0x92, 0xce, 0x92, 0xce, 0x93, 0xce, 0x93, 0xce, 0x92, 0xce,
    0x93, 0xce, 0x93, 0xd6, 0xb2, 0xd6, 0xb3, 0xce, 0xb3, 0xce, 0x93, 0xd6,
    0xb3, 0xd6, 0xb3, 0xce, 0xb3, 0xd6, 0xb3, 0xce, 0xb3, 0xd6, 0xb3, 0xd6,
    0xb4, 0xd6, 0xd3, 0xd6, 0xb3, 0xd6, 0xb4, 0xd6, 0xd3, 0xd6, 0xd4, 0xd6,
    0xd4, 0xd6, 0xb3, 0xd6, 0xd3, 0xd6, 0xd4, 0xd6, 0xd3, 0xd6, 0xd4, 0xde,
    0xd4, 0xd6, 0xd3, 0xd6, 0xd4, 0xde, 0xd4, 0xd6, 0xd4, 0xde, 0xd4, 0xd6,
    0xd4, 0xde, 0xd4, 0xd6, 0xd4, 0xd6, 0xd4, 0xde, 0xd4, 0xde, 0xd4, 0xd6,
    0xd4, 0xd6, 0xd4, 0xde, 0xd4, 0xd6, 0xf4, 0xd6, 0xf4, 0xde, 0xd4, 0xde,
    0xf5, 0xd6, 0xd4, 0xde, 0xd4, 0xde, 0xf5, 0xd6, 0xf5, 0xde, 0xd4, 0xde,
    0xf5, 0xd6, 0xf5, 0xd6, 0xd4, 0xde, 0xd5, 0xde, 0xf4, 0xde, 0xd4, 0xd6,
    0xf5, 0xde, 0xf5, 0xd6, 0xf5, 0xde, 0xf5, 0xde, 0xf5, 0xde, 0xf4, 0xde,
    0xf5, 0xde, 0xf5, 0xde, 0xf5, 0xde, 0xf5, 0xde, 0xf5, 0xde, 0xf5, 0xd6,
    0xf4, 0xde, 0xf5, 0xde, 0xf5, 0xde, 0xf5, 0xde, 0xf5, 0xde, 0x15, 0xdf,
    0x15, 0xdf, 0x15, 0xdf, 0x15, 0xdf, 0xf5, 0xde, 0x15, 0xdf, 0xf5, 0xde,
    0x15, 0xdf, 0xf5, 0xde, 0xf5, 0xde, 0xf4, 0xde, 0xf5, 0xde, 0xf4, 0xde,
    0xf5, 0xde, 0xd5, 0xde, 0xf4, 0xde, 0xf5, 0xd6, 0xf4, 0xde, 0xf4, 0xde,
    0xf5, 0xde, 0xf4, 0xd6, 0xd4, 0xde, 0xf5, 0xd6, 0xf5, 0xde, 0xf4, 0xde,
    0xd4, 0xde, 0xd4, 0xd6, 0xd4, 0xd6, 0xd4, 0xde, 0xf4, 0xd6, 0xd4, 0xd6,
    0xd4, 0xde, 0xd4, 0xde, 0xd4, 0xd6, 0xd4, 0xde, 0xd4, 0xd6, 0xd4, 0xde,
    0xd4, 0xd6, 0xd3, 0xd6, 0xd4, 0xde, 0xd4, 0xd6, 0xd4, 0xd6, 0xd3, 0xd6,
    0xb4, 0xd6, 0xd3, 0xd6, 0xb4, 0xd6, 0xd4, 0xd6, 0xd4, 0xd6, 0xb4, 0xd6,
    0xb3, 0xd6, 0xd4, 0xd6, 0xb3, 0xd6, 0xb4, 0xd6, 0xb3, 0xd6, 0xd3, 0xd6,
    0xb3, 0xce, 0xb3, 0xd6, 0xb3, 0xd6, 0xb4, 0xd6, 0xb3, 0xd6, 0xb3, 0xce,
    0xb3, 0xd6, 0xb3, 0xd6, 0xb3, 0xd6, 0xb3, 0xce, 0xb3, 0xd6, 0xb3, 0xd6,
    0xb3, 0xce, 0x93, 0xd6, 0xb3, 0xd6, 0x93, 0xce, 0xb3, 0xd6, 0xb3, 0xd6,
    0x92, 0xce, 0x92, 0xce, 0x93, 0xce, 0x92, 0xce, 0x92, 0xce, 0x92, 0xce,
    0x72, 0xce, 0x92, 0xce, 0x72, 0xce, 0x92, 0xce, 0x92, 0xc6, 0x72, 0xce,
    0x92, 0xce, 0x92, 0xce, 0x72, 0xce, 0x92, 0xce, 0x72, 0xce, 0x72, 0xce,
    0x93, 0xce, 0x92, 0xce, 0x92, 0xce, 0x72, 0xce, 0x92, 0xce, 0x93, 0xce,
    0xb3, 0xce, 0x92, 0xd6, 0xb3, 0xce, 0x93, 0xce, 0x92, 0xd6, 0x93, 0xce,
    0xd4, 0xd6, 0xf5, 0xde, 0xf5, 0xde, 0xf5, 0xde, 0x58, 0xe7, 0x9a, 0xf7,
    0x78, 0xf7, 0x78, 0xef, 0x78, 0xef, 0x78, 0xf7, 0x78, 0xef, 0x78, 0xef,
    0x78, 0xf7, 0x78, 0xef, 0x78, 0xef, 0x78, 0xef, 0x78, 0xf7, 0x78, 0xef,
    0x78, 0xf7, 0x58, 0xef, 0x78, 0xef, 0x78, 0xf7, 0x78, 0xef, 0x78, 0xef,
    0x78, 0xf7, 0x78, 0xef, 0x78, 0xef, 0x78, 0xef, 0x78, 0xef, 0x78, 0xef,
    0x99, 0xf7, 0x7a, 0xef, 0x16, 0xe7, 0xf4, 0xde, 0xf5, 0xde, 0xd4, 0xd6,
    0xb3, 0xce, 0x72, 0xce, 0x72, 0xce, 0x72, 0xce, 0x72, 0xce, 0x72, 0xc6,
    0x72, 0xce, 0x72, 0xce, 0x92, 0xce, 0x72, 0xce, 0x92, 0xce, 0x72, 0xc6,
    0x92, 0xce, 0x72, 0xc6, 0x72, 0xce, 0x72, 0xc6, 0x72, 0xce, 0x92, 0xce,
    0x72, 0xc6, 0x72, 0xce, 0x72, 0xce, 0x93, 0xce, 0x92, 0xce, 0x92, 0xce,
    0x93, 0xce, 0x73, 0xce, 0x92, 0xce, 0x92, 0xce, 0x92, 0xd6, 0x93, 0xce,
    0x93, 0xce, 0x93, 0xce, 0xb2, 0xce, 0x93, 0xd6, 0x93, 0xce, 0xb3, 0xd6,
    0x93, 0xce, 0xb3, 0xd6, 0xb3, 0xd6, 0x93, 0xce, 0xb3, 0xd6, 0xb4, 0xd6,
    0xb4, 0xd6, 0xb3, 0xd6, 0xb3, 0xce, 0xb4, 0xd6, 0xd4, 0xd6, 0xb3, 0xce,
    0xb3, 0xd6, 0xd4, 0xd6, 0xd4, 0xd6, 0xd4, 0xd6, 0xd4, 0xd6, 0xd4, 0xd6,
    0xd4, 0xd6, 0xd4, 0xd6, 0xd4, 0xd6, 0xd4, 0xd6, 0xd4, 0xd6, 0xd4, 0xde,
    0xd4, 0xd6, 0xd4, 0xde, 0xd4, 0xd6, 0xd4, 0xd6, 0xd4, 0xde, 0xd4, 0xd6,
    0xd4, 0xd6, 0xd4, 0xde, 0xf4, 0xd6, 0xd4, 0xde, 0xd5, 0xde, 0xf4, 0xd6,
    0xd4, 0xd6, 0xd5, 0xd6, 0xf4, 0xde, 0xf4, 0xde, 0xf5, 0xde, 0xd4, 0xde,
    0xf4, 0xde, 0xf4, 0xd6, 0xf5, 0xde, 0xf5, 0xde, 0xd5, 0xd6, 0xd4, 0xde,
    0xf4, 0xde, 0xf5, 0xde, 0xf5, 0xde, 0xf4, 0xde, 0xf5, 0xde, 0xf5, 0xde,
    0xf5, 0xde, 0xf4, 0xd6, 0xf5, 0xde, 0xf5, 0xde, 0xf4, 0xde, 0xf5, 0xde,
    0xf5, 0xde, 0xf5, 0xde, 0xf5, 0xde, 0x15, 0xdf, 0x15, 0xdf, 0xf5, 0xde,
    0x15, 0xdf, 0x15, 0xdf, 0x15, 0xe7, 0x15, 0xdf, 0x15, 0xdf, 0x15, 0xdf,
    0x15, 0xdf, 0x15, 0xdf, 0xf5, 0xde, 0xf5, 0xde, 0xf5, 0xde, 0xf4, 0xde,
    0xf5, 0xde, 0xf5, 0xde, 0xf4, 0xde, 0xd4, 0xde, 0xd5, 0xd6, 0xf5, 0xde,
    0xf4, 0xde, 0xd5, 0xde, 0xf4, 0xd6, 0xf4, 0xde, 0xd5, 0xde, 0xf4, 0xde,
    0xf4, 0xd6, 0xf5, 0xde, 0xf4, 0xde, 0xf4, 0xd6, 0xd4, 0xde, 0xf4, 0xd6,
    0xd4, 0xd6, 0xd4, 0xde, 0xd4, 0xde, 0xd4, 0xd6, 0xd4, 0xd6, 0xd4, 0xd6,
    0xd4, 0xd6, 0xd4, 0xde, 0xd4, 0xd6, 0xd4, 0xd6, 0xb4, 0xd6, 0xb4, 0xd6,
    0xd4, 0xd6, 0xb3, 0xd6, 0xb4, 0xd6, 0xd4, 0xd6, 0xb3, 0xd6, 0xb3, 0xd6,
    0xb4, 0xd6, 0xb3, 0xd6, 0xd4, 0xd6, 0xb4, 0xd6, 0xb4, 0xd6, 0xb3, 0xd6,
    0xd4, 0xd6, 0xb3, 0xd6, 0xd3, 0xce, 0xb3, 0xd6, 0xb3, 0xd6, 0xb3, 0xd6,
    0xb3, 0xd6, 0xb4, 0xd6, 0xb3, 0xce, 0xb3, 0xd6, 0xb3, 0xd6, 0xb3, 0xce,
    0xb3, 0xce, 0x93, 0xd6, 0xb2, 0xce, 0x92, 0xce, 0x93, 0xd6, 0xb3, 0xce,
    0x92, 0xd6, 0x92, 0xce, 0x93, 0xce, 0x92, 0xce, 0x93, 0xce, 0x93, 0xce,
    0x92, 0xce, 0x92, 0xce, 0x72, 0xce, 0x72, 0xce, 0x92, 0xce, 0x92, 0xce,
    0x92, 0xce, 0x72, 0xce, 0x92, 0xce, 0x92, 0xce, 0x92, 0xce, 0x93, 0xce,
    0x93, 0xce, 0x92, 0xce, 0x93, 0xce, 0x93, 0xce, 0x92, 0xd6, 0xb3, 0xce,
    0x93, 0xd6, 0xb3, 0xd6, 0x93, 0xce, 0xb3, 0xce, 0xd3, 0xd6, 0xf5, 0xde,
    0x16, 0xdf, 0xf5, 0xde, 0x15, 0xdf, 0x79, 0xef, 0x9a, 0xf7, 0x78, 0xef,
    0x78, 0xef, 0x78, 0xf7, 0x78, 0xef, 0x78, 0xef, 0x78, 0xf7, 0x78, 0xf7,
    0x78, 0xef, 0x78, 0xf7, 0x78, 0xef, 0x58, 0xef, 0x78, 0xef, 0x78, 0xef,
    0x78, 0xf7, 0x78, 0xef, 0x78, 0xef, 0x78, 0xf7, 0x78, 0xef, 0x78, 0xf7,
    0x78, 0xef, 0x78, 0xef, 0x78, 0xf7, 0x78, 0xef, 0x78, 0xef, 0x78, 0xef,
    0x78, 0xef, 0x78, 0xf7, 0x9a, 0xf7, 0x38, 0xe7, 0xd4, 0xde, 0xf5, 0xde,
    0xf5, 0xde, 0xd4, 0xd6, 0x93, 0xce, 0x72, 0xce, 0x72, 0xce, 0x72, 0xce,
    0x72, 0xc6, 0x72, 0xce, 0x72, 0xce, 0x72, 0xce, 0x71, 0xce, 0x92, 0xce,
    0x72, 0xce, 0x72, 0xce, 0x92, 0xc6, 0x72, 0xce, 0x72, 0xce, 0x92, 0xce,
    0x92, 0xce, 0x72, 0xce, 0x93, 0xce, 0x92, 0xce, 0x72, 0xce, 0x92, 0xce,
    0x93, 0xce, 0x92, 0xce, 0x92, 0xce, 0x93, 0xd6, 0x92, 0xce, 0x92, 0xd6,
    0x93, 0xd6, 0xb2, 0xce, 0x93, 0xd6, 0xb3, 0xd6, 0x93, 0xce, 0xb3, 0xd6,
    0x93, 0xce, 0xb3, 0xd6, 0xb3, 0xd6, 0xb3, 0xce, 0xb3, 0xd6, 0xb4, 0xd6,
    0xb3, 0xd6, 0xb3, 0xd6, 0xd4, 0xd6, 0xb3, 0xd6, 0xd4, 0xd6, 0xb4, 0xd6,
    0xb3, 0xd6, 0xd3, 0xd6, 0xd4, 0xd6, 0xd4, 0xd6, 0xd3, 0xd6, 0xd4, 0xde,
    0xd4, 0xd6, 0xd4, 0xde, 0xd4, 0xd6, 0xd4, 0xde, 0xd4, 0xd6, 0xd4, 0xd6,
    0xd4, 0xde, 0xd4, 0xd6, 0xd4, 0xd6, 0xd4, 0xde, 0xd4, 0xd6, 0xd4, 0xd6,
    0xd4, 0xde, 0xd4, 0xd6, 0xf4, 0xde, 0xf4, 0xde, 0xd5, 0xd6, 0xf4, 0xde,
    0xf4, 0xde, 0xd5, 0xde, 0xf4, 0xd6, 0xf5, 0xde, 0xf4, 0xd6, 0xf5, 0xde,
    0xf5, 0xde, 0xf4, 0xde, 0xf4, 0xde, 0xd5, 0xd6, 0xf5, 0xde, 0xf4, 0xde,
    0xf4, 0xde, 0xf5, 0xd6, 0xd4, 0xde, 0xf5, 0xde, 0xf5, 0xd6, 0xf5, 0xde,
    0xf4, 0xde, 0xf4, 0xde, 0xf5, 0xde, 0xf5, 0xde, 0xf5, 0xde, 0xf5, 0xde,
    0xf5, 0xde, 0xf5, 0xde, 0xf5, 0xde, 0x15, 0xdf, 0xf5, 0xde, 0xf5, 0xde,
    0x15, 0xdf, 0x15, 0xe7, 0x16, 0xe7, 0x15, 0xdf, 0x15, 0xdf, 0xf5, 0xde,
    0xf5, 0xde, 0x15, 0xdf, 0x15, 0xdf, 0xf5, 0xde, 0xf5, 0xde, 0xf5, 0xde,
    0xf5, 0xde, 0xf4, 0xde, 0xf5, 0xd6, 0xf5, 0xde, 0xf4, 0xde, 0xf4, 0xd6,
    0xf5, 0xde, 0xf4, 0xde, 0xf5, 0xde, 0xf5, 0xde, 0xf4, 0xde, 0xd4, 0xd6,
    0xd5, 0xde, 0xd4, 0xde, 0xf4, 0xd6, 0xd4, 0xde, 0xd5, 0xde, 0xf4, 0xd6,
    0xd4, 0xd6, 0xd4, 0xd6, 0xf4, 0xd6, 0xd4, 0xde, 0xd4, 0xd6, 0xd4, 0xde,
    0xd4, 0xd6, 0xd4, 0xd6, 0xd4, 0xde, 0xd4, 0xd6, 0xd3, 0xd6, 0xd4, 0xd6,
    0xb4, 0xd6, 0xd4, 0xd6, 0xd4, 0xd6, 0xd4, 0xd6, 0xd4, 0xd6, 0xd4, 0xd6,
    0xb3, 0xd6, 0xb3, 0xd6, 0xd4, 0xd6, 0xd4, 0xd6, 0xd3, 0xd6, 0xb3, 0xd6,
    0xb4, 0xd6, 0xb3, 0xd6, 0xb3, 0xce, 0xb4, 0xd6, 0xb3, 0xd6, 0xb4, 0xce,
    0xb3, 0xd6, 0xb3, 0xd6, 0xb3, 0xd6, 0xb3, 0xd6, 0x93, 0xce, 0x93, 0xce,
    0x93, 0xd6, 0xb3, 0xce, 0xb3, 0xce, 0xb3, 0xd6, 0x93, 0xce, 0xb3, 0xce,
    0xb2, 0xd6, 0x93, 0xce, 0x92, 0xce, 0x92, 0xce, 0x73, 0xce, 0x92, 0xce,
    0x92, 0xce, 0x92, 0xce, 0x73, 0xce, 0x92, 0xce, 0x72, 0xce, 0x92, 0xce,
    0x72, 0xce, 0x93, 0xce, 0x93, 0xce, 0x92, 0xce, 0x92, 0xce, 0x92, 0xce,
    0x92, 0xce, 0x92, 0xce, 0x93, 0xce, 0x92, 0xce, 0x92, 0xce, 0xb3, 0xd6,
    0xb3, 0xce, 0x93, 0xce, 0xb3, 0xd6, 0xf4, 0xde, 0x15, 0xe7, 0x15, 0xdf,
    0xf5, 0xde, 0x16, 0xe7, 0x9a, 0xf7, 0x99, 0xf7, 0x78, 0xf7, 0x78, 0xf7,
    0x78, 0xef, 0x78, 0xef, 0x78, 0xf7, 0x78, 0xef, 0x78, 0xef, 0x78, 0xef,
    0x78, 0xef, 0x78, 0xf7, 0x78, 0xef, 0x78, 0xf7, 0x78, 0xef, 0x78, 0xef,
    0x78, 0xef, 0x78, 0xf7, 0x78, 0xef, 0x78, 0xef, 0x78, 0xef, 0x78, 0xf7,
    0x78, 0xef, 0x78, 0xf7, 0x78, 0xf7, 0x58, 0xef, 0x78, 0xef, 0x78, 0xf7,
    0x78, 0xef, 0x78, 0xef, 0x78, 0xf7, 0x9a, 0xf7, 0x79, 0xef, 0xf5, 0xde,
    0xf5, 0xde, 0x15, 0xdf, 0xf5, 0xde, 0xd4, 0xd6, 0x92, 0xce, 0x72, 0xce,
    0x72, 0xce, 0x92, 0xce, 0x72, 0xce, 0x72, 0xc6, 0x72, 0xce, 0x72, 0xce,
    0x72, 0xce, 0x71, 0xce, 0x92, 0xce, 0x72, 0xce, 0x72, 0xce, 0x92, 0xce,
    0x92, 0xce, 0x92, 0xce, 0x92, 0xce, 0x92, 0xce, 0x92, 0xce, 0x92, 0xce,
    0x92, 0xce, 0x92, 0xce, 0x92, 0xce, 0x93, 0xce, 0x93, 0xce, 0x92, 0xce,
    0x93, 0xce, 0xb3, 0xd6, 0xb3, 0xce, 0x93, 0xd6, 0xb2, 0xce, 0xb3, 0xd6,
    0xb3, 0xd6, 0xb3, 0xce, 0xb3, 0xd6, 0xb3, 0xd6, 0xb3, 0xce, 0xb3, 0xd6,
    0xb3, 0xd6, 0xd4, 0xd6, 0xd4, 0xd6, 0xb3, 0xd6, 0xd4, 0xd6, 0xd4, 0xd6,
    0xb3, 0xd6, 0xb4, 0xd6, 0xd4, 0xd6, 0xb3, 0xd6, 0xd4, 0xd6, 0xd4, 0xd6,
    0xd4, 0xde, 0xd4, 0xd6, 0xd4, 0xd6, 0xd4, 0xde, 0xd4, 0xd6, 0xd4, 0xd6,
    0xd4, 0xde, 0xd4, 0xd6, 0xd4, 0xd6, 0xd4, 0xde, 0xd4, 0xd6, 0xd4, 0xd6,
    0xd4, 0xde, 0xf4, 0xd6, 0xf4, 0xd6, 0xd4, 0xde, 0xd4, 0xde, 0xf5, 0xd6,
    0xf5, 0xde, 0xf4, 0xde, 0xf5, 0xde, 0xd4, 0xde, 0xf5, 0xde, 0xf4, 0xd6,
    0xd5, 0xde, 0xf5, 0xde, 0xf4, 0xd6, 0xf4, 0xde, 0xf5, 0xde, 0xf5, 0xde,
    0xf5, 0xd6, 0xf5, 0xde, 0xf4, 0xde, 0xf5, 0xde, 0xf5, 0xde, 0xf5, 0xde,
    0xf5, 0xde, 0xf5, 0xde, 0xf5, 0xde, 0xf4, 0xd6, 0xf5, 0xde, 0xf5, 0xde,
    0xf5, 0xde, 0x15, 0xdf, 0x15, 0xdf, 0xf5, 0xde, 0x15, 0xdf, 0x15, 0xdf,
    0x15, 0xdf, 0x16, 0xe7, 0x15, 0xdf, 0x15, 0xdf, 0x15, 0xdf, 0x15, 0xdf,
    0xf5, 0xde, 0x15, 0xdf, 0xf5, 0xde, 0xf5, 0xde, 0xf4, 0xde, 0x15, 0xdf,
    0xf4, 0xde, 0xf5, 0xde, 0xf4, 0xde, 0xf5, 0xde, 0xf4, 0xde, 0xf5, 0xde,
    0xf5, 0xd6, 0xf4, 0xde, 0xf5, 0xde, 0xf5, 0xd6, 0xf4, 0xd6, 0xd5, 0xde,
    0xf4, 0xde, 0xd4, 0xd6, 0xf4, 0xd6, 0xd4, 0xde, 0xf5, 0xde, 0xf4, 0xd6,
    0xf4, 0xde, 0xf4, 0xde, 0xd4, 0xd6, 0xd4, 0xd6, 0xd4, 0xde, 0xd4, 0xd6,
    0xd4, 0xde, 0xd4, 0xd6, 0xd4, 0xde, 0xd4, 0xd6, 0xd4, 0xd6, 0xb3, 0xde,
    0xb4, 0xd6, 0xd4, 0xd6, 0xd4, 0xd6, 0xd3, 0xd6, 0xd4, 0xd6, 0xb4, 0xd6,
    0xd4, 0xd6, 0xd4, 0xd6, 0xb3, 0xd6, 0xd4, 0xd6, 0xd4, 0xd6, 0xd3, 0xd6,
    0xb4, 0xd6, 0xb3, 0xd6, 0xb3, 0xd6, 0xd3, 0xd6, 0xb3, 0xd6, 0xb3, 0xce,
    0xb3, 0xd6, 0xb3, 0xd6, 0xb3, 0xce, 0xb3, 0xd6, 0xb3, 0xce, 0xb3, 0xd6,
    0x93, 0xd6, 0x92, 0xce, 0xb3, 0xd6, 0x93, 0xd6, 0xb3, 0xce, 0x93, 0xd6,
    0x92, 0xce, 0x93, 0xce, 0x93, 0xd6, 0x92, 0xce, 0x92, 0xce, 0x92, 0xce,
    0x72, 0xce, 0x72, 0xce, 0x92, 0xce, 0x92, 0xce, 0x92, 0xce, 0x72, 0xce,
    0x92, 0xce, 0x92, 0xce, 0x72, 0xce, 0x93, 0xce, 0x93, 0xce, 0x92, 0xce,
    0x92, 0xce, 0x93, 0xce, 0x93, 0xce, 0x92, 0xd6, 0x93, 0xce, 0x92, 0xce,
    0xb3, 0xd6, 0xf4, 0xde, 0x15, 0xdf, 0x15, 0xdf, 0xf5, 0xde, 0xf5, 0xde,
    0x37, 0xe7, 0x9a, 0xf7, 0x79, 0xf7, 0x78, 0xef, 0x78, 0xef, 0x78, 0xf7,
    0x78, 0xef, 0x78, 0xef, 0x78, 0xf7, 0x78, 0xf7, 0x78, 0xef, 0x78, 0xf7,
    0x78, 0xef, 0x78, 0xef, 0x78, 0xf7, 0x58, 0xef, 0x78, 0xf7, 0x78, 0xf7,
    0x78, 0xef, 0x78, 0xef, 0x78, 0xf7, 0x78, 0xef, 0x78, 0xef, 0x78, 0xf7,
    0x78, 0xef, 0x78, 0xef, 0x78, 0xf7, 0x78, 0xef, 0x78, 0xf7, 0x78, 0xf7,
    0x78, 0xef, 0x78, 0xef, 0x78, 0xf7, 0x78, 0xef, 0x99, 0xf7, 0x9a, 0xf7,
    0xf6, 0xde, 0xf5, 0xde, 0xf5, 0xde, 0xf5, 0xde, 0xf5, 0xde, 0xb3, 0xce,
    0x72, 0xce, 0x72, 0xce, 0x92, 0xce, 0x92, 0xce, 0x72, 0xce, 0x92, 0xce,
    0x72, 0xce, 0x72, 0xce, 0x72, 0xc6, 0x92, 0xce, 0x72, 0xc6, 0x72, 0xce,
    0x72, 0xce, 0x92, 0xce, 0x92, 0xce, 0x93, 0xce, 0x93, 0xce, 0x93, 0xce,
    0x72, 0xce, 0x93, 0xce, 0x92, 0xd6, 0x92, 0xce, 0x93, 0xce, 0x92, 0xd6,
    0xb3, 0xce, 0x92, 0xce, 0x93, 0xd6, 0xb3, 0xce, 0x93, 0xd6, 0xb3, 0xd6,
    0xb3, 0xd6, 0xb3, 0xd6, 0xb3, 0xd6, 0xb3, 0xd6, 0xb4, 0xd6, 0xb4, 0xd6,
    0xb3, 0xd6, 0xd4, 0xd6, 0xb4, 0xd6, 0xb3, 0xd6, 0xd3, 0xd6, 0xd3, 0xd6,
    0xb4, 0xd6, 0xd4, 0xd6, 0xb4, 0xd6, 0xd4, 0xd6, 0xd4, 0xde, 0xb3, 0xd6,
    0xd4, 0xd6, 0xd4, 0xd6, 0xd4, 0xde, 0xd4, 0xd6, 0xd4, 0xde, 0xd4, 0xd6,
    0xd4, 0xd6, 0xd4, 0xde, 0xd4, 0xd6, 0xd4, 0xde, 0xd4, 0xd6, 0xf4, 0xde,
    0xd4, 0xde, 0xd4, 0xd6, 0xf5, 0xde, 0xd5, 0xde, 0xf5, 0xd6, 0xf4, 0xde,
    0xf5, 0xde, 0xf5, 0xd6, 0xd4, 0xd6, 0xf5, 0xde, 0xf4, 0xde, 0xf5, 0xde,
    0xf5, 0xde, 0xf5, 0xde, 0xf5, 0xde, 0xf5, 0xde, 0xf4, 0xde, 0xf5, 0xde,
    0xd5, 0xde, 0xf4, 0xde, 0xf5, 0xde, 0xf5, 0xde, 0xf5, 0xde, 0xf4, 0xde,
    0xf5, 0xde, 0xf5, 0xde, 0xf5, 0xde, 0xf5, 0xde, 0x14, 0xdf, 0x15, 0xdf,
    0x15, 0xdf, 0x15, 0xdf, 0xf5, 0xde, 0x15, 0xdf, 0x15, 0xdf, 0x15, 0xdf,
    0x16, 0xdf, 0x15, 0xdf, 0x16, 0xe7, 0x16, 0xe7, 0xf6, 0xe6, 0x15, 0xe7,
    0x15, 0xdf, 0x15, 0xdf, 0x15, 0xdf, 0x15, 0xdf, 0x15, 0xdf, 0xf5, 0xde,
    0xf5, 0xde, 0xf5, 0xde, 0xf5, 0xde, 0xf4, 0xde, 0xf5, 0xde, 0xf5, 0xde,
    0xf4, 0xde, 0xf4, 0xd6, 0xf5, 0xde, 0xd4, 0xde, 0xf5, 0xde, 0xf4, 0xde,
    0xf5, 0xd6, 0xf4, 0xde, 0xd4, 0xde, 0xf5, 0xd6, 0xd4, 0xd6, 0xd4, 0xde,
    0xd5, 0xde, 0xf4, 0xd6, 0xd4, 0xde, 0xd4, 0xde, 0xf4, 0xd6, 0xd4, 0xd6,
    0xd4, 0xd6, 0xd4, 0xde, 0xd4, 0xd6, 0xd4, 0xd6, 0xd4, 0xd6, 0xd4, 0xd6,
    0xd4, 0xd6, 0xd3, 0xde, 0xb4, 0xd6, 0xd4, 0xd6, 0xd3, 0xd6, 0xd4, 0xd6,
    0xd4, 0xd6, 0xd4, 0xd6, 0xd4, 0xd6, 0xd4, 0xd6, 0xd3, 0xd6, 0xb4, 0xd6,
    0xb3, 0xd6, 0xd4, 0xd6, 0xb4, 0xd6, 0xb3, 0xd6, 0xb3, 0xd6, 0xb3, 0xce,
    0xb3, 0xd6, 0xb3, 0xd6, 0xb3, 0xd6, 0xb3, 0xce, 0xb3, 0xd6, 0xb3, 0xd6,
    0xb3, 0xce, 0x92, 0xce, 0xb3, 0xce, 0x93, 0xd6, 0xb3, 0xd6, 0xb2, 0xce,
    0x92, 0xd6, 0x93, 0xd6, 0x93, 0xce, 0x92, 0xce, 0x92, 0xce, 0x92, 0xce,
    0x73, 0xce, 0x72, 0xce, 0x92, 0xce, 0x72, 0xce, 0x92, 0xce, 0x93, 0xce,
    0x92, 0xce, 0x92, 0xce, 0x93, 0xce, 0x92, 0xce, 0x92, 0xce, 0x93, 0xce,
    0x93, 0xce, 0x92, 0xce, 0x93, 0xd6, 0xb3, 0xd6, 0x92, 0xce, 0xd4, 0xd6,
    0x15, 0xdf, 0x15, 0xe7, 0x16, 0xdf, 0xf6, 0xde, 0xf5, 0xde, 0x58, 0xef,
    0x9a, 0xf7, 0x78, 0xef, 0x78, 0xef, 0x78, 0xef, 0x79, 0xf7, 0x79, 0xf7,
    0x78, 0xef, 0x78, 0xef, 0x78, 0xf7, 0x78, 0xef, 0x78, 0xef, 0x78, 0xf7,
    0x78, 0xf7, 0x78, 0xef, 0x58, 0xef, 0x78, 0xef, 0x78, 0xef, 0x78, 0xf7,
    0x78, 0xef, 0x78, 0xef, 0x78, 0xf7, 0x78, 0xf7, 0x78, 0xef, 0x78, 0xef,
    0x78, 0xf7, 0x78, 0xef, 0x78, 0xef, 0x78, 0xef, 0x78, 0xef, 0x78, 0xf7,
    0x78, 0xef, 0x78, 0xef, 0x79, 0xf7, 0x99, 0xf7, 0x78, 0xef, 0x99, 0xf7,
    0x9a, 0xf7, 0xf6, 0xde, 0xf5, 0xde, 0xf5, 0xde, 0xf5, 0xde, 0x16, 0xdf,
    0xf4, 0xd6, 0x93, 0xce, 0x72, 0xce, 0x92, 0xce, 0x92, 0xce, 0x92, 0xce,
    0x92, 0xce, 0x72, 0xc6, 0x72, 0xce, 0x92, 0xce, 0x72, 0xce, 0x92, 0xce,
    0x72, 0xce, 0x92, 0xce, 0x92, 0xce, 0x92, 0xce, 0x93, 0xce, 0x92, 0xce,
    0x92, 0xce, 0x93, 0xce, 0x93, 0xce, 0x92, 0xce, 0x92, 0xce, 0x93, 0xd6,
    0x93, 0xd6, 0xb3, 0xce, 0xb2, 0xd6, 0x93, 0xce, 0x93, 0xce, 0xb3, 0xd6,
    0xb3, 0xce, 0xb3, 0xd6, 0xb3, 0xce, 0xb3, 0xd6, 0xb3, 0xd6, 0xb4, 0xce,
    0xd3, 0xd6, 0xb4, 0xd6, 0xb3, 0xd6, 0xd4, 0xd6, 0xb3, 0xd6, 0xb4, 0xd6,
    0xd4, 0xd6, 0xd3, 0xd6, 0xd3, 0xd6, 0xd4, 0xd6, 0xd4, 0xd6, 0xd4, 0xde,
    0xd4, 0xd6, 0xd4, 0xde, 0xd4, 0xd6, 0xd4, 0xd6, 0xd4, 0xde, 0xd4, 0xd6,
    0xd4, 0xd6, 0xd4, 0xde, 0xd4, 0xd6, 0xd4, 0xd6, 0xd4, 0xde, 0xf4, 0xde,
    0xd4, 0xd6, 0xd4, 0xde, 0xf4, 0xde, 0xf4, 0xd6, 0xf5, 0xde, 0xd5, 0xde,
    0xf4, 0xde, 0xd4, 0xde, 0xf5, 0xde, 0xf4, 0xde, 0xf4, 0xde, 0xf5, 0xde,
    0xf5, 0xde, 0xf4, 0xde, 0xf5, 0xde, 0xf5, 0xde, 0xf5, 0xde, 0xf4, 0xd6,
    0xf4, 0xde, 0xf5, 0xde, 0xf4, 0xde, 0xf5, 0xd6, 0xf4, 0xde, 0x14, 0xdf,
    0xf5, 0xde, 0x15, 0xdf, 0x14, 0xdf, 0x15, 0xdf, 0xf5, 0xde, 0xf5, 0xde,
    0xf5, 0xde, 0x15, 0xdf, 0xf5, 0xde, 0x15, 0xdf, 0x15, 0xdf, 0xf5, 0xde,
    0x15, 0xdf, 0x15, 0xdf, 0x16, 0xdf, 0x15, 0xdf, 0x16, 0xdf, 0x15, 0xdf,
    0x16, 0xe7, 0x15, 0xdf, 0xf5, 0xde, 0x15, 0xdf, 0xf5, 0xde, 0xf5, 0xde,
    0xf4, 0xde, 0xf5, 0xde, 0xf5, 0xd6, 0xf5, 0xde, 0xf5, 0xde, 0xf5, 0xde,
    0xf5, 0xde, 0xf5, 0xde, 0xf4, 0xde, 0xf4, 0xde, 0xf5, 0xde, 0xf4, 0xde,
    0xf4, 0xde, 0xd5, 0xd6, 0xf4, 0xde, 0xd5, 0xde, 0xf4, 0xde, 0xf4, 0xde,
    0xd5, 0xd6, 0xf4, 0xde, 0xf4, 0xd6, 0xf4, 0xde, 0xd4, 0xd6, 0xd4, 0xd6,
    0xd4, 0xde, 0xd4, 0xd6, 0xd4, 0xd6, 0xd4, 0xde, 0xd4, 0xd6, 0xd4, 0xd6,
    0xd4, 0xd6, 0xd4, 0xd6, 0xd4, 0xd6, 0xb4, 0xd6, 0xd4, 0xde, 0xd4, 0xd6,
    0xd4, 0xd6, 0xd4, 0xd6, 0xd3, 0xd6, 0xd3, 0xd6, 0xd4, 0xd6, 0xb3, 0xd6,
    0xd3, 0xd6, 0xd4, 0xd6, 0xd3, 0xd6, 0xb4, 0xd6, 0xb3, 0xd6, 0xb3, 0xd6,
    0xb4, 0xd6, 0xb3, 0xd6, 0xb3, 0xce, 0xb3, 0xd6, 0x93, 0xd6, 0xb3, 0xce,
    0x93, 0xce, 0xb3, 0xd6, 0xb2, 0xd6, 0x93, 0xce, 0x93, 0xce, 0xb3, 0xce,
    0x93, 0xce, 0x92, 0xce, 0x92, 0xce, 0x93, 0xce, 0x92, 0xce, 0x72, 0xce,
    0x72, 0xce, 0x72, 0xce, 0x92, 0xce, 0x72, 0xce, 0x92, 0xce, 0x72, 0xce,
    0x72, 0xce, 0x92, 0xce, 0x92, 0xce, 0x72, 0xce, 0x93, 0xce, 0x93, 0xce,
    0x92, 0xce, 0x92, 0xce, 0x92, 0xce, 0xb3, 0xd6, 0xf4, 0xd6, 0x15, 0xdf,
    0x15, 0xdf, 0x16, 0xdf, 0xf6, 0xe6, 0xf5, 0xde, 0x59, 0xef, 0x9a, 0xf7,
    0x78, 0xf7, 0x78, 0xf7, 0x78, 0xef, 0x78, 0xef, 0x78, 0xf7, 0x98, 0xef,
    0x78, 0xf7, 0x79, 0xf7, 0x78, 0xef, 0x78, 0xef, 0x78, 0xef, 0x78, 0xef,
    0x78, 0xf7, 0x78, 0xef, 0x78, 0xf7, 0x78, 0xef, 0x78, 0xef, 0x78, 0xf7,
    0x78, 0xef, 0x78, 0xef, 0x78, 0xf7, 0x78, 0xf7, 0x78, 0xef, 0x78, 0xf7,
    0x78, 0xef, 0x78, 0xf7, 0x78, 0xef, 0x78, 0xf7, 0x78, 0xef, 0x78, 0xef,
    0x78, 0xf7, 0x78, 0xf7, 0x79, 0xef, 0x98, 0xf7, 0x78, 0xef, 0x78, 0xef,
    0x99, 0xf7, 0x9a, 0xf7, 0x16, 0xe7, 0xf5, 0xde, 0xf6, 0xde, 0xf5, 0xde,
    0x15, 0xdf, 0xf5, 0xde, 0xb3, 0xd6, 0x72, 0xc6, 0x72, 0xce, 0x72, 0xce,
    0x72, 0xce, 0x72, 0xce, 0x72, 0xce, 0x72, 0xc6, 0x72, 0xce, 0x92, 0xce,
    0x92, 0xce, 0x92, 0xce, 0x73, 0xce, 0x92, 0xce, 0x92, 0xce, 0x93, 0xd6,
    0x92, 0xce, 0x93, 0xce, 0x93, 0xd6, 0x92, 0xce, 0x92, 0xce, 0x93, 0xce,
    0xb3, 0xce, 0xb3, 0xd6, 0x92, 0xd6, 0xb3, 0xce, 0xb2, 0xce, 0xb3, 0xd6,
    0xb3, 0xd6, 0x93, 0xce, 0xb3, 0xd6, 0xb3, 0xd6, 0xb4, 0xd6, 0xb3, 0xd6,
    0xb4, 0xd6, 0xb3, 0xd6, 0xb4, 0xd6, 0xb3, 0xd6, 0xb4, 0xd6, 0xd4, 0xd6,
    0xb4, 0xd6, 0xb3, 0xd6, 0xd4, 0xd6, 0xd4, 0xd6, 0xd4, 0xd6, 0xd4, 0xd6,
    0xd4, 0xde, 0xd4, 0xd6, 0xd4, 0xd6, 0xd4, 0xd6, 0xd4, 0xde, 0xd4, 0xd6,
    0xd4, 0xde, 0xd4, 0xd6, 0xd4, 0xd6, 0xf4, 0xd6, 0xd4, 0xde, 0xd4, 0xd6,
    0xf4, 0xde, 0xd4, 0xde, 0xf4, 0xd6, 0xf4, 0xde, 0xd5, 0xd6, 0xf4, 0xde,
    0xf4, 0xde, 0xf5, 0xd6, 0xf5, 0xde, 0xf5, 0xde, 0xf5, 0xde, 0xf5, 0xd6,
    0xf5, 0xde, 0xf4, 0xd6, 0xf5, 0xde, 0xf5, 0xde, 0x15, 0xdf, 0x16, 0xdf,
    0x16, 0xe7, 0x37, 0xe7, 0x37, 0xdf, 0x36, 0xe7, 0x37, 0xe7, 0x37, 0xe7,
    0x37, 0xe7, 0x37, 0xe7, 0x36, 0xdf, 0x16, 0xe7, 0x16, 0xe7, 0x16, 0xdf,
    0x16, 0xe7, 0x16, 0xe7, 0x15, 0xe7, 0x16, 0xdf, 0x15, 0xe7, 0x15, 0xe7,
    0x16, 0xe7, 0x36, 0xe7, 0x36, 0xe7, 0x36, 0xe7, 0x36, 0xe7, 0x37, 0xe7,
    0x36, 0xe7, 0x16, 0xe7, 0x17, 0xe7, 0x16, 0xe7, 0x36, 0xe7, 0x36, 0xe7,
    0x36, 0xe7, 0x36, 0xdf, 0x15, 0xdf, 0x15, 0xdf, 0xf5, 0xde, 0xf4, 0xde,
    0xf5, 0xde, 0xf5, 0xde, 0xf5, 0xd6, 0xf5, 0xde, 0xf5, 0xde, 0xf5, 0xd6,
    0xd4, 0xde, 0xf4, 0xde, 0xf5, 0xd6, 0xf4, 0xde, 0xf4, 0xde, 0xf5, 0xd6,
    0xd4, 0xde, 0xd4, 0xde, 0xf4, 0xd6, 0xd4, 0xde, 0xf4, 0xde, 0xd4, 0xd6,
    0xd4, 0xde, 0xd4, 0xd6, 0xd4, 0xd6, 0xd4, 0xde, 0xd4, 0xd6, 0xd4, 0xde,
    0xb4, 0xd6, 0xd4, 0xd6, 0xd3, 0xd6, 0xd4, 0xde, 0xd4, 0xd6, 0xd4, 0xd6,
    0xd4, 0xde, 0xd4, 0xde, 0xd4, 0xd6, 0xd4, 0xd6, 0xd4, 0xd6, 0xb4, 0xd6,
    0xb3, 0xd6, 0xd4, 0xd6, 0xb3, 0xd6, 0xd3, 0xd6, 0xb4, 0xd6, 0xb3, 0xce,
    0xb3, 0xd6, 0xb3, 0xd6, 0xb3, 0xce, 0xb3, 0xd6, 0xb3, 0xd6, 0xb3, 0xce,
    0x93, 0xd6, 0x93, 0xd6, 0xb3, 0xce, 0xb3, 0xd6, 0x92, 0xd6, 0xb3, 0xd6,
    0xb3, 0xd6, 0x92, 0xce, 0x92, 0xce, 0x93, 0xce, 0x92, 0xce, 0x92, 0xce,
    0x72, 0xce, 0x72, 0xce, 0x92, 0xce, 0x72, 0xce, 0x92, 0xce, 0x72, 0xce,
    0x72, 0xce, 0x72, 0xce, 0x93, 0xce, 0x92, 0xce, 0x93, 0xce, 0x93, 0xce,
    0x93, 0xd6, 0x92, 0xce, 0xb3, 0xd6, 0xf5, 0xde, 0x16, 0xe7, 0xf5, 0xde,
    0x15, 0xdf, 0x15, 0xdf, 0xf5, 0xde, 0x58, 0xef, 0x9a, 0xf7, 0x78, 0xf7,
    0x79, 0xef, 0x79, 0xf7, 0x78, 0xf7, 0x78, 0xef, 0x79, 0xef, 0x78, 0xef,
    0x78, 0xf7, 0x78, 0xf7, 0x78, 0xef, 0x78, 0xf7, 0x78, 0xf7, 0x78, 0xef,
    0x78, 0xef, 0x78, 0xf7, 0x78, 0xf7, 0x78, 0xf7, 0x78, 0xef, 0x78, 0xef,
    0x78, 0xf7, 0x78, 0xef, 0x78, 0xef, 0x78, 0xef, 0x78, 0xef, 0x79, 0xf7,
    0x78, 0xef, 0x78, 0xef, 0x78, 0xf7, 0x78, 0xef, 0x78, 0xf7, 0x79, 0xef,
    0x78, 0xf7, 0x78, 0xef, 0x78, 0xef, 0x79, 0xf7, 0x78, 0xf7, 0x99, 0xef,
    0x98, 0xf7, 0x99, 0xf7, 0x9b, 0xf7, 0x17, 0xe7, 0xf5, 0xde, 0xf5, 0xde,
    0xf5, 0xde, 0xf5, 0xe6, 0x16, 0xdf, 0xd4, 0xd6, 0x93, 0xce, 0x72, 0xc6,
    0x92, 0xce, 0x72, 0xce, 0x92, 0xce, 0x92, 0xce, 0x72, 0xc6, 0x72, 0xce,
    0x92, 0xce, 0x92, 0xce, 0x92, 0xce, 0x93, 0xce, 0x92, 0xce, 0x72, 0xce,
    0x92, 0xce, 0x93, 0xce, 0x92, 0xd6, 0x92, 0xce, 0x93, 0xce, 0x93, 0xd6,
    0xb2, 0xd6, 0x93, 0xce, 0x93, 0xce, 0xb3, 0xd6, 0x93, 0xd6, 0xb3, 0xce,
    0x93, 0xd6, 0xb3, 0xce, 0xb3, 0xd6, 0xb3, 0xd6, 0xb4, 0xd6, 0xb4, 0xd6,
    0xb4, 0xd6, 0xd4, 0xd6, 0xb3, 0xd6, 0xd4, 0xd6, 0xd3, 0xd6, 0xb4, 0xd6,
    0xd3, 0xd6, 0xb4, 0xd6, 0xd4, 0xd6, 0xd4, 0xde, 0xd4, 0xd6, 0xd4, 0xd6,
    0xd4, 0xde, 0xd4, 0xd6, 0xd4, 0xd6, 0xd4, 0xde, 0xd4, 0xd6, 0xd4, 0xd6,
    0xf4, 0xde, 0xd4, 0xde, 0xd4, 0xd6, 0xd4, 0xde, 0xd4, 0xd6, 0xf4, 0xd6,
    0xf4, 0xde, 0xd5, 0xd6, 0xd4, 0xde, 0xf5, 0xde, 0xf5, 0xd6, 0xf5, 0xde,
    0xd5, 0xde, 0xf5, 0xd6, 0xf4, 0xde, 0xf5, 0xde, 0xf4, 0xde, 0xf5, 0xde,
    0x15, 0xdf, 0x37, 0xe7, 0x58, 0xe7, 0x58, 0xe7, 0x37, 0xe7, 0x37, 0xe7,
    0x17, 0xe7, 0x16, 0xdf, 0x15, 0xdf, 0xf5, 0xde, 0xf5, 0xde, 0x15, 0xdf,
    0x15, 0xdf, 0xf5, 0xde, 0x15, 0xdf, 0x15, 0xdf, 0x16, 0xdf, 0x16, 0xdf,
    0x16, 0xdf, 0x16, 0xe7, 0x36, 0xe7, 0x16, 0xe7, 0x16, 0xe7, 0x16, 0xdf,
    0x36, 0xe7, 0x36, 0xe7, 0x16, 0xe7, 0x16, 0xdf, 0x16, 0xdf, 0x15, 0xdf,
    0x15, 0xdf, 0x16, 0xdf, 0x15, 0xdf, 0x15, 0xdf, 0x15, 0xdf, 0x16, 0xdf,
    0x16, 0xe7, 0x16, 0xe7, 0x37, 0xe7, 0x37, 0xe7, 0x37, 0xe7, 0x37, 0xe7,
    0x16, 0xdf, 0x15, 0xdf, 0xf4, 0xde, 0xf4, 0xde, 0xf5, 0xd6, 0xf5, 0xde,
    0xf5, 0xde, 0xf4, 0xde, 0xf5, 0xde, 0xf5, 0xde, 0xf4, 0xd6, 0xf5, 0xde,
    0xf4, 0xde, 0xf5, 0xd6, 0xd5, 0xde, 0xd5, 0xde, 0xf4, 0xd6, 0xd4, 0xde,
    0xd4, 0xd6, 0xd4, 0xd6, 0xd4, 0xd6, 0xd4, 0xde, 0xd4, 0xd6, 0xd4, 0xd6,
    0xd4, 0xde, 0xd4, 0xd6, 0xd4, 0xde, 0xd4, 0xd6, 0xd4, 0xd6, 0xf4, 0xde,
    0xd4, 0xde, 0xd4, 0xd6, 0xd4, 0xde, 0xd4, 0xde, 0xd4, 0xd6, 0xb3, 0xd6,
    0xd4, 0xd6, 0xb4, 0xd6, 0xd4, 0xd6, 0xd3, 0xd6, 0xb4, 0xd6, 0xb3, 0xd6,
    0xb3, 0xd6, 0xb3, 0xce, 0xb3, 0xd6, 0xb3, 0xd6, 0xb3, 0xce, 0x93, 0xce,
    0x93, 0xce, 0xb3, 0xd6, 0x93, 0xce, 0x93, 0xce, 0x92, 0xce, 0xb3, 0xce,
    0x93, 0xd6, 0x93, 0xce, 0x92, 0xd6, 0x92, 0xce, 0x93, 0xce, 0x92, 0xce,
    0x92, 0xce, 0x72, 0xce, 0x93, 0xce, 0x92, 0xce, 0x72, 0xce, 0x93, 0xc6,
    0x93, 0xce, 0x72, 0xce, 0x72, 0xce, 0x92, 0xce, 0x93, 0xce, 0x92, 0xce,
    0x92, 0xce, 0xd4, 0xde, 0x16, 0xe7, 0x16, 0xdf, 0x16, 0xe7, 0x16, 0xe7,
    0x16, 0xe7, 0xf5, 0xde, 0x58, 0xef, 0x9a, 0xf7, 0x78, 0xef, 0x99, 0xf7,
    0x78, 0xef, 0x78, 0xf7, 0x99, 0xef, 0x78, 0xf7, 0x78, 0xf7, 0x79, 0xef,
    0x78, 0xef, 0x78, 0xef, 0x79, 0xef, 0x78, 0xef, 0x78, 0xf7, 0x78, 0xef,
    0x78, 0xef, 0x78, 0xef, 0x78, 0xef, 0x78, 0xef, 0x78, 0xf7, 0x78, 0xef,
    0x78, 0xf7, 0x78, 0xef, 0x78, 0xef, 0x78, 0xf7, 0x78, 0xf7, 0x78, 0xef,
    0x79, 0xf7, 0x78, 0xf7, 0x78, 0xef, 0x79, 0xf7, 0x78, 0xef, 0x78, 0xf7,
    0x78, 0xef, 0x78, 0xef, 0x78, 0xf7, 0x78, 0xf7, 0x79, 0xf7, 0x98, 0xf7,
    0x99, 0xef, 0x79, 0xf7, 0x99, 0xf7, 0x9b, 0xf7, 0x16, 0xe7, 0xf5, 0xde,
    0xf5, 0xde, 0xf5, 0xde, 0xf6, 0xe6, 0x16, 0xe7, 0x15, 0xdf, 0xb3, 0xd6,
    0x72, 0xc6, 0x92, 0xce, 0x92, 0xce, 0x92, 0xce, 0x72, 0xce, 0x72, 0xce,
    0x72, 0xce, 0x92, 0xce, 0x92, 0xce, 0x92, 0xce, 0x93, 0xce, 0x92, 0xce,
    0x92, 0xce, 0x93, 0xce, 0x93, 0xce, 0x92, 0xce, 0x93, 0xce, 0x93, 0xd6,
    0xb3, 0xd6, 0xb3, 0xce, 0x93, 0xce, 0x93, 0xd6, 0xb3, 0xce, 0xb3, 0xd6,
    0x93, 0xce, 0x93, 0xd6, 0xb3, 0xd6, 0xb3, 0xce, 0xb3, 0xd6, 0xb3, 0xd6,
    0xb3, 0xce, 0xd4, 0xd6, 0xd4, 0xd6, 0xb4, 0xd6, 0xd3, 0xd6, 0xb4, 0xd6,
    0xd4, 0xd6, 0xb3, 0xd6, 0xd4, 0xd6, 0xd4, 0xd6, 0xd3, 0xd6, 0xd4, 0xd6,
    0xd4, 0xd6, 0xd4, 0xd6, 0xd4, 0xd6, 0xd4, 0xde, 0xd4, 0xd6, 0xd4, 0xd6,
    0xd4, 0xde, 0xf4, 0xd6, 0xd4, 0xde, 0xd4, 0xd6, 0xd4, 0xde, 0xf5, 0xde,
    0xf4, 0xde, 0xd5, 0xde, 0xf4, 0xd6, 0xd4, 0xde, 0xf4, 0xde, 0xf5, 0xde,
    0xf4, 0xde, 0xd4, 0xd6, 0xf5, 0xde, 0x16, 0xdf, 0x37, 0xe7, 0x58, 0xe7,
    0x58, 0xe7, 0x37, 0xe7, 0x36, 0xe7, 0x15, 0xdf, 0xf5, 0xde, 0xf5, 0xde,
    0xf5, 0xde, 0xf5, 0xde, 0xf5, 0xde, 0xf5, 0xde, 0xf5, 0xde, 0x15, 0xdf,
    0xf5, 0xde, 0xf5, 0xde, 0x15, 0xdf, 0x15, 0xdf, 0x15, 0xdf, 0x15, 0xdf,
    0x15, 0xe7, 0x15, 0xdf, 0x16, 0xdf, 0x16, 0xdf, 0x16, 0xe7, 0x36, 0xe7,
    0x16, 0xdf, 0x15, 0xdf, 0x15, 0xe7, 0x15, 0xdf, 0x15, 0xdf, 0x16, 0xe7,
    0x15, 0xdf, 0x15, 0xe7, 0x15, 0xdf, 0x15, 0xdf, 0x15, 0xdf, 0x15, 0xdf,
    0xf5, 0xde, 0xf5, 0xde, 0xf5, 0xde, 0x15, 0xdf, 0x15, 0xdf, 0x16, 0xdf,
    0x16, 0xe7, 0x37, 0xe7, 0x37, 0xe7, 0x37, 0xe7, 0x16, 0xdf, 0xf5, 0xde,
    0xf4, 0xde, 0xf5, 0xde, 0xf5, 0xde, 0xf5, 0xde, 0xd4, 0xde, 0xf5, 0xde,
    0xf4, 0xde, 0xd4, 0xd6, 0xf5, 0xde, 0xf4, 0xd6, 0xd4, 0xd6, 0xd4, 0xd6,
    0xd4, 0xde, 0xd4, 0xd6, 0xd4, 0xde, 0xd4, 0xde, 0xd4, 0xd6, 0xd4, 0xd6,
    0xd4, 0xde, 0xd4, 0xd6, 0xd4, 0xde, 0xd4, 0xde, 0xd4, 0xd6, 0x72, 0xce,
    0x93, 0xce, 0xd4, 0xd6, 0xd4, 0xd6, 0xd4, 0xd6, 0xd4, 0xd6, 0xd4, 0xd6,
    0xd3, 0xd6, 0xb4, 0xd6, 0xb3, 0xd6, 0xd4, 0xd6, 0xb3, 0xd6, 0xb3, 0xd6,
    0xb4, 0xd6, 0xb3, 0xd6, 0xb3, 0xd6, 0xb3, 0xd6, 0xb3, 0xd6, 0xb3, 0xce,
    0xd4, 0xd6, 0xb3, 0xd6, 0xb3, 0xd6, 0xb3, 0xce, 0x93, 0xce, 0xb3, 0xce,
    0x93, 0xce, 0x92, 0xce, 0x93, 0xce, 0x92, 0xce, 0x92, 0xce, 0x93, 0xce,
    0x92, 0xce, 0x72, 0xce, 0x72, 0xce, 0x93, 0xce, 0x72, 0xce, 0x92, 0xce,
    0x92, 0xce, 0x92, 0xce, 0x92, 0xce, 0x93, 0xce, 0x93, 0xce, 0xb3, 0xd6,
    0x15, 0xdf, 0x16, 0xe7, 0x16, 0xdf, 0x15, 0xdf, 0x15, 0xe7, 0x16, 0xdf,
    0x15, 0xdf, 0x58, 0xef, 0xbb, 0xf7, 0x78, 0xef, 0x99, 0xf7, 0x78, 0xef,
    0x78, 0xf7, 0x98, 0xef, 0x98, 0xef, 0x79, 0xf7, 0x78, 0xf7, 0x78, 0xf7,
    0x98, 0xf7, 0x78, 0xf7, 0x79, 0xef, 0x78, 0xef, 0x78, 0xf7, 0x78, 0xef,
    0x78, 0xf7, 0x78, 0xf7, 0x78, 0xef, 0x78, 0xef, 0x78, 0xf7, 0x78, 0xef,
    0x78, 0xef, 0x78, 0xf7, 0x78, 0xef, 0x78, 0xf7, 0x79, 0xef, 0x78, 0xef,
    0x78, 0xef, 0x78, 0xf7, 0x78, 0xef, 0x78, 0xef, 0x79, 0xf7, 0x78, 0xf7,
    0x78, 0xef, 0x79, 0xf7, 0x78, 0xef, 0x78, 0xef, 0x78, 0xef, 0x78, 0xef,
    0x78, 0xf7, 0x99, 0xef, 0x78, 0xef, 0x99, 0xf7, 0x9b, 0xf7, 0x16, 0xe7,
    0xf5, 0xde, 0xf5, 0xde, 0x15, 0xdf, 0x16, 0xe7, 0x16, 0xe7, 0x16, 0xe7,
    0xd4, 0xd6, 0x72, 0xce, 0x72, 0xce, 0x72, 0xce, 0x92, 0xce, 0x92, 0xce,
    0x72, 0xce, 0x92, 0xce, 0x72, 0xce, 0x73, 0xce, 0x92, 0xce, 0x93, 0xce,
    0x93, 0xd6, 0x92, 0xce, 0x92, 0xce, 0x93, 0xd6, 0x92, 0xce, 0x93, 0xce,
    0xb3, 0xce, 0xb3, 0xce, 0x92, 0xd6, 0xd4, 0xd6, 0xd3, 0xd6, 0x93, 0xce,
    0xb3, 0xd6, 0xb3, 0xd6, 0xb3, 0xce, 0xb3, 0xd6, 0xb3, 0xd6, 0xb3, 0xce,
    0xb4, 0xd6, 0xd3, 0xd6, 0xb4, 0xd6, 0xd3, 0xd6, 0xd4, 0xd6, 0xb4, 0xd6,
    0xd3, 0xd6, 0xd3, 0xd6, 0xd4, 0xd6, 0xd4, 0xd6, 0xd4, 0xde, 0xd4, 0xd6,
    0xd4, 0xde, 0xd4, 0xde, 0xd3, 0xd6, 0xd4, 0xde, 0xd4, 0xde, 0xf4, 0xd6,
    0xd4, 0xde, 0xd4, 0xd6, 0xf4, 0xd6, 0xd4, 0xde, 0xf4, 0xd6, 0xf5, 0xde,
    0xd4, 0xd6, 0xf5, 0xde, 0xd5, 0xde, 0xd4, 0xd6, 0xd4, 0xd6, 0xf4, 0xde,
    0x16, 0xdf, 0x37, 0xe7, 0x58, 0xe7, 0x37, 0xe7, 0x17, 0xe7, 0x15, 0xdf,
    0xf5, 0xde, 0xf5, 0xde, 0xf5, 0xde, 0xf5, 0xde, 0xf5, 0xde, 0x15, 0xdf,
    0xf5, 0xde, 0x15, 0xdf, 0x15, 0xdf, 0x15, 0xdf, 0xf5, 0xde, 0x15, 0xdf,
    0xf5, 0xde, 0x15, 0xdf, 0x15, 0xdf, 0x15, 0xe7, 0x16, 0xe7, 0x16, 0xe7,
    0x15, 0xe7, 0x16, 0xdf, 0x36, 0xe7, 0x16, 0xdf, 0x16, 0xdf, 0x15, 0xe7,
    0x16, 0xe7, 0x16, 0xdf, 0x16, 0xe7, 0x15, 0xe7, 0x16, 0xdf, 0x15, 0xe7,
    0x15, 0xdf, 0x16, 0xe7, 0x15, 0xdf, 0x15, 0xdf, 0x15, 0xe7, 0x15, 0xdf,
    0x15, 0xdf, 0x15, 0xdf, 0x15, 0xdf, 0xf5, 0xde, 0xf5, 0xde, 0xf5, 0xde,
    0xf5, 0xde, 0xf5, 0xde, 0xf6, 0xde, 0x16, 0xe7, 0x37, 0xe7, 0x38, 0xe7,
    0x37, 0xe7, 0x16, 0xdf, 0xd4, 0xde, 0xf4, 0xd6, 0xf5, 0xde, 0xf5, 0xde,
    0xf4, 0xd6, 0xf5, 0xde, 0xd4, 0xde, 0xf4, 0xde, 0xf5, 0xd6, 0xd4, 0xde,
    0xd4, 0xde, 0xd4, 0xd6, 0xd4, 0xd6, 0xf4, 0xde, 0xd4, 0xde, 0xd4, 0xde,
    0xd4, 0xd6, 0xd4, 0xd6, 0xd4, 0xd6, 0xf5, 0xde, 0x72, 0xce, 0xaf, 0xb5,
    0xf0, 0xb5, 0xb4, 0xd6, 0xd4, 0xde, 0xd4, 0xd6, 0xd4, 0xd6, 0xb4, 0xd6,
    0xd4, 0xd6, 0xd3, 0xd6, 0xb3, 0xd6, 0xd4, 0xd6, 0xb3, 0xd6, 0xb3, 0xd6,
    0xb3, 0xd6, 0xb4, 0xce, 0xb3, 0xd6, 0xb4, 0xd6, 0xb3, 0xd6, 0xd4, 0xde,
    0x79, 0xef, 0x17, 0xe7, 0xb3, 0xd6, 0x93, 0xd6, 0xb3, 0xd6, 0x92, 0xd6,
    0xb3, 0xce, 0x93, 0xce, 0x92, 0xd6, 0x93, 0xce, 0x92, 0xce, 0x93, 0xce,
    0x93, 0xce, 0x92, 0xce, 0x92, 0xce, 0x92, 0xce, 0x92, 0xce, 0x92, 0xce,
    0x93, 0xce, 0x92, 0xce, 0x92, 0xce, 0x93, 0xce, 0xd4, 0xd6, 0x15, 0xdf,
    0x36, 0xe7, 0x16, 0xe7, 0x15, 0xe7, 0x15, 0xdf, 0x15, 0xe7, 0xf5, 0xde,
    0x58, 0xef, 0xbb, 0xf7, 0x78, 0xf7, 0x99, 0xf7, 0x98, 0xf7, 0x78, 0xf7,
    0x99, 0xf7, 0x78, 0xef, 0x78, 0xf7, 0x78, 0xef, 0x79, 0xef, 0x98, 0xef,
    0x78, 0xf7, 0x78, 0xf7, 0x98, 0xef, 0x78, 0xf7, 0x78, 0xef, 0x79, 0xef,
    0x78, 0xf7, 0x78, 0xef, 0x79, 0xef, 0x78, 0xf7, 0x79, 0xf7, 0x78, 0xef,
    0x79, 0xf7, 0x79, 0xf7, 0x78, 0xef, 0x78, 0xf7, 0x78, 0xf7, 0x79, 0xef,
    0x78, 0xf7, 0x78, 0xf7, 0x79, 0xef, 0x78, 0xf7, 0x98, 0xef, 0x79, 0xf7,
    0x78, 0xf7, 0x78, 0xef, 0x78, 0xf7, 0x78, 0xef, 0x99, 0xef, 0x78, 0xf7,
    0x78, 0xf7, 0x78, 0xef, 0x99, 0xf7, 0x78, 0xef, 0x99, 0xf7, 0x9b, 0xf7,
    0xf6, 0xde, 0xf5, 0xde, 0x15, 0xe7, 0xf6, 0xde, 0x15, 0xdf, 0x16, 0xe7,
    0x36, 0xe7, 0xf5, 0xde, 0x92, 0xce, 0x72, 0xce, 0x92, 0xce, 0x92, 0xce,
    0x92, 0xce, 0x92, 0xce, 0x93, 0xce, 0x92, 0xce, 0x72, 0xce, 0x92, 0xce,
    0x92, 0xce, 0x93, 0xd6, 0x93, 0xce, 0x93, 0xce, 0xb3, 0xd6, 0xb2, 0xd6,
    0x93, 0xce, 0x92, 0xce, 0xd4, 0xd6, 0x58, 0xef, 0x37, 0xe7, 0xb3, 0xd6,
    0xb3, 0xd6, 0xb3, 0xd6, 0xb3, 0xd6, 0xb3, 0xd6, 0xb3, 0xd6, 0xb4, 0xd6,
    0xb3, 0xd6, 0xd3, 0xd6, 0xb4, 0xd6, 0xd4, 0xd6, 0xd3, 0xd6, 0xd4, 0xd6,
    0xd4, 0xd6, 0xd4, 0xd6, 0xd4, 0xd6, 0xd4, 0xde, 0xd4, 0xd6, 0xd4, 0xde,
    0xd4, 0xd6, 0xd4, 0xd6, 0xd4, 0xd6, 0xd4, 0xd6, 0xd4, 0xd6, 0xd4, 0xde,
    0xd4, 0xde, 0xf4, 0xd6, 0xd4, 0xd6, 0xf4, 0xde, 0xf5, 0xd6, 0xf4, 0xde,
    0xf4, 0xd6, 0xd4, 0xd6, 0xf4, 0xde, 0x16, 0xdf, 0x37, 0xe7, 0x38, 0xe7,
    0x38, 0xe7, 0x16, 0xe7, 0x15, 0xdf, 0xf4, 0xde, 0xf5, 0xde, 0xf5, 0xde,
    0xf5, 0xde, 0xf5, 0xde, 0xf5, 0xde, 0xf5, 0xde, 0x15, 0xdf, 0xf5, 0xde,
    0x15, 0xdf, 0x15, 0xdf, 0xf5, 0xde, 0xf5, 0xde, 0xf5, 0xde, 0x15, 0xdf,
    0x15, 0xdf, 0x15, 0xdf, 0x16, 0xe7, 0x16, 0xdf, 0x15, 0xdf, 0x16, 0xe7,
    0x16, 0xdf, 0x16, 0xdf, 0x35, 0xe7, 0x16, 0xe7, 0x15, 0xdf, 0x15, 0xdf,
    0x35, 0xe7, 0x16, 0xdf, 0x36, 0xe7, 0x16, 0xdf, 0x15, 0xdf, 0x15, 0xdf,
    0x15, 0xe7, 0x16, 0xdf, 0x15, 0xdf, 0x16, 0xe7, 0x15, 0xe7, 0xf5, 0xde,
    0x15, 0xdf, 0x15, 0xdf, 0xf5, 0xde, 0x15, 0xdf, 0x15, 0xdf, 0xf5, 0xde,
    0xf5, 0xde, 0xf5, 0xde, 0xf5, 0xde, 0xf4, 0xde, 0xf4, 0xde, 0x15, 0xdf,
    0x17, 0xe7, 0x38, 0xe7, 0x38, 0xe7, 0x16, 0xe7, 0xf5, 0xde, 0xf4, 0xd6,
    0xf5, 0xde, 0xd5, 0xde, 0xd5, 0xd6, 0xf4, 0xde, 0xd5, 0xde, 0xf4, 0xd6,
    0xd4, 0xde, 0xd4, 0xd6, 0xf4, 0xd6, 0xd4, 0xde, 0xd4, 0xd6, 0xf4, 0xd6,
    0xd4, 0xde, 0xf4, 0xde, 0xd4, 0xd6, 0xf5, 0xde, 0x93, 0xce, 0xcf, 0xb5,
    0x10, 0xbe, 0xd4, 0xd6, 0xd4, 0xde, 0xd4, 0xd6, 0xd4, 0xd6, 0xd4, 0xde,
    0xd4, 0xd6, 0xb4, 0xd6, 0xd3, 0xd6, 0xd4, 0xd6, 0xd4, 0xd6, 0xb3, 0xd6,
    0xb3, 0xd6, 0xd3, 0xd6, 0xb4, 0xd6, 0xb3, 0xd6, 0xb3, 0xce, 0xd4, 0xd6,
    0x58, 0xe7, 0xf5, 0xde, 0x93, 0xce, 0xb3, 0xce, 0x93, 0xce, 0x93, 0xd6,
    0x93, 0xd6, 0x92, 0xce, 0x92, 0xce, 0x92, 0xce, 0x92, 0xce, 0x72, 0xce,
    0x93, 0xce, 0x92, 0xce, 0x93, 0xce, 0x93, 0xce, 0x93, 0xce, 0x72, 0xce,
    0x73, 0xce, 0x93, 0xce, 0x92, 0xce, 0xd4, 0xd6, 0x36, 0xe7, 0x16, 0xe7,
    0x16, 0xdf, 0x36, 0xe7, 0x15, 0xdf, 0x16, 0xe7, 0xf5, 0xde, 0x37, 0xe7,
    0xbb, 0xf7, 0x79, 0xf7, 0x78, 0xf7, 0x79, 0xef, 0x99, 0xef, 0x78, 0xef,
    0x79, 0xef, 0x78, 0xf7, 0x78, 0xf7, 0x78, 0xef, 0x78, 0xf7, 0x78, 0xef,
    0x79, 0xef, 0x78, 0xef, 0x78, 0xef, 0x78, 0xf7, 0x79, 0xef, 0x78, 0xf7,
    0x78, 0xf7, 0x78, 0xef, 0x78, 0xf7, 0x78, 0xef, 0x78, 0xef, 0x78, 0xef,
    0x78, 0xf7, 0x78, 0xef, 0x78, 0xef, 0x79, 0xf7, 0x78, 0xef, 0x78, 0xf7,
    0x79, 0xef, 0x78, 0xef, 0x98, 0xf7, 0x78, 0xf7, 0x79, 0xef, 0x78, 0xef,
    0x79, 0xef, 0x78, 0xef, 0x78, 0xf7, 0x78, 0xef, 0x79, 0xf7, 0x78, 0xf7,
    0x78, 0xef, 0x79, 0xf7, 0x78, 0xf7, 0x99, 0xf7, 0x78, 0xef, 0xba, 0xf7,
    0x7a, 0xf7, 0xf5, 0xde, 0x15, 0xe7, 0x16, 0xdf, 0x15, 0xdf, 0x15, 0xe7,
    0x16, 0xdf, 0x16, 0xdf, 0x16, 0xdf, 0xb3, 0xd6, 0x72, 0xce, 0x92, 0xce,
    0x92, 0xce, 0x73, 0xce, 0x92, 0xce, 0x72, 0xce, 0x72, 0xce, 0x93, 0xce,
    0x93, 0xce, 0x92, 0xce, 0x92, 0xce, 0x93, 0xce, 0x93, 0xd6, 0xb3, 0xce,
    0x93, 0xd6, 0x93, 0xce, 0xb4, 0xd6, 0x37, 0xe7, 0x16, 0xe7, 0xb3, 0xce,
    0xb3, 0xd6, 0xb3, 0xd6, 0xb3, 0xce, 0xb4, 0xd6, 0xb4, 0xd6, 0xb3, 0xd6,
    0xb4, 0xd6, 0xd4, 0xd6, 0xb3, 0xd6, 0xb4, 0xd6, 0xd3, 0xd6, 0xd4, 0xd6,
    0xb3, 0xd6, 0xb4, 0xd6, 0xd4, 0xd6, 0xd4, 0xde, 0xd4, 0xd6, 0xd4, 0xd6,
    0xd4, 0xde, 0xf4, 0xd6, 0xd4, 0xde, 0xd4, 0xd6, 0xf4, 0xde, 0xd4, 0xd6,
    0xd4, 0xde, 0xf4, 0xde, 0xf4, 0xde, 0xd5, 0xde, 0xd4, 0xd6, 0xd4, 0xd6,
    0xf5, 0xde, 0x17, 0xe7, 0x58, 0xe7, 0x38, 0xe7, 0x17, 0xe7, 0xf5, 0xde,
    0xf4, 0xde, 0xf5, 0xde, 0xf5, 0xde, 0xf5, 0xde, 0xf5, 0xde, 0xf5, 0xde,
    0xf5, 0xde, 0x15, 0xdf, 0x15, 0xdf, 0x15, 0xdf, 0xf5, 0xde, 0xf5, 0xde,
    0x15, 0xdf, 0xf5, 0xde, 0xf4, 0xde, 0xf5, 0xde, 0x15, 0xdf, 0xf5, 0xde,
    0x15, 0xe7, 0x15, 0xe7, 0x15, 0xdf, 0x15, 0xdf, 0x15, 0xdf, 0x15, 0xdf,
    0x15, 0xdf, 0x15, 0xe7, 0x16, 0xdf, 0x36, 0xe7, 0x16, 0xe7, 0x16, 0xdf,
    0x16, 0xdf, 0x35, 0xe7, 0x16, 0xdf, 0x15, 0xe7, 0x36, 0xe7, 0x16, 0xe7,
    0x16, 0xe7, 0x15, 0xe7, 0x16, 0xe7, 0x15, 0xdf, 0x15, 0xdf, 0x15, 0xdf,
    0x15, 0xdf, 0xf5, 0xde, 0xf5, 0xde, 0x15, 0xdf, 0x15, 0xdf, 0x15, 0xdf,
    0xf4, 0xde, 0xf5, 0xde, 0xf5, 0xde, 0xf5, 0xde, 0xf5, 0xde, 0xf5, 0xde,
    0xf4, 0xde, 0xf4, 0xde, 0xf5, 0xde, 0x37, 0xe7, 0x38, 0xe7, 0x38, 0xe7,
    0x16, 0xdf, 0xf4, 0xde, 0xd4, 0xd6, 0xf5, 0xde, 0xd5, 0xde, 0xf5, 0xd6,
    0xf4, 0xde, 0xd4, 0xde, 0xf5, 0xd6, 0xd4, 0xde, 0xd4, 0xd6, 0xd4, 0xd6,
    0xd4, 0xd6, 0xd4, 0xde, 0xd4, 0xd6, 0xd4, 0xd6, 0xf4, 0xde, 0xb3, 0xd6,
    0xd4, 0xd6, 0xd4, 0xd6, 0xd4, 0xd6, 0xd4, 0xd6, 0xd4, 0xd6, 0xd4, 0xd6,
    0xd4, 0xd6, 0xb4, 0xd6, 0xb3, 0xd6, 0xb4, 0xd6, 0xd4, 0xd6, 0xd4, 0xd6,
    0xb3, 0xd6, 0xb4, 0xd6, 0xb3, 0xd6, 0xb3, 0xd6, 0xb3, 0xd6, 0xb3, 0xce,
    0xb3, 0xd6, 0x93, 0xd6, 0x93, 0xce, 0xb3, 0xd6, 0xb3, 0xce, 0xb3, 0xd6,
    0x92, 0xce, 0x93, 0xce, 0x93, 0xd6, 0x93, 0xce, 0x93, 0xd6, 0x92, 0xce,
    0x93, 0xce, 0x92, 0xce, 0x93, 0xce, 0x93, 0xce, 0x93, 0xce, 0x93, 0xce,
    0x92, 0xce, 0xb3, 0xd6, 0xf5, 0xde, 0x36, 0xe7, 0x36, 0xe7, 0x36, 0xe7,
    0x36, 0xe7, 0x16, 0xdf, 0x16, 0xdf, 0x15, 0xdf, 0x37, 0xe7, 0xbc, 0xf7,
    0x99, 0xf7, 0x78, 0xf7, 0x78, 0xef, 0x98, 0xf7, 0x78, 0xf7, 0x78, 0xef,
    0x79, 0xf7, 0x98, 0xef, 0x78, 0xef, 0x79, 0xf7, 0x78, 0xf7, 0x78, 0xf7,
    0x79, 0xef, 0x78, 0xf7, 0x78, 0xf7, 0x99, 0xef, 0x78, 0xf7, 0x78, 0xef,
    0x98, 0xef, 0x78, 0xef, 0x78, 0xf7, 0x78, 0xef, 0x78, 0xef, 0x78, 0xf7,
    0x78, 0xf7, 0x78, 0xef, 0x79, 0xf7, 0x78, 0xef, 0x78, 0xef, 0x78, 0xf7,
    0x78, 0xf7, 0x79, 0xef, 0x78, 0xef, 0x99, 0xf7, 0x78, 0xef, 0x78, 0xf7,
    0x99, 0xf7, 0x78, 0xef, 0x78, 0xf7, 0x78, 0xef, 0x78, 0xef, 0x78, 0xf7,
    0x98, 0xef, 0x78, 0xef, 0x79, 0xf7, 0x98, 0xf7, 0x99, 0xf7, 0x78, 0xef,
    0xba, 0xf7, 0x59, 0xef, 0xf5, 0xde, 0x16, 0xe7, 0x15, 0xe7, 0xf6, 0xe6,
    0x16, 0xdf, 0x16, 0xe7, 0x16, 0xe7, 0x16, 0xdf, 0xd4, 0xd6, 0x72, 0xce,
    0x93, 0xce, 0x93, 0xce, 0x92, 0xce, 0x72, 0xce, 0x92, 0xce, 0x93, 0xce,
    0x92, 0xd6, 0x92, 0xce, 0x93, 0xce, 0x92, 0xce, 0x92, 0xce, 0x93, 0xce,
    0x92, 0xd6, 0xb3, 0xce, 0xb3, 0xd6, 0xb3, 0xd6, 0xb3, 0xd6, 0xb4, 0xd6,
    0xb4, 0xd6, 0xb4, 0xce, 0xb3, 0xd6, 0xb3, 0xd6, 0xb4, 0xce, 0xb3, 0xd6,
    0xb3, 0xd6, 0xb4, 0xd6, 0xd3, 0xd6, 0xd4, 0xd6, 0xd4, 0xd6, 0xd3, 0xd6,
    0xb4, 0xd6, 0xd4, 0xd6, 0xd4, 0xd6, 0xd4, 0xde, 0xd4, 0xd6, 0xd4, 0xd6,
    0xd4, 0xde, 0xf4, 0xde, 0xd4, 0xd6, 0xd4, 0xde, 0xf4, 0xd6, 0xd4, 0xd6,
    0xf4, 0xd6, 0xf4, 0xde, 0xd4, 0xd6, 0xf4, 0xde, 0x16, 0xdf, 0x37, 0xe7,
    0x38, 0xe7, 0x38, 0xe7, 0xf5, 0xde, 0xf4, 0xd6, 0xf4, 0xde, 0xf5, 0xde,
    0xf5, 0xde, 0xf5, 0xde, 0xf5, 0xde, 0xf5, 0xde, 0xf5, 0xde, 0x15, 0xdf,
    0x15, 0xdf, 0xf5, 0xde, 0x14, 0xdf, 0xf4, 0xde, 0x15, 0xdf, 0x15, 0xe7,
    0x36, 0xe7, 0x37, 0xe7, 0x37, 0xe7, 0x58, 0xef, 0x58, 0xef, 0x58, 0xef,
    0x79, 0xef, 0x59, 0xef, 0x58, 0xef, 0x58, 0xef, 0x58, 0xef, 0x58, 0xef,
    0x58, 0xef, 0x57, 0xe7, 0x36, 0xe7, 0x36, 0xe7, 0x36, 0xe7, 0x15, 0xdf,
    0x36, 0xe7, 0x37, 0xe7, 0x37, 0xe7, 0x37, 0xe7, 0x37, 0xe7, 0x37, 0xe7,
    0x57, 0xe7, 0x57, 0xe7, 0x57, 0xe7, 0x58, 0xef, 0x58, 0xef, 0x58, 0xe7,
    0x37, 0xef, 0x37, 0xe7, 0x37, 0xe7, 0x16, 0xe7, 0x15, 0xe7, 0xf5, 0xde,
    0xf4, 0xde, 0x15, 0xdf, 0xf5, 0xde, 0xf5, 0xde, 0xf5, 0xde, 0xf5, 0xde,
    0xf5, 0xde, 0xf5, 0xde, 0xf4, 0xde, 0xf4, 0xde, 0xf5, 0xde, 0x16, 0xdf,
    0x38, 0xe7, 0x38, 0xe7, 0x37, 0xe7, 0xf5, 0xde, 0xd4, 0xd6, 0xd4, 0xd6,
    0xf5, 0xde, 0xd5, 0xde, 0xd4, 0xd6, 0xd4, 0xde, 0xd4, 0xde, 0xd4, 0xd6,
    0xd4, 0xd6, 0xd4, 0xd6, 0xd5, 0xde, 0xd4, 0xd6, 0xd4, 0xd6, 0xd5, 0xd6,
    0xd4, 0xd6, 0xd4, 0xd6, 0xd4, 0xde, 0xd4, 0xde, 0xd4, 0xd6, 0xd4, 0xd6,
    0xd4, 0xd6, 0xb3, 0xd6, 0xb4, 0xd6, 0xd3, 0xd6, 0xb3, 0xd6, 0xb4, 0xd6,
    0xb4, 0xd6, 0xd3, 0xd6, 0xb4, 0xce, 0xb3, 0xd6, 0xb3, 0xd6, 0x93, 0xce,
    0xb3, 0xd6, 0x93, 0xd6, 0xb3, 0xd6, 0xb3, 0xd6, 0xb3, 0xce, 0x93, 0xd6,
    0x93, 0xce, 0x92, 0xce, 0x93, 0xce, 0x93, 0xd6, 0x92, 0xce, 0x93, 0xce,
    0x93, 0xce, 0x92, 0xce, 0x72, 0xce, 0x93, 0xce, 0x92, 0xce, 0x92, 0xce,
    0xd4, 0xd6, 0x16, 0xe7, 0x36, 0xe7, 0x16, 0xe7, 0x16, 0xe7, 0x16, 0xe7,
    0x36, 0xe7, 0x36, 0xe7, 0x15, 0xe7, 0x36, 0xe7, 0x9b, 0xf7, 0x99, 0xf7,
    0x98, 0xf7, 0x79, 0xf7, 0x98, 0xef, 0x99, 0xf7, 0x99, 0xf7, 0x78, 0xf7,
    0x78, 0xef, 0x98, 0xef, 0x79, 0xef, 0x78, 0xef, 0x78, 0xef, 0x79, 0xf7,
    0x78, 0xef, 0x98, 0xf7, 0x79, 0xef, 0x78, 0xef, 0x78, 0xf7, 0x78, 0xf7,
    0x78, 0xef, 0x99, 0xf7, 0x78, 0xf7, 0x79, 0xef, 0x98, 0xf7, 0x79, 0xf7,
    0x98, 0xef, 0x78, 0xef, 0x78, 0xf7, 0x98, 0xf7, 0x79, 0xef, 0x78, 0xf7,
    0x99, 0xf7, 0x78, 0xef, 0x79, 0xf7, 0x78, 0xef, 0x78, 0xf7, 0x98, 0xef,
    0x79, 0xf7, 0x78, 0xef, 0x78, 0xef, 0x78, 0xf7, 0x78, 0xef, 0x78, 0xef,
    0x99, 0xf7, 0x78, 0xef, 0x78, 0xef, 0x78, 0xef, 0x79, 0xf7, 0x99, 0xf7,
    0x78, 0xf7, 0xbb, 0xf7, 0x59, 0xef, 0xf5, 0xde, 0x16, 0xe7, 0x16, 0xe7,
    0x16, 0xdf, 0x16, 0xe7, 0x15, 0xe7, 0x16, 0xdf, 0x16, 0xe7, 0xf5, 0xde,
    0x93, 0xce, 0x72, 0xce, 0x93, 0xce, 0x93, 0xce, 0x92, 0xce, 0x92, 0xce,
    0x93, 0xce, 0x92, 0xce, 0x93, 0xd6, 0x93, 0xce, 0x92, 0xce, 0x93, 0xd6,
    0x93, 0xce, 0x93, 0xce, 0xb3, 0xd6, 0xb3, 0xd6, 0xb3, 0xce, 0xb3, 0xd6,
    0xb3, 0xd6, 0xb4, 0xd6, 0xb4, 0xd6, 0xb3, 0xd6, 0xb4, 0xd6, 0xd3, 0xd6,
    0xb3, 0xd6, 0xb3, 0xce, 0xd4, 0xd6, 0xd4, 0xd6, 0xb4, 0xd6, 0xd4, 0xd6,
    0xd4, 0xd6, 0xd4, 0xd6, 0xd4, 0xde, 0xd4, 0xd6, 0xd4, 0xd6, 0xd4, 0xde,
    0xd4, 0xd6, 0xd4, 0xd6, 0xd4, 0xd6, 0xd4, 0xde, 0xd4, 0xd6, 0xd4, 0xd6,
    0xd4, 0xde, 0xf5, 0xde, 0x17, 0xdf, 0x58, 0xe7, 0x38, 0xe7, 0x16, 0xdf,
    0xf4, 0xde, 0xf4, 0xde, 0xf5, 0xde, 0xf5, 0xde, 0xf5, 0xde, 0xf5, 0xd6,
    0xf5, 0xde, 0xf4, 0xde, 0xf5, 0xd6, 0x15, 0xdf, 0xf5, 0xde, 0xf4, 0xde,
    0xf5, 0xde, 0x16, 0xdf, 0x37, 0xe7, 0x58, 0xef, 0x59, 0xef, 0x79, 0xef,
    0x59, 0xef, 0x58, 0xef, 0x57, 0xe7, 0x37, 0xe7, 0x36, 0xe7, 0x36, 0xe7,
    0x36, 0xe7, 0x16, 0xe7, 0x36, 0xe7, 0x37, 0xe7, 0x37, 0xe7, 0x37, 0xe7,
    0x57, 0xe7, 0x58, 0xe7, 0x58, 0xef, 0x78, 0xef, 0x58, 0xef, 0x57, 0xe7,
    0x37, 0xe7, 0x36, 0xe7, 0x36, 0xe7, 0x36, 0xdf, 0x15, 0xe7, 0x15, 0xdf,
    0x16, 0xdf, 0x15, 0xdf, 0x16, 0xdf, 0x15, 0xe7, 0x16, 0xe7, 0x16, 0xdf,
    0x16, 0xe7, 0x36, 0xe7, 0x37, 0xe7, 0x38, 0xe7, 0x58, 0xef, 0x58, 0xef,
    0x37, 0xe7, 0x36, 0xe7, 0xf5, 0xde, 0xf4, 0xde, 0xf4, 0xd6, 0xf5, 0xde,
    0xf5, 0xde, 0xf5, 0xde, 0xf5, 0xde, 0xf5, 0xd6, 0xf4, 0xde, 0xd4, 0xde,
    0xd4, 0xd6, 0xf5, 0xde, 0x37, 0xe7, 0x38, 0xe7, 0x37, 0xe7, 0x16, 0xdf,
    0xd5, 0xde, 0xd4, 0xd6, 0xf4, 0xde, 0xf5, 0xde, 0xf4, 0xd6, 0xd4, 0xde,
    0xd4, 0xde, 0xf4, 0xde, 0xd4, 0xd6, 0xd4, 0xd6, 0xd4, 0xde, 0xd4, 0xd6,
    0xd4, 0xde, 0xd4, 0xd6, 0xd4, 0xd6, 0xd4, 0xd6, 0xd4, 0xde, 0xd4, 0xde,
    0xd4, 0xd6, 0xb4, 0xd6, 0xd4, 0xd6, 0xd3, 0xd6, 0xb3, 0xd6, 0xd4, 0xd6,
    0xd3, 0xd6, 0xd3, 0xd6, 0xb3, 0xd6, 0xb3, 0xd6, 0xb4, 0xd6, 0xb3, 0xce,
    0xb3, 0xd6, 0xb3, 0xce, 0xb3, 0xce, 0xb3, 0xd6, 0x93, 0xce, 0xb3, 0xd6,
    0x93, 0xd6, 0x93, 0xce, 0x93, 0xce, 0x93, 0xce, 0x92, 0xce, 0x93, 0xd6,
    0x93, 0xce, 0x92, 0xce, 0x92, 0xce, 0x92, 0xce, 0x93, 0xce, 0xf5, 0xde,
    0x36, 0xe7, 0x36, 0xe7, 0x16, 0xe7, 0x36, 0xe7, 0x16, 0xdf, 0x15, 0xe7,
    0x36, 0xdf, 0x15, 0xdf, 0x16, 0xdf, 0x9b, 0xf7, 0x99, 0xf7, 0x78, 0xef,
    0x99, 0xf7, 0x78, 0xf7, 0x78, 0xef, 0x99, 0xf7, 0x78, 0xef, 0x78, 0xf7,
    0x78, 0xf7, 0x78, 0xef, 0x78, 0xf7, 0x78, 0xef, 0x78, 0xef, 0x78, 0xf7,
    0x99, 0xef, 0x78, 0xef, 0x78, 0xf7, 0x79, 0xef, 0x98, 0xf7, 0x79, 0xef,
    0x79, 0xf7, 0x78, 0xef, 0x78, 0xef, 0x78, 0xef, 0x78, 0xf7, 0x79, 0xef,
    0x98, 0xef, 0x78, 0xf7, 0x79, 0xef, 0x98, 0xf7, 0x79, 0xef, 0x78, 0xef,
    0x78, 0xef, 0x79, 0xef, 0x98, 0xf7, 0x78, 0xf7, 0x79, 0xef, 0x79, 0xef,
    0x78, 0xf7, 0x78, 0xef, 0x99, 0xf7, 0x79, 0xf7, 0x78, 0xef, 0x78, 0xef,
    0x78, 0xf7, 0x78, 0xf7, 0x78, 0xef, 0x78, 0xf7, 0x78, 0xef, 0x78, 0xef,
    0x78, 0xf7, 0x78, 0xf7, 0xbb, 0xf7, 0x38, 0xe7, 0xf5, 0xde, 0x15, 0xe7,
    0x15, 0xdf, 0x16, 0xdf, 0x16, 0xe7, 0x16, 0xe7, 0x16, 0xe7, 0x36, 0xe7,
    0x16, 0xdf, 0xb4, 0xd6, 0x72, 0xce, 0x72, 0xce, 0x93, 0xce, 0x93, 0xce,
    0x92, 0xce, 0x93, 0xce, 0x92, 0xd6, 0x93, 0xce, 0xb3, 0xd6, 0xb3, 0xd6,
    0xb3, 0xce, 0xb3, 0xd6, 0xb3, 0xd6, 0xb3, 0xce, 0x93, 0xce, 0xb3, 0xd6,
    0xb3, 0xd6, 0xb3, 0xce, 0xb3, 0xd6, 0xb3, 0xd6, 0xd4, 0xd6, 0xb4, 0xd6,
    0xb4, 0xd6, 0xb3, 0xd6, 0xd4, 0xd6, 0xd4, 0xd6, 0xb3, 0xd6, 0xd4, 0xd6,
    0xd4, 0xd6, 0xd4, 0xde, 0xd4, 0xde, 0xd4, 0xd6, 0xf4, 0xd6, 0xd4, 0xde,
    0xf4, 0xd6, 0xf4, 0xd6, 0xd4, 0xd6, 0xd4, 0xd6, 0xf5, 0xde, 0x16, 0xdf,
    0x38, 0xe7, 0x38, 0xe7, 0x17, 0xe7, 0xf5, 0xde, 0xd4, 0xd6, 0xd4, 0xde,
    0xf5, 0xde, 0xf5, 0xd6, 0xf4, 0xde, 0xf4, 0xde, 0xf5, 0xd6, 0xf5, 0xde,
    0xf5, 0xde, 0xf4, 0xde, 0xf4, 0xde, 0x15, 0xdf, 0x37, 0xe7, 0x58, 0xe7,
    0x79, 0xef, 0x59, 0xef, 0x58, 0xef, 0x37, 0xe7, 0x16, 0xdf, 0x15, 0xdf,
    0x15, 0xdf, 0x15, 0xdf, 0x15, 0xe7, 0x15, 0xdf, 0x16, 0xdf, 0x15, 0xdf,
    0x15, 0xdf, 0x16, 0xdf, 0x16, 0xdf, 0x16, 0xdf, 0x36, 0xe7, 0x36, 0xe7,
    0x36, 0xe7, 0x16, 0xe7, 0x16, 0xdf, 0x36, 0xe7, 0x36, 0xe7, 0x37, 0xe7,
    0x16, 0xe7, 0x36, 0xe7, 0x15, 0xdf, 0x36, 0xe7, 0x36, 0xe7, 0x36, 0xe7,
    0x36, 0xe7, 0x16, 0xe7, 0x16, 0xe7, 0x15, 0xdf, 0x15, 0xdf, 0x15, 0xdf,
    0x15, 0xdf, 0xf5, 0xde, 0xf5, 0xde, 0x15, 0xdf, 0xf5, 0xde, 0x16, 0xdf,
    0x37, 0xe7, 0x58, 0xe7, 0x58, 0xe7, 0x58, 0xe7, 0x36, 0xe7, 0xf5, 0xde,
    0xf4, 0xd6, 0xf4, 0xde, 0xf5, 0xde, 0xf5, 0xde, 0xf5, 0xd6, 0xf5, 0xde,
    0xf5, 0xde, 0xf4, 0xde, 0xd4, 0xd6, 0xd5, 0xde, 0xf6, 0xde, 0x37, 0xe7,
    0x58, 0xe7, 0x37, 0xe7, 0xf6, 0xde, 0xd4, 0xd6, 0xd4, 0xd6, 0xd5, 0xde,
    0xf5, 0xd6, 0xf4, 0xde, 0xd4, 0xd6, 0xd5, 0xde, 0xf4, 0xde, 0xd4, 0xde,
    0xd4, 0xd6, 0xd4, 0xd6, 0xd4, 0xd6, 0xd4, 0xd6, 0xb4, 0xd6, 0xd4, 0xd6,
    0xd4, 0xd6, 0xd4, 0xd6, 0xb4, 0xd6, 0xb4, 0xd6, 0xd4, 0xd6, 0xb3, 0xd6,
    0xb3, 0xd6, 0xb4, 0xd6, 0xb3, 0xd6, 0xb3, 0xce, 0xb3, 0xd6, 0xb3, 0xd6,
    0xb3, 0xce, 0xb4, 0xd6, 0xb3, 0xd6, 0xb3, 0xd6, 0xb3, 0xce, 0x93, 0xce,
    0xb3, 0xd6, 0xb2, 0xd6, 0xb3, 0xce, 0x93, 0xd6, 0x93, 0xd6, 0x92, 0xce,
    0x93, 0xce, 0x93, 0xce, 0x72, 0xce, 0xb4, 0xd6, 0x16, 0xe7, 0x37, 0xe7,
    0x36, 0xe7, 0x36, 0xe7, 0x16, 0xdf, 0x36, 0xdf, 0x36, 0xe7, 0x36, 0xe7,
    0x16, 0xdf, 0x15, 0xdf, 0x9a, 0xf7, 0xba, 0xf7, 0x78, 0xef, 0x99, 0xf7,
    0x78, 0xef, 0x78, 0xef, 0x99, 0xf7, 0x79, 0xf7, 0x78, 0xef, 0x79, 0xef,
    0x99, 0xf7, 0x78, 0xef, 0x78, 0xf7, 0x78, 0xf7, 0x79, 0xef, 0x78, 0xef,
    0x78, 0xf7, 0x79, 0xf7, 0x78, 0xef, 0x78, 0xf7, 0x98, 0xef, 0x78, 0xef,
    0x78, 0xf7, 0x98, 0xf7, 0x78, 0xef, 0x78, 0xf7, 0x78, 0xf7, 0x79, 0xef,
    0x78, 0xf7, 0x78, 0xef, 0x79, 0xf7, 0x78, 0xef, 0x78, 0xf7, 0x78, 0xf7,
    0x78, 0xef, 0x99, 0xf7, 0x78, 0xef, 0x78, 0xef, 0x79, 0xf7, 0x98, 0xf7,
    0x78, 0xef, 0x78, 0xef, 0x78, 0xf7, 0x78, 0xf7, 0x78, 0xef, 0x78, 0xef,
    0x78, 0xf7, 0x78, 0xef, 0x79, 0xef, 0x99, 0xf7, 0x78, 0xf7, 0x78, 0xef,
    0x79, 0xef, 0x79, 0xf7, 0x98, 0xf7, 0xbb, 0xf7, 0x37, 0xe7, 0x15, 0xdf,
    0x16, 0xe7, 0x15, 0xdf, 0x16, 0xdf, 0x16, 0xdf, 0x16, 0xe7, 0x36, 0xe7,
    0x37, 0xe7, 0x36, 0xe7, 0xd5, 0xde, 0x72, 0xce, 0x72, 0xce, 0x93, 0xce,
    0x72, 0xce, 0x93, 0xd6, 0x93, 0xce, 0x92, 0xce, 0x93, 0xd6, 0xb3, 0xce,
    0xb3, 0xce, 0xb3, 0xd6, 0x93, 0xd6, 0xb3, 0xce, 0xb3, 0xd6, 0xb3, 0xd6,
    0xb3, 0xce, 0xb3, 0xd6, 0xb4, 0xd6, 0xb3, 0xd6, 0xd4, 0xd6, 0xb4, 0xce,
    0xb4, 0xd6, 0xd3, 0xd6, 0xb4, 0xd6, 0xd4, 0xd6, 0xb4, 0xd6, 0xd4, 0xd6,
    0xd4, 0xd6, 0xd4, 0xd6, 0xd4, 0xd6, 0xd4, 0xde, 0xf4, 0xd6, 0xd4, 0xd6,
    0xd4, 0xd6, 0xf4, 0xde, 0xf6, 0xde, 0x37, 0xe7, 0x38, 0xe7, 0x38, 0xe7,
    0x16, 0xdf, 0xd4, 0xd6, 0xd4, 0xd6, 0xf4, 0xde, 0xd4, 0xde, 0xd5, 0xde,
    0xf5, 0xde, 0xf5, 0xd6, 0xd4, 0xde, 0xf5, 0xd6, 0xf4, 0xde, 0xf4, 0xd6,
    0xf5, 0xde, 0x37, 0xe7, 0x59, 0xe7, 0x59, 0xef, 0x58, 0xe7, 0x37, 0xe7,
    0x16, 0xdf, 0x15, 0xdf, 0xf5, 0xde, 0x15, 0xdf, 0x15, 0xdf, 0x15, 0xdf,
    0x16, 0xdf, 0x15, 0xe7, 0x15, 0xdf, 0x16, 0xdf, 0x16, 0xe7, 0x16, 0xe7,
    0x15, 0xdf, 0x15, 0xe7, 0x16, 0xdf, 0x35, 0xe7, 0x16, 0xe7, 0x16, 0xe7,
    0x36, 0xdf, 0x36, 0xe7, 0x36, 0xe7, 0x36, 0xe7, 0x36, 0xe7, 0x16, 0xe7,
    0x36, 0xe7, 0x36, 0xe7, 0x36, 0xe7, 0x16, 0xdf, 0x16, 0xe7, 0x16, 0xe7,
    0x16, 0xdf, 0x15, 0xdf, 0x16, 0xe7, 0x16, 0xe7, 0x16, 0xdf, 0x16, 0xe7,
    0x15, 0xe7, 0x15, 0xdf, 0x16, 0xdf, 0x15, 0xdf, 0x15, 0xdf, 0x15, 0xdf,
    0xf5, 0xde, 0xf5, 0xde, 0xf5, 0xde, 0x16, 0xe7, 0x38, 0xe7, 0x58, 0xe7,
    0x37, 0xe7, 0x16, 0xe7, 0xf5, 0xde, 0xf4, 0xde, 0xf5, 0xd6, 0xf5, 0xde,
    0xf4, 0xde, 0xd5, 0xd6, 0xf4, 0xde, 0xf5, 0xde, 0xd4, 0xd6, 0xd4, 0xd6,
    0xf5, 0xde, 0x16, 0xe7, 0x38, 0xe7, 0x38, 0xe7, 0x17, 0xe7, 0xf5, 0xde,
    0xd4, 0xd6, 0xd4, 0xd6, 0xd4, 0xde, 0xf5, 0xd6, 0xd4, 0xd6, 0xd4, 0xd6,
    0xd5, 0xde, 0xd4, 0xd6, 0xd4, 0xde, 0xd4, 0xd6, 0xd4, 0xd6, 0xd4, 0xd6,
    0xd4, 0xd6, 0xd4, 0xd6, 0xb3, 0xd6, 0xd4, 0xd6, 0xd4, 0xd6, 0xd3, 0xd6,
    0xb4, 0xd6, 0xb4, 0xd6, 0xb3, 0xd6, 0xb3, 0xd6, 0xb3, 0xd6, 0xb4, 0xce,
    0xb3, 0xd6, 0xb3, 0xd6, 0x93, 0xce, 0xb3, 0xd6, 0xb3, 0xd6, 0x93, 0xce,
    0x93, 0xce, 0xb3, 0xd6, 0x93, 0xce, 0xb3, 0xce, 0xb3, 0xd6, 0xb3, 0xce,
    0x92, 0xce, 0x92, 0xce, 0xd5, 0xd6, 0x37, 0xe7, 0x37, 0xe7, 0x16, 0xe7,
    0x36, 0xe7, 0x16, 0xe7, 0x16, 0xe7, 0x16, 0xdf, 0x35, 0xe7, 0x16, 0xe7,
    0x15, 0xdf, 0x79, 0xef, 0xbb, 0xf7, 0x78, 0xf7, 0x78, 0xf7, 0x78, 0xef,
    0x99, 0xf7, 0x78, 0xf7, 0x78, 0xef, 0x78, 0xf7, 0x78, 0xf7, 0x98, 0xef,
    0x78, 0xef, 0x78, 0xef, 0x78, 0xef, 0x79, 0xf7, 0x78, 0xf7, 0x78, 0xef,
    0x98, 0xef, 0x79, 0xf7, 0x78, 0xef, 0x79, 0xf7, 0x79, 0xf7, 0x78, 0xef,
    0x78, 0xf7, 0x99, 0xf7, 0x78, 0xef, 0x79, 0xf7, 0x98, 0xef, 0x98, 0xf7,
    0x78, 0xf7, 0x78, 0xef, 0x98, 0xf7, 0x78, 0xef, 0x78, 0xef, 0x79, 0xf7,
    0x78, 0xef, 0x78, 0xf7, 0x78, 0xf7, 0x79, 0xef, 0x78, 0xef, 0x78, 0xef,
    0x79, 0xf7, 0x79, 0xef, 0x78, 0xef, 0x78, 0xf7, 0x78, 0xef, 0x78, 0xef,
    0x78, 0xf7, 0x78, 0xef, 0x78, 0xf7, 0x99, 0xef, 0x78, 0xf7, 0x99, 0xf7,
    0x78, 0xef, 0x78, 0xf7, 0x99, 0xf7, 0x99, 0xf7, 0x9b, 0xf7, 0x16, 0xe7,
    0x15, 0xdf, 0x16, 0xe7, 0x16, 0xdf, 0x15, 0xdf, 0x16, 0xdf, 0x16, 0xdf,
    0x16, 0xe7, 0x36, 0xe7, 0x37, 0xe7, 0x16, 0xe7, 0x93, 0xce, 0x72, 0xce,
    0x92, 0xce, 0x93, 0xce, 0x93, 0xd6, 0x93, 0xd6, 0xb3, 0xce, 0x93, 0xd6,
    0xb2, 0xd6, 0x93, 0xce, 0xb3, 0xd6, 0xb3, 0xd6, 0xb3, 0xce, 0xb3, 0xd6,
    0xb3, 0xce, 0xb3, 0xd6, 0xb4, 0xd6, 0xb4, 0xd6, 0xd3, 0xd6, 0xd3, 0xd6,
    0xb4, 0xd6, 0xd3, 0xd6, 0xb3, 0xd6, 0xd4, 0xd6, 0xb4, 0xd6, 0xd4, 0xd6,
    0xd4, 0xde, 0xd4, 0xd6, 0xd4, 0xd6, 0xd4, 0xd6, 0xd4, 0xde, 0xf6, 0xde,
    0x37, 0xe7, 0x38, 0xe7, 0x37, 0xe7, 0x16, 0xdf, 0xf5, 0xde, 0xd4, 0xd6,
    0xf4, 0xde, 0xd5, 0xde, 0xf5, 0xde, 0xf5, 0xd6, 0xf4, 0xde, 0xf5, 0xd6,
    0xf4, 0xd6, 0xd4, 0xde, 0xd4, 0xd6, 0xf5, 0xde, 0x16, 0xe7, 0x38, 0xe7,
    0x59, 0xef, 0x58, 0xe7, 0x37, 0xe7, 0xf5, 0xde, 0xf4, 0xde, 0xf5, 0xde,
    0xf5, 0xde, 0x15, 0xdf, 0xf5, 0xde, 0x15, 0xdf, 0x15, 0xdf, 0x15, 0xe7,
    0x15, 0xdf, 0x16, 0xdf, 0x15, 0xe7, 0x15, 0xe7, 0x16, 0xdf, 0x16, 0xdf,
    0x16, 0xe7, 0x16, 0xe7, 0x16, 0xdf, 0x16, 0xdf, 0x15, 0xdf, 0x36, 0xe7,
    0x16, 0xdf, 0x36, 0xe7, 0x36, 0xe7, 0x36, 0xdf, 0x36, 0xe7, 0x36, 0xe7,
    0x36, 0xe7, 0x36, 0xe7, 0x36, 0xe7, 0x16, 0xdf, 0x36, 0xdf, 0x15, 0xdf,
    0x15, 0xdf, 0x15, 0xdf, 0x15, 0xdf, 0x15, 0xdf, 0x16, 0xdf, 0x16, 0xdf,
    0x15, 0xe7, 0x15, 0xdf, 0x16, 0xdf, 0x15, 0xe7, 0x15, 0xdf, 0x15, 0xdf,
    0x15, 0xdf, 0xf5, 0xde, 0xf5, 0xde, 0xf5, 0xde, 0xf5, 0xde, 0xf5, 0xde,
    0x16, 0xe7, 0x38, 0xe7, 0x58, 0xe7, 0x37, 0xe7, 0xf6, 0xde, 0xd4, 0xde,
    0xd4, 0xde, 0xd5, 0xd6, 0xf5, 0xde, 0xf5, 0xde, 0xd4, 0xde, 0xf4, 0xd6,
    0xd5, 0xde, 0xd4, 0xd6, 0xd4, 0xd6, 0xf5, 0xde, 0x37, 0xe7, 0x58, 0xe7,
    0x38, 0xe7, 0x16, 0xdf, 0xf5, 0xde, 0xd4, 0xd6, 0xd4, 0xd6, 0xd4, 0xd6,
    0xd4, 0xd6, 0xd4, 0xd6, 0xd4, 0xde, 0xd4, 0xd6, 0xd4, 0xde, 0xb4, 0xd6,
    0xd4, 0xd6, 0xd4, 0xde, 0xb3, 0xd6, 0xb4, 0xd6, 0xd4, 0xd6, 0xb3, 0xd6,
    0xb3, 0xd6, 0xb3, 0xd6, 0xd4, 0xd6, 0xb4, 0xd6, 0xb3, 0xd6, 0xb3, 0xce,
    0xb4, 0xd6, 0xb3, 0xd6, 0xb3, 0xce, 0xb3, 0xce, 0xb3, 0xd6, 0xb3, 0xd6,
    0xb3, 0xd6, 0x93, 0xce, 0x93, 0xd6, 0x93, 0xce, 0x93, 0xce, 0x93, 0xce,
    0xb3, 0xd6, 0x16, 0xe7, 0x58, 0xe7, 0x16, 0xe7, 0x16, 0xe7, 0x36, 0xdf,
    0x16, 0xe7, 0x16, 0xe7, 0x16, 0xdf, 0x35, 0xdf, 0x16, 0xe7, 0x15, 0xdf,
    0x78, 0xef, 0x9b, 0xf7, 0x78, 0xef, 0x99, 0xf7, 0x78, 0xf7, 0x98, 0xef,
    0x79, 0xf7, 0x78, 0xef, 0x78, 0xef, 0x98, 0xf7, 0x79, 0xf7, 0x78, 0xef,
    0x79, 0xf7, 0x78, 0xf7, 0x78, 0xef, 0x78, 0xef, 0x79, 0xf7, 0x98, 0xf7,
    0x79, 0xef, 0x78, 0xf7, 0x98, 0xef, 0x78, 0xef, 0x99, 0xf7, 0x78, 0xef,
    0x79, 0xef, 0x78, 0xef, 0x79, 0xf7, 0x78, 0xef, 0x78, 0xef, 0x79, 0xf7,
    0x78, 0xef, 0x99, 0xef, 0x78, 0xf7, 0x78, 0xf7, 0x79, 0xef, 0x98, 0xef,
    0x79, 0xf7, 0x78, 0xef, 0x98, 0xf7, 0x78, 0xf7, 0x79, 0xef, 0x98, 0xf7,
    0x98, 0xf7, 0x79, 0xf7, 0x78, 0xef, 0x78, 0xef, 0x78, 0xf7, 0x79, 0xef,
    0x78, 0xf7, 0x78, 0xf7, 0x78, 0xef, 0x78, 0xef, 0x79, 0xf7, 0x78, 0xef,
    0x98, 0xef, 0x99, 0xf7, 0x79, 0xf7, 0x78, 0xef, 0x9a, 0xf7, 0x9b, 0xf7,
    0x16, 0xdf, 0x15, 0xe7, 0x16, 0xe7, 0x16, 0xe7, 0x15, 0xe7, 0x16, 0xdf,
    0x15, 0xe7, 0x16, 0xdf, 0x16, 0xdf, 0x16, 0xe7, 0x37, 0xe7, 0xf6, 0xde,
    0xb4, 0xd6, 0xb3, 0xd6, 0x93, 0xce, 0x93, 0xce, 0xb3, 0xd6, 0xb3, 0xd6,
    0xb3, 0xce, 0xb3, 0xce, 0x93, 0xd6, 0xb3, 0xd6, 0xb3, 0xce, 0xb4, 0xd6,
    0xb3, 0xd6, 0xb3, 0xce, 0xb3, 0xd6, 0xb4, 0xd6, 0xd3, 0xd6, 0xb3, 0xd6,
    0xb4, 0xd6, 0xd4, 0xd6, 0xd4, 0xd6, 0xb3, 0xd6, 0xd3, 0xd6, 0xb3, 0xd6,
    0xd4, 0xd6, 0xf5, 0xde, 0x16, 0xdf, 0x37, 0xe7, 0x38, 0xe7, 0x37, 0xe7,
    0x16, 0xdf, 0xf5, 0xde, 0xd4, 0xd6, 0xd4, 0xde, 0xf4, 0xde, 0xf4, 0xde,
    0xd4, 0xd6, 0xd4, 0xd6, 0xf5, 0xde, 0xf5, 0xde, 0xf5, 0xde, 0xd4, 0xde,
    0xf5, 0xde, 0x16, 0xdf, 0x38, 0xe7, 0x59, 0xef, 0x38, 0xe7, 0x16, 0xe7,
    0xf5, 0xde, 0xf4, 0xd6, 0xf5, 0xde, 0xf5, 0xde, 0x15, 0xdf, 0x15, 0xdf,
    0xf5, 0xde, 0xf5, 0xde, 0x15, 0xdf, 0x15, 0xdf, 0xf5, 0xde, 0x15, 0xdf,
    0x15, 0xdf, 0x16, 0xdf, 0x15, 0xdf, 0x15, 0xdf, 0x15, 0xdf, 0x15, 0xdf,
    0x15, 0xdf, 0x15, 0xdf, 0x15, 0xe7, 0x15, 0xdf, 0x15, 0xdf, 0x15, 0xdf,
    0x15, 0xe7, 0x16, 0xe7, 0x16, 0xdf, 0x36, 0xe7, 0x16, 0xe7, 0x36, 0xdf,
    0x36, 0xe7, 0x36, 0xe7, 0x37, 0xe7, 0x57, 0xe7, 0x57, 0xe7, 0x58, 0xef,
    0x58, 0xe7, 0x58, 0xef, 0x57, 0xe7, 0x37, 0xe7, 0x37, 0xe7, 0x36, 0xe7,
    0x16, 0xe7, 0x15, 0xdf, 0x15, 0xdf, 0x15, 0xdf, 0xf5, 0xde, 0x15, 0xe7,
    0x15, 0xdf, 0xf5, 0xde, 0xf5, 0xde, 0x15, 0xdf, 0xf5, 0xde, 0xf5, 0xde,
    0xf5, 0xde, 0xf4, 0xde, 0xf5, 0xde, 0x16, 0xdf, 0x37, 0xe7, 0x37, 0xe7,
    0x16, 0xe7, 0xf5, 0xde, 0xf4, 0xd6, 0xd5, 0xde, 0xf5, 0xde, 0xd4, 0xd6,
    0xf4, 0xd6, 0xf5, 0xde, 0xf5, 0xde, 0xf4, 0xd6, 0xd4, 0xd6, 0xd4, 0xd6,
    0xf6, 0xde, 0x37, 0xe7, 0x38, 0xe7, 0x37, 0xe7, 0x16, 0xe7, 0xf5, 0xde,
    0xd4, 0xd6, 0xd4, 0xd6, 0xd4, 0xd6, 0xd4, 0xd6, 0xd4, 0xde, 0xd4, 0xd6,
    0xd4, 0xd6, 0xd4, 0xd6, 0xb3, 0xd6, 0xb4, 0xd6, 0xd4, 0xd6, 0xd4, 0xd6,
    0xb4, 0xd6, 0xb3, 0xd6, 0xb4, 0xce, 0xb3, 0xd6, 0xb3, 0xd6, 0xb3, 0xce,
    0xb3, 0xd6, 0xb3, 0xd6, 0xb3, 0xd6, 0xb3, 0xd6, 0x93, 0xce, 0xb3, 0xce,
    0xb3, 0xd6, 0xb3, 0xd6, 0xb3, 0xd6, 0xb3, 0xd6, 0xb3, 0xd6, 0xf5, 0xde,
    0x38, 0xe7, 0x37, 0xe7, 0x16, 0xe7, 0x16, 0xe7, 0x16, 0xe7, 0x36, 0xdf,
    0x36, 0xe7, 0x16, 0xe7, 0x36, 0xdf, 0x36, 0xe7, 0x15, 0xe7, 0x58, 0xe7,
    0xbb, 0xf7, 0x78, 0xf7, 0x79, 0xef, 0x78, 0xef, 0x78, 0xef, 0x79, 0xf7,
    0x78, 0xf7, 0x78, 0xef, 0x99, 0xef, 0x99, 0xf7, 0x78, 0xef, 0x79, 0xef,
    0x98, 0xf7, 0x79, 0xf7, 0x79, 0xef, 0x98, 0xf7, 0x78, 0xef, 0x79, 0xef,
    0x78, 0xf7, 0x79, 0xf7, 0x78, 0xef, 0x98, 0xf7, 0x78, 0xf7, 0x78, 0xf7,
    0x98, 0xef, 0x79, 0xf7, 0x78, 0xf7, 0x98, 0xf7, 0x79, 0xf7, 0x78, 0xef,
    0x99, 0xf7, 0x78, 0xef, 0x78, 0xf7, 0x79, 0xf7, 0x98, 0xef, 0x78, 0xf7,
    0x79, 0xef, 0x78, 0xef, 0x78, 0xf7, 0x79, 0xef, 0x78, 0xef, 0x98, 0xf7,
    0x78, 0xef, 0x79, 0xf7, 0x98, 0xef, 0x78, 0xef, 0x78, 0xf7, 0x78, 0xef,
    0x78, 0xef, 0x99, 0xef, 0x79, 0xef, 0x78, 0xf7, 0x98, 0xf7, 0x79, 0xef,
    0x99, 0xf7, 0x78, 0xf7, 0x98, 0xef, 0x99, 0xf7, 0x78, 0xf7, 0xba, 0xf7,
    0x7a, 0xef, 0xf5, 0xde, 0x16, 0xdf, 0x16, 0xe7, 0x16, 0xdf, 0x16, 0xe7,
    0x16, 0xe7, 0x16, 0xdf, 0x16, 0xe7, 0x16, 0xdf, 0x16, 0xe7, 0x36, 0xe7,
    0x16, 0xe7, 0xd5, 0xde, 0xd4, 0xd6, 0xd5, 0xd6, 0xd4, 0xd6, 0xd4, 0xd6,
    0xb3, 0xd6, 0x93, 0xce, 0x93, 0xce, 0x93, 0xce, 0xb3, 0xd6, 0x93, 0xd6,
    0xb3, 0xce, 0xb3, 0xd6, 0xb3, 0xce, 0xb3, 0xce, 0xb3, 0xd6, 0xb3, 0xce,
    0xb3, 0xd6, 0xb3, 0xd6, 0xd4, 0xd6, 0xf5, 0xde, 0xf6, 0xde, 0x17, 0xe7,
    0x38, 0xe7, 0x37, 0xe7, 0x17, 0xe7, 0xf6, 0xde, 0xf5, 0xde, 0xd4, 0xd6,
    0xd4, 0xd6, 0xd4, 0xd6, 0xf4, 0xde, 0xf5, 0xde, 0xd4, 0xd6, 0xd5, 0xd6,
    0xf4, 0xde, 0xf4, 0xd6, 0xd4, 0xd6, 0xd4, 0xd6, 0xf5, 0xde, 0x37, 0xe7,
    0x59, 0xe7, 0x38, 0xe7, 0x16, 0xe7, 0xf5, 0xde, 0xf4, 0xd6, 0xf5, 0xde,
    0xf5, 0xde, 0x15, 0xdf, 0xf5, 0xde, 0x15, 0xdf, 0x15, 0xdf, 0xf5, 0xde,
    0x15, 0xdf, 0x15, 0xdf, 0xf5, 0xde, 0x15, 0xdf, 0x15, 0xdf, 0x15, 0xe7,
    0x16, 0xe7, 0x37, 0xe7, 0x37, 0xe7, 0x58, 0xef, 0x58, 0xef, 0x58, 0xef,
    0x79, 0xef, 0x79, 0xef, 0x79, 0xef, 0x79, 0xef, 0x79, 0xef, 0x78, 0xef,
    0x58, 0xef, 0x58, 0xe7, 0x57, 0xe7, 0x37, 0xe7, 0x36, 0xe7, 0x36, 0xe7,
    0x78, 0xef, 0x58, 0xef, 0x58, 0xef, 0x58, 0xef, 0x58, 0xef, 0x58, 0xef,
    0x58, 0xe7, 0x58, 0xef, 0x58, 0xef, 0x58, 0xe7, 0x58, 0xef, 0x58, 0xef,
    0x59, 0xef, 0x59, 0xef, 0x58, 0xef, 0x58, 0xe7, 0x37, 0xe7, 0x16, 0xe7,
    0xf5, 0xde, 0xf5, 0xde, 0x15, 0xdf, 0xf5, 0xde, 0xf5, 0xde, 0xf5, 0xde,
    0xf5, 0xde, 0xf5, 0xde, 0xf5, 0xde, 0xf4, 0xde, 0xf4, 0xd6, 0xf5, 0xde,
    0x17, 0xdf, 0x37, 0xe7, 0x17, 0xe7, 0xf5, 0xde, 0xf4, 0xd6, 0xd4, 0xd6,
    0xd4, 0xde, 0xd5, 0xde, 0xf4, 0xd6, 0xd4, 0xde, 0xd4, 0xd6, 0xd4, 0xde,
    0xd4, 0xd6, 0xd4, 0xd6, 0xd4, 0xde, 0xf5, 0xde, 0x17, 0xe7, 0x38, 0xe7,
    0x38, 0xe7, 0x37, 0xe7, 0x16, 0xe7, 0xf5, 0xde, 0xd4, 0xd6, 0xb3, 0xd6,
    0xb3, 0xd6, 0xd3, 0xd6, 0xb3, 0xd6, 0xd3, 0xd6, 0xb4, 0xd6, 0xd4, 0xd6,
    0xd4, 0xd6, 0xd4, 0xd6, 0xb3, 0xd6, 0xb4, 0xd6, 0xb3, 0xd6, 0xb3, 0xce,
    0xb3, 0xce, 0x93, 0xce, 0xb3, 0xce, 0xb3, 0xd6, 0xb3, 0xd6, 0xb4, 0xd6,
    0xd4, 0xd6, 0xd5, 0xd6, 0xd4, 0xd6, 0xd4, 0xd6, 0xf6, 0xde, 0x37, 0xe7,
    0x36, 0xe7, 0x16, 0xe7, 0x36, 0xe7, 0x16, 0xdf, 0x16, 0xe7, 0x16, 0xdf,
    0x36, 0xe7, 0x16, 0xe7, 0x15, 0xe7, 0x15, 0xdf, 0x37, 0xe7, 0xbb, 0xff,
    0x99, 0xf7, 0x79, 0xf7, 0x79, 0xf7, 0x78, 0xef, 0x98, 0xf7, 0x98, 0xef,
    0x78, 0xf7, 0x78, 0xef, 0x78, 0xef, 0x78, 0xf7, 0x78, 0xf7, 0x78, 0xef,
    0x98, 0xf7, 0x78, 0xef, 0x79, 0xf7, 0x98, 0xf7, 0x78, 0xef, 0x79, 0xf7,
    0x98, 0xef, 0x78, 0xef, 0x79, 0xf7, 0x78, 0xef, 0x79, 0xef, 0x78, 0xf7,
    0x79, 0xef, 0x98, 0xef, 0x78, 0xef, 0x79, 0xf7, 0x98, 0xef, 0x78, 0xf7,
    0x98, 0xef, 0x79, 0xf7, 0x78, 0xef, 0x79, 0xf7, 0x79, 0xef, 0x78, 0xf7,
    0x78, 0xf7, 0x99, 0xef, 0x78, 0xf7, 0x78, 0xef, 0x99, 0xf7, 0x78, 0xef,
    0x78, 0xef, 0x78, 0xf7, 0x78, 0xf7, 0x79, 0xef, 0x78, 0xef, 0x78, 0xf7,
    0x78, 0xf7, 0x78, 0xf7, 0x79, 0xf7, 0x78, 0xef, 0x98, 0xef, 0x99, 0xf7,
    0x78, 0xef, 0x78, 0xf7, 0x98, 0xf7, 0x79, 0xef, 0x78, 0xf7, 0x78, 0xf7,
    0xba, 0xf7, 0x79, 0xef, 0x15, 0xdf, 0x16, 0xdf, 0x16, 0xdf, 0x16, 0xe7,
    0x16, 0xe7, 0x16, 0xe7, 0x15, 0xdf, 0x16, 0xe7, 0x16, 0xdf, 0x16, 0xe7,
    0x36, 0xe7, 0xf5, 0xde, 0xb3, 0xd6, 0xb3, 0xd6, 0xd5, 0xd6, 0xd5, 0xde,
    0xf5, 0xde, 0xf5, 0xde, 0xd5, 0xde, 0xd5, 0xd6, 0xd5, 0xd6, 0xd5, 0xde,
    0xd5, 0xd6, 0xd5, 0xde, 0xf5, 0xde, 0xf6, 0xde, 0xf6, 0xde, 0x16, 0xdf,
    0x16, 0xdf, 0x17, 0xdf, 0x17, 0xdf, 0x17, 0xe7, 0x17, 0xdf, 0x16, 0xdf,
    0xf5, 0xde, 0xd4, 0xd6, 0xd4, 0xd6, 0xd4, 0xd6, 0xd4, 0xde, 0xf4, 0xde,
    0xd4, 0xd6, 0xd4, 0xd6, 0xf4, 0xde, 0xd4, 0xde, 0xf5, 0xd6, 0xd4, 0xd6,
    0xd4, 0xde, 0xf5, 0xde, 0x16, 0xdf, 0x38, 0xe7, 0x59, 0xe7, 0x37, 0xe7,
    0xf5, 0xde, 0xd4, 0xd6, 0xf4, 0xd6, 0xf4, 0xde, 0xf5, 0xde, 0xf5, 0xde,
    0x15, 0xdf, 0xf5, 0xde, 0x15, 0xdf, 0xf5, 0xde, 0xf5, 0xde, 0x15, 0xdf,
    0x15, 0xdf, 0x15, 0xdf, 0x36, 0xe7, 0x58, 0xef, 0x79, 0xef, 0x7a, 0xef,
    0x7a, 0xef, 0x79, 0xef, 0x59, 0xef, 0x58, 0xef, 0x58, 0xe7, 0x37, 0xe7,
    0x37, 0xe7, 0x37, 0xe7, 0x36, 0xe7, 0x37, 0xe7, 0x37, 0xe7, 0x57, 0xe7,
    0x57, 0xef, 0x57, 0xef, 0x58, 0xef, 0x58, 0xef, 0x78, 0xef, 0x59, 0xef,
    0x37, 0xe7, 0x36, 0xe7, 0x35, 0xdf, 0x15, 0xdf, 0x15, 0xdf, 0x15, 0xdf,
    0x15, 0xe7, 0x15, 0xdf, 0x15, 0xdf, 0x15, 0xdf, 0x15, 0xdf, 0x15, 0xdf,
    0x15, 0xdf, 0x16, 0xe7, 0x36, 0xe7, 0x37, 0xe7, 0x58, 0xef, 0x59, 0xef,
    0x79, 0xef, 0x58, 0xe7, 0x36, 0xe7, 0xf5, 0xde, 0xf4, 0xd6, 0xf4, 0xde,
    0xf5, 0xde, 0xf5, 0xd6, 0xf5, 0xde, 0xf5, 0xde, 0xf5, 0xde, 0xf5, 0xde,
    0xf4, 0xd6, 0xf5, 0xde, 0xf6, 0xde, 0x37, 0xe7, 0x38, 0xe7, 0x17, 0xe7,
    0xf5, 0xde, 0xd4, 0xd6, 0xd4, 0xd6, 0xd4, 0xd6, 0xd5, 0xde, 0xd4, 0xd6,
    0xd4, 0xde, 0xd4, 0xde, 0xd4, 0xd6, 0xd4, 0xd6, 0xd4, 0xd6, 0xd4, 0xd6,
    0xd5, 0xde, 0xf6, 0xde, 0x17, 0xe7, 0x37, 0xe7, 0x38, 0xe7, 0x37, 0xe7,
    0x17, 0xe7, 0x16, 0xdf, 0xf6, 0xde, 0xf5, 0xde, 0xd4, 0xde, 0xd4, 0xd6,
    0xd4, 0xd6, 0xd4, 0xd6, 0xd4, 0xd6, 0xd4, 0xd6, 0xd4, 0xd6, 0xd4, 0xd6,
    0xd5, 0xd6, 0xd5, 0xde, 0xf5, 0xde, 0xf6, 0xde, 0xf5, 0xde, 0xd5, 0xd6,
    0xb4, 0xd6, 0xb3, 0xce, 0xd4, 0xd6, 0x37, 0xe7, 0x37, 0xe7, 0x16, 0xe7,
    0x16, 0xe7, 0x36, 0xdf, 0x16, 0xe7, 0x15, 0xe7, 0x16, 0xdf, 0x15, 0xe7,
    0x36, 0xe7, 0x36, 0xe7, 0x15, 0xdf, 0x36, 0xe7, 0x9b, 0xf7, 0x99, 0xf7,
    0x78, 0xef, 0x78, 0xef, 0x78, 0xef, 0x79, 0xf7, 0x79, 0xf7, 0x78, 0xef,
    0x78, 0xf7, 0x99, 0xf7, 0x78, 0xef, 0x78, 0xf7, 0x78, 0xef, 0x79, 0xf7,
    0x78, 0xef, 0x78, 0xef, 0x79, 0xf7, 0x78, 0xf7, 0x79, 0xf7, 0x98, 0xef,
    0x78, 0xf7, 0x79, 0xf7, 0x98, 0xef, 0x78, 0xf7, 0x99, 0xf7, 0x99, 0xf7,
    0x99, 0xf7, 0x98, 0xf7, 0x78, 0xef, 0x78, 0xef, 0x79, 0xf7, 0x78, 0xef,
    0x78, 0xf7, 0x79, 0xef, 0x98, 0xef, 0x78, 0xf7, 0x78, 0xef, 0x99, 0xef,
    0x78, 0xf7, 0x79, 0xf7, 0x98, 0xef, 0x78, 0xf7, 0x78, 0xf7, 0x79, 0xf7,
    0x99, 0xf7, 0x78, 0xef, 0x78, 0xf7, 0x99, 0xf7, 0x78, 0xef, 0x98, 0xf7,
    0x79, 0xef, 0x78, 0xf7, 0x98, 0xf7, 0x79, 0xef, 0x78, 0xf7, 0x99, 0xf7,
    0x79, 0xef, 0x78, 0xf7, 0x99, 0xf7, 0x79, 0xef, 0x78, 0xef, 0x79, 0xf7,
    0x99, 0xf7, 0xba, 0xf7, 0x59, 0xef, 0x15, 0xdf, 0x16, 0xe7, 0x15, 0xdf,
    0x16, 0xe7, 0x16, 0xe7, 0x16, 0xe7, 0x16, 0xe7, 0x16, 0xdf, 0x16, 0xdf,
    0x16, 0xe7, 0x36, 0xe7, 0x36, 0xe7, 0xf5, 0xde, 0x93, 0xce, 0x93, 0xce,
    0x93, 0xd6, 0xb3, 0xd6, 0xb4, 0xd6, 0xd4, 0xd6, 0xd4, 0xd6, 0xd5, 0xd6,
    0xf5, 0xde, 0xf5, 0xde, 0xf5, 0xde, 0xf5, 0xde, 0xf5, 0xde, 0xd5, 0xd6,
    0xf5, 0xd6, 0xd4, 0xd6, 0xd3, 0xd6, 0xb3, 0xd6, 0xb3, 0xd6, 0xd4, 0xd6,
    0xd4, 0xd6, 0xf4, 0xde, 0xd4, 0xd6, 0xd4, 0xd6, 0xd4, 0xde, 0xf4, 0xde,
    0xf4, 0xde, 0xd5, 0xde, 0xd4, 0xd6, 0xd4, 0xd6, 0xf4, 0xde, 0x16, 0xdf,
    0x38, 0xe7, 0x58, 0xef, 0x38, 0xe7, 0x16, 0xdf, 0xd4, 0xde, 0xf4, 0xde,
    0xf4, 0xde, 0xf5, 0xde, 0xf5, 0xde, 0xf5, 0xde, 0xf5, 0xde, 0xf5, 0xde,
    0xf5, 0xde, 0xf5, 0xde, 0xf4, 0xde, 0xf5, 0xde, 0x16, 0xdf, 0x37, 0xe7,
    0x59, 0xef, 0x7a, 0xef, 0x79, 0xef, 0x58, 0xef, 0x37, 0xe7, 0x16, 0xe7,
    0x16, 0xdf, 0x15, 0xdf, 0x15, 0xdf, 0x15, 0xdf, 0x15, 0xdf, 0x15, 0xdf,
    0x16, 0xe7, 0x35, 0xe7, 0x16, 0xe7, 0x35, 0xe7, 0x16, 0xe7, 0x36, 0xe7,
    0x36, 0xdf, 0x35, 0xdf, 0x15, 0xe7, 0x16, 0xdf, 0x36, 0xdf, 0x36, 0xe7,
    0x36, 0xe7, 0x36, 0xe7, 0x36, 0xe7, 0x16, 0xe7, 0x36, 0xe7, 0x16, 0xe7,
    0x36, 0xe7, 0x36, 0xe7, 0x16, 0xe7, 0x16, 0xe7, 0x15, 0xe7, 0x15, 0xdf,
    0x16, 0xdf, 0x16, 0xdf, 0x15, 0xdf, 0xf5, 0xde, 0xf5, 0xde, 0x15, 0xdf,
    0x16, 0xdf, 0x37, 0xe7, 0x58, 0xef, 0x59, 0xef, 0x38, 0xe7, 0x16, 0xe7,
    0xf5, 0xde, 0xf4, 0xd6, 0xf4, 0xd6, 0xf5, 0xde, 0xf5, 0xd6, 0xf5, 0xde,
    0xf5, 0xde, 0xf5, 0xde, 0xd4, 0xd6, 0xd4, 0xd6, 0xf5, 0xde, 0x16, 0xdf,
    0x17, 0xe7, 0x17, 0xe7, 0x16, 0xdf, 0xf5, 0xde, 0xd4, 0xd6, 0xd4, 0xd6,
    0xd4, 0xde, 0xf4, 0xde, 0xd4, 0xd6, 0xd4, 0xde, 0xd4, 0xd6, 0xd4, 0xd6,
    0xd4, 0xde, 0xd4, 0xd6, 0xd3, 0xd6, 0xb4, 0xd6, 0xd4, 0xd6, 0xf5, 0xde,
    0xf5, 0xde, 0x16, 0xdf, 0x17, 0xe7, 0x17, 0xe7, 0x17, 0xdf, 0x17, 0xe7,
    0x16, 0xdf, 0x16, 0xe7, 0x16, 0xdf, 0xf7, 0xde, 0xf6, 0xde, 0xf6, 0xde,
    0xf5, 0xde, 0xd5, 0xd6, 0xd4, 0xd6, 0xb4, 0xd6, 0x93, 0xce, 0x92, 0xce,
    0xb3, 0xd6, 0xf6, 0xde, 0x37, 0xe7, 0x36, 0xe7, 0x16, 0xe7, 0x16, 0xdf,
    0x16, 0xe7, 0x16, 0xdf, 0x36, 0xe7, 0x16, 0xe7, 0x36, 0xe7, 0x16, 0xdf,
    0x35, 0xdf, 0x15, 0xdf, 0x16, 0xe7, 0x9b, 0xf7, 0x99, 0xf7, 0x78, 0xef,
    0x79, 0xef, 0x78, 0xef, 0x98, 0xf7, 0x78, 0xef, 0x78, 0xef, 0x79, 0xef,
    0x78, 0xf7, 0x78, 0xef, 0x99, 0xf7, 0x78, 0xef, 0x78, 0xf7, 0x99, 0xf7,
    0x79, 0xef, 0x98, 0xf7, 0x78, 0xf7, 0x79, 0xef, 0x98, 0xef, 0x78, 0xf7,
    0x79, 0xef, 0x78, 0xf7, 0x98, 0xf7, 0x99, 0xef, 0x78, 0xef, 0x78, 0xf7,
    0x79, 0xf7, 0x99, 0xf7, 0x98, 0xef, 0x79, 0xf7, 0x98, 0xf7, 0x79, 0xef,
    0x78, 0xf7, 0x98, 0xf7, 0x79, 0xef, 0x78, 0xf7, 0x98, 0xf7, 0x79, 0xef,
    0x98, 0xef, 0x78, 0xf7, 0x79, 0xef, 0x78, 0xef, 0x98, 0xf7, 0x79, 0xf7,
    0x78, 0xef, 0x98, 0xef, 0x98, 0xef, 0x78, 0xf7, 0x79, 0xef, 0x99, 0xef,
    0x98, 0xf7, 0x99, 0xef, 0x98, 0xf7, 0x79, 0xf7, 0x78, 0xef, 0x98, 0xf7,
    0x99, 0xf7, 0x78, 0xef, 0x78, 0xf7, 0x78, 0xef, 0x79, 0xf7, 0x79, 0xf7,
    0x99, 0xf7, 0x78, 0xf7, 0xbb, 0xf7, 0x58, 0xef, 0xf5, 0xde, 0x16, 0xdf,
    0x15, 0xdf, 0x16, 0xdf, 0x16, 0xe7, 0x36, 0xe7, 0x36, 0xe7, 0x36, 0xe7,
    0x16, 0xdf, 0x16, 0xe7, 0x36, 0xe7, 0x37, 0xe7, 0x16, 0xe7, 0xb4, 0xd6,
    0x93, 0xce, 0xb3, 0xce, 0xb3, 0xd6, 0x93, 0xd6, 0xb3, 0xce, 0x93, 0xd6,
    0xb3, 0xce, 0xb3, 0xce, 0xb3, 0xce, 0xb3, 0xce, 0xb3, 0xd6, 0xb3, 0xd6,
    0xb4, 0xd6, 0xd4, 0xd6, 0xd4, 0xd6, 0xd4, 0xd6, 0xd4, 0xd6, 0xd4, 0xde,
    0xd4, 0xd6, 0xd4, 0xde, 0xd4, 0xde, 0xd4, 0xd6, 0xd4, 0xd6, 0xd4, 0xd6,
    0xd4, 0xd6, 0xf5, 0xde, 0x16, 0xdf, 0x38, 0xe7, 0x38, 0xe7, 0x38, 0xe7,
    0x16, 0xdf, 0xf5, 0xde, 0xd4, 0xde, 0xf4, 0xde, 0xf5, 0xde, 0xf4, 0xd6,
    0xf5, 0xde, 0xf5, 0xde, 0xf5, 0xde, 0xf4, 0xd6, 0xf5, 0xde, 0xf4, 0xde,
    0xf4, 0xde, 0x16, 0xdf, 0x58, 0xe7, 0x79, 0xef, 0x79, 0xef, 0x59, 0xef,
    0x37, 0xe7, 0x15, 0xdf, 0xf5, 0xde, 0xf5, 0xde, 0x15, 0xdf, 0x15, 0xdf,
    0x16, 0xe7, 0x15, 0xdf, 0x15, 0xe7, 0x16, 0xe7, 0x16, 0xe7, 0x16, 0xdf,
    0x36, 0xe7, 0x16, 0xdf, 0x35, 0xe7, 0x36, 0xdf, 0x16, 0xe7, 0x36, 0xe7,
    0x16, 0xe7, 0x16, 0xdf, 0x36, 0xe7, 0x36, 0xe7, 0x36, 0xe7, 0x36, 0xe7,
    0x36, 0xe7, 0x36, 0xe7, 0x36, 0xe7, 0x16, 0xe7, 0x36, 0xe7, 0x36, 0xdf,
    0x36, 0xe7, 0x36, 0xe7, 0x16, 0xdf, 0x15, 0xe7, 0x16, 0xdf, 0x15, 0xdf,
    0x16, 0xe7, 0x15, 0xdf, 0x15, 0xdf, 0x16, 0xdf, 0x15, 0xdf, 0xf5, 0xde,
    0xf5, 0xde, 0xf5, 0xde, 0xf4, 0xde, 0xf5, 0xde, 0x16, 0xdf, 0x38, 0xe7,
    0x59, 0xe7, 0x58, 0xef, 0x37, 0xe7, 0xf5, 0xde, 0xd4, 0xde, 0xf4, 0xde,
    0xf5, 0xde, 0xf5, 0xde, 0xf4, 0xde, 0xd4, 0xde, 0xf4, 0xd6, 0xd4, 0xd6,
    0xd4, 0xd6, 0xf5, 0xde, 0x17, 0xe7, 0x38, 0xe7, 0x37, 0xe7, 0x16, 0xdf,
    0xf5, 0xde, 0xd4, 0xd6, 0xd4, 0xd6, 0xd4, 0xde, 0xd4, 0xde, 0xd4, 0xd6,
    0xd4, 0xd6, 0xd4, 0xde, 0xd4, 0xd6, 0xd4, 0xd6, 0xd4, 0xd6, 0xb3, 0xd6,
    0xb4, 0xd6, 0xd3, 0xd6, 0xb3, 0xd6, 0xb3, 0xd6, 0xb3, 0xd6, 0xb4, 0xd6,
    0xb3, 0xd6, 0xb4, 0xd6, 0xb3, 0xd6, 0xb3, 0xd6, 0xb3, 0xd6, 0x93, 0xce,
    0xb3, 0xd6, 0x93, 0xce, 0x93, 0xce, 0x93, 0xce, 0x93, 0xce, 0xf5, 0xde,
    0x37, 0xe7, 0x36, 0xe7, 0x16, 0xe7, 0x16, 0xe7, 0x36, 0xe7, 0x16, 0xe7,
    0x16, 0xe7, 0x15, 0xe7, 0x36, 0xdf, 0x16, 0xe7, 0x16, 0xe7, 0x35, 0xe7,
    0x16, 0xe7, 0x16, 0xe7, 0x9a, 0xf7, 0x9a, 0xf7, 0x78, 0xef, 0x78, 0xf7,
    0x79, 0xf7, 0x78, 0xf7, 0x99, 0xf7, 0x78, 0xef, 0x78, 0xf7, 0x98, 0xf7,
    0x78, 0xef, 0x78, 0xef, 0x78, 0xf7, 0x78, 0xef, 0x99, 0xef, 0x78, 0xf7,
    0x78, 0xef, 0x78, 0xef, 0x99, 0xf7, 0x99, 0xf7, 0x98, 0xef, 0x99, 0xf7,
    0x99, 0xf7, 0x78, 0xef, 0x79, 0xef, 0x99, 0xf7, 0x98, 0xef, 0x78, 0xef,
    0x79, 0xf7, 0x98, 0xef, 0x79, 0xef, 0x78, 0xf7, 0x98, 0xf7, 0x79, 0xef,
    0x78, 0xef, 0x78, 0xf7, 0x79, 0xef, 0x78, 0xf7, 0x99, 0xf7, 0x78, 0xef,
    0x78, 0xf7, 0x79, 0xf7, 0x79, 0xef, 0x78, 0xef, 0x99, 0xf7, 0x78, 0xef,
    0x78, 0xf7, 0x79, 0xf7, 0x79, 0xef, 0x78, 0xf7, 0x78, 0xf7, 0x79, 0xef,
    0x79, 0xf7, 0x98, 0xf7, 0x79, 0xef, 0x78, 0xef, 0x98, 0xef, 0x79, 0xf7,
    0x99, 0xf7, 0x98, 0xef, 0x98, 0xef, 0x99, 0xf7, 0x98, 0xf7, 0x98, 0xef,
    0x79, 0xef, 0x79, 0xf7, 0x79, 0xf7, 0xbb, 0xf7, 0x38, 0xe7, 0x15, 0xdf,
    0x16, 0xe7, 0x16, 0xe7, 0x16, 0xdf, 0x16, 0xdf, 0x36, 0xe7, 0x36, 0xe7,
    0x37, 0xe7, 0x37, 0xe7, 0x37, 0xe7, 0x36, 0xe7, 0x16, 0xe7, 0x36, 0xe7,
    0xf5, 0xde, 0xb4, 0xd6, 0x93, 0xce, 0xb3, 0xce, 0xb3, 0xd6, 0xb3, 0xd6,
    0xb4, 0xd6, 0xb3, 0xd6, 0xb3, 0xd6, 0xb3, 0xd6, 0xb3, 0xd6, 0xb3, 0xd6,
    0xb3, 0xd6, 0xd4, 0xd6, 0xd4, 0xde, 0xd4, 0xd6, 0xd4, 0xde, 0xd4, 0xd6,
    0xd4, 0xd6, 0xd4, 0xd6, 0xd4, 0xd6, 0xd4, 0xd6, 0xf4, 0xde, 0x16, 0xdf,
    0x38, 0xe7, 0x58, 0xe7, 0x38, 0xe7, 0xf6, 0xde, 0xd4, 0xde, 0xd4, 0xd6,
    0xd4, 0xde, 0xf4, 0xd6, 0xf4, 0xde, 0xf5, 0xde, 0xf5, 0xd6, 0xd4, 0xd6,
    0xf5, 0xde, 0xf4, 0xde, 0xf4, 0xd6, 0xf4, 0xd6, 0xf5, 0xde, 0x37, 0xe7,
    0x58, 0xe7, 0x79, 0xef, 0x58, 0xe7, 0x16, 0xdf, 0xf4, 0xde, 0xf4, 0xde,
    0xf5, 0xde, 0x15, 0xdf, 0x15, 0xdf, 0x15, 0xdf, 0x15, 0xdf, 0x15, 0xdf,
    0xf6, 0xde, 0x16, 0xdf, 0x16, 0xdf, 0x15, 0xe7, 0x16, 0xdf, 0x35, 0xe7,
    0x15, 0xdf, 0x15, 0xdf, 0x16, 0xe7, 0x16, 0xe7, 0x35, 0xdf, 0x36, 0xe7,
    0x36, 0xe7, 0x16, 0xe7, 0x36, 0xe7, 0x36, 0xe7, 0x36, 0xe7, 0x36, 0xe7,
    0x36, 0xe7, 0x36, 0xe7, 0x36, 0xe7, 0x36, 0xdf, 0x36, 0xe7, 0x36, 0xe7,
    0x16, 0xdf, 0x16, 0xe7, 0x35, 0xe7, 0x15, 0xdf, 0x16, 0xe7, 0x16, 0xdf,
    0x15, 0xe7, 0x16, 0xe7, 0x15, 0xdf, 0x15, 0xe7, 0x16, 0xdf, 0x15, 0xdf,
    0xf5, 0xde, 0x15, 0xdf, 0xf5, 0xde, 0xf5, 0xde, 0xf5, 0xde, 0xf4, 0xde,
    0xf5, 0xde, 0x16, 0xdf, 0x38, 0xe7, 0x58, 0xe7, 0x38, 0xe7, 0x16, 0xdf,
    0xf5, 0xde, 0xf4, 0xd6, 0xf5, 0xde, 0xf5, 0xde, 0xd5, 0xde, 0xf4, 0xd6,
    0xf5, 0xde, 0xd4, 0xd6, 0xd4, 0xd6, 0xd4, 0xd6, 0xf5, 0xde, 0x37, 0xe7,
    0x38, 0xe7, 0x37, 0xe7, 0x16, 0xdf, 0xf5, 0xde, 0xf4, 0xd6, 0xd4, 0xd6,
    0xd4, 0xd6, 0xd4, 0xd6, 0xd4, 0xd6, 0xd4, 0xd6, 0xd4, 0xd6, 0xb4, 0xd6,
    0xd4, 0xd6, 0xd4, 0xd6, 0xd4, 0xd6, 0xb4, 0xd6, 0xd4, 0xd6, 0xb3, 0xd6,
    0xb4, 0xd6, 0xb4, 0xd6, 0xd4, 0xd6, 0xb3, 0xd6, 0xb3, 0xd6, 0xb3, 0xd6,
    0xb4, 0xd6, 0xb3, 0xd6, 0x93, 0xce, 0xb3, 0xd6, 0x16, 0xe7, 0x37, 0xe7,
    0x16, 0xe7, 0x16, 0xe7, 0x16, 0xe7, 0x16, 0xe7, 0x16, 0xdf, 0x36, 0xe7,
    0x16, 0xe7, 0x16, 0xe7, 0x36, 0xe7, 0x36, 0xdf, 0x16, 0xe7, 0x15, 0xdf,
    0x15, 0xdf, 0x7a, 0xef, 0x9a, 0xf7, 0x78, 0xef, 0x79, 0xef, 0x78, 0xf7,
    0x78, 0xef, 0x99, 0xf7, 0x78, 0xef, 0x79, 0xf7, 0x78, 0xef, 0x99, 0xf7,
    0x79, 0xf7, 0x78, 0xef, 0x98, 0xf7, 0x79, 0xf7, 0x78, 0xef, 0x78, 0xf7,
    0x79, 0xf7, 0x78, 0xef, 0x78, 0xf7, 0x79, 0xf7, 0x78, 0xef, 0x79, 0xf7,
    0x99, 0xf7, 0x78, 0xef, 0x79, 0xf7, 0x99, 0xf7, 0x98, 0xf7, 0x79, 0xf7,
    0x99, 0xf7, 0x98, 0xef, 0x79, 0xf7, 0x78, 0xef, 0x98, 0xf7, 0x99, 0xef,
    0x99, 0xf7, 0x98, 0xef, 0x99, 0xf7, 0x98, 0xef, 0x78, 0xef, 0x79, 0xf7,
    0x78, 0xef, 0x99, 0xf7, 0x98, 0xf7, 0x79, 0xef, 0x79, 0xf7, 0x78, 0xef,
    0x98, 0xf7, 0x99, 0xf7, 0x78, 0xef, 0x78, 0xef, 0x99, 0xf7, 0x78, 0xf7,
    0x98, 0xf7, 0x79, 0xf7, 0x98, 0xf7, 0x98, 0xf7, 0x79, 0xef, 0x79, 0xef,
    0x78, 0xf7, 0x79, 0xf7, 0x79, 0xef, 0x79, 0xf7, 0x98, 0xf7, 0x78, 0xef,
    0x99, 0xf7, 0x98, 0xf7, 0x78, 0xef, 0x99, 0xf7, 0xbb, 0xf7, 0x37, 0xe7,
    0x15, 0xe7, 0x16, 0xe7, 0x16, 0xe7, 0x16, 0xe7, 0x16, 0xdf, 0x16, 0xdf,
    0x16, 0xe7, 0x36, 0xe7, 0x37, 0xe7, 0x37, 0xe7, 0x37, 0xe7, 0x36, 0xe7,
    0x36, 0xe7, 0x16, 0xe7, 0xd5, 0xd6, 0x93, 0xce, 0x93, 0xce, 0xb3, 0xd6,
    0xb4, 0xd6, 0xb4, 0xd6, 0xb3, 0xd6, 0xb4, 0xd6, 0xb4, 0xd6, 0xd4, 0xd6,
    0xb3, 0xd6, 0xd3, 0xd6, 0xd4, 0xd6, 0xd4, 0xd6, 0xd4, 0xd6, 0xd4, 0xd6,
    0xd5, 0xde, 0xf5, 0xde, 0x16, 0xdf, 0x38, 0xe7, 0x38, 0xe7, 0x37, 0xe7,
    0xf6, 0xde, 0xd5, 0xde, 0xd4, 0xd6, 0xd4, 0xd6, 0xd5, 0xde, 0xd4, 0xde,
    0xd4, 0xd6, 0xd4, 0xde, 0xf5, 0xd6, 0xf5, 0xde, 0xd5, 0xde, 0xf4, 0xde,
    0xd4, 0xd6, 0xf4, 0xde, 0x16, 0xdf, 0x58, 0xe7, 0x59, 0xef, 0x38, 0xe7,
    0x16, 0xdf, 0xf4, 0xde, 0xf4, 0xde, 0xf5, 0xde, 0xf5, 0xde, 0xf5, 0xde,
    0x15, 0xdf, 0xf5, 0xde, 0x15, 0xdf, 0x15, 0xdf, 0x15, 0xe7, 0xf5, 0xde,
    0x15, 0xe7, 0x16, 0xdf, 0x16, 0xe7, 0x16, 0xdf, 0x15, 0xdf, 0x16, 0xe7,
    0x16, 0xe7, 0x16, 0xdf, 0x16, 0xdf, 0x35, 0xe7, 0x16, 0xe7, 0x36, 0xdf,
    0x16, 0xdf, 0x36, 0xe7, 0x36, 0xe7, 0x36, 0xdf, 0x16, 0xe7, 0x36, 0xe7,
    0x36, 0xe7, 0x36, 0xdf, 0x36, 0xe7, 0x36, 0xe7, 0x36, 0xe7, 0x36, 0xe7,
    0x37, 0xe7, 0x36, 0xe7, 0x36, 0xe7, 0x36, 0xe7, 0x16, 0xdf, 0x15, 0xdf,
    0x15, 0xdf, 0x15, 0xdf, 0xf5, 0xde, 0xf5, 0xde, 0x15, 0xdf, 0xf5, 0xde,
    0x15, 0xdf, 0xf5, 0xde, 0xf5, 0xde, 0x15, 0xdf, 0xf5, 0xde, 0xf5, 0xde,
    0xf4, 0xde, 0xf4, 0xde, 0xd4, 0xd6, 0xf5, 0xde, 0x16, 0xe7, 0x38, 0xe7,
    0x58, 0xe7, 0x37, 0xe7, 0xf6, 0xde, 0xd5, 0xde, 0xd4, 0xd6, 0xf4, 0xde,
    0xd5, 0xde, 0xd5, 0xd6, 0xd4, 0xde, 0xd4, 0xde, 0xd4, 0xde, 0xd4, 0xd6,
    0xf4, 0xde, 0xf6, 0xde, 0x17, 0xe7, 0x38, 0xe7, 0x38, 0xe7, 0x17, 0xe7,
    0x15, 0xdf, 0xf5, 0xde, 0xd4, 0xd6, 0xb3, 0xd6, 0xb3, 0xd6, 0xd4, 0xd6,
    0xd3, 0xd6, 0xb4, 0xd6, 0xd4, 0xd6, 0xd3, 0xd6, 0xb3, 0xd6, 0xb4, 0xd6,
    0xb3, 0xd6, 0xb4, 0xd6, 0xd4, 0xd6, 0xb4, 0xd6, 0xb4, 0xd6, 0xb3, 0xce,
    0xb3, 0xd6, 0xb4, 0xd6, 0xf5, 0xde, 0x36, 0xe7, 0x37, 0xe7, 0x36, 0xe7,
    0x36, 0xe7, 0x16, 0xe7, 0x16, 0xdf, 0x16, 0xe7, 0x16, 0xe7, 0x36, 0xe7,
    0x36, 0xdf, 0x36, 0xe7, 0x36, 0xe7, 0x16, 0xdf, 0x36, 0xe7, 0x15, 0xdf,
    0x59, 0xef, 0x99, 0xf7, 0x78, 0xef, 0x78, 0xf7, 0x78, 0xef, 0x99, 0xef,
    0x78, 0xf7, 0x78, 0xef, 0x79, 0xef, 0x78, 0xf7, 0x98, 0xef, 0x79, 0xef,
    0x78, 0xf7, 0x99, 0xef, 0x78, 0xf7, 0x78, 0xf7, 0x78, 0xef, 0x99, 0xf7,
    0x79, 0xef, 0x78, 0xf7, 0x79, 0xf7, 0x78, 0xef, 0x99, 0xf7, 0x79, 0xef,
    0x98, 0xf7, 0x99, 0xef, 0x78, 0xef, 0x79, 0xf7, 0x98, 0xef, 0x79, 0xef,
    0x79, 0xf7, 0x78, 0xf7, 0x99, 0xef, 0x99, 0xf7, 0x78, 0xf7, 0x79, 0xf7,
    0x98, 0xf7, 0x79, 0xef, 0x79, 0xf7, 0x98, 0xf7, 0x99, 0xf7, 0x78, 0xef,
    0x79, 0xef, 0x78, 0xf7, 0x78, 0xef, 0x78, 0xf7, 0x79, 0xef, 0x79, 0xef,
    0x98, 0xf7, 0x99, 0xf7, 0x79, 0xf7, 0x99, 0xef, 0x98, 0xef, 0x78, 0xf7,
    0x78, 0xef, 0x99, 0xef, 0x99, 0xf7, 0x78, 0xf7, 0x99, 0xef, 0x98, 0xf7,
    0x78, 0xf7, 0x79, 0xef, 0x98, 0xf7, 0x78, 0xf7, 0x79, 0xef, 0x79, 0xf7,
    0x99, 0xf7, 0x99, 0xf7, 0x98, 0xef, 0x79, 0xf7, 0x99, 0xf7, 0x9b, 0xf7,
    0x37, 0xe7, 0x16, 0xdf, 0x36, 0xe7, 0x16, 0xdf, 0x16, 0xe7, 0x16, 0xe7,
    0x16, 0xe7, 0x16, 0xe7, 0x16, 0xe7, 0x36, 0xe7, 0x37, 0xe7, 0x37, 0xe7,
    0x57, 0xe7, 0x37, 0xe7, 0x57, 0xef, 0x16, 0xe7, 0xb4, 0xd6, 0xb4, 0xce,
    0xb4, 0xd6, 0xb3, 0xd6, 0xb3, 0xce, 0xb4, 0xd6, 0xd4, 0xd6, 0xd4, 0xd6,
    0xd4, 0xd6, 0xd5, 0xde, 0xf5, 0xde, 0x16, 0xdf, 0x17, 0xe7, 0x17, 0xe7,
    0x37, 0xe7, 0x37, 0xe7, 0x16, 0xdf, 0xf5, 0xde, 0xd4, 0xd6, 0xd4, 0xd6,
    0xd4, 0xd6, 0xd4, 0xde, 0xd4, 0xd6, 0xd4, 0xd6, 0xd4, 0xde, 0xf5, 0xd6,
    0xf5, 0xd6, 0xf5, 0xde, 0xf4, 0xde, 0xd4, 0xd6, 0xd4, 0xd6, 0x16, 0xdf,
    0x38, 0xe7, 0x59, 0xef, 0x38, 0xe7, 0x16, 0xe7, 0xf5, 0xde, 0xd4, 0xd6,
    0xf4, 0xde, 0xf5, 0xde, 0xf5, 0xde, 0xf5, 0xde, 0xf5, 0xde, 0xf5, 0xde,
    0x15, 0xdf, 0x15, 0xdf, 0x15, 0xdf, 0xf5, 0xe6, 0x16, 0xdf, 0x16, 0xe7,
    0x15, 0xdf, 0x15, 0xe7, 0x15, 0xdf, 0x15, 0xdf, 0x15, 0xdf, 0xf5, 0xde,
    0x15, 0xdf, 0x16, 0xe7, 0x36, 0xe7, 0x36, 0xe7, 0x36, 0xe7, 0x36, 0xe7,
    0x36, 0xe7, 0x36, 0xe7, 0x36, 0xe7, 0x36, 0xdf, 0x36, 0xe7, 0x36, 0xe7,
    0x58, 0xef, 0x79, 0xef, 0x79, 0xef, 0x9a, 0xef, 0x9a, 0xf7, 0x9a, 0xf7,
    0x9a, 0xf7, 0x9a, 0xf7, 0x9b, 0xf7, 0x9a, 0xf7, 0x9b, 0xf7, 0x9a, 0xf7,
    0x9a, 0xef, 0x79, 0xef, 0x59, 0xef, 0x58, 0xe7, 0x16, 0xe7, 0xf5, 0xde,
    0xf4, 0xde, 0xf5, 0xde, 0xf5, 0xde, 0x15, 0xdf, 0xf5, 0xde, 0xf5, 0xde,
    0xf5, 0xde, 0xf5, 0xde, 0xf5, 0xde, 0xf5, 0xde, 0xf4, 0xde, 0xf4, 0xde,
    0xf5, 0xde, 0x17, 0xdf, 0x38, 0xe7, 0x58, 0xe7, 0x17, 0xe7, 0xf5, 0xde,
    0xd4, 0xd6, 0xd4, 0xde, 0xf5, 0xde, 0xf4, 0xd6, 0xf5, 0xde, 0xf5, 0xde,
    0xf4, 0xd6, 0xd4, 0xd6, 0xd4, 0xd6, 0xd4, 0xd6, 0xf4, 0xde, 0xf6, 0xde,
    0x17, 0xe7, 0x37, 0xe7, 0x37, 0xe7, 0x17, 0xe7, 0x16, 0xe7, 0x16, 0xdf,
    0xf5, 0xde, 0xd4, 0xde, 0xd4, 0xd6, 0xb3, 0xd6, 0xd4, 0xd6, 0xb3, 0xd6,
    0xb3, 0xd6, 0xd4, 0xd6, 0xb3, 0xd6, 0xb4, 0xd6, 0xb3, 0xd6, 0xb4, 0xd6,
    0xf5, 0xd6, 0x16, 0xe7, 0x37, 0xe7, 0x37, 0xe7, 0x36, 0xe7, 0x36, 0xe7,
    0x16, 0xe7, 0x16, 0xe7, 0x36, 0xe7, 0x16, 0xdf, 0x16, 0xe7, 0x36, 0xe7,
    0x16, 0xe7, 0x15, 0xe7, 0x36, 0xe7, 0x16, 0xdf, 0x15, 0xe7, 0x79, 0xef,
    0x9a, 0xf7, 0x78, 0xef, 0x79, 0xf7, 0x78, 0xf7, 0x98, 0xef, 0x79, 0xf7,
    0x78, 0xf7, 0x98, 0xef, 0x99, 0xf7, 0x78, 0xf7, 0x78, 0xef, 0x78, 0xf7,
    0x78, 0xef, 0x78, 0xef, 0x79, 0xf7, 0x78, 0xef, 0x98, 0xef, 0x79, 0xf7,
    0x78, 0xf7, 0x98, 0xef, 0x79, 0xf7, 0x98, 0xf7, 0x99, 0xef, 0x78, 0xf7,
    0x79, 0xf7, 0x79, 0xef, 0x78, 0xf7, 0x98, 0xf7, 0x79, 0xef, 0x98, 0xef,
    0x98, 0xf7, 0x78, 0xf7, 0x79, 0xef, 0x99, 0xf7, 0x79, 0xef, 0x78, 0xf7,
    0x99, 0xf7, 0x79, 0xef, 0x78, 0xf7, 0x99, 0xf7, 0x79, 0xf7, 0x98, 0xef,
    0x99, 0xf7, 0x79, 0xef, 0x78, 0xf7, 0x99, 0xef, 0x98, 0xf7, 0x98, 0xf7,
    0x79, 0xef, 0x79, 0xf7, 0x98, 0xf7, 0x78, 0xf7, 0x79, 0xf7, 0x79, 0xef,
    0x98, 0xef, 0x78, 0xf7, 0x79, 0xf7, 0x98, 0xef, 0x79, 0xf7, 0x98, 0xf7,
    0x99, 0xef, 0x79, 0xf7, 0x98, 0xf7, 0x98, 0xef, 0x79, 0xf7, 0x98, 0xef,
    0x78, 0xef, 0x79, 0xf7, 0x79, 0xf7, 0x99, 0xf7, 0x78, 0xf7, 0x99, 0xf7,
    0xbb, 0xf7, 0x37, 0xe7, 0x15, 0xdf, 0x36, 0xe7, 0x16, 0xe7, 0x36, 0xe7,
    0x16, 0xdf, 0x16, 0xe7, 0x36, 0xe7, 0x16, 0xdf, 0x16, 0xe7, 0x36, 0xe7,
    0x16, 0xe7, 0x36, 0xe7, 0x37, 0xe7, 0x57, 0xef, 0x58, 0xe7, 0x37, 0xe7,
    0x16, 0xe7, 0xf6, 0xde, 0xf6, 0xde, 0xf6, 0xde, 0x16, 0xdf, 0x17, 0xdf,
    0x17, 0xdf, 0x17, 0xdf, 0x16, 0xdf, 0xf6, 0xde, 0xf5, 0xde, 0xd4, 0xd6,
    0xd3, 0xd6, 0xb3, 0xd6, 0xd4, 0xd6, 0xd4, 0xd6, 0xd4, 0xde, 0xd4, 0xde,
    0xd4, 0xd6, 0xd4, 0xd6, 0xd4, 0xde, 0xd4, 0xd6, 0xd4, 0xd6, 0xd4, 0xd6,
    0xd4, 0xd6, 0xd4, 0xd6, 0xf5, 0xde, 0x37, 0xe7, 0x58, 0xe7, 0x38, 0xe7,
    0x17, 0xe7, 0xf5, 0xde, 0xd4, 0xd6, 0xd4, 0xd6, 0xf4, 0xde, 0xf5, 0xde,
    0xf5, 0xde, 0xf5, 0xde, 0xf5, 0xde, 0xf5, 0xde, 0xf5, 0xde, 0xf5, 0xde,
    0xf5, 0xde, 0xf5, 0xde, 0x15, 0xdf, 0xf5, 0xde, 0x15, 0xdf, 0x15, 0xdf,
    0x15, 0xdf, 0x37, 0xe7, 0x38, 0xe7, 0x78, 0xef, 0x79, 0xef, 0x7a, 0xef,
    0x9a, 0xf7, 0x9a, 0xf7, 0x9a, 0xf7, 0x9a, 0xef, 0x9a, 0xef, 0x79, 0xf7,
    0x79, 0xef, 0x79, 0xef, 0x79, 0xef, 0x79, 0xef, 0x58, 0xef, 0x57, 0xe7,
    0x99, 0xf7, 0x79, 0xf7, 0x78, 0xef, 0x78, 0xef, 0x78, 0xef, 0x78, 0xef,
    0x78, 0xef, 0x78, 0xef, 0x78, 0xef, 0x78, 0xef, 0x78, 0xef, 0x79, 0xf7,
    0x99, 0xf7, 0x9a, 0xf7, 0xbb, 0xf7, 0xbb, 0xff, 0xbc, 0xf7, 0xbb, 0xf7,
    0x9a, 0xf7, 0x58, 0xef, 0x37, 0xe7, 0xf5, 0xde, 0xf4, 0xde, 0xf4, 0xde,
    0xf5, 0xde, 0xf5, 0xde, 0xf5, 0xde, 0xd4, 0xd6, 0xf5, 0xde, 0xf5, 0xde,
    0xf5, 0xde, 0xd4, 0xde, 0xd4, 0xd6, 0xf5, 0xde, 0x37, 0xe7, 0x38, 0xe7,
    0x37, 0xe7, 0x16, 0xdf, 0xf5, 0xde, 0xd4, 0xd6, 0xd4, 0xd6, 0xf5, 0xde,
    0xd4, 0xde, 0xd4, 0xd6, 0xd4, 0xd6, 0xd4, 0xd6, 0xd4, 0xd6, 0xd3, 0xd6,
    0xb3, 0xd6, 0xd3, 0xd6, 0xd4, 0xd6, 0xf5, 0xde, 0x16, 0xdf, 0x16, 0xe7,
    0x17, 0xe7, 0x16, 0xe7, 0x16, 0xdf, 0x16, 0xdf, 0x16, 0xdf, 0x16, 0xdf,
    0xf6, 0xde, 0xf5, 0xde, 0xf5, 0xd6, 0xf5, 0xde, 0x16, 0xdf, 0x36, 0xe7,
    0x37, 0xe7, 0x36, 0xe7, 0x36, 0xe7, 0x36, 0xe7, 0x16, 0xe7, 0x16, 0xe7,
    0x36, 0xe7, 0x16, 0xe7, 0x16, 0xe7, 0x36, 0xe7, 0x16, 0xdf, 0x36, 0xe7,
    0x16, 0xe7, 0x36, 0xdf, 0x16, 0xe7, 0x15, 0xe7, 0x79, 0xef, 0x9a, 0xf7,
    0x78, 0xf7, 0x79, 0xef, 0x79, 0xef, 0x78, 0xf7, 0x99, 0xf7, 0x79, 0xef,
    0x79, 0xf7, 0x79, 0xef, 0x98, 0xef, 0x79, 0xef, 0x78, 0xf7, 0x98, 0xf7,
    0x78, 0xef, 0x78, 0xf7, 0x99, 0xf7, 0x78, 0xef, 0x78, 0xf7, 0x79, 0xf7,
    0x78, 0xef, 0x99, 0xf7, 0x99, 0xef, 0x79, 0xf7, 0x98, 0xf7, 0x79, 0xef,
    0x79, 0xf7, 0x98, 0xf7, 0x99, 0xef, 0x79, 0xf7, 0x79, 0xf7, 0x99, 0xf7,
    0x99, 0xef, 0x79, 0xf7, 0x99, 0xf7, 0x98, 0xef, 0x79, 0xf7, 0x99, 0xef,
    0x98, 0xf7, 0x99, 0xf7, 0x78, 0xef, 0x79, 0xef, 0x98, 0xf7, 0x78, 0xef,
    0x99, 0xf7, 0x98, 0xf7, 0x99, 0xf7, 0x79, 0xf7, 0x99, 0xef, 0x78, 0xf7,
    0x98, 0xef, 0x99, 0xef, 0x79, 0xf7, 0x98, 0xf7, 0x99, 0xf7, 0x79, 0xf7,
    0x98, 0xf7, 0x78, 0xf7, 0x98, 0xef, 0x79, 0xf7, 0x78, 0xf7, 0x79, 0xef,
    0x78, 0xef, 0x79, 0xf7, 0x99, 0xef, 0x78, 0xf7, 0x99, 0xf7, 0x79, 0xf7,
    0x78, 0xef, 0x99, 0xf7, 0x99, 0xef, 0x78, 0xef, 0x99, 0xf7, 0x99, 0xf7,
    0x99, 0xf7, 0x9b, 0xf7, 0x37, 0xe7, 0x15, 0xe7, 0x36, 0xe7, 0x36, 0xe7,
    0x16, 0xdf, 0x16, 0xdf, 0x15, 0xe7, 0x16, 0xe7, 0x36, 0xe7, 0x36, 0xe7,
    0x16, 0xe7, 0x16, 0xdf, 0x16, 0xe7, 0x16, 0xe7, 0x16, 0xe7, 0x36, 0xe7,
    0x36, 0xe7, 0xf5, 0xde, 0xd4, 0xd6, 0xb3, 0xce, 0x93, 0xd6, 0xb3, 0xd6,
    0xb3, 0xd6, 0xb3, 0xd6, 0xb3, 0xd6, 0xb3, 0xd6, 0xb3, 0xd6, 0xb3, 0xd6,
    0xb4, 0xd6, 0xd4, 0xd6, 0xd4, 0xd6, 0xd4, 0xd6, 0xd4, 0xde, 0xd4, 0xd6,
    0xd4, 0xde, 0xd4, 0xd6, 0xd4, 0xd6, 0xd4, 0xde, 0xd4, 0xd6, 0xd4, 0xde,
    0x16, 0xdf, 0x38, 0xe7, 0x38, 0xe7, 0x17, 0xe7, 0xf5, 0xde, 0xd4, 0xd6,
    0xd4, 0xd6, 0xd4, 0xde, 0xf4, 0xde, 0xf4, 0xd6, 0xd5, 0xde, 0xf5, 0xde,
    0xf5, 0xd6, 0xf4, 0xde, 0xf4, 0xd6, 0xf5, 0xde, 0xf5, 0xde, 0xf5, 0xde,
    0xf4, 0xde, 0xf4, 0xde, 0xf5, 0xde, 0x36, 0xe7, 0x58, 0xef, 0x7a, 0xef,
    0x9b, 0xf7, 0xbb, 0xf7, 0x9b, 0xf7, 0x9a, 0xf7, 0x9a, 0xf7, 0x99, 0xf7,
    0x78, 0xef, 0x78, 0xef, 0x78, 0xef, 0x78, 0xef, 0x78, 0xef, 0x78, 0xef,
    0x78, 0xef, 0x78, 0xef, 0x78, 0xef, 0x79, 0xf7, 0x79, 0xf7, 0x79, 0xef,
    0x78, 0xef, 0x78, 0xef, 0x78, 0xef, 0x78, 0xf7, 0x78, 0xef, 0x78, 0xef,
    0x78, 0xef, 0x78, 0xef, 0x78, 0xef, 0x78, 0xef, 0x78, 0xef, 0x78, 0xef,
    0x78, 0xef, 0x78, 0xef, 0x78, 0xef, 0x77, 0xef, 0x78, 0xf7, 0x99, 0xf7,
    0x9a, 0xf7, 0xbb, 0xf7, 0xbc, 0xf7, 0x9b, 0xf7, 0x7a, 0xef, 0x37, 0xe7,
    0xf5, 0xde, 0xd4, 0xd6, 0xd4, 0xd6, 0xd4, 0xde, 0xd4, 0xd6, 0xf5, 0xd6,
    0xf4, 0xde, 0xf4, 0xd6, 0xd4, 0xde, 0xd4, 0xd6, 0xd4, 0xd6, 0xd4, 0xd6,
    0xf5, 0xde, 0x17, 0xe7, 0x38, 0xe7, 0x37, 0xe7, 0xf6, 0xde, 0xf5, 0xde,
    0xd4, 0xd6, 0xd4, 0xd6, 0xd4, 0xde, 0xd4, 0xde, 0xd4, 0xd6, 0xd4, 0xde,
    0xd4, 0xd6, 0xd4, 0xd6, 0xd4, 0xde, 0xd4, 0xd6, 0xd4, 0xd6, 0xb4, 0xd6,
    0xd3, 0xd6, 0xd3, 0xd6, 0xd4, 0xd6, 0xd4, 0xd6, 0xd4, 0xd6, 0xd4, 0xd6,
    0xd4, 0xd6, 0xd4, 0xd6, 0xf5, 0xde, 0x35, 0xe7, 0x36, 0xe7, 0x36, 0xe7,
    0x16, 0xe7, 0x16, 0xe7, 0x36, 0xe7, 0x36, 0xe7, 0x16, 0xe7, 0x16, 0xe7,
    0x36, 0xe7, 0x36, 0xdf, 0x16, 0xe7, 0x16, 0xe7, 0x36, 0xe7, 0x16, 0xe7,
    0x36, 0xe7, 0x36, 0xe7, 0x15, 0xdf, 0x79, 0xef, 0x9a, 0xf7, 0x99, 0xf7,
    0x99, 0xf7, 0x98, 0xf7, 0x78, 0xef, 0x79, 0xef, 0x98, 0xf7, 0x98, 0xef,
    0x79, 0xf7, 0x78, 0xf7, 0x78, 0xef, 0x79, 0xf7, 0x98, 0xef, 0x99, 0xef,
    0x79, 0xf7, 0x78, 0xef, 0x98, 0xef, 0x78, 0xf7, 0x79, 0xef, 0x99, 0xf7,
    0x78, 0xef, 0x98, 0xf7, 0x79, 0xf7, 0x99, 0xef, 0x98, 0xf7, 0x99, 0xf7,
    0x79, 0xef, 0x98, 0xf7, 0x99, 0xef, 0x79, 0xef, 0x78, 0xf7, 0x98, 0xf7,
    0x79, 0xef, 0x79, 0xf7, 0x98, 0xf7, 0x79, 0xef, 0x98, 0xf7, 0x79, 0xf7,
    0x79, 0xef, 0x99, 0xf7, 0x99, 0xef, 0x79, 0xf7, 0x79, 0xf7, 0x78, 0xef,
    0x78, 0xf7, 0x79, 0xef, 0x78, 0xef, 0x78, 0xf7, 0x79, 0xf7, 0x99, 0xf7,
    0x79, 0xf7, 0x78, 0xef, 0x99, 0xf7, 0x79, 0xef, 0x78, 0xef, 0x99, 0xf7,
    0x79, 0xef, 0x99, 0xef, 0x99, 0xf7, 0x78, 0xf7, 0x99, 0xef, 0x99, 0xf7,
    0x78, 0xf7, 0x98, 0xef, 0x79, 0xf7, 0x79, 0xef, 0x99, 0xf7, 0x78, 0xf7,
    0x78, 0xf7, 0x78, 0xef, 0x99, 0xf7, 0x99, 0xf7, 0x99, 0xf7, 0x79, 0xef,
    0x79, 0xf7, 0x99, 0xf7, 0xbb, 0xf7, 0x38, 0xe7, 0x15, 0xdf, 0x16, 0xe7,
    0x16, 0xe7, 0x36, 0xe7, 0x36, 0xe7, 0x16, 0xdf, 0x36, 0xe7, 0x16, 0xe7,
    0x36, 0xdf, 0x16, 0xe7, 0x36, 0xe7, 0x36, 0xe7, 0x36, 0xe7, 0x16, 0xdf,
    0x36, 0xe7, 0x37, 0xe7, 0x36, 0xe7, 0xf5, 0xde, 0xb4, 0xd6, 0xb3, 0xce,
    0xb3, 0xd6, 0xb4, 0xd6, 0xb3, 0xd6, 0xb3, 0xce, 0xb4, 0xd6, 0xd4, 0xd6,
    0xd4, 0xd6, 0xd4, 0xd6, 0xd4, 0xd6, 0xd4, 0xde, 0xf4, 0xd6, 0xd4, 0xd6,
    0xd4, 0xd6, 0xd4, 0xd6, 0xf5, 0xde, 0xf6, 0xde, 0x17, 0xe7, 0x17, 0xe7,
    0x16, 0xdf, 0xf5, 0xde, 0xd4, 0xd6, 0xd3, 0xd6, 0xd4, 0xd6, 0xd4, 0xd6,
    0xd4, 0xde, 0xf4, 0xde, 0xf4, 0xd6, 0xf5, 0xde, 0xf5, 0xde, 0xf5, 0xde,
    0xf4, 0xde, 0xf5, 0xde, 0xf5, 0xde, 0xf4, 0xd6, 0xf4, 0xde, 0xf5, 0xde,
    0x37, 0xe7, 0x79, 0xef, 0x9b, 0xf7, 0xbb, 0xf7, 0xbb, 0xf7, 0x9a, 0xf7,
    0x79, 0xf7, 0x78, 0xf7, 0x78, 0xef, 0x78, 0xef, 0x77, 0xef, 0x78, 0xef,
    0x78, 0xef, 0x78, 0xef, 0x58, 0xef, 0x78, 0xf7, 0x78, 0xef, 0x78, 0xef,
    0x78, 0xf7, 0x78, 0xef, 0x78, 0xf7, 0x78, 0xef, 0x78, 0xef, 0x78, 0xef,
    0x78, 0xef, 0x78, 0xef, 0x58, 0xef, 0x78, 0xf7, 0x78, 0xef, 0x78, 0xf7,
    0x78, 0xf7, 0x78, 0xef, 0x78, 0xf7, 0x78, 0xf7, 0x78, 0xef, 0x78, 0xf7,
    0x78, 0xf7, 0x78, 0xf7, 0x78, 0xef, 0x78, 0xf7, 0x78, 0xef, 0x78, 0xf7,
    0x78, 0xef, 0x78, 0xef, 0x78, 0xf7, 0x99, 0xf7, 0xbb, 0xf7, 0xbc, 0xf7,
    0x9c, 0xf7, 0x7a, 0xef, 0x17, 0xdf, 0xd4, 0xde, 0xd4, 0xd6, 0xd4, 0xd6,
    0xf5, 0xde, 0xd4, 0xde, 0xd4, 0xd6, 0xd4, 0xde, 0xf4, 0xde, 0xd4, 0xd6,
    0xd4, 0xd6, 0xd4, 0xd6, 0xd4, 0xd6, 0xf5, 0xde, 0x17, 0xdf, 0x38, 0xe7,
    0x37, 0xe7, 0xf6, 0xde, 0xd4, 0xde, 0xd4, 0xd6, 0xd4, 0xd6, 0xd4, 0xd6,
    0xd4, 0xd6, 0xd4, 0xde, 0xd4, 0xd6, 0xd4, 0xd6, 0xd4, 0xd6, 0xd4, 0xd6,
    0xd4, 0xd6, 0xd4, 0xd6, 0xd4, 0xd6, 0xd4, 0xd6, 0xb4, 0xd6, 0xd4, 0xde,
    0xf5, 0xde, 0x36, 0xe7, 0x36, 0xe7, 0x36, 0xe7, 0x36, 0xe7, 0x16, 0xe7,
    0x36, 0xe7, 0x36, 0xe7, 0x36, 0xe7, 0x16, 0xe7, 0x17, 0xe7, 0x36, 0xe7,
    0x36, 0xe7, 0x16, 0xe7, 0x36, 0xe7, 0x36, 0xe7, 0x16, 0xdf, 0x36, 0xe7,
    0x36, 0xe7, 0x16, 0xe7, 0x79, 0xef, 0x9a, 0xf7, 0x78, 0xf7, 0x99, 0xf7,
    0x99, 0xef, 0x78, 0xf7, 0x78, 0xf7, 0x79, 0xef, 0x98, 0xf7, 0x78, 0xef,
    0x99, 0xef, 0x98, 0xf7, 0x99, 0xf7, 0x78, 0xef, 0x98, 0xf7, 0x79, 0xf7,
    0x78, 0xef, 0x99, 0xf7, 0x78, 0xf7, 0x78, 0xf7, 0x79, 0xef, 0x78, 0xef,
    0x98, 0xf7, 0x79, 0xf7, 0x79, 0xef, 0x98, 0xf7, 0x79, 0xef, 0x98, 0xf7,
    0x79, 0xf7, 0x78, 0xf7, 0x99, 0xf7, 0x78, 0xef, 0x79, 0xf7, 0x99, 0xef,
    0x79, 0xf7, 0x98, 0xef, 0x79, 0xf7, 0x79, 0xf7, 0x99, 0xef, 0x79, 0xf7,
    0x78, 0xf7, 0x99, 0xef, 0x79, 0xf7, 0x99, 0xf7, 0x98, 0xef, 0x99, 0xf7,
    0x79, 0xf7, 0x98, 0xef, 0x79, 0xef, 0x79, 0xef, 0x98, 0xef, 0x99, 0xf7,
    0x79, 0xf7, 0x98, 0xf7, 0x99, 0xf7, 0x79, 0xef, 0x98, 0xf7, 0x98, 0xf7,
    0x79, 0xf7, 0x79, 0xef, 0x98, 0xf7, 0x78, 0xf7, 0x79, 0xef, 0x99, 0xf7,
    0x78, 0xf7, 0x99, 0xf7, 0x78, 0xef, 0x78, 0xf7, 0x99, 0xef, 0x99, 0xef,
    0x79, 0xf7, 0x78, 0xf7, 0x99, 0xef, 0x99, 0xf7, 0x78, 0xf7, 0x98, 0xf7,
    0x79, 0xef, 0x99, 0xf7, 0x99, 0xf7, 0xbb, 0xf7, 0x38, 0xe7, 0x15, 0xdf,
    0x16, 0xdf, 0x36, 0xe7, 0x36, 0xe7, 0x36, 0xe7, 0x36, 0xe7, 0x36, 0xe7,
    0x16, 0xe7, 0x36, 0xe7, 0x16, 0xe7, 0x16, 0xdf, 0x37, 0xe7, 0x36, 0xe7,
    0x16, 0xe7, 0x36, 0xe7, 0x36, 0xe7, 0x37, 0xe7, 0x36, 0xe7, 0xf5, 0xde,
    0xd4, 0xd6, 0xb4, 0xd6, 0xb3, 0xd6, 0xb3, 0xd6, 0xb4, 0xd6, 0xd4, 0xd6,
    0xd4, 0xd6, 0xd4, 0xd6, 0xd3, 0xd6, 0xd4, 0xd6, 0xf5, 0xde, 0xf5, 0xde,
    0x16, 0xe7, 0x17, 0xe7, 0x17, 0xdf, 0xf6, 0xde, 0xf5, 0xde, 0xd4, 0xd6,
    0xd4, 0xd6, 0xd4, 0xde, 0xd4, 0xde, 0xd4, 0xd6, 0xd4, 0xd6, 0xd4, 0xde,
    0xf4, 0xd6, 0xf5, 0xde, 0xf4, 0xd6, 0xd4, 0xde, 0xf5, 0xde, 0xf4, 0xd6,
    0xf4, 0xd6, 0xd4, 0xd6, 0xf5, 0xde, 0x37, 0xe7, 0x79, 0xef, 0x9b, 0xf7,
    0x9b, 0xf7, 0x9a, 0xf7, 0x79, 0xf7, 0x78, 0xef, 0x78, 0xef, 0x78, 0xf7,
    0x78, 0xef, 0x78, 0xf7, 0x78, 0xef, 0x78, 0xef, 0x78, 0xef, 0x78, 0xf7,
    0x78, 0xef, 0x78, 0xef, 0x78, 0xef, 0x78, 0xf7, 0x78, 0xef, 0x78, 0xef,
    0x78, 0xef, 0x78, 0xef, 0x78, 0xef, 0x78, 0xf7, 0x78, 0xef, 0x78, 0xef,
    0x78, 0xef, 0x78, 0xf7, 0x78, 0xef, 0x78, 0xef, 0x58, 0xf7, 0x78, 0xef,
    0x78, 0xef, 0x78, 0xef, 0x78, 0xef, 0x78, 0xef, 0x78, 0xef, 0x78, 0xef,
    0x78, 0xf7, 0x78, 0xef, 0x78, 0xef, 0x78, 0xf7, 0x78, 0xef, 0x78, 0xef,
    0x78, 0xf7, 0x78, 0xf7, 0x78, 0xef, 0x78, 0xef, 0x78, 0xef, 0x78, 0xef,
    0x99, 0xf7, 0xba, 0xf7, 0xbc, 0xff, 0xbb, 0xf7, 0x59, 0xef, 0x16, 0xdf,
    0xd4, 0xd6, 0xd4, 0xd6, 0xd4, 0xde, 0xd4, 0xd6, 0xd5, 0xd6, 0xd4, 0xde,
    0xd4, 0xd6, 0xd4, 0xd6, 0xd4, 0xd6, 0xd4, 0xd6, 0xb3, 0xd6, 0xd4, 0xd6,
    0xd5, 0xde, 0x16, 0xdf, 0x37, 0xe7, 0x17, 0xe7, 0x16, 0xe7, 0x16, 0xdf,
    0xf5, 0xde, 0xd4, 0xde, 0xd4, 0xd6, 0xd4, 0xd6, 0xd4, 0xd6, 0xd4, 0xd6,
    0xb4, 0xd6, 0xd4, 0xd6, 0xd4, 0xde, 0xf5, 0xde, 0x16, 0xe7, 0x36, 0xe7,
    0x37, 0xe7, 0x36, 0xe7, 0x36, 0xe7, 0x36, 0xe7, 0x36, 0xe7, 0x36, 0xe7,
    0x36, 0xe7, 0x37, 0xe7, 0x36, 0xe7, 0x16, 0xe7, 0x36, 0xe7, 0x36, 0xe7,
    0x16, 0xe7, 0x16, 0xe7, 0x36, 0xe7, 0x36, 0xe7, 0x36, 0xe7, 0x15, 0xdf,
    0x16, 0xe7, 0x9a, 0xf7, 0x9a, 0xf7, 0x79, 0xf7, 0x79, 0xf7, 0x78, 0xef,
    0x98, 0xef, 0x99, 0xf7, 0x99, 0xf7, 0x98, 0xf7, 0x79, 0xef, 0x79, 0xf7,
    0x78, 0xf7, 0x99, 0xef, 0x79, 0xf7, 0x78, 0xef, 0x79, 0xf7, 0x98, 0xf7,
    0x78, 0xef, 0x79, 0xef, 0x99, 0xf7, 0x99, 0xef, 0x78, 0xf7, 0x78, 0xef,
    0x79, 0xf7, 0x98, 0xef, 0x99, 0xf7, 0x79, 0xf7, 0x99, 0xf7, 0x78, 0xef,
    0x99, 0xef, 0x99, 0xf7, 0x78, 0xf7, 0x99, 0xf7, 0x78, 0xef, 0x99, 0xf7,
    0x78, 0xf7, 0x79, 0xef, 0x99, 0xf7, 0x98, 0xef, 0x79, 0xef, 0x78, 0xf7,
    0x98, 0xf7, 0x99, 0xef, 0x79, 0xf7, 0x78, 0xf7, 0x98, 0xef, 0x79, 0xf7,
    0x78, 0xef, 0x78, 0xf7, 0x79, 0xf7, 0x78, 0xf7, 0x78, 0xef, 0x99, 0xef,
    0x78, 0xf7, 0x79, 0xef, 0x98, 0xf7, 0x79, 0xf7, 0x99, 0xf7, 0x98, 0xef,
    0x79, 0xf7, 0x99, 0xf7, 0x78, 0xef, 0x98, 0xf7, 0x79, 0xef, 0x79, 0xef,
    0x99, 0xf7, 0x79, 0xf7, 0x79, 0xef, 0x98, 0xf7, 0x99, 0xf7, 0x79, 0xef,
    0x98, 0xf7, 0x99, 0xf7, 0x79, 0xef, 0x79, 0xef, 0x99, 0xf7, 0x79, 0xf7,
    0x99, 0xef, 0x79, 0xf7, 0x99, 0xf7, 0x79, 0xf7, 0x9b, 0xf7, 0x58, 0xef,
    0x15, 0xdf, 0x16, 0xdf, 0x16, 0xe7, 0x16, 0xe7, 0x16, 0xe7, 0x37, 0xe7,
    0x37, 0xe7, 0x37, 0xe7, 0x36, 0xe7, 0x37, 0xe7, 0x37, 0xe7, 0x36, 0xe7,
    0x36, 0xe7, 0x36, 0xe7, 0x36, 0xe7, 0x36, 0xe7, 0x37, 0xe7, 0x37, 0xe7,
    0x37, 0xe7, 0x16, 0xe7, 0xd4, 0xd6, 0xb4, 0xd6, 0xb3, 0xd6, 0xd4, 0xd6,
    0xf5, 0xde, 0xf6, 0xde, 0x16, 0xe7, 0x17, 0xdf, 0x16, 0xdf, 0xf6, 0xde,
    0xf5, 0xde, 0xd4, 0xd6, 0xd4, 0xd6, 0xd4, 0xd6, 0xd4, 0xd6, 0xd4, 0xd6,
    0xd4, 0xd6, 0xd4, 0xd6, 0xd4, 0xde, 0xd4, 0xde, 0xf4, 0xde, 0xf4, 0xd6,
    0xd4, 0xde, 0xf4, 0xde, 0xf5, 0xd6, 0xd4, 0xd6, 0xd4, 0xd6, 0xf4, 0xde,
    0x16, 0xdf, 0x59, 0xef, 0x9b, 0xf7, 0xbb, 0xf7, 0x9a, 0xf7, 0x78, 0xef,
    0x78, 0xef, 0x78, 0xef, 0x78, 0xef, 0x78, 0xef, 0x78, 0xf7, 0x78, 0xef,
    0x78, 0xef, 0x78, 0xef, 0x78, 0xef, 0x77, 0xef, 0x78, 0xf7, 0x58, 0xef,
    0x78, 0xef, 0x57, 0xf7, 0x78, 0xef, 0x78, 0xef, 0x78, 0xef, 0x58, 0xf7,
    0x78, 0xf7, 0x78, 0xef, 0x78, 0xef, 0x78, 0xf7, 0x78, 0xef, 0x78, 0xef,
    0x58, 0xef, 0x78, 0xef, 0x78, 0xf7, 0x78, 0xef, 0x78, 0xef, 0x58, 0xf7,
    0x78, 0xef, 0x78, 0xef, 0x78, 0xf7, 0x77, 0xf7, 0x78, 0xef, 0x78, 0xef,
    0x78, 0xef, 0x78, 0xef, 0x78, 0xf7, 0x78, 0xef, 0x78, 0xef, 0x78, 0xf7,
    0x98, 0xf7, 0x78, 0xef, 0x78, 0xf7, 0x98, 0xef, 0x78, 0xf7, 0x78, 0xf7,
    0x78, 0xef, 0x78, 0xef, 0x78, 0xef, 0x99, 0xf7, 0xbb, 0xff, 0xbc, 0xff,
    0x9b, 0xf7, 0x38, 0xe7, 0xf5, 0xde, 0xd4, 0xd6, 0xd4, 0xd6, 0xd4, 0xd6,
    0xd4, 0xde, 0xd4, 0xd6, 0xd4, 0xd6, 0xd4, 0xde, 0xd4, 0xd6, 0xb4, 0xd6,
    0xb4, 0xd6, 0xb3, 0xd6, 0xb3, 0xd6, 0xd4, 0xd6, 0xf6, 0xde, 0x38, 0xe7,
    0x59, 0xef, 0x59, 0xe7, 0x38, 0xe7, 0x16, 0xe7, 0xf5, 0xde, 0xf4, 0xde,
    0xf5, 0xde, 0x16, 0xe7, 0x36, 0xe7, 0x57, 0xe7, 0x36, 0xe7, 0x36, 0xe7,
    0x36, 0xe7, 0x36, 0xe7, 0x36, 0xe7, 0x16, 0xe7, 0x37, 0xe7, 0x36, 0xe7,
    0x16, 0xe7, 0x36, 0xe7, 0x36, 0xe7, 0x16, 0xe7, 0x16, 0xe7, 0x36, 0xe7,
    0x16, 0xe7, 0x36, 0xe7, 0x36, 0xe7, 0x36, 0xe7, 0x16, 0xe7, 0x37, 0xe7,
    0x9a, 0xf7, 0x9a, 0xf7, 0x99, 0xef, 0x99, 0xf7, 0x78, 0xf7, 0x78, 0xef,
    0x79, 0xf7, 0x79, 0xf7, 0x78, 0xef, 0x98, 0xef, 0x79, 0xf7, 0x78, 0xf7,
    0x98, 0xef, 0x79, 0xf7, 0x98, 0xf7, 0x79, 0xf7, 0x78, 0xef, 0x99, 0xf7,
    0x99, 0xef, 0x78, 0xf7, 0x99, 0xf7, 0x98, 0xef, 0x98, 0xf7, 0x79, 0xf7,
    0x79, 0xef, 0x78, 0xef, 0x98, 0xef, 0x99, 0xf7, 0x99, 0xf7, 0x79, 0xf7,
    0x98, 0xef, 0x79, 0xef, 0x99, 0xf7, 0x78, 0xef, 0x79, 0xf7, 0x98, 0xf7,
    0x99, 0xef, 0x79, 0xf7, 0x79, 0xf7, 0x99, 0xf7, 0x98, 0xef, 0x79, 0xf7,
    0x99, 0xf7, 0x78, 0xef, 0x99, 0xf7, 0x79, 0xef, 0x79, 0xf7, 0x79, 0xef,
    0x79, 0xf7, 0x98, 0xf7, 0x79, 0xef, 0x79, 0xf7, 0x78, 0xf7, 0x99, 0xf7,
    0x99, 0xef, 0x79, 0xef, 0x79, 0xf7, 0x99, 0xef, 0x79, 0xef, 0x78, 0xf7,
    0x99, 0xf7, 0x78, 0xef, 0x79, 0xef, 0x98, 0xf7, 0x99, 0xf7, 0x78, 0xf7,
    0x99, 0xef, 0x98, 0xf7, 0x79, 0xf7, 0x99, 0xef, 0x78, 0xf7, 0x78, 0xf7,
    0x99, 0xef, 0x79, 0xf7, 0x78, 0xf7, 0x98, 0xef, 0x79, 0xf7, 0x99, 0xf7,
    0x78, 0xef, 0x79, 0xf7, 0x99, 0xf7, 0x99, 0xf7, 0x79, 0xef, 0xbb, 0xff,
    0x79, 0xef, 0x16, 0xdf, 0x36, 0xe7, 0x16, 0xe7, 0x36, 0xdf, 0x16, 0xe7,
    0x36, 0xe7, 0x36, 0xe7, 0x37, 0xe7, 0x37, 0xe7, 0x37, 0xe7, 0x37, 0xe7,
    0x37, 0xe7, 0x37, 0xe7, 0x37, 0xe7, 0x37, 0xe7, 0x37, 0xe7, 0x37, 0xe7,
    0x37, 0xe7, 0x57, 0xef, 0x58, 0xef, 0x58, 0xef, 0x58, 0xe7, 0x37, 0xe7,
    0x17, 0xe7, 0x16, 0xdf, 0xd5, 0xde, 0xb4, 0xd6, 0xb3, 0xd6, 0x93, 0xd6,
    0xb3, 0xd6, 0xd4, 0xd6, 0xd4, 0xd6, 0xd4, 0xde, 0xd4, 0xd6, 0xd4, 0xd6,
    0xd4, 0xd6, 0xd4, 0xd6, 0xd4, 0xd6, 0xd4, 0xd6, 0xd4, 0xde, 0xd4, 0xd6,
    0xd4, 0xd6, 0xd4, 0xd6, 0xd4, 0xd6, 0x16, 0xdf, 0x59, 0xef, 0x9b, 0xf7,
    0xbc, 0xf7, 0xba, 0xf7, 0x79, 0xf7, 0x78, 0xef, 0x78, 0xef, 0x78, 0xf7,
    0x78, 0xf7, 0x78, 0xef, 0x78, 0xf7, 0x78, 0xef, 0x78, 0xef, 0x78, 0xef,
    0x58, 0xf7, 0x78, 0xf7, 0x78, 0xef, 0x78, 0xef, 0x78, 0xef, 0x78, 0xef,
    0x78, 0xef, 0x78, 0xf7, 0x58, 0xef, 0x78, 0xef, 0x78, 0xf7, 0x78, 0xef,
    0x78, 0xef, 0x78, 0xf7, 0x78, 0xef, 0x78, 0xef, 0x78, 0xef, 0x78, 0xf7,
    0x78, 0xef, 0x78, 0xf7, 0x78, 0xef, 0x78, 0xef, 0x78, 0xf7, 0x78, 0xef,
    0x78, 0xf7, 0x58, 0xef, 0x78, 0xef, 0x78, 0xef, 0x78, 0xf7, 0x78, 0xef,
    0x77, 0xef, 0x78, 0xf7, 0x78, 0xef, 0x78, 0xef, 0x78, 0xef, 0x78, 0xef,
    0x78, 0xf7, 0x78, 0xef, 0x78, 0xef, 0x78, 0xf7, 0x78, 0xef, 0x78, 0xf7,
    0x78, 0xef, 0x78, 0xef, 0x78, 0xf7, 0x78, 0xef, 0x78, 0xef, 0x98, 0xef,
    0x9a, 0xf7, 0xdb, 0xff, 0xbc, 0xf7, 0x59, 0xef, 0xf6, 0xde, 0xd4, 0xd6,
    0xb4, 0xd6, 0xd4, 0xd6, 0xd4, 0xd6, 0xb4, 0xd6, 0xd4, 0xd6, 0xd4, 0xd6,
    0xb4, 0xd6, 0xd4, 0xd6, 0xd4, 0xd6, 0xd4, 0xd6, 0xd4, 0xd6, 0xb4, 0xd6,
    0xd4, 0xd6, 0xd5, 0xde, 0x16, 0xdf, 0x37, 0xe7, 0x58, 0xef, 0x79, 0xef,
    0x99, 0xef, 0x79, 0xef, 0x79, 0xef, 0x78, 0xef, 0x58, 0xef, 0x58, 0xef,
    0x57, 0xe7, 0x37, 0xe7, 0x37, 0xe7, 0x37, 0xe7, 0x37, 0xe7, 0x36, 0xe7,
    0x36, 0xe7, 0x16, 0xe7, 0x36, 0xdf, 0x36, 0xe7, 0x16, 0xe7, 0x36, 0xe7,
    0x16, 0xe7, 0x16, 0xe7, 0x36, 0xe7, 0x16, 0xdf, 0x58, 0xe7, 0x9a, 0xf7,
    0x99, 0xf7, 0x79, 0xef, 0x99, 0xf7, 0x98, 0xef, 0x78, 0xf7, 0x99, 0xf7,
    0x98, 0xef, 0x79, 0xf7, 0x78, 0xf7, 0x78, 0xef, 0x79, 0xf7, 0x99, 0xef,
    0x78, 0xef, 0x79, 0xef, 0x98, 0xf7, 0x98, 0xef, 0x79, 0xef, 0x78, 0xf7,
    0x99, 0xf7, 0x78, 0xf7, 0x79, 0xef, 0x99, 0xef, 0x78, 0xf7, 0x99, 0xf7,
    0x78, 0xf7, 0x98, 0xf7, 0x79, 0xf7, 0x98, 0xef, 0x99, 0xf7, 0x99, 0xf7,
    0x78, 0xf7, 0x99, 0xf7, 0x79, 0xef, 0x79, 0xf7, 0x99, 0xf7, 0x78, 0xef,
    0x79, 0xef, 0x99, 0xf7, 0x78, 0xf7, 0x79, 0xef, 0x99, 0xf7, 0x79, 0xf7,
    0x79, 0xef, 0x99, 0xf7, 0x99, 0xf7, 0x99, 0xf7, 0x79, 0xef, 0x99, 0xf7,
    0x99, 0xf7, 0x79, 0xef, 0x78, 0xef, 0x99, 0xf7, 0x99, 0xef, 0x79, 0xf7,
    0x99, 0xf7, 0x98, 0xf7, 0x79, 0xf7, 0x98, 0xf7, 0x79, 0xef, 0x99, 0xf7,
    0x98, 0xf7, 0x79, 0xef, 0x78, 0xf7, 0x79, 0xef, 0x79, 0xf7, 0x99, 0xf7,
    0x79, 0xef, 0x79, 0xf7, 0x98, 0xf7, 0x79, 0xef, 0x99, 0xf7, 0x99, 0xf7,
    0x79, 0xef, 0x98, 0xf7, 0x99, 0xf7, 0x99, 0xef, 0x78, 0xef, 0x99, 0xf7,
    0x99, 0xf7, 0x79, 0xef, 0x98, 0xef, 0x79, 0xf7, 0x79, 0xf7, 0x78, 0xef,
    0xbb, 0xf7, 0x9a, 0xf7, 0x16, 0xe7, 0x36, 0xdf, 0x36, 0xe7, 0x16, 0xe7,
    0x16, 0xe7, 0x36, 0xe7, 0x36, 0xe7, 0x16, 0xe7, 0x36, 0xe7, 0x36, 0xe7,
    0x37, 0xe7, 0x37, 0xe7, 0x37, 0xe7, 0x37, 0xe7, 0x37, 0xe7, 0x37, 0xe7,
    0x37, 0xe7, 0x57, 0xe7, 0x57, 0xef, 0x57, 0xe7, 0x57, 0xef, 0x37, 0xe7,
    0x36, 0xe7, 0x15, 0xdf, 0xd4, 0xde, 0xd4, 0xd6, 0xb4, 0xd6, 0xb3, 0xd6,
    0xb4, 0xd6, 0xb4, 0xd6, 0xd4, 0xd6, 0xd4, 0xde, 0xd4, 0xde, 0xd4, 0xd6,
    0xd4, 0xde, 0xd4, 0xde, 0xd4, 0xd6, 0xd4, 0xd6, 0xd4, 0xd6, 0xd3, 0xd6,
    0xf5, 0xde, 0x38, 0xe7, 0x9b, 0xf7, 0xbc, 0xff, 0xbb, 0xf7, 0x99, 0xf7,
    0x78, 0xef, 0x78, 0xf7, 0x98, 0xf7, 0x78, 0xef, 0x78, 0xf7, 0x78, 0xef,
    0x78, 0xef, 0x78, 0xf7, 0x78, 0xf7, 0x78, 0xef, 0x78, 0xf7, 0x78, 0xef,
    0x78, 0xef, 0x57, 0xef, 0x78, 0xf7, 0x78, 0xf7, 0x78, 0xf7, 0x77, 0xef,
    0x78, 0xef, 0x78, 0xef, 0x58, 0xef, 0x77, 0xef, 0x78, 0xef, 0x58, 0xef,
    0x78, 0xef, 0x78, 0xf7, 0x78, 0xef, 0x58, 0xef, 0x78, 0xf7, 0x78, 0xef,
    0x78, 0xef, 0x78, 0xf7, 0x77, 0xef, 0x78, 0xf7, 0x58, 0xef, 0x77, 0xef,
    0x77, 0xf7, 0x78, 0xf7, 0x78, 0xef, 0x58, 0xef, 0x58, 0xef, 0x78, 0xef,
    0x77, 0xf7, 0x58, 0xef, 0x78, 0xef, 0x78, 0xf7, 0x78, 0xf7, 0x78, 0xef,
    0x78, 0xef, 0x78, 0xef, 0x78, 0xef, 0x78, 0xef, 0x78, 0xf7, 0x78, 0xef,
    0x78, 0xef, 0x78, 0xf7, 0x78, 0xf7, 0x78, 0xf7, 0x78, 0xf7, 0x99, 0xef,
    0x78, 0xef, 0x78, 0xf7, 0x98, 0xf7, 0xba, 0xf7, 0xbc, 0xf7, 0x9b, 0xf7,
    0x38, 0xe7, 0xd5, 0xde, 0xb3, 0xd6, 0xb4, 0xd6, 0xd4, 0xd6, 0xb4, 0xd6,
    0xd4, 0xd6, 0xd4, 0xde, 0xd5, 0xde, 0xf5, 0xde, 0xf5, 0xde, 0xf5, 0xde,
    0x15, 0xdf, 0x16, 0xe7, 0x36, 0xe7, 0x36, 0xe7, 0x36, 0xe7, 0x36, 0xe7,
    0x57, 0xe7, 0x37, 0xe7, 0x37, 0xef, 0x36, 0xe7, 0x37, 0xe7, 0x37, 0xe7,
    0x36, 0xe7, 0x36, 0xe7, 0x36, 0xe7, 0x36, 0xe7, 0x16, 0xe7, 0x16, 0xe7,
    0x36, 0xe7, 0x36, 0xe7, 0x36, 0xe7, 0x16, 0xe7, 0x36, 0xe7, 0x36, 0xe7,
    0x16, 0xdf, 0x16, 0xe7, 0x16, 0xe7, 0x59, 0xef, 0xba, 0xf7, 0x99, 0xf7,
    0x79, 0xf7, 0x79, 0xf7, 0x78, 0xef, 0x79, 0xf7, 0x99, 0xef, 0x79, 0xf7,
    0x98, 0xef, 0x99, 0xf7, 0x79, 0xf7, 0x78, 0xef, 0x79, 0xf7, 0x79, 0xf7,
    0x99, 0xf7, 0x78, 0xef, 0x79, 0xf7, 0x79, 0xf7, 0x78, 0xef, 0x99, 0xf7,
    0x78, 0xf7, 0x79, 0xef, 0x99, 0xf7, 0x78, 0xf7, 0x79, 0xef, 0x99, 0xef,
    0x99, 0xf7, 0x78, 0xf7, 0x99, 0xef, 0x79, 0xf7, 0x99, 0xef, 0x99, 0xf7,
    0x99, 0xf7, 0x78, 0xf7, 0x98, 0xef, 0x99, 0xf7, 0x79, 0xf7, 0x78, 0xef,
    0x99, 0xf7, 0x98, 0xf7, 0x98, 0xef, 0x79, 0xf7, 0x98, 0xf7, 0x99, 0xef,
    0x99, 0xef, 0x99, 0xf7, 0x78, 0xf7, 0x78, 0xef, 0x78, 0xf7, 0x99, 0xf7,
    0x99, 0xef, 0x79, 0xf7, 0x99, 0xf7, 0x98, 0xef, 0x79, 0xf7, 0x79, 0xf7,
    0x98, 0xf7, 0x79, 0xef, 0x99, 0xef, 0x79, 0xf7, 0x98, 0xf7, 0x79, 0xef,
    0x79, 0xf7, 0x99, 0xf7, 0x98, 0xf7, 0x79, 0xef, 0x99, 0xf7, 0x98, 0xef,
    0x79, 0xf7, 0x99, 0xf7, 0x99, 0xf7, 0x78, 0xef, 0x78, 0xf7, 0x79, 0xef,
    0x99, 0xf7, 0x78, 0xf7, 0x79, 0xef, 0x99, 0xf7, 0x78, 0xf7, 0x79, 0xef,
    0x99, 0xf7, 0x98, 0xf7, 0x79, 0xef, 0x79, 0xef, 0x99, 0xf7, 0x79, 0xf7,
    0x78, 0xef, 0x9a, 0xf7, 0x9b, 0xf7, 0x37, 0xe7, 0x16, 0xdf, 0x36, 0xe7,
    0x16, 0xe7, 0x36, 0xdf, 0x36, 0xe7, 0x36, 0xe7, 0x36, 0xe7, 0x36, 0xe7,
    0x36, 0xe7, 0x16, 0xe7, 0x36, 0xe7, 0x16, 0xe7, 0x36, 0xe7, 0x36, 0xe7,
    0x36, 0xe7, 0x36, 0xe7, 0x36, 0xe7, 0x36, 0xe7, 0x37, 0xe7, 0x37, 0xe7,
    0x37, 0xe7, 0x37, 0xe7, 0x37, 0xef, 0x36, 0xe7, 0x16, 0xe7, 0x15, 0xdf,
    0xf5, 0xde, 0xd5, 0xde, 0xd4, 0xd6, 0xd4, 0xd6, 0xd4, 0xd6, 0xd4, 0xde,
    0xd4, 0xd6, 0xd4, 0xd6, 0xd4, 0xd6, 0xd4, 0xd6, 0x16, 0xdf, 0x59, 0xef,
    0xbc, 0xf7, 0xbc, 0xf7, 0x99, 0xf7, 0x78, 0xef, 0x78, 0xf7, 0x78, 0xf7,
    0x78, 0xef, 0x78, 0xef, 0x78, 0xef, 0x78, 0xf7, 0x78, 0xf7, 0x78, 0xef,
    0x78, 0xef, 0x78, 0xef, 0x78, 0xef, 0x78, 0xf7, 0x78, 0xef, 0x78, 0xf7,
    0x78, 0xef, 0x57, 0xef, 0x78, 0xef, 0x78, 0xef, 0x78, 0xf7, 0x58, 0xf7,
    0x78, 0xef, 0x78, 0xf7, 0x78, 0xef, 0x78, 0xf7, 0x78, 0xef, 0x58, 0xef,
    0x78, 0xf7, 0x78, 0xef, 0x78, 0xef, 0x78, 0xef, 0x78, 0xef, 0x78, 0xef,
    0x78, 0xef, 0x58, 0xef, 0x78, 0xf7, 0x77, 0xef, 0x78, 0xef, 0x78, 0xef,
    0x58, 0xef, 0x78, 0xef, 0x57, 0xef, 0x78, 0xf7, 0x78, 0xef, 0x77, 0xef,
    0x58, 0xef, 0x78, 0xef, 0x78, 0xef, 0x78, 0xef, 0x58, 0xf7, 0x78, 0xef,
    0x78, 0xef, 0x78, 0xf7, 0x78, 0xf7, 0x78, 0xef, 0x78, 0xef, 0x78, 0xf7,
    0x78, 0xef, 0x78, 0xf7, 0x78, 0xef, 0x78, 0xef, 0x78, 0xf7, 0x98, 0xf7,
    0x78, 0xef, 0x98, 0xf7, 0x78, 0xf7, 0x78, 0xef, 0x78, 0xef, 0x99, 0xf7,
    0xbb, 0xff, 0xbc, 0xf7, 0x7a, 0xef, 0x58, 0xef, 0x16, 0xe7, 0x15, 0xdf,
    0x16, 0xe7, 0x36, 0xe7, 0x37, 0xe7, 0x37, 0xe7, 0x37, 0xe7, 0x56, 0xe7,
    0x36, 0xe7, 0x36, 0xe7, 0x36, 0xe7, 0x37, 0xe7, 0x56, 0xe7, 0x57, 0xef,
    0x36, 0xe7, 0x36, 0xe7, 0x36, 0xe7, 0x36, 0xe7, 0x36, 0xe7, 0x36, 0xe7,
    0x36, 0xe7, 0x36, 0xe7, 0x36, 0xe7, 0x36, 0xe7, 0x16, 0xe7, 0x16, 0xe7,
    0x36, 0xe7, 0x36, 0xe7, 0x36, 0xe7, 0x36, 0xe7, 0x16, 0xe7, 0x16, 0xe7,
    0x16, 0xdf, 0x37, 0xe7, 0x9a, 0xf7, 0x9a, 0xf7, 0x79, 0xf7, 0x99, 0xef,
    0x99, 0xf7, 0x98, 0xf7, 0x79, 0xef, 0x98, 0xf7, 0x79, 0xf7, 0x79, 0xef,
    0x98, 0xf7, 0x78, 0xf7, 0x79, 0xef, 0x98, 0xef, 0x98, 0xef, 0x99, 0xf7,
    0x79, 0xf7, 0x98, 0xf7, 0x79, 0xf7, 0x78, 0xef, 0x79, 0xef, 0x99, 0xf7,
    0x98, 0xef, 0x79, 0xf7, 0x98, 0xf7, 0x98, 0xf7, 0x78, 0xef, 0x79, 0xf7,
    0x98, 0xf7, 0x79, 0xef, 0x79, 0xf7, 0x99, 0xf7, 0x78, 0xef, 0x99, 0xef,
    0x99, 0xf7, 0x79, 0xf7, 0x99, 0xef, 0x79, 0xf7, 0x99, 0xf7, 0x98, 0xef,
    0x79, 0xf7, 0x99, 0xf7, 0x79, 0xef, 0x99, 0xf7, 0x78, 0xf7, 0x79, 0xef,
    0x79, 0xf7, 0x79, 0xf7, 0x99, 0xef, 0x79, 0xf7, 0x98, 0xf7, 0x79, 0xef,
    0x78, 0xf7, 0x99, 0xf7, 0x99, 0xef, 0x79, 0xf7, 0x98, 0xf7, 0x99, 0xf7,
    0x99, 0xef, 0x79, 0xf7, 0x99, 0xf7, 0x99, 0xef, 0x78, 0xf7, 0x78, 0xef,
    0x98, 0xef, 0x78, 0xf7, 0x79, 0xef, 0x79, 0xf7, 0x99, 0xf7, 0x78, 0xef,
    0x99, 0xf7, 0x78, 0xf7, 0x99, 0xef, 0x79, 0xf7, 0x78, 0xf7, 0x99, 0xef,
    0x99, 0xf7, 0x78, 0xef, 0x79, 0xf7, 0x79, 0xf7, 0x78, 0xf7, 0x99, 0xef,
    0x79, 0xf7, 0x79, 0xf7, 0x78, 0xef, 0x99, 0xf7, 0x98, 0xf7, 0x99, 0xef,
    0x99, 0xf7, 0x99, 0xf7, 0x99, 0xf7, 0xbc, 0xff, 0x79, 0xef, 0x36, 0xe7,
    0x16, 0xe7, 0x16, 0xe7, 0x36, 0xe7, 0x36, 0xe7, 0x17, 0xe7, 0x16, 0xe7,
    0x36, 0xe7, 0x16, 0xe7, 0x36, 0xe7, 0x36, 0xe7, 0x36, 0xe7, 0x36, 0xe7,
    0x36, 0xe7, 0x36, 0xe7, 0x36, 0xe7, 0x37, 0xe7, 0x36, 0xe7, 0x36, 0xef,
    0x37, 0xe7, 0x36, 0xe7, 0x37, 0xe7, 0x37, 0xe7, 0x57, 0xe7, 0x37, 0xe7,
    0x57, 0xe7, 0x36, 0xe7, 0x36, 0xe7, 0x36, 0xe7, 0x16, 0xe7, 0x15, 0xdf,
    0x15, 0xdf, 0x16, 0xe7, 0x79, 0xef, 0x9b, 0xf7, 0xbc, 0xff, 0x9b, 0xf7,
    0x79, 0xf7, 0x78, 0xef, 0x78, 0xef, 0x78, 0xf7, 0x78, 0xef, 0x78, 0xf7,
    0x78, 0xf7, 0x78, 0xef, 0x79, 0xef, 0x78, 0xf7, 0x78, 0xef, 0x78, 0xef,
    0x78, 0xf7, 0x78, 0xef, 0x78, 0xef, 0x78, 0xef, 0x78, 0xef, 0x78, 0xef,
    0x78, 0xef, 0x78, 0xef, 0x58, 0xf7, 0x78, 0xef, 0x78, 0xef, 0x78, 0xef,
    0x58, 0xef, 0x77, 0xef, 0x78, 0xf7, 0x78, 0xef, 0x78, 0xf7, 0x78, 0xf7,
    0x78, 0xef, 0x78, 0xef, 0x78, 0xf7, 0x78, 0xf7, 0x58, 0xef, 0x78, 0xef,
    0x78, 0xef, 0x78, 0xef, 0x78, 0xf7, 0x58, 0xef, 0x78, 0xf7, 0x78, 0xf7,
    0x78, 0xef, 0x78, 0xef, 0x78, 0xef, 0x78, 0xf7, 0x78, 0xef, 0x78, 0xef,
    0x78, 0xf7, 0x78, 0xef, 0x58, 0xf7, 0x77, 0xef, 0x78, 0xef, 0x78, 0xf7,
    0x78, 0xef, 0x78, 0xef, 0x78, 0xef, 0x78, 0xf7, 0x78, 0xef, 0x78, 0xf7,
    0x78, 0xef, 0x78, 0xf7, 0x78, 0xef, 0x78, 0xef, 0x78, 0xef, 0x78, 0xf7,
    0x78, 0xef, 0x78, 0xef, 0x79, 0xf7, 0x78, 0xf7, 0x78, 0xef, 0x78, 0xef,
    0x78, 0xef, 0x78, 0xf7, 0xba, 0xf7, 0xbc, 0xff, 0xdc, 0xff, 0x9a, 0xf7,
    0x58, 0xe7, 0x36, 0xe7, 0x36, 0xe7, 0x36, 0xe7, 0x36, 0xe7, 0x36, 0xe7,
    0x36, 0xe7, 0x36, 0xe7, 0x36, 0xe7, 0x37, 0xe7, 0x37, 0xe7, 0x36, 0xe7,
    0x36, 0xe7, 0x36, 0xe7, 0x36, 0xe7, 0x16, 0xe7, 0x16, 0xe7, 0x36, 0xe7,
    0x36, 0xe7, 0x16, 0xe7, 0x36, 0xe7, 0x36, 0xe7, 0x16, 0xe7, 0x36, 0xe7,
    0x36, 0xdf, 0x36, 0xe7, 0x16, 0xe7, 0x16, 0xdf, 0x16, 0xdf, 0x37, 0xe7,
    0x79, 0xef, 0xbb, 0xf7, 0x99, 0xf7, 0x98, 0xef, 0x79, 0xf7, 0x78, 0xf7,
    0x98, 0xef, 0x79, 0xf7, 0x78, 0xf7, 0x78, 0xef, 0x98, 0xf7, 0x99, 0xf7,
    0x79, 0xef, 0x78, 0xef, 0x79, 0xf7, 0x79, 0xf7, 0x98, 0xef, 0x79, 0xef,
    0x98, 0xf7, 0x99, 0xef, 0x99, 0xf7, 0x98, 0xef, 0x78, 0xf7, 0x79, 0xf7,
    0x99, 0xef, 0x78, 0xf7, 0x79, 0xef, 0x99, 0xf7, 0x78, 0xf7, 0x79, 0xef,
    0x99, 0xf7, 0x98, 0xef, 0x79, 0xf7, 0x98, 0xf7, 0x99, 0xf7, 0x79, 0xf7,
    0x78, 0xf7, 0x99, 0xf7, 0x79, 0xf7, 0x78, 0xef, 0x99, 0xf7, 0x79, 0xf7,
    0x78, 0xf7, 0x99, 0xf7, 0x99, 0xf7, 0x79, 0xf7, 0x99, 0xf7, 0x98, 0xef,
    0x79, 0xf7, 0x99, 0xf7, 0x99, 0xf7, 0x79, 0xf7, 0x99, 0xef, 0x99, 0xef,
    0x79, 0xf7, 0x99, 0xf7, 0x99, 0xf7, 0x99, 0xf7, 0x79, 0xf7, 0x99, 0xef,
    0x99, 0xf7, 0x79, 0xf7, 0x79, 0xef, 0x79, 0xef, 0x79, 0xf7, 0x99, 0xf7,
    0x99, 0xf7, 0x79, 0xef, 0x78, 0xef, 0x78, 0xf7, 0x99, 0xf7, 0x99, 0xef,
    0x78, 0xf7, 0x79, 0xef, 0x98, 0xef, 0x99, 0xf7, 0x79, 0xf7, 0x98, 0xef,
    0x79, 0xf7, 0x99, 0xf7, 0x99, 0xf7, 0x98, 0xef, 0x99, 0xef, 0x98, 0xf7,
    0x79, 0xf7, 0x98, 0xef, 0x79, 0xf7, 0x99, 0xf7, 0x79, 0xef, 0x78, 0xf7,
    0x79, 0xf7, 0x99, 0xf7, 0x79, 0xf7, 0x99, 0xf7, 0xbb, 0xf7, 0x9b, 0xf7,
    0x57, 0xe7, 0x16, 0xe7, 0x16, 0xdf, 0x36, 0xe7, 0x16, 0xe7, 0x36, 0xe7,
    0x16, 0xe7, 0x37, 0xe7, 0x36, 0xe7, 0x37, 0xe7, 0x37, 0xe7, 0x36, 0xe7,
    0x37, 0xe7, 0x37, 0xe7, 0x36, 0xe7, 0x36, 0xe7, 0x37, 0xe7, 0x36, 0xe7,
    0x36, 0xef, 0x36, 0xe7, 0x36, 0xe7, 0x37, 0xe7, 0x37, 0xef, 0x36, 0xe7,
    0x37, 0xe7, 0x36, 0xe7, 0x36, 0xe7, 0x36, 0xe7, 0x36, 0xe7, 0x58, 0xef,
    0x7a, 0xf7, 0xbc, 0xf7, 0xbc, 0xff, 0x9a, 0xf7, 0x78, 0xef, 0x78, 0xef,
    0x78, 0xf7, 0x78, 0xef, 0x78, 0xf7, 0x78, 0xef, 0x78, 0xef, 0x78, 0xef,
    0x78, 0xef, 0x78, 0xf7, 0x78, 0xf7, 0x98, 0xef, 0x98, 0xf7, 0x78, 0xf7,
    0x78, 0xef, 0x78, 0xf7, 0x78, 0xf7, 0x78, 0xef, 0x78, 0xf7, 0x78, 0xef,
    0x58, 0xef, 0x78, 0xf7, 0x78, 0xf7, 0x78, 0xef, 0x78, 0xef, 0x78, 0xf7,
    0x78, 0xef, 0x78, 0xef, 0x78, 0xef, 0x78, 0xef, 0x78, 0xef, 0x78, 0xef,
    0x78, 0xef, 0x78, 0xef, 0x58, 0xef, 0x78, 0xf7, 0x78, 0xef, 0x78, 0xef,
    0x78, 0xef, 0x78, 0xef, 0x78, 0xf7, 0x78, 0xef, 0x78, 0xef, 0x78, 0xf7,
    0x78, 0xf7, 0x78, 0xef, 0x58, 0xf7, 0x78, 0xef, 0x78, 0xf7, 0x78, 0xf7,
    0x78, 0xef, 0x78, 0xf7, 0x78, 0xef, 0x78, 0xef, 0x78, 0xef, 0x58, 0xf7,
    0x78, 0xef, 0x78, 0xef, 0x78, 0xef, 0x78, 0xf7, 0x78, 0xef, 0x78, 0xef,
    0x78, 0xf7, 0x78, 0xef, 0x78, 0xf7, 0x78, 0xef, 0x78, 0xf7, 0x78, 0xf7,
    0x78, 0xef, 0x78, 0xef, 0x98, 0xf7, 0x78, 0xef, 0x78, 0xf7, 0x78, 0xef,
    0x78, 0xef, 0x78, 0xf7, 0x78, 0xef, 0x78, 0xef, 0x79, 0xf7, 0x9b, 0xf7,
    0xbc, 0xf7, 0x9b, 0xf7, 0x79, 0xef, 0x37, 0xe7, 0x36, 0xe7, 0x16, 0xe7,
    0x36, 0xe7, 0x37, 0xe7, 0x37, 0xe7, 0x36, 0xe7, 0x36, 0xe7, 0x36, 0xe7,
    0x36, 0xe7, 0x36, 0xe7, 0x36, 0xe7, 0x36, 0xe7, 0x16, 0xe7, 0x36, 0xe7,
    0x16, 0xe7, 0x36, 0xe7, 0x36, 0xdf, 0x36, 0xe7, 0x36, 0xe7, 0x36, 0xe7,
    0x37, 0xe7, 0x16, 0xdf, 0x16, 0xdf, 0x36, 0xe7, 0x59, 0xef, 0x9a, 0xf7,
    0x9a, 0xf7, 0x99, 0xf7, 0x99, 0xf7, 0x79, 0xef, 0x99, 0xf7, 0x99, 0xf7,
    0x78, 0xef, 0x99, 0xef, 0x99, 0xf7, 0x78, 0xf7, 0x99, 0xef, 0x98, 0xf7,
    0x79, 0xf7, 0x98, 0xf7, 0x98, 0xef, 0x79, 0xf7, 0x78, 0xf7, 0x99, 0xf7,
    0x79, 0xef, 0x78, 0xf7, 0x79, 0xf7, 0x98, 0xf7, 0x78, 0xef, 0x99, 0xf7,
    0x79, 0xf7, 0x78, 0xef, 0x99, 0xf7, 0x99, 0xf7, 0x79, 0xf7, 0x99, 0xf7,
    0x79, 0xef, 0x99, 0xf7, 0x78, 0xef, 0x99, 0xef, 0x79, 0xf7, 0x99, 0xf7,
    0x99, 0xef, 0x78, 0xef, 0x99, 0xf7, 0x99, 0xef, 0x79, 0xf7, 0x99, 0xf7,
    0x79, 0xef, 0x98, 0xef, 0x79, 0xef, 0x79, 0xf7, 0x99, 0xf7, 0x99, 0xf7,
    0x78, 0xef, 0x99, 0xf7, 0x78, 0xf7, 0x79, 0xef, 0x99, 0xf7, 0x79, 0xf7,
    0x99, 0xf7, 0x99, 0xef, 0x99, 0xf7, 0x99, 0xf7, 0x99, 0xef, 0x99, 0xf7,
    0x79, 0xf7, 0x99, 0xf7, 0x98, 0xf7, 0x79, 0xf7, 0x99, 0xf7, 0x79, 0xef,
    0x79, 0xf7, 0x99, 0xf7, 0x99, 0xf7, 0x78, 0xef, 0x99, 0xf7, 0x99, 0xf7,
    0x79, 0xf7, 0x99, 0xf7, 0x78, 0xf7, 0x79, 0xef, 0x99, 0xf7, 0x78, 0xf7,
    0x99, 0xef, 0x99, 0xf7, 0x78, 0xef, 0x79, 0xf7, 0x99, 0xf7, 0x79, 0xf7,
    0x98, 0xef, 0x99, 0xf7, 0x79, 0xf7, 0x78, 0xef, 0x99, 0xf7, 0x79, 0xef,
    0x98, 0xef, 0x78, 0xef, 0x79, 0xef, 0x79, 0xf7, 0x98, 0xf7, 0x99, 0xf7,
    0xbb, 0xf7, 0x9b, 0xf7, 0x37, 0xe7, 0x16, 0xdf, 0x16, 0xe7, 0x36, 0xdf,
    0x37, 0xe7, 0x36, 0xe7, 0x36, 0xe7, 0x36, 0xe7, 0x37, 0xe7, 0x36, 0xe7,
    0x36, 0xe7, 0x37, 0xe7, 0x36, 0xe7, 0x36, 0xe7, 0x37, 0xe7, 0x36, 0xe7,
    0x36, 0xe7, 0x36, 0xe7, 0x36, 0xe7, 0x36, 0xe7, 0x36, 0xe7, 0x36, 0xe7,
    0x36, 0xe7, 0x36, 0xe7, 0x57, 0xef, 0x79, 0xef, 0x9b, 0xf7, 0xbc, 0xf7,
    0x9a, 0xf7, 0x99, 0xef, 0x78, 0xef, 0x78, 0xf7, 0x98, 0xf7, 0x98, 0xef,
    0x99, 0xf7, 0x99, 0xf7, 0x78, 0xef, 0x78, 0xf7, 0x98, 0xf7, 0x78, 0xef,
    0x78, 0xef, 0x78, 0xf7, 0x78, 0xef, 0x78, 0xef, 0x78, 0xf7, 0x78, 0xef,
    0x78, 0xef, 0x78, 0xf7, 0x78, 0xef, 0x78, 0xef, 0x78, 0xf7, 0x78, 0xf7,
    0x78, 0xef, 0x78, 0xef, 0x78, 0xef, 0x78, 0xf7, 0x78, 0xef, 0x78, 0xf7,
    0x78, 0xf7, 0x78, 0xef, 0x58, 0xf7, 0x77, 0xf7, 0x78, 0xef, 0x58, 0xef,
    0x78, 0xef, 0x78, 0xef, 0x78, 0xef, 0x77, 0xef, 0x78, 0xef, 0x78, 0xf7,
    0x78, 0xef, 0x78, 0xf7, 0x78, 0xef, 0x78, 0xef, 0x77, 0xef, 0x78, 0xef,
    0x78, 0xef, 0x78, 0xf7, 0x77, 0xef, 0x78, 0xef, 0x58, 0xef, 0x57, 0xef,
    0x78, 0xef, 0x78, 0xef, 0x78, 0xf7, 0x78, 0xef, 0x78, 0xf7, 0x78, 0xef,
    0x58, 0xef, 0x78, 0xef, 0x58, 0xf7, 0x78, 0xef, 0x78, 0xef, 0x78, 0xf7,
    0x78, 0xef, 0x78, 0xef, 0x78, 0xf7, 0x78, 0xef, 0x78, 0xef, 0x78, 0xef,
    0x78, 0xf7, 0x98, 0xf7, 0x78, 0xef, 0x78, 0xef, 0x78, 0xf7, 0x78, 0xef,
    0x78, 0xef, 0x78, 0xf7, 0x78, 0xef, 0x78, 0xef, 0x78, 0xef, 0x78, 0xef,
    0x78, 0xf7, 0x9a, 0xf7, 0xbb, 0xff, 0xbc, 0xff, 0x9b, 0xf7, 0x7a, 0xf7,
    0x58, 0xef, 0x36, 0xe7, 0x36, 0xe7, 0x36, 0xe7, 0x36, 0xe7, 0x36, 0xe7,
    0x36, 0xe7, 0x36, 0xe7, 0x37, 0xe7, 0x36, 0xe7, 0x36, 0xe7, 0x36, 0xe7,
    0x16, 0xe7, 0x16, 0xe7, 0x36, 0xe7, 0x16, 0xe7, 0x16, 0xdf, 0x16, 0xdf,
    0x36, 0xe7, 0x37, 0xe7, 0x79, 0xef, 0x9b, 0xf7, 0x9a, 0xf7, 0x98, 0xf7,
    0x98, 0xef, 0x79, 0xf7, 0x79, 0xf7, 0x98, 0xef, 0x98, 0xf7, 0x79, 0xf7,
    0x98, 0xef, 0x98, 0xf7, 0x79, 0xf7, 0x79, 0xef, 0x98, 0xf7, 0x79, 0xef,
    0x78, 0xf7, 0x99, 0xf7, 0x99, 0xef, 0x78, 0xf7, 0x99, 0xf7, 0x99, 0xef,
    0x78, 0xf7, 0x98, 0xef, 0x79, 0xf7, 0x79, 0xef, 0x98, 0xf7, 0x98, 0xf7,
    0x79, 0xef, 0x99, 0xf7, 0x98, 0xef, 0x99, 0xf7, 0x79, 0xf7, 0x98, 0xf7,
    0x99, 0xf7, 0x78, 0xf7, 0x99, 0xf7, 0x79, 0xf7, 0x78, 0xef, 0x99, 0xf7,
    0x79, 0xf7, 0x79, 0xf7, 0x99, 0xf7, 0x78, 0xef, 0x99, 0xf7, 0x79, 0xf7,
    0x78, 0xef, 0x79, 0xf7, 0x99, 0xf7, 0x78, 0xef, 0x99, 0xf7, 0x79, 0xef,
    0x79, 0xf7, 0x99, 0xf7, 0x99, 0xef, 0x79, 0xf7, 0x99, 0xf7, 0x79, 0xf7,
    0x99, 0xf7, 0x98, 0xf7, 0x79, 0xef, 0x79, 0xef, 0x99, 0xf7, 0x98, 0xf7,
    0x99, 0xf7, 0x99, 0xef, 0x78, 0xef, 0x99, 0xf7, 0x99, 0xf7, 0x78, 0xef,
    0x98, 0xf7, 0x99, 0xf7, 0x79, 0xf7, 0x79, 0xef, 0x99, 0xf7, 0x79, 0xef,
    0x99, 0xef, 0x99, 0xf7, 0x99, 0xf7, 0x79, 0xef, 0x98, 0xf7, 0x79, 0xf7,
    0x79, 0xf7, 0x99, 0xf7, 0x79, 0xf7, 0x99, 0xf7, 0x78, 0xf7, 0x79, 0xef,
    0x99, 0xf7, 0x78, 0xf7, 0x99, 0xef, 0x98, 0xf7, 0x79, 0xf7, 0x99, 0xf7,
    0x98, 0xf7, 0x99, 0xf7, 0x79, 0xef, 0x98, 0xf7, 0x79, 0xf7, 0x79, 0xef,
    0x78, 0xf7, 0xba, 0xf7, 0xbc, 0xf7, 0x7a, 0xf7, 0x58, 0xe7, 0x16, 0xe7,
    0x16, 0xdf, 0x16, 0xe7, 0x36, 0xe7, 0x36, 0xe7, 0x16, 0xe7, 0x36, 0xe7,
    0x36, 0xe7, 0x36, 0xe7, 0x36, 0xe7, 0x36, 0xe7, 0x36, 0xe7, 0x37, 0xe7,
    0x37, 0xe7, 0x37, 0xe7, 0x36, 0xe7, 0x36, 0xe7, 0x36, 0xe7, 0x58, 0xef,
    0x79, 0xef, 0x9b, 0xf7, 0xbc, 0xf7, 0xbb, 0xf7, 0x99, 0xf7, 0x78, 0xef,
    0x78, 0xef, 0x98, 0xf7, 0x99, 0xf7, 0x98, 0xef, 0x98, 0xf7, 0x79, 0xf7,
    0x99, 0xf7, 0x98, 0xef, 0x78, 0xef, 0x79, 0xf7, 0x78, 0xf7, 0x78, 0xf7,
    0x78, 0xef, 0x78, 0xef, 0x78, 0xef, 0x78, 0xf7, 0x78, 0xef, 0x78, 0xf7,
    0x78, 0xef, 0x78, 0xef, 0x78, 0xf7, 0x78, 0xef, 0x78, 0xef, 0x78, 0xef,
    0x57, 0xef, 0x78, 0xef, 0x78, 0xf7, 0x58, 0xef, 0x78, 0xef, 0x78, 0xef,
    0x78, 0xef, 0x78, 0xf7, 0x77, 0xef, 0x78, 0xef, 0x78, 0xef, 0x78, 0xf7,
    0x78, 0xf7, 0x78, 0xf7, 0x58, 0xef, 0x78, 0xef, 0x58, 0xf7, 0x78, 0xef,
    0x78, 0xef, 0x78, 0xf7, 0x78, 0xef, 0x78, 0xf7, 0x78, 0xef, 0x78, 0xef,
    0x78, 0xf7, 0x78, 0xef, 0x78, 0xef, 0x78, 0xf7, 0x78, 0xf7, 0x78, 0xef,
    0x78, 0xf7, 0x58, 0xef, 0x77, 0xef, 0x78, 0xf7, 0x78, 0xef, 0x78, 0xf7,
    0x77, 0xef, 0x78, 0xf7, 0x78, 0xef, 0x58, 0xef, 0x78, 0xf7, 0x78, 0xef,
    0x78, 0xef, 0x78, 0xf7, 0x78, 0xef, 0x78, 0xf7, 0x78, 0xef, 0x78, 0xef,
    0x78, 0xf7, 0x78, 0xf7, 0x78, 0xef, 0x78, 0xef, 0x78, 0xf7, 0x78, 0xef,
    0x78, 0xef, 0x78, 0xf7, 0x78, 0xef, 0x78, 0xf7, 0x78, 0xf7, 0x78, 0xef,
    0x78, 0xef, 0x78, 0xef, 0x78, 0xef, 0x78, 0xf7, 0x9a, 0xf7, 0xbb, 0xf7,
    0xdc, 0xff, 0xbc, 0xf7, 0x9a, 0xf7, 0x79, 0xef, 0x57, 0xef, 0x37, 0xe7,
    0x36, 0xe7, 0x36, 0xe7, 0x36, 0xe7, 0x16, 0xe7, 0x16, 0xdf, 0x16, 0xe7,
    0x16, 0xdf, 0x16, 0xe7, 0x36, 0xe7, 0x37, 0xe7, 0x58, 0xe7, 0x79, 0xef,
    0x9b, 0xf7, 0xbb, 0xf7, 0x9a, 0xf7, 0x98, 0xf7, 0x78, 0xef, 0x79, 0xef,
    0x99, 0xf7, 0x79, 0xef, 0x78, 0xf7, 0x98, 0xf7, 0x78, 0xef, 0x79, 0xf7,
    0x99, 0xf7, 0x78, 0xef, 0x78, 0xf7, 0x99, 0xf7, 0x98, 0xef, 0x79, 0xf7,
    0x78, 0xef, 0x98, 0xf7, 0x79, 0xef, 0x79, 0xf7, 0x98, 0xef, 0x79, 0xf7,
    0x99, 0xf7, 0x98, 0xef, 0x99, 0xf7, 0x79, 0xf7, 0x99, 0xef, 0x78, 0xf7,
    0x99, 0xf7, 0x99, 0xef, 0x78, 0xf7, 0x99, 0xf7, 0x79, 0xef, 0x99, 0xef,
    0x79, 0xf7, 0x79, 0xef, 0x99, 0xf7, 0x99, 0xf7, 0x78, 0xf7, 0x99, 0xef,
    0x79, 0xf7, 0x98, 0xf7, 0x79, 0xf7, 0x79, 0xef, 0x99, 0xf7, 0x99, 0xf7,
    0x79, 0xef, 0x99, 0xf7, 0x79, 0xf7, 0x98, 0xf7, 0x79, 0xf7, 0x99, 0xf7,
    0x79, 0xf7, 0x99, 0xf7, 0x99, 0xf7, 0x99, 0xf7, 0x99, 0xf7, 0x79, 0xef,
    0x99, 0xf7, 0x99, 0xf7, 0x99, 0xf7, 0x99, 0xf7, 0x79, 0xf7, 0x99, 0xf7,
    0x99, 0xf7, 0x79, 0xf7, 0x79, 0xf7, 0x99, 0xf7, 0x79, 0xf7, 0x99, 0xf7,
    0x79, 0xef, 0x99, 0xf7, 0x78, 0xf7, 0x99, 0xef, 0x99, 0xf7, 0x98, 0xf7,
    0x78, 0xf7, 0x79, 0xef, 0x99, 0xf7, 0x98, 0xf7, 0x79, 0xef, 0x98, 0xf7,
    0x99, 0xef, 0x99, 0xf7, 0x99, 0xf7, 0x99, 0xef, 0x98, 0xef, 0x79, 0xf7,
    0x79, 0xf7, 0x98, 0xef, 0x79, 0xef, 0x79, 0xf7, 0x99, 0xef, 0x78, 0xf7,
    0x79, 0xf7, 0x99, 0xf7, 0x98, 0xef, 0x79, 0xf7, 0x99, 0xef, 0x79, 0xf7,
    0x99, 0xf7, 0x78, 0xf7, 0x99, 0xf7, 0xba, 0xf7, 0xbb, 0xf7, 0x9b, 0xf7,
    0x7a, 0xef, 0x58, 0xef, 0x37, 0xe7, 0x36, 0xe7, 0x16, 0xe7, 0x16, 0xe7,
    0x36, 0xe7, 0x15, 0xe7, 0x16, 0xe7, 0x36, 0xe7, 0x36, 0xe7, 0x36, 0xe7,
    0x37, 0xe7, 0x57, 0xef, 0x79, 0xef, 0x7a, 0xf7, 0x9b, 0xf7, 0xbc, 0xf7,
    0x9b, 0xf7, 0x99, 0xf7, 0x79, 0xf7, 0x78, 0xef, 0x78, 0xf7, 0x78, 0xf7,
    0x78, 0xef, 0x79, 0xf7, 0x78, 0xef, 0x78, 0xef, 0x79, 0xef, 0x78, 0xef,
    0x78, 0xf7, 0x78, 0xef, 0x98, 0xf7, 0x79, 0xef, 0x78, 0xef, 0x78, 0xef,
    0x78, 0xf7, 0x78, 0xef, 0x78, 0xf7, 0x78, 0xef, 0x78, 0xef, 0x78, 0xf7,
    0x78, 0xef, 0x78, 0xef, 0x78, 0xf7, 0x78, 0xef, 0x78, 0xef, 0x78, 0xf7,
    0x58, 0xef, 0x78, 0xef, 0x78, 0xf7, 0x77, 0xef, 0x78, 0xf7, 0x78, 0xef,
    0x78, 0xef, 0x78, 0xf7, 0x78, 0xef, 0x78, 0xef, 0x78, 0xef, 0x78, 0xef,
    0x78, 0xef, 0x78, 0xef, 0x78, 0xef, 0x78, 0xf7, 0x78, 0xef, 0x78, 0xef,
    0x78, 0xef, 0x78, 0xf7, 0x78, 0xef, 0x78, 0xf7, 0x58, 0xf7, 0x78, 0xef,
    0x78, 0xf7, 0x78, 0xef, 0x78, 0xef, 0x78, 0xf7, 0x78, 0xef, 0x78, 0xef,
    0x78, 0xf7, 0x78, 0xef, 0x78, 0xef, 0x78, 0xf7, 0x78, 0xef, 0x78, 0xef,
    0x78, 0xf7, 0x58, 0xef, 0x78, 0xef, 0x78, 0xf7, 0x78, 0xf7, 0x78, 0xef,
    0x78, 0xf7, 0x78, 0xef, 0x78, 0xef, 0x78, 0xf7, 0x78, 0xf7, 0x78, 0xef,
    0x78, 0xef, 0x78, 0xf7, 0x78, 0xef, 0x79, 0xf7, 0x78, 0xef, 0x78, 0xf7,
    0x78, 0xef, 0x78, 0xef, 0x78, 0xf7, 0x78, 0xf7, 0x78, 0xef, 0x78, 0xef,
    0x78, 0xf7, 0x78, 0xef, 0x78, 0xf7, 0x98, 0xef, 0x78, 0xef, 0x78, 0xf7,
    0x78, 0xef, 0x99, 0xf7, 0x9b, 0xf7, 0xbb, 0xff, 0xbc, 0xf7, 0x9b, 0xf7,
    0x9b, 0xf7, 0x9a, 0xf7, 0x9a, 0xef, 0x79, 0xef, 0x79, 0xef, 0x79, 0xef,
    0x7a, 0xef, 0x9a, 0xef, 0x9a, 0xf7, 0xbb, 0xf7, 0xbb, 0xf7, 0x9a, 0xf7,
    0x99, 0xf7, 0x78, 0xf7, 0x78, 0xef, 0x99, 0xf7, 0x99, 0xf7, 0x79, 0xef,
    0x99, 0xf7, 0x99, 0xf7, 0x98, 0xef, 0x99, 0xf7, 0x79, 0xef, 0x98, 0xef,
    0x79, 0xf7, 0x99, 0xf7, 0x78, 0xef, 0x99, 0xf7, 0x79, 0xef, 0x78, 0xef,
    0x79, 0xf7, 0x78, 0xef, 0x98, 0xf7, 0x99, 0xf7, 0x98, 0xef, 0x79, 0xf7,
    0x79, 0xf7, 0x98, 0xef, 0x99, 0xf7, 0x79, 0xf7, 0x78, 0xef, 0x99, 0xef,
    0x99, 0xf7, 0x98, 0xef, 0x79, 0xf7, 0x99, 0xf7, 0x98, 0xf7, 0x79, 0xf7,
    0x99, 0xef, 0x78, 0xef, 0x99, 0xf7, 0x79, 0xf7, 0x99, 0xef, 0x99, 0xf7,
    0x99, 0xf7, 0x79, 0xef, 0x99, 0xf7, 0x99, 0xf7, 0x79, 0xf7, 0x99, 0xef,
    0x98, 0xf7, 0x79, 0xef, 0x99, 0xef, 0x79, 0xf7, 0x99, 0xef, 0x99, 0xf7,
    0x99, 0xef, 0x79, 0xef, 0x99, 0xf7, 0x99, 0xf7, 0x99, 0xef, 0x99, 0xf7,
    0x99, 0xf7, 0x79, 0xef, 0x99, 0xf7, 0x99, 0xf7, 0x79, 0xef, 0x99, 0xf7,
    0x79, 0xef, 0x99, 0xf7, 0x99, 0xf7, 0x99, 0xef, 0x99, 0xf7, 0x99, 0xf7,
    0x79, 0xf7, 0x79, 0xf7, 0x98, 0xf7, 0x99, 0xf7, 0x99, 0xf7, 0x99, 0xf7,
    0x79, 0xef, 0x98, 0xf7, 0x99, 0xf7, 0x79, 0xf7, 0x79, 0xef, 0x98, 0xef,
    0x99, 0xf7, 0x99, 0xef, 0x98, 0xf7, 0x79, 0xf7, 0x99, 0xf7, 0x98, 0xef,
    0x79, 0xf7, 0x99, 0xf7, 0x78, 0xf7, 0x99, 0xef, 0x99, 0xf7, 0x99, 0xf7,
    0x79, 0xef, 0x79, 0xef, 0x99, 0xf7, 0x79, 0xf7, 0x99, 0xef, 0x98, 0xef,
    0x79, 0xf7, 0x79, 0xef, 0x98, 0xf7, 0x79, 0xf7, 0x78, 0xef, 0x99, 0xf7,
    0x9a, 0xf7, 0xbb, 0xf7, 0xbb, 0xf7, 0x9b, 0xf7, 0x9a, 0xf7, 0x7a, 0xef,
    0x79, 0xef, 0x79, 0xef, 0x79, 0xef, 0x7a, 0xf7, 0x9a, 0xf7, 0x9a, 0xf7,
    0xbb, 0xf7, 0xbb, 0xff, 0xbb, 0xf7, 0x9a, 0xf7, 0x99, 0xf7, 0x98, 0xf7,
    0x78, 0xef, 0x98, 0xf7, 0x99, 0xf7, 0x79, 0xef, 0x78, 0xef, 0x79, 0xf7,
    0x78, 0xef, 0x78, 0xf7, 0x79, 0xf7, 0x78, 0xef, 0x78, 0xf7, 0x78, 0xef,
    0x98, 0xef, 0x99, 0xf7, 0x78, 0xef, 0x78, 0xef, 0x78, 0xf7, 0x78, 0xef,
    0x78, 0xef, 0x78, 0xf7, 0x78, 0xef, 0x78, 0xf7, 0x78, 0xef, 0x78, 0xef,
    0x78, 0xf7, 0x78, 0xef, 0x78, 0xef, 0x78, 0xf7, 0x78, 0xef, 0x78, 0xef,
    0x78, 0xf7, 0x58, 0xef, 0x78, 0xef, 0x78, 0xef, 0x58, 0xf7, 0x78, 0xef,
    0x78, 0xef, 0x58, 0xef, 0x78, 0xef, 0x78, 0xf7, 0x78, 0xef, 0x78, 0xf7,
    0x78, 0xf7, 0x78, 0xef, 0x78, 0xef, 0x78, 0xf7, 0x78, 0xef, 0x78, 0xef,
    0x78, 0xef, 0x78, 0xef, 0x78, 0xf7, 0x77, 0xef, 0x78, 0xef, 0x78, 0xef,
    0x78, 0xf7, 0x78, 0xef, 0x78, 0xef, 0x58, 0xf7, 0x78, 0xef, 0x78, 0xef,
    0x78, 0xf7, 0x78, 0xef, 0x78, 0xef, 0x78, 0xf7, 0x78, 0xef, 0x78, 0xef,
    0x78, 0xef, 0x78, 0xef, 0x78, 0xf7, 0x78, 0xef, 0x78, 0xef, 0x78, 0xef,
    0x78, 0xf7, 0x78, 0xef, 0x78, 0xf7, 0x78, 0xef, 0x78, 0xef, 0x78, 0xef,
    0x78, 0xf7, 0x78, 0xef, 0x78, 0xf7, 0x78, 0xef, 0x78, 0xf7, 0x78, 0xef,
    0x78, 0xf7, 0x78, 0xef, 0x78, 0xef, 0x78, 0xef, 0x78, 0xef, 0x78, 0xf7,
    0x78, 0xf7, 0x78, 0xef, 0x78, 0xef, 0x79, 0xf7, 0x98, 0xf7, 0x99, 0xf7,
    0x78, 0xf7, 0x78, 0xef, 0x78, 0xef, 0x78, 0xef, 0x78, 0xf7, 0x79, 0xf7,
    0x99, 0xf7, 0x9a, 0xf7, 0x9a, 0xf7, 0xba, 0xf7, 0xba, 0xf7, 0xba, 0xf7,
    0x9a, 0xf7, 0x99, 0xf7, 0x99, 0xf7, 0x79, 0xf7, 0x78, 0xf7, 0x78, 0xef,
    0x99, 0xf7, 0x79, 0xf7, 0x98, 0xef, 0x79, 0xf7, 0x79, 0xf7, 0x98, 0xef,
    0x78, 0xf7, 0x79, 0xf7, 0x98, 0xef, 0x79, 0xf7, 0x98, 0xf7, 0x98, 0xf7,
    0x79, 0xef, 0x99, 0xf7, 0x98, 0xef, 0x78, 0xef, 0x99, 0xf7, 0x78, 0xf7,
    0x99, 0xf7, 0x79, 0xef, 0x79, 0xf7, 0x99, 0xf7, 0x79, 0xef, 0x98, 0xf7,
    0x99, 0xf7, 0x79, 0xf7, 0x79, 0xef, 0x99, 0xf7, 0x99, 0xf7, 0x79, 0xf7,
    0x79, 0xf7, 0x79, 0xf7, 0x99, 0xf7, 0x99, 0xef, 0x79, 0xf7, 0x98, 0xf7,
    0x99, 0xf7, 0x79, 0xf7, 0x79, 0xf7, 0x98, 0xf7, 0x79, 0xf7, 0x99, 0xf7,
    0x78, 0xef, 0x99, 0xf7, 0x99, 0xf7, 0x79, 0xf7, 0x79, 0xef, 0x99, 0xf7,
    0x99, 0xf7, 0x79, 0xf7, 0x79, 0xf7, 0x99, 0xf7, 0x99, 0xf7, 0x79, 0xef,
    0x79, 0xf7, 0x79, 0xf7, 0x99, 0xf7, 0x99, 0xef, 0x79, 0xf7, 0x99, 0xf7,
    0x99, 0xf7, 0x99, 0xf7, 0x99, 0xf7, 0x99, 0xef, 0x99, 0xf7, 0x99, 0xf7,
    0x79, 0xef, 0x79, 0xf7, 0x99, 0xf7, 0x99, 0xef, 0x99, 0xf7, 0x98, 0xf7,
    0x99, 0xf7, 0x99, 0xef, 0x79, 0xef, 0x79, 0xf7, 0x79, 0xf7, 0x79, 0xef,
    0x99, 0xf7, 0x99, 0xf7, 0x99, 0xef, 0x79, 0xf7, 0x99, 0xf7, 0x79, 0xf7,
    0x79, 0xf7, 0x79, 0xf7, 0x99, 0xf7, 0x79, 0xf7, 0x99, 0xf7, 0x79, 0xef,
    0x99, 0xf7, 0x79, 0xf7, 0x98, 0xef, 0x79, 0xf7, 0x99, 0xf7, 0x78, 0xf7,
    0x99, 0xef, 0x98, 0xf7, 0x79, 0xf7, 0x79, 0xf7, 0x98, 0xf7, 0x78, 0xf7,
    0x99, 0xef, 0x99, 0xf7, 0x79, 0xef, 0x99, 0xf7, 0x79, 0xf7, 0x99, 0xf7,
    0x78, 0xf7, 0x78, 0xf7, 0x99, 0xf7, 0x99, 0xf7, 0x9a, 0xf7, 0x9a, 0xf7,
    0xba, 0xf7, 0xba, 0xf7, 0x9a, 0xf7, 0x9a, 0xf7, 0x9a, 0xf7, 0x99, 0xf7,
    0x79, 0xf7, 0x78, 0xef, 0x98, 0xf7, 0x79, 0xef, 0x99, 0xf7, 0x78, 0xf7,
    0x99, 0xf7, 0x79, 0xef, 0x78, 0xef, 0x78, 0xf7, 0x78, 0xef, 0x99, 0xef,
    0x78, 0xef, 0x98, 0xef, 0x78, 0xf7, 0x99, 0xf7, 0x78, 0xef, 0x78, 0xf7,
    0x78, 0xf7, 0x78, 0xef, 0x78, 0xef, 0x78, 0xf7, 0x78, 0xf7, 0x78, 0xef,
    0x79, 0xef, 0x78, 0xf7, 0x78, 0xf7, 0x78, 0xef, 0x78, 0xef, 0x78, 0xf7,
    0x78, 0xef, 0x78, 0xef, 0x78, 0xf7, 0x78, 0xef, 0x58, 0xef, 0x77, 0xef,
    0x77, 0xef, 0x78, 0xef, 0x58, 0xef, 0x78, 0xf7, 0x78, 0xef, 0x77, 0xf7,
    0x78, 0xf7, 0x78, 0xef, 0x78, 0xf7, 0x78, 0xef, 0x78, 0xef, 0x78, 0xf7,
    0x78, 0xef, 0x58, 0xef, 0x78, 0xef, 0x58, 0xf7, 0x78, 0xf7, 0x78, 0xf7,
    0x78, 0xef, 0x78, 0xf7, 0x78, 0xef, 0x78, 0xef, 0x78, 0xf7, 0x78, 0xef,
    0x77, 0xef, 0x78, 0xf7, 0x78, 0xef, 0x78, 0xf7, 0x78, 0xef, 0x78, 0xef,
    0x77, 0xf7, 0x78, 0xef, 0x78, 0xef, 0x78, 0xef, 0x78, 0xf7, 0x78, 0xf7,
    0x78, 0xef, 0x78, 0xf7, 0x78, 0xef, 0x78, 0xef, 0x78, 0xf7, 0x78, 0xef,
    0x78, 0xef, 0x78, 0xf7, 0x78, 0xef, 0x78, 0xef, 0x78, 0xf7, 0x78, 0xef,
    0x78, 0xef, 0x78, 0xf7, 0x78, 0xef, 0x78, 0xf7, 0x78, 0xef, 0x78, 0xf7,
    0x78, 0xef, 0x78, 0xf7, 0x78, 0xef, 0x78, 0xf7, 0x78, 0xf7, 0x78, 0xef,
    0x78, 0xef, 0x98, 0xf7, 0x78, 0xef, 0x99, 0xf7, 0x98, 0xef, 0x78, 0xef,
    0x99, 0xf7, 0x98, 0xf7, 0x78, 0xef, 0x78, 0xf7, 0x79, 0xef, 0x78, 0xef,
    0x78, 0xf7, 0x98, 0xef, 0x78, 0xf7, 0x78, 0xef, 0x78, 0xf7, 0x98, 0xf7,
    0x99, 0xf7, 0x78, 0xf7, 0x99, 0xef, 0x79, 0xf7, 0x98, 0xf7, 0x99, 0xef,
    0x78, 0xef, 0x98, 0xf7, 0x99, 0xf7, 0x79, 0xef, 0x98, 0xf7, 0x99, 0xf7,
    0x79, 0xef, 0x98, 0xf7, 0x99, 0xf7, 0x78, 0xef, 0x79, 0xf7, 0x99, 0xf7,
    0x78, 0xef, 0x79, 0xf7, 0x99, 0xf7, 0x79, 0xf7, 0x78, 0xef, 0x78, 0xf7,
    0x99, 0xf7, 0x99, 0xef, 0x79, 0xf7, 0x78, 0xf7, 0x99, 0xf7, 0x99, 0xef,
    0x98, 0xf7, 0x79, 0xef, 0x99, 0xf7, 0x99, 0xf7, 0x98, 0xef, 0x79, 0xf7,
    0x99, 0xf7, 0x99, 0xf7, 0x79, 0xef, 0x79, 0xf7, 0x79, 0xf7, 0x99, 0xef,
    0x79, 0xf7, 0x99, 0xef, 0x99, 0xf7, 0x79, 0xef, 0x99, 0xf7, 0x99, 0xf7,
    0x99, 0xf7, 0x79, 0xef, 0x99, 0xf7, 0x99, 0xf7, 0x99, 0xf7, 0x99, 0xf7,
    0x99, 0xf7, 0x99, 0xf7, 0x99, 0xf7, 0x99, 0xef, 0x79, 0xf7, 0x99, 0xf7,
    0x99, 0xf7, 0x79, 0xf7, 0x99, 0xf7, 0x99, 0xf7, 0x79, 0xf7, 0x79, 0xf7,
    0x79, 0xef, 0x79, 0xf7, 0x79, 0xf7, 0x99, 0xf7, 0x99, 0xf7, 0x99, 0xf7,
    0x99, 0xf7, 0x99, 0xf7, 0x99, 0xf7, 0x79, 0xf7, 0x99, 0xef, 0x99, 0xf7,
    0x99, 0xf7, 0x79, 0xef, 0x99, 0xf7, 0x99, 0xef, 0x79, 0xf7, 0x99, 0xf7,
    0x99, 0xf7, 0x99, 0xf7, 0x78, 0xef, 0x98, 0xef, 0x99, 0xf7, 0x79, 0xf7,
    0x98, 0xef, 0x79, 0xf7, 0x79, 0xef, 0x99, 0xef, 0x99, 0xf7, 0x98, 0xf7,
    0x79, 0xf7, 0x99, 0xef, 0x79, 0xf7, 0x99, 0xf7, 0x78, 0xef, 0x78, 0xf7,
    0x99, 0xf7, 0x98, 0xef, 0x79, 0xef, 0x99, 0xf7, 0x79, 0xef, 0x99, 0xf7,
    0x78, 0xf7, 0x99, 0xef, 0x78, 0xef, 0x99, 0xf7, 0x79, 0xf7, 0x79, 0xef,
    0x99, 0xf7, 0x79, 0xef, 0x79, 0xf7, 0x98, 0xef, 0x78, 0xf7, 0x78, 0xf7,
    0x78, 0xf7, 0x79, 0xf7, 0x78, 0xf7, 0x78, 0xef, 0x99, 0xef, 0x99, 0xf7,
    0x99, 0xf7, 0x98, 0xf7, 0x99, 0xf7, 0x79, 0xf7, 0x78, 0xef, 0x99, 0xf7,
    0x78, 0xf7, 0x78, 0xef, 0x78, 0xf7, 0x79, 0xf7, 0x98, 0xf7, 0x78, 0xf7,
    0x78, 0xf7, 0x78, 0xef, 0x78, 0xef, 0x78, 0xef, 0x99, 0xef, 0x78, 0xef,
    0x79, 0xf7, 0x78, 0xef, 0x78, 0xef, 0x98, 0xf7, 0x78, 0xf7, 0x78, 0xef,
    0x78, 0xf7, 0x78, 0xef, 0x78, 0xef, 0x78, 0xef, 0x78, 0xf7, 0x78, 0xef,
    0x78, 0xef, 0x78, 0xef, 0x78, 0xf7, 0x78, 0xef, 0x58, 0xef, 0x78, 0xf7,
    0x78, 0xf7, 0x78, 0xef, 0x78, 0xf7, 0x78, 0xef, 0x78, 0xef, 0x78, 0xef,
    0x78, 0xef, 0x78, 0xf7, 0x77, 0xef, 0x78, 0xef, 0x78, 0xef, 0x78, 0xef,
    0x78, 0xef, 0x78, 0xf7, 0x78, 0xef, 0x78, 0xef, 0x78, 0xef, 0x78, 0xef,
    0x78, 0xef, 0x78, 0xf7, 0x78, 0xef, 0x78, 0xef, 0x78, 0xf7, 0x78, 0xef,
    0x78, 0xf7, 0x78, 0xef, 0x78, 0xef, 0x78, 0xf7, 0x78, 0xef, 0x78, 0xf7,
    0x78, 0xef, 0x78, 0xf7, 0x78, 0xf7, 0x78, 0xef, 0x78, 0xef, 0x78, 0xf7,
    0x78, 0xef, 0x78, 0xef, 0x78, 0xf7, 0x78, 0xef, 0x58, 0xf7, 0x78, 0xef,
    0x78, 0xef, 0x78, 0xf7, 0x78, 0xef, 0x78, 0xef, 0x78, 0xf7, 0x78, 0xf7,
    0x78, 0xef, 0x78, 0xef, 0x78, 0xef, 0x78, 0xef, 0x78, 0xf7, 0x78, 0xef,
    0x78, 0xef, 0x78, 0xef, 0x78, 0xf7, 0x78, 0xef, 0x78, 0xf7, 0x78, 0xef,
    0x99, 0xef, 0x78, 0xf7, 0x78, 0xf7, 0x78, 0xef, 0x78, 0xef, 0x78, 0xf7,
    0x79, 0xef, 0x99, 0xef, 0x78, 0xf7, 0x79, 0xf7, 0x99, 0xef, 0x78, 0xf7,
    0x99, 0xf7, 0x99, 0xef, 0x79, 0xf7, 0x99, 0xf7, 0x79, 0xef, 0x79, 0xef,
    0x98, 0xf7, 0x79, 0xf7, 0x78, 0xef, 0x99, 0xef, 0x99, 0xf7, 0x78, 0xf7,
    0x79, 0xf7, 0x78, 0xef, 0x99, 0xf7, 0x79, 0xef, 0x98, 0xf7, 0x99, 0xf7,
    0x79, 0xef, 0x99, 0xf7, 0x99, 0xf7, 0x78, 0xef, 0x99, 0xf7, 0x99, 0xef,
    0x78, 0xf7, 0x99, 0xf7, 0x79, 0xef, 0x99, 0xf7, 0x79, 0xf7, 0x99, 0xef,
    0x78, 0xef, 0x99, 0xf7, 0x99, 0xef, 0x78, 0xf7, 0x99, 0xef, 0x99, 0xf7,
    0x99, 0xf7, 0x98, 0xf7, 0x99, 0xf7, 0x99, 0xf7, 0x79, 0xef, 0x99, 0xf7,
    0x98, 0xf7, 0x99, 0xef, 0x99, 0xf7, 0x78, 0xf7, 0x99, 0xf7, 0x79, 0xef,
    0x79, 0xef, 0x99, 0xf7, 0x79, 0xf7, 0x79, 0xef, 0x99, 0xf7, 0x79, 0xf7,
    0x99, 0xf7, 0x79, 0xf7, 0x79, 0xef, 0x99, 0xf7, 0x99, 0xef, 0x99, 0xf7,
    0x79, 0xef, 0x99, 0xf7, 0x99, 0xf7, 0x99, 0xef, 0x99, 0xf7, 0x99, 0xf7,
    0x79, 0xef, 0x99, 0xef, 0x99, 0xf7, 0x99, 0xf7, 0x99, 0xf7, 0x79, 0xf7,
    0x99, 0xf7, 0x99, 0xef, 0x79, 0xf7, 0x99, 0xf7, 0x79, 0xef, 0x99, 0xf7,
    0x99, 0xf7, 0x99, 0xef, 0x99, 0xf7, 0x79, 0xf7, 0x99, 0xf7, 0x99, 0xf7,
    0x79, 0xf7, 0x79, 0xef, 0x99, 0xf7, 0x99, 0xf7, 0x79, 0xf7, 0x79, 0xf7,
    0x79, 0xef, 0x99, 0xf7, 0x99, 0xf7, 0x79, 0xf7, 0x79, 0xf7, 0x98, 0xef,
    0x99, 0xf7, 0x99, 0xf7, 0x99, 0xf7, 0x98, 0xf7, 0x99, 0xf7, 0x99, 0xf7,
    0x98, 0xef, 0x99, 0xf7, 0x99, 0xf7, 0x98, 0xf7, 0x99, 0xef, 0x79, 0xf7,
    0x79, 0xf7, 0x99, 0xef, 0x79, 0xf7, 0x98, 0xf7, 0x99, 0xef, 0x79, 0xef,
    0x99, 0xf7, 0x78, 0xf7, 0x99, 0xef, 0x78, 0xf7, 0x98, 0xef, 0x99, 0xf7,
    0x78, 0xef, 0x99, 0xf7, 0x99, 0xef, 0x79, 0xf7, 0x99, 0xef, 0x98, 0xef,
    0x99, 0xf7, 0x99, 0xf7, 0x99, 0xef, 0x98, 0xf7, 0x79, 0xf7, 0x99, 0xf7,
    0x78, 0xef, 0x78, 0xef, 0x99, 0xef, 0x98, 0xf7, 0x78, 0xef, 0x98, 0xef,
    0x98, 0xef, 0x99, 0xf7, 0x78, 0xef, 0x78, 0xef, 0x78, 0xef, 0x79, 0xf7,
    0x78, 0xf7, 0x78, 0xef, 0x79, 0xef, 0x78, 0xf7, 0x78, 0xef, 0x78, 0xef,
    0x78, 0xf7, 0x78, 0xef, 0x79, 0xf7, 0x78, 0xef, 0x78, 0xef, 0x78, 0xf7,
    0x98, 0xf7, 0x78, 0xef, 0x78, 0xef, 0x78, 0xf7, 0x78, 0xef, 0x78, 0xf7,
    0x78, 0xf7, 0x78, 0xef, 0x78, 0xef, 0x78, 0xef, 0x78, 0xf7, 0x58, 0xef,
    0x78, 0xef, 0x78, 0xef, 0x78, 0xf7, 0x78, 0xef, 0x78, 0xef, 0x78, 0xf7,
    0x78, 0xef, 0x78, 0xef, 0x78, 0xef, 0x78, 0xf7, 0x78, 0xf7, 0x78, 0xef,
    0x78, 0xf7, 0x78, 0xf7, 0x78, 0xf7, 0x78, 0xef, 0x78, 0xef, 0x78, 0xef,
    0x78, 0xef, 0x78, 0xef, 0x78, 0xf7, 0x78, 0xef, 0x78, 0xef, 0x78, 0xf7,
    0x78, 0xef, 0x78, 0xef, 0x78, 0xf7, 0x78, 0xef, 0x78, 0xef, 0x58, 0xef,
    0x78, 0xef, 0x78, 0xef, 0x78, 0xf7, 0x78, 0xef, 0x78, 0xef, 0x78, 0xef,
    0x78, 0xf7, 0x78, 0xef, 0x78, 0xef, 0x78, 0xf7, 0x78, 0xef, 0x78, 0xf7,
    0x78, 0xef, 0x78, 0xf7, 0x78, 0xef, 0x78, 0xef, 0x78, 0xf7, 0x78, 0xef,
    0x78, 0xef, 0x78, 0xf7, 0x78, 0xf7, 0x78, 0xf7, 0x78, 0xef, 0x78, 0xf7,
    0x78, 0xef, 0x78, 0xef, 0x78, 0xf7, 0x78, 0xef, 0x78, 0xf7, 0x79, 0xf7,
    0x78, 0xef, 0x78, 0xf7, 0x79, 0xef, 0x78, 0xf7, 0x78, 0xf7, 0x79, 0xef,
    0x78, 0xf7, 0x78, 0xef, 0x98, 0xf7, 0x78, 0xef, 0x98, 0xef, 0x79, 0xf7,
    0x79, 0xf7, 0x78, 0xef, 0x78, 0xf7, 0x98, 0xef, 0x99, 0xef, 0x79, 0xf7,
    0x98, 0xf7, 0x98, 0xef, 0x79, 0xf7, 0x99, 0xf7, 0x78, 0xef, 0x99, 0xf7,
    0x79, 0xf7, 0x99, 0xef, 0x78, 0xf7, 0x99, 0xf7, 0x78, 0xf7, 0x78, 0xef,
    0x99, 0xf7, 0x98, 0xf7, 0x79, 0xef, 0x79, 0xf7, 0x98, 0xf7, 0x78, 0xef,
    0x99, 0xf7, 0x78, 0xef, 0x98, 0xf7, 0x78, 0xef, 0x99, 0xf7, 0x79, 0xf7,
    0x78, 0xf7, 0x99, 0xf7, 0x99, 0xf7, 0x79, 0xf7, 0x79, 0xef, 0x99, 0xf7,
    0x79, 0xef, 0x99, 0xf7, 0x99, 0xf7, 0x99, 0xef, 0x79, 0xf7, 0x78, 0xef,
    0x99, 0xf7, 0x99, 0xef, 0x99, 0xf7, 0x99, 0xf7, 0x99, 0xf7, 0x99, 0xf7,
    0x99, 0xf7, 0x79, 0xf7, 0x98, 0xef, 0x99, 0xf7, 0x79, 0xf7, 0x99, 0xef,
    0x99, 0xf7, 0x99, 0xf7, 0x79, 0xf7, 0x99, 0xf7, 0x99, 0xf7, 0x79, 0xf7,
    0x99, 0xef, 0x99, 0xf7, 0x79, 0xf7, 0x99, 0xf7, 0x99, 0xf7, 0x79, 0xf7,
    0x99, 0xf7, 0x99, 0xf7, 0x99, 0xf7, 0x99, 0xf7, 0x99, 0xef, 0x99, 0xf7,
    0x99, 0xf7, 0x79, 0xf7, 0x99, 0xf7, 0x99, 0xef, 0x99, 0xf7, 0x79, 0xf7,
    0x79, 0xef, 0x79, 0xf7, 0x79, 0xf7, 0x79, 0xef, 0x99, 0xf7, 0x99, 0xf7,
    0x99, 0xef, 0x99, 0xf7, 0x79, 0xf7, 0x99, 0xf7, 0x99, 0xef, 0x99, 0xf7,
    0x99, 0xf7, 0x79, 0xf7, 0x99, 0xf7, 0x99, 0xf7, 0x99, 0xf7, 0x99, 0xf7,
    0x99, 0xf7, 0x79, 0xef, 0x79, 0xef, 0x99, 0xf7, 0x79, 0xf7, 0x99, 0xef,
    0x99, 0xf7, 0x79, 0xf7, 0x98, 0xf7, 0x99, 0xf7, 0x99, 0xef, 0x79, 0xf7,
    0x99, 0xef, 0x79, 0xf7, 0x79, 0xf7, 0x99, 0xf7, 0x78, 0xf7, 0x79, 0xf7,
    0x99, 0xf7, 0x78, 0xf7, 0x99, 0xf7, 0x79, 0xef, 0x99, 0xf7, 0x78, 0xf7,
    0x79, 0xf7, 0x99, 0xef, 0x79, 0xf7, 0x79, 0xf7, 0x99, 0xf7, 0x99, 0xf7,
    0x99, 0xef, 0x79, 0xef, 0x78, 0xef, 0x99, 0xf7, 0x79, 0xf7, 0x98, 0xef,
    0x78, 0xf7, 0x79, 0xf7, 0x78, 0xf7, 0x78, 0xf7, 0x79, 0xef, 0x98, 0xf7,
    0x79, 0xf7, 0x78, 0xef, 0x79, 0xf7, 0x98, 0xef, 0x78, 0xef, 0x78, 0xef,
    0x79, 0xf7, 0x98, 0xef, 0x78, 0xf7, 0x78, 0xf7, 0x78, 0xf7, 0x78, 0xef,
    0x78, 0xef, 0x78, 0xf7, 0x78, 0xf7, 0x79, 0xef, 0x98, 0xef, 0x78, 0xf7,
    0x79, 0xef, 0x78, 0xef, 0x78, 0xf7, 0x98, 0xf7, 0x78, 0xef, 0x78, 0xf7,
    0x78, 0xf7, 0x78, 0xef, 0x78, 0xf7, 0x58, 0xf7, 0x78, 0xef, 0x78, 0xef,
    0x78, 0xf7, 0x78, 0xef, 0x58, 0xef, 0x78, 0xef, 0x77, 0xf7, 0x58, 0xef,
    0x78, 0xef, 0x78, 0xef, 0x78, 0xef, 0x78, 0xf7, 0x78, 0xef, 0x78, 0xef,
    0x78, 0xf7, 0x78, 0xef, 0x78, 0xef, 0x78, 0xf7, 0x78, 0xf7, 0x78, 0xf7,
    0x78, 0xef, 0x78, 0xf7, 0x78, 0xef, 0x78, 0xf7, 0x78, 0xef, 0x78, 0xf7,
    0x78, 0xef, 0x78, 0xf7, 0x78, 0xef, 0x78, 0xf7, 0x78, 0xf7, 0x78, 0xef,
    0x78, 0xf7, 0x78, 0xef, 0x78, 0xef, 0x78, 0xf7, 0x78, 0xef, 0x78, 0xf7,
    0x78, 0xef, 0x78, 0xf7, 0x78, 0xef, 0x78, 0xef, 0x78, 0xf7, 0x78, 0xef,
    0x78, 0xf7, 0x78, 0xef, 0x78, 0xf7, 0x78, 0xef, 0x78, 0xef, 0x78, 0xf7,
    0x78, 0xef, 0x78, 0xf7, 0x78, 0xef, 0x78, 0xef, 0x78, 0xf7, 0x78, 0xf7,
    0x78, 0xf7, 0x78, 0xf7, 0x78, 0xef, 0x98, 0xef, 0x98, 0xf7, 0x98, 0xef,
    0x78, 0xf7, 0x99, 0xf7, 0x98, 0xef, 0x78, 0xef, 0x99, 0xf7, 0x98, 0xef,
    0x78, 0xf7, 0x78, 0xf7, 0x78, 0xef, 0x79, 0xf7, 0x78, 0xef, 0x78, 0xef,
    0x79, 0xf7, 0x78, 0xef, 0x78, 0xf7, 0x99, 0xf7, 0x78, 0xf7, 0x98, 0xf7,
    0x79, 0xef, 0x99, 0xf7, 0x98, 0xf7, 0x99, 0xf7, 0x78, 0xf7, 0x99, 0xef,
    0x99, 0xf7, 0x78, 0xf7, 0x99, 0xef, 0x99, 0xf7, 0x99, 0xef, 0x79, 0xf7,
    0x99, 0xf7, 0x98, 0xf7, 0x79, 0xef, 0x99, 0xf7, 0x78, 0xf7, 0x99, 0xef,
    0x79, 0xf7, 0x99, 0xf7, 0x79, 0xef, 0x99, 0xf7, 0x99, 0xef, 0x79, 0xf7,
    0x99, 0xef, 0x78, 0xef, 0x99, 0xf7, 0x99, 0xf7, 0x79, 0xf7, 0x99, 0xf7,
    0x99, 0xef, 0x79, 0xf7, 0x79, 0xf7, 0x79, 0xf7, 0x99, 0xef, 0x79, 0xf7,
    0x99, 0xf7, 0x99, 0xf7, 0x79, 0xef, 0x79, 0xf7, 0x79, 0xf7, 0x99, 0xef,
    0x99, 0xf7, 0x99, 0xf7, 0x79, 0xf7, 0x99, 0xf7, 0x79, 0xef, 0x79, 0xf7,
    0x99, 0xf7, 0x79, 0xef, 0x99, 0xf7, 0x99, 0xf7, 0x79, 0xef, 0x99, 0xf7,
    0x99, 0xf7, 0x99, 0xf7, 0x99, 0xf7, 0x79, 0xf7, 0x99, 0xf7, 0x99, 0xf7,
    0x99, 0xf7, 0x99, 0xf7, 0x99, 0xf7, 0x99, 0xf7, 0x99, 0xf7, 0x99, 0xf7,
    0x99, 0xf7, 0x79, 0xf7, 0x99, 0xf7, 0x99, 0xf7, 0x99, 0xf7, 0x99, 0xf7,
    0x79, 0xf7, 0x99, 0xf7, 0x99, 0xf7, 0x99, 0xef, 0x99, 0xf7, 0x99, 0xf7,
    0x79, 0xf7, 0x79, 0xf7, 0x99, 0xf7, 0x79, 0xef, 0x79, 0xf7, 0x99, 0xf7,
    0x99, 0xef, 0x79, 0xf7, 0x79, 0xef, 0x99, 0xf7, 0x99, 0xef, 0x79, 0xf7,
    0x99, 0xf7, 0x78, 0xef, 0x79, 0xf7, 0x99, 0xf7, 0x78, 0xf7, 0x99, 0xf7,
    0x99, 0xef, 0x79, 0xf7, 0x99, 0xf7, 0x79, 0xef, 0x98, 0xf7, 0x99, 0xf7,
    0x78, 0xf7, 0x98, 0xef, 0x99, 0xef, 0x79, 0xef, 0x99, 0xf7, 0x98, 0xf7,
    0x79, 0xef, 0x99, 0xef, 0x99, 0xf7, 0x79, 0xf7, 0x78, 0xef, 0x99, 0xf7,
    0x99, 0xef, 0x78, 0xf7, 0x99, 0xf7, 0x98, 0xef, 0x78, 0xf7, 0x79, 0xf7,
    0x78, 0xf7, 0x98, 0xf7, 0x79, 0xf7, 0x78, 0xef, 0x98, 0xf7, 0x99, 0xef,
    0x99, 0xf7, 0x79, 0xf7, 0x98, 0xef, 0x79, 0xef, 0x78, 0xf7, 0x79, 0xf7,
    0x78, 0xef, 0x78, 0xf7, 0x78, 0xef, 0x99, 0xf7, 0x78, 0xf7, 0x78, 0xef,
    0x98, 0xef, 0x78, 0xef, 0x78, 0xef, 0x98, 0xf7, 0x79, 0xef, 0x78, 0xef,
    0x78, 0xef, 0x78, 0xef, 0x78, 0xef, 0x78, 0xf7, 0x99, 0xf7, 0x78, 0xef,
    0x78, 0xf7, 0x79, 0xf7, 0x78, 0xef, 0x78, 0xf7, 0x78, 0xef, 0x78, 0xef,
    0x78, 0xef, 0x78, 0xef, 0x78, 0xef, 0x78, 0xf7, 0x78, 0xef, 0x78, 0xef,
    0x78, 0xf7, 0x78, 0xf7, 0x78, 0xef, 0x78, 0xf7, 0x78, 0xf7, 0x78, 0xef,
    0x78, 0xef, 0x78, 0xf7, 0x78, 0xf7, 0x58, 0xef, 0x78, 0xef, 0x78, 0xef,
    0x78, 0xef, 0x78, 0xef, 0x78, 0xef, 0x78, 0xef, 0x78, 0xef, 0x78, 0xef,
    0x78, 0xef, 0x78, 0xef, 0x78, 0xf7, 0x78, 0xef, 0x78, 0xef, 0x78, 0xef,
    0x78, 0xf7, 0x78, 0xef, 0x58, 0xef, 0x78, 0xef, 0x78, 0xef, 0x78, 0xef,
    0x78, 0xf7, 0x78, 0xef, 0x78, 0xf7, 0x78, 0xef, 0x78, 0xf7, 0x78, 0xef,
    0x78, 0xef, 0x78, 0xf7, 0x78, 0xef, 0x78, 0xf7, 0x78, 0xf7, 0x78, 0xef,
    0x78, 0xef, 0x78, 0xef, 0x78, 0xf7, 0x78, 0xef, 0x78, 0xf7, 0x78, 0xef,
    0x78, 0xef, 0x78, 0xf7, 0x78, 0xf7, 0x98, 0xef, 0x78, 0xef, 0x78, 0xef,
    0x78, 0xf7, 0x78, 0xef, 0x78, 0xf7, 0x78, 0xf7, 0x78, 0xef, 0x78, 0xef,
    0x79, 0xef, 0x98, 0xf7, 0x78, 0xf7, 0x98, 0xef, 0x98, 0xf7, 0x78, 0xef,
    0x79, 0xef, 0x78, 0xef, 0x79, 0xf7, 0x99, 0xf7, 0x98, 0xf7, 0x79, 0xef,
    0x99, 0xf7, 0x98, 0xef, 0x99, 0xf7, 0x79, 0xef, 0x79, 0xf7, 0x99, 0xef,
    0x99, 0xf7, 0x79, 0xf7, 0x78, 0xef, 0x99, 0xf7, 0x99, 0xef, 0x78, 0xf7,
    0x79, 0xef, 0x98, 0xf7, 0x79, 0xf7, 0x78, 0xef, 0x99, 0xf7, 0x99, 0xf7,
    0x99, 0xf7, 0x98, 0xf7, 0x99, 0xf7, 0x78, 0xef, 0x99, 0xf7, 0x79, 0xf7,
    0x98, 0xef, 0x78, 0xf7, 0x99, 0xf7, 0x99, 0xf7, 0x98, 0xf7, 0x99, 0xef,
    0x79, 0xf7, 0x99, 0xf7, 0x78, 0xef, 0x99, 0xef, 0x99, 0xf7, 0x79, 0xf7,
    0x98, 0xf7, 0x99, 0xf7, 0x78, 0xef, 0x99, 0xf7, 0x99, 0xf7, 0x79, 0xef,
    0x99, 0xf7, 0x79, 0xf7, 0x99, 0xf7, 0x99, 0xf7, 0x99, 0xef, 0x99, 0xf7,
    0x99, 0xf7, 0x79, 0xef, 0x99, 0xf7, 0x99, 0xf7, 0x79, 0xf7, 0x99, 0xf7,
    0x79, 0xef, 0x99, 0xf7, 0x79, 0xf7, 0x79, 0xef, 0x99, 0xf7, 0x99, 0xf7,
    0x99, 0xf7, 0x79, 0xf7, 0x99, 0xf7, 0x99, 0xf7, 0x99, 0xf7, 0x99, 0xf7,
    0x79, 0xf7, 0x9a, 0xef, 0x99, 0xf7, 0x79, 0xf7, 0x99, 0xf7, 0x99, 0xf7,
    0x99, 0xf7, 0x99, 0xef, 0x79, 0xf7, 0x99, 0xf7, 0x9a, 0xef, 0x79, 0xf7,
    0x99, 0xf7, 0x99, 0xef, 0x99, 0xf7, 0x99, 0xf7, 0x99, 0xf7, 0x79, 0xf7,
    0x99, 0xef, 0x99, 0xf7, 0x99, 0xf7, 0x99, 0xef, 0x79, 0xf7, 0x99, 0xf7,
    0x99, 0xf7, 0x99, 0xef, 0x99, 0xf7, 0x99, 0xf7, 0x79, 0xf7, 0x79, 0xf7,
    0x99, 0xf7, 0x99, 0xf7, 0x79, 0xf7, 0x99, 0xf7, 0x99, 0xef, 0x98, 0xf7,
    0x79, 0xf7, 0x79, 0xef, 0x99, 0xf7, 0x79, 0xf7, 0x79, 0xef, 0x99, 0xf7,
    0x79, 0xf7, 0x99, 0xf7, 0x99, 0xf7, 0x78, 0xf7, 0x78, 0xef, 0x99, 0xef,
    0x99, 0xf7, 0x78, 0xf7, 0x79, 0xef, 0x99, 0xf7, 0x79, 0xf7, 0x98, 0xef,
    0x79, 0xf7, 0x99, 0xf7, 0x99, 0xf7, 0x79, 0xef, 0x98, 0xef, 0x78, 0xf7,
    0x99, 0xef, 0x79, 0xf7, 0x98, 0xef, 0x79, 0xf7, 0x79, 0xef, 0x98, 0xf7,
    0x79, 0xef, 0x98, 0xf7, 0x98, 0xf7, 0x78, 0xef, 0x99, 0xf7, 0x78, 0xef,
    0x78, 0xef, 0x98, 0xf7, 0x78, 0xef, 0x78, 0xf7, 0x79, 0xf7, 0x78, 0xef,
    0x78, 0xf7, 0x78, 0xef, 0x79, 0xf7, 0x78, 0xef, 0x78, 0xf7, 0x98, 0xf7,
    0x79, 0xf7, 0x78, 0xef, 0x78, 0xef, 0x78, 0xf7, 0x78, 0xef, 0x98, 0xef,
    0x78, 0xf7, 0x98, 0xef, 0x78, 0xf7, 0x79, 0xef, 0x98, 0xf7, 0x78, 0xef,
    0x78, 0xf7, 0x78, 0xef, 0x78, 0xef, 0x78, 0xf7, 0x78, 0xef, 0x78, 0xef,
    0x78, 0xef, 0x78, 0xef, 0x78, 0xef, 0x78, 0xf7, 0x78, 0xef, 0x78, 0xef,
    0x58, 0xef, 0x78, 0xf7, 0x78, 0xef, 0x78, 0xef, 0x78, 0xf7, 0x78, 0xf7,
    0x78, 0xf7, 0x78, 0xf7, 0x78, 0xef, 0x78, 0xf7, 0x78, 0xef, 0x78, 0xef,
    0x78, 0xf7, 0x78, 0xef, 0x78, 0xf7, 0x78, 0xef, 0x77, 0xf7, 0x78, 0xf7,
    0x78, 0xef, 0x78, 0xef, 0x78, 0xf7, 0x78, 0xf7, 0x78, 0xef, 0x58, 0xef,
    0x78, 0xf7, 0x78, 0xf7, 0x78, 0xef, 0x78, 0xef, 0x78, 0xef, 0x78, 0xf7,
    0x78, 0xef, 0x78, 0xef, 0x78, 0xef, 0x78, 0xef, 0x78, 0xef, 0x78, 0xf7,
    0x78, 0xf7, 0x78, 0xf7, 0x78, 0xef, 0x78, 0xf7, 0x78, 0xef, 0x78, 0xf7,
    0x78, 0xf7, 0x78, 0xef, 0x78, 0xf7, 0x78, 0xf7, 0x78, 0xef, 0x98, 0xf7,
    0x78, 0xef, 0x98, 0xef, 0x78, 0xef, 0x78, 0xf7, 0x78, 0xf7, 0x79, 0xef,
    0x78, 0xf7, 0x79, 0xf7, 0x79, 0xef, 0x79, 0xf7, 0x98, 0xf7, 0x79, 0xef,
    0x78, 0xf7, 0x98, 0xf7, 0x78, 0xef, 0x78, 0xef, 0x98, 0xf7, 0x98, 0xf7,
    0x78, 0xef, 0x78, 0xf7, 0x98, 0xef, 0x98, 0xef, 0x78, 0xf7, 0x98, 0xf7,
    0x98, 0xef, 0x99, 0xf7, 0x78, 0xf7, 0x99, 0xf7, 0x99, 0xf7, 0x98, 0xef,
    0x79, 0xf7, 0x99, 0xf7, 0x98, 0xef, 0x99, 0xf7, 0x99, 0xf7, 0x98, 0xef,
    0x98, 0xef, 0x99, 0xf7, 0x99, 0xf7, 0x79, 0xef, 0x98, 0xf7, 0x79, 0xf7,
    0x99, 0xef, 0x78, 0xef, 0x79, 0xf7, 0x99, 0xef, 0x99, 0xf7, 0x98, 0xf7,
    0x99, 0xf7, 0x79, 0xf7, 0x79, 0xf7, 0x98, 0xf7, 0x79, 0xf7, 0x99, 0xef,
    0x79, 0xf7, 0x99, 0xf7, 0x99, 0xef, 0x79, 0xf7, 0x99, 0xf7, 0x99, 0xf7,
    0x99, 0xf7, 0x99, 0xef, 0x99, 0xf7, 0x99, 0xf7, 0x99, 0xf7, 0x99, 0xf7,
    0x79, 0xf7, 0x99, 0xf7, 0x99, 0xef, 0x99, 0xf7, 0x79, 0xf7, 0x99, 0xef,
    0x99, 0xf7, 0x79, 0xf7, 0x99, 0xf7, 0x99, 0xf7, 0x99, 0xf7, 0x99, 0xf7,
    0x99, 0xf7, 0x99, 0xef, 0x79, 0xf7, 0x99, 0xf7, 0x9a, 0xef, 0x99, 0xf7,
    0x79, 0xf7, 0x99, 0xf7, 0x99, 0xf7, 0x9a, 0xf7, 0x99, 0xef, 0x99, 0xf7,
    0x7a, 0xf7, 0x99, 0xf7, 0x9a, 0xf7, 0x79, 0xf7, 0x99, 0xef, 0x79, 0xef,
    0x99, 0xf7, 0x99, 0xf7, 0x79, 0xf7, 0x99, 0xf7, 0x99, 0xf7, 0x79, 0xef,
    0x79, 0xf7, 0x99, 0xf7, 0x79, 0xf7, 0x79, 0xef, 0x99, 0xf7, 0x79, 0xf7,
    0x99, 0xf7, 0x99, 0xf7, 0x99, 0xf7, 0x99, 0xf7, 0x99, 0xf7, 0x99, 0xf7,
    0x99, 0xef, 0x99, 0xf7, 0x99, 0xf7, 0x98, 0xef, 0x99, 0xf7, 0x99, 0xf7,
    0x99, 0xf7, 0x99, 0xf7, 0x99, 0xef, 0x78, 0xf7, 0x99, 0xf7, 0x99, 0xef,
    0x79, 0xf7, 0x99, 0xf7, 0x99, 0xf7, 0x99, 0xf7, 0x98, 0xf7, 0x99, 0xf7,
    0x99, 0xf7, 0x78, 0xef, 0x99, 0xf7, 0x99, 0xf7, 0x79, 0xef, 0x78, 0xf7,
    0x98, 0xef, 0x79, 0xef, 0x78, 0xf7, 0x99, 0xf7, 0x99, 0xf7, 0x78, 0xef,
    0x99, 0xf7, 0x78, 0xef, 0x79, 0xef, 0x98, 0xf7, 0x79, 0xf7, 0x78, 0xf7,
    0x98, 0xef, 0x79, 0xef, 0x78, 0xf7, 0x99, 0xef, 0x98, 0xf7, 0x79, 0xf7,
    0x99, 0xef, 0x99, 0xf7, 0x78, 0xef, 0x78, 0xef, 0x98, 0xf7, 0x79, 0xef,
    0x78, 0xef, 0x78, 0xf7, 0x78, 0xef, 0x78, 0xf7, 0x78, 0xef, 0x79, 0xf7,
    0x98, 0xf7, 0x78, 0xf7, 0x78, 0xf7, 0x98, 0xef, 0x79, 0xef, 0x78, 0xf7,
    0x78, 0xef, 0x78, 0xf7, 0x98, 0xef, 0x78, 0xf7, 0x78, 0xf7, 0x78, 0xef,
    0x78, 0xf7, 0x78, 0xf7, 0x78, 0xef, 0x78, 0xef, 0x78, 0xf7, 0x78, 0xf7,
    0x58, 0xef, 0x78, 0xef, 0x78, 0xf7, 0x78, 0xef, 0x78, 0xef, 0x78, 0xf7,
    0x78, 0xf7, 0x78, 0xef, 0x78, 0xef, 0x78, 0xf7, 0x78, 0xef, 0x78, 0xef,
    0x78, 0xef, 0x78, 0xef, 0x78, 0xef, 0x78, 0xf7, 0x78, 0xf7, 0x78, 0xef,
    0x78, 0xef, 0x78, 0xef, 0x78, 0xef, 0x78, 0xf7, 0x78, 0xf7, 0x78, 0xef,
    0x78, 0xf7, 0x78, 0xef, 0x78, 0xef, 0x78, 0xf7, 0x78, 0xef, 0x78, 0xef,
    0x78, 0xef, 0x78, 0xef, 0x78, 0xf7, 0x78, 0xef, 0x78, 0xf7, 0x78, 0xf7,
    0x78, 0xf7, 0x78, 0xf7, 0x78, 0xef, 0x78, 0xf7, 0x78, 0xef, 0x78, 0xef,
    0x78, 0xf7, 0x78, 0xef, 0x78, 0xf7, 0x78, 0xef, 0x78, 0xf7, 0x78, 0xef,
    0x78, 0xef, 0x78, 0xef, 0x78, 0xef, 0x78, 0xef, 0x78, 0xef, 0x78, 0xf7,
    0x78, 0xf7, 0x78, 0xef, 0x98, 0xef, 0x98, 0xf7, 0x99, 0xf7, 0x98, 0xf7,
    0x98, 0xef, 0x78, 0xef, 0x78, 0xf7, 0x98, 0xf7, 0x79, 0xef, 0x78, 0xef,
    0x98, 0xf7, 0x79, 0xf7, 0x79, 0xef, 0x78, 0xef, 0x78, 0xef, 0x99, 0xf7,
    0x78, 0xef, 0x79, 0xf7, 0x99, 0xf7, 0x79, 0xf7, 0x78, 0xef, 0x79, 0xf7,
    0x98, 0xef, 0x78, 0xef, 0x99, 0xf7, 0x98, 0xef, 0x79, 0xf7, 0x79, 0xf7,
    0x99, 0xef, 0x99, 0xf7, 0x78, 0xef, 0x99, 0xf7, 0x99, 0xf7, 0x79, 0xf7,
    0x79, 0xef, 0x99, 0xf7, 0x79, 0xef, 0x79, 0xf7, 0x99, 0xef, 0x98, 0xf7,
    0x79, 0xf7, 0x99, 0xf7, 0x79, 0xef, 0x99, 0xf7, 0x99, 0xf7, 0x79, 0xf7,
    0x98, 0xef, 0x99, 0xf7, 0x79, 0xf7, 0x99, 0xf7, 0x99, 0xef, 0x99, 0xf7,
    0x79, 0xf7, 0x79, 0xf7, 0x99, 0xf7, 0x79, 0xef, 0x79, 0xf7, 0x99, 0xf7,
    0x79, 0xf7, 0x99, 0xf7, 0x79, 0xf7, 0x99, 0xf7, 0x79, 0xf7, 0x99, 0xf7,
    0x99, 0xf7, 0x99, 0xf7, 0x99, 0xf7, 0x99, 0xf7, 0x99, 0xf7, 0x79, 0xf7,
    0x99, 0xf7, 0x99, 0xf7, 0x99, 0xef, 0x99, 0xf7, 0x79, 0xf7, 0x99, 0xf7,
    0x99, 0xf7, 0x99, 0xef, 0x99, 0xf7, 0x99, 0xf7, 0x99, 0xf7, 0x9a, 0xf7,
    0x9a, 0xf7, 0x99, 0xf7, 0x99, 0xef, 0x7a, 0xf7, 0x99, 0xf7, 0x99, 0xf7,
    0x99, 0xf7, 0x9a, 0xf7, 0x99, 0xef, 0x99, 0xf7, 0x99, 0xf7, 0x79, 0xf7,
    0x79, 0xf7, 0x99, 0xef, 0x9a, 0xf7, 0x79, 0xef, 0x99, 0xf7, 0x99, 0xf7,
    0x79, 0xf7, 0x99, 0xef, 0x99, 0xf7, 0x99, 0xf7, 0x99, 0xef, 0x79, 0xf7,
    0x79, 0xef, 0x79, 0xf7, 0x99, 0xf7, 0x79, 0xf7, 0x99, 0xf7, 0x99, 0xf7,
    0x79, 0xef, 0x99, 0xf7, 0x99, 0xf7, 0x79, 0xef, 0x99, 0xf7, 0x79, 0xf7,
    0x99, 0xef, 0x99, 0xf7, 0x79, 0xf7, 0x99, 0xf7, 0x99, 0xf7, 0x99, 0xef,
    0x98, 0xf7, 0x98, 0xef, 0x79, 0xef, 0x99, 0xf7, 0x99, 0xf7, 0x99, 0xf7,
    0x98, 0xf7, 0x99, 0xef, 0x99, 0xf7, 0x98, 0xf7, 0x99, 0xf7, 0x99, 0xf7,
    0x79, 0xf7, 0x98, 0xef, 0x79, 0xf7, 0x99, 0xf7, 0x78, 0xef, 0x79, 0xf7,
    0x98, 0xf7, 0x99, 0xf7, 0x78, 0xef, 0x99, 0xf7, 0x98, 0xf7, 0x79, 0xef,
    0x99, 0xf7, 0x78, 0xf7, 0x78, 0xef, 0x79, 0xef, 0x78, 0xf7, 0x98, 0xef,
    0x78, 0xf7, 0x79, 0xef, 0x99, 0xf7, 0x98, 0xef, 0x79, 0xf7, 0x78, 0xf7,
    0x78, 0xef, 0x78, 0xf7, 0x99, 0xf7, 0x79, 0xef, 0x78, 0xef, 0x78, 0xef,
    0x78, 0xef, 0x78, 0xef, 0x78, 0xf7, 0x78, 0xf7, 0x98, 0xf7, 0x78, 0xef,
    0x78, 0xf7, 0x78, 0xef, 0x78, 0xef, 0x78, 0xf7, 0x78, 0xef, 0x78, 0xef,
    0x78, 0xef, 0x78, 0xef, 0x78, 0xf7, 0x78, 0xf7, 0x78, 0xef, 0x78, 0xef,
    0x78, 0xf7, 0x78, 0xf7, 0x78, 0xef, 0x78, 0xef, 0x78, 0xf7, 0x78, 0xef,
    0x78, 0xef, 0x78, 0xf7, 0x78, 0xef, 0x78, 0xef, 0x78, 0xf7, 0x78, 0xef,
    0x77, 0xef, 0x78, 0xf7, 0x78, 0xf7, 0x78, 0xef, 0x78, 0xef, 0x78, 0xf7,
    0x78, 0xef, 0x78, 0xf7, 0x78, 0xef, 0x78, 0xef, 0x58, 0xef, 0x78, 0xef,
    0x78, 0xf7, 0x78, 0xef, 0x78, 0xef, 0x78, 0xf7, 0x78, 0xf7, 0x78, 0xef,
    0x78, 0xf7, 0x78, 0xef, 0x78, 0xef, 0x78, 0xf7, 0x78, 0xef, 0x78, 0xef,
    0x78, 0xef, 0x78, 0xef, 0x78, 0xf7, 0x78, 0xf7, 0x78, 0xef, 0x78, 0xf7,
    0x78, 0xef, 0x78, 0xef, 0x78, 0xf7, 0x78, 0xef, 0x78, 0xef, 0x78, 0xf7,
    0x78, 0xf7, 0x78, 0xef, 0x78, 0xf7, 0x78, 0xef, 0x78, 0xf7, 0x78, 0xef,
    0x98, 0xf7, 0x78, 0xf7, 0x98, 0xef, 0x78, 0xef, 0x78, 0xf7, 0x78, 0xef,
    0x78, 0xf7, 0x79, 0xf7, 0x99, 0xef, 0x78, 0xef, 0x78, 0xf7, 0x79, 0xef,
    0x98, 0xef, 0x98, 0xf7, 0x99, 0xf7, 0x99, 0xf7, 0x78, 0xef, 0x78, 0xf7,
    0x79, 0xef, 0x78, 0xef, 0x98, 0xf7, 0x99, 0xef, 0x79, 0xf7, 0x99, 0xef,
    0x79, 0xf7, 0x78, 0xf7, 0x99, 0xf7, 0x79, 0xef, 0x98, 0xf7, 0x98, 0xf7,
    0x99, 0xf7, 0x78, 0xef, 0x99, 0xf7, 0x78, 0xf7, 0x99, 0xf7, 0x99, 0xef,
    0x99, 0xf7, 0x99, 0xf7, 0x98, 0xf7, 0x78, 0xf7, 0x79, 0xef, 0x99, 0xef,
    0x79, 0xf7, 0x98, 0xf7, 0x79, 0xef, 0x78, 0xf7, 0x99, 0xf7, 0x99, 0xef,
    0x99, 0xf7, 0x79, 0xef, 0x99, 0xf7, 0x99, 0xf7, 0x79, 0xef, 0x99, 0xf7,
    0x98, 0xef, 0x79, 0xf7, 0x99, 0xf7, 0x78, 0xf7, 0x79, 0xef, 0x99, 0xf7,
    0x99, 0xef, 0x99, 0xf7, 0x99, 0xf7, 0x99, 0xf7, 0x99, 0xef, 0x79, 0xf7,
    0x79, 0xf7, 0x99, 0xf7, 0x99, 0xf7, 0x79, 0xf7, 0x99, 0xef, 0x79, 0xf7,
    0x99, 0xf7, 0x99, 0xf7, 0x99, 0xf7, 0x99, 0xf7, 0x79, 0xef, 0x99, 0xf7,
    0x79, 0xf7, 0x79, 0xf7, 0x9a, 0xf7, 0x99, 0xf7, 0x99, 0xf7, 0x9a, 0xf7,
    0x99, 0xf7, 0x99, 0xf7, 0x7a, 0xf7, 0x99, 0xf7, 0x99, 0xf7, 0x99, 0xf7,
    0x99, 0xf7, 0x99, 0xf7, 0x79, 0xf7, 0x9a, 0xf7, 0x99, 0xf7, 0x79, 0xef,
    0x79, 0xf7, 0x9a, 0xf7, 0x79, 0xf7, 0x99, 0xf7, 0x99, 0xf7, 0x99, 0xf7,
    0x99, 0xef, 0x99, 0xf7, 0x99, 0xf7, 0x99, 0xf7, 0x99, 0xf7, 0x99, 0xf7,
    0x79, 0xf7, 0x99, 0xef, 0x99, 0xf7, 0x99, 0xf7, 0x79, 0xf7, 0x99, 0xef,
    0x79, 0xf7, 0x99, 0xf7, 0x99, 0xf7, 0x79, 0xf7, 0x99, 0xf7, 0x99, 0xf7,
    0x99, 0xf7, 0x99, 0xf7, 0x99, 0xef, 0x99, 0xf7, 0x99, 0xf7, 0x79, 0xf7,
    0x99, 0xf7, 0x99, 0xf7, 0x99, 0xf7, 0x79, 0xef, 0x99, 0xf7, 0x78, 0xef,
    0x99, 0xf7, 0x99, 0xf7, 0x79, 0xf7, 0x99, 0xef, 0x99, 0xf7, 0x78, 0xef,
    0x99, 0xf7, 0x79, 0xf7, 0x98, 0xef, 0x79, 0xef, 0x99, 0xf7, 0x78, 0xef,
    0x99, 0xf7, 0x78, 0xf7, 0x79, 0xef, 0x99, 0xf7, 0x98, 0xef, 0x79, 0xf7,
    0x99, 0xf7, 0x98, 0xf7, 0x99, 0xef, 0x79, 0xf7, 0x98, 0xf7, 0x79, 0xf7,
    0x98, 0xef, 0x78, 0xf7, 0x98, 0xef, 0x78, 0xf7, 0x99, 0xef, 0x78, 0xf7,
    0x78, 0xef, 0x99, 0xef, 0x78, 0xf7, 0x98, 0xf7, 0x98, 0xf7, 0x78, 0xef,
    0x78, 0xf7, 0x99, 0xef, 0x78, 0xef, 0x78, 0xf7, 0x78, 0xef, 0x98, 0xf7,
    0x79, 0xf7, 0x78, 0xef, 0x79, 0xf7, 0x78, 0xef, 0x78, 0xf7, 0x78, 0xef,
    0x78, 0xef, 0x78, 0xf7, 0x78, 0xef, 0x78, 0xf7, 0x78, 0xef, 0x78, 0xef,
    0x78, 0xef, 0x78, 0xef, 0x78, 0xf7, 0x58, 0xef, 0x77, 0xef, 0x78, 0xf7,
    0x78, 0xef, 0x78, 0xef, 0x78, 0xf7, 0x78, 0xef, 0x78, 0xf7, 0x78, 0xf7,
    0x78, 0xef, 0x78, 0xef, 0x78, 0xf7, 0x78, 0xef, 0x78, 0xef, 0x78, 0xf7,
    0x78, 0xef, 0x77, 0xf7, 0x78, 0xef, 0x78, 0xef, 0x78, 0xf7, 0x78, 0xef,
    0x78, 0xf7, 0x78, 0xef, 0x78, 0xef, 0x78, 0xf7, 0x78, 0xef, 0x78, 0xef,
    0x78, 0xf7, 0x78, 0xf7, 0x78, 0xef, 0x78, 0xf7, 0x78, 0xef, 0x78, 0xef,
    0x78, 0xf7, 0x78, 0xef, 0x78, 0xef, 0x78, 0xf7, 0x78, 0xef, 0x78, 0xf7,
    0x78, 0xf7, 0x78, 0xef, 0x78, 0xf7, 0x78, 0xf7, 0x78, 0xef, 0x78, 0xef,
    0x78, 0xf7, 0x78, 0xef, 0x78, 0xf7, 0x98, 0xf7, 0x78, 0xef, 0x78, 0xef,
    0x98, 0xf7, 0x78, 0xef, 0x78, 0xf7, 0x78, 0xef, 0x79, 0xef, 0x78, 0xf7,
    0x99, 0xf7, 0x78, 0xef, 0x79, 0xef, 0x99, 0xf7, 0x78, 0xf7, 0x78, 0xf7,
    0x99, 0xef, 0x78, 0xf7, 0x78, 0xf7, 0x98, 0xef, 0x79, 0xf7, 0x78, 0xf7,
    0x98, 0xef, 0x99, 0xef, 0x78, 0xf7, 0x99, 0xf7, 0x98, 0xef, 0x78, 0xf7,
    0x99, 0xf7, 0x99, 0xf7, 0x78, 0xef, 0x79, 0xf7, 0x99, 0xef, 0x79, 0xef,
    0x78, 0xf7, 0x99, 0xf7, 0x79, 0xef, 0x99, 0xf7, 0x98, 0xf7, 0x78, 0xef,
    0x79, 0xf7, 0x79, 0xf7, 0x99, 0xef, 0x99, 0xf7, 0x79, 0xf7, 0x99, 0xf7,
    0x98, 0xf7, 0x79, 0xef, 0x79, 0xf7, 0x99, 0xf7, 0x79, 0xf7, 0x79, 0xf7,
    0x79, 0xf7, 0x99, 0xf7, 0x98, 0xef, 0x99, 0xf7, 0x99, 0xf7, 0x79, 0xf7,
    0x79, 0xef, 0x99, 0xf7, 0x99, 0xf7, 0x99, 0xf7, 0x99, 0xf7, 0x99, 0xf7,
    0x99, 0xf7, 0x79, 0xf7, 0x99, 0xef, 0x99, 0xf7, 0x79, 0xf7, 0x99, 0xef,
    0x99, 0xf7, 0x99, 0xf7, 0x99, 0xef, 0x99, 0xf7, 0x99, 0xf7, 0x99, 0xf7,
    0x99, 0xf7, 0x79, 0xef, 0x99, 0xf7, 0x99, 0xf7, 0x9a, 0xf7, 0x99, 0xf7,
    0x99, 0xf7, 0x99, 0xf7, 0x9a, 0xf7, 0x9a, 0xf7, 0x9a, 0xf7, 0x99, 0xf7,
    0x99, 0xf7, 0x99, 0xf7, 0x9a, 0xf7, 0x9a, 0xf7, 0x9a, 0xf7, 0x99, 0xef,
    0x7a, 0xf7, 0x99, 0xf7, 0x99, 0xf7, 0x9a, 0xf7, 0x79, 0xef, 0x99, 0xf7,
    0x99, 0xf7, 0x99, 0xef, 0x79, 0xf7, 0x99, 0xf7, 0x9a, 0xf7, 0x79, 0xf7,
    0x99, 0xf7, 0x99, 0xf7, 0x79, 0xf7, 0x99, 0xf7, 0x79, 0xf7, 0x99, 0xef,
    0x99, 0xf7, 0x79, 0xf7, 0x79, 0xf7, 0x99, 0xf7, 0x99, 0xef, 0x79, 0xf7,
    0x99, 0xf7, 0x99, 0xf7, 0x99, 0xf7, 0x99, 0xf7, 0x99, 0xf7, 0x79, 0xf7,
    0x99, 0xf7, 0x79, 0xf7, 0x79, 0xf7, 0x99, 0xf7, 0x99, 0xef, 0x79, 0xf7,
    0x99, 0xf7, 0x99, 0xf7, 0x99, 0xf7, 0x99, 0xf7, 0x99, 0xf7, 0x79, 0xf7,
    0x99, 0xef, 0x99, 0xf7, 0x79, 0xf7, 0x99, 0xf7, 0x79, 0xf7, 0x78, 0xef,
    0x99, 0xf7, 0x99, 0xf7, 0x79, 0xef, 0x98, 0xf7, 0x99, 0xf7, 0x99, 0xef,
    0x79, 0xf7, 0x98, 0xf7, 0x99, 0xef, 0x99, 0xf7, 0x78, 0xf7, 0x79, 0xef,
    0x78, 0xf7, 0x98, 0xef, 0x79, 0xf7, 0x98, 0xef, 0x79, 0xf7, 0x99, 0xef,
    0x98, 0xef, 0x78, 0xf7, 0x79, 0xf7, 0x98, 0xef, 0x98, 0xf7, 0x98, 0xef,
    0x79, 0xf7, 0x78, 0xef, 0x79, 0xef, 0x78, 0xf7, 0x79, 0xef, 0x78, 0xef,
    0x79, 0xf7, 0x98, 0xf7, 0x78, 0xef, 0x79, 0xef, 0x78, 0xef, 0x78, 0xf7,
    0x78, 0xef, 0x78, 0xef, 0x78, 0xf7, 0x78, 0xf7, 0x99, 0xef, 0x78, 0xf7,
    0x78, 0xf7, 0x78, 0xef, 0x79, 0xf7, 0x78, 0xef, 0x78, 0xef, 0x78, 0xf7,
    0x78, 0xef, 0x78, 0xef, 0x78, 0xf7, 0x78, 0xef, 0x78, 0xef, 0x58, 0xef,
    0x78, 0xf7, 0x77, 0xef, 0x78, 0xef, 0x78, 0xf7, 0x78, 0xef, 0x78, 0xef,
    0x78, 0xef, 0x78, 0xf7, 0x78, 0xef, 0x78, 0xf7, 0x78, 0xf7, 0x78, 0xef,
    0x78, 0xef, 0x78, 0xef, 0x77, 0xf7, 0x78, 0xef, 0x77, 0xf7, 0x78, 0xef,
    0x78, 0xef, 0x78, 0xf7, 0x78, 0xef, 0x78, 0xef, 0x78, 0xef, 0x78, 0xef,
    0x78, 0xef, 0x78, 0xf7, 0x78, 0xef, 0x78, 0xef, 0x78, 0xf7, 0x78, 0xef,
    0x78, 0xf7, 0x78, 0xef, 0x78, 0xf7, 0x78, 0xef, 0x78, 0xef, 0x78, 0xf7,
    0x78, 0xef, 0x78, 0xef, 0x78, 0xef, 0x78, 0xf7, 0x78, 0xf7, 0x78, 0xef,
    0x78, 0xef, 0x78, 0xf7, 0x78, 0xef, 0x78, 0xf7, 0x78, 0xef, 0x98, 0xf7,
    0x79, 0xef, 0x78, 0xf7, 0x78, 0xf7, 0x98, 0xef, 0x78, 0xf7, 0x78, 0xf7,
    0x98, 0xef, 0x98, 0xf7, 0x78, 0xf7, 0x99, 0xef, 0x99, 0xf7, 0x78, 0xef,
    0x98, 0xef, 0x79, 0xf7, 0x78, 0xef, 0x98, 0xef, 0x99, 0xf7, 0x79, 0xf7,
    0x98, 0xf7, 0x79, 0xf7, 0x78, 0xf7, 0x79, 0xf7, 0x99, 0xef, 0x78, 0xf7,
    0x79, 0xef, 0x98, 0xef, 0x99, 0xf7, 0x79, 0xf7, 0x99, 0xf7, 0x78, 0xef,
    0x99, 0xf7, 0x99, 0xf7, 0x78, 0xef, 0x99, 0xf7, 0x79, 0xef, 0x79, 0xf7,
    0x98, 0xf7, 0x99, 0xf7, 0x99, 0xef, 0x98, 0xf7, 0x99, 0xf7, 0x79, 0xef,
    0x99, 0xf7, 0x99, 0xf7, 0x79, 0xef, 0x99, 0xef, 0x98, 0xf7, 0x79, 0xf7,
    0x99, 0xef, 0x79, 0xf7, 0x79, 0xf7, 0x79, 0xf7, 0x99, 0xf7, 0x99, 0xf7,
    0x79, 0xf7, 0x79, 0xef, 0x79, 0xf7, 0x99, 0xef, 0x99, 0xf7, 0x99, 0xf7,
    0x79, 0xf7, 0x99, 0xf7, 0x99, 0xf7, 0x79, 0xf7, 0x99, 0xf7, 0x99, 0xf7,
    0x99, 0xf7, 0x79, 0xf7, 0x99, 0xf7, 0x99, 0xef, 0x79, 0xf7, 0x99, 0xf7,
    0x99, 0xf7, 0x99, 0xf7, 0x9a, 0xf7, 0x78, 0xef, 0x78, 0xef, 0x9a, 0xf7,
    0x9a, 0xf7, 0x99, 0xf7, 0x99, 0xf7, 0x9a, 0xf7, 0x99, 0xf7, 0x9a, 0xf7,
    0x9a, 0xf7, 0x99, 0xef, 0x79, 0xef, 0x58, 0xef, 0x99, 0xf7, 0x9a, 0xf7,
    0x9a, 0xf7, 0x99, 0xf7, 0x9a, 0xf7, 0x99, 0xf7, 0x79, 0xef, 0x79, 0xf7,
    0x99, 0xf7, 0x99, 0xef, 0x99, 0xf7, 0x79, 0xef, 0x99, 0xf7, 0x9a, 0xf7,
    0x99, 0xf7, 0x99, 0xf7, 0x99, 0xf7, 0x99, 0xf7, 0x79, 0xef, 0x99, 0xf7,
    0x99, 0xf7, 0x99, 0xf7, 0x99, 0xf7, 0x99, 0xf7, 0x99, 0xf7, 0x99, 0xf7,
    0x99, 0xf7, 0x79, 0xf7, 0x99, 0xef, 0x99, 0xf7, 0x99, 0xf7, 0x99, 0xef,
    0x99, 0xf7, 0x99, 0xf7, 0x99, 0xf7, 0x99, 0xf7, 0x99, 0xf7, 0x99, 0xef,
    0x79, 0xf7, 0x99, 0xef, 0x79, 0xf7, 0x98, 0xf7, 0x99, 0xef, 0x99, 0xf7,
    0x79, 0xf7, 0x99, 0xef, 0x99, 0xf7, 0x78, 0xf7, 0x99, 0xef, 0x98, 0xf7,
    0x79, 0xf7, 0x99, 0xf7, 0x79, 0xef, 0x99, 0xf7, 0x98, 0xf7, 0x79, 0xf7,
    0x99, 0xf7, 0x99, 0xf7, 0x99, 0xf7, 0x78, 0xef, 0x99, 0xf7, 0x99, 0xf7,
    0x79, 0xef, 0x79, 0xf7, 0x98, 0xf7, 0x78, 0xef, 0x79, 0xf7, 0x98, 0xef,
    0x79, 0xf7, 0x99, 0xf7, 0x79, 0xef, 0x78, 0xef, 0x99, 0xf7, 0x79, 0xf7,
    0x78, 0xef, 0x79, 0xf7, 0x99, 0xf7, 0x98, 0xef, 0x78, 0xf7, 0x78, 0xef,
    0x78, 0xf7, 0x78, 0xef, 0x98, 0xf7, 0x78, 0xf7, 0x98, 0xef, 0x78, 0xf7,
    0x78, 0xef, 0x98, 0xf7, 0x78, 0xef, 0x78, 0xef, 0x78, 0xf7, 0x78, 0xef,
    0x78, 0xf7, 0x99, 0xef, 0x78, 0xf7, 0x78, 0xef, 0x78, 0xf7, 0x78, 0xf7,
    0x78, 0xef, 0x78, 0xf7, 0x78, 0xef, 0x78, 0xf7, 0x78, 0xef, 0x78, 0xf7,
    0x78, 0xef, 0x78, 0xef, 0x78, 0xf7, 0x78, 0xef, 0x78, 0xef, 0x78, 0xef,
    0x78, 0xf7, 0x78, 0xef, 0x78, 0xef, 0x78, 0xf7, 0x78, 0xef, 0x78, 0xef,
    0x78, 0xef, 0x58, 0xf7, 0x78, 0xef, 0x78, 0xef, 0x57, 0xef, 0x78, 0xf7,
    0x78, 0xef, 0x77, 0xf7, 0x78, 0xf7, 0x78, 0xef, 0x78, 0xf7, 0x78, 0xf7,
    0x78, 0xef, 0x78, 0xef, 0x78, 0xf7, 0x78, 0xf7, 0x78, 0xef, 0x78, 0xef,
    0x78, 0xf7, 0x78, 0xef, 0x78, 0xf7, 0x78, 0xf7, 0x78, 0xef, 0x78, 0xf7,
    0x78, 0xf7, 0x78, 0xef, 0x78, 0xef, 0x78, 0xef, 0x78, 0xf7, 0x78, 0xf7,
    0x78, 0xef, 0x78, 0xef, 0x98, 0xf7, 0x78, 0xef, 0x98, 0xf7, 0x78, 0xf7,
    0x78, 0xef, 0x78, 0xef, 0x98, 0xf7, 0x78, 0xef, 0x78, 0xef, 0x79, 0xf7,
    0x78, 0xef, 0x99, 0xf7, 0x78, 0xf7, 0x98, 0xef, 0x79, 0xf7, 0x78, 0xef,
    0x98, 0xf7, 0x79, 0xf7, 0x99, 0xf7, 0x98, 0xf7, 0x78, 0xef, 0x99, 0xef,
    0x78, 0xf7, 0x98, 0xef, 0x99, 0xef, 0x79, 0xf7, 0x98, 0xf7, 0x99, 0xf7,
    0x79, 0xef, 0x78, 0xf7, 0x99, 0xf7, 0x98, 0xef, 0x99, 0xf7, 0x79, 0xf7,
    0x99, 0xef, 0x78, 0xf7, 0x99, 0xf7, 0x99, 0xf7, 0x99, 0xf7, 0x99, 0xef,
    0x78, 0xef, 0x79, 0xf7, 0x79, 0xf7, 0x99, 0xf7, 0x99, 0xf7, 0x99, 0xef,
    0x79, 0xf7, 0x79, 0xf7, 0x79, 0xf7, 0x99, 0xef, 0x99, 0xf7, 0x99, 0xf7,
    0x99, 0xef, 0x79, 0xf7, 0x99, 0xef, 0x79, 0xf7, 0x99, 0xef, 0x99, 0xf7,
    0x99, 0xf7, 0x99, 0xf7, 0x79, 0xef, 0x99, 0xf7, 0x99, 0xf7, 0x99, 0xf7,
    0x99, 0xef, 0x99, 0xf7, 0x99, 0xf7, 0x99, 0xf7, 0x99, 0xf7, 0x99, 0xf7,
    0x7a, 0xf7, 0x99, 0xf7, 0x99, 0xf7, 0x7a, 0xf7, 0x99, 0xef, 0x99, 0xf7,
    0x9a, 0xef, 0x9a, 0xf7, 0x79, 0xef, 0x58, 0xef, 0x79, 0xef, 0x78, 0xef,
    0x9a, 0xf7, 0x99, 0xf7, 0x9a, 0xf7, 0x99, 0xf7, 0x99, 0xf7, 0x9a, 0xf7,
    0x99, 0xf7, 0x79, 0xef, 0x58, 0xef, 0x78, 0xef, 0x78, 0xef, 0x9a, 0xf7,
    0x99, 0xf7, 0x99, 0xf7, 0x9a, 0xf7, 0x9a, 0xf7, 0x99, 0xef, 0x79, 0xef,
    0x99, 0xf7, 0x9a, 0xf7, 0x99, 0xf7, 0x79, 0xef, 0x9a, 0xf7, 0x99, 0xf7,
    0x99, 0xf7, 0x9a, 0xef, 0x9a, 0xf7, 0x99, 0xf7, 0x99, 0xf7, 0x9a, 0xf7,
    0x99, 0xf7, 0x99, 0xf7, 0x9a, 0xef, 0x99, 0xf7, 0x79, 0xf7, 0x99, 0xf7,
    0x99, 0xef, 0x99, 0xf7, 0x99, 0xf7, 0x99, 0xf7, 0x99, 0xf7, 0x99, 0xf7,
    0x99, 0xf7, 0x99, 0xf7, 0x79, 0xef, 0x99, 0xf7, 0x99, 0xf7, 0x99, 0xf7,
    0x99, 0xf7, 0x99, 0xf7, 0x79, 0xef, 0x99, 0xf7, 0x79, 0xf7, 0x79, 0xf7,
    0x78, 0xf7, 0x99, 0xf7, 0x79, 0xef, 0x79, 0xef, 0x98, 0xf7, 0x79, 0xf7,
    0x79, 0xf7, 0x98, 0xf7, 0x79, 0xf7, 0x99, 0xef, 0x79, 0xf7, 0x78, 0xef,
    0x98, 0xef, 0x79, 0xf7, 0x99, 0xf7, 0x79, 0xef, 0x78, 0xf7, 0x99, 0xf7,
    0x99, 0xf7, 0x99, 0xef, 0x99, 0xf7, 0x79, 0xf7, 0x98, 0xf7, 0x78, 0xf7,
    0x99, 0xf7, 0x98, 0xef, 0x78, 0xef, 0x98, 0xf7, 0x79, 0xf7, 0x99, 0xf7,
    0x98, 0xef, 0x99, 0xf7, 0x98, 0xef, 0x78, 0xf7, 0x99, 0xf7, 0x78, 0xef,
    0x78, 0xef, 0x79, 0xf7, 0x78, 0xef, 0x98, 0xf7, 0x78, 0xef, 0x78, 0xf7,
    0x98, 0xf7, 0x79, 0xef, 0x78, 0xf7, 0x98, 0xf7, 0x78, 0xef, 0x78, 0xf7,
    0x78, 0xef, 0x78, 0xf7, 0x78, 0xef, 0x78, 0xef, 0x78, 0xf7, 0x78, 0xef,
    0x78, 0xef, 0x78, 0xf7, 0x78, 0xef, 0x58, 0xef, 0x77, 0xf7, 0x78, 0xef,
    0x78, 0xef, 0x78, 0xf7, 0x78, 0xef, 0x78, 0xf7, 0x58, 0xef, 0x78, 0xef,
    0x78, 0xf7, 0x78, 0xef, 0x78, 0xef, 0x78, 0xf7, 0x78, 0xef, 0x78, 0xef,
    0x78, 0xef, 0x77, 0xef, 0x78, 0xef, 0x78, 0xef, 0x78, 0xef, 0x78, 0xf7,
    0x78, 0xef, 0x78, 0xef, 0x78, 0xef, 0x78, 0xf7, 0x78, 0xef, 0x78, 0xf7,
    0x78, 0xf7, 0x78, 0xef, 0x78, 0xf7, 0x78, 0xf7, 0x78, 0xef, 0x78, 0xef,
    0x78, 0xf7, 0x78, 0xef, 0x78, 0xef, 0x78, 0xf7, 0x78, 0xef, 0x78, 0xef,
    0x78, 0xf7, 0x78, 0xf7, 0x78, 0xef, 0x78, 0xf7, 0x78, 0xef, 0x98, 0xef,
    0x78, 0xf7, 0x78, 0xf7, 0x78, 0xef, 0x78, 0xef, 0x78, 0xf7, 0x78, 0xef,
    0x78, 0xef, 0x98, 0xf7, 0x78, 0xf7, 0x78, 0xef, 0x98, 0xf7, 0x78, 0xef,
    0x78, 0xef, 0x79, 0xf7, 0x99, 0xef, 0x78, 0xef, 0x78, 0xf7, 0x79, 0xf7,
    0x78, 0xef, 0x78, 0xef, 0x98, 0xef, 0x79, 0xf7, 0x78, 0xf7, 0x79, 0xef,
    0x99, 0xf7, 0x99, 0xf7, 0x99, 0xf7, 0x78, 0xef, 0x79, 0xf7, 0x99, 0xf7,
    0x98, 0xef, 0x79, 0xf7, 0x99, 0xf7, 0x78, 0xef, 0x79, 0xf7, 0x99, 0xf7,
    0x99, 0xef, 0x99, 0xf7, 0x99, 0xef, 0x78, 0xf7, 0x79, 0xf7, 0x99, 0xef,
    0x99, 0xf7, 0x79, 0xf7, 0x98, 0xef, 0x79, 0xf7, 0x79, 0xf7, 0x99, 0xef,
    0x78, 0xf7, 0x79, 0xf7, 0x99, 0xf7, 0x79, 0xef, 0x79, 0xf7, 0x79, 0xf7,
    0x99, 0xef, 0x99, 0xf7, 0x79, 0xf7, 0x99, 0xef, 0x79, 0xf7, 0x99, 0xf7,
    0x99, 0xef, 0x99, 0xf7, 0x79, 0xf7, 0x99, 0xf7, 0x99, 0xf7, 0x79, 0xf7,
    0x99, 0xf7, 0x99, 0xf7, 0x79, 0xf7, 0x9a, 0xf7, 0x99, 0xef, 0x79, 0xf7,
    0x99, 0xf7, 0x79, 0xef, 0x79, 0xf7, 0x9a, 0xf7, 0x99, 0xf7, 0x79, 0xf7,
    0x9a, 0xf7, 0x99, 0xf7, 0x79, 0xef, 0x58, 0xef, 0x58, 0xef, 0x79, 0xef,
    0x99, 0xf7, 0x9a, 0xf7, 0x9a, 0xf7, 0x9a, 0xf7, 0x99, 0xf7, 0x9a, 0xf7,
    0x99, 0xf7, 0x99, 0xf7, 0x58, 0xef, 0x78, 0xef, 0x79, 0xef, 0x9a, 0xf7,
    0x99, 0xf7, 0x99, 0xef, 0x99, 0xf7, 0x9a, 0xf7, 0x79, 0xf7, 0x99, 0xf7,
    0x9a, 0xf7, 0x99, 0xf7, 0x99, 0xf7, 0x79, 0xef, 0x9a, 0xf7, 0x99, 0xf7,
    0x99, 0xf7, 0x9a, 0xf7, 0x99, 0xf7, 0x9a, 0xf7, 0x9a, 0xf7, 0x99, 0xf7,
    0x7a, 0xf7, 0x79, 0xf7, 0x99, 0xf7, 0x9a, 0xf7, 0x79, 0xf7, 0x99, 0xf7,
    0x9a, 0xf7, 0x7a, 0xef, 0x99, 0xf7, 0x99, 0xf7, 0x99, 0xf7, 0x7a, 0xf7,
    0x99, 0xf7, 0x99, 0xf7, 0x79, 0xef, 0x99, 0xf7, 0x99, 0xf7, 0x79, 0xf7,
    0x99, 0xf7, 0x99, 0xf7, 0x99, 0xf7, 0x79, 0xef, 0x99, 0xf7, 0x79, 0xf7,
    0x99, 0xef, 0x99, 0xf7, 0x79, 0xf7, 0x99, 0xf7, 0x99, 0xf7, 0x99, 0xef,
    0x99, 0xef, 0x78, 0xf7, 0x99, 0xef, 0x99, 0xf7, 0x99, 0xf7, 0x79, 0xef,
    0x99, 0xf7, 0x99, 0xf7, 0x78, 0xef, 0x98, 0xf7, 0x99, 0xf7, 0x79, 0xef,
    0x98, 0xf7, 0x78, 0xf7, 0x99, 0xef, 0x99, 0xef, 0x78, 0xf7, 0x79, 0xef,
    0x99, 0xf7, 0x78, 0xf7, 0x79, 0xf7, 0x98, 0xf7, 0x78, 0xef, 0x78, 0xef,
    0x99, 0xf7, 0x78, 0xef, 0x79, 0xef, 0x98, 0xf7, 0x79, 0xef, 0x79, 0xf7,
    0x98, 0xef, 0x78, 0xef, 0x78, 0xef, 0x78, 0xef, 0x78, 0xef, 0x78, 0xf7,
    0x78, 0xef, 0x78, 0xef, 0x78, 0xef, 0x78, 0xf7, 0x79, 0xef, 0x78, 0xef,
    0x78, 0xf7, 0x78, 0xf7, 0x78, 0xef, 0x99, 0xf7, 0x78, 0xf7, 0x78, 0xef,
    0x78, 0xef, 0x78, 0xf7, 0x78, 0xf7, 0x78, 0xef, 0x78, 0xef, 0x78, 0xf7,
    0x78, 0xef, 0x78, 0xef, 0x78, 0xf7, 0x78, 0xef, 0x78, 0xf7, 0x58, 0xef,
    0x78, 0xef, 0x78, 0xef, 0x78, 0xf7, 0x78, 0xef, 0x78, 0xf7, 0x78, 0xef,
    0x78, 0xef, 0x58, 0xf7, 0x78, 0xf7, 0x77, 0xef, 0x58, 0xf7, 0x78, 0xef,
    0x78, 0xef, 0x78, 0xef, 0x78, 0xef, 0x78, 0xef, 0x78, 0xef, 0x78, 0xef,
    0x78, 0xef, 0x78, 0xf7, 0x78, 0xef, 0x78, 0xef, 0x78, 0xef, 0x78, 0xf7,
    0x78, 0xef, 0x78, 0xef, 0x78, 0xf7, 0x78, 0xf7, 0x78, 0xef, 0x78, 0xef,
    0x78, 0xf7, 0x78, 0xef, 0x78, 0xf7, 0x78, 0xf7, 0x98, 0xef, 0x78, 0xef,
    0x78, 0xef, 0x78, 0xef, 0x78, 0xf7, 0x98, 0xf7, 0x79, 0xef, 0x78, 0xf7,
    0x99, 0xf7, 0x78, 0xef, 0x78, 0xef, 0x79, 0xf7, 0x79, 0xf7, 0x78, 0xef,
    0x78, 0xf7, 0x78, 0xf7, 0x78, 0xf7, 0x99, 0xef, 0x98, 0xf7, 0x98, 0xef,
    0x79, 0xf7, 0x78, 0xf7, 0x98, 0xef, 0x79, 0xef, 0x98, 0xf7, 0x98, 0xf7,
    0x79, 0xef, 0x79, 0xf7, 0x98, 0xf7, 0x98, 0xef, 0x79, 0xf7, 0x99, 0xef,
    0x78, 0xf7, 0x99, 0xf7, 0x79, 0xf7, 0x98, 0xf7, 0x79, 0xef, 0x98, 0xf7,
    0x99, 0xf7, 0x79, 0xef, 0x98, 0xf7, 0x99, 0xf7, 0x99, 0xf7, 0x79, 0xf7,
    0x99, 0xf7, 0x99, 0xf7, 0x79, 0xf7, 0x99, 0xef, 0x99, 0xf7, 0x79, 0xf7,
    0x99, 0xef, 0x99, 0xf7, 0x99, 0xf7, 0x79, 0xf7, 0x99, 0xf7, 0x79, 0xf7,
    0x79, 0xf7, 0x99, 0xf7, 0x79, 0xef, 0x99, 0xf7, 0x79, 0xf7, 0x99, 0xf7,
    0x99, 0xf7, 0x99, 0xef, 0x99, 0xf7, 0x99, 0xf7, 0x99, 0xf7, 0x79, 0xf7,
    0x9a, 0xf7, 0x9a, 0xf7, 0x99, 0xf7, 0x9a, 0xf7, 0x79, 0xf7, 0x99, 0xef,
    0x9a, 0xf7, 0x79, 0xf7, 0x79, 0xf7, 0x99, 0xf7, 0x99, 0xf7, 0x9a, 0xf7,
    0x99, 0xf7, 0x99, 0xf7, 0x9a, 0xf7, 0x78, 0xef, 0x58, 0xef, 0x9a, 0xf7,
    0x99, 0xf7, 0x99, 0xf7, 0x99, 0xf7, 0x9a, 0xf7, 0x9a, 0xf7, 0x99, 0xf7,
    0x9a, 0xf7, 0x9a, 0xf7, 0x79, 0xef, 0x58, 0xef, 0x9a, 0xf7, 0x9a, 0xf7,
    0x9a, 0xf7, 0x9a, 0xf7, 0x99, 0xf7, 0x99, 0xf7, 0x79, 0xef, 0x79, 0xef,
    0x9a, 0xf7, 0x99, 0xf7, 0x99, 0xf7, 0x79, 0xef, 0x99, 0xf7, 0x99, 0xf7,
    0x9a, 0xef, 0x99, 0xf7, 0x99, 0xf7, 0x9a, 0xf7, 0x99, 0xf7, 0x9a, 0xf7,
    0x99, 0xf7, 0x9a, 0xf7, 0x99, 0xf7, 0x99, 0xf7, 0x99, 0xf7, 0x99, 0xf7,
    0x99, 0xf7, 0x79, 0xf7, 0x99, 0xf7, 0x9a, 0xf7, 0x99, 0xef, 0x99, 0xf7,
    0x99, 0xf7, 0x99, 0xf7, 0x99, 0xf7, 0x99, 0xf7, 0x99, 0xf7, 0x79, 0xf7,
    0x99, 0xf7, 0x99, 0xf7, 0x99, 0xf7, 0x99, 0xf7, 0x99, 0xef, 0x99, 0xf7,
    0x99, 0xf7, 0x99, 0xf7, 0x99, 0xf7, 0x79, 0xf7, 0x99, 0xf7, 0x99, 0xef,
    0x79, 0xf7, 0x99, 0xf7, 0x99, 0xf7, 0x99, 0xf7, 0x99, 0xf7, 0x99, 0xf7,
    0x99, 0xf7, 0x99, 0xef, 0x98, 0xf7, 0x99, 0xf7, 0x79, 0xef, 0x99, 0xf7,
    0x98, 0xf7, 0x79, 0xf7, 0x78, 0xef, 0x99, 0xf7, 0x79, 0xf7, 0x98, 0xef,
    0x78, 0xef, 0x78, 0xef, 0x79, 0xf7, 0x99, 0xef, 0x98, 0xf7, 0x79, 0xf7,
    0x78, 0xf7, 0x99, 0xf7, 0x78, 0xf7, 0x99, 0xef, 0x98, 0xef, 0x98, 0xf7,
    0x78, 0xf7, 0x78, 0xef, 0x78, 0xf7, 0x99, 0xf7, 0x78, 0xef, 0x78, 0xf7,
    0x98, 0xf7, 0x78, 0xef, 0x78, 0xf7, 0x98, 0xf7, 0x78, 0xef, 0x78, 0xef,
    0x78, 0xf7, 0x99, 0xef, 0x78, 0xef, 0x78, 0xf7, 0x98, 0xef, 0x78, 0xf7,
    0x78, 0xf7, 0x78, 0xef, 0x78, 0xef, 0x78, 0xef, 0x78, 0xf7, 0x78, 0xef,
    0x78, 0xf7, 0x78, 0xef, 0x78, 0xef, 0x77, 0xf7, 0x78, 0xef, 0x78, 0xef,
    0x58, 0xef, 0x78, 0xf7, 0x78, 0xef, 0x78, 0xef, 0x78, 0xf7, 0x78, 0xef,
    0x78, 0xef, 0x78, 0xef, 0x78, 0xf7, 0x57, 0xef, 0x78, 0xef, 0x78, 0xf7,
    0x78, 0xf7, 0x78, 0xf7, 0x78, 0xf7, 0x77, 0xef, 0x78, 0xf7, 0x78, 0xf7,
    0x78, 0xef, 0x78, 0xef, 0x78, 0xf7, 0x78, 0xef, 0x77, 0xf7, 0x78, 0xf7,
    0x78, 0xef, 0x78, 0xef, 0x78, 0xf7, 0x78, 0xef, 0x78, 0xf7, 0x78, 0xf7,
    0x78, 0xef, 0x78, 0xef, 0x78, 0xf7, 0x78, 0xef, 0x78, 0xf7, 0x78, 0xf7,
    0x78, 0xf7, 0x78, 0xef, 0x78, 0xf7, 0x98, 0xef, 0x78, 0xef, 0x78, 0xf7,
    0x98, 0xf7, 0x79, 0xef, 0x78, 0xf7, 0x98, 0xef, 0x78, 0xf7, 0x79, 0xf7,
    0x99, 0xef, 0x98, 0xf7, 0x78, 0xf7, 0x79, 0xef, 0x78, 0xef, 0x98, 0xf7,
    0x99, 0xf7, 0x79, 0xef, 0x99, 0xf7, 0x78, 0xef, 0x79, 0xf7, 0x98, 0xf7,
    0x79, 0xef, 0x79, 0xef, 0x98, 0xf7, 0x99, 0xf7, 0x99, 0xef, 0x78, 0xf7,
    0x99, 0xef, 0x78, 0xef, 0x99, 0xf7, 0x99, 0xf7, 0x79, 0xf7, 0x79, 0xf7,
    0x98, 0xf7, 0x99, 0xf7, 0x99, 0xf7, 0x99, 0xef, 0x99, 0xf7, 0x99, 0xf7,
    0x98, 0xef, 0x79, 0xf7, 0x79, 0xf7, 0x99, 0xf7, 0x99, 0xf7, 0x79, 0xf7,
    0x79, 0xf7, 0x99, 0xef, 0x99, 0xf7, 0x99, 0xf7, 0x99, 0xef, 0x99, 0xef,
    0x99, 0xf7, 0x79, 0xf7, 0x99, 0xf7, 0x79, 0xf7, 0x99, 0xef, 0x79, 0xf7,
    0x79, 0xf7, 0x79, 0xf7, 0x99, 0xf7, 0x99, 0xf7, 0x9a, 0xf7, 0x9a, 0xef,
    0x99, 0xf7, 0x9a, 0xf7, 0x99, 0xef, 0x99, 0xf7, 0x99, 0xf7, 0x9a, 0xf7,
    0x9a, 0xf7, 0x99, 0xf7, 0x9a, 0xf7, 0x99, 0xef, 0x9a, 0xf7, 0x99, 0xf7,
    0x99, 0xf7, 0x79, 0xf7, 0x9a, 0xf7, 0x79, 0xef, 0x78, 0xef, 0x9a, 0xf7,
    0x9a, 0xf7, 0x99, 0xf7, 0x9a, 0xf7, 0x9a, 0xf7, 0x99, 0xf7, 0x99, 0xf7,
    0x9a, 0xf7, 0x9a, 0xf7, 0x99, 0xef, 0x78, 0xef, 0xba, 0xf7, 0x99, 0xf7,
    0x9a, 0xf7, 0x9a, 0xf7, 0x9a, 0xf7, 0x9a, 0xf7, 0x99, 0xef, 0x79, 0xef,
    0x9a, 0xf7, 0x9a, 0xf7, 0x99, 0xf7, 0x79, 0xef, 0x9a, 0xf7, 0x99, 0xf7,
    0x9a, 0xf7, 0x99, 0xf7, 0x9a, 0xf7, 0x9a, 0xf7, 0x99, 0xf7, 0x99, 0xf7,
    0x9a, 0xf7, 0x99, 0xf7, 0x9a, 0xf7, 0x79, 0xef, 0x99, 0xf7, 0x9a, 0xf7,
    0x79, 0xf7, 0x99, 0xf7, 0x99, 0xf7, 0x99, 0xf7, 0x9a, 0xf7, 0x99, 0xf7,
    0x9a, 0xf7, 0x9a, 0xf7, 0x99, 0xf7, 0x9a, 0xf7, 0x99, 0xef, 0x99, 0xf7,
    0x79, 0xf7, 0x99, 0xef, 0x79, 0xf7, 0x99, 0xf7, 0x99, 0xf7, 0x79, 0xf7,
    0x99, 0xef, 0x99, 0xf7, 0x99, 0xef, 0x99, 0xf7, 0x99, 0xf7, 0x79, 0xf7,
    0x99, 0xf7, 0x99, 0xf7, 0x99, 0xef, 0x79, 0xf7, 0x99, 0xf7, 0x98, 0xef,
    0x79, 0xf7, 0x99, 0xf7, 0x99, 0xf7, 0x99, 0xf7, 0x99, 0xef, 0x98, 0xf7,
    0x99, 0xef, 0x99, 0xf7, 0x99, 0xf7, 0x79, 0xf7, 0x98, 0xef, 0x99, 0xf7,
    0x79, 0xf7, 0x78, 0xef, 0x98, 0xf7, 0x78, 0xef, 0x99, 0xf7, 0x99, 0xf7,
    0x78, 0xef, 0x98, 0xf7, 0x99, 0xf7, 0x79, 0xef, 0x78, 0xf7, 0x99, 0xef,
    0x79, 0xf7, 0x78, 0xef, 0x78, 0xef, 0x98, 0xf7, 0x78, 0xef, 0x78, 0xef,
    0x79, 0xf7, 0x78, 0xef, 0x79, 0xf7, 0x78, 0xef, 0x98, 0xf7, 0x78, 0xf7,
    0x78, 0xef, 0x78, 0xf7, 0x79, 0xf7, 0x78, 0xef, 0x78, 0xef, 0x78, 0xf7,
    0x78, 0xef, 0x78, 0xef, 0x78, 0xf7, 0x78, 0xf7, 0x78, 0xef, 0x78, 0xef,
    0x78, 0xf7, 0x78, 0xef, 0x78, 0xf7, 0x78, 0xef, 0x78, 0xef, 0x78, 0xef,
    0x78, 0xf7, 0x78, 0xef, 0x78, 0xef, 0x78, 0xf7, 0x78, 0xef, 0x78, 0xef,
    0x78, 0xef, 0x78, 0xef, 0x78, 0xef, 0x78, 0xef, 0x78, 0xef, 0x57, 0xef,
    0x78, 0xef, 0x78, 0xef, 0x78, 0xf7, 0x78, 0xef, 0x78, 0xef, 0x78, 0xf7,
    0x78, 0xef, 0x78, 0xef, 0x78, 0xf7, 0x78, 0xf7, 0x78, 0xef, 0x78, 0xef,
    0x78, 0xef, 0x78, 0xf7, 0x78, 0xef, 0x78, 0xef, 0x78, 0xf7, 0x78, 0xef,
    0x78, 0xf7, 0x98, 0xf7, 0x78, 0xef, 0x78, 0xef, 0x78, 0xf7, 0x78, 0xef,
    0x98, 0xef, 0x78, 0xf7, 0x78, 0xef, 0x78, 0xf7, 0x78, 0xf7, 0x78, 0xef,
    0x98, 0xef, 0x78, 0xf7, 0x79, 0xf7, 0x98, 0xef, 0x98, 0xef, 0x99, 0xf7,
    0x98, 0xef, 0x98, 0xef, 0x99, 0xf7, 0x79, 0xf7, 0x78, 0xef, 0x98, 0xef,
    0x78, 0xf7, 0x99, 0xf7, 0x78, 0xf7, 0x99, 0xf7, 0x79, 0xef, 0x99, 0xf7,
    0x98, 0xef, 0x99, 0xf7, 0x79, 0xf7, 0x79, 0xef, 0x98, 0xf7, 0x79, 0xf7,
    0x99, 0xf7, 0x78, 0xef, 0x78, 0xf7, 0x99, 0xf7, 0x79, 0xef, 0x99, 0xef,
    0x79, 0xef, 0x99, 0xf7, 0x79, 0xf7, 0x79, 0xef, 0x99, 0xf7, 0x99, 0xf7,
    0x99, 0xef, 0x99, 0xf7, 0x99, 0xf7, 0x99, 0xf7, 0x99, 0xef, 0x99, 0xf7,
    0x99, 0xf7, 0x99, 0xf7, 0x99, 0xf7, 0x99, 0xf7, 0x79, 0xf7, 0x99, 0xf7,
    0x99, 0xef, 0x99, 0xf7, 0x99, 0xf7, 0x79, 0xef, 0x99, 0xf7, 0x99, 0xf7,
    0x99, 0xef, 0x99, 0xf7, 0x79, 0xf7, 0x9a, 0xf7, 0x9a, 0xf7, 0x99, 0xf7,
    0x99, 0xef, 0x79, 0xf7, 0x9a, 0xf7, 0x99, 0xf7, 0x7a, 0xf7, 0x99, 0xf7,
    0x99, 0xf7, 0x9a, 0xf7, 0x99, 0xf7, 0x9a, 0xf7, 0x99, 0xf7, 0x99, 0xef,
    0x9a, 0xf7, 0x99, 0xf7, 0x9a, 0xf7, 0x79, 0xef, 0x79, 0xef, 0x9a, 0xf7,
    0x99, 0xf7, 0x9a, 0xf7, 0x9a, 0xf7, 0x99, 0xf7, 0x9a, 0xf7, 0x9a, 0xf7,
    0x99, 0xf7, 0x9a, 0xf7, 0x79, 0xf7, 0x78, 0xef, 0xba, 0xf7, 0x9a, 0xf7,
    0x99, 0xf7, 0x99, 0xf7, 0x99, 0xf7, 0x9a, 0xf7, 0x99, 0xef, 0x79, 0xf7,
    0x99, 0xf7, 0x9a, 0xf7, 0x99, 0xf7, 0x79, 0xf7, 0x9a, 0xf7, 0x99, 0xf7,
    0x99, 0xf7, 0x99, 0xf7, 0x9a, 0xf7, 0x9a, 0xf7, 0x99, 0xf7, 0x9a, 0xf7,
    0x99, 0xf7, 0x99, 0xf7, 0x9a, 0xf7, 0x99, 0xf7, 0x99, 0xf7, 0x9a, 0xf7,
    0x99, 0xef, 0x99, 0xf7, 0x99, 0xf7, 0x79, 0xf7, 0x99, 0xf7, 0x9a, 0xf7,
    0x99, 0xf7, 0x99, 0xef, 0x99, 0xf7, 0x99, 0xf7, 0x9a, 0xf7, 0x99, 0xf7,
    0x99, 0xef, 0x99, 0xf7, 0x79, 0xf7, 0x99, 0xf7, 0x99, 0xf7, 0x79, 0xf7,
    0x99, 0xf7, 0x99, 0xf7, 0x79, 0xf7, 0x99, 0xef, 0x99, 0xf7, 0x98, 0xf7,
    0x99, 0xef, 0x99, 0xf7, 0x78, 0xef, 0x99, 0xf7, 0x99, 0xf7, 0x79, 0xef,
    0x98, 0xf7, 0x79, 0xf7, 0x79, 0xef, 0x78, 0xf7, 0x79, 0xf7, 0x78, 0xef,
    0x99, 0xf7, 0x99, 0xf7, 0x99, 0xf7, 0x99, 0xef, 0x78, 0xf7, 0x98, 0xf7,
    0x99, 0xef, 0x98, 0xf7, 0x78, 0xef, 0x79, 0xef, 0x78, 0xf7, 0x99, 0xef,
    0x78, 0xef, 0x79, 0xf7, 0x98, 0xef, 0x78, 0xf7, 0x79, 0xf7, 0x79, 0xef,
    0x98, 0xf7, 0x79, 0xf7, 0x78, 0xef, 0x78, 0xef, 0x98, 0xf7, 0x99, 0xf7,
    0x78, 0xef, 0x98, 0xf7, 0x78, 0xef, 0x99, 0xef, 0x78, 0xf7, 0x78, 0xef,
    0x79, 0xef, 0x78, 0xf7, 0x98, 0xf7, 0x78, 0xef, 0x78, 0xf7, 0x78, 0xef,
    0x78, 0xf7, 0x78, 0xf7, 0x78, 0xef, 0x78, 0xef, 0x78, 0xf7, 0x78, 0xef,
    0x78, 0xef, 0x78, 0xf7, 0x78, 0xf7, 0x78, 0xef, 0x78, 0xf7, 0x58, 0xf7,
    0x78, 0xef, 0x78, 0xef, 0x78, 0xef, 0x78, 0xf7, 0x78, 0xef, 0x78, 0xef,
    0x78, 0xf7, 0x78, 0xf7, 0x78, 0xef, 0x78, 0xef, 0x77, 0xf7, 0x78, 0xef,
    0x78, 0xef, 0x78, 0xf7, 0x78, 0xef, 0x78, 0xef, 0x58, 0xf7, 0x78, 0xef,
    0x77, 0xef, 0x78, 0xf7, 0x78, 0xef, 0x78, 0xef, 0x78, 0xef, 0x78, 0xef,
    0x78, 0xf7, 0x78, 0xf7, 0x78, 0xef, 0x78, 0xf7, 0x98, 0xef, 0x78, 0xef,
    0x78, 0xef, 0x78, 0xf7, 0x78, 0xef, 0x78, 0xf7, 0x98, 0xf7, 0x78, 0xef,
    0x78, 0xf7, 0x98, 0xef, 0x78, 0xef, 0x78, 0xf7, 0x98, 0xf7, 0x79, 0xf7,
    0x78, 0xef, 0x78, 0xef, 0x78, 0xf7, 0x79, 0xf7, 0x78, 0xef, 0x78, 0xf7,
    0x79, 0xf7, 0x78, 0xef, 0x78, 0xf7, 0x79, 0xf7, 0x78, 0xef, 0x99, 0xf7,
    0x79, 0xef, 0x78, 0xef, 0x78, 0xef, 0x99, 0xf7, 0x99, 0xf7, 0x98, 0xef,
    0x79, 0xf7, 0x78, 0xf7, 0x99, 0xf7, 0x99, 0xef, 0x79, 0xf7, 0x99, 0xf7,
    0x99, 0xef, 0x79, 0xf7, 0x99, 0xf7, 0x79, 0xef, 0x98, 0xf7, 0x79, 0xf7,
    0x79, 0xef, 0x99, 0xf7, 0x99, 0xf7, 0x99, 0xf7, 0x79, 0xf7, 0x79, 0xf7,
    0x79, 0xf7, 0x99, 0xef, 0x99, 0xf7, 0x79, 0xef, 0x99, 0xf7, 0x79, 0xf7,
    0x99, 0xef, 0x99, 0xf7, 0x79, 0xf7, 0x99, 0xef, 0x79, 0xf7, 0x99, 0xf7,
    0x99, 0xf7, 0x99, 0xf7, 0x99, 0xef, 0x79, 0xf7, 0x79, 0xf7, 0x99, 0xf7,
    0x99, 0xf7, 0x99, 0xf7, 0x99, 0xf7, 0x9a, 0xef, 0x99, 0xf7, 0x9a, 0xf7,
    0x9a, 0xf7, 0x79, 0xef, 0x79, 0xef, 0x9a, 0xf7, 0x99, 0xf7, 0x79, 0xef,
    0x9a, 0xf7, 0x99, 0xf7, 0x99, 0xf7, 0x9a, 0xf7, 0x9a, 0xf7, 0x79, 0xf7,
    0x9a, 0xf7, 0x99, 0xf7, 0x9a, 0xf7, 0x99, 0xf7, 0x79, 0xef, 0x9a, 0xf7,
    0x99, 0xf7, 0x99, 0xf7, 0x9a, 0xf7, 0x9a, 0xf7, 0x9a, 0xf7, 0x9a, 0xf7,
    0x9a, 0xf7, 0x9a, 0xf7, 0x99, 0xef, 0x78, 0xef, 0xba, 0xf7, 0x9a, 0xf7,
    0x9a, 0xf7, 0x9a, 0xf7, 0x9a, 0xf7, 0x9a, 0xf7, 0x99, 0xf7, 0x79, 0xef,
    0x99, 0xf7, 0x9a, 0xf7, 0x99, 0xf7, 0x79, 0xef, 0x9a, 0xf7, 0x9a, 0xf7,
    0x9a, 0xf7, 0x99, 0xf7, 0x99, 0xf7, 0x99, 0xef, 0x99, 0xf7, 0x99, 0xef,
    0x9a, 0xf7, 0x99, 0xf7, 0x99, 0xf7, 0x9a, 0xf7, 0x99, 0xf7, 0x7a, 0xf7,
    0x9a, 0xf7, 0x99, 0xf7, 0x7a, 0xef, 0x99, 0xf7, 0x99, 0xf7, 0x7a, 0xef,
    0x99, 0xf7, 0x99, 0xf7, 0x9a, 0xf7, 0x99, 0xf7, 0x9a, 0xf7, 0x79, 0xf7,
    0x99, 0xf7, 0x99, 0xf7, 0x99, 0xf7, 0x99, 0xef, 0x99, 0xf7, 0x99, 0xf7,
    0x79, 0xf7, 0x99, 0xf7, 0x99, 0xf7, 0x79, 0xf7, 0x79, 0xf7, 0x99, 0xef,
    0x79, 0xf7, 0x99, 0xf7, 0x99, 0xf7, 0x79, 0xf7, 0x79, 0xf7, 0x99, 0xf7,
    0x79, 0xf7, 0x99, 0xf7, 0x98, 0xef, 0x79, 0xf7, 0x99, 0xf7, 0x79, 0xef,
    0x78, 0xf7, 0x79, 0xf7, 0x98, 0xef, 0x99, 0xf7, 0x79, 0xf7, 0x79, 0xef,
    0x78, 0xef, 0x79, 0xf7, 0x79, 0xf7, 0x98, 0xf7, 0x99, 0xf7, 0x78, 0xf7,
    0x99, 0xf7, 0x99, 0xef, 0x78, 0xf7, 0x98, 0xf7, 0x99, 0xef, 0x98, 0xf7,
    0x98, 0xef, 0x78, 0xf7, 0x79, 0xf7, 0x78, 0xef, 0x78, 0xef, 0x78, 0xf7,
    0x78, 0xef, 0x98, 0xf7, 0x78, 0xf7, 0x78, 0xef, 0x79, 0xf7, 0x78, 0xf7,
    0x78, 0xef, 0x98, 0xef, 0x78, 0xf7, 0x78, 0xef, 0x78, 0xef, 0x98, 0xf7,
    0x78, 0xef, 0x78, 0xf7, 0x78, 0xef, 0x78, 0xf7, 0x78, 0xef, 0x78, 0xf7,
    0x78, 0xf7, 0x78, 0xef, 0x78, 0xef, 0x78, 0xef, 0x78, 0xf7, 0x78, 0xef,
    0x78, 0xef, 0x78, 0xf7, 0x78, 0xf7, 0x78, 0xef, 0x78, 0xf7, 0x78, 0xef,
    0x78, 0xef, 0x78, 0xef, 0x78, 0xf7, 0x78, 0xf7, 0x78, 0xef, 0x78, 0xf7,
    0x78, 0xef, 0x78, 0xf7, 0x78, 0xef, 0x78, 0xef, 0x78, 0xf7, 0x78, 0xef,
    0x78, 0xef, 0x78, 0xf7, 0x78, 0xf7, 0x78, 0xef, 0x78, 0xf7, 0x77, 0xf7,
    0x78, 0xef, 0x78, 0xf7, 0x78, 0xef, 0x78, 0xf7, 0x78, 0xf7, 0x78, 0xf7,
    0x78, 0xef, 0x78, 0xef, 0x78, 0xf7, 0x78, 0xef, 0x78, 0xef, 0x98, 0xf7,
    0x78, 0xf7, 0x78, 0xef, 0x98, 0xf7, 0x78, 0xef, 0x78, 0xef, 0x99, 0xf7,
    0x78, 0xf7, 0x98, 0xef, 0x78, 0xef, 0x98, 0xf7, 0x99, 0xef, 0x78, 0xef,
    0x79, 0xf7, 0x99, 0xf7, 0x98, 0xef, 0x78, 0xef, 0x78, 0xf7, 0x98, 0xf7,
    0x79, 0xef, 0x98, 0xf7, 0x99, 0xf7, 0x79, 0xef, 0x78, 0xf7, 0x99, 0xf7,
    0x79, 0xef, 0x99, 0xf7, 0x98, 0xef, 0x78, 0xf7, 0x98, 0xf7, 0x79, 0xf7,
    0x99, 0xf7, 0x99, 0xf7, 0x99, 0xf7, 0x99, 0xef, 0x98, 0xf7, 0x99, 0xf7,
    0x99, 0xf7, 0x99, 0xf7, 0x99, 0xf7, 0x99, 0xef, 0x99, 0xf7, 0x99, 0xf7,
    0x99, 0xf7, 0x99, 0xf7, 0x99, 0xf7, 0x99, 0xf7, 0x79, 0xf7, 0x79, 0xf7,
    0x99, 0xf7, 0x99, 0xf7, 0x99, 0xf7, 0x99, 0xf7, 0x99, 0xf7, 0x99, 0xf7,
    0x79, 0xf7, 0x99, 0xf7, 0x99, 0xf7, 0x99, 0xf7, 0x99, 0xf7, 0x9a, 0xf7,
    0x99, 0xf7, 0x79, 0xf7, 0x9a, 0xf7, 0x99, 0xf7, 0x99, 0xf7, 0x99, 0xf7,
    0x9a, 0xf7, 0x99, 0xf7, 0x78, 0xef, 0x79, 0xef, 0x9a, 0xf7, 0x9a, 0xf7,
    0x9a, 0xf7, 0x99, 0xf7, 0x9a, 0xef, 0x99, 0xf7, 0x9a, 0xf7, 0x9a, 0xf7,
    0x99, 0xf7, 0x9a, 0xf7, 0x9a, 0xf7, 0x99, 0xf7, 0x79, 0xef, 0x9a, 0xf7,
    0x9a, 0xf7, 0x9a, 0xf7, 0x99, 0xf7, 0x9a, 0xf7, 0x99, 0xf7, 0x9a, 0xf7,
    0x9a, 0xf7, 0x9a, 0xf7, 0x99, 0xf7, 0x79, 0xef, 0x9a, 0xf7, 0x9a, 0xf7,
    0x9a, 0xf7, 0x9a, 0xf7, 0x9a, 0xf7, 0x9a, 0xf7, 0x99, 0xf7, 0x79, 0xef,
    0x9a, 0xf7, 0x99, 0xf7, 0x99, 0xf7, 0x79, 0xef, 0x9a, 0xf7, 0x9a, 0xf7,
    0x99, 0xf7, 0x99, 0xf7, 0x9a, 0xf7, 0x9a, 0xf7, 0x79, 0xef, 0x79, 0xf7,
    0x9a, 0xf7, 0x9a, 0xf7, 0x99, 0xf7, 0x99, 0xf7, 0x9a, 0xf7, 0x99, 0xf7,
    0x99, 0xf7, 0x99, 0xf7, 0x9a, 0xf7, 0x9a, 0xf7, 0x99, 0xf7, 0x78, 0xef,
    0x79, 0xef, 0x9a, 0xf7, 0x99, 0xf7, 0x9a, 0xf7, 0x99, 0xf7, 0x9a, 0xf7,
    0x99, 0xf7, 0x99, 0xf7, 0x9a, 0xf7, 0x79, 0xf7, 0x99, 0xf7, 0x99, 0xef,
    0x99, 0xf7, 0x99, 0xf7, 0x99, 0xf7, 0x99, 0xef, 0x79, 0xf7, 0x79, 0xf7,
    0x79, 0xf7, 0x99, 0xf7, 0x99, 0xef, 0x99, 0xf7, 0x99, 0xef, 0x99, 0xf7,
    0x99, 0xf7, 0x79, 0xef, 0x99, 0xf7, 0x99, 0xf7, 0x99, 0xf7, 0x99, 0xef,
    0x79, 0xf7, 0x99, 0xf7, 0x99, 0xef, 0x98, 0xf7, 0x99, 0xf7, 0x79, 0xf7,
    0x98, 0xf7, 0x79, 0xef, 0x78, 0xef, 0x98, 0xf7, 0x79, 0xef, 0x78, 0xf7,
    0x78, 0xef, 0x99, 0xf7, 0x79, 0xf7, 0x98, 0xef, 0x79, 0xf7, 0x78, 0xef,
    0x98, 0xf7, 0x78, 0xef, 0x78, 0xef, 0x99, 0xf7, 0x78, 0xf7, 0x78, 0xef,
    0x79, 0xef, 0x79, 0xf7, 0x78, 0xef, 0x78, 0xf7, 0x98, 0xf7, 0x99, 0xf7,
    0x78, 0xf7, 0x78, 0xef, 0x78, 0xef, 0x78, 0xf7, 0x78, 0xef, 0x78, 0xf7,
    0x78, 0xef, 0x78, 0xef, 0x78, 0xef, 0x78, 0xef, 0x78, 0xf7, 0x78, 0xef,
    0x78, 0xf7, 0x78, 0xef, 0x78, 0xef, 0x78, 0xf7, 0x78, 0xef, 0x78, 0xef,
    0x78, 0xf7, 0x78, 0xef, 0x78, 0xef, 0x78, 0xef, 0x78, 0xf7, 0x78, 0xef,
    0x78, 0xef, 0x78, 0xef, 0x78, 0xef, 0x78, 0xef, 0x78, 0xf7, 0x78, 0xef,
    0x78, 0xef, 0x78, 0xf7, 0x78, 0xef, 0x78, 0xef, 0x78, 0xf7, 0x78, 0xef,
    0x78, 0xef, 0x78, 0xef, 0x78, 0xef, 0x78, 0xef, 0x78, 0xf7, 0x78, 0xf7,
    0x78, 0xef, 0x78, 0xef, 0x78, 0xef, 0x78, 0xef, 0x78, 0xef, 0x78, 0xf7,
    0x78, 0xf7, 0x78, 0xef, 0x78, 0xf7, 0x78, 0xf7, 0x78, 0xef, 0x78, 0xef,
    0x78, 0xf7, 0x78, 0xef, 0x78, 0xf7, 0x98, 0xf7, 0x79, 0xef, 0x78, 0xf7,
    0x78, 0xf7, 0x78, 0xef, 0x99, 0xf7, 0x98, 0xf7, 0x78, 0xef, 0x99, 0xf7,
    0x98, 0xf7, 0x78, 0xef, 0x99, 0xef, 0x78, 0xf7, 0x79, 0xef, 0x78, 0xef,
    0x78, 0xf7, 0x99, 0xf7, 0x99, 0xf7, 0x78, 0xef, 0x98, 0xf7, 0x79, 0xf7,
    0x98, 0xef, 0x99, 0xf7, 0x79, 0xf7, 0x99, 0xf7, 0x99, 0xef, 0x98, 0xf7,
    0x99, 0xef, 0x99, 0xf7, 0x98, 0xf7, 0x99, 0xf7, 0x79, 0xef, 0x98, 0xf7,
    0x99, 0xf7, 0x99, 0xf7, 0x79, 0xf7, 0x99, 0xf7, 0x99, 0xf7, 0x99, 0xf7,
    0x99, 0xf7, 0x79, 0xef, 0x79, 0xf7, 0x99, 0xf7, 0x99, 0xf7, 0x99, 0xf7,
    0x99, 0xf7, 0x79, 0xf7, 0x99, 0xf7, 0x79, 0xf7, 0x99, 0xf7, 0x99, 0xef,
    0x99, 0xf7, 0x79, 0xf7, 0x99, 0xf7, 0x99, 0xef, 0x99, 0xef, 0x9a, 0xf7,
    0x99, 0xf7, 0x9a, 0xef, 0x99, 0xf7, 0x99, 0xf7, 0x9a, 0xf7, 0x99, 0xf7,
    0x99, 0xf7, 0x9a, 0xf7, 0x9a, 0xf7, 0x58, 0xef, 0x79, 0xef, 0x99, 0xf7,
    0x99, 0xf7, 0x9a, 0xf7, 0x9a, 0xf7, 0x99, 0xf7, 0x99, 0xf7, 0x9a, 0xef,
    0x99, 0xf7, 0x99, 0xf7, 0x9a, 0xf7, 0x79, 0xef, 0x79, 0xef, 0x9a, 0xf7,
    0x99, 0xf7, 0x9a, 0xf7, 0x9a, 0xf7, 0xba, 0xf7, 0x99, 0xf7, 0x9a, 0xf7,
    0xba, 0xf7, 0x9a, 0xf7, 0x79, 0xf7, 0x79, 0xef, 0xba, 0xf7, 0x9a, 0xf7,
    0x99, 0xf7, 0xb9, 0xf7, 0x9a, 0xf7, 0x9a, 0xf7, 0x99, 0xef, 0x99, 0xf7,
    0x9a, 0xf7, 0x9a, 0xf7, 0x9a, 0xf7, 0x99, 0xef, 0x9a, 0xf7, 0x9a, 0xf7,
    0x99, 0xf7, 0x99, 0xf7, 0x9a, 0xf7, 0x9a, 0xf7, 0x99, 0xef, 0x9a, 0xf7,
    0x99, 0xf7, 0x99, 0xf7, 0x9a, 0xef, 0x99, 0xf7, 0x99, 0xf7, 0x9a, 0xf7,
    0x99, 0xf7, 0x9a, 0xf7, 0x99, 0xf7, 0x9a, 0xf7, 0x59, 0xef, 0x58, 0xef,
    0x9a, 0xf7, 0x9a, 0xf7, 0x99, 0xf7, 0x99, 0xf7, 0x9a, 0xef, 0x99, 0xf7,
    0x99, 0xf7, 0x9a, 0xf7, 0x99, 0xf7, 0x99, 0xf7, 0x79, 0xf7, 0x99, 0xef,
    0x99, 0xf7, 0x99, 0xf7, 0x79, 0xef, 0x99, 0xf7, 0x99, 0xf7, 0x99, 0xf7,
    0x99, 0xf7, 0x79, 0xf7, 0x79, 0xef, 0x78, 0xf7, 0x79, 0xf7, 0x79, 0xef,
    0x99, 0xf7, 0x79, 0xf7, 0x78, 0xf7, 0x78, 0xef, 0x79, 0xef, 0x98, 0xf7,
    0x99, 0xf7, 0x79, 0xef, 0x99, 0xf7, 0x99, 0xef, 0x79, 0xf7, 0x99, 0xef,
    0x98, 0xf7, 0x99, 0xf7, 0x79, 0xf7, 0x98, 0xef, 0x99, 0xf7, 0x79, 0xef,
    0x98, 0xf7, 0x78, 0xf7, 0x98, 0xef, 0x79, 0xf7, 0x99, 0xef, 0x78, 0xf7,
    0x99, 0xf7, 0x78, 0xef, 0x78, 0xef, 0x98, 0xf7, 0x79, 0xf7, 0x98, 0xef,
    0x98, 0xef, 0x78, 0xf7, 0x79, 0xf7, 0x98, 0xef, 0x79, 0xef, 0x98, 0xf7,
    0x98, 0xf7, 0x78, 0xef, 0x78, 0xf7, 0x78, 0xef, 0x78, 0xef, 0x79, 0xef,
    0x78, 0xf7, 0x78, 0xef, 0x78, 0xf7, 0x78, 0xef, 0x78, 0xf7, 0x78, 0xef,
    0x78, 0xef, 0x78, 0xf7, 0x78, 0xf7, 0x78, 0xf7, 0x78, 0xef, 0x78, 0xef,
    0x78, 0xf7, 0x78, 0xef, 0x78, 0xef, 0x78, 0xef, 0x78, 0xef, 0x78, 0xf7,
    0x78, 0xf7, 0x78, 0xef, 0x78, 0xf7, 0x78, 0xef, 0x78, 0xf7, 0x78, 0xef,
    0x78, 0xef, 0x78, 0xf7, 0x78, 0xef, 0x78, 0xf7, 0x78, 0xef, 0x58, 0xf7,
    0x78, 0xf7, 0x78, 0xef, 0x78, 0xf7, 0x78, 0xef, 0x78, 0xef, 0x78, 0xef,
    0x78, 0xf7, 0x78, 0xf7, 0x78, 0xf7, 0x78, 0xef, 0x78, 0xef, 0x78, 0xef,
    0x78, 0xef, 0x78, 0xef, 0x98, 0xef, 0x78, 0xf7, 0x78, 0xef, 0x78, 0xef,
    0x78, 0xf7, 0x99, 0xef, 0x78, 0xef, 0x78, 0xf7, 0x78, 0xef, 0x98, 0xef,
    0x78, 0xf7, 0x79, 0xef, 0x78, 0xf7, 0x78, 0xf7, 0x78, 0xef, 0x98, 0xef,
    0x78, 0xf7, 0x78, 0xef, 0x79, 0xef, 0x78, 0xf7, 0x79, 0xf7, 0x99, 0xef,
    0x98, 0xf7, 0x79, 0xf7, 0x79, 0xf7, 0x98, 0xef, 0x79, 0xf7, 0x99, 0xf7,
    0x79, 0xef, 0x79, 0xf7, 0x79, 0xf7, 0x98, 0xef, 0x79, 0xf7, 0x99, 0xf7,
    0x79, 0xf7, 0x79, 0xf7, 0x99, 0xef, 0x99, 0xf7, 0x79, 0xf7, 0x99, 0xef,
    0x79, 0xf7, 0x58, 0xef, 0x57, 0xe7, 0x79, 0xef, 0x99, 0xf7, 0x99, 0xf7,
    0x99, 0xef, 0x99, 0xf7, 0x99, 0xf7, 0x99, 0xef, 0x99, 0xf7, 0x99, 0xf7,
    0x79, 0xef, 0x99, 0xf7, 0x99, 0xef, 0x99, 0xf7, 0x79, 0xf7, 0x99, 0xf7,
    0x99, 0xf7, 0x99, 0xf7, 0x7a, 0xf7, 0x99, 0xf7, 0x7a, 0xf7, 0x79, 0xf7,
    0x99, 0xf7, 0x99, 0xf7, 0x99, 0xf7, 0x9a, 0xf7, 0x7a, 0xef, 0x99, 0xf7,
    0x9a, 0xf7, 0x99, 0xf7, 0x9a, 0xf7, 0x9a, 0xf7, 0x58, 0xef, 0x99, 0xf7,
    0x9a, 0xf7, 0x99, 0xf7, 0x9a, 0xf7, 0x99, 0xf7, 0x9a, 0xf7, 0x99, 0xf7,
    0x9a, 0xf7, 0x9a, 0xf7, 0x9a, 0xf7, 0x79, 0xef, 0x78, 0xf7, 0x9a, 0xf7,
    0xba, 0xf7, 0x9a, 0xf7, 0x9a, 0xf7, 0xba, 0xf7, 0x9a, 0xf7, 0x99, 0xf7,
    0x9a, 0xf7, 0x9a, 0xf7, 0x99, 0xef, 0x78, 0xef, 0xba, 0xf7, 0x9a, 0xf7,
    0x9a, 0xf7, 0x9a, 0xf7, 0xba, 0xf7, 0x9a, 0xf7, 0x79, 0xef, 0x99, 0xf7,
    0x9a, 0xf7, 0x9a, 0xf7, 0x99, 0xf7, 0x99, 0xf7, 0x9a, 0xf7, 0x99, 0xf7,
    0x9a, 0xf7, 0x9a, 0xf7, 0x9a, 0xf7, 0x99, 0xf7, 0x99, 0xf7, 0x9a, 0xf7,
    0x99, 0xf7, 0x99, 0xf7, 0x9a, 0xf7, 0x99, 0xf7, 0x99, 0xf7, 0x9a, 0xef,
    0x9a, 0xf7, 0x9a, 0xf7, 0x9a, 0xf7, 0x58, 0xef, 0x58, 0xef, 0x9a, 0xf7,
    0x99, 0xf7, 0x99, 0xf7, 0x9a, 0xf7, 0x99, 0xf7, 0x99, 0xf7, 0x9a, 0xf7,
    0x99, 0xf7, 0x99, 0xef, 0x99, 0xf7, 0x99, 0xf7, 0x99, 0xf7, 0x99, 0xf7,
    0x9a, 0xf7, 0x78, 0xef, 0x58, 0xef, 0x78, 0xef, 0x9a, 0xf7, 0x99, 0xef,
    0x99, 0xf7, 0x99, 0xf7, 0x99, 0xf7, 0x99, 0xf7, 0x79, 0xf7, 0x99, 0xf7,
    0x99, 0xef, 0x99, 0xf7, 0x99, 0xf7, 0x79, 0xf7, 0x79, 0xef, 0x98, 0xf7,
    0x98, 0xf7, 0x79, 0xf7, 0x98, 0xf7, 0x79, 0xf7, 0x99, 0xf7, 0x98, 0xef,
    0x79, 0xef, 0x79, 0xf7, 0x98, 0xf7, 0x79, 0xf7, 0x98, 0xef, 0x99, 0xf7,
    0x79, 0xf7, 0x98, 0xef, 0x78, 0xef, 0x99, 0xf7, 0x98, 0xf7, 0x78, 0xef,
    0x99, 0xf7, 0x99, 0xf7, 0x78, 0xef, 0x78, 0xef, 0x78, 0xef, 0x78, 0xf7,
    0x78, 0xf7, 0x78, 0xef, 0x98, 0xef, 0x98, 0xf7, 0x79, 0xf7, 0x79, 0xef,
    0x78, 0xef, 0x78, 0xf7, 0x79, 0xf7, 0x78, 0xf7, 0x78, 0xef, 0x78, 0xef,
    0x78, 0xf7, 0x78, 0xf7, 0x78, 0xef, 0x78, 0xf7, 0x78, 0xf7, 0x78, 0xef,
    0x78, 0xf7, 0x78, 0xef, 0x78, 0xef, 0x78, 0xef, 0x78, 0xf7, 0x78, 0xef,
    0x78, 0xef, 0x78, 0xf7, 0x78, 0xef, 0x58, 0xf7, 0x78, 0xef, 0x78, 0xef,
    0x78, 0xef, 0x78, 0xf7, 0x78, 0xef, 0x78, 0xf7, 0x78, 0xf7, 0x78, 0xef,
    0x78, 0xf7, 0x78, 0xef, 0x78, 0xf7, 0x78, 0xef, 0x78, 0xef, 0x78, 0xef,
    0x78, 0xf7, 0x78, 0xef, 0x58, 0xf7, 0x78, 0xef, 0x78, 0xef, 0x78, 0xf7,
    0x78, 0xef, 0x78, 0xef, 0x78, 0xf7, 0x78, 0xf7, 0x78, 0xf7, 0x78, 0xf7,
    0x78, 0xf7, 0x78, 0xf7, 0x78, 0xef, 0x78, 0xf7, 0x98, 0xf7, 0x78, 0xef,
    0x78, 0xf7, 0x79, 0xf7, 0x98, 0xf7, 0x78, 0xef, 0x98, 0xf7, 0x79, 0xf7,
    0x78, 0xf7, 0x98, 0xef, 0x78, 0xef, 0x78, 0xf7, 0x79, 0xef, 0x78, 0xf7,
    0x78, 0xf7, 0x78, 0xef, 0x79, 0xf7, 0x98, 0xf7, 0x78, 0xef, 0x99, 0xef,
    0x78, 0xf7, 0x79, 0xef, 0x99, 0xef, 0x78, 0xf7, 0x99, 0xef, 0x79, 0xf7,
    0x98, 0xf7, 0x98, 0xef, 0x99, 0xf7, 0x78, 0xef, 0x99, 0xf7, 0x99, 0xf7,
    0x78, 0xef, 0x99, 0xf7, 0x99, 0xf7, 0x79, 0xf7, 0x99, 0xf7, 0x99, 0xf7,
    0x78, 0xef, 0x78, 0xef, 0x78, 0xef, 0x58, 0xef, 0x79, 0xef, 0x79, 0xef,
    0x79, 0xf7, 0x79, 0xf7, 0x79, 0xef, 0x99, 0xf7, 0x79, 0xf7, 0x79, 0xef,
    0x99, 0xf7, 0x99, 0xf7, 0x99, 0xf7, 0x99, 0xef, 0x99, 0xf7, 0x99, 0xf7,
    0x99, 0xf7, 0x99, 0xef, 0x99, 0xf7, 0x99, 0xf7, 0x9a, 0xf7, 0x99, 0xf7,
    0x7a, 0xf7, 0x9a, 0xf7, 0x99, 0xf7, 0x99, 0xf7, 0x99, 0xf7, 0x9a, 0xf7,
    0x9a, 0xf7, 0x99, 0xf7, 0x99, 0xf7, 0x9a, 0xf7, 0x78, 0xef, 0x79, 0xf7,
    0x9a, 0xf7, 0x9a, 0xf7, 0x99, 0xf7, 0x9a, 0xf7, 0x99, 0xf7, 0x9a, 0xf7,
    0x9a, 0xf7, 0x9a, 0xf7, 0x9a, 0xf7, 0x99, 0xf7, 0x79, 0xef, 0xba, 0xf7,
    0x9a, 0xf7, 0x99, 0xf7, 0x9a, 0xf7, 0x9a, 0xf7, 0x9a, 0xf7, 0xba, 0xf7,
    0x9a, 0xf7, 0x9a, 0xf7, 0x99, 0xf7, 0x58, 0xef, 0x9a, 0xf7, 0x9a, 0xf7,
    0x9a, 0xf7, 0x99, 0xf7, 0xba, 0xf7, 0x99, 0xf7, 0x79, 0xef, 0x9a, 0xf7,
    0x99, 0xf7, 0x9a, 0xf7, 0x9a, 0xf7, 0x99, 0xef, 0x9a, 0xf7, 0x99, 0xf7,
    0x99, 0xf7, 0x9a, 0xef, 0x9a, 0xf7, 0x9a, 0xf7, 0x99, 0xef, 0x9a, 0xf7,
    0x9a, 0xf7, 0x99, 0xf7, 0x9a, 0xf7, 0x9a, 0xf7, 0x9a, 0xf7, 0x9a, 0xf7,
    0x9a, 0xf7, 0x9a, 0xf7, 0x79, 0xef, 0x58, 0xe7, 0x9a, 0xf7, 0x99, 0xf7,
    0x9a, 0xf7, 0x99, 0xf7, 0x99, 0xf7, 0x9a, 0xf7, 0x99, 0xf7, 0x99, 0xf7,
    0x9a, 0xf7, 0x99, 0xf7, 0x99, 0xf7, 0x9a, 0xf7, 0x9a, 0xf7, 0x99, 0xf7,
    0x99, 0xf7, 0x58, 0xef, 0x99, 0xf7, 0x58, 0xef, 0x99, 0xf7, 0x99, 0xf7,
    0x99, 0xef, 0x99, 0xf7, 0x79, 0xf7, 0x99, 0xef, 0x99, 0xf7, 0x78, 0xf7,
    0x78, 0xf7, 0x99, 0xef, 0x99, 0xf7, 0x79, 0xf7, 0x99, 0xf7, 0x99, 0xf7,
    0x99, 0xef, 0x98, 0xf7, 0x99, 0xf7, 0x99, 0xf7, 0x98, 0xf7, 0x79, 0xf7,
    0x79, 0xef, 0x98, 0xf7, 0x79, 0xef, 0x79, 0xf7, 0x78, 0xf7, 0x99, 0xef,
    0x79, 0xf7, 0x79, 0xf7, 0x98, 0xf7, 0x79, 0xf7, 0x78, 0xef, 0x98, 0xef,
    0x79, 0xf7, 0x98, 0xf7, 0x99, 0xf7, 0x78, 0xef, 0x78, 0xef, 0x79, 0xf7,
    0x79, 0xef, 0x78, 0xef, 0x78, 0xf7, 0x78, 0xf7, 0x98, 0xf7, 0x99, 0xef,
    0x98, 0xf7, 0x78, 0xef, 0x78, 0xef, 0x98, 0xf7, 0x78, 0xf7, 0x78, 0xef,
    0x78, 0xef, 0x78, 0xef, 0x78, 0xf7, 0x78, 0xef, 0x78, 0xef, 0x78, 0xf7,
    0x78, 0xf7, 0x78, 0xef, 0x78, 0xef, 0x78, 0xf7, 0x78, 0xef, 0x78, 0xf7,
    0x78, 0xef, 0x78, 0xf7, 0x78, 0xef, 0x78, 0xf7, 0x78, 0xef, 0x78, 0xef,
    0x78, 0xef, 0x78, 0xef, 0x78, 0xef, 0x78, 0xef, 0x78, 0xf7, 0x78, 0xef,
    0x78, 0xef, 0x78, 0xf7, 0x78, 0xef, 0x78, 0xf7, 0x78, 0xef, 0x78, 0xef,
    0x78, 0xef, 0x78, 0xef, 0x78, 0xf7, 0x78, 0xef, 0x78, 0xf7, 0x78, 0xef,
    0x78, 0xef, 0x78, 0xef, 0x98, 0xef, 0x78, 0xf7, 0x98, 0xef, 0x78, 0xef,
    0x78, 0xf7, 0x78, 0xef, 0x78, 0xef, 0x79, 0xf7, 0x78, 0xef, 0x78, 0xef,
    0x78, 0xf7, 0x98, 0xf7, 0x79, 0xef, 0x98, 0xef, 0x78, 0xf7, 0x79, 0xf7,
    0x78, 0xef, 0x78, 0xef, 0x99, 0xf7, 0x78, 0xef, 0x99, 0xf7, 0x79, 0xef,
    0x78, 0xef, 0x99, 0xf7, 0x98, 0xf7, 0x99, 0xf7, 0x78, 0xef, 0x78, 0xf7,
    0x99, 0xf7, 0x98, 0xf7, 0x78, 0xf7, 0x99, 0xf7, 0x79, 0xef, 0x98, 0xf7,
    0x79, 0xf7, 0x99, 0xef, 0x79, 0xf7, 0x79, 0xf7, 0x99, 0xf7, 0x99, 0xef,
    0x99, 0xf7, 0x98, 0xf7, 0x79, 0xf7, 0x99, 0xef, 0x99, 0xf7, 0x99, 0xf7,
    0x99, 0xf7, 0x57, 0xef, 0x58, 0xef, 0x99, 0xf7, 0x99, 0xf7, 0x99, 0xf7,
    0x99, 0xf7, 0x99, 0xf7, 0x99, 0xf7, 0x79, 0xef, 0x99, 0xf7, 0x99, 0xf7,
    0x99, 0xf7, 0x79, 0xf7, 0x99, 0xf7, 0x99, 0xf7, 0x79, 0xf7, 0x9a, 0xf7,
    0x99, 0xf7, 0x9a, 0xf7, 0x79, 0xf7, 0x99, 0xef, 0x9a, 0xf7, 0x99, 0xf7,
    0x99, 0xef, 0x7a, 0xf7, 0x9a, 0xf7, 0x99, 0xef, 0x9a, 0xf7, 0x99, 0xf7,
    0x9a, 0xf7, 0x9a, 0xf7, 0x99, 0xef, 0x9a, 0xf7, 0x79, 0xef, 0x99, 0xef,
    0x9a, 0xf7, 0x9a, 0xf7, 0x99, 0xef, 0x9a, 0xf7, 0x9a, 0xf7, 0x99, 0xf7,
    0x99, 0xf7, 0x99, 0xf7, 0x9a, 0xf7, 0x79, 0xef, 0x79, 0xef, 0x9a, 0xf7,
    0x9a, 0xf7, 0xba, 0xf7, 0x9a, 0xf7, 0x9a, 0xf7, 0x99, 0xf7, 0xba, 0xf7,
    0x9a, 0xf7, 0xba, 0xf7, 0x79, 0xf7, 0x58, 0xef, 0xba, 0xf7, 0x9a, 0xf7,
    0x9a, 0xf7, 0x9a, 0xf7, 0x99, 0xf7, 0x78, 0xef, 0x9a, 0xf7, 0x9a, 0xf7,
    0xba, 0xf7, 0x9a, 0xf7, 0x9a, 0xf7, 0x99, 0xf7, 0x9a, 0xf7, 0x9a, 0xf7,
    0x99, 0xf7, 0x9a, 0xf7, 0x9a, 0xf7, 0x9a, 0xf7, 0x99, 0xf7, 0x99, 0xf7,
    0x9a, 0xf7, 0x99, 0xef, 0x99, 0xf7, 0x9a, 0xf7, 0x99, 0xf7, 0x9a, 0xf7,
    0x9a, 0xf7, 0x78, 0xef, 0x57, 0xe7, 0x9a, 0xf7, 0x99, 0xf7, 0x99, 0xf7,
    0x9a, 0xf7, 0x9a, 0xf7, 0x9a, 0xf7, 0x99, 0xf7, 0x9a, 0xef, 0x9a, 0xf7,
    0x99, 0xf7, 0x9a, 0xf7, 0x99, 0xf7, 0x99, 0xf7, 0x9a, 0xf7, 0x99, 0xf7,
    0x99, 0xf7, 0x58, 0xef, 0x58, 0xef, 0x79, 0xef, 0x99, 0xf7, 0x99, 0xf7,
    0x79, 0xf7, 0x99, 0xf7, 0x79, 0xef, 0x79, 0xf7, 0x98, 0xf7, 0x79, 0xef,
    0x79, 0xf7, 0x98, 0xf7, 0x78, 0xef, 0x99, 0xf7, 0x99, 0xef, 0x79, 0xf7,
    0x79, 0xf7, 0x79, 0xef, 0x99, 0xf7, 0x99, 0xef, 0x98, 0xf7, 0x79, 0xf7,
    0x98, 0xf7, 0x99, 0xf7, 0x99, 0xef, 0x98, 0xf7, 0x78, 0xf7, 0x98, 0xef,
    0x98, 0xef, 0x79, 0xf7, 0x98, 0xef, 0x98, 0xf7, 0x79, 0xf7, 0x99, 0xf7,
    0x99, 0xef, 0x78, 0xf7, 0x99, 0xef, 0x79, 0xf7, 0x78, 0xf7, 0x98, 0xef,
    0x98, 0xef, 0x79, 0xf7, 0x78, 0xef, 0x78, 0xef, 0x98, 0xf7, 0x78, 0xef,
    0x78, 0xf7, 0x79, 0xf7, 0x78, 0xef, 0x78, 0xef, 0x78, 0xef, 0x78, 0xf7,
    0x98, 0xf7, 0x78, 0xef, 0x78, 0xef, 0x78, 0xef, 0x78, 0xef, 0x78, 0xef,
    0x78, 0xf7, 0x78, 0xef, 0x78, 0xf7, 0x78, 0xef, 0x78, 0xef, 0x78, 0xf7,
    0x78, 0xef, 0x78, 0xef, 0x78, 0xef, 0x78, 0xef, 0x78, 0xf7, 0x78, 0xef,
    0x78, 0xef, 0x78, 0xf7, 0x78, 0xf7, 0x78, 0xef, 0x78, 0xef, 0x78, 0xf7,
    0x78, 0xef, 0x78, 0xef, 0x78, 0xf7, 0x78, 0xef, 0x78, 0xf7, 0x78, 0xf7,
    0x78, 0xef, 0x78, 0xf7, 0x78, 0xef, 0x78, 0xef, 0x78, 0xf7, 0x78, 0xf7,
    0x78, 0xef, 0x78, 0xf7, 0x78, 0xf7, 0x98, 0xef, 0x98, 0xf7, 0x78, 0xf7,
    0x78, 0xef, 0x78, 0xef, 0x78, 0xf7, 0x78, 0xf7, 0x78, 0xef, 0x98, 0xf7,
    0x79, 0xef, 0x78, 0xef, 0x78, 0xf7, 0x78, 0xf7, 0x99, 0xef, 0x78, 0xef,
    0x98, 0xf7, 0x99, 0xf7, 0x98, 0xef, 0x78, 0xf7, 0x78, 0xf7, 0x98, 0xf7,
    0x99, 0xef, 0x78, 0xf7, 0x98, 0xef, 0x79, 0xf7, 0x79, 0xef, 0x99, 0xf7,
    0x79, 0xf7, 0x79, 0xef, 0x98, 0xf7, 0x79, 0xef, 0x99, 0xf7, 0x78, 0xef,
    0x99, 0xf7, 0x79, 0xf7, 0x98, 0xf7, 0x99, 0xf7, 0x79, 0xef, 0x99, 0xf7,
    0x79, 0xf7, 0x79, 0xf7, 0x98, 0xef, 0x99, 0xf7, 0x99, 0xf7, 0x79, 0xef,
    0x99, 0xf7, 0x99, 0xf7, 0x99, 0xef, 0x99, 0xf7, 0x79, 0xf7, 0x99, 0xf7,
    0x99, 0xef, 0x99, 0xf7, 0x99, 0xf7, 0x99, 0xf7, 0x79, 0xef, 0x99, 0xf7,
    0x99, 0xf7, 0x99, 0xef, 0x79, 0xf7, 0x9a, 0xf7, 0x99, 0xef, 0x99, 0xf7,
    0x99, 0xf7, 0x99, 0xf7, 0x9a, 0xf7, 0x79, 0xf7, 0x99, 0xf7, 0x9a, 0xf7,
    0x99, 0xf7, 0x99, 0xf7, 0x9a, 0xf7, 0x9a, 0xf7, 0x99, 0xf7, 0x99, 0xf7,
    0x9a, 0xf7, 0x9a, 0xf7, 0x9a, 0xf7, 0x9a, 0xf7, 0x79, 0xef, 0x99, 0xf7,
    0x9a, 0xf7, 0x9a, 0xf7, 0x99, 0xf7, 0x99, 0xf7, 0x9a, 0xf7, 0x9a, 0xf7,
    0x9a, 0xf7, 0x9a, 0xf7, 0x99, 0xf7, 0x78, 0xef, 0x9a, 0xf7, 0x9a, 0xf7,
    0x99, 0xf7, 0x9a, 0xf7, 0xba, 0xf7, 0x9a, 0xf7, 0x9a, 0xf7, 0x9a, 0xf7,
    0x9a, 0xf7, 0x9a, 0xf7, 0x58, 0xef, 0x9a, 0xf7, 0x9a, 0xf7, 0xba, 0xf7,
    0x9a, 0xf7, 0x9a, 0xf7, 0x79, 0xef, 0x9a, 0xf7, 0xba, 0xf7, 0xba, 0xf7,
    0x9a, 0xf7, 0xba, 0xf7, 0x9a, 0xf7, 0x9a, 0xf7, 0x9a, 0xf7, 0x9a, 0xf7,
    0x9a, 0xf7, 0x99, 0xf7, 0x99, 0xf7, 0x9a, 0xf7, 0x99, 0xf7, 0x9a, 0xf7,
    0x9a, 0xf7, 0x9a, 0xf7, 0x9a, 0xf7, 0x99, 0xf7, 0x99, 0xef, 0x99, 0xf7,
    0x9a, 0xf7, 0x58, 0xef, 0x9a, 0xf7, 0x9a, 0xf7, 0x99, 0xf7, 0x9a, 0xf7,
    0x99, 0xf7, 0x99, 0xf7, 0x9a, 0xf7, 0x99, 0xf7, 0x9a, 0xf7, 0x99, 0xf7,
    0x9a, 0xf7, 0x9a, 0xef, 0x99, 0xf7, 0x99, 0xf7, 0x9a, 0xef, 0x99, 0xf7,
    0x79, 0xef, 0x99, 0xf7, 0x9a, 0xf7, 0x9a, 0xf7, 0x99, 0xef, 0x99, 0xf7,
    0x79, 0xf7, 0x99, 0xf7, 0x99, 0xf7, 0x79, 0xf7, 0x99, 0xf7, 0x99, 0xef,
    0x99, 0xf7, 0x99, 0xf7, 0x79, 0xf7, 0x99, 0xf7, 0x79, 0xf7, 0x98, 0xf7,
    0x79, 0xf7, 0x79, 0xf7, 0x99, 0xf7, 0x99, 0xef, 0x78, 0xf7, 0x79, 0xef,
    0x99, 0xf7, 0x78, 0xf7, 0x79, 0xef, 0x99, 0xf7, 0x99, 0xf7, 0x79, 0xef,
    0x79, 0xf7, 0x99, 0xf7, 0x78, 0xef, 0x79, 0xef, 0x98, 0xf7, 0x79, 0xf7,
    0x78, 0xef, 0x79, 0xf7, 0x78, 0xef, 0x78, 0xef, 0x79, 0xf7, 0x78, 0xf7,
    0x78, 0xf7, 0x98, 0xf7, 0x79, 0xef, 0x78, 0xf7, 0x79, 0xf7, 0x98, 0xef,
    0x78, 0xef, 0x98, 0xf7, 0x78, 0xf7, 0x78, 0xef, 0x78, 0xf7, 0x78, 0xf7,
    0x78, 0xef, 0x78, 0xf7, 0x78, 0xf7, 0x78, 0xf7, 0x78, 0xef, 0x78, 0xf7,
    0x78, 0xef, 0x98, 0xf7, 0x78, 0xef, 0x78, 0xef, 0x78, 0xf7, 0x78, 0xef,
    0x78, 0xef, 0x78, 0xef, 0x78, 0xf7, 0x78, 0xef, 0x78, 0xf7, 0x58, 0xef,
    0x78, 0xef, 0x78, 0xf7, 0x78, 0xf7, 0x78, 0xef, 0x78, 0xef, 0x78, 0xf7,
    0x78, 0xf7, 0x78, 0xef, 0x78, 0xef, 0x78, 0xef, 0x78, 0xef, 0x78, 0xf7,
    0x78, 0xef, 0x58, 0xef, 0x78, 0xf7, 0x78, 0xef, 0x78, 0xef, 0x78, 0xef,
    0x78, 0xf7, 0x78, 0xef, 0x78, 0xf7, 0x78, 0xef, 0x78, 0xf7, 0x78, 0xf7,
    0x78, 0xef, 0x98, 0xf7, 0x78, 0xf7, 0x79, 0xef, 0x98, 0xf7, 0x78, 0xf7,
    0x79, 0xf7, 0x98, 0xef, 0x78, 0xf7, 0x78, 0xef, 0x79, 0xf7, 0x98, 0xf7,
    0x98, 0xf7, 0x99, 0xf7, 0x79, 0xef, 0x98, 0xf7, 0x98, 0xef, 0x79, 0xef,
    0x79, 0xf7, 0x98, 0xef, 0x79, 0xf7, 0x78, 0xf7, 0x99, 0xef, 0x78, 0xf7,
    0x99, 0xef, 0x79, 0xef, 0x98, 0xf7, 0x99, 0xf7, 0x79, 0xef, 0x98, 0xf7,
    0x79, 0xf7, 0x99, 0xef, 0x78, 0xef, 0x99, 0xf7, 0x78, 0xef, 0x78, 0xf7,
    0x99, 0xf7, 0x99, 0xef, 0x99, 0xf7, 0x99, 0xf7, 0x79, 0xf7, 0x99, 0xef,
    0x99, 0xf7, 0x99, 0xf7, 0x99, 0xef, 0x79, 0xef, 0x79, 0xf7, 0x99, 0xef,
    0x99, 0xf7, 0x79, 0xf7, 0x99, 0xf7, 0x9a, 0xf7, 0x99, 0xf7, 0x79, 0xef,
    0x99, 0xf7, 0x99, 0xf7, 0x9a, 0xf7, 0x99, 0xf7, 0x99, 0xf7, 0x9a, 0xf7,
    0x99, 0xf7, 0x99, 0xef, 0x99, 0xf7, 0x99, 0xf7, 0x9a, 0xf7, 0x9a, 0xf7,
    0x99, 0xf7, 0x99, 0xf7, 0x9a, 0xf7, 0x9a, 0xf7, 0x99, 0xf7, 0x99, 0xef,
    0x9a, 0xf7, 0x99, 0xf7, 0x9a, 0xf7, 0x9a, 0xf7, 0x79, 0xef, 0x79, 0xf7,
    0x9a, 0xf7, 0x9a, 0xf7, 0x9a, 0xf7, 0x9a, 0xf7, 0x9a, 0xf7, 0x9a, 0xf7,
    0x9a, 0xf7, 0x9a, 0xf7, 0x78, 0xef, 0x9a, 0xf7, 0x9a, 0xf7, 0x9a, 0xf7,
    0xba, 0xf7, 0x99, 0xf7, 0x9a, 0xf7, 0xba, 0xf7, 0x9a, 0xf7, 0x9a, 0xf7,
    0xb9, 0xf7, 0x58, 0xe7, 0x99, 0xef, 0xba, 0xf7, 0x9a, 0xf7, 0x9a, 0xf7,
    0x9a, 0xf7, 0x78, 0xef, 0x9a, 0xf7, 0xba, 0xf7, 0x9a, 0xf7, 0xba, 0xff,
    0x9a, 0xf7, 0x99, 0xf7, 0x9a, 0xf7, 0x9a, 0xf7, 0x9a, 0xf7, 0x9a, 0xf7,
    0x9a, 0xf7, 0x9a, 0xf7, 0x9a, 0xf7, 0x9a, 0xf7, 0x99, 0xef, 0x9a, 0xf7,
    0x9a, 0xf7, 0x9a, 0xf7, 0x99, 0xf7, 0x9a, 0xf7, 0x79, 0xef, 0x99, 0xf7,
    0x9a, 0xf7, 0x9a, 0xf7, 0x9a, 0xf7, 0x99, 0xf7, 0x9a, 0xf7, 0x99, 0xf7,
    0x9a, 0xf7, 0x99, 0xef, 0x99, 0xf7, 0x9a, 0xf7, 0x9a, 0xf7, 0x99, 0xf7,
    0x99, 0xf7, 0x9a, 0xf7, 0x9a, 0xf7, 0x99, 0xf7, 0x99, 0xf7, 0x79, 0xef,
    0x79, 0xef, 0x9a, 0xf7, 0x99, 0xf7, 0x99, 0xf7, 0x99, 0xf7, 0x99, 0xf7,
    0x99, 0xf7, 0x99, 0xf7, 0x99, 0xf7, 0x99, 0xef, 0x99, 0xf7, 0x99, 0xf7,
    0x99, 0xf7, 0x99, 0xef, 0x98, 0xef, 0x99, 0xf7, 0x79, 0xf7, 0x99, 0xef,
    0x99, 0xef, 0x99, 0xf7, 0x99, 0xf7, 0x99, 0xf7, 0x99, 0xf7, 0x79, 0xf7,
    0x99, 0xef, 0x99, 0xf7, 0x98, 0xf7, 0x99, 0xef, 0x79, 0xf7, 0x99, 0xf7,
    0x98, 0xf7, 0x79, 0xf7, 0x99, 0xf7, 0x99, 0xef, 0x78, 0xf7, 0x99, 0xef,
    0x98, 0xef, 0x78, 0xf7, 0x98, 0xf7, 0x78, 0xef, 0x79, 0xef, 0x78, 0xef,
    0x78, 0xf7, 0x78, 0xef, 0x98, 0xef, 0x78, 0xef, 0x78, 0xf7, 0x79, 0xf7,
    0x78, 0xef, 0x98, 0xef, 0x78, 0xf7, 0x98, 0xf7, 0x98, 0xef, 0x78, 0xef,
    0x78, 0xef, 0x78, 0xf7, 0x78, 0xef, 0x78, 0xef, 0x78, 0xf7, 0x78, 0xef,
    0x78, 0xef, 0x78, 0xf7, 0x78, 0xef, 0x78, 0xf7, 0x78, 0xef, 0x78, 0xf7,
    0x78, 0xf7, 0x78, 0xef, 0x78, 0xf7, 0x78, 0xef, 0x78, 0xef, 0x78, 0xf7,
    0x78, 0xef, 0x78, 0xef, 0x78, 0xef, 0x78, 0xf7, 0x78, 0xf7, 0x58, 0xef,
    0x78, 0xef, 0x78, 0xf7, 0x78, 0xf7, 0x78, 0xf7, 0x78, 0xef, 0x78, 0xef,
    0x78, 0xf7, 0x78, 0xef, 0x78, 0xef, 0x78, 0xf7, 0x78, 0xf7, 0x78, 0xef,
    0x78, 0xef, 0x78, 0xf7, 0x78, 0xef, 0x78, 0xf7, 0x78, 0xef, 0x79, 0xef,
    0x98, 0xf7, 0x78, 0xef, 0x79, 0xef, 0x78, 0xf7, 0x78, 0xef, 0x78, 0xf7,
    0x78, 0xf7, 0x99, 0xf7, 0x78, 0xef, 0x78, 0xef, 0x79, 0xf7, 0x78, 0xef,
    0x79, 0xef, 0x78, 0xef, 0x78, 0xf7, 0x99, 0xf7, 0x79, 0xf7, 0x99, 0xf7,
    0x99, 0xf7, 0x99, 0xef, 0x99, 0xf7, 0x99, 0xf7, 0x79, 0xef, 0x99, 0xf7,
    0x78, 0xf7, 0x79, 0xef, 0x99, 0xf7, 0x79, 0xf7, 0x79, 0xef, 0x99, 0xf7,
    0x79, 0xf7, 0x99, 0xf7, 0x99, 0xf7, 0x99, 0xf7, 0x99, 0xf7, 0x99, 0xf7,
    0x99, 0xf7, 0x99, 0xf7, 0x79, 0xf7, 0x99, 0xf7, 0x99, 0xf7, 0x99, 0xf7,
    0x99, 0xf7, 0x79, 0xf7, 0x99, 0xf7, 0x79, 0xf7, 0x79, 0xef, 0x99, 0xf7,
    0x99, 0xf7, 0x9a, 0xf7, 0x99, 0xef, 0x99, 0xf7, 0x9a, 0xf7, 0x99, 0xf7,
    0x79, 0xef, 0x9a, 0xf7, 0x9a, 0xf7, 0x99, 0xf7, 0x99, 0xf7, 0x9a, 0xf7,
    0x99, 0xf7, 0x99, 0xf7, 0x9a, 0xf7, 0x99, 0xf7, 0x99, 0xef, 0x9a, 0xf7,
    0x9a, 0xf7, 0x99, 0xf7, 0x9a, 0xf7, 0x9a, 0xef, 0x9a, 0xf7, 0x99, 0xf7,
    0x9a, 0xf7, 0x9a, 0xf7, 0x99, 0xf7, 0x9a, 0xf7, 0x79, 0xef, 0x99, 0xf7,
    0x9a, 0xf7, 0x99, 0xf7, 0x9a, 0xf7, 0x9a, 0xf7, 0x99, 0xf7, 0x9a, 0xf7,
    0x99, 0xf7, 0x78, 0xef, 0x9a, 0xf7, 0x9a, 0xf7, 0x9a, 0xf7, 0x9a, 0xf7,
    0x9a, 0xf7, 0x9a, 0xf7, 0x9a, 0xf7, 0x9a, 0xf7, 0xba, 0xf7, 0x9a, 0xf7,
    0x58, 0xef, 0x99, 0xf7, 0x9a, 0xf7, 0x9a, 0xf7, 0x9a, 0xf7, 0xba, 0xf7,
    0x79, 0xef, 0x99, 0xf7, 0x9a, 0xf7, 0x9a, 0xf7, 0xba, 0xf7, 0x79, 0xf7,
    0x9a, 0xef, 0x9a, 0xf7, 0x99, 0xf7, 0x58, 0xef, 0x9a, 0xf7, 0x9a, 0xf7,
    0x99, 0xf7, 0x9a, 0xf7, 0x9a, 0xf7, 0x9a, 0xf7, 0x99, 0xf7, 0x99, 0xf7,
    0x9a, 0xf7, 0x9a, 0xf7, 0x99, 0xf7, 0x9a, 0xf7, 0x99, 0xf7, 0x9a, 0xf7,
    0x9a, 0xf7, 0x99, 0xf7, 0x9a, 0xf7, 0x9a, 0xf7, 0x99, 0xf7, 0x9a, 0xf7,
    0x9a, 0xf7, 0x9a, 0xf7, 0x99, 0xf7, 0xba, 0xf7, 0x99, 0xf7, 0x9a, 0xf7,
    0x9a, 0xf7, 0x99, 0xf7, 0x9a, 0xf7, 0x9a, 0xf7, 0x78, 0xef, 0x79, 0xef,
    0x99, 0xf7, 0x99, 0xf7, 0x99, 0xf7, 0x99, 0xf7, 0x7a, 0xf7, 0x99, 0xf7,
    0x99, 0xef, 0x79, 0xf7, 0x99, 0xf7, 0x99, 0xf7, 0x79, 0xf7, 0x99, 0xf7,
    0x99, 0xf7, 0x79, 0xf7, 0x99, 0xef, 0x79, 0xf7, 0x79, 0xf7, 0x99, 0xf7,
    0x99, 0xf7, 0x99, 0xf7, 0x79, 0xf7, 0x99, 0xef, 0x99, 0xf7, 0x99, 0xf7,
    0x99, 0xf7, 0x99, 0xf7, 0x99, 0xf7, 0x99, 0xef, 0x99, 0xf7, 0x99, 0xef,
    0x78, 0xef, 0x99, 0xf7, 0x98, 0xf7, 0x79, 0xf7, 0x79, 0xf7, 0x99, 0xf7,
    0x99, 0xf7, 0x79, 0xef, 0x99, 0xf7, 0x79, 0xf7, 0x98, 0xef, 0x98, 0xf7,
    0x79, 0xef, 0x78, 0xf7, 0x78, 0xf7, 0x98, 0xef, 0x78, 0xef, 0x78, 0xf7,
    0x79, 0xf7, 0x78, 0xef, 0x78, 0xef, 0x79, 0xf7, 0x78, 0xef, 0x78, 0xf7,
    0x78, 0xf7, 0x78, 0xef, 0x78, 0xf7, 0x98, 0xef, 0x78, 0xef, 0x78, 0xf7,
    0x78, 0xf7, 0x78, 0xef, 0x78, 0xef, 0x78, 0xef, 0x78, 0xef, 0x78, 0xef,
    0x78, 0xf7, 0x78, 0xef, 0x78, 0xef, 0x78, 0xf7, 0x78, 0xef, 0x78, 0xef,
    0x78, 0xef, 0x78, 0xf7, 0x78, 0xef, 0x78, 0xf7, 0x78, 0xef, 0x78, 0xef,
    0x78, 0xef, 0x78, 0xef, 0x78, 0xef, 0x78, 0xf7, 0x78, 0xf7, 0x78, 0xef,
    0x78, 0xef, 0x78, 0xf7, 0x78, 0xef, 0x78, 0xef, 0x78, 0xf7, 0x78, 0xef,
    0x78, 0xef, 0x78, 0xef, 0x78, 0xef, 0x98, 0xf7, 0x78, 0xf7, 0x78, 0xf7,
    0x78, 0xf7, 0x98, 0xef, 0x78, 0xf7, 0x99, 0xf7, 0x78, 0xef, 0x78, 0xef,
    0x99, 0xf7, 0x98, 0xf7, 0x99, 0xf7, 0x98, 0xef, 0x78, 0xf7, 0x99, 0xf7,
    0x78, 0xef, 0x57, 0xef, 0x58, 0xef, 0x78, 0xef, 0x78, 0xef, 0x78, 0xef,
    0x78, 0xef, 0x78, 0xef, 0x78, 0xef, 0x78, 0xef, 0x78, 0xef, 0x78, 0xef,
    0x78, 0xef, 0x78, 0xef, 0x78, 0xef, 0x78, 0xef, 0x78, 0xef, 0x78, 0xef,
    0x78, 0xef, 0x78, 0xef, 0x79, 0xef, 0x79, 0xef, 0x79, 0xef, 0x79, 0xef,
    0x79, 0xef, 0x79, 0xef, 0x79, 0xef, 0x79, 0xef, 0x99, 0xef, 0x79, 0xf7,
    0x79, 0xef, 0x99, 0xef, 0x99, 0xf7, 0x99, 0xf7, 0x99, 0xf7, 0x99, 0xf7,
    0x79, 0xef, 0x99, 0xf7, 0x99, 0xf7, 0x79, 0xf7, 0x99, 0xf7, 0x9a, 0xf7,
    0x99, 0xf7, 0x79, 0xef, 0x9a, 0xf7, 0x99, 0xf7, 0x9a, 0xef, 0x9a, 0xf7,
    0x9a, 0xf7, 0x9a, 0xf7, 0x99, 0xf7, 0x99, 0xf7, 0x99, 0xf7, 0x9a, 0xf7,
    0x9a, 0xef, 0x99, 0xf7, 0x99, 0xf7, 0x9a, 0xf7, 0x9a, 0xf7, 0x99, 0xf7,
    0x9a, 0xf7, 0x9a, 0xf7, 0x9a, 0xf7, 0x9a, 0xf7, 0x79, 0xef, 0x99, 0xf7,
    0x9a, 0xf7, 0x9a, 0xf7, 0x99, 0xf7, 0x9a, 0xef, 0x9a, 0xf7, 0x9a, 0xf7,
    0x58, 0xe7, 0x99, 0xf7, 0x9a, 0xf7, 0x9a, 0xf7, 0xb9, 0xf7, 0xba, 0xf7,
    0x9a, 0xf7, 0x9a, 0xf7, 0xba, 0xf7, 0xba, 0xf7, 0x9a, 0xf7, 0x58, 0xef,
    0x99, 0xef, 0x9a, 0xf7, 0x9a, 0xf7, 0x9a, 0xf7, 0xba, 0xf7, 0x99, 0xef,
    0x99, 0xf7, 0xba, 0xf7, 0x9a, 0xf7, 0xbb, 0xf7, 0x79, 0xf7, 0x79, 0xef,
    0xba, 0xf7, 0x9a, 0xf7, 0x58, 0xef, 0x99, 0xef, 0x9a, 0xf7, 0x9a, 0xf7,
    0xba, 0xf7, 0x99, 0xf7, 0x9a, 0xf7, 0x9a, 0xf7, 0x99, 0xf7, 0x9a, 0xf7,
    0x9a, 0xf7, 0x9a, 0xf7, 0x9a, 0xf7, 0x9a, 0xf7, 0x99, 0xef, 0x99, 0xf7,
    0x9a, 0xf7, 0x9a, 0xf7, 0xb9, 0xf7, 0x99, 0xf7, 0x9a, 0xf7, 0x99, 0xf7,
    0x99, 0xf7, 0x9a, 0xf7, 0x9a, 0xf7, 0x99, 0xf7, 0x99, 0xf7, 0x9a, 0xf7,
    0x99, 0xf7, 0x99, 0xf7, 0x9a, 0xf7, 0x79, 0xef, 0x79, 0xef, 0x99, 0xf7,
    0x99, 0xf7, 0x79, 0xef, 0x9a, 0xf7, 0x99, 0xf7, 0x99, 0xf7, 0x9a, 0xf7,
    0x99, 0xf7, 0x99, 0xf7, 0x99, 0xf7, 0x79, 0xf7, 0x79, 0xef, 0x79, 0xef,
    0x99, 0xf7, 0x78, 0xef, 0x78, 0xef, 0x78, 0xef, 0x79, 0xef, 0x79, 0xf7,
    0x78, 0xef, 0x78, 0xef, 0x79, 0xef, 0x78, 0xf7, 0x78, 0xef, 0x78, 0xef,
    0x78, 0xef, 0x78, 0xef, 0x79, 0xef, 0x78, 0xef, 0x78, 0xef, 0x78, 0xef,
    0x58, 0xef, 0x78, 0xef, 0x99, 0xf7, 0x79, 0xef, 0x98, 0xef, 0x78, 0xf7,
    0x79, 0xf7, 0x79, 0xef, 0x98, 0xf7, 0x79, 0xf7, 0x79, 0xef, 0x78, 0xf7,
    0x99, 0xf7, 0x78, 0xef, 0x78, 0xef, 0x78, 0xf7, 0x98, 0xef, 0x78, 0xf7,
    0x98, 0xef, 0x99, 0xf7, 0x78, 0xf7, 0x78, 0xef, 0x78, 0xf7, 0x78, 0xef,
    0x78, 0xf7, 0x78, 0xef, 0x78, 0xf7, 0x78, 0xf7, 0x78, 0xef, 0x78, 0xf7,
    0x78, 0xef, 0x78, 0xef, 0x78, 0xf7, 0x78, 0xf7, 0x78, 0xef, 0x78, 0xef,
    0x78, 0xf7, 0x78, 0xef, 0x78, 0xef, 0x78, 0xf7, 0x78, 0xef, 0x78, 0xef,
    0x78, 0xef, 0x78, 0xef, 0x78, 0xf7, 0x78, 0xef, 0x78, 0xf7, 0x78, 0xf7,
    0x78, 0xf7, 0x78, 0xef, 0x78, 0xef, 0x78, 0xf7, 0x78, 0xef, 0x78, 0xf7,
    0x78, 0xf7, 0x78, 0xef, 0x78, 0xf7, 0x78, 0xf7, 0x78, 0xef, 0x78, 0xf7,
    0x78, 0xf7, 0x78, 0xf7, 0x78, 0xf7, 0x78, 0xef, 0x99, 0xef, 0x78, 0xef,
    0x78, 0xf7, 0x99, 0xf7, 0x98, 0xf7, 0x78, 0xf7, 0x99, 0xf7, 0x99, 0xef,
    0x98, 0xef, 0x98, 0xf7, 0x79, 0xf7, 0x78, 0xef, 0x98, 0xf7, 0x99, 0xf7,
    0x58, 0xef, 0x78, 0xef, 0x57, 0xef, 0x58, 0xef, 0x78, 0xef, 0x78, 0xef,
    0x58, 0xef, 0x78, 0xef, 0x58, 0xef, 0x58, 0xef, 0x78, 0xef, 0x78, 0xef,
    0x78, 0xef, 0x58, 0xef, 0x78, 0xef, 0x78, 0xef, 0x78, 0xef, 0x78, 0xef,
    0x78, 0xef, 0x78, 0xef, 0x78, 0xef, 0x78, 0xf7, 0x78, 0xef, 0x78, 0xef,
    0x78, 0xf7, 0x78, 0xef, 0x79, 0xef, 0x78, 0xf7, 0x79, 0xef, 0x79, 0xf7,
    0x79, 0xef, 0x79, 0xef, 0x79, 0xef, 0x99, 0xf7, 0x79, 0xef, 0x79, 0xef,
    0x9a, 0xf7, 0x99, 0xf7, 0x9a, 0xef, 0x9a, 0xf7, 0x99, 0xf7, 0x9a, 0xf7,
    0x9a, 0xf7, 0x99, 0xf7, 0x79, 0xef, 0x9a, 0xf7, 0x99, 0xf7, 0x99, 0xf7,
    0x9a, 0xf7, 0x99, 0xef, 0x9a, 0xf7, 0x9a, 0xf7, 0x99, 0xf7, 0x9a, 0xf7,
    0x9a, 0xf7, 0x9a, 0xf7, 0x9a, 0xf7, 0x9a, 0xf7, 0x99, 0xf7, 0x9a, 0xf7,
    0x9a, 0xf7, 0x9a, 0xf7, 0x9a, 0xf7, 0x9a, 0xf7, 0x79, 0xef, 0x99, 0xf7,
    0x9a, 0xf7, 0x9a, 0xf7, 0x9a, 0xf7, 0x9a, 0xf7, 0x9a, 0xf7, 0x58, 0xef,
    0x99, 0xef, 0x9a, 0xf7, 0x9a, 0xf7, 0x9a, 0xf7, 0x9a, 0xf7, 0xba, 0xf7,
    0xba, 0xf7, 0x9a, 0xf7, 0xba, 0xf7, 0x9a, 0xf7, 0x58, 0xef, 0x79, 0xef,
    0xba, 0xf7, 0x9a, 0xf7, 0x9a, 0xf7, 0xba, 0xf7, 0x79, 0xef, 0x79, 0xef,
    0xba, 0xf7, 0x9a, 0xf7, 0xbb, 0xf7, 0x99, 0xf7, 0x99, 0xef, 0xba, 0xf7,
    0x9a, 0xf7, 0x58, 0xef, 0x9a, 0xf7, 0xba, 0xf7, 0x9a, 0xf7, 0x9a, 0xf7,
    0x9a, 0xf7, 0xba, 0xf7, 0x9a, 0xf7, 0x9a, 0xf7, 0x99, 0xef, 0x9a, 0xf7,
    0x9a, 0xf7, 0x99, 0xf7, 0x99, 0xf7, 0x9a, 0xf7, 0x79, 0xef, 0x99, 0xf7,
    0x9a, 0xf7, 0x9a, 0xf7, 0x9a, 0xf7, 0x9a, 0xf7, 0x99, 0xf7, 0x99, 0xf7,
    0x9a, 0xf7, 0x99, 0xf7, 0x9a, 0xf7, 0x9a, 0xf7, 0x9a, 0xf7, 0x99, 0xef,
    0x9a, 0xf7, 0x9a, 0xf7, 0x99, 0xf7, 0x79, 0xef, 0x99, 0xf7, 0x99, 0xf7,
    0x9a, 0xf7, 0x9a, 0xf7, 0x99, 0xf7, 0x99, 0xf7, 0x9a, 0xef, 0x9a, 0xf7,
    0x99, 0xf7, 0x99, 0xf7, 0x99, 0xef, 0x78, 0xef, 0x99, 0xef, 0x78, 0xef,
    0x79, 0xef, 0x79, 0xf7, 0x79, 0xf7, 0x79, 0xef, 0x78, 0xef, 0x78, 0xef,
    0x79, 0xf7, 0x78, 0xef, 0x78, 0xef, 0x79, 0xf7, 0x79, 0xef, 0x78, 0xef,
    0x78, 0xf7, 0x78, 0xef, 0x78, 0xf7, 0x78, 0xef, 0x78, 0xef, 0x58, 0xef,
    0x78, 0xef, 0x78, 0xef, 0x99, 0xf7, 0x99, 0xf7, 0x79, 0xf7, 0x98, 0xef,
    0x99, 0xf7, 0x79, 0xef, 0x98, 0xf7, 0x98, 0xef, 0x79, 0xef, 0x78, 0xf7,
    0x78, 0xef, 0x79, 0xef, 0x78, 0xf7, 0x79, 0xf7, 0x79, 0xef, 0x78, 0xef,
    0x78, 0xf7, 0x98, 0xef, 0x78, 0xef, 0x98, 0xef, 0x98, 0xf7, 0x78, 0xef,
    0x78, 0xef, 0x79, 0xf7, 0x98, 0xef, 0x78, 0xf7, 0x78, 0xef, 0x78, 0xf7,
    0x78, 0xef, 0x78, 0xef, 0x78, 0xef, 0x78, 0xf7, 0x78, 0xef, 0x78, 0xf7,
    0x78, 0xef, 0x78, 0xef, 0x78, 0xf7, 0x78, 0xef, 0x78, 0xf7, 0x78, 0xef,
    0x78, 0xef, 0x78, 0xf7, 0x78, 0xf7, 0x78, 0xef, 0x78, 0xef, 0x78, 0xf7,
    0x78, 0xef, 0x78, 0xf7, 0x78, 0xef, 0x78, 0xef, 0x78, 0xf7, 0x78, 0xef,
    0x78, 0xf7, 0x78, 0xef, 0x78, 0xef, 0x78, 0xf7, 0x78, 0xef, 0x78, 0xef,
    0x78, 0xef, 0x78, 0xf7, 0x78, 0xef, 0x78, 0xf7, 0x78, 0xef, 0x99, 0xef,
    0x98, 0xf7, 0x79, 0xef, 0x78, 0xef, 0x98, 0xf7, 0x79, 0xf7, 0x78, 0xf7,
    0x78, 0xef, 0x78, 0xf7, 0x99, 0xef, 0x79, 0xf7, 0x98, 0xf7, 0x79, 0xef,
    0x79, 0xf7, 0x78, 0xef, 0x78, 0xef, 0x99, 0xf7, 0x99, 0xf7, 0x99, 0xf7,
    0x99, 0xf7, 0x99, 0xf7, 0x99, 0xf7, 0x99, 0xf7, 0x99, 0xf7, 0x99, 0xf7,
    0x99, 0xf7, 0x99, 0xf7, 0x99, 0xf7, 0x99, 0xf7, 0x99, 0xf7, 0x9a, 0xf7,
    0x99, 0xf7, 0x9a, 0xf7, 0x99, 0xf7, 0x99, 0xf7, 0x99, 0xf7, 0x99, 0xf7,
    0x99, 0xf7, 0x99, 0xf7, 0x99, 0xf7, 0x99, 0xf7, 0x99, 0xf7, 0x99, 0xf7,
    0x99, 0xf7, 0x99, 0xf7, 0x79, 0xef, 0x9a, 0xf7, 0x9a, 0xf7, 0x79, 0xef,
    0x79, 0xf7, 0x99, 0xf7, 0x99, 0xf7, 0x9a, 0xf7, 0x99, 0xf7, 0x9a, 0xef,
    0x9a, 0xf7, 0x99, 0xf7, 0x99, 0xf7, 0x79, 0xef, 0x9a, 0xf7, 0x9a, 0xf7,
    0x99, 0xf7, 0x9a, 0xf7, 0x9a, 0xf7, 0x99, 0xf7, 0x9a, 0xf7, 0x99, 0xf7,
    0x58, 0xef, 0x9a, 0xf7, 0xba, 0xf7, 0x9a, 0xf7, 0x9a, 0xf7, 0x99, 0xf7,
    0x99, 0xf7, 0x9a, 0xf7, 0x9a, 0xf7, 0x9a, 0xf7, 0x79, 0xef, 0x79, 0xef,
    0x9a, 0xf7, 0x9a, 0xf7, 0x9a, 0xf7, 0x9a, 0xf7, 0x58, 0xef, 0x99, 0xef,
    0x9a, 0xf7, 0x9a, 0xf7, 0x9a, 0xf7, 0xba, 0xf7, 0x9a, 0xf7, 0x9a, 0xf7,
    0xba, 0xf7, 0x9a, 0xf7, 0x9a, 0xf7, 0x78, 0xef, 0x99, 0xf7, 0xba, 0xf7,
    0x9a, 0xf7, 0x9a, 0xf7, 0xba, 0xf7, 0x79, 0xf7, 0x78, 0xef, 0x9a, 0xf7,
    0x9a, 0xf7, 0xbb, 0xf7, 0x99, 0xf7, 0x79, 0xef, 0xbb, 0xf7, 0x9a, 0xf7,
    0x58, 0xef, 0x99, 0xef, 0xbb, 0xf7, 0x9a, 0xf7, 0x9a, 0xf7, 0x9a, 0xf7,
    0x9a, 0xf7, 0x9a, 0xf7, 0xba, 0xf7, 0x9a, 0xf7, 0x99, 0xf7, 0x9a, 0xf7,
    0x9a, 0xf7, 0x9a, 0xf7, 0x99, 0xf7, 0x9a, 0xf7, 0x99, 0xef, 0x99, 0xf7,
    0xba, 0xf7, 0x9a, 0xf7, 0x9a, 0xf7, 0x9a, 0xf7, 0x9a, 0xf7, 0x9a, 0xf7,
    0x9a, 0xf7, 0x99, 0xf7, 0xba, 0xf7, 0x9a, 0xf7, 0xba, 0xf7, 0x9a, 0xf7,
    0x9a, 0xf7, 0x99, 0xf7, 0x79, 0xef, 0x99, 0xf7, 0x9a, 0xf7, 0x9a, 0xf7,
    0x99, 0xf7, 0x79, 0xf7, 0x79, 0xef, 0x9a, 0xf7, 0x9a, 0xf7, 0x9a, 0xf7,
    0x99, 0xf7, 0x9a, 0xf7, 0x79, 0xef, 0x79, 0xf7, 0x9a, 0xf7, 0x99, 0xf7,
    0x99, 0xf7, 0xba, 0xf7, 0x9a, 0xf7, 0xba, 0xf7, 0x99, 0xf7, 0x99, 0xf7,
    0x9a, 0xf7, 0x99, 0xf7, 0x99, 0xf7, 0x99, 0xf7, 0x99, 0xf7, 0x99, 0xf7,
    0x99, 0xf7, 0x99, 0xf7, 0x99, 0xf7, 0x99, 0xf7, 0x99, 0xf7, 0x79, 0xf7,
    0x78, 0xf7, 0x99, 0xf7, 0x79, 0xf7, 0x99, 0xf7, 0x79, 0xf7, 0x99, 0xef,
    0x98, 0xf7, 0x79, 0xf7, 0x79, 0xef, 0x98, 0xf7, 0x98, 0xf7, 0x78, 0xef,
    0x99, 0xf7, 0x78, 0xf7, 0x98, 0xef, 0x98, 0xf7, 0x78, 0xef, 0x78, 0xf7,
    0x79, 0xf7, 0x78, 0xef, 0x78, 0xf7, 0x78, 0xf7, 0x78, 0xef, 0x78, 0xef,
    0x98, 0xf7, 0x78, 0xf7, 0x78, 0xef, 0x78, 0xef, 0x98, 0xf7, 0x78, 0xef,
    0x78, 0xf7, 0x78, 0xef, 0x78, 0xef, 0x78, 0xf7, 0x78, 0xef, 0x78, 0xef,
    0x78, 0xf7, 0x78, 0xef, 0x78, 0xef, 0x78, 0xf7, 0x78, 0xef, 0x78, 0xef,
    0x78, 0xef, 0x78, 0xf7, 0x78, 0xef, 0x78, 0xf7, 0x78, 0xef, 0x78, 0xef,
    0x78, 0xf7, 0x78, 0xf7, 0x78, 0xef, 0x78, 0xef, 0x78, 0xf7, 0x78, 0xef,
    0x78, 0xef, 0x78, 0xf7, 0x78, 0xef, 0x78, 0xf7, 0x78, 0xf7, 0x78, 0xef,
    0x98, 0xf7, 0x78, 0xef, 0x98, 0xef, 0x78, 0xf7, 0x78, 0xf7, 0x78, 0xf7,
    0x79, 0xf7, 0x78, 0xf7, 0x99, 0xef, 0x99, 0xf7, 0x78, 0xf7, 0x98, 0xef,
    0x99, 0xf7, 0x78, 0xf7, 0x99, 0xef, 0x98, 0xf7, 0x79, 0xf7, 0x99, 0xef,
    0x98, 0xf7, 0x98, 0xf7, 0x99, 0xef, 0x99, 0xf7, 0x99, 0xf7, 0x99, 0xef,
    0x78, 0xf7, 0x79, 0xf7, 0x98, 0xf7, 0x99, 0xf7, 0x99, 0xf7, 0x99, 0xf7,
    0x99, 0xf7, 0x99, 0xf7, 0x99, 0xf7, 0x99, 0xf7, 0x99, 0xf7, 0x99, 0xf7,
    0x99, 0xf7, 0x99, 0xf7, 0x99, 0xf7, 0x99, 0xf7, 0x99, 0xf7, 0x9a, 0xf7,
    0x99, 0xf7, 0x99, 0xf7, 0x99, 0xf7, 0x99, 0xf7, 0x99, 0xf7, 0x9a, 0xf7,
    0x99, 0xf7, 0x99, 0xf7, 0x79, 0xef, 0x9a, 0xf7, 0x99, 0xf7, 0x99, 0xf7,
    0x79, 0xef, 0x99, 0xef, 0x9a, 0xf7, 0x99, 0xf7, 0x99, 0xf7, 0x9a, 0xf7,
    0x9a, 0xf7, 0x9a, 0xf7, 0x9a, 0xf7, 0x99, 0xf7, 0x99, 0xef, 0x9a, 0xf7,
    0x99, 0xf7, 0x99, 0xf7, 0x9a, 0xf7, 0x9a, 0xef, 0x9a, 0xf7, 0x37, 0xe7,
    0xb3, 0xd6, 0x37, 0xe7, 0xba, 0xf7, 0x99, 0xf7, 0x79, 0xef, 0x79, 0xef,
    0x9a, 0xf7, 0x99, 0xf7, 0x9a, 0xf7, 0x9a, 0xf7, 0x79, 0xef, 0x99, 0xf7,
    0x9a, 0xf7, 0x9a, 0xf7, 0x9a, 0xf7, 0x58, 0xe7, 0x79, 0xef, 0xba, 0xf7,
    0x9a, 0xf7, 0x9a, 0xf7, 0x9a, 0xf7, 0xba, 0xf7, 0x9a, 0xf7, 0x9a, 0xf7,
    0xba, 0xf7, 0x9a, 0xff, 0x78, 0xef, 0x79, 0xf7, 0x9a, 0xf7, 0x9a, 0xf7,
    0x9a, 0xf7, 0xba, 0xf7, 0x9a, 0xf7, 0x58, 0xef, 0xbb, 0xf7, 0xbb, 0xff,
    0xbb, 0xf7, 0x99, 0xf7, 0x79, 0xf7, 0x9a, 0xf7, 0x9a, 0xf7, 0x58, 0xef,
    0x79, 0xef, 0x9a, 0xf7, 0x9a, 0xf7, 0xba, 0xf7, 0xba, 0xf7, 0x9a, 0xf7,
    0x9a, 0xf7, 0xba, 0xf7, 0x9a, 0xf7, 0x9a, 0xf7, 0x99, 0xf7, 0x9a, 0xf7,
    0x9a, 0xf7, 0x9a, 0xf7, 0x9a, 0xf7, 0x9a, 0xf7, 0x79, 0xef, 0x99, 0xf7,
    0x9a, 0xf7, 0x9a, 0xf7, 0xb9, 0xf7, 0x9a, 0xf7, 0x99, 0xf7, 0x9a, 0xf7,
    0x99, 0xf7, 0x9a, 0xf7, 0x9a, 0xf7, 0x99, 0xf7, 0x9a, 0xf7, 0x9a, 0xf7,
    0x99, 0xef, 0x78, 0xef, 0x9a, 0xf7, 0x9a, 0xf7, 0x99, 0xf7, 0x9a, 0xf7,
    0x99, 0xf7, 0x58, 0xe7, 0x58, 0xef, 0x78, 0xef, 0x9a, 0xf7, 0x99, 0xf7,
    0x9a, 0xf7, 0x99, 0xf7, 0x79, 0xef, 0x9a, 0xf7, 0x99, 0xf7, 0x9a, 0xf7,
    0x78, 0xef, 0x99, 0xf7, 0x99, 0xf7, 0x78, 0xef, 0x99, 0xf7, 0x78, 0xef,
    0x99, 0xf7, 0x99, 0xf7, 0x99, 0xf7, 0x99, 0xf7, 0x99, 0xf7, 0x99, 0xf7,
    0x99, 0xf7, 0x99, 0xf7, 0x99, 0xf7, 0x99, 0xf7, 0x99, 0xf7, 0x99, 0xf7,
    0x99, 0xf7, 0x79, 0xef, 0x99, 0xf7, 0x98, 0xef, 0x99, 0xef, 0x99, 0xf7,
    0x99, 0xf7, 0x78, 0xf7, 0x79, 0xef, 0x99, 0xf7, 0x78, 0xef, 0x79, 0xef,
    0x98, 0xf7, 0x98, 0xef, 0x79, 0xf7, 0x78, 0xf7, 0x98, 0xf7, 0x99, 0xef,
    0x98, 0xf7, 0x78, 0xef, 0x79, 0xf7, 0x79, 0xf7, 0x78, 0xef, 0x78, 0xf7,
    0x78, 0xf7, 0x78, 0xef, 0x78, 0xef, 0x78, 0xf7, 0x78, 0xf7, 0x78, 0xef,
    0x78, 0xf7, 0x78, 0xef, 0x78, 0xf7, 0x78, 0xf7, 0x78, 0xef, 0x78, 0xef,
    0x78, 0xf7, 0x78, 0xef, 0x78, 0xef, 0x78, 0xf7, 0x78, 0xef, 0x78, 0xef,
    0x78, 0xf7, 0x78, 0xef, 0x78, 0xef, 0x78, 0xf7, 0x78, 0xf7, 0x78, 0xef,
    0x78, 0xf7, 0x78, 0xef, 0x78, 0xef, 0x78, 0xf7, 0x78, 0xf7, 0x78, 0xef,
    0x98, 0xef, 0x78, 0xf7, 0x78, 0xef, 0x98, 0xef, 0x78, 0xf7, 0x78, 0xf7,
    0x78, 0xef, 0x98, 0xf7, 0x79, 0xf7, 0x98, 0xf7, 0x98, 0xf7, 0x99, 0xef,
    0x78, 0xf7, 0x78, 0xef, 0x99, 0xf7, 0x99, 0xf7, 0x78, 0xf7, 0x99, 0xef,
    0x98, 0xf7, 0x78, 0xf7, 0x78, 0xef, 0x99, 0xf7, 0x78, 0xef, 0x99, 0xf7,
    0x78, 0xef, 0x78, 0xf7, 0x99, 0xef, 0x78, 0xf7, 0x99, 0xf7, 0x78, 0xef,
    0x79, 0xef, 0x99, 0xf7, 0x99, 0xf7, 0x78, 0xef, 0x99, 0xf7, 0x79, 0xf7,
    0x99, 0xf7, 0x99, 0xf7, 0x99, 0xf7, 0x79, 0xf7, 0x99, 0xf7, 0x9a, 0xf7,
    0x9a, 0xf7, 0x99, 0xf7, 0x99, 0xf7, 0x99, 0xf7, 0x9a, 0xf7, 0x99, 0xf7,
    0x99, 0xf7, 0x99, 0xf7, 0x99, 0xf7, 0x9a, 0xef, 0x9a, 0xf7, 0x99, 0xf7,
    0x9a, 0xf7, 0x99, 0xf7, 0x79, 0xef, 0x9a, 0xf7, 0x99, 0xf7, 0x99, 0xf7,
    0x9a, 0xf7, 0x79, 0xef, 0x99, 0xf7, 0x9a, 0xf7, 0x9a, 0xf7, 0x99, 0xf7,
    0x99, 0xf7, 0x9a, 0xf7, 0x99, 0xf7, 0x9a, 0xf7, 0x99, 0xf7, 0x79, 0xef,
    0x9a, 0xf7, 0x9a, 0xf7, 0x9a, 0xf7, 0x9a, 0xf7, 0x9a, 0xf7, 0x58, 0xef,
    0xd4, 0xd6, 0x58, 0xe7, 0x9a, 0xf7, 0x9a, 0xf7, 0x15, 0xdf, 0x79, 0xef,
    0x9a, 0xf7, 0x99, 0xf7, 0x9a, 0xf7, 0x9a, 0xf7, 0x79, 0xef, 0x9a, 0xf7,
    0x9a, 0xf7, 0x9a, 0xf7, 0x78, 0xef, 0x79, 0xef, 0x9a, 0xf7, 0x9a, 0xf7,
    0x9a, 0xf7, 0x9a, 0xf7, 0xba, 0xf7, 0x9a, 0xf7, 0x9a, 0xf7, 0x9a, 0xf7,
    0xba, 0xf7, 0x79, 0xef, 0x79, 0xef, 0xbb, 0xf7, 0xba, 0xf7, 0x9a, 0xf7,
    0xba, 0xf7, 0x9a, 0xf7, 0x58, 0xef, 0x9a, 0xf7, 0xba, 0xf7, 0xba, 0xf7,
    0x9a, 0xf7, 0x79, 0xef, 0xba, 0xf7, 0xbb, 0xf7, 0x78, 0xef, 0x79, 0xef,
    0xbb, 0xf7, 0x9a, 0xf7, 0xba, 0xf7, 0x9a, 0xf7, 0x9a, 0xf7, 0xba, 0xf7,
    0xba, 0xf7, 0xba, 0xf7, 0xba, 0xf7, 0x9a, 0xf7, 0x9a, 0xf7, 0x9a, 0xf7,
    0x9a, 0xf7, 0xb9, 0xf7, 0x9a, 0xf7, 0x9a, 0xf7, 0x79, 0xef, 0x99, 0xef,
    0x9a, 0xf7, 0x9a, 0xf7, 0xba, 0xf7, 0x99, 0xf7, 0x9a, 0xf7, 0xba, 0xf7,
    0x9a, 0xf7, 0x9a, 0xf7, 0xba, 0xf7, 0x99, 0xf7, 0x9a, 0xf7, 0x99, 0xef,
    0x78, 0xef, 0x9a, 0xf7, 0x9a, 0xf7, 0x99, 0xf7, 0x99, 0xf7, 0x9a, 0xf7,
    0x99, 0xf7, 0x58, 0xef, 0x99, 0xef, 0x58, 0xef, 0xba, 0xf7, 0x99, 0xf7,
    0x9a, 0xf7, 0x99, 0xef, 0x99, 0xf7, 0x99, 0xf7, 0x99, 0xf7, 0x9a, 0xf7,
    0x16, 0xdf, 0x58, 0xef, 0x58, 0xef, 0x16, 0xdf, 0x79, 0xf7, 0xf5, 0xde,
    0x79, 0xef, 0x9a, 0xf7, 0x99, 0xf7, 0x79, 0xef, 0x99, 0xf7, 0x99, 0xf7,
    0x79, 0xf7, 0x99, 0xef, 0x79, 0xf7, 0x99, 0xf7, 0x99, 0xef, 0x99, 0xf7,
    0x99, 0xf7, 0x98, 0xef, 0x99, 0xf7, 0x99, 0xf7, 0x78, 0xf7, 0x99, 0xef,
    0x99, 0xf7, 0x78, 0xf7, 0x99, 0xf7, 0x98, 0xef, 0x78, 0xf7, 0x98, 0xf7,
    0x79, 0xf7, 0x99, 0xef, 0x78, 0xef, 0x98, 0xf7, 0x79, 0xef, 0x99, 0xef,
    0x98, 0xf7, 0x98, 0xef, 0x98, 0xef, 0x78, 0xf7, 0x98, 0xf7, 0x99, 0xef,
    0x79, 0xf7, 0x78, 0xf7, 0x98, 0xef, 0x79, 0xf7, 0x78, 0xef, 0x78, 0xef,
    0x78, 0xf7, 0x78, 0xef, 0x78, 0xef, 0x78, 0xf7, 0x78, 0xef, 0x78, 0xf7,
    0x78, 0xef, 0x78, 0xf7, 0x78, 0xef, 0x78, 0xf7, 0x78, 0xef, 0x78, 0xf7,
    0x78, 0xef, 0x78, 0xef, 0x78, 0xef, 0x78, 0xf7, 0x78, 0xef, 0x78, 0xf7,
    0x78, 0xef, 0x78, 0xf7, 0x78, 0xf7, 0x78, 0xef, 0x78, 0xef, 0x78, 0xf7,
    0x78, 0xef, 0x98, 0xef, 0x78, 0xf7, 0x78, 0xef, 0x98, 0xef, 0x98, 0xf7,
    0x78, 0xef, 0x78, 0xf7, 0x78, 0xef, 0x79, 0xf7, 0x99, 0xef, 0x98, 0xef,
    0x78, 0xef, 0x78, 0xf7, 0x99, 0xef, 0x78, 0xf7, 0x78, 0xf7, 0x99, 0xef,
    0x78, 0xf7, 0x79, 0xf7, 0x98, 0xef, 0x79, 0xf7, 0x98, 0xf7, 0x78, 0xef,
    0x79, 0xf7, 0x99, 0xf7, 0x99, 0xf7, 0x98, 0xef, 0x99, 0xf7, 0x78, 0xf7,
    0x98, 0xef, 0x99, 0xf7, 0x79, 0xef, 0x99, 0xef, 0x98, 0xf7, 0x79, 0xf7,
    0x99, 0xef, 0x99, 0xef, 0x99, 0xf7, 0x99, 0xf7, 0x99, 0xf7, 0x15, 0xdf,
    0x79, 0xf7, 0x37, 0xe7, 0x57, 0xe7, 0x58, 0xef, 0x16, 0xdf, 0x9a, 0xf7,
    0x79, 0xef, 0x99, 0xf7, 0x99, 0xf7, 0x79, 0xef, 0x99, 0xf7, 0x99, 0xf7,
    0x9a, 0xf7, 0x9a, 0xf7, 0x78, 0xef, 0x79, 0xef, 0x9a, 0xf7, 0x99, 0xf7,
    0x99, 0xf7, 0x99, 0xf7, 0x79, 0xef, 0x9a, 0xf7, 0x9a, 0xf7, 0x9a, 0xf7,
    0x99, 0xf7, 0x99, 0xf7, 0x9a, 0xf7, 0x9a, 0xf7, 0x9a, 0xf7, 0x99, 0xf7,
    0x79, 0xf7, 0x9a, 0xf7, 0x9a, 0xf7, 0x9a, 0xf7, 0x9a, 0xf7, 0xba, 0xf7,
    0x99, 0xf7, 0x9a, 0xf7, 0x9a, 0xf7, 0xba, 0xf7, 0x58, 0xef, 0x79, 0xef,
    0x9a, 0xf7, 0x9a, 0xf7, 0x9a, 0xf7, 0x9a, 0xf7, 0x79, 0xef, 0x99, 0xf7,
    0x9a, 0xf7, 0x9a, 0xf7, 0x78, 0xef, 0x9a, 0xf7, 0x9a, 0xf7, 0x9a, 0xf7,
    0x9a, 0xf7, 0xba, 0xf7, 0xba, 0xf7, 0x9a, 0xf7, 0xba, 0xff, 0xba, 0xf7,
    0x9a, 0xf7, 0x79, 0xef, 0x9b, 0xf7, 0x9a, 0xf7, 0xba, 0xf7, 0xbb, 0xf7,
    0x9a, 0xf7, 0x59, 0xef, 0x9a, 0xf7, 0xbb, 0xf7, 0x9a, 0xf7, 0x99, 0xf7,
    0x79, 0xef, 0x9a, 0xf7, 0x9b, 0xf7, 0x78, 0xef, 0x79, 0xef, 0xbb, 0xf7,
    0x9a, 0xf7, 0xba, 0xf7, 0xba, 0xf7, 0x9a, 0xff, 0xba, 0xf7, 0x9a, 0xf7,
    0x9a, 0xf7, 0xba, 0xf7, 0xba, 0xf7, 0x9a, 0xf7, 0x9a, 0xf7, 0x9a, 0xf7,
    0x9a, 0xf7, 0x9a, 0xf7, 0xba, 0xf7, 0x9a, 0xf7, 0x79, 0xef, 0x99, 0xf7,
    0xba, 0xf7, 0x9a, 0xf7, 0x9a, 0xf7, 0x9a, 0xf7, 0x9a, 0xf7, 0xb9, 0xf7,
    0x99, 0xf7, 0x9a, 0xf7, 0x9a, 0xf7, 0x9a, 0xf7, 0x99, 0xf7, 0x79, 0xef,
    0x9a, 0xf7, 0x99, 0xf7, 0x99, 0xf7, 0x9a, 0xf7, 0x9a, 0xf7, 0x9a, 0xf7,
    0x9a, 0xf7, 0x79, 0xef, 0x58, 0xef, 0x99, 0xf7, 0x9a, 0xf7, 0xba, 0xf7,
    0x99, 0xef, 0x79, 0xef, 0x9a, 0xf7, 0x99, 0xf7, 0x9a, 0xf7, 0x9a, 0xf7,
    0x99, 0xf7, 0x99, 0xf7, 0x79, 0xef, 0x99, 0xf7, 0x9a, 0xf7, 0x79, 0xf7,
    0x9a, 0xf7, 0x99, 0xf7, 0x99, 0xf7, 0x99, 0xf7, 0x99, 0xef, 0x99, 0xf7,
    0x99, 0xf7, 0x99, 0xf7, 0x79, 0xf7, 0x99, 0xef, 0x79, 0xf7, 0x99, 0xf7,
    0x99, 0xf7, 0x79, 0xf7, 0x99, 0xef, 0x98, 0xf7, 0x79, 0xf7, 0x99, 0xf7,
    0x99, 0xef, 0x98, 0xf7, 0x79, 0xf7, 0x98, 0xef, 0x98, 0xf7, 0x99, 0xf7,
    0x79, 0xef, 0x78, 0xf7, 0x98, 0xf7, 0x99, 0xef, 0x78, 0xf7, 0x78, 0xf7,
    0x78, 0xef, 0x78, 0xf7, 0x99, 0xf7, 0x78, 0xef, 0x98, 0xf7, 0x78, 0xef,
    0x78, 0xf7, 0x98, 0xf7, 0x78, 0xef, 0x78, 0xf7, 0x78, 0xef, 0x78, 0xef,
    0x78, 0xf7, 0x78, 0xf7, 0x78, 0xef, 0x78, 0xf7, 0x78, 0xef, 0x78, 0xef,
    0x78, 0xf7, 0x78, 0xef, 0x78, 0xef, 0x78, 0xef, 0x78, 0xf7, 0x78, 0xef,
    0x78, 0xef, 0x78, 0xf7, 0x78, 0xef, 0x78, 0xef, 0x78, 0xf7, 0x78, 0xef,
    0x98, 0xef, 0x78, 0xf7, 0x78, 0xef, 0x78, 0xef, 0x78, 0xf7, 0x78, 0xef,
    0x78, 0xf7, 0x78, 0xf7, 0x78, 0xf7, 0x78, 0xef, 0x78, 0xf7, 0x78, 0xf7,
    0x79, 0xef, 0x78, 0xef, 0x78, 0xf7, 0x98, 0xf7, 0x78, 0xef, 0x79, 0xf7,
    0x78, 0xf7, 0x79, 0xf7, 0x98, 0xef, 0x78, 0xf7, 0x99, 0xef, 0x98, 0xf7,
    0x99, 0xf7, 0x99, 0xef, 0x98, 0xf7, 0x78, 0xf7, 0x99, 0xf7, 0x99, 0xef,
    0x78, 0xf7, 0x99, 0xf7, 0x79, 0xef, 0x78, 0xf7, 0x99, 0xf7, 0x79, 0xf7,
    0x99, 0xf7, 0x99, 0xf7, 0x79, 0xf7, 0x79, 0xf7, 0x99, 0xef, 0x98, 0xf7,
    0x79, 0xf7, 0x99, 0xef, 0x99, 0xf7, 0x79, 0xf7, 0x99, 0xef, 0x16, 0xe7,
    0x78, 0xef, 0x37, 0xe7, 0x79, 0xef, 0x79, 0xef, 0x37, 0xe7, 0x9a, 0xf7,
    0x99, 0xf7, 0x79, 0xef, 0x99, 0xf7, 0x9a, 0xf7, 0x99, 0xf7, 0x9a, 0xf7,
    0x9a, 0xf7, 0x99, 0xf7, 0x9a, 0xf7, 0x78, 0xef, 0x79, 0xef, 0x9a, 0xf7,
    0x99, 0xf7, 0x9a, 0xf7, 0x99, 0xf7, 0x78, 0xef, 0x99, 0xf7, 0x9a, 0xf7,
    0x9a, 0xf7, 0x9a, 0xf7, 0x99, 0xf7, 0x9a, 0xf7, 0x9a, 0xf7, 0xba, 0xf7,
    0x9a, 0xf7, 0x99, 0xef, 0x9a, 0xf7, 0x9a, 0xf7, 0xba, 0xf7, 0x9a, 0xf7,
    0x9a, 0xf7, 0x9a, 0xf7, 0x9a, 0xf7, 0xbb, 0xf7, 0x58, 0xef, 0x79, 0xef,
    0xba, 0xf7, 0x9a, 0xf7, 0x9a, 0xf7, 0x9a, 0xf7, 0x79, 0xef, 0x99, 0xf7,
    0x9a, 0xf7, 0xba, 0xf7, 0x59, 0xef, 0x99, 0xf7, 0x9a, 0xf7, 0x9a, 0xf7,
    0x9a, 0xf7, 0x9a, 0xf7, 0xba, 0xf7, 0x9a, 0xff, 0x9a, 0xf7, 0xba, 0xf7,
    0x9a, 0xf7, 0x79, 0xef, 0x9a, 0xff, 0x9a, 0xf7, 0x9a, 0xf7, 0x9a, 0xff,
    0x79, 0xef, 0x9a, 0xf7, 0xbb, 0xf7, 0x9a, 0xf7, 0x9a, 0xf7, 0x79, 0xef,
    0xba, 0xf7, 0xbb, 0xff, 0x58, 0xef, 0x58, 0xef, 0xbb, 0xf7, 0x9a, 0xf7,
    0x9a, 0xf7, 0xba, 0xf7, 0x9a, 0xff, 0xba, 0xf7, 0xba, 0xf7, 0x9a, 0xf7,
    0x9a, 0xf7, 0xba, 0xf7, 0x9a, 0xf7, 0x9a, 0xf7, 0xba, 0xf7, 0x9a, 0xf7,
    0x9a, 0xf7, 0x9a, 0xf7, 0x9a, 0xf7, 0xba, 0xf7, 0x79, 0xef, 0x99, 0xf7,
    0x9a, 0xf7, 0x9a, 0xf7, 0x9a, 0xf7, 0xb9, 0xf7, 0x9a, 0xf7, 0x9a, 0xf7,
    0x9a, 0xf7, 0xba, 0xf7, 0x9a, 0xf7, 0x99, 0xef, 0x78, 0xef, 0x9a, 0xf7,
    0x9a, 0xf7, 0xba, 0xf7, 0x9a, 0xf7, 0xba, 0xf7, 0x9a, 0xf7, 0x99, 0xef,
    0x99, 0xf7, 0x9a, 0xf7, 0x9a, 0xf7, 0x9a, 0xf7, 0x9a, 0xf7, 0x99, 0xf7,
    0x79, 0xef, 0x9a, 0xf7, 0x99, 0xf7, 0xb9, 0xf7, 0x9a, 0xf7, 0x99, 0xf7,
    0x99, 0xf7, 0x99, 0xf7, 0x99, 0xf7, 0x99, 0xf7, 0x99, 0xf7, 0x9a, 0xf7,
    0x99, 0xf7, 0x99, 0xf7, 0x99, 0xf7, 0x99, 0xf7, 0x79, 0xf7, 0x99, 0xef,
    0x99, 0xf7, 0x99, 0xf7, 0x99, 0xef, 0x99, 0xf7, 0x99, 0xf7, 0x78, 0xef,
    0x99, 0xf7, 0x78, 0xf7, 0x99, 0xf7, 0x99, 0xef, 0x79, 0xf7, 0x99, 0xf7,
    0x99, 0xf7, 0x99, 0xf7, 0x79, 0xef, 0x79, 0xf7, 0x79, 0xef, 0x98, 0xf7,
    0x98, 0xef, 0x79, 0xf7, 0x98, 0xf7, 0x78, 0xf7, 0x78, 0xf7, 0x79, 0xf7,
    0x78, 0xef, 0x78, 0xef, 0x79, 0xf7, 0x78, 0xf7, 0x78, 0xef, 0x98, 0xf7,
    0x99, 0xef, 0x78, 0xf7, 0x78, 0xf7, 0x78, 0xef, 0x78, 0xef, 0x78, 0xf7,
    0x98, 0xf7, 0x78, 0xef, 0x78, 0xf7, 0x78, 0xef, 0x78, 0xef, 0x78, 0xf7,
    0x78, 0xef, 0x78, 0xf7, 0x78, 0xef, 0x78, 0xef, 0x78, 0xf7, 0x78, 0xef,
    0x78, 0xef, 0x78, 0xf7, 0x78, 0xf7, 0x78, 0xef, 0x78, 0xf7, 0x78, 0xf7,
    0x78, 0xef, 0x78, 0xf7, 0x98, 0xf7, 0x78, 0xef, 0x78, 0xf7, 0x79, 0xef,
    0x98, 0xef, 0x78, 0xf7, 0x78, 0xef, 0x98, 0xef, 0x78, 0xf7, 0x78, 0xf7,
    0x98, 0xef, 0x78, 0xef, 0x78, 0xf7, 0x78, 0xef, 0x78, 0xf7, 0x78, 0xef,
    0x79, 0xf7, 0x98, 0xf7, 0x98, 0xf7, 0x79, 0xef, 0x78, 0xf7, 0x78, 0xf7,
    0x78, 0xf7, 0x99, 0xef, 0x79, 0xf7, 0x78, 0xef, 0x99, 0xef, 0x79, 0xf7,
    0x98, 0xf7, 0x78, 0xef, 0x79, 0xef, 0x99, 0xf7, 0x78, 0xf7, 0x99, 0xef,
    0x99, 0xf7, 0x78, 0xef, 0x98, 0xf7, 0x79, 0xf7, 0x99, 0xf7, 0x99, 0xf7,
    0x79, 0xef, 0x99, 0xf7, 0x99, 0xf7, 0x99, 0xf7, 0x99, 0xf7, 0x9a, 0xf7,
    0x99, 0xf7, 0x9a, 0xf7, 0x9a, 0xf7, 0x9a, 0xf7, 0x9a, 0xf7, 0x99, 0xf7,
    0x99, 0xf7, 0x99, 0xf7, 0x9a, 0xf7, 0x99, 0xf7, 0x79, 0xf7, 0x9a, 0xef,
    0x99, 0xf7, 0x99, 0xf7, 0x9a, 0xf7, 0x9a, 0xf7, 0x78, 0xef, 0x99, 0xf7,
    0x9a, 0xf7, 0x9a, 0xf7, 0x9a, 0xf7, 0x9a, 0xf7, 0x78, 0xef, 0x99, 0xef,
    0x9a, 0xf7, 0x9a, 0xf7, 0x99, 0xf7, 0x9a, 0xf7, 0x9a, 0xf7, 0x9a, 0xf7,
    0x9a, 0xf7, 0x99, 0xf7, 0x99, 0xef, 0x9a, 0xf7, 0x9a, 0xf7, 0x9a, 0xf7,
    0x9a, 0xf7, 0xba, 0xf7, 0x9a, 0xf7, 0xbb, 0xf7, 0x58, 0xef, 0x99, 0xf7,
    0x9a, 0xf7, 0x9a, 0xf7, 0x9a, 0xf7, 0x9a, 0xf7, 0x99, 0xef, 0x9a, 0xf7,
    0xba, 0xf7, 0x9a, 0xf7, 0x79, 0xef, 0x9a, 0xf7, 0x9a, 0xf7, 0xba, 0xf7,
    0x9a, 0xf7, 0xba, 0xf7, 0xba, 0xf7, 0x9a, 0xf7, 0xba, 0xf7, 0x9b, 0xff,
    0x9a, 0xf7, 0x79, 0xef, 0xbb, 0xf7, 0xbb, 0xf7, 0x9b, 0xf7, 0x79, 0xef,
    0x99, 0xf7, 0x9b, 0xf7, 0xba, 0xf7, 0xba, 0xff, 0x9a, 0xf7, 0x79, 0xf7,
    0xbb, 0xff, 0x79, 0xef, 0x58, 0xef, 0xbb, 0xf7, 0x9a, 0xf7, 0xba, 0xf7,
    0xba, 0xf7, 0x9a, 0xf7, 0x9b, 0xf7, 0xba, 0xf7, 0x9a, 0xf7, 0xba, 0xff,
    0xbb, 0xf7, 0x9a, 0xf7, 0x9a, 0xf7, 0xba, 0xf7, 0x9a, 0xf7, 0x9a, 0xf7,
    0xba, 0xf7, 0xba, 0xf7, 0x9a, 0xf7, 0xba, 0xf7, 0x79, 0xef, 0x79, 0xf7,
    0x9a, 0xf7, 0x9a, 0xf7, 0xba, 0xf7, 0x9a, 0xf7, 0xba, 0xf7, 0x9a, 0xf7,
    0x9a, 0xf7, 0xba, 0xf7, 0x99, 0xf7, 0x78, 0xef, 0x9a, 0xf7, 0x9a, 0xf7,
    0x9a, 0xf7, 0x9a, 0xf7, 0x99, 0xf7, 0x99, 0xf7, 0x99, 0xf7, 0x9a, 0xf7,
    0x9a, 0xf7, 0x9a, 0xf7, 0x99, 0xf7, 0x9a, 0xf7, 0x9a, 0xf7, 0x78, 0xef,
    0x99, 0xf7, 0x9a, 0xf7, 0x99, 0xf7, 0x9a, 0xf7, 0x9a, 0xf7, 0x9a, 0xf7,
    0x9a, 0xf7, 0x9a, 0xf7, 0x99, 0xf7, 0x9a, 0xf7, 0x99, 0xf7, 0x99, 0xef,
    0x9a, 0xf7, 0x99, 0xf7, 0x99, 0xf7, 0x99, 0xef, 0x99, 0xf7, 0x99, 0xf7,
    0x79, 0xf7, 0x99, 0xf7, 0x99, 0xf7, 0x79, 0xf7, 0x99, 0xf7, 0x99, 0xef,
    0x79, 0xf7, 0x79, 0xef, 0x98, 0xf7, 0x79, 0xf7, 0x98, 0xf7, 0x98, 0xef,
    0x99, 0xf7, 0x98, 0xef, 0x78, 0xf7, 0x99, 0xf7, 0x79, 0xf7, 0x78, 0xef,
    0x99, 0xf7, 0x79, 0xef, 0x99, 0xef, 0x98, 0xf7, 0x79, 0xef, 0x78, 0xef,
    0x98, 0xf7, 0x78, 0xef, 0x78, 0xf7, 0x78, 0xf7, 0x79, 0xef, 0x78, 0xf7,
    0x78, 0xf7, 0x78, 0xef, 0x78, 0xf7, 0x99, 0xef, 0x78, 0xf7, 0x78, 0xf7,
    0x98, 0xef, 0x78, 0xef, 0x78, 0xf7, 0x98, 0xf7, 0x78, 0xef, 0x78, 0xef,
    0x78, 0xf7, 0x78, 0xf7, 0x78, 0xef, 0x78, 0xf7, 0x78, 0xef, 0x78, 0xef,
    0x78, 0xef, 0x78, 0xef, 0x78, 0xf7, 0x78, 0xef, 0x78, 0xf7, 0x78, 0xef,
    0x78, 0xef, 0x78, 0xf7, 0x78, 0xef, 0x78, 0xef, 0x78, 0xf7, 0x78, 0xf7,
    0x78, 0xef, 0x78, 0xf7, 0x98, 0xef, 0x79, 0xf7, 0x78, 0xef, 0x98, 0xf7,
    0x78, 0xf7, 0x78, 0xef, 0x98, 0xf7, 0x79, 0xef, 0x78, 0xf7, 0x99, 0xf7,
    0x98, 0xef, 0x78, 0xef, 0x99, 0xf7, 0x99, 0xf7, 0x98, 0xf7, 0x98, 0xef,
    0x99, 0xf7, 0x78, 0xf7, 0x98, 0xef, 0x98, 0xf7, 0x78, 0xf7, 0x79, 0xf7,
    0x98, 0xef, 0x78, 0xf7, 0x99, 0xf7, 0x99, 0xef, 0x78, 0xf7, 0x79, 0xf7,
    0x99, 0xf7, 0x79, 0xef, 0x99, 0xef, 0x99, 0xf7, 0x99, 0xf7, 0x79, 0xef,
    0x78, 0xf7, 0x99, 0xf7, 0x99, 0xef, 0x99, 0xf7, 0x99, 0xf7, 0x58, 0xef,
    0x79, 0xf7, 0x79, 0xef, 0x99, 0xf7, 0x99, 0xf7, 0x79, 0xef, 0x9a, 0xf7,
    0x99, 0xf7, 0x99, 0xf7, 0x99, 0xf7, 0x9a, 0xef, 0x99, 0xf7, 0x99, 0xf7,
    0x9a, 0xf7, 0x9a, 0xf7, 0x99, 0xf7, 0x9a, 0xf7, 0x9a, 0xf7, 0x79, 0xef,
    0x9a, 0xf7, 0x9a, 0xf7, 0x9a, 0xf7, 0x9a, 0xf7, 0x9a, 0xf7, 0x78, 0xef,
    0x99, 0xf7, 0x9a, 0xf7, 0x9a, 0xf7, 0x99, 0xf7, 0x99, 0xf7, 0x9a, 0xf7,
    0x9a, 0xf7, 0xba, 0xf7, 0x9a, 0xf7, 0x99, 0xf7, 0x9a, 0xf7, 0x9a, 0xf7,
    0x9a, 0xf7, 0x9a, 0xf7, 0xba, 0xf7, 0x9a, 0xf7, 0x79, 0xef, 0x79, 0xef,
    0x37, 0xe7, 0x9a, 0xf7, 0x9a, 0xf7, 0xba, 0xf7, 0x79, 0xef, 0x9a, 0xf7,
    0x9a, 0xf7, 0xba, 0xf7, 0x79, 0xef, 0x9a, 0xf7, 0x9a, 0xf7, 0x9a, 0xf7,
    0xba, 0xf7, 0x9a, 0xff, 0x9b, 0xf7, 0xbb, 0xf7, 0xba, 0xff, 0xbb, 0xf7,
    0x9a, 0xf7, 0x78, 0xef, 0x9b, 0xff, 0xba, 0xf7, 0xba, 0xf7, 0x79, 0xef,
    0xbb, 0xff, 0x9a, 0xf7, 0x9a, 0xf7, 0xbb, 0xf7, 0x9a, 0xf7, 0x7a, 0xef,
    0xbb, 0xf7, 0x78, 0xef, 0xbb, 0xf7, 0x9a, 0xf7, 0xba, 0xf7, 0x9a, 0xff,
    0xbb, 0xff, 0xba, 0xf7, 0x9a, 0xf7, 0xbb, 0xf7, 0x9a, 0xf7, 0xbb, 0xf7,
    0xba, 0xf7, 0x9a, 0xf7, 0x9a, 0xf7, 0x9a, 0xf7, 0x9a, 0xf7, 0xba, 0xf7,
    0xba, 0xf7, 0x9a, 0xf7, 0x9a, 0xf7, 0x9a, 0xf7, 0x79, 0xf7, 0x99, 0xf7,
    0xba, 0xf7, 0x9a, 0xf7, 0x9a, 0xf7, 0x9a, 0xf7, 0xba, 0xf7, 0x9a, 0xf7,
    0xba, 0xf7, 0x99, 0xf7, 0x78, 0xef, 0x9a, 0xf7, 0x9a, 0xf7, 0xba, 0xf7,
    0xba, 0xf7, 0x79, 0xf7, 0x99, 0xf7, 0x9a, 0xf7, 0x9a, 0xf7, 0x9a, 0xf7,
    0x9a, 0xf7, 0xba, 0xf7, 0x9a, 0xf7, 0x9a, 0xf7, 0x99, 0xef, 0x99, 0xef,
    0x9a, 0xf7, 0x99, 0xf7, 0x9a, 0xf7, 0x9a, 0xf7, 0xb9, 0xf7, 0x99, 0xf7,
    0x9a, 0xf7, 0x99, 0xf7, 0x9a, 0xf7, 0x99, 0xf7, 0x9a, 0xf7, 0x99, 0xf7,
    0x99, 0xf7, 0x9a, 0xef, 0x99, 0xf7, 0x79, 0xf7, 0x99, 0xf7, 0x99, 0xf7,
    0x79, 0xef, 0x99, 0xf7, 0x99, 0xf7, 0x99, 0xf7, 0x99, 0xef, 0x99, 0xf7,
    0x78, 0xf7, 0x99, 0xef, 0x99, 0xf7, 0x99, 0xf7, 0x99, 0xf7, 0x78, 0xf7,
    0x99, 0xf7, 0x79, 0xef, 0x98, 0xef, 0x98, 0xf7, 0x99, 0xf7, 0x78, 0xef,
    0x79, 0xf7, 0x98, 0xf7, 0x78, 0xf7, 0x99, 0xef, 0x98, 0xf7, 0x79, 0xef,
    0x79, 0xf7, 0x98, 0xf7, 0x78, 0xef, 0x98, 0xf7, 0x78, 0xef, 0x78, 0xef,
    0x78, 0xf7, 0x78, 0xef, 0x78, 0xef, 0x98, 0xf7, 0x78, 0xef, 0x78, 0xef,
    0x78, 0xf7, 0x78, 0xef, 0x98, 0xef, 0x78, 0xf7, 0x78, 0xf7, 0x78, 0xef,
    0x78, 0xef, 0x78, 0xf7, 0x78, 0xef, 0x78, 0xef, 0x78, 0xf7, 0x78, 0xef,
    0x78, 0xef, 0x78, 0xef, 0x78, 0xef, 0x78, 0xef, 0x78, 0xf7, 0x78, 0xef,
    0x78, 0xf7, 0x98, 0xf7, 0x78, 0xef, 0x78, 0xf7, 0x98, 0xf7, 0x78, 0xef,
    0x78, 0xf7, 0x78, 0xef, 0x79, 0xf7, 0x98, 0xf7, 0x98, 0xef, 0x99, 0xf7,
    0x79, 0xef, 0x78, 0xf7, 0x78, 0xef, 0x78, 0xf7, 0x78, 0xf7, 0x78, 0xf7,
    0x99, 0xef, 0x78, 0xf7, 0x78, 0xf7, 0x99, 0xef, 0x99, 0xef, 0x78, 0xf7,
    0x79, 0xef, 0x99, 0xf7, 0x78, 0xf7, 0x79, 0xef, 0x99, 0xef, 0x98, 0xf7,
    0x79, 0xf7, 0x79, 0xef, 0x98, 0xf7, 0x99, 0xf7, 0x79, 0xef, 0x98, 0xf7,
    0x78, 0xf7, 0x79, 0xf7, 0x99, 0xef, 0x98, 0xf7, 0x79, 0xef, 0x99, 0xf7,
    0x98, 0xf7, 0x79, 0xf7, 0x99, 0xef, 0x99, 0xf7, 0x79, 0xf7, 0xf5, 0xde,
    0x99, 0xf7, 0x36, 0xe7, 0x37, 0xe7, 0x58, 0xef, 0x15, 0xdf, 0x9a, 0xf7,
    0x99, 0xf7, 0x9a, 0xf7, 0x99, 0xf7, 0x9a, 0xf7, 0x99, 0xf7, 0x9a, 0xf7,
    0x9a, 0xf7, 0x99, 0xf7, 0x99, 0xf7, 0x9a, 0xf7, 0x9a, 0xf7, 0x99, 0xf7,
    0x78, 0xef, 0x99, 0xf7, 0x9a, 0xf7, 0x9a, 0xf7, 0x9a, 0xf7, 0x9a, 0xf7,
    0x78, 0xef, 0x99, 0xf7, 0x9a, 0xf7, 0x9a, 0xf7, 0x9a, 0xef, 0x9a, 0xf7,
    0x9a, 0xf7, 0x9a, 0xf7, 0xba, 0xf7, 0x99, 0xf7, 0x99, 0xf7, 0x9a, 0xf7,
    0x9a, 0xf7, 0x9a, 0xf7, 0x9a, 0xf7, 0x9a, 0xf7, 0xba, 0xf7, 0x9a, 0xf7,
    0x9a, 0xf7, 0xba, 0xf7, 0xba, 0xf7, 0x9b, 0xf7, 0x9a, 0xf7, 0x9a, 0xf7,
    0x9a, 0xf7, 0x9a, 0xf7, 0x79, 0xef, 0x9a, 0xf7, 0x9a, 0xf7, 0xba, 0xf7,
    0xba, 0xf7, 0x9b, 0xff, 0xba, 0xf7, 0xba, 0xf7, 0xbb, 0xf7, 0xbb, 0xff,
    0x9a, 0xf7, 0x79, 0xef, 0x9a, 0xf7, 0x9a, 0xf7, 0x9a, 0xf7, 0x79, 0xf7,
    0xbb, 0xf7, 0x9a, 0xf7, 0x9a, 0xf7, 0xbb, 0xf7, 0x9a, 0xf7, 0x79, 0xef,
    0x9a, 0xf7, 0xbb, 0xf7, 0x9a, 0xf7, 0xba, 0xff, 0xba, 0xf7, 0xbb, 0xf7,
    0xba, 0xf7, 0xba, 0xff, 0x9a, 0xf7, 0xba, 0xff, 0xbb, 0xf7, 0x9a, 0xf7,
    0x9a, 0xf7, 0xba, 0xf7, 0x9a, 0xff, 0x9a, 0xf7, 0xba, 0xf7, 0xba, 0xf7,
    0x9a, 0xf7, 0x9a, 0xf7, 0xba, 0xf7, 0xba, 0xf7, 0x99, 0xf7, 0x99, 0xf7,
    0xba, 0xf7, 0x9a, 0xf7, 0x9a, 0xf7, 0x9a, 0xf7, 0x9a, 0xf7, 0xba, 0xf7,
    0x99, 0xf7, 0x79, 0xef, 0x9a, 0xf7, 0x9a, 0xf7, 0x9a, 0xf7, 0xba, 0xf7,
    0x99, 0xf7, 0x99, 0xf7, 0x9a, 0xf7, 0x9a, 0xf7, 0x9a, 0xf7, 0xba, 0xf7,
    0xba, 0xf7, 0xba, 0xf7, 0xba, 0xf7, 0x99, 0xf7, 0x78, 0xef, 0x9a, 0xf7,
    0x99, 0xf7, 0x99, 0xf7, 0x9a, 0xf7, 0xb9, 0xf7, 0x99, 0xf7, 0x9a, 0xf7,
    0xb9, 0xf7, 0x99, 0xf7, 0x9a, 0xef, 0x99, 0xf7, 0x99, 0xf7, 0x99, 0xf7,
    0x99, 0xf7, 0x99, 0xf7, 0x9a, 0xf7, 0x99, 0xef, 0x99, 0xf7, 0x99, 0xf7,
    0x99, 0xef, 0x79, 0xf7, 0x99, 0xf7, 0x99, 0xef, 0x79, 0xf7, 0x98, 0xf7,
    0x99, 0xf7, 0x99, 0xf7, 0x99, 0xf7, 0x99, 0xef, 0x79, 0xef, 0x79, 0xf7,
    0x99, 0xf7, 0x99, 0xf7, 0x79, 0xef, 0x79, 0xf7, 0x99, 0xef, 0x98, 0xf7,
    0x78, 0xf7, 0x99, 0xef, 0x79, 0xf7, 0x78, 0xf7, 0x98, 0xf7, 0x78, 0xef,
    0x78, 0xef, 0x79, 0xf7, 0x78, 0xef, 0x78, 0xef, 0x78, 0xf7, 0x78, 0xf7,
    0x78, 0xef, 0x79, 0xf7, 0x78, 0xf7, 0x78, 0xf7, 0x78, 0xef, 0x78, 0xef,
    0x78, 0xf7, 0x78, 0xf7, 0x78, 0xef, 0x78, 0xef, 0x78, 0xf7, 0x78, 0xef,
    0x78, 0xef, 0x78, 0xef, 0x78, 0xf7, 0x78, 0xef, 0x78, 0xef, 0x78, 0xf7,
    0x78, 0xf7, 0x78, 0xf7, 0x78, 0xef, 0x78, 0xf7, 0x78, 0xef, 0x78, 0xf7,
    0x78, 0xef, 0x78, 0xef, 0x78, 0xf7, 0x78, 0xef, 0x78, 0xef, 0x78, 0xf7,
    0x78, 0xef, 0x99, 0xef, 0x78, 0xf7, 0x78, 0xef, 0x78, 0xef, 0x98, 0xf7,
    0x78, 0xef, 0x79, 0xef, 0x99, 0xf7, 0x78, 0xf7, 0x78, 0xef, 0x99, 0xef,
    0x99, 0xf7, 0x78, 0xf7, 0x78, 0xef, 0x98, 0xf7, 0x79, 0xf7, 0x99, 0xf7,
    0x98, 0xf7, 0x79, 0xef, 0x99, 0xf7, 0x79, 0xf7, 0x99, 0xef, 0x78, 0xf7,
    0x99, 0xf7, 0x79, 0xf7, 0x78, 0xef, 0x99, 0xf7, 0x99, 0xf7, 0x99, 0xf7,
    0x99, 0xf7, 0x79, 0xef, 0x78, 0xf7, 0x79, 0xf7, 0x99, 0xf7, 0x99, 0xf7,
    0x99, 0xef, 0x99, 0xf7, 0x99, 0xf7, 0x99, 0xf7, 0x99, 0xf7, 0x9a, 0xf7,
    0x9a, 0xf7, 0x9a, 0xf7, 0x99, 0xf7, 0x78, 0xef, 0x78, 0xef, 0x99, 0xf7,
    0x99, 0xf7, 0x99, 0xf7, 0x9a, 0xf7, 0x9a, 0xf7, 0x99, 0xf7, 0x99, 0xf7,
    0x9a, 0xf7, 0x99, 0xf7, 0x9a, 0xf7, 0x9a, 0xf7, 0x99, 0xf7, 0x9a, 0xf7,
    0x9a, 0xf7, 0x79, 0xef, 0x99, 0xf7, 0x9a, 0xf7, 0x9a, 0xf7, 0x9a, 0xf7,
    0x9a, 0xf7, 0x79, 0xef, 0x9a, 0xf7, 0x9a, 0xf7, 0x9a, 0xf7, 0x9a, 0xf7,
    0xba, 0xf7, 0xba, 0xf7, 0x9a, 0xf7, 0x9a, 0xf7, 0x9a, 0xf7, 0x79, 0xef,
    0xba, 0xf7, 0x9a, 0xf7, 0x9a, 0xf7, 0xba, 0xf7, 0x9a, 0xf7, 0xba, 0xf7,
    0x9a, 0xf7, 0xba, 0xf7, 0x9b, 0xf7, 0xba, 0xf7, 0x9a, 0xf7, 0x9a, 0xf7,
    0x9a, 0xf7, 0xbb, 0xf7, 0x79, 0xef, 0x9a, 0xf7, 0x9a, 0xf7, 0xbb, 0xf7,
    0x9b, 0xf7, 0x9a, 0xf7, 0xbb, 0xff, 0xba, 0xf7, 0x9b, 0xff, 0xbb, 0xf7,
    0x9a, 0xf7, 0x79, 0xef, 0xbb, 0xf7, 0x9b, 0xf7, 0x9a, 0xf7, 0x79, 0xef,
    0xbb, 0xff, 0x9a, 0xf7, 0xbb, 0xf7, 0xbb, 0xff, 0x9a, 0xf7, 0x79, 0xef,
    0xba, 0xff, 0x9a, 0xf7, 0xbb, 0xf7, 0xbb, 0xf7, 0x9a, 0xf7, 0x9a, 0xf7,
    0x9a, 0xf7, 0xbb, 0xf7, 0xbb, 0xf7, 0xbb, 0xff, 0x9a, 0xf7, 0x9a, 0xf7,
    0x9a, 0xff, 0xba, 0xf7, 0xba, 0xf7, 0x9b, 0xf7, 0xba, 0xff, 0x9a, 0xf7,
    0x9a, 0xf7, 0x9a, 0xf7, 0xba, 0xf7, 0xbb, 0xf7, 0x79, 0xf7, 0x9a, 0xf7,
    0x9a, 0xf7, 0xba, 0xf7, 0xba, 0xf7, 0x9a, 0xf7, 0x9a, 0xf7, 0x99, 0xf7,
    0x79, 0xef, 0x9a, 0xf7, 0x9a, 0xf7, 0x9a, 0xf7, 0xba, 0xf7, 0x79, 0xf7,
    0x99, 0xf7, 0xba, 0xf7, 0x9a, 0xf7, 0xba, 0xf7, 0x9a, 0xf7, 0x79, 0xef,
    0x78, 0xef, 0x79, 0xef, 0x79, 0xef, 0x58, 0xef, 0x99, 0xf7, 0x9a, 0xf7,
    0x99, 0xf7, 0x9a, 0xf7, 0x9a, 0xf7, 0x99, 0xf7, 0x9a, 0xf7, 0x9a, 0xf7,
    0x99, 0xf7, 0x99, 0xf7, 0x9a, 0xf7, 0x99, 0xf7, 0x99, 0xf7, 0x9a, 0xef,
    0x99, 0xf7, 0x99, 0xf7, 0x99, 0xf7, 0x99, 0xf7, 0x9a, 0xf7, 0x79, 0xf7,
    0x99, 0xf7, 0x99, 0xf7, 0x79, 0xef, 0x99, 0xf7, 0x99, 0xf7, 0x99, 0xf7,
    0x99, 0xef, 0x79, 0xf7, 0x78, 0xf7, 0x98, 0xef, 0x99, 0xf7, 0x98, 0xf7,
    0x98, 0xf7, 0x79, 0xef, 0x78, 0xf7, 0x99, 0xf7, 0x79, 0xef, 0x79, 0xf7,
    0x99, 0xef, 0x99, 0xf7, 0x78, 0xf7, 0x99, 0xf7, 0x99, 0xef, 0x99, 0xf7,
    0x98, 0xf7, 0x78, 0xef, 0x79, 0xf7, 0x98, 0xf7, 0x78, 0xef, 0x78, 0xef,
    0x78, 0xef, 0x78, 0xf7, 0x98, 0xef, 0x78, 0xef, 0x79, 0xf7, 0x98, 0xf7,
    0x98, 0xef, 0x78, 0xf7, 0x78, 0xf7, 0x98, 0xef, 0x78, 0xf7, 0x78, 0xf7,
    0x78, 0xef, 0x78, 0xef, 0x78, 0xf7, 0x78, 0xef, 0x78, 0xef, 0x78, 0xf7,
    0x78, 0xef, 0x78, 0xef, 0x78, 0xf7, 0x78, 0xf7, 0x78, 0xef, 0x78, 0xf7,
    0x78, 0xef, 0x98, 0xf7, 0x78, 0xf7, 0x78, 0xef, 0x98, 0xf7, 0x78, 0xf7,
    0x78, 0xef, 0x78, 0xf7, 0x78, 0xef, 0x78, 0xf7, 0x78, 0xf7, 0x78, 0xef,
    0x79, 0xf7, 0x78, 0xf7, 0x98, 0xf7, 0x79, 0xef, 0x98, 0xf7, 0x98, 0xf7,
    0x78, 0xef, 0x99, 0xf7, 0x99, 0xf7, 0x78, 0xef, 0x78, 0xf7, 0x99, 0xf7,
    0x99, 0xef, 0x78, 0xf7, 0x98, 0xf7, 0x98, 0xf7, 0x79, 0xef, 0x99, 0xf7,
    0x98, 0xf7, 0x79, 0xf7, 0x98, 0xf7, 0x99, 0xef, 0x99, 0xf7, 0x99, 0xf7,
    0x79, 0xef, 0x99, 0xf7, 0x99, 0xf7, 0x78, 0xf7, 0x99, 0xef, 0x79, 0xf7,
    0x99, 0xf7, 0x99, 0xef, 0x99, 0xf7, 0x79, 0xef, 0x99, 0xf7, 0x9a, 0xf7,
    0x99, 0xef, 0x9a, 0xf7, 0x9a, 0xf7, 0x9a, 0xf7, 0x9a, 0xf7, 0x9a, 0xf7,
    0x9a, 0xf7, 0x99, 0xf7, 0x9a, 0xef, 0x99, 0xf7, 0x9a, 0xf7, 0x9a, 0xef,
    0x99, 0xf7, 0x9a, 0xf7, 0x99, 0xf7, 0xba, 0xf7, 0x9a, 0xf7, 0x9a, 0xf7,
    0x9a, 0xf7, 0x9a, 0xf7, 0x79, 0xef, 0x99, 0xf7, 0x9a, 0xf7, 0x9a, 0xf7,
    0xba, 0xf7, 0x9a, 0xf7, 0x78, 0xef, 0x9a, 0xf7, 0xba, 0xf7, 0xba, 0xf7,
    0x99, 0xf7, 0x9a, 0xf7, 0x9a, 0xf7, 0xba, 0xf7, 0xba, 0xf7, 0x9a, 0xf7,
    0x79, 0xef, 0x9a, 0xf7, 0x9a, 0xf7, 0xba, 0xf7, 0x9a, 0xf7, 0x9a, 0xf7,
    0xba, 0xf7, 0x9b, 0xf7, 0x9a, 0xff, 0xba, 0xf7, 0x9a, 0xf7, 0x9a, 0xf7,
    0xba, 0xf7, 0x9b, 0xf7, 0x79, 0xef, 0x9a, 0xf7, 0x9a, 0xff, 0xba, 0xf7,
    0xbb, 0xf7, 0xba, 0xf7, 0xbb, 0xf7, 0xba, 0xff, 0xba, 0xf7, 0xbb, 0xf7,
    0x9a, 0xf7, 0x59, 0xef, 0xbb, 0xff, 0xbb, 0xf7, 0x9a, 0xf7, 0x79, 0xef,
    0xbb, 0xff, 0x9a, 0xf7, 0xbb, 0xf7, 0xbb, 0xff, 0x9a, 0xf7, 0x79, 0xef,
    0xbb, 0xff, 0xbb, 0xf7, 0xba, 0xff, 0x9a, 0xf7, 0xbb, 0xf7, 0xba, 0xff,
    0x9b, 0xf7, 0xbb, 0xf7, 0xba, 0xf7, 0x9a, 0xf7, 0x9a, 0xf7, 0xbb, 0xff,
    0x9a, 0xf7, 0xba, 0xf7, 0x9b, 0xf7, 0xba, 0xf7, 0xbb, 0xf7, 0xbb, 0xf7,
    0xba, 0xff, 0x9a, 0xf7, 0x9b, 0xf7, 0xbb, 0xf7, 0x79, 0xf7, 0x9a, 0xf7,
    0x9a, 0xf7, 0xba, 0xf7, 0x9a, 0xf7, 0xba, 0xf7, 0x99, 0xf7, 0x78, 0xef,
    0x9a, 0xf7, 0xba, 0xf7, 0xba, 0xf7, 0xba, 0xf7, 0x79, 0xf7, 0x99, 0xf7,
    0xbb, 0xf7, 0x9a, 0xf7, 0xba, 0xf7, 0xba, 0xf7, 0x79, 0xef, 0x79, 0xef,
    0x99, 0xf7, 0x99, 0xf7, 0x79, 0xef, 0x99, 0xf7, 0x9a, 0xf7, 0x9a, 0xf7,
    0xba, 0xf7, 0x9a, 0xf7, 0xb9, 0xf7, 0x99, 0xf7, 0xba, 0xf7, 0x9a, 0xf7,
    0x99, 0xf7, 0x9a, 0xf7, 0x99, 0xf7, 0x9a, 0xf7, 0x99, 0xf7, 0x99, 0xf7,
    0x9a, 0xf7, 0x99, 0xf7, 0x79, 0xef, 0x99, 0xf7, 0x99, 0xf7, 0x99, 0xf7,
    0x99, 0xf7, 0x99, 0xef, 0x99, 0xf7, 0x79, 0xf7, 0x99, 0xf7, 0x99, 0xef,
    0x99, 0xf7, 0x99, 0xf7, 0x79, 0xf7, 0x79, 0xf7, 0x99, 0xf7, 0x98, 0xf7,
    0x79, 0xef, 0x99, 0xf7, 0x99, 0xf7, 0x98, 0xf7, 0x78, 0xef, 0x79, 0xf7,
    0x98, 0xf7, 0x99, 0xf7, 0x99, 0xf7, 0x98, 0xef, 0x79, 0xf7, 0x79, 0xef,
    0x98, 0xf7, 0x78, 0xef, 0x78, 0xf7, 0x78, 0xf7, 0x78, 0xef, 0x78, 0xf7,
    0x78, 0xef, 0x78, 0xf7, 0x78, 0xef, 0x78, 0xef, 0x78, 0xf7, 0x78, 0xef,
    0x78, 0xef, 0x79, 0xf7, 0x98, 0xef, 0x78, 0xef, 0x78, 0xef, 0x78, 0xf7,
    0x78, 0xef, 0x78, 0xf7, 0x78, 0xef, 0x78, 0xf7, 0x78, 0xef, 0x78, 0xef,
    0x78, 0xef, 0x78, 0xef, 0x78, 0xf7, 0x78, 0xef, 0x78, 0xef, 0x78, 0xef,
    0x98, 0xf7, 0x78, 0xef, 0x78, 0xef, 0x78, 0xf7, 0x78, 0xef, 0x78, 0xef,
    0x98, 0xf7, 0x78, 0xf7, 0x78, 0xef, 0x99, 0xef, 0x78, 0xf7, 0x78, 0xef,
    0x99, 0xf7, 0x98, 0xf7, 0x78, 0xf7, 0x99, 0xef, 0x99, 0xf7, 0x78, 0xf7,
    0x78, 0xef, 0x99, 0xf7, 0x79, 0xf7, 0x98, 0xef, 0x79, 0xef, 0x79, 0xf7,
    0x98, 0xef, 0x79, 0xf7, 0x79, 0xef, 0x98, 0xef, 0x99, 0xf7, 0x99, 0xf7,
    0x78, 0xef, 0x99, 0xf7, 0x99, 0xf7, 0x78, 0xef, 0x99, 0xf7, 0x98, 0xf7,
    0x78, 0xf7, 0x79, 0xef, 0x99, 0xef, 0x99, 0xf7, 0x79, 0xef, 0x99, 0xf7,
    0x79, 0xf7, 0x99, 0xf7, 0x99, 0xf7, 0x99, 0xf7, 0x99, 0xf7, 0x16, 0xdf,
    0x78, 0xef, 0x36, 0xe7, 0x57, 0xe7, 0x79, 0xef, 0x37, 0xe7, 0x9a, 0xf7,
    0x9a, 0xf7, 0x99, 0xf7, 0x99, 0xf7, 0x9a, 0xf7, 0x99, 0xf7, 0x99, 0xf7,
    0x9a, 0xf7, 0x9a, 0xf7, 0x99, 0xf7, 0x9a, 0xf7, 0xba, 0xf7, 0x99, 0xf7,
    0x9a, 0xf7, 0x9a, 0xf7, 0x9a, 0xf7, 0x78, 0xef, 0x9a, 0xf7, 0x9a, 0xf7,
    0x9a, 0xf7, 0xba, 0xf7, 0x9a, 0xf7, 0x79, 0xef, 0x9a, 0xf7, 0xba, 0xf7,
    0x9a, 0xf7, 0x9a, 0xf7, 0x9a, 0xf7, 0xba, 0xf7, 0x9a, 0xf7, 0x9a, 0xf7,
    0x9a, 0xf7, 0x79, 0xf7, 0x9a, 0xf7, 0xba, 0xf7, 0x9a, 0xf7, 0xbb, 0xff,
    0xba, 0xf7, 0x9a, 0xf7, 0x9a, 0xf7, 0xbb, 0xf7, 0x9a, 0xf7, 0xba, 0xf7,
    0xbb, 0xff, 0xbb, 0xf7, 0x79, 0xef, 0x9a, 0xf7, 0x9a, 0xf7, 0x9b, 0xf7,
    0xba, 0xff, 0xbb, 0xf7, 0x9a, 0xf7, 0xbb, 0xf7, 0xbb, 0xf7, 0xbb, 0xff,
    0x9a, 0xf7, 0x78, 0xef, 0xbb, 0xff, 0xbb, 0xf7, 0xba, 0xf7, 0x79, 0xef,
    0xbb, 0xf7, 0xba, 0xf7, 0x9a, 0xf7, 0xbb, 0xf7, 0x9a, 0xf7, 0x79, 0xef,
    0xbb, 0xff, 0xbb, 0xf7, 0x9a, 0xf7, 0xbb, 0xff, 0xbb, 0xf7, 0xbb, 0xf7,
    0xba, 0xff, 0xba, 0xf7, 0x9a, 0xf7, 0x9a, 0xf7, 0xbb, 0xf7, 0xbb, 0xf7,
    0xba, 0xf7, 0xbb, 0xf7, 0xba, 0xff, 0xba, 0xf7, 0xba, 0xf7, 0x9b, 0xff,
    0xba, 0xf7, 0x9a, 0xf7, 0xbb, 0xff, 0x9a, 0xf7, 0x99, 0xef, 0x9a, 0xf7,
    0x9a, 0xf7, 0x9a, 0xf7, 0xbb, 0xf7, 0x9a, 0xf7, 0x79, 0xef, 0x9a, 0xf7,
    0x9a, 0xf7, 0xba, 0xf7, 0x9a, 0xff, 0x79, 0xf7, 0x9a, 0xf7, 0xbb, 0xf7,
    0xba, 0xf7, 0x9a, 0xf7, 0x9a, 0xf7, 0x9a, 0xf7, 0x78, 0xef, 0xba, 0xf7,
    0xba, 0xf7, 0x9a, 0xf7, 0xba, 0xf7, 0x9a, 0xf7, 0x9a, 0xf7, 0x99, 0xf7,
    0x99, 0xf7, 0x99, 0xf7, 0x9a, 0xf7, 0xb9, 0xf7, 0x99, 0xf7, 0x9a, 0xf7,
    0xb9, 0xf7, 0x9a, 0xf7, 0x99, 0xf7, 0x99, 0xf7, 0x99, 0xf7, 0x99, 0xf7,
    0x99, 0xf7, 0x9a, 0xf7, 0x99, 0xf7, 0x99, 0xef, 0x9a, 0xf7, 0x99, 0xf7,
    0x79, 0xef, 0x99, 0xf7, 0x99, 0xf7, 0x99, 0xf7, 0x99, 0xf7, 0x99, 0xf7,
    0x79, 0xf7, 0x99, 0xf7, 0x98, 0xef, 0x79, 0xf7, 0x79, 0xf7, 0x98, 0xef,
    0x99, 0xef, 0x99, 0xf7, 0x79, 0xf7, 0x99, 0xf7, 0x98, 0xef, 0x79, 0xf7,
    0x98, 0xf7, 0x99, 0xef, 0x99, 0xf7, 0x99, 0xf7, 0x78, 0xef, 0x78, 0xf7,
    0x99, 0xf7, 0x99, 0xef, 0x78, 0xf7, 0x79, 0xef, 0x78, 0xef, 0x78, 0xf7,
    0x78, 0xf7, 0x78, 0xef, 0x78, 0xf7, 0x78, 0xef, 0x98, 0xef, 0x78, 0xf7,
    0x78, 0xf7, 0x78, 0xef, 0x78, 0xf7, 0x78, 0xf7, 0x78, 0xef, 0x78, 0xef,
    0x78, 0xf7, 0x78, 0xf7, 0x78, 0xef, 0x78, 0xf7, 0x78, 0xef, 0x78, 0xef,
    0x78, 0xef, 0x78, 0xf7, 0x78, 0xef, 0x78, 0xf7, 0x78, 0xf7, 0x78, 0xef,
    0x78, 0xef, 0x78, 0xef, 0x78, 0xf7, 0x78, 0xf7, 0x78, 0xef, 0x78, 0xef,
    0x78, 0xf7, 0x98, 0xef, 0x78, 0xf7, 0x79, 0xf7, 0x78, 0xf7, 0x78, 0xef,
    0x79, 0xef, 0x78, 0xef, 0x98, 0xf7, 0x79, 0xf7, 0x78, 0xef, 0x78, 0xf7,
    0x99, 0xef, 0x78, 0xf7, 0x98, 0xf7, 0x99, 0xef, 0x99, 0xf7, 0x98, 0xf7,
    0x79, 0xf7, 0x99, 0xef, 0x99, 0xf7, 0x99, 0xf7, 0x98, 0xf7, 0x99, 0xf7,
    0x99, 0xef, 0x99, 0xf7, 0x99, 0xef, 0x79, 0xf7, 0x99, 0xf7, 0x99, 0xef,
    0x79, 0xf7, 0x79, 0xf7, 0x98, 0xef, 0x79, 0xf7, 0x99, 0xf7, 0x99, 0xf7,
    0x99, 0xef, 0x79, 0xf7, 0x99, 0xf7, 0x99, 0xf7, 0x99, 0xf7, 0x37, 0xe7,
    0x79, 0xf7, 0x57, 0xe7, 0x58, 0xef, 0x79, 0xf7, 0x57, 0xef, 0x9a, 0xf7,
    0x99, 0xf7, 0x9a, 0xf7, 0x9a, 0xf7, 0x99, 0xf7, 0x9a, 0xf7, 0x9a, 0xf7,
    0x99, 0xf7, 0x99, 0xf7, 0xba, 0xf7, 0x9a, 0xf7, 0x99, 0xf7, 0xba, 0xf7,
    0x9a, 0xf7, 0x99, 0xf7, 0x9a, 0xf7, 0x9a, 0xf7, 0x78, 0xef, 0x9a, 0xf7,
    0xba, 0xf7, 0x9a, 0xf7, 0xba, 0xf7, 0x9a, 0xf7, 0x79, 0xef, 0x9a, 0xf7,
    0xbb, 0xf7, 0x9a, 0xf7, 0x9a, 0xf7, 0xba, 0xf7, 0x9a, 0xf7, 0x9a, 0xf7,
    0xba, 0xf7, 0x9a, 0xf7, 0x7a, 0xf7, 0x9a, 0xf7, 0x9a, 0xf7, 0xbb, 0xf7,
    0x9a, 0xf7, 0xba, 0xf7, 0xbb, 0xf7, 0x9b, 0xff, 0x9a, 0xf7, 0x9a, 0xf7,
    0x9a, 0xf7, 0xbb, 0xf7, 0x79, 0xef, 0x9a, 0xf7, 0x9b, 0xf7, 0xba, 0xf7,
    0x9b, 0xff, 0xba, 0xf7, 0xbb, 0xf7, 0x9a, 0xff, 0x9b, 0xf7, 0xbb, 0xf7,
    0x9a, 0xf7, 0x79, 0xef, 0xbb, 0xf7, 0xbb, 0xff, 0xbb, 0xf7, 0x79, 0xef,
    0xbb, 0xff, 0xbb, 0xf7, 0x9b, 0xf7, 0xbb, 0xf7, 0x9a, 0xf7, 0x79, 0xef,
    0xbb, 0xff, 0xbb, 0xf7, 0xbb, 0xf7, 0xba, 0xf7, 0xbb, 0xff, 0xbb, 0xf7,
    0xbb, 0xff, 0x9a, 0xf7, 0x9a, 0xf7, 0xbb, 0xff, 0xbb, 0xff, 0xba, 0xf7,
    0xbb, 0xf7, 0x9a, 0xff, 0xba, 0xf7, 0xbb, 0xf7, 0x9a, 0xf7, 0x9a, 0xf7,
    0x9a, 0xf7, 0xbb, 0xf7, 0xba, 0xf7, 0xba, 0xf7, 0x79, 0xf7, 0x9a, 0xf7,
    0xbb, 0xf7, 0x9a, 0xf7, 0x99, 0xf7, 0x79, 0xef, 0x9a, 0xf7, 0xba, 0xf7,
    0x9a, 0xf7, 0xba, 0xff, 0x79, 0xef, 0x99, 0xf7, 0xba, 0xf7, 0x9a, 0xf7,
    0xba, 0xf7, 0xba, 0xf7, 0x9a, 0xf7, 0x9a, 0xf7, 0x79, 0xef, 0xba, 0xf7,
    0xba, 0xf7, 0x9a, 0xf7, 0x9a, 0xf7, 0x9a, 0xf7, 0xb9, 0xf7, 0x9a, 0xf7,
    0x9a, 0xf7, 0xb9, 0xf7, 0x9a, 0xf7, 0x9a, 0xf7, 0x99, 0xf7, 0x9a, 0xf7,
    0xba, 0xf7, 0x99, 0xf7, 0x9a, 0xf7, 0x99, 0xf7, 0x9a, 0xf7, 0x99, 0xef,
    0x99, 0xef, 0x79, 0xf7, 0x99, 0xf7, 0x99, 0xf7, 0x99, 0xf7, 0x99, 0xf7,
    0x99, 0xf7, 0x79, 0xf7, 0x79, 0xef, 0x99, 0xf7, 0x99, 0xf7, 0x79, 0xef,
    0x99, 0xf7, 0x99, 0xf7, 0x99, 0xef, 0x78, 0xef, 0x99, 0xf7, 0x79, 0xf7,
    0x98, 0xf7, 0x99, 0xf7, 0x99, 0xef, 0x79, 0xf7, 0x99, 0xf7, 0x78, 0xef,
    0x99, 0xf7, 0x99, 0xf7, 0x79, 0xf7, 0x99, 0xef, 0x78, 0xf7, 0x99, 0xf7,
    0x79, 0xef, 0x98, 0xf7, 0x78, 0xf7, 0x78, 0xef, 0x98, 0xef, 0x78, 0xf7,
    0x79, 0xef, 0x98, 0xef, 0x78, 0xf7, 0x79, 0xf7, 0x99, 0xef, 0x78, 0xf7,
    0x98, 0xef, 0x78, 0xef, 0x78, 0xef, 0x98, 0xf7, 0x78, 0xef, 0x78, 0xef,
    0x78, 0xef, 0x78, 0xef, 0x78, 0xef, 0x78, 0xf7, 0x78, 0xef, 0x78, 0xf7,
    0x78, 0xef, 0x78, 0xef, 0x78, 0xef, 0x78, 0xef, 0x78, 0xf7, 0x78, 0xef,
    0x78, 0xf7, 0x78, 0xef, 0x78, 0xef, 0x98, 0xf7, 0x78, 0xf7, 0x99, 0xf7,
    0x78, 0xf7, 0x78, 0xef, 0x98, 0xf7, 0x78, 0xf7, 0x98, 0xf7, 0x98, 0xf7,
    0x99, 0xf7, 0x78, 0xf7, 0x78, 0xef, 0x99, 0xf7, 0x98, 0xf7, 0x78, 0xef,
    0x99, 0xf7, 0x78, 0xef, 0x79, 0xf7, 0x99, 0xf7, 0x98, 0xef, 0x78, 0xf7,
    0x98, 0xf7, 0x79, 0xef, 0x98, 0xf7, 0x79, 0xf7, 0x79, 0xef, 0x98, 0xf7,
    0x79, 0xf7, 0x98, 0xf7, 0x79, 0xef, 0x79, 0xf7, 0x98, 0xf7, 0x99, 0xef,
    0x79, 0xf7, 0x99, 0xf7, 0x99, 0xf7, 0x78, 0xef, 0x79, 0xf7, 0x99, 0xf7,
    0x99, 0xf7, 0x99, 0xf7, 0x99, 0xef, 0x99, 0xf7, 0x99, 0xf7, 0x9a, 0xf7,
    0x99, 0xf7, 0x99, 0xf7, 0x9a, 0xf7, 0x9a, 0xf7, 0xba, 0xf7, 0x99, 0xf7,
    0x99, 0xf7, 0x9a, 0xf7, 0x9a, 0xf7, 0x99, 0xf7, 0x9a, 0xf7, 0x9a, 0xf7,
    0x9a, 0xf7, 0xba, 0xf7, 0x9a, 0xf7, 0x99, 0xf7, 0x9a, 0xf7, 0x9a, 0xf7,
    0x99, 0xf7, 0xba, 0xf7, 0x9a, 0xf7, 0xba, 0xf7, 0x9a, 0xf7, 0x78, 0xef,
    0x9a, 0xf7, 0x9a, 0xf7, 0x9a, 0xf7, 0xba, 0xf7, 0x9a, 0xf7, 0x78, 0xef,
    0x9a, 0xf7, 0xbb, 0xf7, 0xba, 0xf7, 0x9a, 0xf7, 0x9a, 0xf7, 0xbb, 0xf7,
    0x9a, 0xf7, 0xbb, 0xf7, 0x9a, 0xf7, 0x99, 0xf7, 0xba, 0xf7, 0x9a, 0xf7,
    0x9b, 0xff, 0xbb, 0xf7, 0x9a, 0xf7, 0xba, 0xf7, 0x9a, 0xf7, 0xba, 0xf7,
    0x9a, 0xf7, 0xba, 0xff, 0x79, 0xef, 0x9a, 0xf7, 0xbb, 0xf7, 0x9a, 0xf7,
    0xbb, 0xf7, 0xbb, 0xf7, 0xbb, 0xff, 0xba, 0xf7, 0xba, 0xf7, 0xbb, 0xff,
    0x9a, 0xf7, 0x79, 0xef, 0xbb, 0xff, 0xbb, 0xf7, 0x9b, 0xf7, 0x59, 0xef,
    0xbb, 0xff, 0xba, 0xf7, 0x9b, 0xff, 0xbb, 0xff, 0x9a, 0xf7, 0x79, 0xef,
    0xbb, 0xff, 0xbb, 0xf7, 0xbb, 0xff, 0xbb, 0xf7, 0xba, 0xf7, 0xbb, 0xff,
    0x9b, 0xf7, 0x9a, 0xf7, 0xbb, 0xf7, 0xbb, 0xf7, 0xba, 0xff, 0xbb, 0xff,
    0xba, 0xf7, 0xbb, 0xff, 0xbb, 0xff, 0xbb, 0xf7, 0x9a, 0xf7, 0xbb, 0xff,
    0xbb, 0xf7, 0x9a, 0xf7, 0x9a, 0xf7, 0x9a, 0xf7, 0x79, 0xf7, 0xbb, 0xf7,
    0xbb, 0xf7, 0x79, 0xf7, 0x79, 0xef, 0xba, 0xf7, 0x9a, 0xf7, 0xba, 0xff,
    0x9b, 0xf7, 0x79, 0xef, 0x99, 0xf7, 0xbb, 0xf7, 0x9a, 0xf7, 0x9a, 0xf7,
    0x9a, 0xf7, 0xba, 0xf7, 0xba, 0xf7, 0x79, 0xf7, 0x9a, 0xf7, 0x9a, 0xf7,
    0x9a, 0xf7, 0x9a, 0xf7, 0x9a, 0xf7, 0x99, 0xf7, 0x9a, 0xf7, 0x9a, 0xf7,
    0x9a, 0xf7, 0xba, 0xf7, 0x9a, 0xf7, 0x9a, 0xf7, 0x9a, 0xf7, 0xb9, 0xf7,
    0x99, 0xf7, 0x9a, 0xf7, 0x99, 0xf7, 0x99, 0xf7, 0x99, 0xf7, 0x9a, 0xf7,
    0x99, 0xf7, 0x99, 0xf7, 0x9a, 0xf7, 0x99, 0xf7, 0x99, 0xf7, 0x99, 0xf7,
    0x99, 0xf7, 0x99, 0xef, 0x99, 0xf7, 0x99, 0xf7, 0x99, 0xef, 0x99, 0xf7,
    0x99, 0xf7, 0x99, 0xf7, 0x99, 0xf7, 0x99, 0xf7, 0x78, 0xf7, 0x99, 0xf7,
    0x99, 0xf7, 0x98, 0xf7, 0x78, 0xef, 0x78, 0xf7, 0x99, 0xf7, 0x99, 0xf7,
    0x99, 0xef, 0x79, 0xf7, 0x99, 0xf7, 0x99, 0xef, 0x98, 0xf7, 0x79, 0xef,
    0x98, 0xef, 0x79, 0xf7, 0x99, 0xf7, 0x98, 0xf7, 0x78, 0xef, 0x78, 0xf7,
    0x78, 0xf7, 0x98, 0xef, 0x78, 0xf7, 0x78, 0xef, 0x98, 0xf7, 0x79, 0xef,
    0x78, 0xf7, 0x78, 0xf7, 0x78, 0xef, 0x78, 0xf7, 0x78, 0xf7, 0x78, 0xf7,
    0x78, 0xef, 0x78, 0xef, 0x78, 0xf7, 0x78, 0xef, 0x78, 0xef, 0x78, 0xef,
    0x78, 0xf7, 0x78, 0xef, 0x78, 0xf7, 0x78, 0xef, 0x78, 0xef, 0x78, 0xf7,
    0x78, 0xef, 0x98, 0xf7, 0x78, 0xef, 0x78, 0xef, 0x78, 0xef, 0x78, 0xef,
    0x78, 0xf7, 0x78, 0xf7, 0x78, 0xef, 0x78, 0xef, 0x99, 0xef, 0x99, 0xf7,
    0x78, 0xf7, 0x99, 0xef, 0x78, 0xf7, 0x78, 0xef, 0x98, 0xf7, 0x99, 0xf7,
    0x79, 0xef, 0x98, 0xf7, 0x99, 0xf7, 0x99, 0xf7, 0x99, 0xef, 0x78, 0xf7,
    0x79, 0xef, 0x99, 0xf7, 0x78, 0xf7, 0x79, 0xf7, 0x99, 0xef, 0x98, 0xf7,
    0x99, 0xf7, 0x99, 0xf7, 0x98, 0xef, 0x99, 0xf7, 0x99, 0xf7, 0x98, 0xf7,
    0x99, 0xf7, 0x99, 0xf7, 0x99, 0xf7, 0x79, 0xf7, 0x99, 0xef, 0x99, 0xf7,
    0x99, 0xf7, 0x99, 0xef, 0x79, 0xf7, 0x99, 0xf7, 0x99, 0xf7, 0x99, 0xf7,
    0x99, 0xf7, 0x99, 0xf7, 0x99, 0xf7, 0x9a, 0xf7, 0x99, 0xf7, 0x99, 0xf7,
    0x9a, 0xf7, 0xba, 0xf7, 0x99, 0xf7, 0x99, 0xf7, 0xb9, 0xf7, 0x99, 0xf7,
    0x9a, 0xf7, 0x99, 0xf7, 0x9a, 0xf7, 0xba, 0xf7, 0x9a, 0xf7, 0x99, 0xf7,
    0xba, 0xf7, 0x9a, 0xf7, 0x9a, 0xf7, 0x9a, 0xf7, 0x9a, 0xf7, 0x9a, 0xf7,
    0x78, 0xef, 0x9a, 0xf7, 0xbb, 0xf7, 0x9a, 0xf7, 0x9a, 0xf7, 0x9a, 0xf7,
    0x79, 0xef, 0x9a, 0xf7, 0xbb, 0xf7, 0x9a, 0xf7, 0x79, 0xf7, 0xba, 0xf7,
    0xbb, 0xf7, 0x9a, 0xf7, 0x9a, 0xf7, 0x9a, 0xf7, 0x9a, 0xf7, 0x9b, 0xf7,
    0xba, 0xf7, 0xba, 0xff, 0x9b, 0xf7, 0xbb, 0xf7, 0x9a, 0xf7, 0xbb, 0xf7,
    0x9b, 0xf7, 0xbb, 0xf7, 0x79, 0xef, 0x9a, 0xf7, 0x9b, 0xf7, 0xbb, 0xff,
    0xba, 0xf7, 0xba, 0xf7, 0x9b, 0xf7, 0xbb, 0xff, 0xbb, 0xf7, 0xbb, 0xff,
    0x9a, 0xf7, 0x79, 0xef, 0xbb, 0xff, 0xbb, 0xf7, 0x9a, 0xf7, 0x59, 0xef,
    0xbb, 0xf7, 0xbb, 0xf7, 0xbb, 0xf7, 0xbb, 0xf7, 0x9a, 0xf7, 0x79, 0xef,
    0xbb, 0xff, 0xbb, 0xf7, 0xbb, 0xff, 0xbb, 0xf7, 0xbb, 0xff, 0x9a, 0xf7,
    0x9a, 0xf7, 0xbb, 0xff, 0xbb, 0xf7, 0xba, 0xf7, 0xbb, 0xf7, 0xbb, 0xf7,
    0xba, 0xf7, 0xbb, 0xf7, 0x9a, 0xff, 0xba, 0xf7, 0xbb, 0xf7, 0xba, 0xff,
    0xbb, 0xf7, 0xba, 0xff, 0x9a, 0xf7, 0x79, 0xef, 0xbb, 0xf7, 0xbb, 0xf7,
    0x9a, 0xf7, 0x79, 0xef, 0x9a, 0xf7, 0x9a, 0xf7, 0xba, 0xff, 0xbb, 0xff,
    0x79, 0xf7, 0x99, 0xef, 0xbb, 0xf7, 0x9a, 0xf7, 0xba, 0xf7, 0xba, 0xf7,
    0x9a, 0xf7, 0x9a, 0xf7, 0x79, 0xf7, 0x9a, 0xf7, 0x9a, 0xf7, 0x9a, 0xf7,
    0xba, 0xf7, 0x9a, 0xf7, 0x9a, 0xf7, 0xba, 0xf7, 0x99, 0xf7, 0x9a, 0xf7,
    0x9a, 0xf7, 0x99, 0xf7, 0x99, 0xf7, 0x9a, 0xf7, 0xba, 0xf7, 0x99, 0xf7,
    0x9a, 0xf7, 0x9a, 0xf7, 0x99, 0xf7, 0x9a, 0xf7, 0x99, 0xf7, 0x9a, 0xf7,
    0x99, 0xf7, 0x99, 0xef, 0x9a, 0xf7, 0x79, 0xf7, 0x99, 0xf7, 0x9a, 0xf7,
    0x99, 0xf7, 0x99, 0xf7, 0x79, 0xf7, 0x99, 0xf7, 0x79, 0xf7, 0x99, 0xf7,
    0x79, 0xef, 0x99, 0xf7, 0x78, 0xef, 0x99, 0xf7, 0x99, 0xf7, 0x99, 0xef,
    0x79, 0xef, 0x99, 0xf7, 0x98, 0xf7, 0x79, 0xef, 0x99, 0xf7, 0x98, 0xf7,
    0x99, 0xef, 0x99, 0xf7, 0x99, 0xf7, 0x98, 0xef, 0x99, 0xf7, 0x99, 0xf7,
    0x79, 0xf7, 0x78, 0xef, 0x78, 0xf7, 0x79, 0xef, 0x78, 0xef, 0x78, 0xf7,
    0x79, 0xef, 0x78, 0xf7, 0x78, 0xef, 0x78, 0xf7, 0x78, 0xef, 0x78, 0xf7,
    0x79, 0xef, 0x98, 0xf7, 0x78, 0xef, 0x78, 0xef, 0x78, 0xf7, 0x98, 0xf7,
    0x78, 0xf7, 0x78, 0xef, 0x78, 0xf7, 0x78, 0xef, 0x78, 0xf7, 0x78, 0xef,
    0x78, 0xef, 0x78, 0xf7, 0x78, 0xef, 0x78, 0xf7, 0x78, 0xef, 0x78, 0xef,
    0x78, 0xf7, 0x78, 0xef, 0x78, 0xf7, 0x78, 0xef, 0x98, 0xf7, 0x78, 0xef,
    0x98, 0xef, 0x79, 0xf7, 0x78, 0xef, 0x98, 0xef, 0x78, 0xf7, 0x78, 0xef,
    0x79, 0xef, 0x78, 0xf7, 0x78, 0xf7, 0x79, 0xef, 0x98, 0xf7, 0x78, 0xf7,
    0x79, 0xef, 0x98, 0xf7, 0x78, 0xef, 0x78, 0xef, 0x99, 0xf7, 0x78, 0xf7,
    0x99, 0xef, 0x99, 0xf7, 0x98, 0xef, 0x99, 0xf7, 0x99, 0xf7, 0x78, 0xef,
    0x99, 0xf7, 0x79, 0xf7, 0x99, 0xf7, 0x99, 0xf7, 0x79, 0xf7, 0x79, 0xef,
    0x79, 0xef, 0x99, 0xf7, 0x99, 0xf7, 0x99, 0xf7, 0x99, 0xf7, 0x79, 0xef,
    0x99, 0xf7, 0x99, 0xf7, 0x79, 0xf7, 0x99, 0xef, 0x9a, 0xf7, 0x79, 0xf7,
    0x99, 0xf7, 0x9a, 0xf7, 0x99, 0xf7, 0x9a, 0xf7, 0x9a, 0xf7, 0x99, 0xf7,
    0x9a, 0xf7, 0x99, 0xf7, 0x9a, 0xf7, 0x9a, 0xf7, 0x9a, 0xf7, 0x99, 0xf7,
    0x9a, 0xf7, 0x99, 0xf7, 0x9a, 0xf7, 0xba, 0xf7, 0x9a, 0xf7, 0x9a, 0xf7,
    0x9a, 0xf7, 0x99, 0xf7, 0xba, 0xf7, 0x9a, 0xf7, 0x9a, 0xf7, 0xba, 0xf7,
    0x9a, 0xf7, 0x78, 0xef, 0x9a, 0xf7, 0xba, 0xf7, 0x9a, 0xf7, 0x9a, 0xf7,
    0x9a, 0xf7, 0x78, 0xef, 0x9a, 0xf7, 0x9b, 0xf7, 0x9a, 0xf7, 0x99, 0xf7,
    0x9a, 0xf7, 0xba, 0xf7, 0x9a, 0xf7, 0x9a, 0xf7, 0x9a, 0xf7, 0xbb, 0xf7,
    0x9a, 0xf7, 0xba, 0xf7, 0x9b, 0xff, 0xbb, 0xf7, 0x9a, 0xf7, 0x9a, 0xff,
    0xbb, 0xf7, 0xbb, 0xff, 0x79, 0xef, 0x9a, 0xf7, 0x9b, 0xff, 0xbb, 0xff,
    0xba, 0xf7, 0x9b, 0xf7, 0xbb, 0xff, 0xba, 0xf7, 0xbb, 0xf7, 0xbb, 0xf7,
    0xbb, 0xf7, 0x79, 0xef, 0xbb, 0xff, 0xbb, 0xf7, 0xbb, 0xf7, 0x79, 0xef,
    0xbb, 0xff, 0x9a, 0xf7, 0xbb, 0xf7, 0xbb, 0xff, 0x9a, 0xf7, 0x79, 0xef,
    0xbb, 0xff, 0xbb, 0xff, 0xba, 0xf7, 0xbb, 0xff, 0x9a, 0xf7, 0x9a, 0xf7,
    0xbb, 0xf7, 0xbb, 0xff, 0xbb, 0xf7, 0x9b, 0xff, 0xbb, 0xff, 0xba, 0xf7,
    0xbb, 0xff, 0xbb, 0xf7, 0xbb, 0xf7, 0xba, 0xf7, 0xbb, 0xff, 0x9b, 0xf7,
    0xbb, 0xf7, 0x9a, 0xf7, 0x99, 0xf7, 0xbb, 0xf7, 0xbb, 0xff, 0x9a, 0xf7,
    0x79, 0xef, 0xbb, 0xff, 0xba, 0xf7, 0x9a, 0xf7, 0xbb, 0xf7, 0x99, 0xf7,
    0x99, 0xf7, 0xbb, 0xf7, 0x9a, 0xf7, 0xba, 0xff, 0xba, 0xf7, 0xbb, 0xff,
    0xba, 0xf7, 0x79, 0xf7, 0x9a, 0xf7, 0xba, 0xf7, 0x9a, 0xf7, 0x9a, 0xf7,
    0xba, 0xf7, 0xba, 0xff, 0x9a, 0xf7, 0x9a, 0xf7, 0xba, 0xf7, 0x99, 0xf7,
    0x9a, 0xf7, 0xb9, 0xf7, 0x9a, 0xf7, 0x99, 0xf7, 0x9a, 0xf7, 0xba, 0xf7,
    0x9a, 0xf7, 0x99, 0xf7, 0xba, 0xf7, 0x9a, 0xf7, 0x99, 0xf7, 0x99, 0xf7,
    0x99, 0xf7, 0x99, 0xf7, 0x79, 0xef, 0x99, 0xf7, 0x99, 0xf7, 0x99, 0xef,
    0x99, 0xf7, 0x79, 0xf7, 0x99, 0xef, 0x99, 0xf7, 0x99, 0xf7, 0x99, 0xf7,
    0x99, 0xf7, 0x79, 0xf7, 0x79, 0xef, 0x98, 0xf7, 0x99, 0xf7, 0x99, 0xf7,
    0x79, 0xf7, 0x99, 0xef, 0x99, 0xf7, 0x99, 0xef, 0x99, 0xf7, 0x78, 0xf7,
    0x99, 0xf7, 0x99, 0xf7, 0x79, 0xf7, 0x79, 0xf7, 0x99, 0xf7, 0x79, 0xef,
    0x98, 0xf7, 0x98, 0xf7, 0x78, 0xef, 0x78, 0xef, 0x98, 0xf7, 0x78, 0xef,
    0x99, 0xf7, 0x78, 0xf7, 0x99, 0xf7, 0x99, 0xef, 0x78, 0xf7, 0x98, 0xef,
    0x78, 0xef, 0x79, 0xf7, 0x78, 0xf7, 0x78, 0xef, 0x98, 0xef, 0x78, 0xef,
    0x78, 0xef, 0x78, 0xf7, 0x78, 0xef, 0x78, 0xef, 0x78, 0xf7, 0x78, 0xef,
    0x78, 0xef, 0x78, 0xef, 0x78, 0xf7, 0x78, 0xef, 0x78, 0xef, 0x78, 0xf7,
    0x78, 0xf7, 0x78, 0xef, 0x78, 0xf7, 0x78, 0xef, 0x78, 0xf7, 0x78, 0xf7,
    0x98, 0xef, 0x78, 0xf7, 0x99, 0xf7, 0x78, 0xf7, 0x78, 0xf7, 0x79, 0xef,
    0x78, 0xf7, 0x78, 0xef, 0x98, 0xf7, 0x99, 0xf7, 0x79, 0xef, 0x98, 0xf7,
    0x99, 0xf7, 0x79, 0xef, 0x98, 0xf7, 0x79, 0xf7, 0x98, 0xf7, 0x98, 0xef,
    0x79, 0xf7, 0x79, 0xf7, 0x98, 0xef, 0x79, 0xf7, 0x99, 0xf7, 0x99, 0xf7,
    0x79, 0xef, 0x99, 0xf7, 0x99, 0xf7, 0x79, 0xef, 0x79, 0xf7, 0x99, 0xf7,
    0x99, 0xf7, 0x99, 0xf7, 0x79, 0xef, 0x99, 0xf7, 0x99, 0xf7, 0x79, 0xf7,
    0x99, 0xf7, 0x99, 0xf7, 0x99, 0xef, 0x99, 0xf7, 0x99, 0xf7, 0x9a, 0xf7,
    0x9a, 0xef, 0x99, 0xf7, 0x9a, 0xf7, 0x99, 0xf7, 0x99, 0xf7, 0x9a, 0xf7,
    0x9a, 0xf7, 0x99, 0xf7, 0x9a, 0xf7, 0x9a, 0xef, 0x99, 0xf7, 0x9a, 0xf7,
    0xba, 0xf7, 0x9a, 0xf7, 0x9a, 0xf7, 0x99, 0xf7, 0xba, 0xf7, 0x9a, 0xf7,
    0x99, 0xf7, 0x9a, 0xf7, 0x9a, 0xf7, 0x99, 0xf7, 0x9a, 0xf7, 0xba, 0xf7,
    0xba, 0xf7, 0x9a, 0xf7, 0x58, 0xef, 0x9a, 0xf7, 0xbb, 0xf7, 0xba, 0xf7,
    0x9b, 0xf7, 0x9a, 0xf7, 0x58, 0xef, 0x9a, 0xf7, 0xbb, 0xf7, 0x9a, 0xf7,
    0x9a, 0xf7, 0xbb, 0xff, 0xbb, 0xf7, 0x9a, 0xf7, 0x9a, 0xf7, 0xbb, 0xf7,
    0x9a, 0xf7, 0x9a, 0xff, 0xbb, 0xf7, 0xbb, 0xff, 0x9a, 0xf7, 0xba, 0xf7,
    0x9b, 0xf7, 0xbb, 0xff, 0x79, 0xef, 0x9a, 0xf7, 0xbb, 0xf7, 0xba, 0xf7,
    0x9b, 0xff, 0xbb, 0xf7, 0xba, 0xf7, 0x9b, 0xff, 0x9b, 0xf7, 0xbb, 0xff,
    0xbb, 0xf7, 0x79, 0xef, 0xbb, 0xff, 0xbb, 0xf7, 0x9b, 0xf7, 0x79, 0xef,
    0xbb, 0xff, 0x9b, 0xf7, 0xba, 0xf7, 0xbb, 0xff, 0x7a, 0xf7, 0x79, 0xef,
    0xbb, 0xff, 0xbb, 0xf7, 0xbb, 0xf7, 0xba, 0xf7, 0x9a, 0xf7, 0xbb, 0xf7,
    0xbb, 0xf7, 0xbb, 0xf7, 0xba, 0xff, 0xbb, 0xf7, 0xbb, 0xf7, 0x9a, 0xf7,
    0xbb, 0xf7, 0xbb, 0xff, 0xbb, 0xff, 0xba, 0xf7, 0x9b, 0xff, 0xbb, 0xff,
    0x9a, 0xf7, 0x79, 0xef, 0x9b, 0xf7, 0xbb, 0xff, 0x9a, 0xf7, 0x79, 0xef,
    0xba, 0xf7, 0xbb, 0xff, 0xbb, 0xf7, 0xbb, 0xf7, 0x79, 0xf7, 0x79, 0xf7,
    0xbb, 0xf7, 0x9a, 0xf7, 0x9a, 0xf7, 0xba, 0xff, 0xbb, 0xf7, 0xba, 0xf7,
    0x79, 0xf7, 0x9a, 0xf7, 0xba, 0xf7, 0xba, 0xf7, 0xba, 0xf7, 0x9a, 0xf7,
    0x9a, 0xf7, 0xba, 0xf7, 0x9a, 0xf7, 0x99, 0xf7, 0x9a, 0xf7, 0xba, 0xf7,
    0x9a, 0xf7, 0x9a, 0xf7, 0x9a, 0xf7, 0x99, 0xf7, 0x99, 0xf7, 0x9a, 0xf7,
    0xb9, 0xf7, 0x99, 0xf7, 0x9a, 0xf7, 0x99, 0xf7, 0x99, 0xf7, 0x9a, 0xf7,
    0x9a, 0xf7, 0x99, 0xf7, 0x99, 0xf7, 0x9a, 0xf7, 0x99, 0xf7, 0x99, 0xf7,
    0x99, 0xf7, 0x99, 0xf7, 0x99, 0xf7, 0x99, 0xf7, 0x99, 0xf7, 0x99, 0xf7,
    0x99, 0xef, 0x99, 0xf7, 0x99, 0xf7, 0x99, 0xef, 0x79, 0xef, 0x79, 0xf7,
    0x99, 0xf7, 0x99, 0xf7, 0x79, 0xef, 0x98, 0xf7, 0x99, 0xf7, 0x99, 0xef,
    0x79, 0xf7, 0x98, 0xef, 0x98, 0xf7, 0x99, 0xf7, 0x99, 0xef, 0x78, 0xf7,
    0x99, 0xef, 0x78, 0xf7, 0x79, 0xef, 0x79, 0xf7, 0x78, 0xf7, 0x78, 0xef,
    0x78, 0xef, 0x98, 0xf7, 0x78, 0xef, 0x98, 0xf7, 0x78, 0xf7, 0x98, 0xf7,
    0x98, 0xef, 0x98, 0xf7, 0x79, 0xef, 0x78, 0xf7, 0x78, 0xf7, 0x79, 0xef,
    0x78, 0xf7, 0x98, 0xf7, 0x78, 0xef, 0x78, 0xf7, 0x78, 0xef, 0x78, 0xef,
    0x78, 0xef, 0x78, 0xf7, 0x78, 0xf7, 0x78, 0xef, 0x78, 0xef, 0x78, 0xef,
    0x78, 0xef, 0x78, 0xef, 0x78, 0xf7, 0x78, 0xef, 0x78, 0xef, 0x78, 0xf7,
    0x78, 0xef, 0x78, 0xef, 0x78, 0xf7, 0x78, 0xef, 0x79, 0xef, 0x98, 0xf7,
    0x78, 0xf7, 0x99, 0xef, 0x98, 0xf7, 0x79, 0xf7, 0x78, 0xef, 0x98, 0xf7,
    0x79, 0xf7, 0x98, 0xef, 0x99, 0xf7, 0x79, 0xf7, 0x78, 0xef, 0x99, 0xf7,
    0x79, 0xf7, 0x98, 0xf7, 0x99, 0xf7, 0x99, 0xf7, 0x98, 0xf7, 0x99, 0xf7,
    0x79, 0xf7, 0x99, 0xef, 0x99, 0xf7, 0x99, 0xf7, 0x99, 0xef, 0x99, 0xf7,
    0x98, 0xf7, 0x99, 0xf7, 0x79, 0xef, 0x99, 0xf7, 0x99, 0xef, 0x99, 0xf7,
    0x79, 0xf7, 0x99, 0xef, 0x99, 0xf7, 0x99, 0xf7, 0x99, 0xf7, 0x9a, 0xf7,
    0x99, 0xef, 0x99, 0xf7, 0x9a, 0xf7, 0x9a, 0xef, 0x99, 0xf7, 0x9a, 0xf7,
    0xba, 0xef, 0x99, 0xf7, 0x99, 0xf7, 0x99, 0xf7, 0x99, 0xf7, 0xba, 0xf7,
    0x99, 0xf7, 0x9a, 0xf7, 0xba, 0xf7, 0x9a, 0xf7, 0x9a, 0xf7, 0x9a, 0xf7,
    0x9a, 0xf7, 0xba, 0xf7, 0x9a, 0xf7, 0x9a, 0xf7, 0x9a, 0xf7, 0xba, 0xf7,
    0x9a, 0xf7, 0xba, 0xf7, 0x9a, 0xf7, 0x58, 0xef, 0x9a, 0xf7, 0xbb, 0xff,
    0x9a, 0xf7, 0xbb, 0xf7, 0x79, 0xf7, 0x79, 0xf7, 0xbb, 0xf7, 0x9a, 0xf7,
    0x9a, 0xf7, 0x9b, 0xf7, 0x9b, 0xf7, 0xba, 0xf7, 0x7a, 0xf7, 0x9b, 0xf7,
    0xba, 0xf7, 0xbb, 0xf7, 0x9a, 0xf7, 0xbb, 0xff, 0xbb, 0xf7, 0x9b, 0xf7,
    0xbb, 0xf7, 0xbb, 0xf7, 0x79, 0xef, 0x9a, 0xf7, 0x9b, 0xf7, 0xbb, 0xf7,
    0x9b, 0xff, 0xbb, 0xf7, 0xbb, 0xf7, 0xba, 0xff, 0xbb, 0xf7, 0xbb, 0xf7,
    0x9a, 0xf7, 0x79, 0xef, 0xbb, 0xff, 0xbb, 0xff, 0xbb, 0xf7, 0x79, 0xef,
    0xbb, 0xff, 0xbb, 0xf7, 0xbb, 0xf7, 0xbb, 0xff, 0x9a, 0xf7, 0x79, 0xef,
    0xbb, 0xf7, 0xbb, 0xf7, 0xbb, 0xff, 0x9a, 0xf7, 0x9a, 0xf7, 0xbb, 0xff,
    0xbb, 0xf7, 0xbb, 0xff, 0xba, 0xf7, 0xbb, 0xf7, 0xbb, 0xff, 0xbb, 0xff,
    0xba, 0xf7, 0xbb, 0xf7, 0x9b, 0xff, 0xbb, 0xf7, 0xbb, 0xf7, 0x9a, 0xf7,
    0x79, 0xef, 0xbb, 0xf7, 0xbb, 0xf7, 0x9a, 0xf7, 0x79, 0xef, 0xba, 0xf7,
    0xba, 0xf7, 0xba, 0xf7, 0xbb, 0xff, 0x79, 0xf7, 0x9a, 0xf7, 0xbb, 0xf7,
    0xba, 0xf7, 0xba, 0xff, 0xba, 0xf7, 0xbb, 0xf7, 0x9a, 0xf7, 0x79, 0xf7,
    0x9a, 0xf7, 0xba, 0xf7, 0x9a, 0xf7, 0x9a, 0xf7, 0xba, 0xf7, 0x9a, 0xf7,
    0x9a, 0xf7, 0x9a, 0xf7, 0x9a, 0xf7, 0x9a, 0xf7, 0x99, 0xf7, 0x9a, 0xf7,
    0x99, 0xf7, 0x9a, 0xf7, 0xba, 0xf7, 0x9a, 0xf7, 0x9a, 0xf7, 0x9a, 0xf7,
    0x9a, 0xf7, 0x9a, 0xf7, 0x99, 0xf7, 0x9a, 0xf7, 0x99, 0xf7, 0x99, 0xef,
    0x9a, 0xf7, 0x99, 0xf7, 0x99, 0xf7, 0x9a, 0xf7, 0x99, 0xf7, 0x7a, 0xf7,
    0x99, 0xf7, 0x99, 0xf7, 0x99, 0xf7, 0x79, 0xf7, 0x99, 0xf7, 0x99, 0xef,
    0x79, 0xf7, 0x99, 0xf7, 0x99, 0xf7, 0x99, 0xf7, 0x99, 0xf7, 0x79, 0xf7,
    0x99, 0xef, 0x78, 0xf7, 0x78, 0xef, 0x79, 0xef, 0x99, 0xf7, 0x99, 0xf7,
    0x99, 0xf7, 0x78, 0xf7, 0x99, 0xef, 0x99, 0xf7, 0x78, 0xf7, 0x79, 0xef,
    0x78, 0xf7, 0x78, 0xef, 0x78, 0xf7, 0x98, 0xef, 0x79, 0xf7, 0x98, 0xf7,
    0x78, 0xf7, 0x99, 0xef, 0x78, 0xf7, 0x78, 0xef, 0x79, 0xef, 0x99, 0xf7,
    0x78, 0xef, 0x78, 0xf7, 0x78, 0xef, 0x98, 0xef, 0x78, 0xf7, 0x78, 0xef,
    0x78, 0xf7, 0x98, 0xef, 0x79, 0xf7, 0x78, 0xf7, 0x78, 0xef, 0x78, 0xef,
    0x78, 0xf7, 0x78, 0xef, 0x78, 0xef, 0x78, 0xf7, 0x78, 0xf7, 0x78, 0xf7,
    0x78, 0xef, 0x78, 0xf7, 0x78, 0xf7, 0x78, 0xef, 0x78, 0xf7, 0x98, 0xf7,
    0x78, 0xef, 0x78, 0xf7, 0x98, 0xef, 0x78, 0xef, 0x78, 0xf7, 0x78, 0xf7,
    0x78, 0xef, 0x98, 0xf7, 0x79, 0xf7, 0x98, 0xf7, 0x99, 0xef, 0x78, 0xef,
    0x78, 0xf7, 0x99, 0xf7, 0x78, 0xef, 0x98, 0xf7, 0x79, 0xef, 0x99, 0xf7,
    0x78, 0xef, 0x79, 0xef, 0x99, 0xf7, 0x99, 0xef, 0x79, 0xef, 0x99, 0xf7,
    0x98, 0xf7, 0x79, 0xf7, 0x79, 0xf7, 0x99, 0xf7, 0x99, 0xf7, 0x79, 0xf7,
    0x99, 0xef, 0x99, 0xf7, 0x99, 0xf7, 0x79, 0xf7, 0x99, 0xf7, 0x99, 0xef,
    0x99, 0xf7, 0x79, 0xf7, 0x9a, 0xf7, 0x9a, 0xf7, 0x79, 0xf7, 0x99, 0xf7,
    0x9a, 0xf7, 0x99, 0xf7, 0x99, 0xf7, 0x9a, 0xf7, 0x99, 0xf7, 0x99, 0xf7,
    0x9a, 0xf7, 0x9a, 0xf7, 0x99, 0xf7, 0x9a, 0xf7, 0x9a, 0xf7, 0x9a, 0xf7,
    0x9a, 0xf7, 0x99, 0xf7, 0x9a, 0xf7, 0xba, 0xf7, 0x9a, 0xf7, 0x9a, 0xf7,
    0x9a, 0xf7, 0x9a, 0xf7, 0xba, 0xf7, 0x9a, 0xf7, 0x9a, 0xf7, 0x9a, 0xf7,
    0x9a, 0xf7, 0x9a, 0xf7, 0xba, 0xf7, 0x9a, 0xf7, 0x79, 0xef, 0x9a, 0xf7,
    0xba, 0xf7, 0xbb, 0xf7, 0x79, 0xef, 0x79, 0xf7, 0xbb, 0xf7, 0x9a, 0xf7,
    0x99, 0xf7, 0x9a, 0xf7, 0xbb, 0xf7, 0xba, 0xf7, 0x7a, 0xf7, 0xbb, 0xf7,
    0xba, 0xf7, 0x9a, 0xff, 0x9b, 0xf7, 0xbb, 0xf7, 0x9a, 0xf7, 0x9b, 0xf7,
    0xbb, 0xff, 0xbb, 0xff, 0x79, 0xef, 0x9a, 0xf7, 0x9b, 0xf7, 0xbb, 0xf7,
    0xba, 0xf7, 0xbb, 0xf7, 0xbb, 0xf7, 0xbb, 0xff, 0xbb, 0xf7, 0xbb, 0xff,
    0xbb, 0xf7, 0x79, 0xef, 0xbb, 0xff, 0xbb, 0xf7, 0x9b, 0xf7, 0x79, 0xef,
    0xbb, 0xff, 0x9b, 0xf7, 0x9a, 0xf7, 0xbb, 0xff, 0x9b, 0xf7, 0x79, 0xef,
    0xbb, 0xff, 0xbb, 0xf7, 0xbb, 0xf7, 0x9b, 0xf7, 0x9a, 0xf7, 0xbb, 0xf7,
    0xbb, 0xff, 0xbb, 0xff, 0x9a, 0xf7, 0xbb, 0xf7, 0xbb, 0xff, 0x9b, 0xf7,
    0xbb, 0xf7, 0xba, 0xff, 0xbb, 0xf7, 0xbb, 0xff, 0x9a, 0xf7, 0x79, 0xef,
    0x9b, 0xf7, 0xbb, 0xff, 0x9a, 0xf7, 0x79, 0xef, 0x9a, 0xf7, 0xbb, 0xff,
    0xbb, 0xff, 0xbb, 0xf7, 0x99, 0xf7, 0x99, 0xf7, 0xbb, 0xf7, 0x9a, 0xf7,
    0xbb, 0xf7, 0xba, 0xff, 0xbb, 0xf7, 0xbb, 0xf7, 0x79, 0xf7, 0x9a, 0xf7,
    0xbb, 0xf7, 0xba, 0xf7, 0x9a, 0xf7, 0x9a, 0xf7, 0x9a, 0xf7, 0x9a, 0xf7,
    0x9a, 0xf7, 0xba, 0xf7, 0x99, 0xf7, 0x9a, 0xf7, 0x9a, 0xf7, 0x99, 0xf7,
    0x9a, 0xf7, 0x99, 0xf7, 0x99, 0xf7, 0xba, 0xf7, 0x99, 0xf7, 0xb9, 0xf7,
    0x9a, 0xf7, 0xba, 0xf7, 0x99, 0xf7, 0x9a, 0xf7, 0x9a, 0xf7, 0x99, 0xf7,
    0x99, 0xf7, 0x9a, 0xf7, 0x99, 0xf7, 0x99, 0xf7, 0x99, 0xef, 0x99, 0xf7,
    0x9a, 0xf7, 0x99, 0xef, 0x99, 0xef, 0x99, 0xf7, 0x99, 0xf7, 0x99, 0xf7,
    0x79, 0xf7, 0x99, 0xef, 0x79, 0xf7, 0x99, 0xf7, 0x99, 0xf7, 0x99, 0xf7,
    0x58, 0xef, 0x57, 0xe7, 0x57, 0xef, 0x37, 0xe7, 0x57, 0xef, 0x99, 0xf7,
    0x99, 0xef, 0x99, 0xf7, 0x78, 0xf7, 0x79, 0xf7, 0x99, 0xef, 0x99, 0xf7,
    0x98, 0xf7, 0x79, 0xef, 0x78, 0xf7, 0x78, 0xef, 0x99, 0xef, 0x78, 0xf7,
    0x98, 0xf7, 0x99, 0xef, 0x78, 0xf7, 0x78, 0xef, 0x98, 0xf7, 0x78, 0xef,
    0x79, 0xf7, 0x78, 0xf7, 0x78, 0xef, 0x78, 0xf7, 0x78, 0xef, 0x78, 0xf7,
    0x78, 0xef, 0x78, 0xef, 0x79, 0xf7, 0x78, 0xef, 0x78, 0xf7, 0x78, 0xef,
    0x78, 0xef, 0x78, 0xf7, 0x78, 0xef, 0x78, 0xef, 0x78, 0xef, 0x78, 0xf7,
    0x78, 0xef, 0x98, 0xef, 0x78, 0xf7, 0x78, 0xef, 0x78, 0xf7, 0x98, 0xef,
    0x79, 0xf7, 0x78, 0xf7, 0x98, 0xf7, 0x78, 0xef, 0x78, 0xf7, 0x98, 0xef,
    0x79, 0xef, 0x78, 0xf7, 0x78, 0xef, 0x99, 0xf7, 0x79, 0xf7, 0x98, 0xef,
    0x98, 0xf7, 0x79, 0xf7, 0x99, 0xef, 0x78, 0xf7, 0x98, 0xf7, 0x99, 0xf7,
    0x99, 0xf7, 0x78, 0xef, 0x99, 0xf7, 0x99, 0xf7, 0x99, 0xf7, 0x99, 0xf7,
    0x98, 0xef, 0x99, 0xf7, 0x99, 0xf7, 0x99, 0xf7, 0x99, 0xf7, 0x79, 0xf7,
    0x79, 0xf7, 0x99, 0xef, 0x98, 0xf7, 0x99, 0xf7, 0x79, 0xf7, 0x79, 0xf7,
    0x99, 0xf7, 0x99, 0xf7, 0x99, 0xf7, 0x99, 0xf7, 0x9a, 0xef, 0x99, 0xf7,
    0x99, 0xf7, 0x9a, 0xf7, 0x99, 0xf7, 0x9a, 0xf7, 0x9a, 0xf7, 0x99, 0xf7,
    0x99, 0xf7, 0x9a, 0xf7, 0x9a, 0xf7, 0xb9, 0xf7, 0x9a, 0xf7, 0x9a, 0xf7,
    0xba, 0xf7, 0x9a, 0xf7, 0x9a, 0xf7, 0xba, 0xf7, 0x9a, 0xf7, 0xba, 0xf7,
    0x99, 0xf7, 0x9a, 0xf7, 0x9a, 0xf7, 0xba, 0xf7, 0x9a, 0xf7, 0x9a, 0xf7,
    0x9a, 0xf7, 0x9a, 0xf7, 0x9b, 0xf7, 0xbb, 0xf7, 0x79, 0xef, 0x9a, 0xf7,
    0xbb, 0xf7, 0xbb, 0xf7, 0x79, 0xf7, 0x79, 0xef, 0xbb, 0xf7, 0x9a, 0xf7,
    0x99, 0xf7, 0xbb, 0xf7, 0xbb, 0xf7, 0xba, 0xff, 0x9a, 0xf7, 0xbb, 0xf7,
    0x9b, 0xf7, 0x9b, 0xf7, 0xbb, 0xf7, 0xbb, 0xf7, 0x9a, 0xf7, 0x9b, 0xf7,
    0xbb, 0xf7, 0xbb, 0xff, 0x79, 0xf7, 0x9a, 0xf7, 0xbb, 0xff, 0xbb, 0xf7,
    0xba, 0xff, 0x9b, 0xf7, 0x9b, 0xff, 0xbb, 0xf7, 0x9b, 0xf7, 0xbb, 0xff,
    0xbb, 0xf7, 0x79, 0xef, 0xbb, 0xff, 0xbb, 0xf7, 0xbb, 0xf7, 0x79, 0xef,
    0xbb, 0xff, 0xbb, 0xf7, 0x9b, 0xf7, 0xbb, 0xff, 0x9a, 0xf7, 0x79, 0xef,
    0xbb, 0xff, 0xbb, 0xff, 0xbb, 0xf7, 0xbb, 0xf7, 0x9a, 0xf7, 0xbb, 0xf7,
    0xbb, 0xf7, 0x7a, 0xf7, 0xbb, 0xf7, 0xba, 0xf7, 0xbb, 0xff, 0xbb, 0xf7,
    0xbb, 0xf7, 0xbb, 0xff, 0xbb, 0xff, 0xbb, 0xf7, 0x79, 0xef, 0x9a, 0xf7,
    0xbb, 0xff, 0x9a, 0xf7, 0x79, 0xef, 0xba, 0xf7, 0xbb, 0xf7, 0xbb, 0xf7,
    0xbb, 0xff, 0x79, 0xf7, 0x9a, 0xf7, 0xbb, 0xf7, 0xba, 0xf7, 0xbb, 0xf7,
    0xba, 0xff, 0x9b, 0xf7, 0xba, 0xff, 0x99, 0xf7, 0x9a, 0xf7, 0xba, 0xf7,
    0xba, 0xf7, 0x9a, 0xff, 0xba, 0xf7, 0x9a, 0xf7, 0x9a, 0xf7, 0xba, 0xff,
    0x9a, 0xf7, 0x9a, 0xf7, 0x9a, 0xf7, 0xba, 0xf7, 0x9a, 0xf7, 0x9a, 0xf7,
    0x9a, 0xf7, 0x9a, 0xf7, 0x99, 0xf7, 0x9a, 0xf7, 0x9a, 0xf7, 0x99, 0xf7,
    0x9a, 0xf7, 0x99, 0xf7, 0x99, 0xf7, 0x9a, 0xf7, 0x99, 0xf7, 0x99, 0xf7,
    0x9a, 0xf7, 0x79, 0xef, 0x9a, 0xf7, 0x9a, 0xf7, 0x99, 0xf7, 0x99, 0xf7,
    0x99, 0xf7, 0x79, 0xf7, 0x99, 0xf7, 0x99, 0xf7, 0x79, 0xf7, 0x99, 0xef,
    0x99, 0xf7, 0x79, 0xf7, 0x79, 0xef, 0x99, 0xf7, 0x98, 0xef, 0x99, 0xf7,
    0x57, 0xef, 0x79, 0xef, 0x9a, 0xf7, 0x79, 0xef, 0x37, 0xe7, 0x99, 0xf7,
    0x99, 0xef, 0x99, 0xef, 0x99, 0xf7, 0x78, 0xef, 0x98, 0xf7, 0x78, 0xf7,
    0x79, 0xef, 0x79, 0xf7, 0x79, 0xef, 0x98, 0xf7, 0x79, 0xef, 0x78, 0xef,
    0x78, 0xef, 0x78, 0xf7, 0x78, 0xef, 0x78, 0xf7, 0x98, 0xf7, 0x78, 0xef,
    0x78, 0xef, 0x99, 0xf7, 0x78, 0xf7, 0x78, 0xef, 0x79, 0xf7, 0x78, 0xf7,
    0x98, 0xef, 0x78, 0xf7, 0x78, 0xef, 0x78, 0xef, 0x78, 0xf7, 0x78, 0xef,
    0x78, 0xef, 0x78, 0xef, 0x78, 0xf7, 0x78, 0xef, 0x78, 0xef, 0x78, 0xef,
    0x78, 0xf7, 0x78, 0xef, 0x79, 0xf7, 0x78, 0xef, 0x78, 0xef, 0x78, 0xf7,
    0x78, 0xef, 0x79, 0xef, 0x78, 0xf7, 0x78, 0xef, 0x78, 0xf7, 0x98, 0xf7,
    0x78, 0xf7, 0x78, 0xef, 0x98, 0xef, 0x78, 0xf7, 0x78, 0xf7, 0x99, 0xef,
    0x79, 0xf7, 0x98, 0xef, 0x99, 0xf7, 0x79, 0xf7, 0x78, 0xef, 0x99, 0xef,
    0x99, 0xf7, 0x79, 0xf7, 0x98, 0xf7, 0x99, 0xf7, 0x99, 0xf7, 0x79, 0xf7,
    0x99, 0xef, 0x99, 0xf7, 0x79, 0xef, 0x99, 0xef, 0x99, 0xf7, 0x99, 0xf7,
    0x79, 0xef, 0x79, 0xf7, 0x99, 0xf7, 0x99, 0xf7, 0x99, 0xf7, 0x99, 0xef,
    0x99, 0xf7, 0x99, 0xf7, 0x99, 0xf7, 0x9a, 0xf7, 0x99, 0xf7, 0x99, 0xf7,
    0x99, 0xf7, 0x9a, 0xef, 0x99, 0xf7, 0x99, 0xf7, 0x9a, 0xef, 0x9a, 0xf7,
    0x99, 0xf7, 0x9a, 0xf7, 0x9a, 0xf7, 0x99, 0xf7, 0x99, 0xf7, 0x99, 0xf7,
    0x9a, 0xf7, 0x9a, 0xf7, 0x99, 0xf7, 0x9a, 0xf7, 0xba, 0xf7, 0xba, 0xf7,
    0x9a, 0xf7, 0x79, 0xef, 0x9a, 0xf7, 0xba, 0xf7, 0x9a, 0xf7, 0xba, 0xf7,
    0x9a, 0xf7, 0x9a, 0xf7, 0xba, 0xf7, 0xbb, 0xff, 0x79, 0xef, 0x79, 0xf7,
    0xba, 0xf7, 0xbb, 0xff, 0x79, 0xf7, 0x79, 0xef, 0xbb, 0xf7, 0x9a, 0xf7,
    0x9a, 0xf7, 0xbb, 0xf7, 0x9b, 0xf7, 0x9a, 0xf7, 0x9a, 0xf7, 0xbb, 0xf7,
    0x9a, 0xff, 0xba, 0xf7, 0xbb, 0xff, 0xbb, 0xff, 0x9a, 0xf7, 0xbb, 0xf7,
    0xbb, 0xff, 0xbb, 0xf7, 0x79, 0xef, 0x9b, 0xf7, 0x9b, 0xf7, 0x9b, 0xf7,
    0xbb, 0xff, 0xbb, 0xf7, 0xbb, 0xf7, 0xbb, 0xff, 0xbb, 0xf7, 0xbb, 0xff,
    0x9b, 0xf7, 0x79, 0xef, 0xbc, 0xff, 0xbb, 0xff, 0xbb, 0xf7, 0x59, 0xef,
    0xbb, 0xff, 0xbb, 0xf7, 0x9b, 0xf7, 0xbb, 0xff, 0xbb, 0xf7, 0x7a, 0xef,
    0xbb, 0xff, 0xbb, 0xf7, 0xbb, 0xff, 0xbb, 0xf7, 0x9a, 0xf7, 0xbb, 0xff,
    0x9a, 0xf7, 0x79, 0xef, 0x9a, 0xf7, 0xbb, 0xff, 0xbb, 0xf7, 0xbb, 0xff,
    0xbb, 0xf7, 0xbb, 0xf7, 0xba, 0xf7, 0x79, 0xef, 0x9a, 0xf7, 0xbb, 0xff,
    0x9a, 0xf7, 0x79, 0xef, 0xba, 0xf7, 0xbb, 0xff, 0x9b, 0xf7, 0xbb, 0xff,
    0x99, 0xef, 0x9a, 0xf7, 0xbb, 0xf7, 0xbb, 0xf7, 0x9b, 0xf7, 0xba, 0xf7,
    0xbb, 0xff, 0xbb, 0xf7, 0x79, 0xef, 0x9a, 0xf7, 0xbb, 0xff, 0xba, 0xf7,
    0xba, 0xf7, 0xbb, 0xf7, 0x9a, 0xf7, 0x9a, 0xf7, 0xba, 0xf7, 0xba, 0xf7,
    0x9a, 0xf7, 0x9a, 0xf7, 0x9a, 0xf7, 0x99, 0xf7, 0xba, 0xf7, 0x9a, 0xf7,
    0x9a, 0xf7, 0x99, 0xf7, 0x9a, 0xf7, 0x9a, 0xf7, 0x9a, 0xf7, 0x9a, 0xf7,
    0x99, 0xf7, 0x9a, 0xf7, 0x9a, 0xf7, 0x99, 0xf7, 0x99, 0xf7, 0x9a, 0xf7,
    0x9a, 0xf7, 0x99, 0xf7, 0x99, 0xf7, 0x9a, 0xf7, 0x99, 0xf7, 0x99, 0xf7,
    0x99, 0xf7, 0x9a, 0xf7, 0x79, 0xef, 0x99, 0xf7, 0x99, 0xf7, 0x99, 0xf7,
    0x99, 0xf7, 0x99, 0xf7, 0x99, 0xf7, 0x79, 0xef, 0x99, 0xf7, 0x99, 0xf7,
    0x58, 0xef, 0x78, 0xef, 0x9a, 0xf7, 0x79, 0xf7, 0x57, 0xef, 0x99, 0xf7,
    0x79, 0xf7, 0x79, 0xf7, 0x98, 0xef, 0x79, 0xf7, 0x78, 0xef, 0x99, 0xf7,
    0x78, 0xef, 0x98, 0xef, 0x99, 0xf7, 0x98, 0xf7, 0x78, 0xf7, 0x79, 0xf7,
    0x99, 0xef, 0x78, 0xf7, 0x79, 0xef, 0x78, 0xef, 0x79, 0xf7, 0x98, 0xf7,
    0x78, 0xef, 0x78, 0xef, 0x78, 0xf7, 0x78, 0xef, 0x78, 0xef, 0x78, 0xef,
    0x78, 0xf7, 0x98, 0xf7, 0x78, 0xef, 0x78, 0xef, 0x78, 0xf7, 0x78, 0xef,
    0x78, 0xef, 0x78, 0xf7, 0x78, 0xf7, 0x78, 0xef, 0x78, 0xf7, 0x78, 0xf7,
    0x78, 0xf7, 0x78, 0xef, 0x98, 0xf7, 0x78, 0xf7, 0x98, 0xef, 0x78, 0xf7,
    0x98, 0xef, 0x79, 0xf7, 0x78, 0xf7, 0x99, 0xef, 0x78, 0xef, 0x79, 0xf7,
    0x78, 0xef, 0x78, 0xf7, 0x79, 0xef, 0x78, 0xef, 0x98, 0xf7, 0x79, 0xf7,
    0x78, 0xef, 0x98, 0xf7, 0x99, 0xf7, 0x78, 0xef, 0x99, 0xf7, 0x99, 0xf7,
    0x98, 0xef, 0x99, 0xf7, 0x79, 0xf7, 0x99, 0xef, 0x99, 0xf7, 0x79, 0xf7,
    0x99, 0xf7, 0x99, 0xf7, 0x79, 0xf7, 0x79, 0xf7, 0x79, 0xef, 0x99, 0xf7,
    0x99, 0xef, 0x79, 0xf7, 0x99, 0xf7, 0x99, 0xef, 0x99, 0xf7, 0x99, 0xf7,
    0x99, 0xef, 0x9a, 0xf7, 0x9a, 0xf7, 0x99, 0xef, 0x99, 0xf7, 0x9a, 0xf7,
    0x99, 0xf7, 0x99, 0xf7, 0x9a, 0xf7, 0x99, 0xf7, 0x9a, 0xf7, 0x9a, 0xf7,
    0x99, 0xf7, 0x9a, 0xf7, 0x9a, 0xf7, 0x9a, 0xf7, 0x9a, 0xf7, 0x9a, 0xf7,
    0xba, 0xf7, 0x9a, 0xf7, 0x9a, 0xf7, 0x9a, 0xf7, 0x9a, 0xf7, 0x9a, 0xf7,
    0xba, 0xf7, 0x9a, 0xf7, 0x79, 0xef, 0x9a, 0xf7, 0x9a, 0xf7, 0x9a, 0xf7,
    0xba, 0xf7, 0x9a, 0xf7, 0xbb, 0xf7, 0xbb, 0xff, 0x79, 0xef, 0x99, 0xf7,
    0xbb, 0xf7, 0xbb, 0xf7, 0x99, 0xf7, 0x79, 0xef, 0xbb, 0xff, 0x9a, 0xf7,
    0x9a, 0xf7, 0xbb, 0xf7, 0xbb, 0xf7, 0x9b, 0xf7, 0x9a, 0xf7, 0xbb, 0xff,
    0xbb, 0xf7, 0xba, 0xf7, 0x9b, 0xf7, 0xbb, 0xf7, 0x9a, 0xf7, 0xbb, 0xf7,
    0xbb, 0xff, 0xbb, 0xff, 0x79, 0xef, 0x9b, 0xf7, 0xbb, 0xff, 0xbb, 0xf7,
    0xbb, 0xf7, 0xbb, 0xf7, 0xbb, 0xff, 0xbb, 0xf7, 0xbb, 0xf7, 0xbb, 0xff,
    0xbb, 0xf7, 0x79, 0xef, 0xbc, 0xff, 0xbc, 0xf7, 0xbb, 0xf7, 0x7a, 0xef,
    0xbb, 0xff, 0x9b, 0xf7, 0xbb, 0xf7, 0xbb, 0xff, 0x9a, 0xf7, 0x7a, 0xef,
    0xdc, 0xff, 0xbb, 0xf7, 0xbb, 0xff, 0xbb, 0xf7, 0x9a, 0xf7, 0xbb, 0xff,
    0x9a, 0xf7, 0x79, 0xef, 0x9a, 0xf7, 0xbb, 0xf7, 0xbb, 0xf7, 0xbb, 0xff,
    0xbb, 0xff, 0xbb, 0xf7, 0x79, 0xf7, 0x9b, 0xf7, 0xbb, 0xf7, 0x9a, 0xf7,
    0x79, 0xef, 0x9b, 0xf7, 0xbb, 0xf7, 0xbb, 0xff, 0xbb, 0xf7, 0x99, 0xf7,
    0x9a, 0xf7, 0xbb, 0xf7, 0xba, 0xf7, 0x9a, 0xf7, 0xbb, 0xf7, 0xbb, 0xf7,
    0xba, 0xf7, 0x79, 0xf7, 0x9a, 0xf7, 0xbb, 0xf7, 0xba, 0xf7, 0x9a, 0xff,
    0x9a, 0xf7, 0xba, 0xf7, 0xbb, 0xff, 0xba, 0xf7, 0x9a, 0xf7, 0x9a, 0xf7,
    0xba, 0xff, 0xba, 0xf7, 0x9a, 0xf7, 0x9a, 0xf7, 0x9a, 0xf7, 0x99, 0xf7,
    0x9a, 0xf7, 0x9a, 0xf7, 0x9a, 0xf7, 0x99, 0xf7, 0x99, 0xf7, 0x9a, 0xf7,
    0x9a, 0xf7, 0x99, 0xf7, 0x9a, 0xf7, 0x99, 0xf7, 0x99, 0xef, 0x9a, 0xf7,
    0x99, 0xf7, 0x99, 0xf7, 0x99, 0xf7, 0x99, 0xf7, 0x99, 0xf7, 0x9a, 0xef,
    0x99, 0xf7, 0x99, 0xf7, 0x99, 0xf7, 0x79, 0xef, 0x99, 0xf7, 0x99, 0xf7,
    0x79, 0xef, 0x99, 0xf7, 0x99, 0xf7, 0x78, 0xf7, 0x99, 0xf7, 0x99, 0xf7,
    0x58, 0xe7, 0x37, 0xe7, 0x58, 0xef, 0x58, 0xef, 0x57, 0xe7, 0x99, 0xf7,
    0x99, 0xf7, 0x79, 0xef, 0x98, 0xf7, 0x99, 0xf7, 0x79, 0xf7, 0x98, 0xef,
    0x99, 0xf7, 0x79, 0xf7, 0x79, 0xef, 0x98, 0xf7, 0x99, 0xf7, 0x98, 0xef,
    0x98, 0xf7, 0x79, 0xf7, 0x78, 0xf7, 0x98, 0xf7, 0x78, 0xef, 0x79, 0xf7,
    0x98, 0xef, 0x78, 0xf7, 0x78, 0xef, 0x78, 0xf7, 0x78, 0xef, 0x78, 0xef,
    0x79, 0xef, 0x78, 0xf7, 0x78, 0xef, 0x78, 0xef, 0x78, 0xf7, 0x78, 0xef,
    0x78, 0xef, 0x78, 0xef, 0x78, 0xf7, 0x98, 0xf7, 0x78, 0xef, 0x78, 0xf7,
    0x98, 0xef, 0x78, 0xef, 0x78, 0xf7, 0x79, 0xef, 0x79, 0xf7, 0x78, 0xef,
    0x78, 0xf7, 0x98, 0xef, 0x78, 0xf7, 0x78, 0xf7, 0x79, 0xef, 0x99, 0xf7,
    0x98, 0xf7, 0x98, 0xf7, 0x78, 0xf7, 0x79, 0xf7, 0x98, 0xef, 0x98, 0xf7,
    0x79, 0xf7, 0x79, 0xf7, 0x98, 0xef, 0x78, 0xf7, 0x79, 0xf7, 0x99, 0xf7,
    0x99, 0xf7, 0x99, 0xf7, 0x99, 0xef, 0x99, 0xf7, 0x99, 0xf7, 0x99, 0xef,
    0x98, 0xf7, 0x99, 0xf7, 0x99, 0xf7, 0x99, 0xf7, 0x79, 0xef, 0x78, 0xf7,
    0x99, 0xf7, 0x99, 0xf7, 0x99, 0xef, 0x79, 0xf7, 0x99, 0xf7, 0x99, 0xf7,
    0x9a, 0xf7, 0x99, 0xf7, 0x99, 0xf7, 0x9a, 0xf7, 0x99, 0xf7, 0x9a, 0xf7,
    0x9a, 0xf7, 0x9a, 0xf7, 0x9a, 0xf7, 0x9a, 0xf7, 0x99, 0xf7, 0x9a, 0xf7,
    0x99, 0xf7, 0x99, 0xf7, 0xba, 0xf7, 0x9a, 0xf7, 0x99, 0xf7, 0xba, 0xf7,
    0x9a, 0xf7, 0x99, 0xf7, 0xba, 0xf7, 0xba, 0xf7, 0x9a, 0xf7, 0x9a, 0xf7,
    0x9a, 0xf7, 0xba, 0xf7, 0x9a, 0xf7, 0x79, 0xef, 0x9a, 0xf7, 0x9a, 0xf7,
    0xbb, 0xf7, 0xba, 0xf7, 0x9a, 0xf7, 0xbb, 0xff, 0x79, 0xef, 0x9a, 0xf7,
    0xbb, 0xf7, 0xbb, 0xf7, 0x7a, 0xf7, 0x79, 0xf7, 0xbb, 0xf7, 0x9a, 0xf7,
    0x99, 0xf7, 0xbb, 0xf7, 0xbb, 0xf7, 0xba, 0xff, 0x9a, 0xf7, 0xbb, 0xf7,
    0x9b, 0xf7, 0xbb, 0xff, 0x9a, 0xf7, 0xbb, 0xff, 0x9b, 0xf7, 0xbb, 0xf7,
    0xbb, 0xf7, 0xbb, 0xff, 0x79, 0xef, 0xbb, 0xf7, 0xbb, 0xf7, 0x79, 0xef,
    0xbb, 0xff, 0xbb, 0xff, 0xbb, 0xf7, 0xbb, 0xf7, 0x9b, 0xff, 0xbb, 0xff,
    0xbb, 0xf7, 0x79, 0xef, 0xbb, 0xff, 0xbb, 0xf7, 0xbb, 0xf7, 0x7a, 0xf7,
    0xbb, 0xff, 0x9b, 0xf7, 0xbb, 0xf7, 0xbb, 0xf7, 0xbb, 0xf7, 0x79, 0xef,
    0xdb, 0xff, 0xbb, 0xff, 0xbb, 0xf7, 0xbb, 0xf7, 0x9b, 0xf7, 0xbb, 0xf7,
    0xbb, 0xf7, 0x79, 0xef, 0xbb, 0xff, 0xbb, 0xf7, 0xbb, 0xf7, 0xbb, 0xff,
    0xbb, 0xf7, 0x79, 0xef, 0x9b, 0xf7, 0xbb, 0xff, 0xbb, 0xf7, 0x79, 0xf7,
    0xbb, 0xf7, 0xbb, 0xff, 0xbb, 0xff, 0xbb, 0xf7, 0x79, 0xf7, 0x9a, 0xf7,
    0xbb, 0xf7, 0xbb, 0xf7, 0xba, 0xff, 0xbb, 0xff, 0xbb, 0xff, 0x9a, 0xf7,
    0x99, 0xf7, 0x9a, 0xf7, 0xba, 0xf7, 0xba, 0xf7, 0xbb, 0xf7, 0x9a, 0xf7,
    0xba, 0xf7, 0xbb, 0xff, 0xbb, 0xf7, 0x9a, 0xf7, 0x99, 0xf7, 0x79, 0xf7,
    0x9a, 0xf7, 0xba, 0xf7, 0x9a, 0xf7, 0x9a, 0xf7, 0xba, 0xf7, 0x9a, 0xf7,
    0x99, 0xf7, 0xba, 0xf7, 0x9a, 0xf7, 0x9a, 0xf7, 0x99, 0xf7, 0x9a, 0xf7,
    0x9a, 0xf7, 0x99, 0xf7, 0x99, 0xf7, 0x9a, 0xf7, 0x99, 0xf7, 0x99, 0xf7,
    0x9a, 0xf7, 0x9a, 0xef, 0x9a, 0xf7, 0x99, 0xf7, 0x9a, 0xf7, 0x99, 0xf7,
    0x79, 0xf7, 0x99, 0xf7, 0x99, 0xf7, 0x99, 0xf7, 0x79, 0xf7, 0x99, 0xef,
    0x79, 0xf7, 0x79, 0xef, 0x79, 0xf7, 0x99, 0xef, 0x99, 0xf7, 0x79, 0xf7,
    0x79, 0xef, 0x58, 0xef, 0x58, 0xef, 0x58, 0xef, 0x78, 0xef, 0x99, 0xf7,
    0x79, 0xef, 0x78, 0xf7, 0x99, 0xf7, 0x79, 0xef, 0x98, 0xf7, 0x79, 0xf7,
    0x99, 0xef, 0x78, 0xf7, 0x78, 0xef, 0x99, 0xef, 0x78, 0xef, 0x78, 0xef,
    0x78, 0xf7, 0x99, 0xef, 0x98, 0xef, 0x78, 0xf7, 0x78, 0xf7, 0x98, 0xef,
    0x78, 0xf7, 0x78, 0xef, 0x78, 0xef, 0x79, 0xf7, 0x78, 0xf7, 0x98, 0xef,
    0x78, 0xef, 0x78, 0xf7, 0x78, 0xef, 0x78, 0xf7, 0x78, 0xf7, 0x78, 0xef,
    0x78, 0xef, 0x78, 0xef, 0x78, 0xf7, 0x78, 0xef, 0x78, 0xef, 0x78, 0xf7,
    0x78, 0xef, 0x78, 0xf7, 0x78, 0xef, 0x78, 0xef, 0x78, 0xf7, 0x78, 0xef,
    0x78, 0xef, 0x79, 0xf7, 0x78, 0xef, 0x98, 0xf7, 0x98, 0xf7, 0x98, 0xef,
    0x79, 0xf7, 0x98, 0xef, 0x99, 0xf7, 0x78, 0xef, 0x98, 0xef, 0x99, 0xf7,
    0x78, 0xef, 0x99, 0xf7, 0x98, 0xef, 0x99, 0xf7, 0x99, 0xf7, 0x78, 0xef,
    0x78, 0xef, 0x99, 0xf7, 0x99, 0xf7, 0x99, 0xf7, 0x99, 0xf7, 0x99, 0xf7,
    0x79, 0xf7, 0x99, 0xef, 0x99, 0xf7, 0x99, 0xf7, 0x99, 0xf7, 0x99, 0xf7,
    0x99, 0xf7, 0x99, 0xf7, 0x99, 0xf7, 0x9a, 0xf7, 0x9a, 0xf7, 0x9a, 0xf7,
    0x9a, 0xf7, 0x9a, 0xf7, 0x99, 0xf7, 0x9a, 0xf7, 0x9a, 0xf7, 0x9a, 0xf7,
    0x99, 0xf7, 0x9a, 0xf7, 0x9a, 0xf7, 0x9a, 0xf7, 0xba, 0xf7, 0xba, 0xf7,
    0xba, 0xf7, 0x9a, 0xf7, 0x9a, 0xf7, 0xba, 0xf7, 0xba, 0xf7, 0xba, 0xf7,
    0x9a, 0xf7, 0x9a, 0xf7, 0x9a, 0xf7, 0x9a, 0xf7, 0x99, 0xf7, 0x9a, 0xf7,
    0x9a, 0xf7, 0xba, 0xf7, 0xbb, 0xf7, 0x9a, 0xf7, 0x79, 0xef, 0x9a, 0xf7,
    0xbb, 0xff, 0x9b, 0xf7, 0x9a, 0xf7, 0xbb, 0xf7, 0x79, 0xf7, 0x9a, 0xf7,
    0xbb, 0xf7, 0xbb, 0xff, 0x79, 0xf7, 0x79, 0xef, 0xbb, 0xf7, 0x9a, 0xf7,
    0x9a, 0xf7, 0xbb, 0xf7, 0x9b, 0xff, 0xba, 0xf7, 0x9a, 0xf7, 0xbb, 0xf7,
    0xbb, 0xff, 0xbb, 0xf7, 0x9b, 0xf7, 0xbb, 0xff, 0xbb, 0xf7, 0xbb, 0xf7,
    0xbb, 0xf7, 0xbb, 0xf7, 0x79, 0xef, 0x9b, 0xf7, 0xbb, 0xff, 0x9a, 0xf7,
    0x59, 0xef, 0xbb, 0xff, 0xbb, 0xf7, 0xbb, 0xf7, 0xbb, 0xf7, 0xbb, 0xff,
    0xbb, 0xf7, 0x79, 0xef, 0xbb, 0xff, 0xbb, 0xf7, 0xbb, 0xf7, 0x7a, 0xf7,
    0xbb, 0xff, 0x9a, 0xf7, 0xbb, 0xf7, 0xbb, 0xff, 0x9b, 0xf7, 0x7a, 0xef,
    0xdb, 0xff, 0xbb, 0xf7, 0xbb, 0xff, 0xbb, 0xf7, 0x9a, 0xf7, 0xbb, 0xff,
    0xbb, 0xf7, 0x79, 0xf7, 0xbb, 0xf7, 0x9b, 0xf7, 0xbb, 0xff, 0xbb, 0xff,
    0x79, 0xef, 0xba, 0xf7, 0xbb, 0xff, 0xbb, 0xf7, 0x99, 0xf7, 0xbb, 0xf7,
    0xbb, 0xf7, 0xbb, 0xf7, 0xbb, 0xf7, 0x79, 0xf7, 0x9a, 0xf7, 0xbb, 0xf7,
    0xbb, 0xf7, 0xbb, 0xff, 0xbb, 0xf7, 0xbb, 0xf7, 0x9a, 0xf7, 0x79, 0xf7,
    0x9a, 0xf7, 0xbb, 0xf7, 0x9a, 0xff, 0xba, 0xf7, 0xbb, 0xff, 0xba, 0xf7,
    0xba, 0xf7, 0xba, 0xf7, 0xbb, 0xff, 0x9a, 0xf7, 0x79, 0xef, 0x99, 0xf7,
    0x9a, 0xf7, 0xba, 0xf7, 0xba, 0xf7, 0x9a, 0xf7, 0x9a, 0xf7, 0xba, 0xf7,
    0xba, 0xf7, 0x9a, 0xf7, 0x9a, 0xf7, 0x99, 0xf7, 0x9a, 0xf7, 0x9a, 0xf7,
    0x99, 0xf7, 0x99, 0xf7, 0x9a, 0xf7, 0x9a, 0xf7, 0x9a, 0xf7, 0x99, 0xf7,
    0x9a, 0xf7, 0x99, 0xf7, 0x99, 0xf7, 0x9a, 0xf7, 0x99, 0xf7, 0x99, 0xef,
    0x99, 0xef, 0x79, 0xf7, 0x99, 0xf7, 0x99, 0xef, 0x99, 0xf7, 0x99, 0xf7,
    0x99, 0xf7, 0x99, 0xf7, 0x99, 0xf7, 0x99, 0xef, 0x99, 0xf7, 0x99, 0xf7,
    0x99, 0xf7, 0x99, 0xf7, 0x99, 0xf7, 0x99, 0xef, 0x99, 0xf7, 0x99, 0xf7,
    0x99, 0xf7, 0x79, 0xf7, 0x98, 0xef, 0x79, 0xef, 0x78, 0xf7, 0x99, 0xf7,
    0x99, 0xef, 0x98, 0xf7, 0x79, 0xf7, 0x79, 0xf7, 0x99, 0xf7, 0x78, 0xf7,
    0x79, 0xef, 0x78, 0xef, 0x99, 0xf7, 0x78, 0xef, 0x79, 0xef, 0x78, 0xf7,
    0x79, 0xf7, 0x78, 0xef, 0x78, 0xf7, 0x78, 0xef, 0x78, 0xef, 0x78, 0xf7,
    0x78, 0xf7, 0x78, 0xef, 0x78, 0xf7, 0x78, 0xef, 0x78, 0xef, 0x78, 0xef,
    0x78, 0xef, 0x78, 0xf7, 0x78, 0xef, 0x78, 0xef, 0x78, 0xf7, 0x78, 0xef,
    0x78, 0xf7, 0x78, 0xf7, 0x78, 0xef, 0x98, 0xf7, 0x98, 0xf7, 0x79, 0xef,
    0x78, 0xf7, 0x98, 0xf7, 0x79, 0xef, 0x99, 0xf7, 0x98, 0xef, 0x78, 0xf7,
    0x79, 0xf7, 0x78, 0xef, 0x78, 0xf7, 0x79, 0xf7, 0x78, 0xf7, 0x78, 0xef,
    0x98, 0xf7, 0x79, 0xf7, 0x79, 0xf7, 0x99, 0xf7, 0x99, 0xf7, 0x58, 0xef,
    0x57, 0xe7, 0x58, 0xef, 0x78, 0xef, 0x78, 0xef, 0x78, 0xef, 0x78, 0xef,
    0x78, 0xef, 0x78, 0xef, 0x78, 0xef, 0x78, 0xef, 0x79, 0xef, 0x78, 0xef,
    0x78, 0xef, 0x79, 0xef, 0x79, 0xef, 0x78, 0xef, 0x78, 0xef, 0x78, 0xef,
    0x78, 0xef, 0x79, 0xef, 0x78, 0xef, 0x78, 0xef, 0x79, 0xef, 0x78, 0xef,
    0x79, 0xef, 0x78, 0xef, 0x78, 0xef, 0x79, 0xef, 0x79, 0xef, 0x79, 0xef,
    0x79, 0xef, 0x79, 0xef, 0x78, 0xef, 0x79, 0xef, 0x79, 0xef, 0x79, 0xef,
    0x79, 0xef, 0xba, 0xf7, 0x9a, 0xf7, 0x9a, 0xf7, 0xba, 0xf7, 0x9a, 0xf7,
    0x9a, 0xf7, 0xba, 0xf7, 0x9a, 0xff, 0xbb, 0xff, 0x9a, 0xf7, 0x99, 0xf7,
    0x9b, 0xf7, 0xba, 0xf7, 0x9a, 0xf7, 0xbb, 0xff, 0x79, 0xef, 0x9a, 0xf7,
    0xbb, 0xf7, 0xbb, 0xff, 0x79, 0xef, 0x9a, 0xef, 0xbb, 0xff, 0xba, 0xf7,
    0x9a, 0xf7, 0xbb, 0xf7, 0xbb, 0xf7, 0x9b, 0xf7, 0x7a, 0xf7, 0xbb, 0xff,
    0xbb, 0xf7, 0xbb, 0xf7, 0x9a, 0xf7, 0xbb, 0xff, 0x9b, 0xf7, 0x9b, 0xf7,
    0x9b, 0xff, 0xbb, 0xff, 0x9a, 0xf7, 0x79, 0xef, 0xbb, 0xff, 0xbc, 0xff,
    0x9a, 0xf7, 0x59, 0xef, 0xbb, 0xf7, 0xbb, 0xff, 0xbb, 0xf7, 0xbb, 0xff,
    0xbb, 0xf7, 0x7a, 0xef, 0xbc, 0xff, 0xbb, 0xf7, 0xbb, 0xf7, 0x9a, 0xf7,
    0xbc, 0xff, 0x9a, 0xf7, 0xbb, 0xf7, 0xbc, 0xff, 0xbb, 0xf7, 0x7a, 0xf7,
    0xbc, 0xff, 0xbb, 0xf7, 0xbb, 0xff, 0xbb, 0xf7, 0x9a, 0xf7, 0xbb, 0xff,
    0xbb, 0xf7, 0x79, 0xef, 0xbb, 0xff, 0xbb, 0xf7, 0xbb, 0xff, 0x79, 0xef,
    0x9b, 0xf7, 0xbb, 0xff, 0xbb, 0xf7, 0x79, 0xef, 0xbb, 0xf7, 0xbb, 0xff,
    0x9b, 0xf7, 0xbb, 0xff, 0x79, 0xf7, 0x9a, 0xf7, 0xbb, 0xf7, 0xbb, 0xf7,
    0xbb, 0xff, 0xbb, 0xf7, 0xbb, 0xf7, 0xba, 0xf7, 0x79, 0xf7, 0xba, 0xf7,
    0xbb, 0xf7, 0x9b, 0xf7, 0xba, 0xf7, 0xbb, 0xf7, 0xba, 0xff, 0x9b, 0xf7,
    0xba, 0xf7, 0xba, 0xff, 0x9a, 0xf7, 0x9a, 0xf7, 0x9a, 0xf7, 0x9a, 0xf7,
    0x9b, 0xf7, 0xba, 0xf7, 0x9a, 0xf7, 0x9a, 0xf7, 0xba, 0xf7, 0x9a, 0xff,
    0x9a, 0xf7, 0x9a, 0xf7, 0x9a, 0xf7, 0xb9, 0xf7, 0x9a, 0xf7, 0x9a, 0xf7,
    0xb9, 0xf7, 0x9a, 0xf7, 0x9a, 0xf7, 0x99, 0xf7, 0x99, 0xef, 0x9a, 0xf7,
    0x99, 0xf7, 0x9a, 0xf7, 0x99, 0xf7, 0x99, 0xf7, 0x99, 0xf7, 0x9a, 0xf7,
    0x99, 0xf7, 0x9a, 0xf7, 0x99, 0xf7, 0x79, 0xf7, 0x99, 0xf7, 0x99, 0xf7,
    0x99, 0xf7, 0x99, 0xf7, 0x99, 0xf7, 0x79, 0xf7, 0x99, 0xef, 0x99, 0xf7,
    0x99, 0xf7, 0x99, 0xf7, 0x78, 0xef, 0x79, 0xf7, 0x99, 0xef, 0x99, 0xf7,
    0x99, 0xf7, 0x99, 0xf7, 0x99, 0xef, 0x99, 0xf7, 0x99, 0xf7, 0x79, 0xef,
    0x98, 0xf7, 0x99, 0xf7, 0x79, 0xef, 0x98, 0xf7, 0x98, 0xf7, 0x79, 0xf7,
    0x78, 0xef, 0x78, 0xf7, 0x99, 0xf7, 0x98, 0xef, 0x78, 0xef, 0x78, 0xef,
    0x98, 0xf7, 0x79, 0xf7, 0x78, 0xef, 0x78, 0xef, 0x78, 0xf7, 0x78, 0xf7,
    0x78, 0xef, 0x78, 0xef, 0x78, 0xef, 0x78, 0xf7, 0x78, 0xef, 0x78, 0xf7,
    0x78, 0xef, 0x78, 0xf7, 0x78, 0xef, 0x78, 0xf7, 0x78, 0xef, 0x98, 0xef,
    0x78, 0xf7, 0x78, 0xef, 0x78, 0xef, 0x79, 0xf7, 0x78, 0xef, 0x78, 0xf7,
    0x98, 0xf7, 0x78, 0xef, 0x99, 0xf7, 0x78, 0xf7, 0x78, 0xef, 0x99, 0xf7,
    0x98, 0xf7, 0x98, 0xef, 0x79, 0xf7, 0x99, 0xf7, 0x99, 0xef, 0x79, 0xf7,
    0x98, 0xf7, 0x98, 0xef, 0x79, 0xef, 0x99, 0xf7, 0x99, 0xf7, 0x58, 0xef,
    0x78, 0xef, 0x78, 0xef, 0x79, 0xf7, 0x78, 0xef, 0x78, 0xf7, 0x79, 0xf7,
    0x79, 0xef, 0x79, 0xef, 0x79, 0xf7, 0x79, 0xf7, 0x79, 0xef, 0x78, 0xef,
    0x78, 0xf7, 0x79, 0xef, 0x79, 0xef, 0x79, 0xf7, 0x79, 0xef, 0x79, 0xef,
    0x79, 0xef, 0x79, 0xef, 0x79, 0xf7, 0x79, 0xef, 0x79, 0xef, 0x99, 0xf7,
    0x99, 0xef, 0x99, 0xef, 0x79, 0xf7, 0x79, 0xef, 0x99, 0xef, 0x99, 0xf7,
    0x79, 0xef, 0x99, 0xf7, 0x79, 0xef, 0x79, 0xf7, 0x99, 0xf7, 0x79, 0xf7,
    0x79, 0xef, 0x78, 0xef, 0x9a, 0xf7, 0xba, 0xf7, 0x9a, 0xf7, 0x9a, 0xf7,
    0x9a, 0xf7, 0x9a, 0xf7, 0xba, 0xf7, 0x9a, 0xf7, 0xbb, 0xf7, 0x9a, 0xf7,
    0x9a, 0xf7, 0xba, 0xf7, 0xbb, 0xf7, 0xbb, 0xff, 0x79, 0xef, 0x9a, 0xf7,
    0xbb, 0xf7, 0xbb, 0xf7, 0x79, 0xf7, 0x79, 0xf7, 0xbb, 0xf7, 0x9a, 0xf7,
    0x7a, 0xf7, 0xbb, 0xf7, 0xba, 0xf7, 0x9b, 0xf7, 0x9a, 0xf7, 0xbb, 0xff,
    0xbb, 0xf7, 0xbb, 0xf7, 0x9a, 0xf7, 0xbb, 0xf7, 0x9b, 0xf7, 0xbb, 0xf7,
    0xbb, 0xff, 0xbb, 0xf7, 0xbb, 0xff, 0x9b, 0xf7, 0x79, 0xef, 0xbc, 0xf7,
    0x9b, 0xf7, 0x58, 0xef, 0x79, 0xef, 0xbc, 0xff, 0xbc, 0xff, 0xbb, 0xf7,
    0xbb, 0xf7, 0x7a, 0xf7, 0xbc, 0xff, 0xbb, 0xf7, 0xbb, 0xf7, 0x9b, 0xf7,
    0xbc, 0xf7, 0x9a, 0xf7, 0x9b, 0xf7, 0xbb, 0xf7, 0xbb, 0xf7, 0x99, 0xf7,
    0xbc, 0xff, 0xbb, 0xf7, 0xbc, 0xf7, 0xbb, 0xff, 0x9b, 0xf7, 0xbb, 0xf7,
    0xbb, 0xf7, 0x7a, 0xf7, 0xbb, 0xf7, 0xbb, 0xf7, 0x9b, 0xf7, 0x9a, 0xf7,
    0xbb, 0xff, 0xbb, 0xf7, 0x79, 0xef, 0xbb, 0xf7, 0xbb, 0xff, 0xbb, 0xf7,
    0xbb, 0xff, 0x79, 0xef, 0x9a, 0xf7, 0xbb, 0xf7, 0xbb, 0xf7, 0xbb, 0xff,
    0xbb, 0xf7, 0xbb, 0xff, 0xba, 0xf7, 0x79, 0xf7, 0x9b, 0xf7, 0xbb, 0xf7,
    0xba, 0xf7, 0xbb, 0xff, 0xba, 0xf7, 0xba, 0xf7, 0x9b, 0xff, 0xbb, 0xf7,
    0xbb, 0xf7, 0x9a, 0xf7, 0x99, 0xf7, 0x9a, 0xf7, 0xbb, 0xf7, 0xbb, 0xf7,
    0x9a, 0xf7, 0x9a, 0xf7, 0x9a, 0xf7, 0xba, 0xff, 0xba, 0xf7, 0x9a, 0xf7,
    0x9a, 0xf7, 0x9a, 0xf7, 0x99, 0xf7, 0xba, 0xf7, 0x9a, 0xf7, 0x9a, 0xf7,
    0x99, 0xf7, 0x9a, 0xf7, 0x99, 0xf7, 0x9a, 0xf7, 0x99, 0xf7, 0x9a, 0xf7,
    0x9a, 0xf7, 0x9a, 0xf7, 0x9a, 0xf7, 0x99, 0xef, 0x9a, 0xf7, 0x79, 0xf7,
    0x99, 0xf7, 0x99, 0xef, 0x9a, 0xf7, 0x99, 0xf7, 0x79, 0xf7, 0x99, 0xef,
    0x79, 0xef, 0x99, 0xf7, 0x99, 0xf7, 0x99, 0xf7, 0x79, 0xf7, 0x99, 0xef,
    0x79, 0xf7, 0x79, 0xf7, 0x99, 0xef, 0x79, 0xf7, 0x78, 0xf7, 0x99, 0xef,
    0x98, 0xf7, 0x98, 0xf7, 0x99, 0xf7, 0x99, 0xf7, 0x98, 0xf7, 0x79, 0xef,
    0x99, 0xf7, 0x78, 0xf7, 0x79, 0xef, 0x99, 0xef, 0x78, 0xf7, 0x99, 0xef,
    0x99, 0xef, 0x78, 0xf7, 0x78, 0xf7, 0x78, 0xf7, 0x99, 0xf7, 0x79, 0xef,
    0x78, 0xef, 0x98, 0xf7, 0x79, 0xf7, 0x78, 0xef, 0x98, 0xef, 0x78, 0xef,
    0x78, 0xef, 0x78, 0xf7, 0x78, 0xef, 0x78, 0xef, 0x78, 0xf7, 0x78, 0xf7,
    0x78, 0xef, 0x78, 0xef, 0x78, 0xf7, 0x78, 0xf7, 0x78, 0xef, 0x78, 0xef,
    0x78, 0xf7, 0x78, 0xf7, 0x78, 0xef, 0x99, 0xf7, 0x78, 0xef, 0x78, 0xef,
    0x79, 0xf7, 0x78, 0xef, 0x98, 0xf7, 0x79, 0xf7, 0x98, 0xef, 0x79, 0xf7,
    0x99, 0xef, 0x78, 0xf7, 0x98, 0xef, 0x98, 0xf7, 0x78, 0xef, 0x99, 0xf7,
    0x79, 0xf7, 0x98, 0xf7, 0x98, 0xef, 0x99, 0xf7, 0x99, 0xf7, 0x78, 0xf7,
    0x78, 0xef, 0x99, 0xf7, 0x99, 0xf7, 0x99, 0xf7, 0x99, 0xf7, 0x99, 0xf7,
    0x99, 0xf7, 0x99, 0xf7, 0x99, 0xf7, 0x99, 0xf7, 0x99, 0xf7, 0x99, 0xf7,
    0x9a, 0xf7, 0x99, 0xf7, 0x99, 0xf7, 0x99, 0xf7, 0x99, 0xf7, 0x99, 0xf7,
    0x99, 0xf7, 0x9a, 0xf7, 0x99, 0xf7, 0x9a, 0xf7, 0x9a, 0xf7, 0x9a, 0xf7,
    0xba, 0xf7, 0x9a, 0xf7, 0xba, 0xf7, 0xba, 0xf7, 0x9a, 0xf7, 0xba, 0xf7,
    0x9a, 0xf7, 0x9a, 0xf7, 0x9a, 0xf7, 0xba, 0xf7, 0xba, 0xf7, 0xba, 0xf7,
    0xbb, 0xf7, 0x99, 0xf7, 0x78, 0xef, 0x9a, 0xf7, 0x9a, 0xf7, 0xba, 0xf7,
    0xba, 0xf7, 0x9a, 0xf7, 0x9a, 0xf7, 0x9a, 0xf7, 0xba, 0xf7, 0x9b, 0xf7,
    0xba, 0xf7, 0x9b, 0xf7, 0x9b, 0xff, 0xbb, 0xf7, 0x79, 0xef, 0x7a, 0xf7,
    0xbb, 0xf7, 0xbb, 0xf7, 0x79, 0xf7, 0x7a, 0xef, 0xbb, 0xf7, 0x9a, 0xf7,
    0x9a, 0xf7, 0xbb, 0xff, 0xbb, 0xf7, 0x9a, 0xf7, 0x9a, 0xf7, 0xbb, 0xf7,
    0xbb, 0xf7, 0xbb, 0xff, 0x9b, 0xf7, 0xbb, 0xff, 0xba, 0xf7, 0x9b, 0xf7,
    0xbb, 0xff, 0xbb, 0xf7, 0xbb, 0xff, 0xbc, 0xff, 0xbb, 0xf7, 0x79, 0xef,
    0x9b, 0xf7, 0xbb, 0xf7, 0x9a, 0xf7, 0x37, 0xe7, 0x9b, 0xf7, 0xbc, 0xff,
    0xbb, 0xf7, 0x79, 0xef, 0xbc, 0xff, 0xbc, 0xff, 0xbb, 0xf7, 0x9a, 0xf7,
    0xbc, 0xff, 0x9a, 0xf7, 0x9b, 0xf7, 0xbc, 0xff, 0xbb, 0xf7, 0x79, 0xef,
    0xdc, 0xff, 0xbb, 0xf7, 0xbb, 0xff, 0xbb, 0xf7, 0x9a, 0xf7, 0xbc, 0xff,
    0xbb, 0xf7, 0x9a, 0xf7, 0xbb, 0xf7, 0xbb, 0xf7, 0x9b, 0xf7, 0x99, 0xf7,
    0xbb, 0xf7, 0x79, 0xef, 0x9a, 0xf7, 0xbb, 0xff, 0xbb, 0xf7, 0xbb, 0xff,
    0x9a, 0xef, 0x9a, 0xf7, 0xbb, 0xff, 0xbb, 0xf7, 0xbb, 0xf7, 0xba, 0xff,
    0xbb, 0xf7, 0xbb, 0xf7, 0x79, 0xf7, 0xbb, 0xf7, 0xbb, 0xff, 0xbb, 0xf7,
    0xba, 0xf7, 0xba, 0xff, 0x9b, 0xf7, 0xba, 0xff, 0xba, 0xf7, 0xbb, 0xff,
    0xba, 0xf7, 0x99, 0xf7, 0x9a, 0xf7, 0xbb, 0xf7, 0x9a, 0xf7, 0xbb, 0xf7,
    0x9a, 0xf7, 0x99, 0xf7, 0xba, 0xf7, 0x9a, 0xf7, 0x9a, 0xf7, 0xba, 0xf7,
    0x9a, 0xf7, 0x9a, 0xf7, 0xba, 0xf7, 0x9a, 0xf7, 0x9a, 0xf7, 0x9a, 0xf7,
    0x9a, 0xf7, 0x9a, 0xf7, 0x9a, 0xf7, 0xba, 0xf7, 0x9a, 0xf7, 0x99, 0xf7,
    0x99, 0xf7, 0x9a, 0xf7, 0x99, 0xf7, 0x9a, 0xf7, 0x9a, 0xf7, 0x99, 0xf7,
    0x99, 0xf7, 0x99, 0xf7, 0x99, 0xf7, 0x9a, 0xf7, 0x99, 0xf7, 0x99, 0xf7,
    0x9a, 0xf7, 0x79, 0xf7, 0x99, 0xef, 0x99, 0xf7, 0x79, 0xf7, 0x79, 0xf7,
    0x99, 0xef, 0x99, 0xf7, 0x99, 0xf7, 0x99, 0xef, 0x79, 0xf7, 0x79, 0xef,
    0x99, 0xef, 0x79, 0xf7, 0x79, 0xef, 0x98, 0xf7, 0x98, 0xef, 0x79, 0xf7,
    0x99, 0xef, 0x98, 0xf7, 0x79, 0xf7, 0x99, 0xf7, 0x78, 0xf7, 0x98, 0xef,
    0x99, 0xf7, 0x79, 0xf7, 0x98, 0xef, 0x79, 0xf7, 0x99, 0xef, 0x78, 0xf7,
    0x78, 0xef, 0x78, 0xef, 0x78, 0xf7, 0x78, 0xf7, 0x78, 0xf7, 0x79, 0xf7,
    0x78, 0xef, 0x78, 0xf7, 0x78, 0xef, 0x78, 0xf7, 0x78, 0xef, 0x78, 0xef,
    0x78, 0xef, 0x78, 0xef, 0x78, 0xef, 0x78, 0xef, 0x78, 0xf7, 0x78, 0xf7,
    0x78, 0xef, 0x78, 0xef, 0x78, 0xf7, 0x78, 0xf7, 0x78, 0xef, 0x98, 0xf7,
    0x79, 0xef, 0x98, 0xf7, 0x78, 0xf7, 0x99, 0xef, 0x98, 0xf7, 0x78, 0xf7,
    0x79, 0xef, 0x98, 0xf7, 0x78, 0xf7, 0x79, 0xef, 0x78, 0xf7, 0x98, 0xf7,
    0x79, 0xef, 0x79, 0xf7, 0x99, 0xf7, 0x99, 0xf7, 0x99, 0xef, 0x99, 0xf7,
    0x99, 0xf7, 0x99, 0xf7, 0x99, 0xf7, 0x99, 0xf7, 0x99, 0xf7, 0x99, 0xf7,
    0x99, 0xf7, 0x99, 0xf7, 0x99, 0xf7, 0x99, 0xf7, 0x99, 0xf7, 0x99, 0xf7,
    0x99, 0xf7, 0x99, 0xf7, 0x99, 0xf7, 0x99, 0xf7, 0x99, 0xf7, 0x99, 0xf7,
    0x99, 0xf7, 0x99, 0xf7, 0x99, 0xf7, 0x99, 0xf7, 0x9a, 0xf7, 0x99, 0xf7,
    0x9a, 0xf7, 0x9a, 0xf7, 0x99, 0xf7, 0x9a, 0xf7, 0x9a, 0xf7, 0x99, 0xf7,
    0x9a, 0xf7, 0x9a, 0xf7, 0x9a, 0xf7, 0x9a, 0xf7, 0x9a, 0xf7, 0x9a, 0xf7,
    0x9a, 0xf7, 0x9a, 0xf7, 0x9a, 0xf7, 0x79, 0xef, 0x9a, 0xf7, 0x9a, 0xf7,
    0x9a, 0xf7, 0x9a, 0xf7, 0x9a, 0xf7, 0xba, 0xf7, 0xbb, 0xf7, 0x9a, 0xf7,
    0xba, 0xf7, 0x9a, 0xff, 0x9a, 0xf7, 0xbb, 0xf7, 0x79, 0xef, 0x9a, 0xf7,
    0xbb, 0xff, 0xbb, 0xf7, 0x79, 0xf7, 0x9a, 0xf7, 0xbb, 0xf7, 0xbb, 0xf7,
    0x7a, 0xf7, 0xbb, 0xf7, 0xbb, 0xff, 0x9b, 0xf7, 0x7a, 0xf7, 0xbb, 0xff,
    0xbb, 0xf7, 0xbb, 0xf7, 0x9a, 0xf7, 0xbb, 0xff, 0xbb, 0xf7, 0xbb, 0xf7,
    0xbb, 0xff, 0xbb, 0xf7, 0xbb, 0xf7, 0xbb, 0xff, 0xbc, 0xff, 0xbb, 0xf7,
    0x79, 0xef, 0xbc, 0xf7, 0xdc, 0xff, 0x78, 0xef, 0x9a, 0xf7, 0xbc, 0xff,
    0xbb, 0xf7, 0x7a, 0xef, 0xbc, 0xff, 0xbb, 0xf7, 0xbb, 0xf7, 0x9b, 0xf7,
    0xbc, 0xff, 0x9a, 0xf7, 0xbb, 0xf7, 0xbc, 0xff, 0xbb, 0xf7, 0x7a, 0xef,
    0xdc, 0xff, 0xbb, 0xff, 0xbc, 0xf7, 0xbb, 0xf7, 0x9b, 0xf7, 0xbb, 0xff,
    0xbb, 0xf7, 0x9a, 0xf7, 0xbb, 0xff, 0xbb, 0xf7, 0x9b, 0xf7, 0x7a, 0xf7,
    0xbb, 0xf7, 0x9a, 0xf7, 0xbc, 0xff, 0xbb, 0xf7, 0xbb, 0xff, 0x7a, 0xef,
    0x9a, 0xf7, 0xbb, 0xff, 0xbb, 0xf7, 0xbb, 0xf7, 0xbb, 0xff, 0xbb, 0xff,
    0xba, 0xf7, 0x9a, 0xf7, 0xbb, 0xf7, 0xbb, 0xf7, 0xbb, 0xff, 0xba, 0xf7,
    0xbb, 0xf7, 0x9b, 0xff, 0xbb, 0xf7, 0xba, 0xf7, 0xbb, 0xf7, 0xbb, 0xf7,
    0x99, 0xf7, 0x9a, 0xf7, 0xbb, 0xf7, 0x9a, 0xf7, 0xba, 0xf7, 0x9a, 0xf7,
    0x9a, 0xf7, 0x9a, 0xf7, 0x9a, 0xf7, 0xba, 0xf7, 0x9a, 0xf7, 0x9a, 0xf7,
    0x9a, 0xf7, 0xba, 0xf7, 0x9a, 0xf7, 0x9a, 0xf7, 0x9a, 0xf7, 0xba, 0xf7,
    0x9a, 0xf7, 0x9a, 0xf7, 0x9a, 0xf7, 0x9a, 0xf7, 0xba, 0xf7, 0x99, 0xf7,
    0x9a, 0xf7, 0x99, 0xf7, 0x9a, 0xf7, 0x9a, 0xf7, 0x99, 0xf7, 0x9a, 0xf7,
    0x9a, 0xf7, 0x99, 0xf7, 0x99, 0xf7, 0x9a, 0xf7, 0x9a, 0xef, 0x79, 0xef,
    0x79, 0xf7, 0x99, 0xf7, 0x99, 0xef, 0x99, 0xf7, 0x99, 0xf7, 0x99, 0xf7,
    0x99, 0xf7, 0x99, 0xf7, 0x99, 0xf7, 0x99, 0xef, 0x98, 0xf7, 0x98, 0xf7,
    0x79, 0xf7, 0x99, 0xf7, 0x99, 0xef, 0x98, 0xf7, 0x99, 0xf7, 0x79, 0xf7,
    0x98, 0xf7, 0x99, 0xf7, 0x78, 0xef, 0x98, 0xf7, 0x79, 0xef, 0x79, 0xef,
    0x78, 0xf7, 0x78, 0xef, 0x78, 0xef, 0x78, 0xef, 0x99, 0xf7, 0x78, 0xf7,
    0x79, 0xf7, 0x99, 0xef, 0x78, 0xef, 0x78, 0xf7, 0x99, 0xef, 0x78, 0xef,
    0x78, 0xf7, 0x78, 0xef, 0x78, 0xf7, 0x79, 0xf7, 0x78, 0xef, 0x78, 0xf7,
    0x78, 0xf7, 0x78, 0xf7, 0x78, 0xf7, 0x78, 0xef, 0x78, 0xf7, 0x78, 0xef,
    0x78, 0xf7, 0x78, 0xef, 0x78, 0xef, 0x78, 0xf7, 0x79, 0xf7, 0x98, 0xef,
    0x78, 0xef, 0x99, 0xf7, 0x78, 0xf7, 0x78, 0xef, 0x99, 0xf7, 0x79, 0xf7,
    0x98, 0xef, 0x99, 0xf7, 0x79, 0xef, 0x78, 0xf7, 0x99, 0xf7, 0x79, 0xef,
    0x98, 0xf7, 0x99, 0xef, 0x78, 0xf7, 0x98, 0xef, 0x99, 0xf7, 0x99, 0xf7,
    0x99, 0xf7, 0x99, 0xef, 0x99, 0xf7, 0x99, 0xf7, 0x99, 0xf7, 0x99, 0xf7,
    0x99, 0xef, 0x99, 0xf7, 0x99, 0xf7, 0x9a, 0xf7, 0x99, 0xf7, 0x99, 0xf7,
    0x99, 0xf7, 0x9a, 0xf7, 0x99, 0xf7, 0x9a, 0xf7, 0x9a, 0xf7, 0x9a, 0xf7,
    0x9a, 0xf7, 0x9a, 0xf7, 0x9a, 0xf7, 0xba, 0xf7, 0x99, 0xf7, 0x9a, 0xf7,
    0x9a, 0xf7, 0x99, 0xf7, 0x9a, 0xf7, 0x9a, 0xf7, 0x9a, 0xf7, 0xba, 0xf7,
    0xba, 0xf7, 0x9a, 0xf7, 0x9a, 0xf7, 0x9a, 0xf7, 0x9a, 0xf7, 0x9a, 0xf7,
    0x9a, 0xf7, 0x9a, 0xf7, 0xba, 0xf7, 0x9a, 0xf7, 0x79, 0xef, 0xbb, 0xff,
    0xbb, 0xf7, 0xba, 0xf7, 0x9a, 0xf7, 0x9b, 0xf7, 0xbb, 0xff, 0x9a, 0xf7,
    0xbb, 0xf7, 0xba, 0xf7, 0xbb, 0xf7, 0xbb, 0xff, 0x79, 0xf7, 0x9a, 0xf7,
    0xba, 0xf7, 0x9b, 0xf7, 0x79, 0xf7, 0x99, 0xef, 0xbb, 0xff, 0x9b, 0xf7,
    0x9a, 0xf7, 0xbb, 0xf7, 0xbb, 0xf7, 0xbb, 0xf7, 0x9a, 0xf7, 0x9a, 0xf7,
    0xbb, 0xff, 0xbb, 0xf7, 0x9b, 0xf7, 0x9a, 0xf7, 0xbb, 0xff, 0x9b, 0xf7,
    0xbb, 0xff, 0xbb, 0xff, 0xbb, 0xf7, 0xbb, 0xf7, 0xbb, 0xff, 0xbc, 0xff,
    0xbb, 0xf7, 0x79, 0xef, 0xbb, 0xff, 0xbc, 0xff, 0xbc, 0xf7, 0xbb, 0xf7,
    0xbb, 0xff, 0x7a, 0xef, 0xbc, 0xff, 0xbb, 0xf7, 0xbb, 0xf7, 0x9b, 0xf7,
    0xbc, 0xff, 0x9a, 0xf7, 0x9b, 0xf7, 0xbc, 0xf7, 0xbb, 0xf7, 0x99, 0xf7,
    0xbc, 0xff, 0xbb, 0xf7, 0xdb, 0xff, 0xbb, 0xf7, 0x9b, 0xf7, 0xbb, 0xff,
    0xbb, 0xf7, 0x7a, 0xf7, 0xbb, 0xf7, 0xbb, 0xf7, 0x9b, 0xf7, 0x9a, 0xf7,
    0xbb, 0xf7, 0x9a, 0xf7, 0xbb, 0xf7, 0xbb, 0xff, 0x9a, 0xef, 0x9a, 0xf7,
    0xbb, 0xff, 0xbb, 0xf7, 0xbb, 0xf7, 0xbb, 0xf7, 0xbb, 0xff, 0xbb, 0xf7,
    0x9a, 0xf7, 0xbb, 0xf7, 0xbb, 0xff, 0x9b, 0xf7, 0xbb, 0xf7, 0xba, 0xf7,
    0x9a, 0xf7, 0xbb, 0xff, 0xbb, 0xf7, 0xbb, 0xff, 0xba, 0xff, 0x9a, 0xf7,
    0x9a, 0xf7, 0xbb, 0xf7, 0x9b, 0xf7, 0x9a, 0xf7, 0xba, 0xf7, 0x9a, 0xf7,
    0x79, 0xef, 0x79, 0xf7, 0x79, 0xef, 0x79, 0xef, 0x79, 0xf7, 0x79, 0xf7,
    0x99, 0xf7, 0x79, 0xf7, 0x79, 0xf7, 0x99, 0xf7, 0x99, 0xf7, 0x99, 0xf7,
    0x99, 0xf7, 0x99, 0xef, 0x99, 0xf7, 0x99, 0xef, 0x79, 0xef, 0x99, 0xef,
    0x99, 0xef, 0x99, 0xef, 0x99, 0xf7, 0x99, 0xef, 0x99, 0xef, 0x99, 0xef,
    0x79, 0xef, 0x99, 0xef, 0x79, 0xef, 0x79, 0xf7, 0x78, 0xef, 0x79, 0xef,
    0x79, 0xef, 0x99, 0xf7, 0x99, 0xf7, 0x79, 0xf7, 0x99, 0xef, 0x99, 0xef,
    0x79, 0xf7, 0x99, 0xf7, 0x79, 0xf7, 0x99, 0xef, 0x99, 0xf7, 0x99, 0xf7,
    0x78, 0xf7, 0x78, 0xef, 0x99, 0xf7, 0x99, 0xf7, 0x99, 0xef, 0x79, 0xf7,
    0x98, 0xf7, 0x79, 0xef, 0x98, 0xf7, 0x78, 0xef, 0x79, 0xef, 0x98, 0xf7,
    0x79, 0xf7, 0x98, 0xef, 0x99, 0xf7, 0x78, 0xf7, 0x79, 0xef, 0x78, 0xf7,
    0x78, 0xef, 0x98, 0xf7, 0x78, 0xf7, 0x78, 0xef, 0x98, 0xef, 0x78, 0xf7,
    0x78, 0xf7, 0x78, 0xef, 0x78, 0xef, 0x98, 0xf7, 0x78, 0xef, 0x78, 0xf7,
    0x78, 0xef, 0x78, 0xef, 0x78, 0xf7, 0x78, 0xef, 0x78, 0xef, 0x98, 0xef,
    0x78, 0xf7, 0x99, 0xf7, 0x78, 0xef, 0x78, 0xf7, 0x79, 0xef, 0x98, 0xf7,
    0x98, 0xef, 0x79, 0xef, 0x78, 0xf7, 0x78, 0xef, 0x99, 0xf7, 0x78, 0xef,
    0x78, 0xf7, 0x99, 0xf7, 0x78, 0xef, 0x78, 0xf7, 0x98, 0xf7, 0x78, 0xef,
    0x99, 0xf7, 0x78, 0xf7, 0x79, 0xf7, 0x99, 0xf7, 0x78, 0xf7, 0x79, 0xf7,
    0x99, 0xef, 0x99, 0xf7, 0x99, 0xf7, 0x99, 0xf7, 0x99, 0xf7, 0x99, 0xef,
    0x99, 0xf7, 0x99, 0xf7, 0x99, 0xf7, 0x99, 0xf7, 0x79, 0xef, 0x79, 0xef,
    0x99, 0xf7, 0x79, 0xef, 0x79, 0xef, 0x99, 0xf7, 0x99, 0xf7, 0x99, 0xef,
    0x99, 0xf7, 0x99, 0xf7, 0x99, 0xf7, 0x99, 0xf7, 0x99, 0xf7, 0x99, 0xf7,
    0x99, 0xf7, 0x99, 0xf7, 0x99, 0xf7, 0x99, 0xf7, 0x99, 0xf7, 0x99, 0xf7,
    0x99, 0xf7, 0x99, 0xf7, 0x99, 0xf7, 0x99, 0xf7, 0x9a, 0xf7, 0xba, 0xf7,
    0x9a, 0xf7, 0x9a, 0xf7, 0xba, 0xf7, 0x9a, 0xf7, 0x9a, 0xf7, 0x79, 0xef,
    0x9b, 0xf7, 0xbb, 0xf7, 0xba, 0xff, 0x9a, 0xf7, 0x9a, 0xf7, 0xbb, 0xf7,
    0x9a, 0xf7, 0x9a, 0xf7, 0xbb, 0xf7, 0xbb, 0xff, 0x79, 0xef, 0x9a, 0xf7,
    0xbb, 0xf7, 0xbb, 0xf7, 0x79, 0xf7, 0x7a, 0xf7, 0xbb, 0xf7, 0xbb, 0xf7,
    0x79, 0xef, 0xbb, 0xff, 0xbb, 0xf7, 0xbb, 0xf7, 0xbb, 0xf7, 0x9a, 0xf7,
    0x9b, 0xf7, 0xbb, 0xff, 0xbc, 0xff, 0x9a, 0xf7, 0x9b, 0xf7, 0xbc, 0xff,
    0xbb, 0xf7, 0xbb, 0xff, 0xbc, 0xf7, 0xbb, 0xff, 0xbb, 0xf7, 0xbb, 0xff,
    0xbc, 0xff, 0xbb, 0xf7, 0x9a, 0xef, 0xbc, 0xf7, 0xbc, 0xff, 0xbb, 0xf7,
    0xbb, 0xf7, 0x9a, 0xf7, 0xbc, 0xff, 0xbb, 0xf7, 0xbb, 0xf7, 0x9b, 0xf7,
    0xdc, 0xff, 0x9a, 0xef, 0x9b, 0xf7, 0xbc, 0xff, 0xbb, 0xf7, 0x79, 0xef,
    0xbc, 0xff, 0xbc, 0xf7, 0xdc, 0xff, 0xbb, 0xf7, 0x9b, 0xf7, 0xdb, 0xff,
    0xbb, 0xf7, 0x79, 0xf7, 0xbb, 0xf7, 0xbb, 0xf7, 0x9b, 0xf7, 0x7a, 0xf7,
    0xbb, 0xf7, 0x9a, 0xf7, 0xbc, 0xff, 0x9a, 0xf7, 0x9a, 0xf7, 0xbb, 0xff,
    0xbb, 0xf7, 0xbb, 0xf7, 0xbb, 0xff, 0xbb, 0xff, 0xbb, 0xf7, 0x99, 0xf7,
    0x9b, 0xf7, 0xbb, 0xff, 0xbb, 0xff, 0xbb, 0xf7, 0xbb, 0xff, 0xba, 0xff,
    0xbb, 0xf7, 0xba, 0xf7, 0xbb, 0xff, 0xba, 0xf7, 0x99, 0xef, 0x9a, 0xf7,
    0xbb, 0xf7, 0xbb, 0xf7, 0x9a, 0xf7, 0xba, 0xff, 0xbb, 0xf7, 0x79, 0xef,
    0x79, 0xf7, 0xba, 0xf7, 0xba, 0xf7, 0xba, 0xf7, 0xba, 0xf7, 0xba, 0xf7,
    0xba, 0xf7, 0x9a, 0xf7, 0x9a, 0xf7, 0x9a, 0xf7, 0xba, 0xf7, 0x9a, 0xf7,
    0x9a, 0xf7, 0xba, 0xf7, 0x9a, 0xf7, 0x99, 0xf7, 0x9a, 0xf7, 0x9a, 0xf7,
    0x9a, 0xf7, 0x9a, 0xf7, 0x99, 0xf7, 0x99, 0xf7, 0x9a, 0xf7, 0x9a, 0xf7,
    0x99, 0xf7, 0x9a, 0xf7, 0x9a, 0xf7, 0x99, 0xf7, 0x99, 0xf7, 0x79, 0xef,
    0x99, 0xf7, 0x99, 0xf7, 0x99, 0xf7, 0x99, 0xf7, 0x79, 0xf7, 0x79, 0xf7,
    0x99, 0xef, 0x99, 0xf7, 0x99, 0xf7, 0x79, 0xf7, 0x99, 0xf7, 0x99, 0xef,
    0x79, 0xef, 0x99, 0xf7, 0x99, 0xf7, 0x79, 0xf7, 0x98, 0xef, 0x79, 0xf7,
    0x99, 0xf7, 0x99, 0xf7, 0x78, 0xf7, 0x99, 0xef, 0x99, 0xf7, 0x78, 0xf7,
    0x99, 0xef, 0x78, 0xf7, 0x99, 0xef, 0x78, 0xf7, 0x99, 0xef, 0x78, 0xef,
    0x78, 0xf7, 0x79, 0xef, 0x78, 0xef, 0x79, 0xf7, 0x78, 0xf7, 0x98, 0xef,
    0x79, 0xf7, 0x78, 0xef, 0x78, 0xef, 0x78, 0xf7, 0x78, 0xef, 0x78, 0xef,
    0x78, 0xef, 0x78, 0xf7, 0x78, 0xef, 0x78, 0xef, 0x78, 0xf7, 0x78, 0xf7,
    0x78, 0xef, 0x78, 0xf7, 0x99, 0xf7, 0x78, 0xef, 0x98, 0xf7, 0x78, 0xf7,
    0x78, 0xf7, 0x78, 0xef, 0x79, 0xef, 0x98, 0xf7, 0x98, 0xf7, 0x78, 0xef,
    0x99, 0xf7, 0x78, 0xf7, 0x98, 0xef, 0x79, 0xef, 0x78, 0xf7, 0x99, 0xf7,
    0x79, 0xef, 0x98, 0xf7, 0x99, 0xef, 0x79, 0xf7, 0x78, 0xef, 0x79, 0xf7,
    0x79, 0xef, 0x99, 0xf7, 0x99, 0xf7, 0x99, 0xef, 0x99, 0xf7, 0x99, 0xf7,
    0x99, 0xf7, 0x99, 0xf7, 0x79, 0xef, 0x79, 0xef, 0x79, 0xf7, 0x79, 0xef,
    0x79, 0xf7, 0x99, 0xf7, 0x79, 0xef, 0x79, 0xef, 0x79, 0xf7, 0x79, 0xef,
    0x99, 0xef, 0x79, 0xf7, 0x79, 0xef, 0x79, 0xef, 0x79, 0xef, 0x79, 0xef,
    0x79, 0xef, 0x79, 0xef, 0x79, 0xef, 0x79, 0xef, 0x79, 0xef, 0x79, 0xef,
    0x79, 0xef, 0x79, 0xef, 0x99, 0xef, 0x79, 0xef, 0x79, 0xf7, 0xba, 0xf7,
    0x9a, 0xf7, 0x9a, 0xf7, 0xba, 0xf7, 0x9a, 0xf7, 0x9a, 0xff, 0x99, 0xf7,
    0x79, 0xef, 0x9b, 0xf7, 0x9b, 0xff, 0xba, 0xf7, 0x9a, 0xf7, 0xba, 0xf7,
    0x9b, 0xf7, 0xba, 0xff, 0x9a, 0xf7, 0xbb, 0xf7, 0x79, 0xef, 0x7a, 0xf7,
    0xbb, 0xf7, 0xbb, 0xf7, 0x79, 0xf7, 0x9a, 0xf7, 0xbb, 0xf7, 0xbb, 0xff,
    0x9a, 0xf7, 0x79, 0xef, 0x9b, 0xff, 0xbb, 0xf7, 0xbb, 0xf7, 0xbb, 0xff,
    0x9a, 0xf7, 0x9a, 0xf7, 0xbc, 0xf7, 0xdc, 0xff, 0x9a, 0xf7, 0x9a, 0xf7,
    0xbc, 0xf7, 0xbb, 0xf7, 0xbb, 0xf7, 0xbb, 0xff, 0xbc, 0xf7, 0xbc, 0xf7,
    0xbb, 0xff, 0xdc, 0xff, 0xbb, 0xf7, 0x9a, 0xef, 0xbb, 0xff, 0xbc, 0xff,
    0xbc, 0xf7, 0x9a, 0xf7, 0xbc, 0xff, 0x9b, 0xf7, 0xbb, 0xf7, 0x9a, 0xf7,
    0xbc, 0xff, 0x9a, 0xef, 0xbb, 0xf7, 0xbc, 0xff, 0xbb, 0xf7, 0x7a, 0xef,
    0xbc, 0xff, 0xbb, 0xff, 0xbc, 0xff, 0xbb, 0xf7, 0x9a, 0xf7, 0xbc, 0xff,
    0xbb, 0xf7, 0x7a, 0xf7, 0xbb, 0xf7, 0xbb, 0xff, 0x9b, 0xf7, 0x9a, 0xf7,
    0x9b, 0xf7, 0x9a, 0xf7, 0xbb, 0xf7, 0x9a, 0xef, 0xbb, 0xf7, 0xbb, 0xff,
    0xbc, 0xf7, 0xbb, 0xff, 0xbb, 0xff, 0xbb, 0xf7, 0x7a, 0xf7, 0xbb, 0xf7,
    0xbb, 0xf7, 0xbb, 0xf7, 0xbb, 0xf7, 0xbb, 0xf7, 0xba, 0xff, 0xbb, 0xf7,
    0xbb, 0xf7, 0xbb, 0xff, 0x9a, 0xf7, 0x79, 0xf7, 0x9b, 0xf7, 0xbb, 0xf7,
    0x9a, 0xf7, 0xba, 0xff, 0xbb, 0xf7, 0xbb, 0xff, 0x79, 0xf7, 0x79, 0xf7,
    0xbb, 0xf7, 0x9a, 0xf7, 0x9a, 0xf7, 0x9a, 0xf7, 0x9a, 0xf7, 0x9a, 0xf7,
    0x9a, 0xf7, 0xba, 0xf7, 0xba, 0xf7, 0x9a, 0xf7, 0x9a, 0xf7, 0xba, 0xf7,
    0x9a, 0xf7, 0x9a, 0xf7, 0xba, 0xf7, 0x9a, 0xf7, 0x9a, 0xf7, 0x9a, 0xf7,
    0x99, 0xf7, 0x9a, 0xf7, 0x9a, 0xf7, 0x9a, 0xf7, 0x9a, 0xf7, 0x99, 0xf7,
    0x99, 0xf7, 0x9a, 0xf7, 0x99, 0xf7, 0x99, 0xf7, 0x99, 0xf7, 0x9a, 0xf7,
    0x99, 0xf7, 0x99, 0xf7, 0x79, 0xf7, 0x99, 0xef, 0x99, 0xf7, 0x99, 0xf7,
    0x79, 0xf7, 0x99, 0xef, 0x99, 0xf7, 0x99, 0xf7, 0x99, 0xf7, 0x99, 0xef,
    0x99, 0xf7, 0x78, 0xf7, 0x78, 0xef, 0x79, 0xf7, 0x99, 0xf7, 0x98, 0xf7,
    0x99, 0xef, 0x79, 0xef, 0x78, 0xf7, 0x98, 0xef, 0x79, 0xef, 0x78, 0xf7,
    0x98, 0xf7, 0x79, 0xef, 0x78, 0xef, 0x78, 0xf7, 0x78, 0xf7, 0x99, 0xf7,
    0x78, 0xef, 0x78, 0xf7, 0x78, 0xef, 0x98, 0xf7, 0x78, 0xef, 0x78, 0xef,
    0x78, 0xf7, 0x78, 0xf7, 0x78, 0xef, 0x78, 0xef, 0x78, 0xf7, 0x78, 0xef,
    0x78, 0xef, 0x78, 0xef, 0x78, 0xf7, 0x78, 0xef, 0x78, 0xf7, 0x78, 0xef,
    0x78, 0xef, 0x78, 0xf7, 0x78, 0xef, 0x78, 0xef, 0x98, 0xf7, 0x79, 0xef,
    0x78, 0xf7, 0x78, 0xf7, 0x99, 0xf7, 0x99, 0xf7, 0x78, 0xef, 0x99, 0xf7,
    0x79, 0xf7, 0x98, 0xef, 0x99, 0xf7, 0x79, 0xef, 0x78, 0xf7, 0x99, 0xf7,
    0x79, 0xef, 0x98, 0xf7, 0x99, 0xf7, 0x79, 0xef, 0x99, 0xf7, 0x99, 0xf7,
    0x99, 0xef, 0x99, 0xf7, 0x79, 0xf7, 0x79, 0xf7, 0x99, 0xf7, 0x79, 0xf7,
    0x99, 0xef, 0x79, 0xf7, 0x79, 0xef, 0x99, 0xf7, 0x99, 0xf7, 0x99, 0xf7,
    0x99, 0xf7, 0x99, 0xf7, 0x99, 0xf7, 0x99, 0xf7, 0x99, 0xf7, 0x9a, 0xf7,
    0x99, 0xf7, 0x99, 0xf7, 0x9a, 0xf7, 0x9a, 0xf7, 0x99, 0xf7, 0x9a, 0xf7,
    0x9a, 0xf7, 0x99, 0xf7, 0x9a, 0xf7, 0x9a, 0xf7, 0xba, 0xf7, 0x9a, 0xf7,
    0x9a, 0xff, 0xba, 0xf7, 0xba, 0xf7, 0xba, 0xf7, 0x79, 0xef, 0x79, 0xef,
    0xbb, 0xff, 0x9a, 0xf7, 0x9a, 0xf7, 0x9a, 0xf7, 0x9a, 0xf7, 0x9b, 0xf7,
    0x9a, 0xf7, 0x79, 0xf7, 0xbb, 0xf7, 0x9a, 0xf7, 0x9a, 0xf7, 0x9b, 0xf7,
    0xbb, 0xf7, 0xbb, 0xf7, 0x9a, 0xff, 0xbb, 0xf7, 0x79, 0xef, 0x9a, 0xf7,
    0x9b, 0xf7, 0xbb, 0xff, 0x7a, 0xef, 0x9a, 0xf7, 0xbb, 0xf7, 0xbb, 0xf7,
    0xbb, 0xff, 0x7a, 0xf7, 0x79, 0xef, 0xbb, 0xff, 0xbb, 0xf7, 0x9b, 0xf7,
    0xbc, 0xff, 0x9a, 0xf7, 0x9b, 0xf7, 0xdc, 0xff, 0xbb, 0xf7, 0x99, 0xef,
    0x9b, 0xf7, 0xbc, 0xff, 0xbb, 0xf7, 0xbb, 0xf7, 0xbc, 0xff, 0xbc, 0xf7,
    0xbb, 0xff, 0xbc, 0xff, 0xbc, 0xff, 0xbb, 0xf7, 0x79, 0xef, 0xbb, 0xff,
    0xbb, 0xf7, 0x9a, 0xf7, 0xdc, 0xff, 0x9b, 0xf7, 0xbb, 0xf7, 0x9b, 0xf7,
    0xbc, 0xff, 0x7a, 0xef, 0xbb, 0xf7, 0xdc, 0xff, 0xbb, 0xff, 0x9a, 0xef,
    0xdc, 0xff, 0xbb, 0xf7, 0xbc, 0xff, 0xbb, 0xf7, 0x9a, 0xf7, 0xbc, 0xff,
    0xbb, 0xf7, 0x9a, 0xef, 0xbc, 0xff, 0xbc, 0xff, 0xbb, 0xf7, 0x9a, 0xf7,
    0x9a, 0xf7, 0x9a, 0xf7, 0xbb, 0xf7, 0x9a, 0xf7, 0xbb, 0xff, 0xbb, 0xf7,
    0xbb, 0xff, 0xbb, 0xf7, 0xbb, 0xf7, 0x9a, 0xef, 0xbb, 0xf7, 0xbb, 0xff,
    0xbb, 0xff, 0xbb, 0xff, 0xbb, 0xf7, 0xbb, 0xf7, 0xbb, 0xff, 0xbb, 0xf7,
    0xbb, 0xff, 0x9a, 0xf7, 0x99, 0xef, 0x9b, 0xf7, 0xbb, 0xff, 0xba, 0xf7,
    0x9a, 0xf7, 0xbb, 0xf7, 0xbb, 0xff, 0x79, 0xef, 0x79, 0xef, 0xbb, 0xf7,
    0xba, 0xf7, 0xba, 0xf7, 0xba, 0xf7, 0xbb, 0xff, 0x9a, 0xf7, 0xba, 0xf7,
    0x9a, 0xf7, 0x9a, 0xf7, 0xba, 0xf7, 0xba, 0xf7, 0x9a, 0xf7, 0x9a, 0xf7,
    0xba, 0xf7, 0x9a, 0xf7, 0xba, 0xf7, 0x99, 0xf7, 0x9a, 0xf7, 0xba, 0xf7,
    0x99, 0xf7, 0x9a, 0xf7, 0xba, 0xf7, 0x99, 0xf7, 0x9a, 0xf7, 0x99, 0xf7,
    0x9a, 0xf7, 0x9a, 0xf7, 0x99, 0xf7, 0x9a, 0xf7, 0x99, 0xf7, 0x99, 0xf7,
    0x99, 0xf7, 0x99, 0xf7, 0x9a, 0xf7, 0x99, 0xef, 0x99, 0xf7, 0x99, 0xf7,
    0x99, 0xf7, 0x79, 0xf7, 0x79, 0xef, 0x79, 0xef, 0x99, 0xf7, 0x99, 0xf7,
    0x99, 0xf7, 0x79, 0xef, 0x98, 0xf7, 0x99, 0xef, 0x99, 0xf7, 0x78, 0xef,
    0x78, 0xf7, 0x99, 0xf7, 0x99, 0xf7, 0x79, 0xef, 0x98, 0xf7, 0x79, 0xf7,
    0x99, 0xf7, 0x99, 0xf7, 0x78, 0xef, 0x99, 0xef, 0x78, 0xf7, 0x78, 0xef,
    0x98, 0xf7, 0x79, 0xf7, 0x78, 0xef, 0x98, 0xf7, 0x79, 0xef, 0x78, 0xef,
    0x78, 0xf7, 0x78, 0xef, 0x78, 0xf7, 0x78, 0xef, 0x78, 0xef, 0x78, 0xf7,
    0x78, 0xef, 0x78, 0xf7, 0x78, 0xf7, 0x78, 0xef, 0x78, 0xf7, 0x99, 0xf7,
    0x98, 0xef, 0x78, 0xf7, 0x78, 0xef, 0x99, 0xf7, 0x98, 0xf7, 0x78, 0xef,
    0x99, 0xef, 0x98, 0xef, 0x78, 0xf7, 0x78, 0xef, 0x98, 0xf7, 0x79, 0xf7,
    0x78, 0xef, 0x99, 0xf7, 0x79, 0xf7, 0x98, 0xf7, 0x98, 0xef, 0x79, 0xf7,
    0x79, 0xf7, 0x79, 0xf7, 0x99, 0xf7, 0x98, 0xef, 0x99, 0xf7, 0x99, 0xf7,
    0x99, 0xf7, 0x99, 0xf7, 0x99, 0xef, 0x79, 0xf7, 0x99, 0xf7, 0x99, 0xf7,
    0x79, 0xef, 0x79, 0xef, 0x99, 0xf7, 0x99, 0xf7, 0x99, 0xf7, 0x99, 0xf7,
    0x99, 0xf7, 0x99, 0xf7, 0x99, 0xf7, 0x9a, 0xf7, 0x99, 0xf7, 0x99, 0xf7,
    0x99, 0xf7, 0x9a, 0xf7, 0x99, 0xf7, 0x99, 0xf7, 0x99, 0xf7, 0x9a, 0xf7,
    0xb9, 0xf7, 0x99, 0xf7, 0x9a, 0xf7, 0x99, 0xf7, 0x99, 0xf7, 0x9a, 0xf7,
    0x9a, 0xf7, 0x9a, 0xf7, 0x9a, 0xf7, 0x9a, 0xf7, 0xba, 0xf7, 0x79, 0xef,
    0x79, 0xf7, 0xbb, 0xf7, 0x9a, 0xf7, 0x9a, 0xf7, 0xba, 0xf7, 0x9a, 0xf7,
    0xba, 0xf7, 0x9a, 0xf7, 0x99, 0xf7, 0xba, 0xf7, 0x9b, 0xf7, 0xba, 0xf7,
    0x9a, 0xf7, 0x9b, 0xf7, 0xbb, 0xf7, 0xbb, 0xff, 0x79, 0xf7, 0x7a, 0xf7,
    0xbb, 0xf7, 0xbb, 0xf7, 0x9a, 0xf7, 0x79, 0xef, 0xbb, 0xff, 0xbb, 0xf7,
    0xbb, 0xf7, 0xbb, 0xf7, 0x7a, 0xf7, 0x79, 0xef, 0xbc, 0xff, 0xbc, 0xf7,
    0xbb, 0xf7, 0xbb, 0xf7, 0x9a, 0xf7, 0xbb, 0xf7, 0xbc, 0xff, 0xbb, 0xf7,
    0x9a, 0xf7, 0xbb, 0xf7, 0xbc, 0xff, 0xbb, 0xff, 0xbb, 0xff, 0xbb, 0xf7,
    0xbb, 0xf7, 0xbb, 0xf7, 0xbc, 0xff, 0xbc, 0xff, 0x9b, 0xf7, 0x9a, 0xf7,
    0xbc, 0xf7, 0x9a, 0xef, 0xdc, 0xff, 0x7a, 0xef, 0xbc, 0xff, 0x9b, 0xf7,
    0xdc, 0xff, 0x7a, 0xf7, 0x9b, 0xf7, 0xbc, 0xff, 0xbb, 0xf7, 0x9a, 0xf7,
    0xbc, 0xff, 0xdb, 0xf7, 0xbc, 0xff, 0xbb, 0xf7, 0xbb, 0xf7, 0xbb, 0xff,
    0xbb, 0xf7, 0x9a, 0xf7, 0xbb, 0xff, 0xbb, 0xf7, 0x9b, 0xf7, 0x9a, 0xf7,
    0x9b, 0xf7, 0x9a, 0xf7, 0xbb, 0xf7, 0x7a, 0xf7, 0xbb, 0xf7, 0x9b, 0xf7,
    0xbb, 0xf7, 0xbb, 0xf7, 0x9a, 0xf7, 0xbb, 0xff, 0xbb, 0xf7, 0xbb, 0xf7,
    0xbb, 0xf7, 0xbb, 0xff, 0xbb, 0xf7, 0xbb, 0xff, 0xbb, 0xf7, 0xbb, 0xff,
    0x9a, 0xf7, 0x79, 0xf7, 0xbb, 0xf7, 0xbb, 0xf7, 0xbb, 0xf7, 0x9a, 0xf7,
    0x9b, 0xff, 0xbb, 0xff, 0x79, 0xef, 0x79, 0xef, 0xbb, 0xf7, 0x9a, 0xf7,
    0x9a, 0xf7, 0x9a, 0xf7, 0xba, 0xf7, 0x9a, 0xf7, 0x9a, 0xf7, 0xba, 0xf7,
    0xba, 0xf7, 0x9a, 0xf7, 0x9a, 0xf7, 0x9a, 0xf7, 0x9a, 0xf7, 0xba, 0xf7,
    0x9a, 0xf7, 0x9a, 0xf7, 0x99, 0xf7, 0x9a, 0xf7, 0x9a, 0xf7, 0xba, 0xf7,
    0x99, 0xf7, 0x99, 0xf7, 0x9a, 0xf7, 0x99, 0xf7, 0xb9, 0xf7, 0x9a, 0xf7,
    0x99, 0xf7, 0x9a, 0xf7, 0x9a, 0xf7, 0x99, 0xf7, 0x99, 0xf7, 0x9a, 0xf7,
    0x9a, 0xf7, 0x99, 0xf7, 0x9a, 0xf7, 0x99, 0xf7, 0x79, 0xf7, 0x99, 0xef,
    0x99, 0xf7, 0x99, 0xf7, 0x99, 0xf7, 0x99, 0xf7, 0x79, 0xf7, 0x79, 0xef,
    0x99, 0xf7, 0x99, 0xf7, 0x79, 0xef, 0x79, 0xf7, 0x99, 0xf7, 0x79, 0xf7,
    0x79, 0xef, 0x98, 0xf7, 0x99, 0xf7, 0x79, 0xf7, 0x98, 0xef, 0x79, 0xef,
    0x78, 0xf7, 0x98, 0xf7, 0x79, 0xef, 0x78, 0xf7, 0x79, 0xef, 0x78, 0xef,
    0x78, 0xf7, 0x99, 0xef, 0x78, 0xf7, 0x78, 0xf7, 0x78, 0xef, 0x78, 0xf7,
    0x78, 0xef, 0x78, 0xef, 0x78, 0xf7, 0x78, 0xf7, 0x78, 0xef, 0x78, 0xef,
    0x78, 0xf7, 0x78, 0xef, 0x78, 0xf7, 0x78, 0xef, 0x78, 0xef, 0x78, 0xf7,
    0x78, 0xf7, 0x78, 0xef, 0x79, 0xf7, 0x98, 0xf7, 0x78, 0xef, 0x78, 0xf7,
    0x78, 0xf7, 0x99, 0xf7, 0x78, 0xef, 0x78, 0xf7, 0x79, 0xf7, 0x98, 0xef,
    0x99, 0xf7, 0x99, 0xf7, 0x79, 0xef, 0x78, 0xf7, 0x99, 0xef, 0x99, 0xf7,
    0x98, 0xf7, 0x99, 0xef, 0x99, 0xf7, 0x79, 0xf7, 0x79, 0xf7, 0x79, 0xef,
    0x99, 0xf7, 0x99, 0xf7, 0x99, 0xef, 0x99, 0xf7, 0x99, 0xf7, 0x99, 0xef,
    0x79, 0xef, 0x99, 0xf7, 0x99, 0xf7, 0x99, 0xf7, 0x99, 0xf7, 0x99, 0xf7,
    0x99, 0xf7, 0x99, 0xf7, 0x9a, 0xf7, 0x9a, 0xf7, 0x9a, 0xf7, 0x9a, 0xf7,
    0x9a, 0xf7, 0x9a, 0xf7, 0x9a, 0xf7, 0x9a, 0xf7, 0x9a, 0xf7, 0x9a, 0xf7,
    0x9a, 0xf7, 0x9a, 0xf7, 0x9a, 0xf7, 0x9a, 0xf7, 0x9a, 0xf7, 0xba, 0xf7,
    0x99, 0xf7, 0x9a, 0xf7, 0xba, 0xf7, 0x9a, 0xf7, 0x9a, 0xf7, 0xba, 0xff,
    0x79, 0xef, 0x79, 0xf7, 0xbb, 0xf7, 0xba, 0xf7, 0x9a, 0xf7, 0xbb, 0xf7,
    0x9a, 0xf7, 0xbb, 0xf7, 0x9a, 0xf7, 0x9a, 0xf7, 0x9b, 0xf7, 0xba, 0xff,
    0xba, 0xf7, 0x9b, 0xf7, 0x9b, 0xf7, 0xbb, 0xf7, 0x79, 0xef, 0x9a, 0xf7,
    0x9b, 0xf7, 0x9b, 0xf7, 0xbb, 0xff, 0x9a, 0xf7, 0x79, 0xef, 0xbb, 0xff,
    0xbb, 0xf7, 0x9b, 0xf7, 0xbb, 0xff, 0x9a, 0xf7, 0x79, 0xef, 0xbc, 0xff,
    0xbb, 0xff, 0xbb, 0xf7, 0xbc, 0xff, 0x9a, 0xf7, 0x9b, 0xf7, 0xbc, 0xff,
    0xbb, 0xff, 0x9a, 0xf7, 0xbc, 0xf7, 0xdc, 0xff, 0xbb, 0xf7, 0xbc, 0xff,
    0xbb, 0xf7, 0xbb, 0xf7, 0xbb, 0xf7, 0xdc, 0xff, 0xbb, 0xf7, 0x9b, 0xf7,
    0xbc, 0xff, 0x9a, 0xef, 0xdc, 0xff, 0x7a, 0xef, 0xbc, 0xf7, 0x9a, 0xf7,
    0xdc, 0xff, 0x9a, 0xef, 0xbb, 0xf7, 0xbc, 0xff, 0xbc, 0xf7, 0x79, 0xef,
    0xbb, 0xff, 0xbc, 0xf7, 0xdc, 0xff, 0xbb, 0xf7, 0x9b, 0xf7, 0xdc, 0xff,
    0xdc, 0xff, 0x9a, 0xf7, 0xbc, 0xf7, 0xbb, 0xf7, 0xbb, 0xf7, 0x7a, 0xf7,
    0xbb, 0xf7, 0x9a, 0xf7, 0xbb, 0xf7, 0x9a, 0xf7, 0xbb, 0xf7, 0x9a, 0xf7,
    0xbc, 0xff, 0x9a, 0xf7, 0xbb, 0xf7, 0xbb, 0xff, 0xbb, 0xff, 0xbb, 0xf7,
    0xbb, 0xf7, 0xbb, 0xf7, 0xbb, 0xff, 0xbb, 0xf7, 0xbb, 0xff, 0x9a, 0xf7,
    0x79, 0xef, 0xbb, 0xf7, 0xbb, 0xff, 0xba, 0xf7, 0xbb, 0xf7, 0xbb, 0xf7,
    0xbb, 0xff, 0x79, 0xef, 0x99, 0xf7, 0xbb, 0xff, 0xba, 0xf7, 0xba, 0xff,
    0x9a, 0xf7, 0x9b, 0xff, 0xba, 0xf7, 0x9a, 0xf7, 0xbb, 0xf7, 0x9a, 0xf7,
    0xba, 0xff, 0x9a, 0xf7, 0x9a, 0xf7, 0xba, 0xf7, 0x9a, 0xf7, 0xba, 0xf7,
    0x9a, 0xf7, 0x9a, 0xf7, 0xba, 0xf7, 0x9a, 0xf7, 0x9a, 0xf7, 0x99, 0xf7,
    0x9a, 0xf7, 0x9a, 0xf7, 0x9a, 0xf7, 0x99, 0xf7, 0x9a, 0xf7, 0x9a, 0xf7,
    0x99, 0xf7, 0xb9, 0xf7, 0x9a, 0xf7, 0x99, 0xf7, 0x99, 0xef, 0x9a, 0xf7,
    0x99, 0xf7, 0x99, 0xf7, 0x99, 0xf7, 0x9a, 0xf7, 0x99, 0xef, 0x79, 0xf7,
    0x99, 0xf7, 0x99, 0xef, 0x99, 0xf7, 0x79, 0xf7, 0x99, 0xf7, 0x99, 0xf7,
    0x99, 0xf7, 0x99, 0xf7, 0x79, 0xf7, 0x98, 0xef, 0x99, 0xf7, 0x79, 0xef,
    0x98, 0xef, 0x79, 0xf7, 0x78, 0xef, 0x99, 0xf7, 0x99, 0xf7, 0x78, 0xef,
    0x98, 0xf7, 0x79, 0xef, 0x98, 0xef, 0x78, 0xf7, 0x78, 0xf7, 0x99, 0xef,
    0x98, 0xf7, 0x78, 0xef, 0x78, 0xef, 0x78, 0xf7, 0x78, 0xf7, 0x98, 0xef,
    0x78, 0xf7, 0x78, 0xef, 0x78, 0xf7, 0x78, 0xef, 0x78, 0xf7, 0x78, 0xf7,
    0x78, 0xef, 0x78, 0xf7, 0x98, 0xef, 0x78, 0xf7, 0x78, 0xef, 0x78, 0xef,
    0x78, 0xf7, 0x78, 0xef, 0x79, 0xf7, 0x79, 0xf7, 0x78, 0xef, 0x78, 0xef,
    0x79, 0xf7, 0x79, 0xf7, 0x78, 0xef, 0x78, 0xef, 0x99, 0xf7, 0x99, 0xef,
    0x78, 0xef, 0x57, 0xef, 0x78, 0xef, 0x99, 0xf7, 0x79, 0xf7, 0x99, 0xf7,
    0x98, 0xef, 0x99, 0xf7, 0x99, 0xf7, 0x99, 0xf7, 0x99, 0xef, 0x98, 0xf7,
    0x99, 0xf7, 0x99, 0xf7, 0x79, 0xf7, 0x99, 0xf7, 0x99, 0xf7, 0x79, 0xef,
    0x99, 0xf7, 0x99, 0xf7, 0x79, 0xf7, 0x99, 0xef, 0x79, 0xef, 0x79, 0xf7,
    0x9a, 0xf7, 0x9a, 0xf7, 0x99, 0xef, 0x99, 0xf7, 0x9a, 0xf7, 0x9a, 0xf7,
    0x99, 0xf7, 0x99, 0xf7, 0x9a, 0xf7, 0x99, 0xf7, 0x9a, 0xf7, 0xba, 0xf7,
    0x99, 0xf7, 0x9a, 0xf7, 0xba, 0xf7, 0x99, 0xf7, 0x9a, 0xf7, 0x9a, 0xf7,
    0x9a, 0xf7, 0x9a, 0xf7, 0x9a, 0xf7, 0xba, 0xf7, 0x9a, 0xf7, 0x9a, 0xf7,
    0xbb, 0xf7, 0x79, 0xef, 0x79, 0xf7, 0x9b, 0xf7, 0x9a, 0xf7, 0xbb, 0xf7,
    0x9b, 0xf7, 0x9a, 0xf7, 0x9a, 0xf7, 0x9a, 0xf7, 0xbb, 0xf7, 0x9b, 0xf7,
    0xba, 0xff, 0xba, 0xf7, 0x9b, 0xff, 0xbb, 0xf7, 0x79, 0xf7, 0x7a, 0xf7,
    0xbb, 0xff, 0xbb, 0xf7, 0xbb, 0xf7, 0xbb, 0xff, 0x7a, 0xef, 0x79, 0xef,
    0xbb, 0xff, 0xbb, 0xf7, 0xbb, 0xf7, 0xbb, 0xff, 0x9a, 0xf7, 0x79, 0xef,
    0xbc, 0xff, 0xbc, 0xff, 0xdc, 0xf7, 0xbc, 0xff, 0x9a, 0xf7, 0xbb, 0xf7,
    0xbc, 0xff, 0xbb, 0xf7, 0x9a, 0xf7, 0xbb, 0xf7, 0xdc, 0xff, 0xbc, 0xff,
    0xbc, 0xff, 0xbc, 0xff, 0xbb, 0xf7, 0xbc, 0xff, 0xbb, 0xf7, 0x9b, 0xf7,
    0xbc, 0xff, 0x9a, 0xf7, 0xdc, 0xff, 0x7a, 0xef, 0xbc, 0xf7, 0x9a, 0xf7,
    0xdc, 0xff, 0x9a, 0xf7, 0xbb, 0xf7, 0xdc, 0xff, 0xbc, 0xf7, 0x9a, 0xf7,
    0xbc, 0xff, 0xdc, 0xff, 0xdc, 0xf7, 0xbb, 0xf7, 0x9a, 0xf7, 0xbc, 0xff,
    0xdc, 0xff, 0x9a, 0xef, 0xbc, 0xff, 0xbc, 0xff, 0xba, 0xf7, 0x9a, 0xef,
    0xbb, 0xf7, 0x9a, 0xf7, 0xbb, 0xff, 0x9a, 0xf7, 0xbb, 0xf7, 0xbb, 0xf7,
    0xbc, 0xff, 0x9a, 0xf7, 0xbb, 0xf7, 0xbb, 0xf7, 0xbb, 0xff, 0xbb, 0xf7,
    0xbb, 0xff, 0xbb, 0xf7, 0xbb, 0xff, 0xbb, 0xf7, 0x9b, 0xf7, 0x79, 0xef,
    0xbb, 0xf7, 0xbb, 0xf7, 0xbb, 0xff, 0x9a, 0xf7, 0xbb, 0xff, 0xbb, 0xff,
    0x79, 0xef, 0x99, 0xef, 0xbb, 0xff, 0x9b, 0xf7, 0x9b, 0xf7, 0xba, 0xf7,
    0xba, 0xf7, 0xbb, 0xf7, 0x9a, 0xf7, 0xbb, 0xf7, 0x9a, 0xf7, 0x9a, 0xf7,
    0x9a, 0xf7, 0x9a, 0xf7, 0xba, 0xf7, 0x9a, 0xf7, 0x9a, 0xf7, 0x9a, 0xf7,
    0x99, 0xf7, 0x9a, 0xf7, 0xba, 0xf7, 0x99, 0xf7, 0x9a, 0xf7, 0xba, 0xf7,
    0x99, 0xf7, 0xb9, 0xf7, 0x9a, 0xf7, 0x9a, 0xf7, 0x99, 0xf7, 0x9a, 0xf7,
    0x9a, 0xf7, 0x99, 0xf7, 0x99, 0xf7, 0x9a, 0xf7, 0x9a, 0xf7, 0x99, 0xf7,
    0x99, 0xf7, 0x9a, 0xef, 0x99, 0xf7, 0x99, 0xf7, 0x99, 0xf7, 0x99, 0xf7,
    0x99, 0xf7, 0x79, 0xf7, 0x99, 0xf7, 0x99, 0xef, 0x99, 0xf7, 0x79, 0xef,
    0x78, 0xef, 0x99, 0xf7, 0x79, 0xf7, 0x99, 0xf7, 0x78, 0xef, 0x98, 0xf7,
    0x99, 0xf7, 0x79, 0xf7, 0x98, 0xef, 0x99, 0xf7, 0x78, 0xf7, 0x99, 0xf7,
    0x99, 0xf7, 0x79, 0xf7, 0x98, 0xef, 0x99, 0xf7, 0x78, 0xef, 0x99, 0xf7,
    0x78, 0xf7, 0x78, 0xef, 0x78, 0xef, 0x98, 0xf7, 0x79, 0xef, 0x78, 0xef,
    0x78, 0xf7, 0x78, 0xf7, 0x98, 0xef, 0x78, 0xef, 0x78, 0xef, 0x78, 0xf7,
    0x78, 0xef, 0x78, 0xf7, 0x78, 0xf7, 0x99, 0xef, 0x78, 0xf7, 0x78, 0xef,
    0x79, 0xf7, 0x98, 0xf7, 0x98, 0xef, 0x78, 0xef, 0x98, 0xf7, 0x78, 0xf7,
    0x98, 0xef, 0x79, 0xf7, 0x78, 0xef, 0x98, 0xf7, 0x99, 0xf7, 0x99, 0xf7,
    0x57, 0xef, 0x58, 0xef, 0x57, 0xe7, 0x78, 0xef, 0x78, 0xef, 0x78, 0xef,
    0x78, 0xef, 0x78, 0xef, 0x78, 0xef, 0x78, 0xef, 0x78, 0xef, 0x78, 0xef,
    0x79, 0xef, 0x78, 0xef, 0x78, 0xef, 0x79, 0xef, 0x79, 0xef, 0x99, 0xf7,
    0x99, 0xf7, 0x99, 0xf7, 0x99, 0xf7, 0x99, 0xf7, 0x99, 0xf7, 0x79, 0xef,
    0x99, 0xf7, 0x79, 0xef, 0x58, 0xe7, 0x57, 0xe7, 0x99, 0xef, 0x79, 0xf7,
    0x99, 0xf7, 0x9a, 0xf7, 0x99, 0xf7, 0x9a, 0xf7, 0x99, 0xf7, 0x9a, 0xf7,
    0x9a, 0xf7, 0x99, 0xf7, 0x9a, 0xf7, 0x9a, 0xf7, 0x99, 0xf7, 0x9a, 0xf7,
    0xba, 0xf7, 0x9a, 0xf7, 0xba, 0xff, 0x9a, 0xf7, 0x9a, 0xf7, 0x9a, 0xf7,
    0x9a, 0xf7, 0xba, 0xf7, 0x79, 0xef, 0x79, 0xf7, 0xbb, 0xff, 0x9a, 0xf7,
    0x9a, 0xf7, 0xbb, 0xf7, 0x9a, 0xf7, 0x9a, 0xf7, 0xbb, 0xff, 0x9b, 0xf7,
    0x9b, 0xf7, 0xbb, 0xf7, 0xba, 0xf7, 0x9b, 0xf7, 0xbb, 0xf7, 0x79, 0xef,
    0x9a, 0xf7, 0xbb, 0xf7, 0xbb, 0xf7, 0xbb, 0xf7, 0xbb, 0xff, 0x7a, 0xef,
    0x79, 0xef, 0xbb, 0xff, 0xbb, 0xf7, 0xbb, 0xf7, 0xbc, 0xff, 0x9a, 0xf7,
    0x79, 0xef, 0xbc, 0xff, 0xbb, 0xf7, 0xbb, 0xf7, 0xdc, 0xff, 0x9a, 0xf7,
    0xbb, 0xf7, 0xdc, 0xff, 0xbc, 0xf7, 0x9a, 0xf7, 0xbc, 0xff, 0xbb, 0xf7,
    0xbb, 0xff, 0xbc, 0xff, 0xbc, 0xff, 0xdc, 0xff, 0xbb, 0xf7, 0x9a, 0xef,
    0xbc, 0xff, 0x9b, 0xf7, 0xdc, 0xff, 0x7a, 0xef, 0xbc, 0xff, 0x9a, 0xf7,
    0xdc, 0xff, 0x9a, 0xf7, 0xbb, 0xf7, 0xbc, 0xff, 0xbb, 0xf7, 0x9a, 0xef,
    0xbb, 0xff, 0xbc, 0xff, 0xdc, 0xff, 0xbb, 0xf7, 0x9a, 0xf7, 0xdc, 0xff,
    0xbb, 0xf7, 0x7a, 0xef, 0xdc, 0xff, 0xbc, 0xff, 0xbb, 0xf7, 0x7a, 0xf7,
    0xbb, 0xf7, 0x9a, 0xf7, 0xbc, 0xf7, 0x9a, 0xf7, 0xbc, 0xff, 0xbb, 0xf7,
    0xdc, 0xff, 0x9a, 0xf7, 0xbb, 0xf7, 0xbb, 0xff, 0xbc, 0xf7, 0xbb, 0xff,
    0xbb, 0xf7, 0xbb, 0xf7, 0xbb, 0xff, 0xbb, 0xf7, 0x79, 0xf7, 0xbb, 0xf7,
    0xbb, 0xff, 0xbb, 0xff, 0xbb, 0xf7, 0xbb, 0xf7, 0xbb, 0xff, 0x79, 0xef,
    0x79, 0xf7, 0xbb, 0xff, 0xbb, 0xf7, 0xbb, 0xf7, 0xbb, 0xff, 0xbb, 0xf7,
    0xbb, 0xff, 0xba, 0xf7, 0xbb, 0xff, 0x9a, 0xff, 0xba, 0xf7, 0xbb, 0xf7,
    0xbb, 0xff, 0xba, 0xf7, 0x9a, 0xf7, 0xba, 0xff, 0x9a, 0xf7, 0xba, 0xf7,
    0x9a, 0xf7, 0xba, 0xf7, 0xba, 0xf7, 0xba, 0xf7, 0x9a, 0xf7, 0x9a, 0xf7,
    0x9a, 0xf7, 0x9a, 0xf7, 0xb9, 0xf7, 0x9a, 0xf7, 0x99, 0xf7, 0xba, 0xf7,
    0x9a, 0xf7, 0x9a, 0xf7, 0x99, 0xf7, 0x79, 0xef, 0x79, 0xef, 0x78, 0xef,
    0x79, 0xef, 0x79, 0xef, 0x79, 0xef, 0x79, 0xef, 0x79, 0xef, 0x79, 0xef,
    0x79, 0xef, 0x79, 0xef, 0x78, 0xef, 0x78, 0xef, 0x78, 0xef, 0x58, 0xef,
    0x79, 0xef, 0x78, 0xef, 0x99, 0xf7, 0x79, 0xf7, 0x79, 0xef, 0x79, 0xf7,
    0x99, 0xf7, 0x99, 0xef, 0x79, 0xf7, 0x78, 0xef, 0x78, 0xef, 0x99, 0xf7,
    0x79, 0xef, 0x78, 0xf7, 0x79, 0xf7, 0x78, 0xef, 0x98, 0xef, 0x79, 0xf7,
    0x99, 0xf7, 0x98, 0xf7, 0x79, 0xef, 0x78, 0xf7, 0x78, 0xf7, 0x78, 0xef,
    0x98, 0xef, 0x79, 0xf7, 0x78, 0xf7, 0x78, 0xef, 0x78, 0xef, 0x78, 0xef,
    0x78, 0xef, 0x78, 0xf7, 0x78, 0xef, 0x78, 0xef, 0x78, 0xf7, 0x78, 0xf7,
    0x78, 0xef, 0x78, 0xef, 0x78, 0xf7, 0x78, 0xef, 0x79, 0xf7, 0x78, 0xef,
    0x78, 0xf7, 0x99, 0xef, 0x78, 0xf7, 0x78, 0xef, 0x79, 0xef, 0x99, 0xf7,
    0x78, 0xef, 0x58, 0xef, 0x79, 0xf7, 0x99, 0xf7, 0x99, 0xf7, 0x99, 0xf7,
    0x79, 0xf7, 0x79, 0xf7, 0x79, 0xf7, 0x79, 0xf7, 0x79, 0xf7, 0x99, 0xf7,
    0x99, 0xf7, 0x99, 0xf7, 0x99, 0xf7, 0x99, 0xf7, 0x99, 0xf7, 0x99, 0xf7,
    0x79, 0xef, 0x99, 0xef, 0x99, 0xf7, 0x79, 0xf7, 0x99, 0xf7, 0x99, 0xf7,
    0x9a, 0xf7, 0x58, 0xef, 0x58, 0xef, 0x59, 0xef, 0x78, 0xef, 0x78, 0xef,
    0x57, 0xe7, 0x78, 0xef, 0x58, 0xe7, 0x58, 0xe7, 0x58, 0xef, 0x58, 0xef,
    0x58, 0xef, 0x58, 0xef, 0x58, 0xef, 0x58, 0xef, 0x58, 0xef, 0x58, 0xef,
    0x58, 0xef, 0x78, 0xef, 0x99, 0xf7, 0x9a, 0xf7, 0x9a, 0xf7, 0x9a, 0xf7,
    0x9a, 0xf7, 0x9a, 0xf7, 0xba, 0xff, 0x79, 0xef, 0x79, 0xf7, 0xbb, 0xf7,
    0xba, 0xf7, 0xba, 0xf7, 0x9b, 0xf7, 0x9a, 0xf7, 0xbb, 0xf7, 0xba, 0xf7,
    0x9b, 0xf7, 0xbb, 0xff, 0xbb, 0xf7, 0x9b, 0xf7, 0xbb, 0xff, 0xba, 0xf7,
    0x79, 0xef, 0x9a, 0xf7, 0xbb, 0xff, 0xbb, 0xf7, 0xbb, 0xf7, 0xbb, 0xff,
    0x7a, 0xf7, 0x79, 0xef, 0xbb, 0xff, 0xbb, 0xf7, 0xbb, 0xf7, 0xbc, 0xff,
    0x9a, 0xef, 0x79, 0xef, 0xdc, 0xff, 0xbc, 0xff, 0xbc, 0xf7, 0xdc, 0xff,
    0x9b, 0xf7, 0xbb, 0xf7, 0xbc, 0xff, 0xbb, 0xf7, 0xbb, 0xf7, 0xbb, 0xf7,
    0xbb, 0xf7, 0xbb, 0xf7, 0xbb, 0xf7, 0xdc, 0xff, 0x9b, 0xf7, 0x9a, 0xef,
    0xbc, 0xff, 0x9a, 0xf7, 0xdc, 0xff, 0x9a, 0xef, 0xbc, 0xff, 0x9b, 0xf7,
    0xdc, 0xff, 0x9a, 0xf7, 0xbb, 0xf7, 0xbc, 0xff, 0xbc, 0xff, 0x9a, 0xef,
    0xbc, 0xff, 0xbb, 0xf7, 0xdc, 0xff, 0xbb, 0xf7, 0xbb, 0xf7, 0xdc, 0xff,
    0x9a, 0xef, 0xbb, 0xff, 0xbb, 0xf7, 0xdc, 0xff, 0x9a, 0xf7, 0x9a, 0xf7,
    0xbb, 0xf7, 0x9b, 0xf7, 0xbc, 0xff, 0x9a, 0xf7, 0xbb, 0xf7, 0xbb, 0xf7,
    0xbc, 0xf7, 0x9a, 0xf7, 0xbb, 0xf7, 0xbb, 0xff, 0xbb, 0xf7, 0xbb, 0xff,
    0xbb, 0xf7, 0xdc, 0xff, 0xbb, 0xf7, 0x79, 0xef, 0xbb, 0xff, 0xbb, 0xff,
    0xbb, 0xf7, 0xbb, 0xf7, 0xbb, 0xf7, 0xbb, 0xff, 0x79, 0xef, 0x99, 0xf7,
    0xbb, 0xf7, 0xbb, 0xf7, 0xbb, 0xf7, 0xbb, 0xff, 0x99, 0xf7, 0x59, 0xef,
    0x58, 0xef, 0x58, 0xef, 0x58, 0xef, 0x58, 0xef, 0x58, 0xef, 0x58, 0xef,
    0x58, 0xef, 0x58, 0xef, 0x58, 0xef, 0x78, 0xef, 0x78, 0xef, 0x78, 0xef,
    0x78, 0xf7, 0x78, 0xef, 0x78, 0xf7, 0x78, 0xf7, 0x78, 0xef, 0x78, 0xef,
    0x78, 0xf7, 0x79, 0xf7, 0x78, 0xef, 0x78, 0xef, 0x79, 0xf7, 0x78, 0xef,
    0x78, 0xef, 0x58, 0xef, 0x58, 0xef, 0x99, 0xf7, 0x79, 0xf7, 0x79, 0xef,
    0x99, 0xf7, 0x99, 0xf7, 0x99, 0xf7, 0x99, 0xf7, 0x99, 0xf7, 0x99, 0xf7,
    0x79, 0xf7, 0x99, 0xf7, 0x99, 0xf7, 0x79, 0xf7, 0x99, 0xf7, 0x79, 0xef,
    0x78, 0xef, 0x99, 0xf7, 0x99, 0xf7, 0x78, 0xef, 0x99, 0xf7, 0x78, 0xf7,
    0x78, 0xf7, 0x99, 0xef, 0x99, 0xf7, 0x79, 0xf7, 0x99, 0xf7, 0x98, 0xf7,
    0x79, 0xef, 0x98, 0xef, 0x99, 0xf7, 0x78, 0xef, 0x78, 0xef, 0x78, 0xef,
    0x78, 0xef, 0x79, 0xf7, 0x78, 0xef, 0x78, 0xef, 0x98, 0xf7, 0x79, 0xf7,
    0x78, 0xef, 0x78, 0xef, 0x78, 0xf7, 0x78, 0xf7, 0x78, 0xef, 0x78, 0xef,
    0x78, 0xf7, 0x78, 0xef, 0x78, 0xf7, 0x78, 0xef, 0x78, 0xef, 0x78, 0xf7,
    0x98, 0xef, 0x78, 0xf7, 0x78, 0xf7, 0x79, 0xef, 0x78, 0xef, 0x78, 0xf7,
    0x78, 0xef, 0x79, 0xf7, 0x98, 0xf7, 0x98, 0xf7, 0x79, 0xf7, 0x99, 0xf7,
    0x99, 0xf7, 0x99, 0xf7, 0x99, 0xf7, 0x99, 0xf7, 0x99, 0xf7, 0x99, 0xf7,
    0x99, 0xf7, 0x99, 0xf7, 0x98, 0xef, 0x79, 0xf7, 0x99, 0xf7, 0x79, 0xf7,
    0x99, 0xf7, 0x99, 0xf7, 0x99, 0xf7, 0x99, 0xf7, 0x99, 0xf7, 0x99, 0xf7,
    0x99, 0xf7, 0x79, 0xf7, 0x99, 0xef, 0x99, 0xf7, 0x79, 0xef, 0x99, 0xf7,
    0x99, 0xf7, 0x99, 0xf7, 0x57, 0xef, 0x58, 0xef, 0x9a, 0xf7, 0x99, 0xf7,
    0x99, 0xf7, 0x99, 0xf7, 0x99, 0xf7, 0x99, 0xf7, 0x99, 0xf7, 0x9a, 0xf7,
    0xba, 0xf7, 0x9a, 0xf7, 0xba, 0xf7, 0x9a, 0xf7, 0xba, 0xf7, 0x9a, 0xf7,
    0x9a, 0xf7, 0x9a, 0xf7, 0x78, 0xef, 0x79, 0xf7, 0xba, 0xf7, 0x9a, 0xf7,
    0x9a, 0xf7, 0x9a, 0xf7, 0x9a, 0xf7, 0xbb, 0xf7, 0x79, 0xef, 0x7a, 0xf7,
    0xbb, 0xff, 0x9a, 0xf7, 0xba, 0xf7, 0x9a, 0xf7, 0xbb, 0xff, 0xbb, 0xf7,
    0x9a, 0xf7, 0xba, 0xff, 0xba, 0xf7, 0xbb, 0xf7, 0xbb, 0xf7, 0xbb, 0xf7,
    0x9a, 0xf7, 0x79, 0xf7, 0x9b, 0xf7, 0xbb, 0xff, 0xbb, 0xf7, 0xbb, 0xf7,
    0xbb, 0xff, 0x7a, 0xf7, 0x7a, 0xef, 0xbc, 0xff, 0xbb, 0xf7, 0xbb, 0xff,
    0xdc, 0xff, 0x9a, 0xf7, 0x7a, 0xf7, 0xdc, 0xff, 0xbb, 0xf7, 0xbc, 0xff,
    0xdc, 0xff, 0x9a, 0xf7, 0xbb, 0xf7, 0xbc, 0xff, 0xbc, 0xff, 0xbc, 0xff,
    0xbc, 0xf7, 0xdc, 0xff, 0xdc, 0xff, 0xbc, 0xf7, 0x9b, 0xf7, 0x9a, 0xf7,
    0xbc, 0xff, 0x9a, 0xef, 0xdd, 0xff, 0x9a, 0xf7, 0xbc, 0xf7, 0x9b, 0xf7,
    0xdd, 0xff, 0x7a, 0xef, 0xbb, 0xf7, 0xbc, 0xff, 0xdc, 0xff, 0x9a, 0xf7,
    0xbc, 0xf7, 0xbc, 0xff, 0xbc, 0xff, 0xbb, 0xf7, 0x9a, 0xf7, 0xbc, 0xff,
    0xbb, 0xff, 0xbb, 0xf7, 0xdc, 0xff, 0xbb, 0xf7, 0x9a, 0xef, 0xdc, 0xff,
    0x9b, 0xf7, 0x9a, 0xf7, 0xbb, 0xf7, 0x9a, 0xf7, 0xbb, 0xf7, 0xbb, 0xf7,
    0xbb, 0xff, 0x9a, 0xf7, 0xbb, 0xf7, 0xbc, 0xff, 0xbb, 0xf7, 0xbb, 0xff,
    0xbb, 0xff, 0x9b, 0xf7, 0x79, 0xef, 0xbb, 0xf7, 0xbb, 0xff, 0xbb, 0xf7,
    0xbb, 0xf7, 0xbb, 0xf7, 0xbb, 0xff, 0x79, 0xef, 0x7a, 0xf7, 0xbb, 0xf7,
    0xbb, 0xf7, 0xbb, 0xf7, 0xbb, 0xf7, 0x9a, 0xf7, 0x79, 0xef, 0x9a, 0xf7,
    0x9a, 0xf7, 0x9a, 0xf7, 0x9a, 0xf7, 0x9a, 0xf7, 0x9a, 0xf7, 0x9a, 0xf7,
    0x9a, 0xf7, 0x99, 0xf7, 0x9a, 0xf7, 0x79, 0xf7, 0x9a, 0xf7, 0x9a, 0xf7,
    0x9a, 0xf7, 0x9a, 0xf7, 0x9a, 0xf7, 0x99, 0xf7, 0x99, 0xf7, 0x9a, 0xf7,
    0x99, 0xf7, 0x9a, 0xf7, 0x99, 0xf7, 0x99, 0xf7, 0x9a, 0xf7, 0x99, 0xf7,
    0x99, 0xf7, 0x99, 0xf7, 0x99, 0xf7, 0x99, 0xf7, 0x99, 0xf7, 0x99, 0xf7,
    0x99, 0xf7, 0x99, 0xf7, 0x79, 0xf7, 0x99, 0xf7, 0x99, 0xf7, 0x99, 0xf7,
    0x99, 0xf7, 0x99, 0xf7, 0x99, 0xf7, 0x99, 0xf7, 0x79, 0xf7, 0x99, 0xf7,
    0x99, 0xf7, 0x99, 0xf7, 0x99, 0xf7, 0x99, 0xf7, 0x99, 0xf7, 0x99, 0xef,
    0x79, 0xf7, 0x78, 0xf7, 0x98, 0xef, 0x79, 0xf7, 0x99, 0xf7, 0x98, 0xef,
    0x79, 0xf7, 0x99, 0xf7, 0x78, 0xef, 0x79, 0xf7, 0x79, 0xf7, 0x78, 0xf7,
    0x98, 0xef, 0x79, 0xf7, 0x78, 0xf7, 0x98, 0xef, 0x78, 0xf7, 0x78, 0xf7,
    0x98, 0xef, 0x78, 0xf7, 0x98, 0xef, 0x79, 0xef, 0x78, 0xf7, 0x78, 0xf7,
    0x78, 0xef, 0x78, 0xef, 0x78, 0xf7, 0x78, 0xf7, 0x78, 0xef, 0x78, 0xef,
    0x78, 0xf7, 0x78, 0xef, 0x98, 0xf7, 0x78, 0xf7, 0x98, 0xef, 0x78, 0xf7,
    0x79, 0xf7, 0x78, 0xef, 0x79, 0xef, 0x78, 0xf7, 0x98, 0xef, 0x99, 0xf7,
    0x99, 0xf7, 0x98, 0xef, 0x99, 0xef, 0x99, 0xf7, 0x79, 0xef, 0x99, 0xf7,
    0x99, 0xf7, 0x78, 0xef, 0x99, 0xf7, 0x99, 0xef, 0x99, 0xf7, 0x99, 0xef,
    0x99, 0xef, 0x79, 0xf7, 0x99, 0xef, 0x79, 0xef, 0x99, 0xf7, 0x99, 0xef,
    0x79, 0xf7, 0x99, 0xf7, 0x99, 0xf7, 0x99, 0xf7, 0x9a, 0xf7, 0x9a, 0xf7,
    0x99, 0xef, 0x99, 0xf7, 0x9a, 0xf7, 0x9a, 0xf7, 0x99, 0xf7, 0x9a, 0xf7,
    0x9a, 0xf7, 0x99, 0xf7, 0x99, 0xf7, 0x9a, 0xf7, 0x9a, 0xf7, 0x99, 0xf7,
    0x9a, 0xf7, 0x99, 0xf7, 0x9a, 0xf7, 0xba, 0xf7, 0xba, 0xf7, 0x9a, 0xf7,
    0x9a, 0xf7, 0x9a, 0xf7, 0x9a, 0xf7, 0x79, 0xef, 0x9a, 0xf7, 0xbb, 0xf7,
    0x9a, 0xf7, 0xba, 0xf7, 0xba, 0xf7, 0x9b, 0xff, 0xbb, 0xf7, 0x79, 0xef,
    0x7a, 0xf7, 0xbb, 0xf7, 0xbb, 0xf7, 0x9a, 0xf7, 0x9a, 0xf7, 0x9b, 0xf7,
    0xbb, 0xf7, 0x9b, 0xf7, 0x9a, 0xf7, 0xbb, 0xff, 0xbb, 0xf7, 0x9a, 0xf7,
    0x9b, 0xf7, 0xbb, 0xf7, 0x79, 0xf7, 0xbb, 0xf7, 0xbb, 0xff, 0xbb, 0xf7,
    0xbb, 0xf7, 0xbb, 0xff, 0x9a, 0xf7, 0x7a, 0xef, 0xbc, 0xff, 0xbb, 0xf7,
    0xbb, 0xf7, 0xbc, 0xff, 0x9a, 0xf7, 0x9a, 0xef, 0xbc, 0xff, 0xbb, 0xf7,
    0xbc, 0xff, 0xbc, 0xff, 0x9a, 0xf7, 0xbb, 0xf7, 0xbb, 0xf7, 0xbb, 0xf7,
    0x9b, 0xf7, 0xbb, 0xf7, 0xbb, 0xf7, 0xbc, 0xff, 0xbb, 0xf7, 0x9b, 0xf7,
    0xbc, 0xff, 0x9a, 0xf7, 0xdd, 0xff, 0x9a, 0xf7, 0xbc, 0xf7, 0x9b, 0xf7,
    0xdc, 0xff, 0x9a, 0xf7, 0xbb, 0xf7, 0xdc, 0xf7, 0xdc, 0xff, 0x9a, 0xef,
    0xbc, 0xff, 0xbc, 0xff, 0xbc, 0xff, 0xbb, 0xf7, 0x9a, 0xf7, 0xbc, 0xff,
    0xbc, 0xf7, 0xdc, 0xff, 0xbc, 0xff, 0x9a, 0xf7, 0xdc, 0xff, 0xbc, 0xff,
    0x9a, 0xf7, 0x9b, 0xf7, 0xbb, 0xf7, 0x9a, 0xf7, 0x9b, 0xf7, 0xbc, 0xff,
    0xbc, 0xff, 0x9a, 0xf7, 0xbb, 0xf7, 0xbb, 0xf7, 0xbb, 0xf7, 0xbb, 0xf7,
    0xbc, 0xff, 0x79, 0xef, 0x9b, 0xf7, 0xbb, 0xf7, 0xbb, 0xf7, 0xbb, 0xff,
    0xbb, 0xff, 0xbb, 0xff, 0x79, 0xef, 0x9a, 0xf7, 0xbb, 0xf7, 0xbb, 0xf7,
    0xbb, 0xf7, 0x9b, 0xff, 0x9a, 0xf7, 0x79, 0xef, 0x9a, 0xf7, 0x99, 0xf7,
    0x79, 0xf7, 0x79, 0xef, 0x79, 0xef, 0x79, 0xf7, 0x99, 0xef, 0x99, 0xf7,
    0x79, 0xf7, 0x79, 0xef, 0x9a, 0xf7, 0x9a, 0xf7, 0x9a, 0xf7, 0x9a, 0xf7,
    0x9a, 0xf7, 0x9a, 0xf7, 0x9a, 0xf7, 0x9a, 0xf7, 0x9a, 0xf7, 0x9a, 0xf7,
    0x9a, 0xf7, 0x9a, 0xf7, 0x9a, 0xf7, 0x9a, 0xf7, 0x9a, 0xf7, 0x99, 0xf7,
    0x99, 0xf7, 0x9a, 0xf7, 0x9a, 0xf7, 0x9a, 0xf7, 0x99, 0xef, 0x99, 0xf7,
    0x79, 0xf7, 0x99, 0xef, 0x99, 0xf7, 0x79, 0xf7, 0x99, 0xef, 0x99, 0xf7,
    0x79, 0xef, 0x99, 0xef, 0x99, 0xef, 0x79, 0xef, 0x99, 0xf7, 0x99, 0xf7,
    0x99, 0xef, 0x79, 0xf7, 0x99, 0xef, 0x79, 0xf7, 0x79, 0xf7, 0x99, 0xef,
    0x99, 0xf7, 0x79, 0xf7, 0x98, 0xef, 0x79, 0xef, 0x79, 0xf7, 0x99, 0xf7,
    0x99, 0xf7, 0x78, 0xf7, 0x98, 0xef, 0x79, 0xf7, 0x79, 0xf7, 0x98, 0xef,
    0x78, 0xf7, 0x99, 0xef, 0x78, 0xf7, 0x78, 0xf7, 0x79, 0xef, 0x78, 0xef,
    0x99, 0xf7, 0x98, 0xf7, 0x78, 0xef, 0x79, 0xf7, 0x78, 0xf7, 0x78, 0xef,
    0x78, 0xf7, 0x78, 0xef, 0x78, 0xef, 0x78, 0xf7, 0x78, 0xf7, 0x78, 0xef,
    0x79, 0xf7, 0x98, 0xef, 0x98, 0xf7, 0x79, 0xf7, 0x78, 0xef, 0x98, 0xf7,
    0x98, 0xf7, 0x78, 0xef, 0x78, 0xf7, 0x79, 0xf7, 0x98, 0xef, 0x99, 0xf7,
    0x79, 0xf7, 0x99, 0xf7, 0x99, 0xf7, 0x79, 0xf7, 0x98, 0xf7, 0x99, 0xf7,
    0x99, 0xef, 0x79, 0xf7, 0x99, 0xf7, 0x78, 0xf7, 0x79, 0xef, 0x99, 0xf7,
    0x99, 0xf7, 0x99, 0xf7, 0x99, 0xf7, 0x99, 0xf7, 0x79, 0xf7, 0x79, 0xf7,
    0x99, 0xef, 0x99, 0xf7, 0x79, 0xf7, 0x99, 0xef, 0x99, 0xf7, 0x7a, 0xf7,
    0x99, 0xf7, 0x99, 0xef, 0x99, 0xf7, 0x99, 0xf7, 0x99, 0xf7, 0x9a, 0xf7,
    0x99, 0xf7, 0x9a, 0xf7, 0x99, 0xf7, 0x9a, 0xf7, 0x9a, 0xf7, 0x99, 0xf7,
    0x9a, 0xf7, 0x9a, 0xf7, 0x9a, 0xf7, 0x99, 0xf7, 0x9a, 0xf7, 0x9a, 0xf7,
    0x9a, 0xf7, 0x9a, 0xf7, 0x9a, 0xf7, 0xba, 0xf7, 0x79, 0xef, 0x9a, 0xf7,
    0xbb, 0xf7, 0x9a, 0xf7, 0xba, 0xf7, 0x9a, 0xf7, 0xba, 0xf7, 0xbb, 0xff,
    0x79, 0xef, 0x9a, 0xf7, 0xbb, 0xff, 0x9b, 0xf7, 0x9a, 0xf7, 0xba, 0xf7,
    0xbb, 0xf7, 0x9b, 0xff, 0x9b, 0xf7, 0xbb, 0xf7, 0xba, 0xff, 0xbb, 0xff,
    0xbb, 0xf7, 0x9b, 0xf7, 0xba, 0xf7, 0x7a, 0xf7, 0xbb, 0xf7, 0xbb, 0xf7,
    0xbb, 0xf7, 0xbb, 0xff, 0xdc, 0xff, 0x9a, 0xef, 0x79, 0xef, 0xbc, 0xff,
    0xbc, 0xf7, 0xdc, 0xff, 0xdc, 0xff, 0x9a, 0xf7, 0x7a, 0xef, 0xbb, 0xf7,
    0xbb, 0xf7, 0xbc, 0xff, 0xdc, 0xff, 0xdc, 0xff, 0xdc, 0xff, 0xdc, 0xff,
    0x9b, 0xf7, 0xbc, 0xf7, 0xbc, 0xff, 0xdc, 0xff, 0xbb, 0xf7, 0x9a, 0xf7,
    0xdc, 0xff, 0x9b, 0xef, 0xdc, 0xff, 0x9a, 0xf7, 0xdc, 0xff, 0x9b, 0xf7,
    0xdc, 0xff, 0x9a, 0xf7, 0xbb, 0xf7, 0xdc, 0xff, 0xbc, 0xff, 0x9a, 0xf7,
    0xbc, 0xf7, 0xbc, 0xf7, 0xbc, 0xff, 0xbb, 0xf7, 0x9a, 0xf7, 0xbc, 0xf7,
    0xbc, 0xf7, 0xbc, 0xff, 0x9a, 0xef, 0xdd, 0xff, 0xdd, 0xff, 0x7a, 0xef,
    0x9a, 0xf7, 0xbc, 0xf7, 0xbb, 0xf7, 0x9a, 0xf7, 0xbc, 0xff, 0xbb, 0xf7,
    0xbc, 0xf7, 0x9a, 0xf7, 0x9b, 0xf7, 0xbb, 0xff, 0xbb, 0xf7, 0xbc, 0xff,
    0xbc, 0xf7, 0x79, 0xef, 0xbb, 0xf7, 0xbb, 0xff, 0xbb, 0xf7, 0xbb, 0xf7,
    0xbb, 0xf7, 0x79, 0xef, 0x9a, 0xf7, 0xbb, 0xf7, 0xbb, 0xff, 0xbb, 0xff,
    0xbb, 0xf7, 0x9a, 0xf7, 0x79, 0xf7, 0xbb, 0xf7, 0xbb, 0xf7, 0x9b, 0xf7,
    0xba, 0xf7, 0xba, 0xf7, 0xbb, 0xf7, 0xbb, 0xf7, 0xbb, 0xf7, 0xba, 0xf7,
    0xba, 0xf7, 0x9a, 0xf7, 0x9a, 0xf7, 0x9a, 0xf7, 0x9a, 0xf7, 0x9a, 0xf7,
    0x9a, 0xf7, 0xba, 0xf7, 0x9a, 0xf7, 0x9a, 0xf7, 0xba, 0xf7, 0x9a, 0xf7,
    0x9a, 0xf7, 0x9a, 0xf7, 0xba, 0xf7, 0x9a, 0xf7, 0x9a, 0xf7, 0x9a, 0xf7,
    0x9a, 0xf7, 0x9a, 0xf7, 0x9a, 0xf7, 0x99, 0xf7, 0x9a, 0xf7, 0x99, 0xf7,
    0x9a, 0xf7, 0x9a, 0xf7, 0x99, 0xf7, 0x9a, 0xf7, 0x9a, 0xf7, 0x9a, 0xf7,
    0x99, 0xf7, 0x99, 0xf7, 0x99, 0xf7, 0x99, 0xf7, 0x99, 0xf7, 0x79, 0xef,
    0x58, 0xef, 0x78, 0xf7, 0x99, 0xf7, 0x99, 0xef, 0x99, 0xf7, 0x78, 0xf7,
    0x79, 0xef, 0x99, 0xf7, 0x98, 0xf7, 0x79, 0xf7, 0x98, 0xef, 0x99, 0xef,
    0x99, 0xf7, 0x78, 0xef, 0x99, 0xf7, 0x98, 0xf7, 0x98, 0xef, 0x79, 0xef,
    0x98, 0xf7, 0x99, 0xef, 0x78, 0xef, 0x78, 0xf7, 0x99, 0xf7, 0x78, 0xef,
    0x78, 0xf7, 0x79, 0xef, 0x78, 0xf7, 0x78, 0xef, 0x78, 0xef, 0x78, 0xef,
    0x78, 0xef, 0x78, 0xf7, 0x78, 0xef, 0x99, 0xef, 0x78, 0xf7, 0x78, 0xf7,
    0x78, 0xef, 0x99, 0xef, 0x78, 0xf7, 0x78, 0xf7, 0x79, 0xef, 0x78, 0xef,
    0x78, 0xf7, 0x99, 0xef, 0x78, 0xf7, 0x78, 0xf7, 0x99, 0xef, 0x98, 0xf7,
    0x78, 0xf7, 0x99, 0xf7, 0x99, 0xf7, 0x99, 0xef, 0x99, 0xf7, 0x99, 0xf7,
    0x98, 0xf7, 0x79, 0xef, 0x79, 0xf7, 0x99, 0xf7, 0x79, 0xef, 0x99, 0xf7,
    0x79, 0xf7, 0x99, 0xf7, 0x99, 0xf7, 0x99, 0xf7, 0x99, 0xf7, 0x99, 0xf7,
    0x99, 0xf7, 0x99, 0xef, 0x99, 0xf7, 0x79, 0xf7, 0x9a, 0xef, 0x99, 0xf7,
    0x99, 0xf7, 0x99, 0xf7, 0x9a, 0xf7, 0x99, 0xef, 0x99, 0xf7, 0x99, 0xf7,
    0x9a, 0xf7, 0x99, 0xf7, 0x9a, 0xf7, 0x99, 0xf7, 0x9a, 0xf7, 0xb9, 0xf7,
    0x9a, 0xf7, 0x9a, 0xf7, 0x99, 0xf7, 0x9a, 0xf7, 0x9a, 0xf7, 0xb9, 0xf7,
    0x9a, 0xf7, 0xba, 0xf7, 0x9a, 0xf7, 0x9a, 0xf7, 0xba, 0xf7, 0x78, 0xef,
    0x79, 0xf7, 0x9b, 0xff, 0xba, 0xf7, 0x9b, 0xf7, 0xba, 0xf7, 0x9a, 0xf7,
    0xbb, 0xff, 0x79, 0xef, 0x7a, 0xf7, 0xbb, 0xf7, 0x9a, 0xf7, 0x9a, 0xf7,
    0xbb, 0xff, 0xba, 0xf7, 0x9b, 0xf7, 0x9b, 0xf7, 0xbb, 0xf7, 0xbb, 0xff,
    0xbb, 0xff, 0xbb, 0xf7, 0xbb, 0xf7, 0x9b, 0xf7, 0x9a, 0xf7, 0xbb, 0xff,
    0xbb, 0xf7, 0xbb, 0xf7, 0xbc, 0xff, 0xdc, 0xff, 0x9a, 0xf7, 0x99, 0xef,
    0xdc, 0xff, 0xbc, 0xff, 0xbb, 0xf7, 0xbb, 0xf7, 0x9b, 0xf7, 0x79, 0xef,
    0x9a, 0xf7, 0x9a, 0xef, 0x9a, 0xf7, 0x9b, 0xf7, 0x9b, 0xf7, 0x7a, 0xef,
    0xbb, 0xf7, 0xbc, 0xff, 0xbb, 0xf7, 0xbc, 0xff, 0xbb, 0xf7, 0x9b, 0xf7,
    0xdc, 0xff, 0x9b, 0xf7, 0xdd, 0xff, 0x9b, 0xef, 0xbc, 0xf7, 0x9a, 0xf7,
    0xdc, 0xff, 0x9b, 0xf7, 0x9b, 0xf7, 0xdc, 0xff, 0xdc, 0xff, 0x9a, 0xf7,
    0xbc, 0xf7, 0xbc, 0xf7, 0xbc, 0xff, 0xbb, 0xf7, 0x9a, 0xf7, 0xbc, 0xff,
    0xdc, 0xff, 0xdc, 0xff, 0xbc, 0xf7, 0xdd, 0xff, 0x9a, 0xf7, 0x9a, 0xf7,
    0xbb, 0xf7, 0xbb, 0xff, 0x9b, 0xf7, 0x9a, 0xf7, 0xbc, 0xff, 0xbb, 0xf7,
    0xbb, 0xff, 0x9a, 0xf7, 0xbb, 0xf7, 0xbc, 0xf7, 0xbc, 0xff, 0xbb, 0xff,
    0xbb, 0xff, 0x79, 0xef, 0xbb, 0xf7, 0xbb, 0xff, 0xbb, 0xff, 0xbb, 0xf7,
    0x79, 0xef, 0x9a, 0xf7, 0xbb, 0xf7, 0xbb, 0xf7, 0xbb, 0xf7, 0xbb, 0xf7,
    0x9a, 0xf7, 0x99, 0xf7, 0xbb, 0xf7, 0xbb, 0xf7, 0xbb, 0xff, 0x9b, 0xf7,
    0x9a, 0xf7, 0xba, 0xf7, 0x9b, 0xf7, 0x9a, 0xf7, 0x9a, 0xf7, 0x99, 0xf7,
    0x79, 0xf7, 0x79, 0xef, 0x78, 0xef, 0x78, 0xef, 0x78, 0xef, 0x58, 0xef,
    0x58, 0xef, 0x78, 0xef, 0x78, 0xef, 0x58, 0xef, 0x78, 0xef, 0x58, 0xef,
    0x58, 0xef, 0x58, 0xef, 0x78, 0xef, 0x58, 0xef, 0x78, 0xef, 0x58, 0xef,
    0x58, 0xef, 0x58, 0xe7, 0x58, 0xef, 0x57, 0xef, 0x58, 0xe7, 0x58, 0xef,
    0x58, 0xef, 0x58, 0xef, 0x58, 0xef, 0x58, 0xef, 0x58, 0xef, 0x58, 0xef,
    0x58, 0xef, 0x58, 0xef, 0x58, 0xef, 0x58, 0xef, 0x78, 0xef, 0x57, 0xe7,
    0x79, 0xef, 0x58, 0xef, 0x99, 0xf7, 0x99, 0xf7, 0x99, 0xf7, 0x99, 0xf7,
    0x99, 0xef, 0x79, 0xf7, 0x79, 0xf7, 0x99, 0xf7, 0x78, 0xef, 0x79, 0xf7,
    0x79, 0xf7, 0x99, 0xef, 0x79, 0xf7, 0x78, 0xf7, 0x78, 0xef, 0x79, 0xf7,
    0x78, 0xef, 0x78, 0xf7, 0x78, 0xef, 0x78, 0xf7, 0x98, 0xef, 0x78, 0xef,
    0x78, 0xf7, 0x98, 0xef, 0x78, 0xf7, 0x98, 0xef, 0x78, 0xef, 0x78, 0xf7,
    0x78, 0xef, 0x78, 0xf7, 0x78, 0xf7, 0x78, 0xef, 0x78, 0xef, 0x78, 0xf7,
    0x78, 0xef, 0x78, 0xef, 0x78, 0xf7, 0x78, 0xf7, 0x98, 0xef, 0x79, 0xf7,
    0x79, 0xf7, 0x78, 0xef, 0x79, 0xef, 0x99, 0xf7, 0x78, 0xf7, 0x79, 0xef,
    0x99, 0xf7, 0x98, 0xef, 0x79, 0xf7, 0x98, 0xf7, 0x99, 0xef, 0x79, 0xf7,
    0x79, 0xef, 0x98, 0xf7, 0x99, 0xf7, 0x99, 0xf7, 0x99, 0xf7, 0x78, 0xf7,
    0x79, 0xef, 0x99, 0xf7, 0x79, 0xef, 0x99, 0xef, 0x99, 0xf7, 0x79, 0xf7,
    0x99, 0xf7, 0x37, 0xe7, 0xf5, 0xde, 0x99, 0xf7, 0x16, 0xdf, 0x37, 0xe7,
    0x9a, 0xf7, 0x9a, 0xf7, 0x9a, 0xf7, 0x99, 0xf7, 0x9a, 0xf7, 0x78, 0xef,
    0x79, 0xef, 0x9a, 0xf7, 0xb9, 0xf7, 0x9a, 0xf7, 0x9a, 0xf7, 0x99, 0xf7,
    0xba, 0xf7, 0x9a, 0xf7, 0xba, 0xf7, 0x9a, 0xf7, 0x9a, 0xf7, 0x9a, 0xf7,
    0xba, 0xf7, 0xba, 0xf7, 0x9a, 0xf7, 0x9a, 0xf7, 0x9a, 0xf7, 0xba, 0xf7,
    0x78, 0xef, 0x9a, 0xf7, 0xbb, 0xf7, 0x9a, 0xf7, 0x9a, 0xf7, 0xbb, 0xf7,
    0xbb, 0xff, 0xbb, 0xf7, 0x79, 0xef, 0x9a, 0xf7, 0xbb, 0xff, 0x9a, 0xf7,
    0x9a, 0xf7, 0xba, 0xf7, 0x9b, 0xf7, 0xbb, 0xff, 0xbb, 0xf7, 0xbb, 0xf7,
    0xbb, 0xf7, 0x9b, 0xff, 0x9b, 0xf7, 0xbb, 0xff, 0xbb, 0xf7, 0x9b, 0xf7,
    0xbb, 0xff, 0xbc, 0xf7, 0xbb, 0xf7, 0xbb, 0xff, 0xbc, 0xff, 0x9a, 0xf7,
    0x7a, 0xf7, 0xdc, 0xff, 0xdc, 0xff, 0x9b, 0xf7, 0xbb, 0xf7, 0xbc, 0xff,
    0xbc, 0xff, 0xdc, 0xf7, 0xbc, 0xf7, 0xdc, 0xff, 0xdc, 0xff, 0xbc, 0xf7,
    0x99, 0xef, 0xbc, 0xff, 0x9a, 0xf7, 0xdc, 0xff, 0xbb, 0xf7, 0x9b, 0xf7,
    0xbc, 0xff, 0x9a, 0xef, 0xdc, 0xff, 0x7a, 0xef, 0xbb, 0xf7, 0x9a, 0xf7,
    0xdd, 0xff, 0x7a, 0xef, 0xbb, 0xf7, 0xbc, 0xf7, 0xdc, 0xff, 0x79, 0xef,
    0xbc, 0xff, 0xbc, 0xff, 0xdc, 0xff, 0x9a, 0xf7, 0x7a, 0xef, 0xdc, 0xff,
    0x9b, 0xf7, 0xdc, 0xff, 0xdd, 0xff, 0x9a, 0xf7, 0x9b, 0xf7, 0xbc, 0xf7,
    0xbc, 0xff, 0x9b, 0xf7, 0x9a, 0xef, 0xbc, 0xff, 0xbc, 0xf7, 0xbc, 0xff,
    0xbc, 0xff, 0x9a, 0xf7, 0xbb, 0xf7, 0xbb, 0xff, 0xbb, 0xf7, 0xbc, 0xf7,
    0xbb, 0xff, 0x79, 0xef, 0xbb, 0xf7, 0xbb, 0xf7, 0xbb, 0xf7, 0x9b, 0xf7,
    0x79, 0xef, 0xbc, 0xff, 0xbb, 0xff, 0x9b, 0xf7, 0xbb, 0xf7, 0x9b, 0xf7,
    0x9a, 0xf7, 0xbb, 0xf7, 0x7a, 0xf7, 0x9a, 0xf7, 0xba, 0xf7, 0x9b, 0xf7,
    0xbb, 0xff, 0xbb, 0xff, 0x9a, 0xf7, 0xba, 0xff, 0xba, 0xf7, 0x9a, 0xf7,
    0x9a, 0xf7, 0x9a, 0xf7, 0x9a, 0xf7, 0x9a, 0xf7, 0x9a, 0xf7, 0x9a, 0xf7,
    0x99, 0xf7, 0x9a, 0xf7, 0x99, 0xf7, 0x9a, 0xf7, 0x99, 0xf7, 0x99, 0xf7,
    0x9a, 0xf7, 0x99, 0xf7, 0x99, 0xf7, 0x99, 0xf7, 0x99, 0xf7, 0x99, 0xf7,
    0x99, 0xf7, 0x99, 0xf7, 0x99, 0xef, 0x99, 0xf7, 0x99, 0xf7, 0x79, 0xef,
    0x99, 0xf7, 0x99, 0xef, 0x79, 0xef, 0x79, 0xf7, 0x99, 0xef, 0x79, 0xef,
    0x79, 0xf7, 0x99, 0xf7, 0x99, 0xef, 0x99, 0xf7, 0x99, 0xf7, 0x78, 0xef,
    0x57, 0xef, 0x78, 0xef, 0x99, 0xf7, 0x99, 0xf7, 0x79, 0xef, 0x99, 0xf7,
    0x98, 0xf7, 0x99, 0xf7, 0x79, 0xef, 0x99, 0xf7, 0x99, 0xf7, 0x78, 0xf7,
    0x98, 0xef, 0x99, 0xef, 0x79, 0xf7, 0x98, 0xef, 0x98, 0xef, 0x99, 0xf7,
    0x78, 0xf7, 0x79, 0xef, 0x99, 0xf7, 0x78, 0xf7, 0x79, 0xf7, 0x99, 0xef,
    0x78, 0xf7, 0x78, 0xf7, 0x78, 0xef, 0x78, 0xf7, 0x78, 0xef, 0x78, 0xf7,
    0x78, 0xef, 0x78, 0xef, 0x78, 0xf7, 0x78, 0xf7, 0x78, 0xef, 0x98, 0xef,
    0x78, 0xf7, 0x99, 0xf7, 0x78, 0xef, 0x78, 0xf7, 0x79, 0xf7, 0x98, 0xef,
    0x78, 0xf7, 0x79, 0xf7, 0x98, 0xf7, 0x79, 0xef, 0x78, 0xf7, 0x99, 0xf7,
    0x78, 0xef, 0x99, 0xf7, 0x99, 0xf7, 0x79, 0xf7, 0x78, 0xef, 0x78, 0xf7,
    0x99, 0xf7, 0x99, 0xf7, 0x98, 0xef, 0x99, 0xf7, 0x99, 0xf7, 0x78, 0xef,
    0x99, 0xf7, 0x79, 0xf7, 0x99, 0xf7, 0x99, 0xf7, 0x99, 0xef, 0x99, 0xf7,
    0x99, 0xf7, 0x58, 0xe7, 0x16, 0xdf, 0x9a, 0xf7, 0x37, 0xe7, 0x37, 0xe7,
    0x9a, 0xf7, 0x9a, 0xf7, 0x99, 0xf7, 0x99, 0xf7, 0x9a, 0xf7, 0x58, 0xef,
    0x78, 0xef, 0xba, 0xf7, 0x9a, 0xf7, 0x9a, 0xf7, 0x99, 0xf7, 0x9a, 0xf7,
    0x9a, 0xf7, 0x99, 0xf7, 0x9a, 0xf7, 0xb9, 0xf7, 0x9a, 0xf7, 0x9a, 0xf7,
    0x9a, 0xf7, 0x9a, 0xf7, 0x9a, 0xf7, 0x9a, 0xf7, 0x9a, 0xf7, 0x9a, 0xf7,
    0xbb, 0xf7, 0x79, 0xef, 0x9a, 0xf7, 0x9a, 0xf7, 0xba, 0xf7, 0x9a, 0xff,
    0xbb, 0xf7, 0xbb, 0xf7, 0xba, 0xf7, 0x79, 0xef, 0x7a, 0xf7, 0xbb, 0xf7,
    0x9a, 0xf7, 0x79, 0xf7, 0xba, 0xf7, 0xbb, 0xff, 0xbb, 0xf7, 0xbb, 0xf7,
    0xbb, 0xf7, 0x9a, 0xf7, 0xbb, 0xf7, 0xbb, 0xff, 0xbb, 0xf7, 0xbb, 0xf7,
    0x9b, 0xf7, 0xbc, 0xff, 0xbc, 0xff, 0xbb, 0xf7, 0xbb, 0xf7, 0xbc, 0xff,
    0x9a, 0xf7, 0x79, 0xef, 0x9a, 0xf7, 0x9a, 0xf7, 0x9a, 0xef, 0x9a, 0xf7,
    0x9a, 0xf7, 0x9a, 0xf7, 0x9b, 0xf7, 0x9a, 0xef, 0x9a, 0xf7, 0xbc, 0xff,
    0xbb, 0xf7, 0xbc, 0xff, 0xbc, 0xf7, 0xbc, 0xff, 0xbc, 0xff, 0xbc, 0xf7,
    0xbd, 0xff, 0xbc, 0xf7, 0xbc, 0xff, 0x9b, 0xf7, 0xbc, 0xff, 0xbb, 0xf7,
    0xdd, 0xff, 0xbb, 0xf7, 0xbc, 0xff, 0xbc, 0xff, 0xdc, 0xf7, 0x9b, 0xf7,
    0xbc, 0xff, 0xdc, 0xff, 0xdc, 0xff, 0xbc, 0xf7, 0xbb, 0xf7, 0xbc, 0xff,
    0xbc, 0xf7, 0xbc, 0xff, 0x9a, 0xf7, 0xbb, 0xf7, 0xdc, 0xf7, 0xbc, 0xff,
    0xbb, 0xf7, 0x7a, 0xef, 0xdc, 0xff, 0xdc, 0xff, 0xbb, 0xf7, 0xbc, 0xf7,
    0xbc, 0xf7, 0x9a, 0xf7, 0xbc, 0xff, 0xbb, 0xf7, 0xbb, 0xff, 0xdc, 0xf7,
    0xbc, 0xff, 0x79, 0xef, 0xbb, 0xf7, 0xbb, 0xff, 0xbb, 0xff, 0x9b, 0xf7,
    0x79, 0xef, 0xbc, 0xff, 0xbb, 0xf7, 0x9b, 0xf7, 0xba, 0xf7, 0x9a, 0xf7,
    0xdc, 0xff, 0x79, 0xef, 0x7a, 0xf7, 0x79, 0xef, 0x79, 0xef, 0xbb, 0xf7,
    0xba, 0xf7, 0x9a, 0xf7, 0xba, 0xf7, 0xbb, 0xff, 0xbb, 0xf7, 0x9a, 0xf7,
    0xbb, 0xf7, 0xba, 0xf7, 0xba, 0xf7, 0x9a, 0xf7, 0x9a, 0xf7, 0x9a, 0xf7,
    0x9a, 0xf7, 0x9a, 0xf7, 0x9a, 0xf7, 0x9a, 0xf7, 0x9a, 0xf7, 0x9a, 0xf7,
    0xba, 0xf7, 0x9a, 0xf7, 0x9a, 0xf7, 0x9a, 0xf7, 0x9a, 0xf7, 0x9a, 0xf7,
    0x99, 0xf7, 0x99, 0xf7, 0x9a, 0xf7, 0x9a, 0xf7, 0x99, 0xf7, 0x99, 0xf7,
    0x9a, 0xf7, 0x99, 0xf7, 0x99, 0xf7, 0x99, 0xf7, 0x99, 0xf7, 0x99, 0xf7,
    0x99, 0xf7, 0x99, 0xf7, 0x99, 0xf7, 0x99, 0xf7, 0x99, 0xf7, 0x99, 0xf7,
    0x99, 0xf7, 0x99, 0xf7, 0x79, 0xef, 0x99, 0xf7, 0x99, 0xf7, 0x99, 0xf7,
    0x99, 0xf7, 0x98, 0xf7, 0x99, 0xf7, 0x99, 0xef, 0x99, 0xf7, 0x98, 0xf7,
    0x78, 0xef, 0x79, 0xf7, 0x99, 0xf7, 0x79, 0xf7, 0x99, 0xf7, 0x78, 0xef,
    0x99, 0xf7, 0x98, 0xf7, 0x98, 0xef, 0x78, 0xf7, 0x78, 0xef, 0x99, 0xf7,
    0x78, 0xef, 0x78, 0xef, 0x98, 0xf7, 0x79, 0xef, 0x78, 0xf7, 0x78, 0xef,
    0x78, 0xf7, 0x78, 0xef, 0x78, 0xef, 0x78, 0xf7, 0x78, 0xf7, 0x78, 0xf7,
    0x78, 0xf7, 0x99, 0xef, 0x78, 0xef, 0x78, 0xef, 0x99, 0xf7, 0x78, 0xef,
    0x99, 0xf7, 0x98, 0xf7, 0x98, 0xef, 0x99, 0xf7, 0x99, 0xef, 0x78, 0xf7,
    0x99, 0xf7, 0x78, 0xef, 0x99, 0xef, 0x99, 0xf7, 0x79, 0xf7, 0x98, 0xef,
    0x99, 0xf7, 0x99, 0xf7, 0x79, 0xf7, 0x79, 0xef, 0x99, 0xf7, 0x79, 0xf7,
    0x99, 0xf7, 0x99, 0xf7, 0x99, 0xf7, 0x99, 0xf7, 0x99, 0xf7, 0x99, 0xf7,
    0x99, 0xf7, 0x99, 0xf7, 0xba, 0xf7, 0x9a, 0xf7, 0xba, 0xf7, 0xba, 0xf7,
    0x99, 0xf7, 0x99, 0xf7, 0x9a, 0xf7, 0x9a, 0xf7, 0x9a, 0xf7, 0xba, 0xf7,
    0x9a, 0xf7, 0x99, 0xf7, 0x9a, 0xf7, 0x9a, 0xf7, 0xb9, 0xf7, 0x9a, 0xf7,
    0x99, 0xf7, 0x9a, 0xf7, 0x9a, 0xf7, 0x9a, 0xf7, 0xba, 0xf7, 0x9a, 0xf7,
    0x99, 0xf7, 0x9a, 0xf7, 0xba, 0xf7, 0x9a, 0xf7, 0x9a, 0xf7, 0x9a, 0xf7,
    0xba, 0xff, 0x9b, 0xf7, 0x79, 0xf7, 0x9a, 0xf7, 0xbb, 0xf7, 0x9a, 0xf7,
    0x9a, 0xf7, 0xbb, 0xff, 0xbb, 0xf7, 0xbb, 0xff, 0x59, 0xef, 0x9a, 0xf7,
    0xbb, 0xf7, 0x9a, 0xf7, 0x79, 0xf7, 0x9b, 0xf7, 0xbb, 0xff, 0xbb, 0xff,
    0x9b, 0xf7, 0xba, 0xf7, 0xbb, 0xff, 0xbb, 0xff, 0xbb, 0xff, 0xbb, 0xff,
    0xbb, 0xf7, 0xbb, 0xff, 0xbc, 0xff, 0xbb, 0xf7, 0xbb, 0xf7, 0xbb, 0xf7,
    0xbb, 0xf7, 0xbc, 0xf7, 0xbb, 0xf7, 0xbc, 0xf7, 0xdc, 0xff, 0xbc, 0xf7,
    0xbc, 0xf7, 0xbc, 0xff, 0xbb, 0xf7, 0xbb, 0xf7, 0x9b, 0xf7, 0xbc, 0xff,
    0xdc, 0xff, 0xbc, 0xff, 0xdc, 0xff, 0xdc, 0xff, 0xdc, 0xff, 0xbc, 0xf7,
    0xdc, 0xff, 0xdc, 0xff, 0xbc, 0xff, 0xbc, 0xff, 0xdc, 0xff, 0xdc, 0xff,
    0xdd, 0xff, 0xdd, 0xff, 0xdc, 0xff, 0xbc, 0xff, 0xdc, 0xff, 0xdc, 0xff,
    0xbc, 0xf7, 0xbc, 0xff, 0xdc, 0xff, 0xdc, 0xff, 0xdc, 0xff, 0xdc, 0xf7,
    0xdc, 0xff, 0xbb, 0xf7, 0xbb, 0xf7, 0xdc, 0xff, 0xbc, 0xff, 0xbb, 0xf7,
    0x7a, 0xf7, 0xbc, 0xff, 0xdc, 0xff, 0xbb, 0xf7, 0xbb, 0xff, 0xbb, 0xff,
    0x9a, 0xf7, 0xbb, 0xf7, 0xbc, 0xff, 0xbc, 0xf7, 0xbb, 0xff, 0xdc, 0xff,
    0xbb, 0xf7, 0x7a, 0xf7, 0xbc, 0xff, 0xbb, 0xf7, 0xbb, 0xff, 0x9b, 0xf7,
    0x79, 0xef, 0xbb, 0xf7, 0x9a, 0xf7, 0xbb, 0xf7, 0x9a, 0xf7, 0xbb, 0xf7,
    0x9a, 0xf7, 0xbb, 0xf7, 0x9a, 0xf7, 0x58, 0xef, 0x9a, 0xf7, 0x9a, 0xf7,
    0xbb, 0xf7, 0x9a, 0xf7, 0xbb, 0xff, 0xba, 0xf7, 0x9a, 0xf7, 0xbb, 0xff,
    0xba, 0xf7, 0x9a, 0xf7, 0xba, 0xff, 0xba, 0xf7, 0xba, 0xf7, 0x9a, 0xf7,
    0x9a, 0xf7, 0xba, 0xf7, 0x9a, 0xf7, 0x9a, 0xf7, 0xba, 0xf7, 0x9a, 0xf7,
    0x9a, 0xf7, 0x99, 0xf7, 0xba, 0xf7, 0x99, 0xf7, 0x9a, 0xf7, 0x9a, 0xf7,
    0x99, 0xf7, 0x9a, 0xf7, 0x9a, 0xf7, 0x99, 0xf7, 0x99, 0xf7, 0x9a, 0xf7,
    0x99, 0xf7, 0x99, 0xf7, 0x9a, 0xf7, 0x99, 0xf7, 0x99, 0xf7, 0x99, 0xf7,
    0x99, 0xf7, 0x99, 0xef, 0x99, 0xf7, 0x99, 0xf7, 0x99, 0xf7, 0x99, 0xef,
    0x99, 0xf7, 0x99, 0xf7, 0x79, 0xf7, 0x99, 0xf7, 0x99, 0xef, 0x79, 0xf7,
    0x99, 0xf7, 0x99, 0xef, 0x78, 0xf7, 0x79, 0xf7, 0x79, 0xef, 0x99, 0xf7,
    0x79, 0xf7, 0x98, 0xef, 0x78, 0xef, 0x79, 0xf7, 0x78, 0xef, 0x79, 0xf7,
    0x99, 0xf7, 0x78, 0xef, 0x78, 0xf7, 0x99, 0xef, 0x98, 0xf7, 0x78, 0xef,
    0x78, 0xf7, 0x78, 0xef, 0x98, 0xf7, 0x79, 0xef, 0x78, 0xef, 0x78, 0xef,
    0x78, 0xef, 0x78, 0xef, 0x78, 0xf7, 0x78, 0xef, 0x98, 0xef, 0x78, 0xef,
    0x78, 0xf7, 0x78, 0xef, 0x99, 0xf7, 0x78, 0xf7, 0x99, 0xf7, 0x98, 0xef,
    0x78, 0xf7, 0x79, 0xef, 0x79, 0xf7, 0x78, 0xf7, 0x98, 0xef, 0x79, 0xf7,
    0x79, 0xf7, 0x99, 0xef, 0x78, 0xf7, 0x99, 0xf7, 0x99, 0xf7, 0x99, 0xf7,
    0x99, 0xef, 0x99, 0xf7, 0x79, 0xef, 0x99, 0xf7, 0x99, 0xef, 0x79, 0xf7,
    0x99, 0xef, 0x99, 0xef, 0x79, 0xf7, 0x99, 0xf7, 0x99, 0xf7, 0x99, 0xef,
    0x99, 0xf7, 0x99, 0xf7, 0x99, 0xf7, 0x99, 0xf7, 0x99, 0xf7, 0x9a, 0xf7,
    0x99, 0xf7, 0x99, 0xf7, 0x99, 0xf7, 0x9a, 0xf7, 0xba, 0xf7, 0xba, 0xf7,
    0x9a, 0xf7, 0x99, 0xf7, 0x99, 0xf7, 0x9a, 0xf7, 0x9a, 0xf7, 0xba, 0xf7,
    0x9a, 0xf7, 0x9a, 0xf7, 0xba, 0xf7, 0x9a, 0xf7, 0x9a, 0xf7, 0x9a, 0xf7,
    0xba, 0xf7, 0x9a, 0xf7, 0x9a, 0xf7, 0xba, 0xf7, 0x9a, 0xf7, 0x9a, 0xf7,
    0x9a, 0xf7, 0xba, 0xf7, 0xbb, 0xf7, 0x9a, 0xf7, 0x9b, 0xf7, 0xba, 0xf7,
    0x9a, 0xf7, 0xbb, 0xf7, 0xbb, 0xff, 0xbb, 0xf7, 0x9a, 0xf7, 0x79, 0xf7,
    0xbb, 0xf7, 0xbb, 0xf7, 0xbb, 0xf7, 0x79, 0xef, 0x9a, 0xf7, 0x9a, 0xf7,
    0xbb, 0xff, 0x9a, 0xf7, 0x38, 0xe7, 0x37, 0xe7, 0x37, 0xe7, 0x59, 0xef,
    0xbc, 0xf7, 0xbb, 0xf7, 0xbb, 0xf7, 0xbb, 0xff, 0xbc, 0xff, 0xdc, 0xff,
    0x79, 0xef, 0x79, 0xef, 0x9a, 0xf7, 0x9a, 0xf7, 0x9b, 0xf7, 0xbb, 0xf7,
    0xbb, 0xf7, 0xbb, 0xf7, 0x9b, 0xf7, 0xbb, 0xf7, 0xbc, 0xff, 0xdc, 0xff,
    0xbc, 0xf7, 0xdc, 0xff, 0xdc, 0xff, 0xdc, 0xf7, 0xbc, 0xff, 0xdc, 0xff,
    0xbc, 0xf7, 0xbc, 0xff, 0xbb, 0xf7, 0xbc, 0xf7, 0xbb, 0xf7, 0xdc, 0xff,
    0xbc, 0xff, 0xdd, 0xff, 0xbc, 0xf7, 0xbb, 0xf7, 0xbb, 0xf7, 0xbb, 0xf7,
    0xbc, 0xf7, 0xbc, 0xff, 0xdc, 0xff, 0xbc, 0xff, 0xbc, 0xf7, 0xdc, 0xff,
    0xbc, 0xff, 0xbc, 0xff, 0xbb, 0xf7, 0xbb, 0xff, 0xbb, 0xf7, 0x9a, 0xf7,
    0xdd, 0xff, 0xdc, 0xff, 0xbc, 0xff, 0xdc, 0xf7, 0xbc, 0xf7, 0x9a, 0xf7,
    0xbb, 0xf7, 0xbc, 0xff, 0xbc, 0xf7, 0xbb, 0xf7, 0xdc, 0xff, 0x9b, 0xf7,
    0x79, 0xef, 0xbc, 0xf7, 0xbb, 0xff, 0xbb, 0xf7, 0xbb, 0xf7, 0xbb, 0xff,
    0x79, 0xef, 0xbb, 0xf7, 0x9a, 0xf7, 0xbc, 0xff, 0x9a, 0xf7, 0x9b, 0xf7,
    0xbb, 0xf7, 0x9a, 0xef, 0x79, 0xef, 0x9b, 0xf7, 0xba, 0xf7, 0x9a, 0xf7,
    0x9b, 0xf7, 0xbb, 0xff, 0xba, 0xf7, 0x9b, 0xf7, 0xba, 0xf7, 0xba, 0xff,
    0x9a, 0xf7, 0x9b, 0xf7, 0x9a, 0xf7, 0xba, 0xf7, 0x9a, 0xf7, 0x9a, 0xf7,
    0xba, 0xf7, 0x9a, 0xf7, 0x9a, 0xf7, 0xba, 0xf7, 0x99, 0xf7, 0x9a, 0xf7,
    0x9a, 0xf7, 0x9a, 0xf7, 0x99, 0xf7, 0x9a, 0xf7, 0xba, 0xf7, 0x99, 0xf7,
    0x99, 0xf7, 0x99, 0xf7, 0x9a, 0xef, 0x99, 0xf7, 0x99, 0xf7, 0x9a, 0xf7,
    0x99, 0xf7, 0x99, 0xf7, 0x9a, 0xf7, 0x9a, 0xf7, 0x99, 0xf7, 0x99, 0xf7,
    0x9a, 0xf7, 0x99, 0xf7, 0x99, 0xf7, 0x99, 0xf7, 0x99, 0xf7, 0x79, 0xf7,
    0x99, 0xef, 0x99, 0xf7, 0x99, 0xf7, 0x99, 0xef, 0x79, 0xf7, 0x99, 0xf7,
    0x99, 0xf7, 0x98, 0xef, 0x99, 0xf7, 0x79, 0xf7, 0x98, 0xef, 0x79, 0xf7,
    0x99, 0xf7, 0x78, 0xef, 0x98, 0xf7, 0x99, 0xef, 0x98, 0xf7, 0x78, 0xf7,
    0x98, 0xef, 0x79, 0xef, 0x79, 0xf7, 0x99, 0xf7, 0x78, 0xef, 0x79, 0xf7,
    0x78, 0xf7, 0x78, 0xef, 0x78, 0xf7, 0x78, 0xf7, 0x78, 0xf7, 0x78, 0xf7,
    0x78, 0xef, 0x78, 0xf7, 0x78, 0xf7, 0x99, 0xef, 0x79, 0xf7, 0x78, 0xef,
    0x98, 0xf7, 0x78, 0xf7, 0x78, 0xef, 0x99, 0xf7, 0x79, 0xf7, 0x98, 0xef,
    0x79, 0xf7, 0x79, 0xf7, 0x98, 0xef, 0x79, 0xf7, 0x99, 0xf7, 0x98, 0xef,
    0x79, 0xf7, 0x99, 0xf7, 0x99, 0xf7, 0x79, 0xef, 0x99, 0xf7, 0x99, 0xf7,
    0x99, 0xf7, 0x99, 0xf7, 0x99, 0xf7, 0x99, 0xf7, 0x99, 0xf7, 0x99, 0xf7,
    0x99, 0xf7, 0x99, 0xf7, 0x99, 0xf7, 0x99, 0xf7, 0x99, 0xf7, 0x9a, 0xf7,
    0x9a, 0xf7, 0x99, 0xf7, 0x99, 0xf7, 0x99, 0xf7, 0x99, 0xf7, 0x9a, 0xf7,
    0x99, 0xf7, 0x9a, 0xf7, 0x9a, 0xef, 0x99, 0xef, 0xba, 0xf7, 0x9a, 0xf7,
    0xba, 0xf7, 0x9a, 0xf7, 0x9a, 0xf7, 0x9a, 0xf7, 0x9a, 0xf7, 0x9a, 0xf7,
    0xba, 0xf7, 0xba, 0xf7, 0xba, 0xf7, 0xba, 0xf7, 0x9a, 0xf7, 0xba, 0xf7,
    0xba, 0xf7, 0xba, 0xf7, 0x9a, 0xf7, 0xba, 0xf7, 0xbb, 0xf7, 0xbb, 0xff,
    0xba, 0xf7, 0x9b, 0xf7, 0xbb, 0xff, 0xbb, 0xf7, 0xba, 0xf7, 0x9a, 0xf7,
    0xbb, 0xf7, 0x9a, 0xf7, 0xba, 0xf7, 0xbb, 0xf7, 0x7a, 0xf7, 0x9a, 0xf7,
    0x9a, 0xf7, 0xbb, 0xf7, 0xbc, 0xff, 0x7a, 0xef, 0x9a, 0xf7, 0x58, 0xef,
    0x9b, 0xf7, 0x9b, 0xf7, 0x16, 0xdf, 0xf6, 0xde, 0x15, 0xdf, 0x37, 0xe7,
    0xbc, 0xff, 0xbb, 0xff, 0xbb, 0xf7, 0xbb, 0xf7, 0xbc, 0xff, 0xdc, 0xff,
    0xbc, 0xff, 0x9b, 0xf7, 0xbb, 0xf7, 0xbb, 0xf7, 0xbb, 0xff, 0xbc, 0xff,
    0xbb, 0xff, 0xbb, 0xf7, 0xdc, 0xff, 0xbc, 0xff, 0xdc, 0xff, 0xdc, 0xff,
    0xbc, 0xf7, 0xdc, 0xff, 0xdc, 0xff, 0xbc, 0xff, 0xbc, 0xff, 0xdc, 0xff,
    0x7a, 0xef, 0xbc, 0xf7, 0x9b, 0xf7, 0xdc, 0xff, 0x9b, 0xf7, 0xbc, 0xf7,
    0x9b, 0xf7, 0xbc, 0xff, 0xbb, 0xf7, 0x9b, 0xf7, 0x9b, 0xf7, 0x9a, 0xf7,
    0xbb, 0xf7, 0xdc, 0xff, 0xbc, 0xff, 0xdc, 0xf7, 0xdc, 0xff, 0xbc, 0xff,
    0xdc, 0xff, 0xbc, 0xf7, 0xbb, 0xff, 0xbc, 0xff, 0xbb, 0xf7, 0xdc, 0xf7,
    0xdc, 0xff, 0xbc, 0xf7, 0xdc, 0xff, 0xbc, 0xff, 0x9a, 0xf7, 0xbb, 0xf7,
    0xbc, 0xf7, 0xbc, 0xff, 0xbc, 0xff, 0xdc, 0xff, 0xbb, 0xf7, 0x79, 0xef,
    0xbc, 0xff, 0xbc, 0xff, 0xbb, 0xf7, 0xbb, 0xf7, 0xbc, 0xff, 0x79, 0xef,
    0x9a, 0xf7, 0xbb, 0xf7, 0x7a, 0xf7, 0xbc, 0xf7, 0x9a, 0xf7, 0xbb, 0xf7,
    0x79, 0xf7, 0x58, 0xef, 0xbb, 0xff, 0xbb, 0xf7, 0xbb, 0xf7, 0xba, 0xff,
    0x9b, 0xf7, 0xba, 0xf7, 0xbb, 0xff, 0xbb, 0xf7, 0xbb, 0xf7, 0x9a, 0xff,
    0xbb, 0xf7, 0xba, 0xf7, 0x9a, 0xff, 0xbb, 0xf7, 0x9a, 0xf7, 0x9a, 0xf7,
    0x9a, 0xf7, 0x9a, 0xf7, 0x9a, 0xf7, 0x9a, 0xf7, 0x9a, 0xf7, 0xb9, 0xf7,
    0x9a, 0xf7, 0xba, 0xf7, 0x9a, 0xf7, 0x9a, 0xf7, 0x9a, 0xf7, 0x9a, 0xf7,
    0x9a, 0xf7, 0x99, 0xf7, 0x9a, 0xf7, 0x99, 0xf7, 0x99, 0xf7, 0x9a, 0xf7,
    0x99, 0xf7, 0x99, 0xf7, 0x99, 0xf7, 0x9a, 0xef, 0x99, 0xf7, 0x99, 0xf7,
    0x99, 0xef, 0x99, 0xf7, 0x9a, 0xf7, 0x99, 0xf7, 0x99, 0xf7, 0x99, 0xf7,
    0x79, 0xef, 0x99, 0xf7, 0x99, 0xf7, 0x79, 0xf7, 0x99, 0xf7, 0x99, 0xf7,
    0x99, 0xf7, 0x78, 0xf7, 0x99, 0xf7, 0x99, 0xf7, 0x78, 0xef, 0x98, 0xf7,
    0x79, 0xf7, 0x78, 0xef, 0x99, 0xf7, 0x99, 0xef, 0x78, 0xef, 0x98, 0xf7,
    0x98, 0xef, 0x98, 0xf7, 0x79, 0xf7, 0x98, 0xef, 0x78, 0xf7, 0x78, 0xef,
    0x99, 0xf7, 0x98, 0xf7, 0x79, 0xef, 0x78, 0xef, 0x98, 0xef, 0x78, 0xf7,
    0x78, 0xf7, 0x78, 0xef, 0x98, 0xef, 0x98, 0xf7, 0x79, 0xf7, 0x99, 0xf7,
    0x79, 0xef, 0x78, 0xf7, 0x98, 0xf7, 0x98, 0xef, 0x79, 0xf7, 0x78, 0xf7,
    0x98, 0xef, 0x98, 0xf7, 0x79, 0xf7, 0x98, 0xef, 0x99, 0xf7, 0x99, 0xf7,
    0x79, 0xf7, 0x99, 0xf7, 0x78, 0xef, 0x78, 0xef, 0x78, 0xef, 0x78, 0xef,
    0x78, 0xef, 0x78, 0xef, 0x78, 0xef, 0x78, 0xef, 0x78, 0xef, 0x78, 0xef,
    0x78, 0xef, 0x78, 0xef, 0x79, 0xef, 0x79, 0xef, 0x78, 0xef, 0x79, 0xef,
    0x79, 0xef, 0x99, 0xf7, 0x9a, 0xf7, 0x99, 0xf7, 0x9a, 0xf7, 0x9a, 0xf7,
    0x9a, 0xf7, 0x9a, 0xf7, 0x79, 0xef, 0x79, 0xef, 0x58, 0xef, 0x79, 0xf7,
    0x58, 0xef, 0x78, 0xef, 0x79, 0xef, 0x78, 0xef, 0x78, 0xef, 0x79, 0xef,
    0x79, 0xef, 0x79, 0xf7, 0x79, 0xef, 0x79, 0xef, 0x79, 0xef, 0x79, 0xef,
    0x79, 0xf7, 0x79, 0xef, 0x79, 0xf7, 0x79, 0xf7, 0x79, 0xf7, 0x79, 0xf7,
    0x79, 0xef, 0x79, 0xf7, 0x79, 0xf7, 0x9a, 0xf7, 0xbb, 0xf7, 0x9b, 0xff,
    0xbb, 0xff, 0x9b, 0xf7, 0x9a, 0xf7, 0xbb, 0xf7, 0x9a, 0xf7, 0x79, 0xef,
    0x9b, 0xf7, 0x9a, 0xf7, 0xbb, 0xff, 0x9a, 0xf7, 0x9a, 0xef, 0x79, 0xef,
    0x9a, 0xf7, 0x9a, 0xf7, 0x16, 0xdf, 0x16, 0xdf, 0x16, 0xdf, 0x58, 0xe7,
    0xbc, 0xff, 0xbb, 0xf7, 0xbc, 0xff, 0xbb, 0xf7, 0x9b, 0xf7, 0x9b, 0xf7,
    0xbb, 0xf7, 0xbb, 0xf7, 0xbb, 0xf7, 0xbb, 0xf7, 0xbb, 0xf7, 0xbb, 0xf7,
    0x9b, 0xf7, 0xbb, 0xf7, 0x9b, 0xf7, 0x9a, 0xf7, 0x9b, 0xf7, 0xbc, 0xff,
    0xdc, 0xff, 0xdc, 0xff, 0xbc, 0xff, 0xdc, 0xff, 0xdd, 0xff, 0xbc, 0xf7,
    0x9a, 0xf7, 0xbb, 0xf7, 0x9a, 0xf7, 0xbc, 0xff, 0x9b, 0xf7, 0xbb, 0xf7,
    0x9a, 0xf7, 0xbb, 0xf7, 0x9a, 0xf7, 0xbb, 0xf7, 0xbb, 0xf7, 0x9a, 0xf7,
    0x9b, 0xf7, 0xdd, 0xff, 0xdc, 0xff, 0xbc, 0xf7, 0xdc, 0xff, 0xbc, 0xff,
    0xdc, 0xff, 0xbc, 0xf7, 0xbc, 0xf7, 0xbb, 0xf7, 0xbc, 0xff, 0xdc, 0xff,
    0xbc, 0xff, 0xbc, 0xf7, 0xbb, 0xf7, 0x9a, 0xf7, 0xbb, 0xf7, 0xbc, 0xff,
    0xbb, 0xf7, 0xbc, 0xff, 0xdc, 0xff, 0xbb, 0xf7, 0x79, 0xef, 0xbb, 0xf7,
    0xdc, 0xff, 0xbc, 0xf7, 0xbb, 0xff, 0xbb, 0xff, 0x59, 0xef, 0x7a, 0xef,
    0xdc, 0xff, 0xbb, 0xf7, 0x9a, 0xf7, 0xbb, 0xf7, 0x9a, 0xf7, 0xbb, 0xff,
    0x9a, 0xf7, 0x9a, 0xf7, 0xbb, 0xf7, 0xbb, 0xf7, 0x9b, 0xf7, 0xbb, 0xff,
    0x9a, 0xf7, 0xba, 0xf7, 0xba, 0xf7, 0xbb, 0xf7, 0x9a, 0xf7, 0x9a, 0xf7,
    0xbb, 0xf7, 0xba, 0xff, 0xba, 0xf7, 0xba, 0xf7, 0xba, 0xf7, 0xba, 0xf7,
    0x9a, 0xf7, 0x9a, 0xf7, 0xba, 0xf7, 0x9a, 0xf7, 0x9a, 0xf7, 0x9a, 0xf7,
    0x99, 0xf7, 0x9a, 0xf7, 0xba, 0xf7, 0x99, 0xf7, 0x9a, 0xf7, 0xba, 0xf7,
    0x99, 0xf7, 0x9a, 0xf7, 0x99, 0xf7, 0x9a, 0xf7, 0x99, 0xef, 0x9a, 0xf7,
    0x9a, 0xf7, 0x9a, 0xf7, 0x99, 0xf7, 0x99, 0xf7, 0x99, 0xef, 0x99, 0xf7,
    0x99, 0xf7, 0x99, 0xf7, 0x99, 0xf7, 0x99, 0xef, 0x99, 0xf7, 0x99, 0xf7,
    0x99, 0xf7, 0x99, 0xef, 0x79, 0xf7, 0x99, 0xf7, 0x99, 0xef, 0x99, 0xef,
    0x79, 0xf7, 0x99, 0xf7, 0x99, 0xf7, 0x99, 0xef, 0x79, 0xf7, 0x99, 0xef,
    0x99, 0xf7, 0x78, 0xef, 0x78, 0xf7, 0x79, 0xf7, 0x79, 0xf7, 0x79, 0xef,
    0x99, 0xf7, 0x78, 0xef, 0x79, 0xef, 0x78, 0xf7, 0x78, 0xef, 0x78, 0xf7,
    0x78, 0xf7, 0x98, 0xef, 0x79, 0xf7, 0x78, 0xef, 0x78, 0xef, 0x79, 0xf7,
    0x78, 0xef, 0x78, 0xf7, 0x98, 0xef, 0x78, 0xf7, 0x98, 0xf7, 0x98, 0xef,
    0x79, 0xf7, 0x79, 0xef, 0x98, 0xf7, 0x79, 0xf7, 0x98, 0xf7, 0x78, 0xf7,
    0x99, 0xef, 0x79, 0xf7, 0x78, 0xf7, 0x98, 0xf7, 0x99, 0xef, 0x98, 0xf7,
    0x99, 0xf7, 0x99, 0xef, 0x78, 0xef, 0x78, 0xef, 0x78, 0xef, 0x78, 0xef,
    0x78, 0xef, 0x78, 0xef, 0x78, 0xef, 0x58, 0xef, 0x78, 0xef, 0x78, 0xef,
    0x78, 0xef, 0x78, 0xf7, 0x78, 0xef, 0x79, 0xef, 0x78, 0xf7, 0x79, 0xef,
    0x78, 0xef, 0x58, 0xef, 0x99, 0xf7, 0x9a, 0xf7, 0x99, 0xf7, 0x9a, 0xf7,
    0x9a, 0xf7, 0x9a, 0xf7, 0x79, 0xef, 0x58, 0xef, 0x57, 0xe7, 0x78, 0xef,
    0x78, 0xef, 0x79, 0xef, 0x79, 0xef, 0x79, 0xef, 0x78, 0xef, 0x79, 0xef,
    0x79, 0xef, 0x79, 0xef, 0x79, 0xef, 0x79, 0xef, 0x79, 0xf7, 0x78, 0xef,
    0x79, 0xef, 0x79, 0xef, 0x79, 0xef, 0x79, 0xef, 0x79, 0xef, 0x79, 0xef,
    0x79, 0xef, 0x79, 0xef, 0x79, 0xef, 0x79, 0xef, 0x9a, 0xf7, 0xbb, 0xf7,
    0xbb, 0xf7, 0x9a, 0xff, 0xbb, 0xf7, 0x9a, 0xf7, 0xbb, 0xff, 0x9b, 0xf7,
    0x79, 0xef, 0x7a, 0xf7, 0x79, 0xef, 0xdc, 0xff, 0xbc, 0xff, 0xdb, 0xf7,
    0xbb, 0xf7, 0xbb, 0xf7, 0xbb, 0xf7, 0x9a, 0xf7, 0x9b, 0xf7, 0xbb, 0xf7,
    0xbc, 0xff, 0xbc, 0xf7, 0xbc, 0xff, 0xdc, 0xff, 0xbb, 0xf7, 0x9a, 0xf7,
    0xbb, 0xf7, 0x9b, 0xf7, 0x9b, 0xf7, 0x9b, 0xf7, 0x9b, 0xf7, 0x9a, 0xf7,
    0x9b, 0xf7, 0x9b, 0xf7, 0xbb, 0xf7, 0x9b, 0xf7, 0x9b, 0xf7, 0xdc, 0xf7,
    0xbc, 0xff, 0xdc, 0xff, 0xbc, 0xf7, 0xbc, 0xf7, 0x79, 0xef, 0x59, 0xef,
    0x79, 0xef, 0x59, 0xef, 0x58, 0xef, 0x79, 0xef, 0x79, 0xef, 0x59, 0xef,
    0x58, 0xef, 0x58, 0xe7, 0x58, 0xef, 0x79, 0xef, 0x79, 0xef, 0x7a, 0xef,
    0x79, 0xef, 0x59, 0xe7, 0x9b, 0xf7, 0xbc, 0xff, 0xbc, 0xf7, 0xbc, 0xff,
    0xdc, 0xff, 0xbc, 0xff, 0xbc, 0xf7, 0xbc, 0xff, 0xbc, 0xff, 0xdc, 0xf7,
    0xbc, 0xff, 0xbc, 0xf7, 0x9a, 0xf7, 0xbc, 0xf7, 0xdc, 0xff, 0xbc, 0xff,
    0xbb, 0xf7, 0xdc, 0xff, 0xbb, 0xf7, 0x79, 0xef, 0xbb, 0xff, 0xbc, 0xff,
    0xbb, 0xf7, 0xbb, 0xf7, 0xdc, 0xff, 0x79, 0xef, 0x9a, 0xef, 0xbc, 0xff,
    0xbb, 0xf7, 0x9a, 0xf7, 0xbb, 0xf7, 0xbb, 0xf7, 0x9a, 0xf7, 0xbc, 0xf7,
    0x9a, 0xf7, 0x9a, 0xf7, 0xbb, 0xf7, 0xba, 0xf7, 0xba, 0xff, 0xbb, 0xf7,
    0xbb, 0xf7, 0x9a, 0xf7, 0x9b, 0xff, 0xba, 0xf7, 0x9a, 0xff, 0xbb, 0xf7,
    0xbb, 0xf7, 0xba, 0xf7, 0xbb, 0xf7, 0x9a, 0xff, 0x9a, 0xf7, 0x9a, 0xf7,
    0x9a, 0xf7, 0x9a, 0xf7, 0x9a, 0xf7, 0xba, 0xf7, 0x9a, 0xf7, 0x9a, 0xf7,
    0xba, 0xf7, 0x9a, 0xf7, 0x99, 0xf7, 0xba, 0xf7, 0x9a, 0xf7, 0x99, 0xf7,
    0x99, 0xf7, 0x9a, 0xef, 0x9a, 0xf7, 0x99, 0xf7, 0x9a, 0xf7, 0x99, 0xf7,
    0x99, 0xf7, 0x99, 0xef, 0x9a, 0xf7, 0x99, 0xf7, 0x99, 0xf7, 0x7a, 0xf7,
    0x9a, 0xf7, 0x99, 0xf7, 0x99, 0xf7, 0x99, 0xf7, 0x79, 0xef, 0x99, 0xf7,
    0x99, 0xf7, 0x99, 0xf7, 0x99, 0xef, 0x99, 0xf7, 0x98, 0xf7, 0x99, 0xf7,
    0x99, 0xef, 0x99, 0xf7, 0x99, 0xf7, 0x99, 0xf7, 0x79, 0xef, 0x79, 0xf7,
    0x99, 0xf7, 0x98, 0xf7, 0x98, 0xef, 0x99, 0xf7, 0x98, 0xf7, 0x99, 0xf7,
    0x99, 0xf7, 0x78, 0xf7, 0x99, 0xf7, 0x79, 0xf7, 0x99, 0xef, 0x79, 0xef,
    0x78, 0xef, 0x78, 0xf7, 0x98, 0xf7, 0x78, 0xf7, 0x78, 0xef, 0x78, 0xf7,
    0x78, 0xf7, 0x78, 0xef, 0x79, 0xf7, 0x78, 0xef, 0x78, 0xf7, 0x98, 0xf7,
    0x98, 0xef, 0x78, 0xf7, 0x99, 0xef, 0x79, 0xef, 0x98, 0xf7, 0x99, 0xef,
    0x79, 0xf7, 0x98, 0xef, 0x79, 0xef, 0x79, 0xf7, 0x79, 0xef, 0x98, 0xf7,
    0x99, 0xf7, 0x99, 0xf7, 0x99, 0xf7, 0x79, 0xf7, 0x99, 0xf7, 0x99, 0xf7,
    0x99, 0xf7, 0x99, 0xf7, 0x99, 0xf7, 0x99, 0xf7, 0x99, 0xf7, 0x99, 0xf7,
    0x9a, 0xf7, 0x99, 0xf7, 0x99, 0xf7, 0x99, 0xf7, 0x99, 0xf7, 0x99, 0xf7,
    0x99, 0xf7, 0x79, 0xef, 0x78, 0xef, 0x9a, 0xf7, 0x9a, 0xf7, 0x99, 0xf7,
    0x99, 0xf7, 0xba, 0xf7, 0x9a, 0xf7, 0x78, 0xef, 0x99, 0xf7, 0x99, 0xf7,
    0x99, 0xf7, 0x9a, 0xf7, 0x9a, 0xf7, 0xba, 0xf7, 0x9a, 0xf7, 0x9a, 0xf7,
    0xba, 0xf7, 0xba, 0xff, 0x9a, 0xf7, 0xba, 0xf7, 0xba, 0xff, 0xba, 0xf7,
    0xba, 0xf7, 0xba, 0xf7, 0x9a, 0xf7, 0xba, 0xf7, 0xba, 0xf7, 0xbb, 0xf7,
    0xbb, 0xf7, 0xbb, 0xff, 0xbb, 0xf7, 0x9a, 0xf7, 0x58, 0xef, 0x9a, 0xf7,
    0xbb, 0xf7, 0xba, 0xf7, 0x9a, 0xf7, 0xbb, 0xf7, 0xbb, 0xff, 0xbb, 0xff,
    0x9b, 0xf7, 0x9a, 0xf7, 0x9a, 0xef, 0x79, 0xef, 0x79, 0xf7, 0x99, 0xf7,
    0x79, 0xef, 0x79, 0xf7, 0x9a, 0xf7, 0x9a, 0xf7, 0x9a, 0xf7, 0x9a, 0xf7,
    0x9a, 0xf7, 0x9a, 0xf7, 0xbb, 0xf7, 0x9b, 0xf7, 0x9b, 0xf7, 0x9b, 0xf7,
    0xbb, 0xf7, 0xbb, 0xff, 0xbc, 0xff, 0xbb, 0xff, 0xbb, 0xf7, 0xbc, 0xff,
    0xbb, 0xff, 0xbc, 0xf7, 0xdc, 0xff, 0xdc, 0xff, 0xbc, 0xff, 0xbc, 0xf7,
    0xdc, 0xff, 0xbc, 0xff, 0xdd, 0xff, 0x9a, 0xef, 0x79, 0xef, 0xbc, 0xff,
    0xdd, 0xff, 0xdc, 0xff, 0xdc, 0xf7, 0xdc, 0xff, 0xdc, 0xff, 0xdc, 0xff,
    0xdc, 0xff, 0xdc, 0xff, 0xbc, 0xff, 0xdc, 0xff, 0xdd, 0xff, 0xdd, 0xff,
    0xdc, 0xff, 0x9a, 0xf7, 0x37, 0xe7, 0xbb, 0xf7, 0xdc, 0xff, 0xbc, 0xff,
    0xdc, 0xff, 0xdc, 0xff, 0xbc, 0xf7, 0xbc, 0xf7, 0xbb, 0xf7, 0x9b, 0xf7,
    0xbb, 0xf7, 0x9a, 0xf7, 0x9b, 0xf7, 0x9b, 0xf7, 0xbb, 0xf7, 0xbb, 0xf7,
    0xbb, 0xf7, 0x9a, 0xf7, 0x79, 0xef, 0xbc, 0xf7, 0xbc, 0xff, 0xbb, 0xff,
    0xbc, 0xf7, 0xbb, 0xff, 0x79, 0xef, 0x9b, 0xf7, 0xdc, 0xff, 0x9b, 0xf7,
    0x9a, 0xf7, 0xbc, 0xff, 0xbb, 0xf7, 0xbb, 0xf7, 0x7a, 0xf7, 0xbb, 0xf7,
    0x9a, 0xf7, 0x9b, 0xf7, 0xbb, 0xff, 0xbb, 0xf7, 0x9b, 0xf7, 0xba, 0xf7,
    0xbb, 0xff, 0x9b, 0xf7, 0xba, 0xf7, 0x9a, 0xf7, 0xbb, 0xf7, 0x9b, 0xff,
    0x9a, 0xf7, 0x9a, 0xf7, 0xba, 0xff, 0x9a, 0xf7, 0xba, 0xf7, 0x9a, 0xf7,
    0x9a, 0xf7, 0xba, 0xf7, 0x9a, 0xf7, 0x99, 0xf7, 0x9a, 0xf7, 0xba, 0xf7,
    0x9a, 0xf7, 0x99, 0xf7, 0x9a, 0xf7, 0x9a, 0xf7, 0x99, 0xf7, 0x9a, 0xf7,
    0x99, 0xf7, 0x99, 0xf7, 0x99, 0xf7, 0x9a, 0xf7, 0x99, 0xf7, 0x9a, 0xf7,
    0x9a, 0xf7, 0x99, 0xf7, 0x99, 0xf7, 0x9a, 0xf7, 0x99, 0xf7, 0x99, 0xef,
    0x99, 0xf7, 0x99, 0xef, 0x99, 0xf7, 0x9a, 0xf7, 0x99, 0xf7, 0x99, 0xef,
    0x79, 0xf7, 0x99, 0xf7, 0x79, 0xf7, 0x98, 0xf7, 0x79, 0xf7, 0x99, 0xf7,
    0x99, 0xf7, 0x78, 0xef, 0x99, 0xf7, 0x98, 0xf7, 0x78, 0xef, 0x99, 0xf7,
    0x79, 0xf7, 0x79, 0xef, 0x98, 0xef, 0x79, 0xef, 0x99, 0xf7, 0x57, 0xef,
    0x36, 0xe7, 0x78, 0xef, 0x16, 0xdf, 0x57, 0xef, 0x98, 0xf7, 0x78, 0xef,
    0x78, 0xf7, 0x99, 0xef, 0x98, 0xf7, 0x79, 0xef, 0x98, 0xf7, 0x78, 0xef,
    0x78, 0xef, 0x78, 0xef, 0x78, 0xf7, 0x79, 0xef, 0x78, 0xef, 0x78, 0xf7,
    0x78, 0xef, 0x78, 0xf7, 0x99, 0xf7, 0x78, 0xef, 0x78, 0xf7, 0x99, 0xf7,
    0x78, 0xef, 0x99, 0xf7, 0x78, 0xf7, 0x99, 0xf7, 0x98, 0xef, 0x99, 0xf7,
    0x79, 0xf7, 0x78, 0xef, 0x99, 0xf7, 0x99, 0xf7, 0x78, 0xf7, 0x79, 0xf7,
    0x79, 0xf7, 0x79, 0xf7, 0x79, 0xf7, 0x99, 0xf7, 0x99, 0xf7, 0x99, 0xf7,
    0x79, 0xf7, 0x99, 0xf7, 0x99, 0xf7, 0x99, 0xf7, 0x99, 0xf7, 0x99, 0xf7,
    0x99, 0xf7, 0x9a, 0xf7, 0x99, 0xef, 0x78, 0xef, 0x9a, 0xf7, 0x9a, 0xf7,
    0x9a, 0xf7, 0x9a, 0xf7, 0x9a, 0xf7, 0x9a, 0xf7, 0x99, 0xf7, 0x9a, 0xf7,
    0x9a, 0xf7, 0x99, 0xf7, 0x9a, 0xf7, 0x9a, 0xf7, 0x9a, 0xf7, 0x9a, 0xf7,
    0xba, 0xf7, 0x79, 0xf7, 0x79, 0xef, 0x79, 0xf7, 0x79, 0xef, 0x58, 0xef,
    0x58, 0xef, 0x58, 0xef, 0x58, 0xef, 0x59, 0xef, 0x59, 0xef, 0x79, 0xef,
    0x79, 0xef, 0x79, 0xef, 0x9a, 0xf7, 0xbb, 0xff, 0x9a, 0xf7, 0x58, 0xef,
    0x9b, 0xf7, 0x9b, 0xf7, 0xba, 0xf7, 0xbb, 0xf7, 0xbb, 0xf7, 0xbb, 0xf7,
    0xbb, 0xf7, 0xbb, 0xf7, 0xbb, 0xf7, 0x9a, 0xf7, 0x9a, 0xf7, 0x9b, 0xf7,
    0xba, 0xf7, 0x9a, 0xf7, 0x9a, 0xf7, 0x9a, 0xf7, 0xbb, 0xf7, 0xbb, 0xf7,
    0xbb, 0xf7, 0x9a, 0xf7, 0xbb, 0xf7, 0xbc, 0xff, 0xbb, 0xf7, 0xbb, 0xf7,
    0xbb, 0xf7, 0xbc, 0xf7, 0xbb, 0xf7, 0xbb, 0xf7, 0xbb, 0xf7, 0xbb, 0xf7,
    0xbb, 0xf7, 0xbb, 0xf7, 0xbb, 0xf7, 0x9b, 0xf7, 0x9b, 0xf7, 0xdc, 0xff,
    0xbc, 0xff, 0xbb, 0xf7, 0xbc, 0xf7, 0x79, 0xef, 0xbb, 0xf7, 0xbc, 0xf7,
    0x79, 0xef, 0x7a, 0xef, 0x7a, 0xef, 0x79, 0xef, 0x79, 0xef, 0x79, 0xef,
    0x7a, 0xef, 0x7a, 0xef, 0x79, 0xef, 0x7a, 0xef, 0x7a, 0xef, 0x7a, 0xef,
    0x9a, 0xf7, 0xdc, 0xff, 0x58, 0xe7, 0x9b, 0xf7, 0xbc, 0xf7, 0xdc, 0xff,
    0xdc, 0xff, 0xbb, 0xf7, 0x9a, 0xf7, 0x9b, 0xf7, 0x9a, 0xf7, 0x9a, 0xf7,
    0x79, 0xef, 0x9a, 0xf7, 0x9a, 0xf7, 0x7a, 0xf7, 0x7a, 0xf7, 0x9a, 0xf7,
    0x9a, 0xf7, 0x7a, 0xf7, 0xbb, 0xff, 0xbc, 0xf7, 0xbc, 0xf7, 0xdc, 0xff,
    0xbb, 0xff, 0x79, 0xef, 0x9b, 0xf7, 0xdc, 0xff, 0xbb, 0xf7, 0xbb, 0xf7,
    0xbb, 0xff, 0xbb, 0xf7, 0xbb, 0xf7, 0xbb, 0xff, 0x9a, 0xf7, 0xbb, 0xf7,
    0xbb, 0xf7, 0xbb, 0xf7, 0xbb, 0xff, 0xbb, 0xf7, 0xbb, 0xff, 0xba, 0xf7,
    0xbb, 0xf7, 0x9a, 0xff, 0x9a, 0xf7, 0xbb, 0xf7, 0xba, 0xf7, 0x9a, 0xff,
    0xba, 0xf7, 0x9a, 0xf7, 0x9a, 0xf7, 0xbb, 0xf7, 0xba, 0xf7, 0xba, 0xf7,
    0xba, 0xf7, 0x9a, 0xf7, 0xba, 0xf7, 0x9a, 0xf7, 0x9a, 0xf7, 0xba, 0xf7,
    0xba, 0xf7, 0x9a, 0xf7, 0x9a, 0xf7, 0x99, 0xf7, 0x9a, 0xf7, 0x9a, 0xf7,
    0xba, 0xf7, 0x99, 0xf7, 0x9a, 0xf7, 0x99, 0xf7, 0x99, 0xf7, 0x9a, 0xf7,
    0x99, 0xf7, 0x99, 0xf7, 0x9a, 0xf7, 0x99, 0xf7, 0x99, 0xef, 0x99, 0xf7,
    0x79, 0xf7, 0x99, 0xf7, 0x79, 0xf7, 0x99, 0xf7, 0x99, 0xf7, 0x99, 0xf7,
    0x99, 0xef, 0x79, 0xef, 0x99, 0xf7, 0x99, 0xef, 0x79, 0xef, 0x99, 0xf7,
    0x99, 0xf7, 0x99, 0xf7, 0x99, 0xf7, 0x99, 0xef, 0x99, 0xf7, 0x57, 0xef,
    0x78, 0xef, 0x99, 0xf7, 0x79, 0xf7, 0x78, 0xef, 0x99, 0xf7, 0x57, 0xe7,
    0xf5, 0xde, 0x78, 0xef, 0xb4, 0xd6, 0x36, 0xe7, 0x99, 0xf7, 0x78, 0xf7,
    0x78, 0xef, 0x78, 0xef, 0x79, 0xf7, 0x78, 0xef, 0x79, 0xf7, 0x78, 0xef,
    0x78, 0xf7, 0x78, 0xef, 0x78, 0xf7, 0x78, 0xf7, 0x79, 0xef, 0x79, 0xef,
    0x78, 0xf7, 0x79, 0xf7, 0x79, 0xf7, 0x78, 0xef, 0x99, 0xf7, 0x78, 0xf7,
    0x98, 0xef, 0x79, 0xf7, 0x98, 0xf7, 0x79, 0xef, 0x79, 0xf7, 0x99, 0xf7,
    0x79, 0xef, 0x78, 0xf7, 0x99, 0xf7, 0x99, 0xef, 0x79, 0xef, 0x98, 0xf7,
    0x99, 0xef, 0x79, 0xf7, 0x99, 0xf7, 0x99, 0xf7, 0x99, 0xf7, 0x99, 0xf7,
    0x99, 0xf7, 0x79, 0xf7, 0x99, 0xf7, 0x79, 0xf7, 0x99, 0xf7, 0x99, 0xf7,
    0x79, 0xf7, 0x99, 0xf7, 0x9a, 0xf7, 0x79, 0xf7, 0x78, 0xef, 0x9a, 0xf7,
    0x79, 0xef, 0x58, 0xef, 0x99, 0xf7, 0x99, 0xf7, 0x9a, 0xf7, 0x9a, 0xf7,
    0x9a, 0xf7, 0x9a, 0xf7, 0x9a, 0xf7, 0x9a, 0xf7, 0x9a, 0xf7, 0x99, 0xf7,
    0x79, 0xef, 0x79, 0xef, 0x9a, 0xf7, 0x9a, 0xf7, 0x9a, 0xf7, 0xba, 0xf7,
    0x9a, 0xf7, 0x9a, 0xf7, 0x9a, 0xf7, 0x9a, 0xf7, 0x9a, 0xf7, 0x9a, 0xf7,
    0x9a, 0xf7, 0x9a, 0xf7, 0x79, 0xef, 0x9b, 0xf7, 0xbb, 0xf7, 0x9a, 0xf7,
    0x58, 0xef, 0x9b, 0xf7, 0xbb, 0xff, 0xbb, 0xf7, 0xba, 0xf7, 0xbb, 0xf7,
    0xbb, 0xf7, 0xbb, 0xff, 0x9b, 0xf7, 0xbb, 0xf7, 0xbb, 0xf7, 0xbb, 0xf7,
    0xbb, 0xff, 0xbb, 0xf7, 0xbb, 0xf7, 0xbb, 0xf7, 0xbb, 0xff, 0xbb, 0xff,
    0xbc, 0xf7, 0xbc, 0xff, 0x9a, 0xf7, 0x9a, 0xf7, 0x9b, 0xf7, 0x9a, 0xf7,
    0x9a, 0xf7, 0x9a, 0xf7, 0x9a, 0xf7, 0x9a, 0xf7, 0x9a, 0xf7, 0x9a, 0xf7,
    0x9b, 0xf7, 0x9a, 0xf7, 0xbb, 0xf7, 0xdc, 0xff, 0xdc, 0xff, 0xbc, 0xf7,
    0xdc, 0xff, 0x9b, 0xf7, 0x9a, 0xf7, 0x59, 0xef, 0xbc, 0xf7, 0xbb, 0xf7,
    0x38, 0xe7, 0x58, 0xe7, 0x58, 0xe7, 0x38, 0xef, 0x38, 0xe7, 0x38, 0xe7,
    0x58, 0xe7, 0x58, 0xef, 0x58, 0xe7, 0x58, 0xe7, 0x58, 0xef, 0x58, 0xe7,
    0x59, 0xef, 0xdc, 0xff, 0x79, 0xef, 0x7a, 0xef, 0x9a, 0xf7, 0xbc, 0xf7,
    0xdc, 0xff, 0xdd, 0xff, 0xdd, 0xff, 0xdc, 0xff, 0xdc, 0xff, 0xdc, 0xff,
    0xdc, 0xff, 0xdc, 0xff, 0xdc, 0xff, 0xdc, 0xff, 0xdc, 0xff, 0xdc, 0xff,
    0xdc, 0xff, 0xdc, 0xff, 0xbc, 0xff, 0xbc, 0xff, 0xdc, 0xff, 0xbb, 0xf7,
    0x79, 0xef, 0xbb, 0xf7, 0xdc, 0xff, 0xbb, 0xf7, 0x9b, 0xf7, 0xbb, 0xff,
    0xbb, 0xf7, 0xbb, 0xf7, 0xbb, 0xff, 0xbb, 0xff, 0x9a, 0xf7, 0xbb, 0xf7,
    0xbb, 0xf7, 0xbb, 0xff, 0xbb, 0xf7, 0xbb, 0xff, 0x9b, 0xf7, 0xbb, 0xf7,
    0xbb, 0xff, 0xbb, 0xf7, 0xbb, 0xff, 0xbb, 0xff, 0xbb, 0xf7, 0xbb, 0xf7,
    0xbb, 0xf7, 0xbb, 0xff, 0xbb, 0xff, 0xbb, 0xf7, 0xbb, 0xff, 0xbb, 0xff,
    0xba, 0xf7, 0xba, 0xff, 0xba, 0xf7, 0xba, 0xf7, 0x9a, 0xf7, 0xba, 0xf7,
    0xba, 0xf7, 0xba, 0xf7, 0x9a, 0xf7, 0x9a, 0xf7, 0xba, 0xf7, 0x9a, 0xf7,
    0xba, 0xf7, 0x9a, 0xf7, 0x9a, 0xf7, 0x9a, 0xf7, 0xb9, 0xf7, 0x9a, 0xf7,
    0x9a, 0xf7, 0x9a, 0xef, 0x9a, 0xf7, 0x9a, 0xf7, 0x99, 0xf7, 0x9a, 0xf7,
    0x9a, 0xf7, 0x99, 0xf7, 0x99, 0xf7, 0x99, 0xf7, 0x99, 0xf7, 0x79, 0xf7,
    0x99, 0xf7, 0x99, 0xf7, 0x99, 0xf7, 0x99, 0xf7, 0x99, 0xf7, 0x99, 0xef,
    0x99, 0xf7, 0x99, 0xf7, 0x99, 0xef, 0x99, 0xf7, 0x57, 0xef, 0x58, 0xef,
    0x99, 0xef, 0x98, 0xf7, 0x99, 0xf7, 0x98, 0xef, 0x78, 0xf7, 0x79, 0xef,
    0x79, 0xef, 0x78, 0xef, 0x78, 0xef, 0x78, 0xef, 0x78, 0xef, 0x79, 0xf7,
    0x78, 0xef, 0x98, 0xf7, 0x78, 0xf7, 0x78, 0xef, 0x98, 0xf7, 0x78, 0xf7,
    0x78, 0xef, 0x78, 0xef, 0x79, 0xf7, 0x98, 0xef, 0x98, 0xf7, 0x78, 0xef,
    0x98, 0xef, 0x99, 0xf7, 0x78, 0xef, 0x78, 0xef, 0x79, 0xf7, 0x99, 0xf7,
    0x78, 0xef, 0x79, 0xf7, 0x99, 0xef, 0x78, 0xf7, 0x78, 0xf7, 0x99, 0xef,
    0x99, 0xf7, 0x99, 0xf7, 0x99, 0xf7, 0x98, 0xf7, 0x99, 0xf7, 0x99, 0xf7,
    0x98, 0xef, 0x79, 0xef, 0x99, 0xf7, 0x99, 0xef, 0x99, 0xf7, 0x79, 0xf7,
    0x99, 0xef, 0x99, 0xf7, 0x99, 0xef, 0x99, 0xf7, 0x79, 0xef, 0x9a, 0xf7,
    0x99, 0xf7, 0x99, 0xf7, 0x99, 0xf7, 0x9a, 0xf7, 0x79, 0xef, 0x78, 0xef,
    0x37, 0xe7, 0x37, 0xe7, 0x99, 0xf7, 0x79, 0xef, 0x78, 0xef, 0x9a, 0xf7,
    0x99, 0xef, 0x79, 0xef, 0x79, 0xf7, 0x78, 0xef, 0x99, 0xf7, 0x78, 0xef,
    0x79, 0xef, 0xba, 0xf7, 0x9a, 0xf7, 0x9a, 0xf7, 0x9a, 0xf7, 0x9a, 0xf7,
    0x9a, 0xf7, 0xba, 0xf7, 0xba, 0xf7, 0xba, 0xff, 0x9a, 0xf7, 0x9a, 0xf7,
    0xba, 0xf7, 0xba, 0xff, 0x9a, 0xf7, 0x58, 0xef, 0x9a, 0xf7, 0xbb, 0xf7,
    0x9a, 0xf7, 0x58, 0xef, 0x9b, 0xf7, 0xbb, 0xff, 0x9b, 0xff, 0xbb, 0xf7,
    0xba, 0xf7, 0xbb, 0xff, 0xbb, 0xff, 0xbb, 0xf7, 0xbb, 0xff, 0xbb, 0xf7,
    0xbb, 0xf7, 0xbb, 0xff, 0xbb, 0xff, 0xbb, 0xf7, 0xbc, 0xff, 0xbc, 0xff,
    0xdc, 0xf7, 0xbb, 0xff, 0xbc, 0xff, 0xdc, 0xff, 0xdc, 0xff, 0xdc, 0xff,
    0xdc, 0xff, 0xdc, 0xff, 0xdc, 0xff, 0xdd, 0xff, 0xdd, 0xff, 0xdc, 0xff,
    0xdc, 0xff, 0xdd, 0xff, 0xbc, 0xff, 0x9a, 0xef, 0x7a, 0xef, 0xbc, 0xff,
    0xdc, 0xff, 0xbc, 0xf7, 0xbb, 0xf7, 0x79, 0xef, 0xbc, 0xf7, 0xbc, 0xf7,
    0x58, 0xef, 0x58, 0xef, 0x58, 0xef, 0x58, 0xef, 0x58, 0xe7, 0x58, 0xef,
    0x58, 0xef, 0x58, 0xef, 0x58, 0xef, 0x58, 0xef, 0x58, 0xef, 0x58, 0xe7,
    0x79, 0xef, 0xdd, 0xff, 0x79, 0xef, 0xbb, 0xf7, 0xbb, 0xf7, 0xbc, 0xff,
    0xdc, 0xff, 0xbc, 0xf7, 0x9a, 0xf7, 0x9a, 0xf7, 0x9a, 0xf7, 0x9a, 0xf7,
    0x9a, 0xf7, 0x9a, 0xf7, 0x9a, 0xf7, 0x9a, 0xef, 0x9a, 0xf7, 0x9a, 0xef,
    0x9a, 0xef, 0x9a, 0xef, 0x9a, 0xef, 0x9a, 0xf7, 0x9a, 0xf7, 0x79, 0xef,
    0x9b, 0xf7, 0xbc, 0xff, 0xbb, 0xf7, 0xbb, 0xf7, 0xbb, 0xff, 0xbb, 0xf7,
    0xbb, 0xff, 0xbb, 0xff, 0xbb, 0xf7, 0x9b, 0xf7, 0x9a, 0xf7, 0xbb, 0xf7,
    0x9b, 0xf7, 0xbb, 0xff, 0xbb, 0xf7, 0xbb, 0xf7, 0xbb, 0xff, 0xbb, 0xff,
    0x9a, 0xf7, 0x79, 0xef, 0x79, 0xef, 0x79, 0xf7, 0x79, 0xef, 0x79, 0xf7,
    0x79, 0xef, 0x79, 0xef, 0x79, 0xf7, 0x78, 0xef, 0x79, 0xef, 0x79, 0xf7,
    0x79, 0xef, 0x79, 0xf7, 0x79, 0xf7, 0x79, 0xef, 0x79, 0xf7, 0x79, 0xf7,
    0x78, 0xf7, 0x78, 0xef, 0x79, 0xef, 0x78, 0xef, 0x79, 0xef, 0x78, 0xef,
    0x78, 0xef, 0x79, 0xef, 0x79, 0xef, 0x78, 0xef, 0x79, 0xef, 0x79, 0xef,
    0x78, 0xef, 0x78, 0xef, 0x79, 0xef, 0x79, 0xef, 0x78, 0xef, 0x79, 0xef,
    0x79, 0xef, 0x78, 0xef, 0x79, 0xef, 0x79, 0xef, 0x78, 0xef, 0x79, 0xef,
    0x79, 0xef, 0x78, 0xef, 0x78, 0xef, 0x78, 0xf7, 0x78, 0xef, 0x78, 0xef,
    0x78, 0xef, 0x78, 0xef, 0x78, 0xef, 0x58, 0xef, 0x78, 0xef, 0x99, 0xf7,
    0x78, 0xf7, 0x99, 0xf7, 0x99, 0xf7, 0x98, 0xef, 0x79, 0xf7, 0x99, 0xf7,
    0x99, 0xf7, 0x78, 0xef, 0x99, 0xf7, 0x99, 0xf7, 0x78, 0xef, 0x78, 0xf7,
    0x99, 0xf7, 0x78, 0xf7, 0x78, 0xef, 0x98, 0xef, 0x78, 0xef, 0x78, 0xf7,
    0x78, 0xf7, 0x78, 0xf7, 0x78, 0xef, 0x79, 0xf7, 0x78, 0xf7, 0x78, 0xef,
    0x79, 0xf7, 0x79, 0xef, 0x98, 0xf7, 0x78, 0xef, 0x79, 0xef, 0x78, 0xf7,
    0x99, 0xf7, 0x99, 0xef, 0x79, 0xf7, 0x98, 0xf7, 0x99, 0xef, 0x99, 0xf7,
    0x99, 0xf7, 0x99, 0xef, 0x99, 0xef, 0x78, 0xf7, 0x99, 0xf7, 0x99, 0xf7,
    0x99, 0xf7, 0x99, 0xf7, 0x99, 0xf7, 0x99, 0xf7, 0x79, 0xf7, 0x99, 0xef,
    0x99, 0xf7, 0x99, 0xf7, 0x99, 0xf7, 0x9a, 0xf7, 0x99, 0xf7, 0x99, 0xf7,
    0x9a, 0xf7, 0x99, 0xf7, 0x99, 0xf7, 0x9a, 0xf7, 0x99, 0xf7, 0x79, 0xef,
    0x58, 0xef, 0x58, 0xef, 0x79, 0xef, 0x79, 0xef, 0x58, 0xef, 0x9a, 0xf7,
    0x79, 0xef, 0x79, 0xef, 0x99, 0xf7, 0x79, 0xef, 0x78, 0xef, 0x79, 0xef,
    0x9a, 0xf7, 0x9a, 0xf7, 0x9a, 0xf7, 0x9a, 0xf7, 0xba, 0xf7, 0xba, 0xf7,
    0xba, 0xf7, 0x9a, 0xf7, 0x9a, 0xf7, 0x9a, 0xf7, 0x9a, 0xf7, 0xba, 0xf7,
    0x9a, 0xf7, 0x9a, 0xf7, 0x9b, 0xf7, 0x9a, 0xf7, 0x58, 0xef, 0xbb, 0xf7,
    0xbc, 0xff, 0x9a, 0xf7, 0x79, 0xef, 0x9a, 0xf7, 0x7a, 0xf7, 0x79, 0xf7,
    0x79, 0xef, 0x79, 0xef, 0x79, 0xf7, 0x79, 0xf7, 0x79, 0xf7, 0x7a, 0xf7,
    0x7a, 0xf7, 0x9a, 0xf7, 0x7a, 0xf7, 0x7a, 0xef, 0x9a, 0xf7, 0x9a, 0xf7,
    0x9a, 0xf7, 0x9a, 0xf7, 0x7a, 0xef, 0x9a, 0xef, 0x9a, 0xf7, 0x9a, 0xf7,
    0x7a, 0xf7, 0x9a, 0xf7, 0x9a, 0xf7, 0x9a, 0xf7, 0x9b, 0xf7, 0x9a, 0xf7,
    0x7a, 0xef, 0x9a, 0xf7, 0xbb, 0xf7, 0xbc, 0xf7, 0xbb, 0xf7, 0xbc, 0xff,
    0xdc, 0xff, 0xbb, 0xf7, 0x9b, 0xf7, 0x59, 0xef, 0x9b, 0xf7, 0x9b, 0xf7,
    0x58, 0xe7, 0x58, 0xef, 0x58, 0xe7, 0x58, 0xe7, 0x58, 0xef, 0x58, 0xe7,
    0x59, 0xe7, 0x58, 0xe7, 0x59, 0xe7, 0x58, 0xe7, 0x58, 0xef, 0x58, 0xe7,
    0x7a, 0xef, 0xdd, 0xff, 0x79, 0xef, 0x9a, 0xf7, 0x9b, 0xf7, 0xbc, 0xf7,
    0xbc, 0xff, 0xbc, 0xf7, 0xbb, 0xf7, 0xbb, 0xf7, 0xbc, 0xf7, 0xbc, 0xf7,
    0xbc, 0xf7, 0xbc, 0xf7, 0xbc, 0xf7, 0xbb, 0xf7, 0xbb, 0xff, 0xbb, 0xf7,
    0x9b, 0xf7, 0xbb, 0xf7, 0xbb, 0xf7, 0xbb, 0xf7, 0xbb, 0xf7, 0xbc, 0xff,
    0xbc, 0xff, 0xbb, 0xf7, 0xbb, 0xf7, 0xbb, 0xf7, 0xbb, 0xff, 0xbb, 0xf7,
    0xbc, 0xf7, 0xbc, 0xff, 0x9b, 0xf7, 0x9a, 0xf7, 0xbb, 0xf7, 0xbb, 0xff,
    0xbb, 0xf7, 0xbb, 0xf7, 0xba, 0xff, 0xba, 0xf7, 0xbb, 0xf7, 0x99, 0xf7,
    0x79, 0xf7, 0x9a, 0xf7, 0x9a, 0xf7, 0x9a, 0xf7, 0x99, 0xf7, 0x99, 0xf7,
    0x99, 0xf7, 0x99, 0xf7, 0x99, 0xf7, 0x99, 0xf7, 0x79, 0xf7, 0x99, 0xf7,
    0x99, 0xf7, 0x99, 0xef, 0x9a, 0xf7, 0x99, 0xf7, 0x79, 0xf7, 0x99, 0xf7,
    0x99, 0xf7, 0x99, 0xf7, 0x79, 0xf7, 0x99, 0xf7, 0x99, 0xf7, 0x99, 0xf7,
    0x99, 0xf7, 0x99, 0xf7, 0x99, 0xf7, 0x99, 0xf7, 0x99, 0xf7, 0x99, 0xf7,
    0x99, 0xf7, 0x99, 0xf7, 0x99, 0xf7, 0x99, 0xf7, 0x99, 0xf7, 0x99, 0xf7,
    0x79, 0xf7, 0x99, 0xf7, 0x79, 0xef, 0x99, 0xf7, 0x99, 0xf7, 0x79, 0xf7,
    0x99, 0xf7, 0x99, 0xf7, 0x99, 0xef, 0x79, 0xf7, 0x99, 0xf7, 0x79, 0xf7,
    0x79, 0xf7, 0x99, 0xf7, 0x78, 0xf7, 0x78, 0xef, 0x99, 0xf7, 0x79, 0xf7,
    0x99, 0xef, 0x99, 0xef, 0x99, 0xf7, 0x99, 0xf7, 0x99, 0xf7, 0x58, 0xef,
    0x36, 0xe7, 0x78, 0xef, 0x16, 0xe7, 0x57, 0xef, 0x98, 0xf7, 0x78, 0xef,
    0x78, 0xef, 0x78, 0xef, 0x78, 0xf7, 0x78, 0xf7, 0x79, 0xef, 0x78, 0xef,
    0x78, 0xef, 0x78, 0xef, 0x98, 0xef, 0x78, 0xf7, 0x78, 0xef, 0x78, 0xf7,
    0x79, 0xef, 0x78, 0xef, 0x78, 0xf7, 0x79, 0xef, 0x78, 0xef, 0x78, 0xf7,
    0x78, 0xef, 0x78, 0xef, 0x78, 0xf7, 0x78, 0xef, 0x78, 0xef, 0x78, 0xef,
    0x78, 0xf7, 0x78, 0xef, 0x78, 0xef, 0x78, 0xef, 0x78, 0xef, 0x79, 0xef,
    0x79, 0xef, 0x79, 0xf7, 0x79, 0xef, 0x79, 0xef, 0x79, 0xef, 0x79, 0xf7,
    0x79, 0xef, 0x79, 0xef, 0x79, 0xf7, 0x9a, 0xf7, 0x99, 0xf7, 0x79, 0xf7,
    0x99, 0xf7, 0x99, 0xef, 0x9a, 0xf7, 0x99, 0xf7, 0x99, 0xf7, 0x99, 0xf7,
    0x99, 0xf7, 0x99, 0xf7, 0x99, 0xf7, 0x9a, 0xf7, 0xba, 0xf7, 0x99, 0xf7,
    0x99, 0xf7, 0x9a, 0xf7, 0x9a, 0xf7, 0x99, 0xf7, 0x9a, 0xf7, 0x9a, 0xf7,
    0x9a, 0xf7, 0x9a, 0xf7, 0x9a, 0xf7, 0x9a, 0xf7, 0x9a, 0xf7, 0x9a, 0xf7,
    0x9a, 0xff, 0x9a, 0xf7, 0x9a, 0xf7, 0xba, 0xf7, 0xba, 0xff, 0xba, 0xff,
    0x9a, 0xf7, 0x9a, 0xf7, 0x9a, 0xf7, 0xbb, 0xf7, 0x7a, 0xf7, 0x58, 0xef,
    0xbb, 0xf7, 0xbb, 0xff, 0x9a, 0xf7, 0x9a, 0xef, 0x9a, 0xf7, 0x9a, 0xf7,
    0x9a, 0xf7, 0x7a, 0xef, 0x9a, 0xf7, 0x9a, 0xf7, 0x9a, 0xf7, 0x9a, 0xf7,
    0x9a, 0xf7, 0x9a, 0xf7, 0x9a, 0xf7, 0x9a, 0xf7, 0x9a, 0xf7, 0x9a, 0xf7,
    0xbb, 0xf7, 0x9b, 0xf7, 0xbb, 0xf7, 0x9a, 0xf7, 0x9b, 0xf7, 0xbb, 0xf7,
    0xbb, 0xf7, 0x9b, 0xf7, 0xbb, 0xf7, 0xbb, 0xf7, 0xbb, 0xf7, 0xbb, 0xf7,
    0xbb, 0xf7, 0x9b, 0xf7, 0x9a, 0xf7, 0x9a, 0xf7, 0x9a, 0xf7, 0xdc, 0xff,
    0xbc, 0xff, 0xbc, 0xf7, 0xdc, 0xff, 0x79, 0xef, 0x9b, 0xf7, 0x9b, 0xf7,
    0x38, 0xe7, 0x58, 0xef, 0x59, 0xe7, 0x59, 0xe7, 0x58, 0xef, 0x58, 0xef,
    0x58, 0xe7, 0x58, 0xef, 0x58, 0xef, 0x58, 0xe7, 0x58, 0xef, 0x58, 0xef,
    0x7a, 0xef, 0xdd, 0xff, 0x59, 0xef, 0x9b, 0xf7, 0xbc, 0xff, 0xbc, 0xff,
    0xdc, 0xff, 0xbb, 0xf7, 0x7a, 0xf7, 0x9a, 0xf7, 0x9b, 0xf7, 0xbb, 0xf7,
    0x9b, 0xf7, 0xbb, 0xf7, 0xbb, 0xf7, 0x9b, 0xf7, 0x9b, 0xf7, 0x9b, 0xf7,
    0xbc, 0xff, 0xbb, 0xff, 0xbb, 0xf7, 0xbb, 0xf7, 0xbb, 0xf7, 0xbb, 0xf7,
    0xbb, 0xf7, 0xbb, 0xf7, 0xbb, 0xf7, 0xbc, 0xff, 0xbb, 0xff, 0xbb, 0xf7,
    0xbc, 0xff, 0xba, 0xf7, 0x9a, 0xf7, 0xbb, 0xf7, 0xbb, 0xf7, 0xbb, 0xff,
    0xbb, 0xf7, 0xbb, 0xf7, 0xbb, 0xff, 0xbb, 0xff, 0x79, 0xef, 0x9a, 0xf7,
    0xbb, 0xf7, 0xbb, 0xf7, 0xbb, 0xf7, 0xba, 0xf7, 0x9b, 0xf7, 0x9b, 0xf7,
    0x9a, 0xf7, 0x9a, 0xf7, 0x9a, 0xf7, 0x9a, 0xf7, 0xba, 0xf7, 0x9a, 0xf7,
    0x9a, 0xf7, 0x9a, 0xf7, 0x9a, 0xf7, 0x9a, 0xf7, 0x9a, 0xf7, 0xba, 0xf7,
    0x9a, 0xf7, 0x9a, 0xf7, 0x9a, 0xf7, 0x9a, 0xf7, 0x9a, 0xf7, 0x9a, 0xf7,
    0x9a, 0xf7, 0x9a, 0xf7, 0x99, 0xf7, 0x99, 0xf7, 0x9a, 0xf7, 0x99, 0xf7,
    0x9a, 0xf7, 0x99, 0xf7, 0x99, 0xf7, 0x99, 0xf7, 0x99, 0xf7, 0x99, 0xf7,
    0x99, 0xf7, 0x99, 0xf7, 0x99, 0xf7, 0x99, 0xf7, 0x99, 0xf7, 0x99, 0xef,
    0x99, 0xf7, 0x99, 0xf7, 0x99, 0xf7, 0x99, 0xf7, 0x79, 0xef, 0x99, 0xf7,
    0x99, 0xf7, 0x99, 0xf7, 0x99, 0xf7, 0x99, 0xf7, 0x79, 0xf7, 0x99, 0xf7,
    0x98, 0xef, 0x79, 0xf7, 0x99, 0xf7, 0x98, 0xf7, 0x99, 0xf7, 0x37, 0xe7,
    0xd4, 0xd6, 0x79, 0xef, 0xd4, 0xd6, 0x16, 0xe7, 0x99, 0xf7, 0x78, 0xef,
    0x78, 0xf7, 0x79, 0xef, 0x98, 0xf7, 0x78, 0xf7, 0x99, 0xef, 0x78, 0xf7,
    0x58, 0xef, 0x78, 0xef, 0x78, 0xef, 0x78, 0xef, 0x78, 0xef, 0x78, 0xef,
    0x78, 0xef, 0x78, 0xef, 0x78, 0xef, 0x78, 0xef, 0x78, 0xef, 0x58, 0xef,
    0x78, 0xef, 0x58, 0xef, 0x58, 0xef, 0x78, 0xef, 0x58, 0xef, 0x58, 0xef,
    0x58, 0xef, 0x58, 0xef, 0x58, 0xef, 0x58, 0xef, 0x58, 0xef, 0x57, 0xef,
    0x58, 0xef, 0x58, 0xef, 0x78, 0xef, 0x78, 0xef, 0x58, 0xef, 0x58, 0xef,
    0x78, 0xef, 0x58, 0xef, 0x58, 0xef, 0x99, 0xef, 0x99, 0xf7, 0x99, 0xf7,
    0x99, 0xf7, 0x99, 0xf7, 0x99, 0xf7, 0x99, 0xf7, 0x99, 0xf7, 0x9a, 0xf7,
    0x99, 0xf7, 0x99, 0xf7, 0x99, 0xf7, 0x9a, 0xf7, 0x9a, 0xf7, 0x99, 0xf7,
    0x99, 0xf7, 0x99, 0xf7, 0x9a, 0xf7, 0x7a, 0xf7, 0x9a, 0xf7, 0x9a, 0xf7,
    0x9a, 0xf7, 0xba, 0xf7, 0x9a, 0xf7, 0x9a, 0xf7, 0x9a, 0xf7, 0x9a, 0xf7,
    0x9a, 0xf7, 0xba, 0xf7, 0x9a, 0xf7, 0x9a, 0xf7, 0x9a, 0xf7, 0xbb, 0xf7,
    0xbb, 0xf7, 0x9a, 0xf7, 0x9a, 0xf7, 0x9a, 0xf7, 0xbb, 0xf7, 0x7a, 0xf7,
    0x79, 0xef, 0xbb, 0xf7, 0xbb, 0xf7, 0xbb, 0xf7, 0xbb, 0xf7, 0xbb, 0xff,
    0xbb, 0xf7, 0xbb, 0xf7, 0x9b, 0xf7, 0xbb, 0xf7, 0xbc, 0xf7, 0xbb, 0xf7,
    0xbb, 0xf7, 0xbb, 0xf7, 0xbb, 0xf7, 0x9b, 0xf7, 0x9a, 0xf7, 0x7a, 0xf7,
    0x9a, 0xf7, 0x9a, 0xf7, 0x9a, 0xf7, 0x9a, 0xf7, 0x9a, 0xf7, 0x7a, 0xf7,
    0x7a, 0xef, 0x9a, 0xef, 0x9a, 0xf7, 0x9a, 0xf7, 0x7a, 0xf7, 0x9b, 0xf7,
    0x9b, 0xf7, 0x9a, 0xf7, 0x9b, 0xf7, 0xbc, 0xf7, 0xbc, 0xff, 0xbc, 0xff,
    0xdc, 0xff, 0xbc, 0xf7, 0xbc, 0xf7, 0x7a, 0xef, 0xbb, 0xf7, 0x9b, 0xf7,
    0x58, 0xe7, 0x58, 0xef, 0x58, 0xef, 0x58, 0xe7, 0x59, 0xef, 0x58, 0xe7,
    0x58, 0xef, 0x58, 0xef, 0x58, 0xe7, 0x59, 0xef, 0x58, 0xef, 0x58, 0xe7,
    0x7a, 0xef, 0xdc, 0xff, 0x79, 0xef, 0x9a, 0xef, 0xbb, 0xf7, 0xdc, 0xff,
    0xdc, 0xff, 0xbb, 0xf7, 0xbb, 0xf7, 0xbb, 0xf7, 0xbb, 0xf7, 0xbb, 0xf7,
    0xbb, 0xf7, 0xbb, 0xff, 0xbb, 0xf7, 0x9b, 0xf7, 0xbb, 0xf7, 0xbb, 0xf7,
    0xbc, 0xff, 0xbb, 0xff, 0xbc, 0xff, 0xbc, 0xff, 0xbb, 0xff, 0xbc, 0xff,
    0xbc, 0xff, 0xbc, 0xff, 0xbc, 0xff, 0xbc, 0xff, 0xbb, 0xff, 0xbc, 0xff,
    0x9a, 0xf7, 0x9a, 0xf7, 0xdc, 0xff, 0xbb, 0xff, 0xbb, 0xf7, 0xbb, 0xff,
    0xbb, 0xff, 0xbb, 0xf7, 0xbb, 0xff, 0x7a, 0xef, 0x9a, 0xf7, 0xbb, 0xf7,
    0xbb, 0xf7, 0xbb, 0xf7, 0xba, 0xff, 0xba, 0xf7, 0x9b, 0xf7, 0xbb, 0xff,
    0xba, 0xf7, 0xbb, 0xf7, 0x9b, 0xf7, 0xba, 0xf7, 0xba, 0xf7, 0x9a, 0xf7,
    0x9a, 0xf7, 0x9a, 0xf7, 0xba, 0xf7, 0xba, 0xf7, 0x9a, 0xf7, 0xba, 0xf7,
    0x9a, 0xf7, 0xba, 0xf7, 0xba, 0xf7, 0x9a, 0xf7, 0x9a, 0xf7, 0x9a, 0xf7,
    0x99, 0xf7, 0x9a, 0xf7, 0x9a, 0xf7, 0x99, 0xf7, 0x9a, 0xf7, 0x99, 0xf7,
    0x9a, 0xf7, 0x9a, 0xf7, 0x99, 0xf7, 0x9a, 0xf7, 0x99, 0xf7, 0x9a, 0xf7,
    0x99, 0xef, 0x99, 0xf7, 0x99, 0xf7, 0x99, 0xf7, 0x79, 0xf7, 0x99, 0xef,
    0x99, 0xf7, 0x79, 0xf7, 0x99, 0xf7, 0x99, 0xef, 0x99, 0xf7, 0x79, 0xf7,
    0x78, 0xef, 0x99, 0xef, 0x79, 0xf7, 0x99, 0xf7, 0x99, 0xef, 0x98, 0xf7,
    0x99, 0xf7, 0x99, 0xf7, 0x78, 0xef, 0x98, 0xef, 0x79, 0xef, 0x78, 0xef,
    0x78, 0xef, 0x79, 0xf7, 0x78, 0xef, 0x78, 0xef, 0x79, 0xf7, 0x78, 0xf7,
    0x78, 0xef, 0x79, 0xf7, 0x99, 0xf7, 0x98, 0xef, 0x98, 0xf7, 0x78, 0xef,
    0x78, 0xf7, 0x78, 0xf7, 0x78, 0xf7, 0x79, 0xef, 0x78, 0xf7, 0x98, 0xf7,
    0x79, 0xf7, 0x78, 0xf7, 0x78, 0xf7, 0x79, 0xf7, 0x78, 0xf7, 0x98, 0xf7,
    0x99, 0xf7, 0x78, 0xf7, 0x99, 0xf7, 0x99, 0xf7, 0x79, 0xf7, 0x99, 0xf7,
    0x99, 0xf7, 0x79, 0xf7, 0x99, 0xf7, 0x99, 0xf7, 0x99, 0xf7, 0x99, 0xf7,
    0x99, 0xf7, 0x79, 0xf7, 0x99, 0xf7, 0x99, 0xf7, 0x99, 0xf7, 0x99, 0xf7,
    0x99, 0xf7, 0x99, 0xf7, 0x79, 0xef, 0x58, 0xef, 0x99, 0xf7, 0x9a, 0xf7,
    0x99, 0xef, 0x99, 0xf7, 0x9a, 0xf7, 0x9a, 0xf7, 0x99, 0xf7, 0x9a, 0xef,
    0x9a, 0xf7, 0x99, 0xf7, 0x9a, 0xf7, 0x99, 0xf7, 0x99, 0xf7, 0x9a, 0xf7,
    0x9a, 0xf7, 0x99, 0xf7, 0x9a, 0xf7, 0x9a, 0xf7, 0x99, 0xf7, 0x9a, 0xf7,
    0x9a, 0xf7, 0x9a, 0xf7, 0xb9, 0xf7, 0x9a, 0xf7, 0xba, 0xf7, 0xba, 0xf7,
    0x9a, 0xf7, 0x9a, 0xf7, 0x9a, 0xf7, 0x9a, 0xf7, 0x9a, 0xf7, 0x9a, 0xf7,
    0x9a, 0xf7, 0x9b, 0xf7, 0xbb, 0xf7, 0xba, 0xf7, 0x9a, 0xf7, 0xbb, 0xf7,
    0x9a, 0xf7, 0x79, 0xef, 0x79, 0xf7, 0x79, 0xef, 0x79, 0xef, 0x79, 0xef,
    0x79, 0xef, 0x7a, 0xf7, 0x9a, 0xf7, 0x9a, 0xf7, 0x9a, 0xf7, 0x9a, 0xf7,
    0x9b, 0xf7, 0x9b, 0xf7, 0xbb, 0xf7, 0x9a, 0xf7, 0xbb, 0xf7, 0xbb, 0xf7,
    0xbb, 0xf7, 0xbb, 0xf7, 0xbb, 0xf7, 0xbb, 0xf7, 0xbb, 0xf7, 0xbb, 0xf7,
    0x9b, 0xf7, 0xbb, 0xf7, 0x9b, 0xf7, 0x9b, 0xf7, 0xbb, 0xf7, 0xba, 0xf7,
    0xbb, 0xf7, 0x9b, 0xf7, 0x9a, 0xf7, 0x9a, 0xf7, 0x9a, 0xef, 0xbc, 0xff,
    0xdd, 0xff, 0xdc, 0xf7, 0xbb, 0xf7, 0x59, 0xef, 0xbb, 0xf7, 0xbb, 0xf7,
    0x38, 0xe7, 0x58, 0xef, 0x58, 0xe7, 0x58, 0xef, 0x58, 0xe7, 0x58, 0xe7,
    0x58, 0xef, 0x58, 0xe7, 0x58, 0xe7, 0x59, 0xe7, 0x59, 0xef, 0x58, 0xef,
    0x79, 0xef, 0xdd, 0xff, 0x79, 0xef, 0x9a, 0xf7, 0xbb, 0xf7, 0xdc, 0xf7,
    0xbc, 0xff, 0xbb, 0xf7, 0x9a, 0xf7, 0xbb, 0xf7, 0xbb, 0xf7, 0xbb, 0xf7,
    0xbb, 0xf7, 0xbb, 0xf7, 0xbb, 0xff, 0x9b, 0xf7, 0xbb, 0xf7, 0xbb, 0xf7,
    0x9a, 0xf7, 0x9b, 0xf7, 0x9a, 0xf7, 0x9a, 0xf7, 0x9a, 0xf7, 0x9a, 0xf7,
    0x9a, 0xf7, 0x9a, 0xf7, 0x9a, 0xf7, 0x9a, 0xef, 0x9a, 0xf7, 0x9a, 0xef,
    0x9a, 0xf7, 0xdc, 0xf7, 0xbb, 0xf7, 0xbb, 0xf7, 0xbb, 0xff, 0xbb, 0xf7,
    0xbb, 0xf7, 0xbb, 0xff, 0x9a, 0xf7, 0x99, 0xef, 0xbb, 0xff, 0xba, 0xf7,
    0xbb, 0xff, 0x9a, 0xf7, 0xbb, 0xf7, 0xba, 0xff, 0x9a, 0xf7, 0xba, 0xf7,
    0xba, 0xff, 0x9b, 0xf7, 0xba, 0xf7, 0x9a, 0xf7, 0x9a, 0xf7, 0x9a, 0xf7,
    0xba, 0xf7, 0xba, 0xf7, 0x7a, 0xf7, 0x99, 0xf7, 0x79, 0xf7, 0x79, 0xef,
    0x79, 0xef, 0x99, 0xf7, 0x99, 0xf7, 0x99, 0xf7, 0x79, 0xef, 0x79, 0xef,
    0x79, 0xf7, 0x79, 0xef, 0x79, 0xef, 0x79, 0xef, 0x79, 0xef, 0x79, 0xef,
    0x99, 0xef, 0x99, 0xef, 0x79, 0xef, 0x79, 0xef, 0x79, 0xef, 0x79, 0xef,
    0x79, 0xef, 0x79, 0xef, 0x79, 0xef, 0x79, 0xef, 0x79, 0xef, 0x79, 0xf7,
    0x79, 0xef, 0x79, 0xef, 0x79, 0xef, 0x78, 0xef, 0x79, 0xf7, 0x99, 0xf7,
    0x99, 0xf7, 0x99, 0xf7, 0x79, 0xef, 0x79, 0xef, 0x99, 0xf7, 0x98, 0xf7,
    0x79, 0xf7, 0x99, 0xf7, 0x79, 0xef, 0x78, 0xf7, 0x98, 0xf7, 0x99, 0xf7,
    0x78, 0xf7, 0x78, 0xf7, 0x99, 0xf7, 0x99, 0xf7, 0x78, 0xef, 0x78, 0xef,
    0x78, 0xf7, 0x98, 0xf7, 0x79, 0xef, 0x79, 0xf7, 0x78, 0xf7, 0x78, 0xef,
    0x78, 0xef, 0x78, 0xef, 0x78, 0xf7, 0x78, 0xef, 0x78, 0xef, 0x79, 0xf7,
    0x78, 0xf7, 0x78, 0xef, 0x78, 0xef, 0x79, 0xf7, 0x98, 0xef, 0x78, 0xf7,
    0x78, 0xf7, 0x78, 0xef, 0x78, 0xef, 0x78, 0xf7, 0x78, 0xef, 0x98, 0xf7,
    0x78, 0xef, 0x78, 0xef, 0x98, 0xf7, 0x99, 0xf7, 0x79, 0xf7, 0x99, 0xef,
    0x99, 0xef, 0x78, 0xf7, 0x79, 0xef, 0x99, 0xef, 0x98, 0xf7, 0x99, 0xf7,
    0x99, 0xef, 0x99, 0xf7, 0x99, 0xf7, 0x99, 0xef, 0x58, 0xef, 0x99, 0xf7,
    0x79, 0xf7, 0x99, 0xef, 0x79, 0xf7, 0x99, 0xf7, 0x99, 0xf7, 0x99, 0xf7,
    0x99, 0xf7, 0x9a, 0xf7, 0x99, 0xf7, 0x9a, 0xf7, 0x99, 0xf7, 0x9a, 0xf7,
    0x99, 0xf7, 0x99, 0xf7, 0x9a, 0xf7, 0x99, 0xf7, 0x9a, 0xf7, 0x9a, 0xf7,
    0xba, 0xf7, 0x9a, 0xf7, 0x9a, 0xf7, 0x9a, 0xf7, 0x9a, 0xf7, 0x9a, 0xf7,
    0x9a, 0xf7, 0x9a, 0xf7, 0x9a, 0xf7, 0x9a, 0xf7, 0x9a, 0xf7, 0x9a, 0xf7,
    0xba, 0xf7, 0xbb, 0xf7, 0x9b, 0xff, 0x9a, 0xf7, 0xbb, 0xf7, 0xbb, 0xf7,
    0x9b, 0xf7, 0x9a, 0xf7, 0x9a, 0xf7, 0x9a, 0xf7, 0x9a, 0xf7, 0x9a, 0xf7,
    0x9a, 0xf7, 0x9a, 0xf7, 0xbb, 0xf7, 0x9b, 0xf7, 0x9a, 0xf7, 0x9a, 0xf7,
    0x9b, 0xf7, 0xbb, 0xf7, 0x9a, 0xf7, 0x9a, 0xf7, 0x9a, 0xf7, 0x9a, 0xf7,
    0x9a, 0xf7, 0x9a, 0xf7, 0x9b, 0xf7, 0x9b, 0xf7, 0x9a, 0xf7, 0x9b, 0xf7,
    0xbb, 0xf7, 0xbb, 0xf7, 0xbb, 0xf7, 0xbc, 0xf7, 0xbb, 0xf7, 0xbb, 0xf7,
    0x9b, 0xf7, 0xbc, 0xff, 0xbc, 0xff, 0xbb, 0xf7, 0xbc, 0xf7, 0xdc, 0xff,
    0xdd, 0xff, 0xbc, 0xff, 0xbc, 0xff, 0x79, 0xef, 0xbb, 0xf7, 0x9b, 0xf7,
    0x38, 0xe7, 0x58, 0xef, 0x58, 0xe7, 0x59, 0xef, 0x58, 0xef, 0x58, 0xe7,
    0x59, 0xef, 0x58, 0xef, 0x58, 0xef, 0x58, 0xe7, 0x58, 0xef, 0x58, 0xe7,
    0x79, 0xef, 0xdd, 0xff, 0x79, 0xef, 0x9b, 0xf7, 0xbb, 0xf7, 0xdc, 0xff,
    0xbd, 0xff, 0xbc, 0xf7, 0xbb, 0xf7, 0xbb, 0xff, 0xbb, 0xff, 0xbc, 0xff,
    0xbb, 0xff, 0xbb, 0xf7, 0x9b, 0xf7, 0xbb, 0xf7, 0xbc, 0xff, 0xbc, 0xff,
    0xbb, 0xf7, 0xbc, 0xf7, 0xbb, 0xf7, 0xbb, 0xf7, 0xbb, 0xf7, 0xbb, 0xf7,
    0xbb, 0xf7, 0xbb, 0xf7, 0xbb, 0xf7, 0xbb, 0xf7, 0xbb, 0xf7, 0x9b, 0xf7,
    0xbb, 0xff, 0xbb, 0xf7, 0xbc, 0xff, 0xbb, 0xf7, 0xbb, 0xff, 0xbb, 0xf7,
    0xbb, 0xf7, 0x9a, 0xf7, 0x9a, 0xf7, 0xbb, 0xf7, 0xbb, 0xf7, 0xbb, 0xff,
    0xbb, 0xf7, 0x9b, 0xff, 0xbb, 0xf7, 0xbb, 0xf7, 0xbb, 0xf7, 0xba, 0xf7,
    0x9b, 0xf7, 0x9a, 0xf7, 0xba, 0xff, 0xba, 0xf7, 0x9a, 0xf7, 0xba, 0xf7,
    0xbb, 0xf7, 0x79, 0xef, 0x79, 0xf7, 0x9a, 0xf7, 0x99, 0xef, 0x7a, 0xf7,
    0x79, 0xf7, 0x79, 0xf7, 0x99, 0xef, 0x79, 0xf7, 0x99, 0xf7, 0x99, 0xf7,
    0x79, 0xef, 0x99, 0xf7, 0x99, 0xf7, 0x99, 0xf7, 0x99, 0xf7, 0x79, 0xf7,
    0x99, 0xf7, 0x99, 0xf7, 0x79, 0xf7, 0x99, 0xf7, 0x99, 0xf7, 0x79, 0xf7,
    0x99, 0xf7, 0x99, 0xf7, 0x79, 0xf7, 0x99, 0xf7, 0x99, 0xf7, 0x79, 0xf7,
    0x99, 0xf7, 0x99, 0xef, 0x79, 0xf7, 0x79, 0xf7, 0x99, 0xef, 0x79, 0xef,
    0x99, 0xf7, 0x99, 0xf7, 0x99, 0xf7, 0x79, 0xef, 0x99, 0xf7, 0x78, 0xef,
    0x98, 0xef, 0x79, 0xf7, 0x99, 0xf7, 0x98, 0xf7, 0x79, 0xef, 0x99, 0xf7,
    0x78, 0xef, 0x78, 0xef, 0x99, 0xef, 0x78, 0xf7, 0x98, 0xef, 0x99, 0xf7,
    0x78, 0xef, 0x78, 0xef, 0x78, 0xef, 0x79, 0xf7, 0x78, 0xef, 0x98, 0xf7,
    0x78, 0xef, 0x78, 0xf7, 0x78, 0xf7, 0x78, 0xef, 0x78, 0xf7, 0x98, 0xf7,
    0x78, 0xef, 0x98, 0xef, 0x79, 0xf7, 0x78, 0xf7, 0x78, 0xef, 0x79, 0xef,
    0x98, 0xef, 0x98, 0xf7, 0x79, 0xef, 0x99, 0xf7, 0x98, 0xf7, 0x79, 0xef,
    0x99, 0xf7, 0x79, 0xf7, 0x78, 0xef, 0x99, 0xef, 0x79, 0xf7, 0x98, 0xf7,
    0x98, 0xf7, 0x79, 0xef, 0x99, 0xf7, 0x99, 0xf7, 0x79, 0xef, 0x99, 0xf7,
    0x99, 0xf7, 0x99, 0xf7, 0x99, 0xf7, 0x99, 0xf7, 0x79, 0xef, 0x58, 0xef,
    0x99, 0xf7, 0x9a, 0xf7, 0x99, 0xf7, 0x99, 0xef, 0x9a, 0xf7, 0x99, 0xf7,
    0x9a, 0xf7, 0x9a, 0xf7, 0x99, 0xf7, 0x9a, 0xf7, 0x9a, 0xf7, 0x99, 0xf7,
    0x9a, 0xf7, 0x9a, 0xef, 0x9a, 0xf7, 0x9a, 0xf7, 0x99, 0xf7, 0x9a, 0xf7,
    0x9a, 0xf7, 0x9a, 0xf7, 0x9a, 0xf7, 0x9a, 0xf7, 0x9a, 0xf7, 0x9a, 0xf7,
    0x9a, 0xf7, 0x9a, 0xf7, 0x9a, 0xf7, 0xba, 0xf7, 0x9a, 0xf7, 0x9a, 0xf7,
    0xbb, 0xf7, 0xba, 0xf7, 0x9a, 0xf7, 0xbb, 0xf7, 0x9b, 0xff, 0x9a, 0xf7,
    0xba, 0xf7, 0xbb, 0xff, 0xbb, 0xf7, 0xbb, 0xf7, 0xbb, 0xff, 0xbb, 0xff,
    0xbb, 0xf7, 0xbb, 0xf7, 0xbb, 0xf7, 0xbb, 0xf7, 0xbb, 0xf7, 0xbb, 0xf7,
    0x9b, 0xf7, 0x79, 0xef, 0x7a, 0xef, 0x9a, 0xf7, 0x9a, 0xf7, 0x9a, 0xef,
    0x7a, 0xef, 0x9a, 0xf7, 0x9a, 0xf7, 0x9a, 0xf7, 0x9a, 0xf7, 0x9a, 0xf7,
    0x9a, 0xf7, 0x9b, 0xf7, 0x9a, 0xf7, 0x9a, 0xf7, 0x9b, 0xf7, 0xbb, 0xf7,
    0x9b, 0xf7, 0x9a, 0xf7, 0x9a, 0xf7, 0x7a, 0xef, 0x79, 0xef, 0xdc, 0xff,
    0xdc, 0xff, 0xbb, 0xf7, 0xbb, 0xf7, 0x79, 0xef, 0xbc, 0xf7, 0x9b, 0xf7,
    0x58, 0xe7, 0x58, 0xe7, 0x58, 0xe7, 0x39, 0xef, 0x58, 0xe7, 0x58, 0xe7,
    0x59, 0xef, 0x58, 0xe7, 0x58, 0xef, 0x58, 0xef, 0x58, 0xe7, 0x58, 0xe7,
    0x79, 0xef, 0xdc, 0xff, 0x79, 0xef, 0x9b, 0xf7, 0xbb, 0xf7, 0xbc, 0xff,
    0xdc, 0xff, 0xbc, 0xf7, 0x9a, 0xf7, 0x9a, 0xf7, 0x9a, 0xf7, 0x9a, 0xf7,
    0x9b, 0xf7, 0x9b, 0xf7, 0x9b, 0xf7, 0xba, 0xf7, 0x9b, 0xf7, 0xbb, 0xf7,
    0xbb, 0xf7, 0xbb, 0xf7, 0xbb, 0xf7, 0xbc, 0xff, 0xbc, 0xff, 0xbc, 0xff,
    0xbc, 0xf7, 0xbc, 0xff, 0xbc, 0xff, 0xbb, 0xf7, 0xbb, 0xff, 0xbb, 0xf7,
    0xbb, 0xf7, 0xbb, 0xff, 0xbb, 0xff, 0xbc, 0xf7, 0xdb, 0xff, 0xbc, 0xff,
    0x9a, 0xf7, 0x9a, 0xf7, 0xbb, 0xf7, 0xbb, 0xf7, 0x9b, 0xff, 0xbb, 0xf7,
    0xba, 0xf7, 0xbb, 0xf7, 0xba, 0xf7, 0x9b, 0xff, 0xba, 0xff, 0x9b, 0xf7,
    0xba, 0xf7, 0x9a, 0xf7, 0x9a, 0xf7, 0xba, 0xf7, 0x9a, 0xf7, 0x9b, 0xff,
    0x79, 0xf7, 0x99, 0xf7, 0x9a, 0xf7, 0x9a, 0xf7, 0x9a, 0xf7, 0x9a, 0xf7,
    0x9a, 0xf7, 0x9a, 0xf7, 0x9a, 0xf7, 0x9a, 0xf7, 0x9a, 0xf7, 0x99, 0xf7,
    0x9a, 0xf7, 0x99, 0xf7, 0x99, 0xf7, 0x9a, 0xf7, 0x99, 0xf7, 0x99, 0xf7,
    0x99, 0xf7, 0x99, 0xf7, 0x99, 0xf7, 0x99, 0xf7, 0x99, 0xf7, 0x99, 0xf7,
    0x99, 0xf7, 0x99, 0xf7, 0x99, 0xf7, 0x99, 0xf7, 0x99, 0xf7, 0x99, 0xf7,
    0x99, 0xf7, 0x99, 0xf7, 0x99, 0xf7, 0x99, 0xf7, 0x99, 0xf7, 0x99, 0xf7,
    0x78, 0xef, 0x99, 0xf7, 0x99, 0xf7, 0x79, 0xf7, 0x99, 0xf7, 0x79, 0xf7,
    0x98, 0xef, 0x78, 0xf7, 0x99, 0xef, 0x99, 0xef, 0x79, 0xf7, 0x78, 0xf7,
    0x99, 0xef, 0x78, 0xf7, 0x78, 0xf7, 0x78, 0xef, 0x79, 0xf7, 0x99, 0xf7,
    0x78, 0xf7, 0x78, 0xef, 0x99, 0xf7, 0x98, 0xf7, 0x78, 0xf7, 0x78, 0xef,
    0x78, 0xef, 0x78, 0xf7, 0x78, 0xef, 0x78, 0xef, 0x98, 0xf7, 0x79, 0xef,
    0x78, 0xf7, 0x98, 0xf7, 0x79, 0xef, 0x78, 0xef, 0x99, 0xf7, 0x79, 0xf7,
    0x78, 0xef, 0x78, 0xf7, 0x79, 0xef, 0x78, 0xef, 0x99, 0xf7, 0x78, 0xf7,
    0x98, 0xef, 0x99, 0xf7, 0x79, 0xf7, 0x79, 0xef, 0x98, 0xf7, 0x79, 0xef,
    0x79, 0xef, 0x98, 0xf7, 0x79, 0xf7, 0x99, 0xef, 0x99, 0xf7, 0x79, 0xf7,
    0x99, 0xef, 0x99, 0xf7, 0x99, 0xf7, 0x99, 0xf7, 0x99, 0xf7, 0x78, 0xef,
    0x58, 0xef, 0x9a, 0xf7, 0x99, 0xf7, 0x99, 0xf7, 0x7a, 0xf7, 0x9a, 0xf7,
    0x9a, 0xf7, 0x99, 0xf7, 0x99, 0xef, 0x9a, 0xf7, 0x9a, 0xf7, 0x9a, 0xf7,
    0x9a, 0xf7, 0x9a, 0xf7, 0x9a, 0xf7, 0x9a, 0xf7, 0xba, 0xf7, 0x9a, 0xf7,
    0x9a, 0xf7, 0xb9, 0xf7, 0x9a, 0xf7, 0x9a, 0xf7, 0x9a, 0xf7, 0x9a, 0xf7,
    0xba, 0xf7, 0x9a, 0xf7, 0x9a, 0xf7, 0xba, 0xf7, 0x9a, 0xf7, 0x9a, 0xf7,
    0x9b, 0xf7, 0x9a, 0xf7, 0xba, 0xff, 0xbb, 0xf7, 0xbb, 0xf7, 0xba, 0xff,
    0xbb, 0xf7, 0x9b, 0xf7, 0x9b, 0xf7, 0x9b, 0xf7, 0xbb, 0xf7, 0xbb, 0xf7,
    0xbb, 0xf7, 0x9b, 0xff, 0xbb, 0xf7, 0xbb, 0xff, 0xbb, 0xf7, 0xbb, 0xff,
    0x9a, 0xf7, 0x9a, 0xf7, 0xbb, 0xff, 0xbb, 0xf7, 0xbc, 0xff, 0xbb, 0xf7,
    0x9a, 0xf7, 0x9b, 0xf7, 0xbb, 0xf7, 0xbb, 0xf7, 0xbb, 0xf7, 0xbb, 0xf7,
    0x9b, 0xf7, 0xbb, 0xf7, 0x9b, 0xf7, 0x9b, 0xf7, 0xbb, 0xff, 0xbb, 0xff,
    0xbc, 0xf7, 0xbb, 0xf7, 0xdc, 0xff, 0xdc, 0xff, 0xbc, 0xff, 0xbc, 0xf7,
    0xbc, 0xff, 0xbb, 0xf7, 0xbc, 0xf7, 0x7a, 0xef, 0xbb, 0xf7, 0x9b, 0xf7,
    0x38, 0xef, 0x58, 0xef, 0x58, 0xe7, 0x58, 0xe7, 0x58, 0xef, 0x58, 0xef,
    0x58, 0xe7, 0x59, 0xe7, 0x58, 0xe7, 0x58, 0xef, 0x58, 0xef, 0x58, 0xe7,
    0x79, 0xef, 0xdd, 0xff, 0x79, 0xef, 0x9b, 0xf7, 0xbc, 0xf7, 0xbc, 0xff,
    0xbc, 0xff, 0xbc, 0xf7, 0x9b, 0xf7, 0xbb, 0xf7, 0xbb, 0xf7, 0x9b, 0xf7,
    0xbb, 0xf7, 0xbb, 0xf7, 0xbb, 0xf7, 0xbb, 0xf7, 0xbb, 0xf7, 0xbb, 0xff,
    0xbb, 0xf7, 0xbb, 0xff, 0xbb, 0xf7, 0xbb, 0xff, 0xbc, 0xff, 0xbb, 0xf7,
    0xbb, 0xf7, 0xbb, 0xff, 0xbc, 0xff, 0xbb, 0xff, 0xdc, 0xff, 0xbc, 0xff,
    0xbc, 0xff, 0xdb, 0xf7, 0xbb, 0xff, 0xbb, 0xff, 0xbc, 0xf7, 0x9a, 0xf7,
    0x9a, 0xf7, 0xbb, 0xf7, 0xbb, 0xf7, 0xbb, 0xff, 0xbb, 0xf7, 0x9a, 0xf7,
    0xbb, 0xff, 0xba, 0xf7, 0x9a, 0xf7, 0xba, 0xf7, 0xbb, 0xf7, 0xba, 0xff,
    0xba, 0xf7, 0xba, 0xff, 0x9b, 0xf7, 0xba, 0xf7, 0xbb, 0xf7, 0x79, 0xef,
    0x99, 0xf7, 0xba, 0xf7, 0x9a, 0xf7, 0x9a, 0xf7, 0x9a, 0xf7, 0xba, 0xf7,
    0x9a, 0xf7, 0xba, 0xf7, 0x9a, 0xf7, 0x9a, 0xf7, 0x9a, 0xf7, 0x9a, 0xf7,
    0x99, 0xf7, 0x9a, 0xf7, 0x99, 0xf7, 0x9a, 0xf7, 0x9a, 0xf7, 0x9a, 0xf7,
    0x99, 0xf7, 0x99, 0xef, 0x99, 0xf7, 0x99, 0xf7, 0x99, 0xf7, 0x99, 0xf7,
    0x99, 0xf7, 0x79, 0xf7, 0x99, 0xf7, 0x99, 0xf7, 0x99, 0xef, 0x99, 0xf7,
    0x99, 0xf7, 0x99, 0xef, 0x99, 0xf7, 0x99, 0xf7, 0x99, 0xf7, 0x99, 0xf7,
    0x99, 0xf7, 0x79, 0xef, 0x79, 0xf7, 0x99, 0xef, 0x79, 0xf7, 0x99, 0xf7,
    0x79, 0xef, 0x99, 0xf7, 0x78, 0xf7, 0x99, 0xf7, 0x78, 0xf7, 0x98, 0xef,
    0x99, 0xf7, 0x79, 0xf7, 0x98, 0xf7, 0x98, 0xef, 0x78, 0xf7, 0x98, 0xf7,
    0x78, 0xef, 0x78, 0xf7, 0x99, 0xef, 0x98, 0xef, 0x78, 0xf7, 0x79, 0xf7,
    0x78, 0xf7, 0x78, 0xef, 0x78, 0xf7, 0x98, 0xf7, 0x98, 0xf7, 0x79, 0xef,
    0x78, 0xef, 0x78, 0xf7, 0x79, 0xf7, 0x98, 0xef, 0x78, 0xf7, 0x78, 0xf7,
    0x78, 0xf7, 0x99, 0xef, 0x78, 0xf7, 0x99, 0xf7, 0x79, 0xf7, 0x79, 0xef,
    0x98, 0xf7, 0x99, 0xf7, 0x79, 0xef, 0x98, 0xf7, 0x99, 0xf7, 0x79, 0xf7,
    0x98, 0xef, 0x79, 0xf7, 0x79, 0xf7, 0x99, 0xef, 0x99, 0xf7, 0x99, 0xf7,
    0x79, 0xef, 0x99, 0xf7, 0x79, 0xef, 0x99, 0xf7, 0x79, 0xef, 0x99, 0xf7,
    0x79, 0xef, 0x38, 0xe7, 0x58, 0xef, 0x58, 0xef, 0x57, 0xe7, 0x58, 0xef,
    0x58, 0xe7, 0x57, 0xef, 0x58, 0xef, 0x57, 0xe7, 0x57, 0xef, 0x58, 0xe7,
    0x57, 0xef, 0x58, 0xe7, 0x57, 0xef, 0x58, 0xef, 0x57, 0xe7, 0x57, 0xef,
    0x58, 0xef, 0x58, 0xef, 0x58, 0xef, 0x58, 0xef, 0x57, 0xef, 0x58, 0xef,
    0x58, 0xef, 0x58, 0xef, 0x58, 0xef, 0x58, 0xef, 0x58, 0xef, 0x59, 0xef,
    0x79, 0xef, 0x58, 0xef, 0x59, 0xef, 0x78, 0xef, 0x59, 0xef, 0x58, 0xef,
    0x59, 0xef, 0x78, 0xef, 0x58, 0xef, 0x79, 0xef, 0x58, 0xef, 0x59, 0xef,
    0x79, 0xef, 0x79, 0xef, 0x59, 0xef, 0x59, 0xef, 0x59, 0xef, 0x59, 0xef,
    0x9a, 0xf7, 0xbb, 0xf7, 0xbb, 0xf7, 0xbb, 0xff, 0x9a, 0xf7, 0x9a, 0xf7,
    0xbb, 0xf7, 0x9a, 0xf7, 0x79, 0xef, 0x7a, 0xef, 0x9a, 0xf7, 0x9a, 0xf7,
    0x79, 0xef, 0x9a, 0xf7, 0x9a, 0xf7, 0x9a, 0xf7, 0x9a, 0xf7, 0x9a, 0xf7,
    0x9a, 0xf7, 0x9a, 0xf7, 0x9a, 0xf7, 0x7a, 0xef, 0x79, 0xef, 0xbc, 0xff,
    0xdc, 0xff, 0xbb, 0xf7, 0x9b, 0xf7, 0x79, 0xef, 0x9c, 0xf7, 0xbb, 0xf7,
    0x58, 0xe7, 0x58, 0xef, 0x58, 0xef, 0x58, 0xe7, 0x58, 0xef, 0x58, 0xef,
    0x58, 0xe7, 0x58, 0xef, 0x58, 0xef, 0x58, 0xe7, 0x58, 0xef, 0x58, 0xef,
    0x79, 0xef, 0xdd, 0xff, 0x59, 0xef, 0x9a, 0xef, 0xbb, 0xf7, 0xbc, 0xf7,
    0xdc, 0xff, 0x9b, 0xf7, 0x9a, 0xf7, 0x9b, 0xf7, 0xbb, 0xf7, 0xbb, 0xf7,
    0x9b, 0xf7, 0x9a, 0xf7, 0x9a, 0xf7, 0x9a, 0xf7, 0x9a, 0xf7, 0x9a, 0xf7,
    0x9a, 0xf7, 0x9b, 0xf7, 0xbb, 0xf7, 0x9b, 0xf7, 0x9a, 0xf7, 0x9a, 0xf7,
    0x9a, 0xf7, 0x9a, 0xf7, 0x9a, 0xf7, 0x9a, 0xf7, 0x9a, 0xef, 0x9a, 0xf7,
    0x9a, 0xf7, 0x9a, 0xf7, 0x9a, 0xf7, 0x9a, 0xf7, 0x9a, 0xef, 0x9a, 0xf7,
    0xbb, 0xf7, 0xbb, 0xf7, 0xbb, 0xff, 0xbb, 0xf7, 0xba, 0xf7, 0xbb, 0xf7,
    0xba, 0xff, 0x9b, 0xf7, 0x9b, 0xf7, 0xbb, 0xf7, 0xba, 0xf7, 0xbb, 0xf7,
    0x9a, 0xf7, 0xbb, 0xf7, 0x9a, 0xff, 0xbb, 0xf7, 0x79, 0xf7, 0x99, 0xf7,
    0x9b, 0xf7, 0x9a, 0xf7, 0xba, 0xf7, 0x9a, 0xf7, 0x9a, 0xf7, 0x9a, 0xf7,
    0x9a, 0xf7, 0x9a, 0xf7, 0xb9, 0xf7, 0x99, 0xf7, 0x9a, 0xf7, 0x99, 0xf7,
    0x9a, 0xf7, 0x9a, 0xf7, 0x99, 0xf7, 0x99, 0xf7, 0x9a, 0xf7, 0x9a, 0xf7,
    0x99, 0xf7, 0x9a, 0xf7, 0x9a, 0xf7, 0x99, 0xef, 0x9a, 0xf7, 0x99, 0xf7,
    0x99, 0xf7, 0x99, 0xef, 0x99, 0xf7, 0x99, 0xf7, 0x99, 0xf7, 0x79, 0xef,
    0x99, 0xf7, 0x99, 0xf7, 0x79, 0xf7, 0x99, 0xef, 0x79, 0xf7, 0x99, 0xf7,
    0x99, 0xf7, 0x99, 0xf7, 0x78, 0xef, 0x99, 0xef, 0x99, 0xf7, 0x99, 0xf7,
    0x78, 0xef, 0x99, 0xf7, 0x99, 0xf7, 0x99, 0xf7, 0x79, 0xf7, 0x99, 0xf7,
    0x78, 0xef, 0x79, 0xf7, 0x99, 0xef, 0x78, 0xef, 0x79, 0xf7, 0x99, 0xef,
    0x98, 0xf7, 0x78, 0xef, 0x78, 0xf7, 0x99, 0xf7, 0x78, 0xef, 0x78, 0xef,
    0x78, 0xef, 0x78, 0xf7, 0x79, 0xf7, 0x78, 0xef, 0x98, 0xf7, 0x79, 0xf7,
    0x98, 0xf7, 0x79, 0xef, 0x78, 0xf7, 0x98, 0xf7, 0x99, 0xef, 0x98, 0xf7,
    0x78, 0xf7, 0x79, 0xef, 0x98, 0xf7, 0x99, 0xf7, 0x79, 0xef, 0x99, 0xf7,
    0x79, 0xef, 0x78, 0xf7, 0x99, 0xf7, 0x78, 0xef, 0x79, 0xf7, 0x98, 0xf7,
    0x99, 0xef, 0x78, 0xf7, 0x99, 0xf7, 0x79, 0xef, 0x99, 0xf7, 0x99, 0xf7,
    0x99, 0xf7, 0x99, 0xf7, 0x99, 0xf7, 0x99, 0xf7, 0x99, 0xf7, 0x99, 0xef,
    0x99, 0xf7, 0x79, 0xef, 0x79, 0xef, 0x79, 0xf7, 0x99, 0xf7, 0x99, 0xf7,
    0x99, 0xef, 0x99, 0xf7, 0x99, 0xf7, 0x99, 0xf7, 0x99, 0xf7, 0x9a, 0xf7,
    0x99, 0xf7, 0x99, 0xf7, 0x9a, 0xf7, 0x99, 0xf7, 0x9a, 0xf7, 0x9a, 0xf7,
    0x99, 0xf7, 0x9a, 0xf7, 0x9a, 0xf7, 0x9a, 0xf7, 0x9a, 0xf7, 0x9a, 0xf7,
    0x9a, 0xf7, 0x9a, 0xf7, 0x9a, 0xf7, 0x9a, 0xf7, 0x9a, 0xf7, 0x9a, 0xf7,
    0xba, 0xf7, 0xba, 0xf7, 0x9a, 0xf7, 0x9a, 0xf7, 0x9b, 0xf7, 0x9a, 0xf7,
    0xba, 0xf7, 0xbb, 0xf7, 0xbb, 0xf7, 0x9b, 0xf7, 0xbb, 0xff, 0x9b, 0xf7,
    0xbb, 0xf7, 0xbb, 0xf7, 0xbb, 0xff, 0x9b, 0xf7, 0xbb, 0xf7, 0xbb, 0xf7,
    0xbb, 0xff, 0xbb, 0xf7, 0xbc, 0xff, 0xbb, 0xf7, 0x9a, 0xf7, 0xbb, 0xf7,
    0xbc, 0xff, 0xbb, 0xf7, 0xbb, 0xf7, 0xbc, 0xff, 0xdc, 0xff, 0xbc, 0xff,
    0xbc, 0xff, 0xdc, 0xff, 0xdc, 0xff, 0xbc, 0xff, 0xdc, 0xff, 0xdc, 0xf7,
    0xbc, 0xff, 0xbc, 0xff, 0xbc, 0xf7, 0xbc, 0xf7, 0xbc, 0xf7, 0xbc, 0xff,
    0xdc, 0xff, 0xdc, 0xff, 0xdc, 0xff, 0x59, 0xef, 0xbc, 0xf7, 0xbc, 0xf7,
    0x58, 0xe7, 0x38, 0xef, 0x58, 0xe7, 0x58, 0xe7, 0x59, 0xef, 0x58, 0xe7,
    0x58, 0xe7, 0x58, 0xef, 0x59, 0xef, 0x58, 0xe7, 0x59, 0xef, 0x58, 0xe7,
    0x79, 0xef, 0xdd, 0xff, 0x79, 0xef, 0xbb, 0xf7, 0xbb, 0xf7, 0xbc, 0xff,
    0xdc, 0xff, 0xbc, 0xf7, 0xbc, 0xf7, 0xbc, 0xff, 0xbc, 0xf7, 0xbb, 0xf7,
    0xbc, 0xf7, 0xbb, 0xf7, 0xbb, 0xf7, 0x9b, 0xf7, 0x9b, 0xf7, 0x9b, 0xf7,
    0xbb, 0xf7, 0xbb, 0xf7, 0x9b, 0xf7, 0xbb, 0xf7, 0x9a, 0xf7, 0xbb, 0xf7,
    0xbb, 0xf7, 0xbb, 0xf7, 0xbb, 0xf7, 0x9b, 0xf7, 0xbb, 0xf7, 0xbb, 0xf7,
    0xbb, 0xf7, 0xbb, 0xf7, 0xbb, 0xf7, 0xbb, 0xf7, 0xba, 0xf7, 0xbb, 0xff,
    0xbb, 0xf7, 0xbb, 0xf7, 0xbb, 0xff, 0xbb, 0xf7, 0xba, 0xff, 0xbb, 0xff,
    0xba, 0xf7, 0xba, 0xf7, 0xbb, 0xff, 0xba, 0xff, 0x9a, 0xf7, 0x9b, 0xf7,
    0xba, 0xf7, 0xba, 0xf7, 0xbb, 0xff, 0x79, 0xf7, 0x99, 0xf7, 0x9a, 0xf7,
    0x9a, 0xf7, 0x9a, 0xf7, 0x9a, 0xf7, 0xba, 0xf7, 0x9a, 0xf7, 0x9a, 0xf7,
    0xba, 0xf7, 0x9a, 0xf7, 0x9a, 0xf7, 0x9a, 0xf7, 0xba, 0xf7, 0x9a, 0xf7,
    0xba, 0xf7, 0x9a, 0xf7, 0x99, 0xf7, 0x9a, 0xf7, 0x9a, 0xf7, 0x99, 0xf7,
    0x99, 0xf7, 0x9a, 0xf7, 0x99, 0xf7, 0x99, 0xf7, 0x9a, 0xf7, 0x99, 0xf7,
    0x79, 0xf7, 0x99, 0xef, 0x99, 0xf7, 0x7a, 0xf7, 0x99, 0xf7, 0x99, 0xf7,
    0x79, 0xf7, 0x99, 0xf7, 0x99, 0xef, 0x99, 0xf7, 0x99, 0xf7, 0x79, 0xef,
    0x99, 0xf7, 0x99, 0xf7, 0x99, 0xef, 0x78, 0xf7, 0x79, 0xef, 0x78, 0xef,
    0x99, 0xf7, 0x78, 0xef, 0x78, 0xef, 0x99, 0xf7, 0x78, 0xef, 0x78, 0xef,
    0x99, 0xf7, 0x78, 0xef, 0x79, 0xf7, 0x99, 0xf7, 0x78, 0xef, 0x78, 0xf7,
    0x99, 0xf7, 0x79, 0xf7, 0x78, 0xf7, 0x78, 0xef, 0x78, 0xef, 0x78, 0xf7,
    0x98, 0xf7, 0x98, 0xef, 0x99, 0xf7, 0x78, 0xef, 0x99, 0xf7, 0x98, 0xf7,
    0x99, 0xef, 0x99, 0xf7, 0x78, 0xf7, 0x99, 0xef, 0x78, 0xef, 0x99, 0xf7,
    0x98, 0xef, 0x78, 0xef, 0x79, 0xf7, 0x79, 0xef, 0x98, 0xf7, 0x99, 0xf7,
    0x79, 0xef, 0x98, 0xf7, 0x99, 0xef, 0x79, 0xef, 0x78, 0xf7, 0x99, 0xf7,
    0x99, 0xef, 0x79, 0xf7, 0x98, 0xf7, 0x99, 0xef, 0x99, 0xf7, 0x79, 0xf7,
    0x99, 0xef, 0x99, 0xf7, 0x79, 0xf7, 0x99, 0xef, 0x99, 0xf7, 0x79, 0xf7,
    0x99, 0xf7, 0x79, 0xf7, 0x99, 0xf7, 0x99, 0xf7, 0x99, 0xf7, 0x79, 0xf7,
    0x99, 0xf7, 0x9a, 0xf7, 0x99, 0xf7, 0x9a, 0xf7, 0x9a, 0xf7, 0x9a, 0xf7,
    0x9a, 0xf7, 0x99, 0xef, 0x9a, 0xf7, 0x9a, 0xf7, 0x9a, 0xf7, 0x9a, 0xf7,
    0x9a, 0xf7, 0x9a, 0xf7, 0xba, 0xf7, 0x9a, 0xf7, 0x9a, 0xf7, 0xba, 0xf7,
    0x9a, 0xf7, 0x9a, 0xf7, 0x9a, 0xf7, 0x9a, 0xf7, 0x9a, 0xf7, 0xbb, 0xf7,
    0xba, 0xf7, 0x9b, 0xf7, 0xbb, 0xf7, 0xbb, 0xff, 0xbb, 0xf7, 0xbb, 0xf7,
    0x9b, 0xff, 0x9a, 0xf7, 0x9b, 0xf7, 0xbb, 0xff, 0xbb, 0xf7, 0xbb, 0xf7,
    0x9a, 0xff, 0xbb, 0xff, 0xbb, 0xf7, 0xbb, 0xf7, 0xbb, 0xff, 0xbb, 0xf7,
    0xbb, 0xf7, 0xbb, 0xff, 0xbb, 0xf7, 0x9a, 0xf7, 0xbb, 0xf7, 0xbc, 0xf7,
    0xba, 0xf7, 0x9a, 0xf7, 0xbb, 0xf7, 0x9a, 0xf7, 0x9a, 0xf7, 0x9a, 0xef,
    0x7a, 0xef, 0x9a, 0xf7, 0x9a, 0xf7, 0x9a, 0xef, 0x9a, 0xf7, 0x9a, 0xf7,
    0x9a, 0xef, 0x9a, 0xf7, 0x9a, 0xef, 0x9a, 0xf7, 0x9a, 0xf7, 0xdc, 0xff,
    0xdd, 0xff, 0xbc, 0xf7, 0x9a, 0xf7, 0x59, 0xef, 0xbc, 0xff, 0x9b, 0xf7,
    0x37, 0xe7, 0x38, 0xe7, 0x58, 0xe7, 0x58, 0xef, 0x58, 0xef, 0x58, 0xe7,
    0x58, 0xef, 0x58, 0xe7, 0x58, 0xe7, 0x58, 0xef, 0x58, 0xe7, 0x58, 0xe7,
    0x59, 0xef, 0xdd, 0xff, 0x79, 0xef, 0x7a, 0xef, 0x79, 0xf7, 0xbb, 0xf7,
    0xbc, 0xff, 0xbc, 0xf7, 0x9a, 0xf7, 0x9a, 0xf7, 0x9a, 0xf7, 0x9b, 0xf7,
    0x9b, 0xf7, 0x7a, 0xf7, 0x7a, 0xef, 0x9a, 0xf7, 0x9a, 0xf7, 0x9b, 0xf7,
    0x9a, 0xf7, 0xbb, 0xf7, 0xbb, 0xf7, 0xbb, 0xf7, 0xbb, 0xf7, 0x9a, 0xf7,
    0x9b, 0xf7, 0xbc, 0xff, 0xbb, 0xf7, 0xbb, 0xf7, 0xbc, 0xff, 0xbb, 0xf7,
    0xbb, 0xf7, 0xbb, 0xf7, 0xbb, 0xf7, 0xbb, 0xff, 0xbb, 0xf7, 0xbb, 0xf7,
    0xbb, 0xff, 0xbb, 0xf7, 0xbb, 0xf7, 0xba, 0xf7, 0xbb, 0xf7, 0x9b, 0xf7,
    0xba, 0xf7, 0xbb, 0xf7, 0x9a, 0xf7, 0xbb, 0xf7, 0xba, 0xff, 0xba, 0xf7,
    0xbb, 0xff, 0xbb, 0xf7, 0x79, 0xef, 0x99, 0xf7, 0xba, 0xf7, 0xba, 0xf7,
    0x9a, 0xf7, 0x9a, 0xf7, 0x9a, 0xf7, 0xba, 0xf7, 0x9a, 0xf7, 0x9a, 0xf7,
    0xb9, 0xf7, 0x9a, 0xf7, 0x9a, 0xf7, 0x99, 0xf7, 0x9a, 0xf7, 0xba, 0xf7,
    0x99, 0xf7, 0xba, 0xf7, 0x9a, 0xf7, 0x99, 0xf7, 0xba, 0xf7, 0x99, 0xf7,
    0x99, 0xf7, 0x99, 0xef, 0x99, 0xf7, 0x9a, 0xf7, 0x99, 0xf7, 0x9a, 0xf7,
    0x9a, 0xf7, 0x99, 0xf7, 0x99, 0xf7, 0x9a, 0xf7, 0x99, 0xf7, 0x99, 0xef,
    0x9a, 0xf7, 0x99, 0xf7, 0x79, 0xf7, 0x99, 0xf7, 0x99, 0xf7, 0x99, 0xf7,
    0x99, 0xef, 0x99, 0xf7, 0x99, 0xf7, 0x99, 0xf7, 0x57, 0xef, 0x57, 0xef,
    0x99, 0xf7, 0x57, 0xef, 0x58, 0xe7, 0x99, 0xf7, 0x57, 0xef, 0x57, 0xe7,
    0x79, 0xf7, 0x57, 0xe7, 0x57, 0xef, 0x79, 0xf7, 0x15, 0xdf, 0x58, 0xef,
    0x99, 0xf7, 0x98, 0xef, 0x78, 0xef, 0x79, 0xf7, 0x78, 0xf7, 0x78, 0xef,
    0x78, 0xef, 0x78, 0xf7, 0x98, 0xf7, 0x78, 0xef, 0x78, 0xf7, 0x99, 0xf7,
    0x78, 0xef, 0x79, 0xf7, 0x98, 0xf7, 0x79, 0xef, 0x79, 0xf7, 0x78, 0xf7,
    0x78, 0xf7, 0x79, 0xef, 0x99, 0xf7, 0x79, 0xf7, 0x79, 0xf7, 0x98, 0xef,
    0x79, 0xf7, 0x79, 0xf7, 0x99, 0xf7, 0x99, 0xf7, 0x99, 0xef, 0x99, 0xf7,
    0x99, 0xf7, 0x99, 0xf7, 0x99, 0xf7, 0x99, 0xf7, 0x99, 0xf7, 0x99, 0xf7,
    0x79, 0xef, 0x79, 0xef, 0x79, 0xf7, 0x79, 0xef, 0x79, 0xef, 0x79, 0xef,
    0x99, 0xef, 0x79, 0xef, 0x79, 0xef, 0x79, 0xef, 0x79, 0xef, 0x99, 0xef,
    0x79, 0xf7, 0x79, 0xef, 0x79, 0xef, 0x99, 0xef, 0x99, 0xef, 0x99, 0xef,
    0x99, 0xf7, 0x79, 0xef, 0x99, 0xf7, 0x99, 0xf7, 0x99, 0xef, 0x99, 0xf7,
    0x99, 0xef, 0x99, 0xf7, 0x9a, 0xf7, 0x99, 0xf7, 0x99, 0xf7, 0x9a, 0xf7,
    0x99, 0xf7, 0x9a, 0xf7, 0x9a, 0xf7, 0xba, 0xf7, 0x9a, 0xf7, 0x9a, 0xf7,
    0x9a, 0xf7, 0x9a, 0xf7, 0x9a, 0xf7, 0x9a, 0xf7, 0x9a, 0xf7, 0xba, 0xf7,
    0x9a, 0xf7, 0x9a, 0xf7, 0xba, 0xf7, 0x9a, 0xf7, 0xba, 0xf7, 0x9b, 0xf7,
    0x9a, 0xf7, 0x9a, 0xf7, 0x9a, 0xf7, 0x9a, 0xf7, 0xbb, 0xf7, 0xbb, 0xff,
    0xbb, 0xf7, 0x9b, 0xf7, 0x9a, 0xf7, 0xbb, 0xf7, 0xbb, 0xf7, 0xbb, 0xf7,
    0x79, 0xef, 0x9b, 0xf7, 0x9a, 0xf7, 0x9a, 0xf7, 0xbb, 0xf7, 0xbb, 0xf7,
    0xbb, 0xf7, 0xbb, 0xf7, 0xbb, 0xf7, 0xbb, 0xf7, 0xbb, 0xff, 0xbb, 0xf7,
    0xbb, 0xf7, 0xbb, 0xf7, 0xbc, 0xff, 0xbc, 0xf7, 0xdc, 0xff, 0xdd, 0xff,
    0xdd, 0xff, 0xbc, 0xf7, 0xbc, 0xff, 0x79, 0xef, 0x9b, 0xf7, 0xbb, 0xff,
    0x79, 0xef, 0x9a, 0xf7, 0x7a, 0xf7, 0x7a, 0xef, 0x7a, 0xef, 0x9a, 0xf7,
    0x9a, 0xf7, 0x9a, 0xef, 0x7a, 0xef, 0x7a, 0xf7, 0x9a, 0xf7, 0x9a, 0xf7,
    0xbb, 0xf7, 0xdc, 0xff, 0x58, 0xe7, 0x9b, 0xf7, 0xbc, 0xff, 0xbc, 0xff,
    0xdc, 0xff, 0xdc, 0xff, 0xbb, 0xf7, 0xbc, 0xf7, 0xdc, 0xff, 0xdc, 0xff,
    0xbc, 0xff, 0xbb, 0xf7, 0xbb, 0xf7, 0xbb, 0xf7, 0xbb, 0xf7, 0xbb, 0xf7,
    0x9b, 0xf7, 0x9a, 0xf7, 0xbb, 0xf7, 0xbc, 0xff, 0xbc, 0xff, 0xbc, 0xf7,
    0x79, 0xef, 0x9b, 0xf7, 0xdc, 0xff, 0xbb, 0xff, 0xbc, 0xff, 0xbb, 0xff,
    0xbb, 0xff, 0xbb, 0xff, 0xbc, 0xff, 0xbb, 0xf7, 0xbb, 0xff, 0xbb, 0xf7,
    0xbb, 0xff, 0xbb, 0xff, 0xbb, 0xff, 0xbb, 0xff, 0xbb, 0xff, 0xbb, 0xf7,
    0xbb, 0xff, 0xbb, 0xff, 0x9b, 0xf7, 0xba, 0xf7, 0xbb, 0xff, 0xbb, 0xff,
    0xbb, 0xf7, 0x79, 0xf7, 0x99, 0xef, 0xba, 0xf7, 0x9b, 0xf7, 0x9a, 0xf7,
    0x9a, 0xf7, 0xba, 0xf7, 0xba, 0xf7, 0xba, 0xf7, 0x9a, 0xf7, 0x9a, 0xf7,
    0x99, 0xf7, 0x9a, 0xf7, 0xba, 0xf7, 0x99, 0xf7, 0x9a, 0xf7, 0x9a, 0xf7,
    0x99, 0xf7, 0x9a, 0xf7, 0xba, 0xf7, 0x99, 0xf7, 0x9a, 0xf7, 0x9a, 0xf7,
    0x9a, 0xf7, 0x99, 0xf7, 0x9a, 0xef, 0x99, 0xf7, 0x99, 0xf7, 0x99, 0xef,
    0x99, 0xf7, 0x9a, 0xf7, 0x79, 0xf7, 0x99, 0xf7, 0x99, 0xf7, 0x99, 0xef,
    0x99, 0xf7, 0x99, 0xf7, 0x99, 0xef, 0x79, 0xf7, 0x99, 0xf7, 0x99, 0xf7,
    0x99, 0xf7, 0x99, 0xf7, 0x99, 0xf7, 0x99, 0xf7, 0x79, 0xef, 0x78, 0xef,
    0x99, 0xf7, 0x78, 0xef, 0x79, 0xef, 0x99, 0xf7, 0x78, 0xef, 0x78, 0xef,
    0x79, 0xf7, 0x78, 0xef, 0x78, 0xef, 0x79, 0xf7, 0x58, 0xef, 0x78, 0xef,
    0x99, 0xf7, 0x98, 0xf7, 0x78, 0xef, 0x98, 0xf7, 0x78, 0xef, 0x78, 0xf7,
    0x78, 0xef, 0x78, 0xf7, 0x98, 0xef, 0x78, 0xf7, 0x99, 0xf7, 0x78, 0xef,
    0x58, 0xef, 0x78, 0xf7, 0x78, 0xef, 0x78, 0xef, 0x78, 0xf7, 0x58, 0xef,
    0x78, 0xef, 0x99, 0xf7, 0x57, 0xe7, 0x77, 0xef, 0x99, 0xf7, 0x37, 0xe7,
    0x78, 0xef, 0x78, 0xef, 0x78, 0xef, 0x78, 0xef, 0x78, 0xef, 0x78, 0xef,
    0x58, 0xef, 0x58, 0xef, 0x78, 0xef, 0x78, 0xef, 0x58, 0xef, 0x58, 0xef,
    0x78, 0xef, 0x78, 0xef, 0x78, 0xef, 0x78, 0xef, 0x78, 0xef, 0x78, 0xef,
    0x78, 0xef, 0x78, 0xef, 0x78, 0xef, 0x79, 0xef, 0x78, 0xef, 0x79, 0xef,
    0x79, 0xef, 0x78, 0xef, 0x58, 0xef, 0x78, 0xef, 0x78, 0xef, 0x58, 0xef,
    0x79, 0xef, 0x79, 0xef, 0x79, 0xef, 0x79, 0xef, 0x79, 0xef, 0x79, 0xef,
    0x79, 0xef, 0x79, 0xef, 0x79, 0xef, 0x79, 0xef, 0x79, 0xef, 0x79, 0xef,
    0x79, 0xef, 0x79, 0xef, 0x99, 0xef, 0x79, 0xf7, 0x79, 0xf7, 0x99, 0xf7,
    0x9a, 0xf7, 0x99, 0xf7, 0x99, 0xf7, 0x9a, 0xf7, 0x7a, 0xf7, 0x9a, 0xf7,
    0x9a, 0xf7, 0x9a, 0xf7, 0x9a, 0xf7, 0x9a, 0xf7, 0x9a, 0xf7, 0x9a, 0xf7,
    0x9a, 0xf7, 0x9a, 0xf7, 0x9b, 0xf7, 0xbb, 0xf7, 0x9a, 0xf7, 0x9b, 0xf7,
    0x9a, 0xf7, 0x9b, 0xf7, 0xbb, 0xf7, 0xbb, 0xff, 0x9b, 0xf7, 0x79, 0xef,
    0xbb, 0xf7, 0xbb, 0xf7, 0xbb, 0xf7, 0xbc, 0xff, 0xbb, 0xf7, 0x9a, 0xf7,
    0x9b, 0xf7, 0x9a, 0xf7, 0x9a, 0xf7, 0x9b, 0xf7, 0x9a, 0xf7, 0x9a, 0xf7,
    0x9b, 0xf7, 0x9b, 0xf7, 0x9b, 0xf7, 0xbb, 0xf7, 0x9b, 0xf7, 0xdd, 0xff,
    0xdc, 0xff, 0xdc, 0xff, 0xdd, 0xff, 0x7a, 0xef, 0x38, 0xe7, 0xbb, 0xf7,
    0xbc, 0xff, 0xdc, 0xff, 0xdc, 0xff, 0xbc, 0xf7, 0xbc, 0xf7, 0xbc, 0xff,
    0xbc, 0xf7, 0xbc, 0xff, 0xbc, 0xff, 0xbc, 0xf7, 0xbc, 0xf7, 0xdc, 0xff,
    0xdd, 0xff, 0x9b, 0xf7, 0x58, 0xe7, 0xbc, 0xf7, 0xdc, 0xff, 0xdc, 0xff,
    0xbc, 0xf7, 0xbb, 0xf7, 0x9a, 0xf7, 0x9b, 0xf7, 0x9b, 0xf7, 0x9a, 0xf7,
    0x9a, 0xf7, 0x9b, 0xf7, 0x9b, 0xf7, 0x9b, 0xf7, 0xbc, 0xff, 0xbc, 0xff,
    0xbc, 0xff, 0xbc, 0xff, 0xbb, 0xf7, 0xbc, 0xff, 0xbc, 0xff, 0xbc, 0xf7,
    0xbb, 0xf7, 0x79, 0xef, 0x9a, 0xf7, 0x9a, 0xf7, 0x9a, 0xf7, 0x9a, 0xf7,
    0x9a, 0xf7, 0x9a, 0xf7, 0x9a, 0xef, 0x9a, 0xf7, 0x9a, 0xf7, 0x9a, 0xf7,
    0x9a, 0xef, 0x99, 0xf7, 0x99, 0xf7, 0x79, 0xf7, 0x79, 0xf7, 0x79, 0xef,
    0x79, 0xf7, 0x79, 0xf7, 0x99, 0xf7, 0x99, 0xf7, 0x99, 0xf7, 0x79, 0xef,
    0x79, 0xef, 0x99, 0xf7, 0xba, 0xf7, 0x9a, 0xf7, 0x9a, 0xf7, 0x9a, 0xf7,
    0x9a, 0xf7, 0x9a, 0xf7, 0xba, 0xf7, 0x9a, 0xf7, 0x9a, 0xf7, 0x9a, 0xf7,
    0x9a, 0xf7, 0xba, 0xf7, 0x9a, 0xf7, 0x9a, 0xf7, 0xba, 0xf7, 0x9a, 0xf7,
    0x9a, 0xf7, 0xb9, 0xf7, 0x9a, 0xf7, 0x9a, 0xf7, 0x99, 0xf7, 0x99, 0xf7,
    0x99, 0xf7, 0x9a, 0xf7, 0x99, 0xf7, 0x9a, 0xf7, 0x99, 0xf7, 0x99, 0xef,
    0x99, 0xf7, 0x9a, 0xf7, 0x99, 0xef, 0x99, 0xf7, 0x99, 0xf7, 0x99, 0xf7,
    0x99, 0xf7, 0x99, 0xf7, 0x99, 0xf7, 0x99, 0xef, 0x99, 0xf7, 0x99, 0xf7,
    0x99, 0xf7, 0x79, 0xef, 0x99, 0xf7, 0x99, 0xf7, 0x99, 0xf7, 0x99, 0xf7,
    0x99, 0xf7, 0x99, 0xf7, 0x99, 0xf7, 0x78, 0xf7, 0x79, 0xf7, 0x99, 0xef,
    0x78, 0xef, 0x79, 0xf7, 0x99, 0xf7, 0x98, 0xef, 0x79, 0xf7, 0x99, 0xef,
    0x78, 0xf7, 0x79, 0xf7, 0x98, 0xf7, 0x99, 0xef, 0x78, 0xf7, 0x78, 0xef,
    0x78, 0xf7, 0x78, 0xef, 0x78, 0xef, 0x98, 0xf7, 0x99, 0xf7, 0x78, 0xef,
    0x78, 0xef, 0x99, 0xef, 0x78, 0xef, 0x78, 0xef, 0x99, 0xef, 0x77, 0xef,
    0x58, 0xef, 0x79, 0xf7, 0x57, 0xe7, 0x78, 0xef, 0x78, 0xf7, 0x57, 0xe7,
    0x78, 0xef, 0x57, 0xef, 0x37, 0xe7, 0x78, 0xef, 0x78, 0xef, 0x78, 0xef,
    0x78, 0xef, 0x58, 0xef, 0x78, 0xef, 0x78, 0xef, 0x78, 0xef, 0x57, 0xe7,
    0x78, 0xef, 0x99, 0xf7, 0x79, 0xf7, 0x79, 0xf7, 0x99, 0xf7, 0x99, 0xf7,
    0x99, 0xf7, 0x99, 0xf7, 0x99, 0xf7, 0x99, 0xf7, 0x9a, 0xf7, 0x99, 0xf7,
    0x99, 0xf7, 0x9a, 0xf7, 0x9a, 0xf7, 0x9a, 0xf7, 0x9a, 0xf7, 0x9a, 0xf7,
    0x99, 0xf7, 0x9a, 0xf7, 0x9a, 0xf7, 0x9a, 0xf7, 0x9a, 0xf7, 0x9a, 0xf7,
    0x9a, 0xf7, 0x9a, 0xf7, 0x9a, 0xf7, 0x9a, 0xf7, 0xba, 0xf7, 0xba, 0xf7,
    0x9a, 0xf7, 0xba, 0xf7, 0xba, 0xf7, 0x9a, 0xf7, 0xbb, 0xf7, 0x9a, 0xf7,
    0x9b, 0xf7, 0x9a, 0xf7, 0xbb, 0xf7, 0x9b, 0xf7, 0xba, 0xf7, 0xbb, 0xf7,
    0xbb, 0xf7, 0xbb, 0xf7, 0xbb, 0xff, 0xbb, 0xf7, 0xbb, 0xf7, 0xbb, 0xf7,
    0xbb, 0xff, 0xbb, 0xf7, 0xbb, 0xff, 0xbb, 0xff, 0xbb, 0xf7, 0xbb, 0xf7,
    0xbb, 0xff, 0xbb, 0xf7, 0xbb, 0xff, 0xbb, 0xf7, 0x7a, 0xef, 0x9b, 0xf7,
    0xbb, 0xff, 0xbb, 0xf7, 0xdc, 0xff, 0xbb, 0xf7, 0x7a, 0xef, 0xbb, 0xf7,
    0xbb, 0xf7, 0xbb, 0xf7, 0xbb, 0xf7, 0xbb, 0xf7, 0xbb, 0xf7, 0xbb, 0xf7,
    0xbb, 0xf7, 0xbb, 0xf7, 0xbb, 0xf7, 0xbb, 0xf7, 0xbc, 0xf7, 0xdc, 0xff,
    0xdc, 0xff, 0xdc, 0xff, 0xdc, 0xff, 0xdc, 0xff, 0x79, 0xef, 0x58, 0xe7,
    0x79, 0xef, 0x7a, 0xef, 0x79, 0xef, 0x79, 0xef, 0x59, 0xef, 0x58, 0xef,
    0x58, 0xef, 0x79, 0xef, 0x79, 0xef, 0x79, 0xef, 0x79, 0xef, 0x58, 0xef,
    0x59, 0xef, 0x79, 0xef, 0xbb, 0xf7, 0xbc, 0xff, 0xbc, 0xff, 0xdc, 0xff,
    0xbc, 0xff, 0xbc, 0xf7, 0xbb, 0xf7, 0xbb, 0xf7, 0xbb, 0xf7, 0xbb, 0xf7,
    0xbb, 0xf7, 0x9b, 0xf7, 0xbc, 0xf7, 0x9b, 0xf7, 0x7a, 0xf7, 0xdc, 0xf7,
    0xbb, 0xf7, 0xbc, 0xff, 0xbc, 0xff, 0xbb, 0xf7, 0xdb, 0xf7, 0xbc, 0xff,
    0xbc, 0xff, 0xbb, 0xf7, 0xba, 0xf7, 0xbb, 0xf7, 0x9a, 0xf7, 0xba, 0xf7,
    0xbb, 0xf7, 0x9a, 0xf7, 0x9a, 0xf7, 0xba, 0xf7, 0x9a, 0xf7, 0x9a, 0xf7,
    0x9a, 0xf7, 0x9a, 0xf7, 0x9a, 0xf7, 0x9a, 0xf7, 0x9a, 0xf7, 0x9a, 0xf7,
    0x9a, 0xef, 0x9a, 0xf7, 0x9a, 0xf7, 0x9a, 0xf7, 0x9a, 0xf7, 0x9a, 0xf7,
    0x9a, 0xf7, 0xba, 0xf7, 0x9a, 0xf7, 0xba, 0xf7, 0xba, 0xf7, 0xba, 0xf7,
    0x9a, 0xf7, 0x9a, 0xf7, 0x9a, 0xf7, 0x9a, 0xf7, 0xba, 0xf7, 0x9a, 0xf7,
    0x99, 0xf7, 0x9a, 0xf7, 0x9a, 0xf7, 0x99, 0xf7, 0xba, 0xf7, 0x9a, 0xf7,
    0x9a, 0xf7, 0x99, 0xf7, 0x9a, 0xf7, 0x9a, 0xf7, 0x9a, 0xf7, 0x99, 0xf7,
    0x9a, 0xf7, 0x99, 0xf7, 0x99, 0xf7, 0x9a, 0xf7, 0x9a, 0xf7, 0x99, 0xf7,
    0x9a, 0xf7, 0x99, 0xf7, 0x99, 0xf7, 0x9a, 0xf7, 0x79, 0xf7, 0x99, 0xf7,
    0x99, 0xf7, 0x79, 0xf7, 0x99, 0xf7, 0x99, 0xf7, 0x99, 0xef, 0x99, 0xf7,
    0x99, 0xf7, 0x99, 0xef, 0x79, 0xf7, 0x99, 0xf7, 0x99, 0xef, 0x99, 0xf7,
    0x99, 0xf7, 0x99, 0xef, 0x78, 0xf7, 0x99, 0xef, 0x99, 0xf7, 0x78, 0xf7,
    0x98, 0xf7, 0x99, 0xef, 0x78, 0xf7, 0x78, 0xf7, 0x98, 0xef, 0x98, 0xf7,
    0x79, 0xef, 0x78, 0xef, 0x98, 0xf7, 0x79, 0xef, 0x99, 0xf7, 0x78, 0xf7,
    0x78, 0xef, 0x78, 0xf7, 0x78, 0xef, 0x78, 0xef, 0x78, 0xef, 0x78, 0xf7,
    0x98, 0xf7, 0x79, 0xf7, 0x79, 0xf7, 0x78, 0xef, 0x99, 0xf7, 0x79, 0xf7,
    0x98, 0xf7, 0x79, 0xef, 0x99, 0xf7, 0x78, 0xf7, 0x78, 0xef, 0x79, 0xf7,
    0x79, 0xef, 0x78, 0xef, 0x78, 0xef, 0x99, 0xf7, 0x99, 0xf7, 0x99, 0xf7,
    0x99, 0xf7, 0x99, 0xf7, 0x99, 0xf7, 0x99, 0xf7, 0x99, 0xf7, 0x99, 0xf7,
    0x99, 0xf7, 0x79, 0xf7, 0x99, 0xf7, 0x99, 0xf7, 0x99, 0xf7, 0x99, 0xf7,
    0x79, 0xf7, 0x99, 0xf7, 0x9a, 0xf7, 0x99, 0xf7, 0x99, 0xf7, 0x99, 0xf7,
    0x99, 0xf7, 0x99, 0xf7, 0x99, 0xf7, 0x9a, 0xf7, 0x99, 0xf7, 0x99, 0xf7,
    0x99, 0xf7, 0x9a, 0xf7, 0x99, 0xf7, 0x99, 0xf7, 0x9a, 0xf7, 0x9a, 0xf7,
    0xba, 0xf7, 0x9a, 0xf7, 0x9a, 0xf7, 0x9a, 0xf7, 0x9a, 0xf7, 0x9a, 0xf7,
    0xba, 0xf7, 0xba, 0xf7, 0x9a, 0xf7, 0x9a, 0xf7, 0xba, 0xf7, 0xbb, 0xf7,
    0x9a, 0xf7, 0xba, 0xf7, 0x9b, 0xf7, 0xba, 0xf7, 0xbb, 0xf7, 0xba, 0xf7,
    0xbb, 0xf7, 0xbb, 0xff, 0xbb, 0xf7, 0xbb, 0xff, 0xbb, 0xf7, 0xbb, 0xff,
    0xbb, 0xf7, 0xbb, 0xf7, 0xbb, 0xff, 0xbb, 0xff, 0xbc, 0xf7, 0xbc, 0xff,
    0xbb, 0xff, 0xbb, 0xf7, 0xbb, 0xf7, 0x79, 0xef, 0xbb, 0xf7, 0xbb, 0xf7,
    0x9b, 0xf7, 0xbc, 0xff, 0xbb, 0xf7, 0x79, 0xef, 0xbb, 0xf7, 0xbc, 0xff,
    0xbc, 0xff, 0xdc, 0xff, 0xbc, 0xff, 0xbc, 0xff, 0xbc, 0xf7, 0xbc, 0xff,
    0xdc, 0xff, 0xbc, 0xff, 0xdc, 0xff, 0xbc, 0xff, 0xdc, 0xff, 0xbc, 0xff,
    0xbc, 0xf7, 0xbc, 0xf7, 0xbc, 0xff, 0xdc, 0xff, 0xdd, 0xff, 0xdd, 0xff,
    0x9b, 0xf7, 0xbc, 0xf7, 0x9b, 0xf7, 0xdc, 0xff, 0x9b, 0xf7, 0xbb, 0xf7,
    0x9a, 0xf7, 0xbb, 0xf7, 0xbc, 0xf7, 0xdc, 0xff, 0xbc, 0xf7, 0x9b, 0xf7,
    0x9a, 0xf7, 0xdc, 0xff, 0xdc, 0xff, 0xbc, 0xff, 0xdc, 0xff, 0xdc, 0xff,
    0xdc, 0xff, 0xbc, 0xff, 0xbb, 0xf7, 0x9a, 0xf7, 0x9a, 0xf7, 0x9b, 0xf7,
    0xdc, 0xff, 0xbb, 0xf7, 0x9a, 0xef, 0xdc, 0xff, 0x9a, 0xf7, 0x7a, 0xef,
    0xdc, 0xff, 0xbb, 0xf7, 0xbc, 0xff, 0xbb, 0xff, 0xbb, 0xf7, 0xbb, 0xf7,
    0xbb, 0xf7, 0xbb, 0xff, 0xbc, 0xff, 0xbb, 0xf7, 0xbb, 0xf7, 0xbb, 0xf7,
    0xbb, 0xf7, 0xbb, 0xf7, 0xbb, 0xf7, 0xbb, 0xff, 0xbb, 0xf7, 0xbb, 0xf7,
    0xbb, 0xf7, 0xbb, 0xf7, 0xbb, 0xf7, 0xbb, 0xf7, 0xbb, 0xf7, 0xbb, 0xf7,
    0xbb, 0xf7, 0xbb, 0xf7, 0xbb, 0xf7, 0xbb, 0xf7, 0xba, 0xf7, 0xba, 0xf7,
    0x9a, 0xf7, 0x9a, 0xf7, 0xba, 0xf7, 0x9a, 0xf7, 0xbb, 0xf7, 0x9a, 0xf7,
    0x9a, 0xf7, 0xba, 0xf7, 0x9a, 0xf7, 0x9a, 0xf7, 0xba, 0xf7, 0x9a, 0xf7,
    0x99, 0xf7, 0xba, 0xf7, 0x9a, 0xf7, 0x99, 0xf7, 0x9a, 0xf7, 0xba, 0xf7,
    0x99, 0xf7, 0x9a, 0xf7, 0xb9, 0xf7, 0x99, 0xf7, 0x9a, 0xf7, 0x9a, 0xf7,
    0x9a, 0xf7, 0x9a, 0xf7, 0x99, 0xef, 0x99, 0xf7, 0x99, 0xef, 0x9a, 0xf7,
    0x99, 0xf7, 0x99, 0xf7, 0x99, 0xf7, 0x99, 0xf7, 0x9a, 0xf7, 0x99, 0xf7,
    0x9a, 0xef, 0x99, 0xef, 0x79, 0xf7, 0x99, 0xf7, 0x99, 0xf7, 0x79, 0xf7,
    0x99, 0xf7, 0x99, 0xf7, 0x99, 0xf7, 0x79, 0xef, 0x99, 0xf7, 0x99, 0xf7,
    0x79, 0xef, 0x99, 0xf7, 0x99, 0xef, 0x78, 0xf7, 0x79, 0xef, 0x79, 0xef,
    0x78, 0xf7, 0x99, 0xef, 0x79, 0xf7, 0x98, 0xef, 0x79, 0xf7, 0x99, 0xf7,
    0x98, 0xf7, 0x78, 0xf7, 0x78, 0xf7, 0x78, 0xef, 0x98, 0xf7, 0x99, 0xf7,
    0x78, 0xef, 0x78, 0xf7, 0x78, 0xf7, 0x79, 0xef, 0x79, 0xf7, 0x78, 0xf7,
    0x78, 0xef, 0x99, 0xf7, 0x78, 0xf7, 0x98, 0xef, 0x78, 0xf7, 0x79, 0xef,
    0x78, 0xef, 0x78, 0xf7, 0x99, 0xf7, 0x78, 0xef, 0x78, 0xef, 0x78, 0xf7,
    0x79, 0xf7, 0x99, 0xf7, 0x79, 0xf7, 0x79, 0xf7, 0x79, 0xf7, 0x99, 0xf7,
    0x99, 0xf7, 0x99, 0xef, 0x99, 0xf7, 0x99, 0xf7, 0x79, 0xf7, 0x99, 0xf7,
    0x79, 0xf7, 0x79, 0xef, 0x99, 0xf7, 0x99, 0xef, 0x99, 0xf7, 0x79, 0xef,
    0x99, 0xf7, 0x99, 0xf7, 0x79, 0xf7, 0x79, 0xef, 0x79, 0xf7, 0x99, 0xef,
    0x79, 0xf7, 0x79, 0xf7, 0x99, 0xef, 0x99, 0xf7, 0x99, 0xf7, 0x79, 0xef,
    0x99, 0xf7, 0x99, 0xf7, 0x79, 0xef, 0x99, 0xf7, 0x99, 0xf7, 0x99, 0xf7,
    0x99, 0xf7, 0x99, 0xf7, 0x99, 0xf7, 0x99, 0xf7, 0x99, 0xf7, 0x99, 0xf7,
    0x9a, 0xf7, 0x99, 0xf7, 0x9a, 0xf7, 0x7a, 0xf7, 0x9a, 0xf7, 0x9a, 0xf7,
    0x9a, 0xf7, 0x9a, 0xf7, 0x9a, 0xf7, 0x9a, 0xf7, 0x99, 0xf7, 0x7a, 0xf7,
    0x79, 0xf7, 0x99, 0xf7, 0x79, 0xf7, 0x7a, 0xf7, 0x79, 0xf7, 0x9a, 0xef,
    0x7a, 0xf7, 0x9a, 0xef, 0x9a, 0xef, 0x7a, 0xf7, 0x9a, 0xef, 0x9a, 0xf7,
    0x9a, 0xf7, 0x9a, 0xf7, 0x79, 0xef, 0x9a, 0xf7, 0xbb, 0xff, 0xbb, 0xf7,
    0xbb, 0xf7, 0xbb, 0xff, 0x7a, 0xf7, 0xbb, 0xf7, 0xdc, 0xff, 0xbc, 0xff,
    0xbc, 0xff, 0xbb, 0xf7, 0xbb, 0xf7, 0xbb, 0xff, 0xbc, 0xff, 0xdc, 0xff,
    0xbc, 0xff, 0xbc, 0xf7, 0xbc, 0xf7, 0xdc, 0xff, 0xdc, 0xff, 0xdc, 0xf7,
    0xbc, 0xff, 0xdc, 0xff, 0xdc, 0xff, 0xbc, 0xf7, 0xdc, 0xff, 0xdd, 0xff,
    0x9b, 0xf7, 0xbb, 0xf7, 0x7a, 0xef, 0xbb, 0xf7, 0x9b, 0xf7, 0xdc, 0xff,
    0x9b, 0xf7, 0xbc, 0xf7, 0x9a, 0xf7, 0xbb, 0xf7, 0xbb, 0xf7, 0xbb, 0xf7,
    0xbb, 0xf7, 0xbc, 0xff, 0xbc, 0xf7, 0xdc, 0xf7, 0xbc, 0xff, 0xbc, 0xff,
    0xdc, 0xff, 0xbc, 0xf7, 0xbb, 0xf7, 0xba, 0xf7, 0x9a, 0xf7, 0x9a, 0xf7,
    0xdc, 0xff, 0xdc, 0xff, 0xbb, 0xf7, 0x9a, 0xf7, 0xbc, 0xff, 0x9a, 0xf7,
    0x9a, 0xf7, 0xdc, 0xff, 0xbc, 0xf7, 0xbc, 0xff, 0xbb, 0xff, 0x9b, 0xf7,
    0xbb, 0xf7, 0xbb, 0xff, 0xbc, 0xf7, 0xbb, 0xff, 0xbb, 0xff, 0xbc, 0xf7,
    0xbb, 0xff, 0xbb, 0xff, 0xbc, 0xf7, 0xbb, 0xff, 0xbb, 0xf7, 0xbb, 0xff,
    0xbb, 0xff, 0xbb, 0xf7, 0xbb, 0xf7, 0xbb, 0xf7, 0xbb, 0xf7, 0xbb, 0xff,
    0xbb, 0xff, 0xbb, 0xf7, 0xba, 0xff, 0xba, 0xf7, 0xbb, 0xf7, 0xbb, 0xf7,
    0xba, 0xf7, 0x9a, 0xf7, 0x9a, 0xf7, 0xbb, 0xff, 0x9a, 0xf7, 0x9a, 0xf7,
    0xba, 0xf7, 0xba, 0xf7, 0xba, 0xf7, 0xba, 0xf7, 0x9a, 0xf7, 0xba, 0xf7,
    0xba, 0xf7, 0x9a, 0xf7, 0x9a, 0xf7, 0x9a, 0xf7, 0x9a, 0xf7, 0xba, 0xf7,
    0x9a, 0xf7, 0xba, 0xf7, 0x9a, 0xf7, 0x9a, 0xf7, 0x9a, 0xf7, 0xb9, 0xf7,
    0x99, 0xef, 0x99, 0xef, 0x9a, 0xf7, 0x9a, 0xf7, 0x99, 0xf7, 0x99, 0xf7,
    0x9a, 0xf7, 0x99, 0xef, 0x99, 0xf7, 0x99, 0xf7, 0x99, 0xf7, 0x99, 0xf7,
    0x99, 0xf7, 0x99, 0xf7, 0x9a, 0xf7, 0x99, 0xef, 0x99, 0xf7, 0x79, 0xef,
    0x99, 0xef, 0x99, 0xf7, 0x99, 0xf7, 0x99, 0xf7, 0x99, 0xf7, 0x99, 0xf7,
    0x99, 0xf7, 0x99, 0xef, 0x99, 0xf7, 0x78, 0xf7, 0x78, 0xef, 0x99, 0xf7,
    0x78, 0xf7, 0x78, 0xef, 0x99, 0xf7, 0x98, 0xf7, 0x79, 0xef, 0x79, 0xf7,
    0x98, 0xf7, 0x99, 0xef, 0x78, 0xef, 0x79, 0xf7, 0x78, 0xef, 0x78, 0xef,
    0x78, 0xef, 0x78, 0xf7, 0x78, 0xf7, 0x98, 0xef, 0x78, 0xf7, 0x79, 0xf7,
    0x99, 0xef, 0x78, 0xef, 0x98, 0xf7, 0x79, 0xf7, 0x99, 0xef, 0x98, 0xf7,
    0x79, 0xf7, 0x78, 0xf7, 0x79, 0xef, 0x79, 0xf7, 0x99, 0xf7, 0x98, 0xf7,
    0x98, 0xef, 0x79, 0xf7, 0x99, 0xef, 0x99, 0xf7, 0x79, 0xef, 0x99, 0xf7,
    0x9a, 0xf7, 0x99, 0xf7, 0x99, 0xef, 0x99, 0xf7, 0x99, 0xef, 0x99, 0xf7,
    0x99, 0xf7, 0x99, 0xef, 0x99, 0xf7, 0x99, 0xf7, 0x79, 0xf7, 0x79, 0xef,
    0x99, 0xf7, 0x79, 0xef, 0x79, 0xef, 0x79, 0xef, 0x79, 0xef, 0x79, 0xef,
    0x79, 0xf7, 0x79, 0xef, 0x79, 0xef, 0x79, 0xf7, 0x79, 0xf7, 0x99, 0xef,
    0x79, 0xef, 0x79, 0xef, 0x79, 0xf7, 0x79, 0xef, 0x79, 0xef, 0x79, 0xef,
    0x79, 0xef, 0x79, 0xef, 0x79, 0xef, 0x79, 0xef, 0x79, 0xf7, 0x99, 0xf7,
    0x79, 0xf7, 0x79, 0xf7, 0x9a, 0xf7, 0x79, 0xf7, 0x99, 0xf7, 0x99, 0xf7,
    0x79, 0xf7, 0x99, 0xf7, 0x79, 0xf7, 0x79, 0xf7, 0x7a, 0xf7, 0x9a, 0xf7,
    0x79, 0xef, 0x79, 0xef, 0x7a, 0xef, 0x99, 0xef, 0x79, 0xef, 0x79, 0xef,
    0x79, 0xf7, 0x79, 0xef, 0x7a, 0xef, 0x79, 0xef, 0x58, 0xef, 0x79, 0xef,
    0x7a, 0xef, 0x79, 0xef, 0x9b, 0xf7, 0xbb, 0xff, 0xbb, 0xf7, 0xbc, 0xff,
    0xbb, 0xf7, 0x79, 0xef, 0xbb, 0xf7, 0xdc, 0xff, 0xbb, 0xff, 0xdc, 0xf7,
    0xbb, 0xf7, 0xbb, 0xf7, 0xbc, 0xff, 0xbc, 0xf7, 0xbc, 0xf7, 0xbb, 0xf7,
    0xbc, 0xf7, 0xdc, 0xff, 0xbc, 0xff, 0xbb, 0xf7, 0x9a, 0xf7, 0xbc, 0xf7,
    0xbc, 0xff, 0xbc, 0xff, 0xdc, 0xff, 0xdc, 0xff, 0xdc, 0xff, 0xdd, 0xff,
    0xdc, 0xff, 0xbc, 0xff, 0xbb, 0xf7, 0xbc, 0xf7, 0xdc, 0xff, 0xdd, 0xff,
    0xdd, 0xff, 0xbc, 0xff, 0xbb, 0xf7, 0xbb, 0xf7, 0xbb, 0xff, 0xbc, 0xff,
    0xdd, 0xff, 0xbc, 0xff, 0xbc, 0xff, 0xdc, 0xff, 0xbc, 0xf7, 0xdc, 0xff,
    0xdc, 0xff, 0xbb, 0xf7, 0x9b, 0xf7, 0x9b, 0xf7, 0xbb, 0xf7, 0x9b, 0xf7,
    0xbc, 0xf7, 0xdc, 0xff, 0xbc, 0xff, 0xbb, 0xf7, 0xbb, 0xf7, 0xbc, 0xff,
    0x9a, 0xf7, 0x9a, 0xf7, 0xdc, 0xff, 0xbc, 0xf7, 0xbc, 0xf7, 0xbb, 0xff,
    0x9b, 0xf7, 0xbb, 0xf7, 0x9a, 0xf7, 0xbb, 0xf7, 0x9b, 0xf7, 0x9a, 0xf7,
    0x9a, 0xf7, 0x9a, 0xf7, 0x9a, 0xf7, 0x9a, 0xf7, 0x9a, 0xf7, 0x9a, 0xf7,
    0x9a, 0xf7, 0x99, 0xf7, 0x79, 0xf7, 0x79, 0xf7, 0x99, 0xf7, 0x99, 0xef,
    0x79, 0xf7, 0x99, 0xf7, 0x79, 0xef, 0x79, 0xf7, 0x79, 0xf7, 0x79, 0xf7,
    0x79, 0xf7, 0x79, 0xef, 0x79, 0xf7, 0x79, 0xef, 0x79, 0xef, 0x79, 0xf7,
    0x79, 0xef, 0x79, 0xf7, 0x79, 0xf7, 0x99, 0xf7, 0x79, 0xf7, 0x99, 0xf7,
    0x99, 0xf7, 0x79, 0xf7, 0x99, 0xf7, 0x99, 0xf7, 0x99, 0xf7, 0x99, 0xf7,
    0x99, 0xf7, 0x99, 0xf7, 0x99, 0xef, 0x99, 0xef, 0x79, 0xef, 0x79, 0xef,
    0x37, 0xe7, 0x37, 0xe7, 0x78, 0xef, 0x78, 0xef, 0x57, 0xef, 0xd4, 0xd6,
    0x58, 0xe7, 0x9a, 0xf7, 0x99, 0xf7, 0x9a, 0xf7, 0x99, 0xef, 0x99, 0xf7,
    0x99, 0xf7, 0x9a, 0xf7, 0x99, 0xf7, 0x99, 0xf7, 0x79, 0xf7, 0x99, 0xf7,
    0x99, 0xf7, 0x79, 0xef, 0x99, 0xf7, 0x99, 0xef, 0x99, 0xf7, 0x99, 0xf7,
    0x99, 0xf7, 0x78, 0xef, 0x58, 0xef, 0x79, 0xf7, 0x78, 0xf7, 0x99, 0xf7,
    0x78, 0xef, 0x98, 0xef, 0x78, 0xf7, 0x79, 0xf7, 0x98, 0xef, 0x98, 0xef,
    0x78, 0xf7, 0x99, 0xf7, 0x98, 0xef, 0x79, 0xf7, 0x78, 0xf7, 0x78, 0xf7,
    0x78, 0xef, 0x78, 0xef, 0x78, 0xef, 0x78, 0xf7, 0x98, 0xef, 0x78, 0xf7,
    0x99, 0xf7, 0x98, 0xef, 0x78, 0xf7, 0x79, 0xef, 0x98, 0xf7, 0x99, 0xf7,
    0x98, 0xef, 0x79, 0xf7, 0x78, 0xf7, 0x78, 0xef, 0x99, 0xf7, 0x99, 0xef,
    0x79, 0xf7, 0x78, 0xef, 0x99, 0xf7, 0x78, 0xef, 0x16, 0xe7, 0x58, 0xef,
    0xf5, 0xde, 0x79, 0xef, 0x16, 0xe7, 0x79, 0xef, 0x99, 0xf7, 0x99, 0xf7,
    0x99, 0xf7, 0x99, 0xf7, 0x79, 0xf7, 0x99, 0xf7, 0x99, 0xef, 0x99, 0xf7,
    0x79, 0xf7, 0x78, 0xef, 0x99, 0xf7, 0x9a, 0xf7, 0x99, 0xf7, 0x99, 0xf7,
    0x99, 0xf7, 0x9a, 0xf7, 0x99, 0xf7, 0x99, 0xf7, 0x9a, 0xf7, 0x9a, 0xf7,
    0x9a, 0xf7, 0x9a, 0xf7, 0x9a, 0xf7, 0x9a, 0xf7, 0x9a, 0xf7, 0x9a, 0xf7,
    0x9a, 0xf7, 0x9a, 0xf7, 0x9a, 0xf7, 0x9a, 0xf7, 0x9a, 0xf7, 0xba, 0xf7,
    0x9a, 0xf7, 0x9a, 0xf7, 0x9a, 0xf7, 0xba, 0xf7, 0x9a, 0xf7, 0x9b, 0xf7,
    0x9a, 0xf7, 0xbb, 0xf7, 0xbb, 0xf7, 0xba, 0xf7, 0xbb, 0xf7, 0xbb, 0xf7,
    0xbb, 0xf7, 0xbb, 0xff, 0xbb, 0xf7, 0xbb, 0xf7, 0xbb, 0xf7, 0xbb, 0xff,
    0xbb, 0xf7, 0xbb, 0xff, 0xbb, 0xff, 0xbb, 0xf7, 0xbb, 0xff, 0xbb, 0xf7,
    0xbb, 0xff, 0xbb, 0xf7, 0xbb, 0xf7, 0xbb, 0xf7, 0xbb, 0xf7, 0xbc, 0xff,
    0x79, 0xf7, 0xbb, 0xf7, 0xbc, 0xff, 0xbb, 0xf7, 0xbc, 0xff, 0xbb, 0xf7,
    0x9a, 0xf7, 0xbc, 0xff, 0xdc, 0xff, 0xdc, 0xff, 0x9a, 0xf7, 0x9b, 0xf7,
    0xbc, 0xf7, 0xdc, 0xff, 0xbb, 0xf7, 0x7a, 0xef, 0x9b, 0xf7, 0xbc, 0xf7,
    0xbc, 0xff, 0xdc, 0xf7, 0xbc, 0xff, 0xdc, 0xff, 0xbc, 0xf7, 0xbc, 0xf7,
    0xdc, 0xff, 0xbc, 0xff, 0xdc, 0xff, 0xbc, 0xf7, 0xbc, 0xff, 0xdc, 0xff,
    0xdd, 0xff, 0xbc, 0xff, 0xbc, 0xff, 0xbc, 0xf7, 0xbc, 0xff, 0xbc, 0xff,
    0xdd, 0xff, 0xdc, 0xf7, 0xbc, 0xff, 0xbc, 0xff, 0xdc, 0xff, 0xbc, 0xff,
    0xdc, 0xff, 0xbc, 0xf7, 0x9b, 0xf7, 0xbb, 0xf7, 0xbb, 0xf7, 0x9b, 0xf7,
    0x7a, 0xf7, 0xbc, 0xff, 0xdc, 0xff, 0x9a, 0xf7, 0xbb, 0xf7, 0xbc, 0xf7,
    0xbc, 0xff, 0x9a, 0xef, 0x9a, 0xf7, 0xbc, 0xff, 0xbb, 0xf7, 0xbc, 0xff,
    0xbb, 0xff, 0xbb, 0xf7, 0xbb, 0xf7, 0xbb, 0xf7, 0xbb, 0xf7, 0xbb, 0xf7,
    0xbb, 0xf7, 0x9a, 0xf7, 0xba, 0xf7, 0x9a, 0xf7, 0x9a, 0xf7, 0x9a, 0xf7,
    0x9a, 0xef, 0x9a, 0xf7, 0x9a, 0xf7, 0x9a, 0xf7, 0x9a, 0xf7, 0x9a, 0xf7,
    0x9a, 0xf7, 0x9a, 0xf7, 0x9a, 0xf7, 0x9a, 0xf7, 0x9a, 0xef, 0x99, 0xf7,
    0x9a, 0xf7, 0x9a, 0xf7, 0x9a, 0xf7, 0x79, 0xef, 0x79, 0xf7, 0x79, 0xef,
    0x99, 0xf7, 0x79, 0xef, 0x99, 0xf7, 0x99, 0xf7, 0x99, 0xef, 0x99, 0xf7,
    0x99, 0xf7, 0x99, 0xf7, 0x99, 0xef, 0x99, 0xef, 0x99, 0xf7, 0x99, 0xf7,
    0x99, 0xf7, 0x99, 0xf7, 0x99, 0xf7, 0x79, 0xf7, 0x99, 0xf7, 0x79, 0xef,
    0x37, 0xe7, 0x36, 0xe7, 0x78, 0xef, 0x78, 0xef, 0x78, 0xef, 0x16, 0xe7,
    0x58, 0xef, 0x9a, 0xf7, 0x99, 0xf7, 0x99, 0xf7, 0x99, 0xf7, 0x99, 0xf7,
    0x9a, 0xf7, 0x79, 0xef, 0x78, 0xef, 0x78, 0xef, 0x79, 0xef, 0x58, 0xef,
    0x58, 0xef, 0x58, 0xef, 0x58, 0xef, 0x58, 0xef, 0x78, 0xef, 0x58, 0xef,
    0x58, 0xef, 0x37, 0xe7, 0x78, 0xef, 0x78, 0xef, 0x99, 0xf7, 0x79, 0xef,
    0x98, 0xef, 0x99, 0xf7, 0x78, 0xf7, 0x98, 0xef, 0x99, 0xf7, 0x78, 0xf7,
    0x79, 0xef, 0x78, 0xf7, 0x78, 0xef, 0x78, 0xef, 0x98, 0xf7, 0x78, 0xef,
    0x78, 0xf7, 0x78, 0xf7, 0x78, 0xef, 0x78, 0xef, 0x78, 0xef, 0x79, 0xef,
    0x98, 0xf7, 0x79, 0xf7, 0x99, 0xef, 0x78, 0xf7, 0x78, 0xf7, 0x78, 0xef,
    0x99, 0xf7, 0x78, 0xef, 0x98, 0xef, 0x79, 0xef, 0x98, 0xf7, 0x79, 0xf7,
    0x79, 0xef, 0x98, 0xf7, 0x99, 0xf7, 0x78, 0xef, 0x78, 0xef, 0x79, 0xef,
    0x37, 0xe7, 0x78, 0xf7, 0x58, 0xef, 0x99, 0xf7, 0x99, 0xf7, 0x79, 0xef,
    0x99, 0xf7, 0x99, 0xef, 0x79, 0xf7, 0x99, 0xf7, 0x79, 0xef, 0x99, 0xf7,
    0x78, 0xef, 0x99, 0xf7, 0x99, 0xf7, 0x99, 0xf7, 0x99, 0xf7, 0x99, 0xf7,
    0x99, 0xf7, 0x99, 0xf7, 0x9a, 0xf7, 0x99, 0xf7, 0x99, 0xf7, 0x9a, 0xf7,
    0x99, 0xf7, 0x99, 0xf7, 0x99, 0xf7, 0x99, 0xf7, 0x9a, 0xf7, 0x99, 0xf7,
    0x99, 0xf7, 0x9a, 0xf7, 0xba, 0xf7, 0x9a, 0xf7, 0x9a, 0xf7, 0x9a, 0xf7,
    0x9a, 0xf7, 0x9a, 0xf7, 0x9a, 0xf7, 0x9a, 0xf7, 0x9a, 0xf7, 0x9a, 0xf7,
    0x9a, 0xf7, 0xba, 0xf7, 0x9b, 0xf7, 0x9a, 0xf7, 0xba, 0xf7, 0x9a, 0xf7,
    0xba, 0xf7, 0xba, 0xf7, 0x9b, 0xf7, 0xbb, 0xff, 0xbb, 0xf7, 0xbb, 0xf7,
    0xbb, 0xf7, 0xbb, 0xf7, 0xbb, 0xf7, 0xbb, 0xf7, 0xbb, 0xf7, 0xbb, 0xf7,
    0x9a, 0xf7, 0x9a, 0xf7, 0xbb, 0xf7, 0xbb, 0xff, 0xbb, 0xf7, 0x7a, 0xef,
    0xbb, 0xf7, 0xbb, 0xf7, 0xbb, 0xf7, 0xbc, 0xff, 0xbb, 0xf7, 0x9a, 0xf7,
    0xbb, 0xf7, 0xdc, 0xff, 0xbc, 0xf7, 0xdc, 0xff, 0x9a, 0xf7, 0x9b, 0xf7,
    0xdc, 0xff, 0x9b, 0xf7, 0x7a, 0xef, 0xdc, 0xff, 0xbc, 0xff, 0xbb, 0xff,
    0x9b, 0xf7, 0xdc, 0xff, 0xbc, 0xf7, 0xbc, 0xf7, 0x9b, 0xf7, 0xbc, 0xff,
    0xbc, 0xf7, 0xbc, 0xf7, 0xbc, 0xf7, 0xdc, 0xff, 0xbc, 0xf7, 0xbb, 0xf7,
    0x9b, 0xf7, 0xbc, 0xf7, 0x9b, 0xf7, 0xbc, 0xff, 0xbc, 0xf7, 0xbc, 0xf7,
    0xbb, 0xf7, 0xbc, 0xff, 0xdc, 0xf7, 0xbc, 0xf7, 0x9b, 0xf7, 0xdc, 0xf7,
    0xbb, 0xf7, 0xdd, 0xff, 0xdc, 0xff, 0xdc, 0xff, 0xbc, 0xff, 0xdc, 0xff,
    0xbb, 0xf7, 0x79, 0xef, 0xbb, 0xf7, 0xbb, 0xf7, 0x7a, 0xef, 0xbb, 0xf7,
    0xbc, 0xff, 0xbc, 0xf7, 0x9a, 0xf7, 0x9a, 0xf7, 0xdc, 0xff, 0xbc, 0xf7,
    0xbb, 0xf7, 0xbb, 0xff, 0xbb, 0xff, 0xdb, 0xff, 0xbb, 0xff, 0xbb, 0xff,
    0xbb, 0xff, 0xbb, 0xf7, 0xbb, 0xf7, 0xbb, 0xf7, 0xbb, 0xf7, 0xbb, 0xf7,
    0xbb, 0xf7, 0xbb, 0xf7, 0xbb, 0xf7, 0xbb, 0xf7, 0xbb, 0xf7, 0xbb, 0xf7,
    0xbb, 0xf7, 0xba, 0xf7, 0xbb, 0xf7, 0xbb, 0xf7, 0xbb, 0xf7, 0xbb, 0xf7,
    0xbb, 0xf7, 0xba, 0xf7, 0x9a, 0xf7, 0x9a, 0xf7, 0x99, 0xf7, 0x9a, 0xf7,
    0xba, 0xf7, 0xba, 0xf7, 0x9a, 0xf7, 0x9a, 0xf7, 0x9a, 0xf7, 0x9a, 0xf7,
    0x9a, 0xf7, 0x9a, 0xf7, 0x9a, 0xf7, 0x9a, 0xf7, 0x9a, 0xf7, 0x9a, 0xf7,
    0x9a, 0xf7, 0x9a, 0xf7, 0x9a, 0xf7, 0x99, 0xf7, 0x99, 0xf7, 0x99, 0xf7,
    0x99, 0xf7, 0x99, 0xf7, 0x99, 0xf7, 0x99, 0xf7, 0x9a, 0xf7, 0x9a, 0xf7,
    0x9a, 0xf7, 0x99, 0xf7, 0x99, 0xf7, 0x99, 0xf7, 0x9a, 0xf7, 0x99, 0xf7,
    0x79, 0xef, 0x78, 0xef, 0x99, 0xf7, 0x79, 0xf7, 0x79, 0xef, 0x99, 0xf7,
    0x99, 0xf7, 0x99, 0xef, 0x79, 0xef, 0x99, 0xf7, 0x78, 0xef, 0x99, 0xef,
    0x99, 0xf7, 0x78, 0xef, 0x58, 0xef, 0x78, 0xef, 0x79, 0xf7, 0x99, 0xf7,
    0x78, 0xef, 0x78, 0xf7, 0x99, 0xf7, 0x78, 0xef, 0x78, 0xf7, 0x99, 0xf7,
    0x98, 0xef, 0x99, 0xf7, 0x78, 0xf7, 0x78, 0xef, 0x79, 0xef, 0x78, 0xf7,
    0x78, 0xef, 0x78, 0xef, 0x78, 0xf7, 0x78, 0xf7, 0x78, 0xf7, 0x99, 0xef,
    0x78, 0xef, 0x78, 0xf7, 0x99, 0xf7, 0x99, 0xef, 0x79, 0xf7, 0x98, 0xf7,
    0x79, 0xef, 0x99, 0xf7, 0x79, 0xf7, 0x78, 0xf7, 0x98, 0xf7, 0x99, 0xf7,
    0x99, 0xef, 0x99, 0xf7, 0x79, 0xf7, 0x79, 0xef, 0x99, 0xf7, 0x99, 0xf7,
    0x99, 0xf7, 0x99, 0xef, 0x99, 0xf7, 0x79, 0xf7, 0x99, 0xef, 0x99, 0xf7,
    0x99, 0xf7, 0x99, 0xf7, 0x99, 0xef, 0x99, 0xf7, 0x99, 0xf7, 0x58, 0xef,
    0x79, 0xef, 0x9a, 0xf7, 0x99, 0xf7, 0x9a, 0xf7, 0x99, 0xf7, 0x9a, 0xf7,
    0x99, 0xef, 0x9a, 0xf7, 0x99, 0xf7, 0x9a, 0xf7, 0x9a, 0xf7, 0x99, 0xf7,
    0x9a, 0xf7, 0x9a, 0xf7, 0x99, 0xf7, 0x9a, 0xf7, 0x9a, 0xf7, 0x99, 0xf7,
    0x9a, 0xf7, 0x9a, 0xf7, 0x9a, 0xf7, 0x9a, 0xf7, 0x9a, 0xf7, 0x9a, 0xf7,
    0xba, 0xf7, 0x9a, 0xf7, 0x9a, 0xf7, 0xba, 0xf7, 0x9a, 0xf7, 0xba, 0xf7,
    0xbb, 0xf7, 0x9a, 0xf7, 0xbb, 0xf7, 0xbb, 0xf7, 0xba, 0xf7, 0xbb, 0xf7,
    0xbb, 0xf7, 0xba, 0xf7, 0xbb, 0xf7, 0x9b, 0xf7, 0xba, 0xff, 0xbb, 0xf7,
    0xbb, 0xff, 0xbb, 0xff, 0xbb, 0xf7, 0xbb, 0xff, 0xbb, 0xf7, 0x9a, 0xf7,
    0x9b, 0xf7, 0xbb, 0xf7, 0xbb, 0xff, 0xbb, 0xf7, 0x7a, 0xf7, 0xbb, 0xf7,
    0xbb, 0xf7, 0xbb, 0xff, 0xdc, 0xff, 0xbb, 0xf7, 0x9a, 0xf7, 0xbb, 0xf7,
    0xbb, 0xff, 0xbb, 0xf7, 0xdc, 0xff, 0xdc, 0xff, 0x9a, 0xf7, 0xbb, 0xf7,
    0xbb, 0xf7, 0x79, 0xef, 0xbc, 0xf7, 0xbc, 0xff, 0xbc, 0xf7, 0xbc, 0xf7,
    0x7a, 0xf7, 0xdc, 0xff, 0xbc, 0xff, 0xbc, 0xf7, 0x7a, 0xf7, 0xbc, 0xff,
    0xbc, 0xf7, 0xbb, 0xf7, 0x9b, 0xf7, 0xdd, 0xff, 0xbc, 0xff, 0x9b, 0xf7,
    0x9a, 0xef, 0xbc, 0xff, 0x9a, 0xef, 0xdd, 0xff, 0xbb, 0xf7, 0xbc, 0xf7,
    0x7a, 0xef, 0xdc, 0xff, 0xbc, 0xff, 0xbb, 0xf7, 0x59, 0xef, 0xbb, 0xf7,
    0x9a, 0xf7, 0xbc, 0xf7, 0xbc, 0xff, 0xbc, 0xf7, 0xbc, 0xff, 0xbc, 0xff,
    0xdc, 0xf7, 0xbb, 0xf7, 0x7a, 0xf7, 0xbc, 0xff, 0xbb, 0xff, 0x9a, 0xf7,
    0xbb, 0xf7, 0xbb, 0xff, 0xbc, 0xf7, 0x9a, 0xf7, 0xbb, 0xf7, 0xdc, 0xff,
    0xbc, 0xff, 0xdc, 0xff, 0xdc, 0xff, 0xbb, 0xff, 0xdc, 0xff, 0xdc, 0xf7,
    0xbc, 0xff, 0xbb, 0xff, 0xbc, 0xf7, 0xbb, 0xff, 0xbb, 0xf7, 0xbb, 0xff,
    0xbb, 0xff, 0xdb, 0xff, 0xbb, 0xff, 0xbb, 0xff, 0xbb, 0xff, 0xbb, 0xf7,
    0xbb, 0xf7, 0xbb, 0xf7, 0xba, 0xff, 0x9a, 0xf7, 0xba, 0xf7, 0xbb, 0xff,
    0xbb, 0xf7, 0xba, 0xf7, 0x9a, 0xf7, 0x79, 0xf7, 0x9a, 0xf7, 0x9a, 0xf7,
    0x9a, 0xf7, 0x9a, 0xf7, 0x9a, 0xf7, 0x9a, 0xf7, 0x9a, 0xf7, 0x9a, 0xf7,
    0x9a, 0xf7, 0xba, 0xf7, 0x9a, 0xf7, 0x9a, 0xf7, 0x9a, 0xf7, 0x99, 0xf7,
    0x9a, 0xf7, 0x9a, 0xf7, 0x99, 0xf7, 0x99, 0xf7, 0x99, 0xf7, 0x99, 0xf7,
    0x9a, 0xf7, 0x99, 0xf7, 0x99, 0xf7, 0x99, 0xf7, 0x99, 0xf7, 0x9a, 0xf7,
    0x99, 0xf7, 0x99, 0xf7, 0x99, 0xf7, 0x99, 0xef, 0x99, 0xf7, 0x99, 0xf7,
    0x78, 0xef, 0x99, 0xf7, 0x99, 0xf7, 0x99, 0xf7, 0x99, 0xf7, 0x99, 0xf7,
    0x99, 0xf7, 0x99, 0xf7, 0x99, 0xf7, 0x79, 0xf7, 0x79, 0xf7, 0x98, 0xf7,
    0x79, 0xf7, 0x99, 0xf7, 0x79, 0xf7, 0x79, 0xef, 0x78, 0xef, 0x98, 0xf7,
    0x79, 0xf7, 0x99, 0xef, 0x98, 0xef, 0x79, 0xf7, 0x78, 0xf7, 0x99, 0xef,
    0x79, 0xf7, 0x98, 0xf7, 0x78, 0xef, 0x78, 0xf7, 0x98, 0xf7, 0x78, 0xef,
    0x78, 0xf7, 0x78, 0xef, 0x78, 0xef, 0x79, 0xef, 0x78, 0xf7, 0x78, 0xf7,
    0x98, 0xf7, 0x98, 0xef, 0x78, 0xf7, 0x99, 0xf7, 0x98, 0xef, 0x78, 0xf7,
    0x98, 0xf7, 0x79, 0xef, 0x98, 0xf7, 0x78, 0xef, 0x78, 0xef, 0x99, 0xf7,
    0x79, 0xf7, 0x78, 0xef, 0x99, 0xf7, 0x99, 0xf7, 0x78, 0xef, 0x98, 0xf7,
    0x99, 0xf7, 0x99, 0xef, 0x99, 0xf7, 0x99, 0xf7, 0x99, 0xf7, 0x99, 0xf7,
    0x79, 0xf7, 0x99, 0xf7, 0x99, 0xf7, 0x99, 0xf7, 0x78, 0xef, 0x79, 0xef,
    0x9a, 0xf7, 0x99, 0xf7, 0x99, 0xf7, 0x99, 0xf7, 0x99, 0xf7, 0x99, 0xef,
    0x9a, 0xf7, 0x99, 0xf7, 0x99, 0xf7, 0x99, 0xf7, 0x9a, 0xf7, 0x99, 0xf7,
    0x99, 0xf7, 0xba, 0xf7, 0x9a, 0xf7, 0x9a, 0xf7, 0x9a, 0xf7, 0x9a, 0xf7,
    0x9a, 0xf7, 0x9a, 0xf7, 0x9a, 0xf7, 0x9a, 0xf7, 0xba, 0xf7, 0x9a, 0xf7,
    0x9a, 0xf7, 0xba, 0xf7, 0x9a, 0xf7, 0x9a, 0xf7, 0x9a, 0xf7, 0x9a, 0xf7,
    0xbb, 0xf7, 0xba, 0xf7, 0x79, 0xf7, 0x79, 0xf7, 0x79, 0xf7, 0x79, 0xf7,
    0x7a, 0xf7, 0x99, 0xf7, 0x9a, 0xf7, 0x99, 0xf7, 0x7a, 0xf7, 0x9a, 0xf7,
    0x7a, 0xf7, 0x9a, 0xf7, 0x9a, 0xf7, 0x9a, 0xf7, 0x9a, 0xf7, 0xba, 0xf7,
    0xbb, 0xff, 0xbb, 0xf7, 0x9b, 0xf7, 0x79, 0xef, 0xbb, 0xf7, 0xbb, 0xff,
    0xbb, 0xf7, 0xbc, 0xff, 0xbb, 0xf7, 0x79, 0xf7, 0xbb, 0xf7, 0xdc, 0xff,
    0xbc, 0xff, 0xbb, 0xff, 0xbc, 0xf7, 0xdc, 0xff, 0x9a, 0xf7, 0x9b, 0xf7,
    0xbb, 0xf7, 0x9b, 0xf7, 0xbc, 0xff, 0xbb, 0xff, 0xdc, 0xff, 0xbc, 0xf7,
    0x9a, 0xf7, 0xdc, 0xf7, 0xbc, 0xff, 0xbb, 0xf7, 0x9a, 0xf7, 0xbc, 0xff,
    0xbb, 0xf7, 0xbb, 0xf7, 0xbb, 0xf7, 0xdc, 0xff, 0xbc, 0xf7, 0x9b, 0xf7,
    0x9a, 0xf7, 0xbc, 0xff, 0x9b, 0xf7, 0xdd, 0xff, 0xbc, 0xf7, 0xbc, 0xff,
    0x9a, 0xf7, 0xbc, 0xff, 0xbc, 0xf7, 0xbb, 0xf7, 0x7a, 0xef, 0xbc, 0xff,
    0xbb, 0xf7, 0x9b, 0xf7, 0x9b, 0xf7, 0xbb, 0xf7, 0xbb, 0xf7, 0xbc, 0xff,
    0xbc, 0xf7, 0xdc, 0xff, 0xbb, 0xf7, 0x7a, 0xef, 0xdc, 0xff, 0xbb, 0xf7,
    0x7a, 0xf7, 0xbb, 0xf7, 0xbb, 0xff, 0xbc, 0xff, 0x9a, 0xf7, 0x9a, 0xf7,
    0x9a, 0xf7, 0x9a, 0xf7, 0x9a, 0xf7, 0x9a, 0xf7, 0x9a, 0xf7, 0x9a, 0xf7,
    0x9a, 0xf7, 0x9a, 0xf7, 0x9a, 0xf7, 0x9a, 0xf7, 0x9a, 0xf7, 0x9a, 0xf7,
    0x9a, 0xf7, 0x9a, 0xf7, 0x9a, 0xf7, 0x9a, 0xf7, 0x9a, 0xf7, 0x99, 0xf7,
    0x9a, 0xf7, 0x9a, 0xf7, 0x9a, 0xf7, 0x99, 0xf7, 0x99, 0xf7, 0x7a, 0xf7,
    0x9a, 0xf7, 0x79, 0xf7, 0x79, 0xef, 0x9a, 0xf7, 0x9a, 0xf7, 0x9a, 0xf7,
    0x9a, 0xf7, 0x9a, 0xf7, 0x9a, 0xf7, 0x9a, 0xf7, 0x9a, 0xf7, 0x99, 0xf7,
    0x9a, 0xf7, 0x9a, 0xf7, 0xba, 0xf7, 0xba, 0xf7, 0x9a, 0xf7, 0x9a, 0xf7,
    0x99, 0xf7, 0x99, 0xf7, 0x99, 0xef, 0x9a, 0xf7, 0x9a, 0xf7, 0x9a, 0xf7,
    0x9a, 0xf7, 0x9a, 0xf7, 0x9a, 0xf7, 0x9a, 0xf7, 0x99, 0xf7, 0x99, 0xf7,
    0x99, 0xf7, 0x9a, 0xf7, 0x99, 0xf7, 0x99, 0xf7, 0x9a, 0xf7, 0x79, 0xef,
    0x79, 0xef, 0x99, 0xf7, 0x99, 0xf7, 0x99, 0xef, 0x99, 0xf7, 0x79, 0xf7,
    0x99, 0xef, 0x99, 0xf7, 0x99, 0xf7, 0x79, 0xef, 0x99, 0xf7, 0x78, 0xef,
    0x78, 0xef, 0x99, 0xf7, 0x98, 0xf7, 0x98, 0xf7, 0x99, 0xf7, 0x78, 0xef,
    0x79, 0xf7, 0x98, 0xf7, 0x78, 0xef, 0x99, 0xef, 0x98, 0xf7, 0x78, 0xef,
    0x79, 0xf7, 0x98, 0xef, 0x78, 0xef, 0x79, 0xf7, 0x98, 0xf7, 0x78, 0xef,
    0x78, 0xf7, 0x78, 0xef, 0x78, 0xef, 0x78, 0xf7, 0x78, 0xef, 0x78, 0xef,
    0x79, 0xf7, 0x99, 0xef, 0x98, 0xf7, 0x79, 0xf7, 0x79, 0xef, 0x98, 0xf7,
    0x79, 0xf7, 0x78, 0xef, 0x99, 0xf7, 0x99, 0xf7, 0x78, 0xef, 0x99, 0xf7,
    0x78, 0xef, 0x79, 0xf7, 0x99, 0xf7, 0x78, 0xef, 0x79, 0xf7, 0x79, 0xf7,
    0x79, 0xef, 0x99, 0xf7, 0x99, 0xf7, 0x79, 0xef, 0x99, 0xf7, 0x99, 0xef,
    0x79, 0xef, 0x99, 0xf7, 0x99, 0xf7, 0x79, 0xef, 0x78, 0xef, 0x99, 0xf7,
    0x99, 0xf7, 0x99, 0xf7, 0x99, 0xf7, 0x9a, 0xf7, 0x99, 0xf7, 0x9a, 0xf7,
    0x99, 0xf7, 0x99, 0xf7, 0x9a, 0xf7, 0x99, 0xef, 0x9a, 0xf7, 0x99, 0xf7,
    0x99, 0xf7, 0x9a, 0xf7, 0x99, 0xf7, 0xb9, 0xf7, 0x9a, 0xf7, 0x99, 0xf7,
    0x99, 0xf7, 0xba, 0xf7, 0x99, 0xf7, 0x9a, 0xf7, 0x9a, 0xf7, 0x9a, 0xf7,
    0x9a, 0xf7, 0x9a, 0xf7, 0x9a, 0xf7, 0x9a, 0xf7, 0x9a, 0xf7, 0x9a, 0xf7,
    0x9a, 0xf7, 0x79, 0xef, 0x9a, 0xf7, 0xba, 0xf7, 0xba, 0xf7, 0x9a, 0xf7,
    0x9a, 0xf7, 0x9b, 0xf7, 0xbb, 0xf7, 0xba, 0xf7, 0xba, 0xf7, 0xbb, 0xf7,
    0x9a, 0xf7, 0xbb, 0xf7, 0xbb, 0xf7, 0xbb, 0xf7, 0xbb, 0xf7, 0xbb, 0xf7,
    0xbb, 0xff, 0xbb, 0xf7, 0x79, 0xef, 0xbb, 0xf7, 0xbb, 0xff, 0xbb, 0xf7,
    0xbc, 0xff, 0xbb, 0xf7, 0x79, 0xef, 0xbb, 0xf7, 0xbc, 0xff, 0xdb, 0xff,
    0xbc, 0xf7, 0xbb, 0xff, 0xbc, 0xf7, 0xbc, 0xff, 0x9a, 0xef, 0xbb, 0xf7,
    0xbc, 0xff, 0x9a, 0xf7, 0xdc, 0xf7, 0xdc, 0xff, 0xdc, 0xff, 0xdc, 0xff,
    0x9b, 0xf7, 0xbc, 0xff, 0xbc, 0xf7, 0xbb, 0xf7, 0x9a, 0xf7, 0xbc, 0xff,
    0xbc, 0xf7, 0xbc, 0xf7, 0x9b, 0xf7, 0xdc, 0xff, 0xbc, 0xf7, 0xbb, 0xf7,
    0x9a, 0xf7, 0xbc, 0xf7, 0x9a, 0xef, 0xdc, 0xff, 0xbc, 0xff, 0xbc, 0xf7,
    0x7a, 0xef, 0xbc, 0xff, 0xbb, 0xf7, 0xbb, 0xf7, 0x9a, 0xf7, 0xbc, 0xff,
    0xbb, 0xf7, 0xbc, 0xff, 0xdc, 0xff, 0xdc, 0xff, 0xbb, 0xf7, 0x79, 0xef,
    0xbc, 0xff, 0xbb, 0xff, 0xdc, 0xff, 0xbb, 0xf7, 0x9a, 0xf7, 0xbc, 0xff,
    0xbb, 0xf7, 0x9a, 0xef, 0xbb, 0xf7, 0xbc, 0xf7, 0xbb, 0xf7, 0x9a, 0xf7,
    0x9a, 0xf7, 0x9a, 0xef, 0x9a, 0xf7, 0x7a, 0xef, 0x9a, 0xef, 0x9a, 0xf7,
    0x9a, 0xef, 0x9a, 0xef, 0x9a, 0xf7, 0x9a, 0xf7, 0x9a, 0xef, 0x7a, 0xef,
    0x99, 0xf7, 0x7a, 0xef, 0x9a, 0xef, 0x99, 0xef, 0x99, 0xf7, 0x79, 0xef,
    0x79, 0xf7, 0x79, 0xef, 0x7a, 0xf7, 0x7a, 0xf7, 0x9a, 0xf7, 0x79, 0xef,
    0x79, 0xef, 0x79, 0xf7, 0x58, 0xef, 0x7a, 0xef, 0xba, 0xf7, 0x9a, 0xf7,
    0x9a, 0xf7, 0xba, 0xf7, 0xba, 0xf7, 0x9a, 0xf7, 0xba, 0xf7, 0x9a, 0xf7,
    0xba, 0xf7, 0x99, 0xf7, 0x9a, 0xf7, 0xba, 0xf7, 0x9a, 0xf7, 0xba, 0xf7,
    0x9a, 0xf7, 0x99, 0xef, 0x99, 0xf7, 0x9a, 0xf7, 0x99, 0xf7, 0x9a, 0xf7,
    0x9a, 0xf7, 0x99, 0xef, 0x9a, 0xf7, 0x9a, 0xf7, 0x99, 0xf7, 0x99, 0xef,
    0x99, 0xf7, 0x99, 0xf7, 0x9a, 0xef, 0x99, 0xf7, 0x79, 0xef, 0x78, 0xef,
    0x99, 0xf7, 0x99, 0xf7, 0x79, 0xf7, 0x99, 0xf7, 0x99, 0xf7, 0x99, 0xf7,
    0x79, 0xef, 0x99, 0xf7, 0x99, 0xef, 0x78, 0xf7, 0x99, 0xf7, 0x99, 0xef,
    0x79, 0xf7, 0x78, 0xef, 0x99, 0xef, 0x99, 0xf7, 0x78, 0xf7, 0x98, 0xef,
    0x78, 0xef, 0x79, 0xf7, 0x99, 0xf7, 0x78, 0xf7, 0x98, 0xf7, 0x78, 0xef,
    0x98, 0xef, 0x78, 0xf7, 0x78, 0xef, 0x79, 0xef, 0x78, 0xf7, 0x78, 0xef,
    0x78, 0xef, 0x78, 0xf7, 0x78, 0xef, 0x78, 0xf7, 0x78, 0xf7, 0x78, 0xef,
    0x78, 0xef, 0x79, 0xf7, 0x98, 0xf7, 0x78, 0xef, 0x79, 0xf7, 0x99, 0xf7,
    0x98, 0xef, 0x79, 0xf7, 0x58, 0xef, 0x78, 0xef, 0x99, 0xf7, 0x99, 0xf7,
    0x98, 0xf7, 0x99, 0xf7, 0x99, 0xef, 0x99, 0xf7, 0x99, 0xf7, 0x99, 0xf7,
    0x98, 0xf7, 0x99, 0xf7, 0x99, 0xf7, 0x79, 0xf7, 0x99, 0xf7, 0x99, 0xf7,
    0x99, 0xf7, 0x99, 0xf7, 0x79, 0xef, 0x58, 0xef, 0x99, 0xf7, 0x99, 0xf7,
    0x79, 0xf7, 0x99, 0xf7, 0x99, 0xf7, 0x99, 0xef, 0x99, 0xf7, 0x99, 0xf7,
    0x9a, 0xf7, 0x99, 0xf7, 0x99, 0xf7, 0x9a, 0xf7, 0x99, 0xf7, 0x9a, 0xf7,
    0x9a, 0xf7, 0x99, 0xf7, 0x9a, 0xf7, 0x9a, 0xf7, 0xba, 0xf7, 0x9a, 0xf7,
    0x9a, 0xf7, 0x99, 0xf7, 0x9a, 0xf7, 0x99, 0xf7, 0x99, 0xf7, 0x9a, 0xf7,
    0x99, 0xf7, 0x9a, 0xf7, 0x9a, 0xf7, 0xba, 0xf7, 0x9a, 0xf7, 0x9a, 0xf7,
    0x79, 0xef, 0x99, 0xf7, 0x9b, 0xf7, 0x9a, 0xf7, 0x9b, 0xf7, 0x9b, 0xf7,
    0xba, 0xf7, 0xbb, 0xf7, 0xbb, 0xff, 0x9b, 0xf7, 0xbb, 0xf7, 0xbb, 0xff,
    0xbb, 0xf7, 0xbb, 0xf7, 0x9b, 0xff, 0xbb, 0xf7, 0xbb, 0xf7, 0xbb, 0xff,
    0xbb, 0xf7, 0x79, 0xf7, 0xbb, 0xf7, 0xbb, 0xff, 0xbb, 0xf7, 0xbb, 0xff,
    0xbb, 0xf7, 0x79, 0xef, 0xbb, 0xff, 0xbb, 0xff, 0xbb, 0xf7, 0xbc, 0xff,
    0xbb, 0xf7, 0xbb, 0xff, 0xbc, 0xf7, 0x99, 0xef, 0xbb, 0xf7, 0xbc, 0xff,
    0xbc, 0xf7, 0x9a, 0xf7, 0xdc, 0xff, 0xbc, 0xf7, 0xbc, 0xf7, 0xbc, 0xf7,
    0x9a, 0xf7, 0xbc, 0xff, 0xdc, 0xff, 0xbb, 0xf7, 0x9a, 0xf7, 0xdc, 0xff,
    0xbc, 0xff, 0xbb, 0xf7, 0x9b, 0xf7, 0xbc, 0xff, 0xbc, 0xff, 0xbb, 0xf7,
    0x9b, 0xf7, 0xbc, 0xff, 0x7a, 0xef, 0xdc, 0xff, 0xbc, 0xff, 0xbc, 0xf7,
    0x7a, 0xef, 0xdc, 0xff, 0xbb, 0xff, 0xbc, 0xf7, 0x9a, 0xf7, 0xdc, 0xff,
    0xbb, 0xf7, 0xbb, 0xf7, 0xbc, 0xf7, 0xbb, 0xf7, 0xbc, 0xff, 0x9a, 0xf7,
    0x9a, 0xef, 0xbc, 0xff, 0xbb, 0xf7, 0xdc, 0xff, 0xbb, 0xf7, 0x7a, 0xf7,
    0xbb, 0xf7, 0xbb, 0xf7, 0x9a, 0xf7, 0xbb, 0xf7, 0xbb, 0xff, 0xbc, 0xf7,
    0xbb, 0xf7, 0xbc, 0xff, 0xbb, 0xf7, 0xbb, 0xf7, 0xbb, 0xff, 0xbb, 0xff,
    0xbb, 0xf7, 0xbb, 0xf7, 0xbb, 0xff, 0xbb, 0xf7, 0xbb, 0xf7, 0xbb, 0xff,
    0xbb, 0xf7, 0xbb, 0xff, 0xbb, 0xf7, 0xbb, 0xf7, 0xbb, 0xf7, 0xbb, 0xf7,
    0xbb, 0xf7, 0xba, 0xf7, 0xba, 0xf7, 0xba, 0xf7, 0xbb, 0xf7, 0x9a, 0xf7,
    0x9a, 0xf7, 0xba, 0xf7, 0xba, 0xf7, 0x58, 0xef, 0x99, 0xf7, 0xba, 0xf7,
    0x9a, 0xf7, 0x9a, 0xf7, 0x99, 0xf7, 0xba, 0xf7, 0x9a, 0xf7, 0x9a, 0xf7,
    0xba, 0xf7, 0x9a, 0xf7, 0x9a, 0xf7, 0x78, 0xef, 0x99, 0xf7, 0x99, 0xf7,
    0x78, 0xef, 0x9a, 0xf7, 0x78, 0xef, 0x78, 0xef, 0x9a, 0xf7, 0x78, 0xef,
    0x78, 0xef, 0x9a, 0xf7, 0x58, 0xef, 0x79, 0xef, 0x99, 0xf7, 0x99, 0xf7,
    0x9a, 0xf7, 0x99, 0xf7, 0x99, 0xf7, 0x99, 0xef, 0x78, 0xef, 0x99, 0xf7,
    0x99, 0xf7, 0x99, 0xef, 0x99, 0xf7, 0x79, 0xf7, 0x99, 0xef, 0x99, 0xf7,
    0x99, 0xf7, 0x99, 0xf7, 0x99, 0xf7, 0x99, 0xf7, 0x78, 0xef, 0x79, 0xf7,
    0x98, 0xf7, 0x78, 0xef, 0x79, 0xf7, 0x79, 0xf7, 0x98, 0xef, 0x99, 0xf7,
    0x78, 0xef, 0x98, 0xf7, 0x78, 0xf7, 0x79, 0xef, 0x98, 0xf7, 0x78, 0xf7,
    0x79, 0xef, 0x78, 0xf7, 0x78, 0xf7, 0x98, 0xef, 0x78, 0xf7, 0x78, 0xf7,
    0x78, 0xef, 0x78, 0xef, 0x78, 0xf7, 0x78, 0xef, 0x99, 0xf7, 0x78, 0xf7,
    0x98, 0xef, 0x98, 0xef, 0x78, 0xf7, 0x98, 0xef, 0x98, 0xf7, 0x79, 0xef,
    0x98, 0xf7, 0x58, 0xef, 0x57, 0xef, 0x57, 0xe7, 0x58, 0xef, 0x58, 0xef,
    0x78, 0xef, 0x78, 0xef, 0x58, 0xef, 0x78, 0xef, 0x78, 0xef, 0x78, 0xef,
    0x78, 0xef, 0x58, 0xef, 0x78, 0xef, 0x78, 0xef, 0x78, 0xef, 0x58, 0xef,
    0x78, 0xef, 0x78, 0xef, 0x78, 0xef, 0x99, 0xf7, 0x99, 0xf7, 0x99, 0xef,
    0x99, 0xf7, 0x99, 0xf7, 0x99, 0xef, 0x9a, 0xf7, 0x99, 0xf7, 0x99, 0xf7,
    0x9a, 0xf7, 0x99, 0xf7, 0x99, 0xf7, 0x9a, 0xf7, 0x9a, 0xf7, 0x99, 0xf7,
    0x99, 0xef, 0x9a, 0xf7, 0x99, 0xf7, 0x9a, 0xf7, 0x9a, 0xf7, 0xba, 0xf7,
    0x78, 0xef, 0xf5, 0xde, 0x9b, 0xf7, 0x15, 0xdf, 0x79, 0xef, 0x58, 0xef,
    0x16, 0xdf, 0xbb, 0xf7, 0x9a, 0xf7, 0x9a, 0xf7, 0xba, 0xf7, 0x9a, 0xf7,
    0x9a, 0xf7, 0x9a, 0xf7, 0x9a, 0xf7, 0x9a, 0xf7, 0x9a, 0xf7, 0x9a, 0xf7,
    0xbb, 0xf7, 0x9a, 0xff, 0xba, 0xf7, 0xbb, 0xf7, 0x9b, 0xff, 0xba, 0xf7,
    0xba, 0xf7, 0xbb, 0xf7, 0xbb, 0xff, 0xbb, 0xf7, 0xbb, 0xff, 0x9b, 0xf7,
    0x79, 0xef, 0xbb, 0xf7, 0xbb, 0xff, 0xbb, 0xf7, 0xbb, 0xff, 0xbb, 0xf7,
    0x79, 0xef, 0xbb, 0xff, 0xbb, 0xff, 0xbb, 0xf7, 0xbb, 0xff, 0xbc, 0xf7,
    0xdc, 0xff, 0xbb, 0xf7, 0x79, 0xf7, 0xbb, 0xf7, 0xbc, 0xff, 0xbc, 0xff,
    0xdc, 0xff, 0x9a, 0xf7, 0xbc, 0xff, 0xbc, 0xff, 0xbc, 0xf7, 0xbb, 0xf7,
    0x7a, 0xef, 0xdc, 0xff, 0xdc, 0xff, 0xbb, 0xf7, 0x7a, 0xf7, 0xbc, 0xff,
    0xdc, 0xff, 0x9b, 0xf7, 0x9a, 0xef, 0xdc, 0xff, 0xbb, 0xf7, 0x9b, 0xf7,
    0x9b, 0xf7, 0xdc, 0xff, 0x9a, 0xef, 0xbc, 0xff, 0xbc, 0xf7, 0xbb, 0xf7,
    0x7a, 0xf7, 0xdc, 0xff, 0xdc, 0xff, 0xbc, 0xf7, 0x9a, 0xf7, 0xdd, 0xff,
    0xdc, 0xff, 0xbc, 0xff, 0xbc, 0xff, 0xbc, 0xf7, 0xbb, 0xff, 0xdc, 0xff,
    0x9b, 0xf7, 0x9a, 0xef, 0xbc, 0xff, 0xbc, 0xf7, 0xbb, 0xff, 0xbb, 0xf7,
    0x7a, 0xf7, 0xbb, 0xff, 0xbb, 0xf7, 0x9a, 0xf7, 0xbb, 0xf7, 0xbb, 0xff,
    0xbb, 0xff, 0xbb, 0xf7, 0xbb, 0xf7, 0xbb, 0xff, 0xbb, 0xf7, 0xbb, 0xf7,
    0x9b, 0xff, 0xbb, 0xf7, 0xbb, 0xf7, 0x9a, 0xf7, 0xbb, 0xff, 0xbb, 0xf7,
    0xba, 0xf7, 0xbb, 0xff, 0xbb, 0xf7, 0xba, 0xf7, 0xbb, 0xff, 0xbb, 0xff,
    0xba, 0xf7, 0x9b, 0xf7, 0xba, 0xf7, 0x9a, 0xf7, 0x9a, 0xf7, 0x9a, 0xf7,
    0x9a, 0xf7, 0x9a, 0xf7, 0x9a, 0xf7, 0x9a, 0xf7, 0x78, 0xef, 0x79, 0xef,
    0xba, 0xf7, 0x9a, 0xf7, 0x9a, 0xf7, 0x9a, 0xf7, 0x9a, 0xf7, 0xb9, 0xf7,
    0x9a, 0xf7, 0xba, 0xf7, 0x79, 0xef, 0xd4, 0xd6, 0x79, 0xf7, 0x37, 0xe7,
    0xf5, 0xde, 0xbb, 0xff, 0x37, 0xe7, 0x16, 0xdf, 0xbb, 0xf7, 0xf5, 0xde,
    0xf5, 0xde, 0x99, 0xf7, 0xd4, 0xd6, 0x58, 0xef, 0x9a, 0xf7, 0x99, 0xf7,
    0x9a, 0xf7, 0x99, 0xef, 0x99, 0xf7, 0x78, 0xef, 0x79, 0xef, 0x99, 0xf7,
    0x99, 0xf7, 0x99, 0xf7, 0x99, 0xf7, 0x99, 0xf7, 0x99, 0xf7, 0x79, 0xf7,
    0x99, 0xf7, 0x79, 0xef, 0x79, 0xf7, 0x78, 0xef, 0x99, 0xf7, 0x79, 0xf7,
    0x99, 0xf7, 0x99, 0xf7, 0x78, 0xef, 0x98, 0xf7, 0x79, 0xf7, 0x79, 0xef,
    0x78, 0xf7, 0x98, 0xf7, 0x78, 0xef, 0x99, 0xef, 0x98, 0xef, 0x78, 0xf7,
    0x78, 0xef, 0x99, 0xf7, 0x78, 0xf7, 0x99, 0xef, 0x78, 0xef, 0x78, 0xf7,
    0x78, 0xef, 0x78, 0xf7, 0x78, 0xef, 0x78, 0xef, 0x78, 0xf7, 0x79, 0xef,
    0x98, 0xf7, 0x79, 0xf7, 0x79, 0xf7, 0x78, 0xef, 0x98, 0xf7, 0x79, 0xf7,
    0x99, 0xef, 0x77, 0xef, 0x57, 0xef, 0x57, 0xef, 0x78, 0xef, 0x78, 0xef,
    0x78, 0xef, 0x78, 0xf7, 0x78, 0xef, 0x78, 0xf7, 0x78, 0xf7, 0x98, 0xef,
    0x78, 0xef, 0x78, 0xef, 0x78, 0xef, 0x78, 0xef, 0x79, 0xf7, 0x79, 0xef,
    0x79, 0xf7, 0x79, 0xef, 0x79, 0xf7, 0x79, 0xf7, 0x99, 0xf7, 0x79, 0xf7,
    0x99, 0xf7, 0x99, 0xf7, 0x99, 0xf7, 0x9a, 0xf7, 0x99, 0xf7, 0x9a, 0xf7,
    0x99, 0xf7, 0x9a, 0xf7, 0x99, 0xf7, 0x99, 0xef, 0x99, 0xf7, 0x99, 0xf7,
    0x99, 0xf7, 0x9a, 0xf7, 0x99, 0xf7, 0x99, 0xf7, 0x99, 0xf7, 0x9a, 0xf7,
    0x99, 0xf7, 0x58, 0xef, 0x9a, 0xf7, 0x78, 0xef, 0x99, 0xf7, 0x99, 0xef,
    0x78, 0xef, 0xba, 0xf7, 0x9a, 0xf7, 0x9a, 0xf7, 0x9a, 0xf7, 0x9a, 0xf7,
    0x9a, 0xf7, 0xba, 0xf7, 0x9a, 0xf7, 0xba, 0xf7, 0x9a, 0xf7, 0xba, 0xf7,
    0xbb, 0xf7, 0xbb, 0xf7, 0x9a, 0xf7, 0xbb, 0xf7, 0xbb, 0xff, 0x9b, 0xf7,
    0xba, 0xf7, 0x9a, 0xff, 0xbb, 0xf7, 0xbb, 0xf7, 0xbb, 0xf7, 0x79, 0xf7,
    0x9b, 0xf7, 0xbb, 0xf7, 0xbb, 0xf7, 0xbb, 0xf7, 0x9b, 0xf7, 0x79, 0xf7,
    0xbb, 0xf7, 0xbb, 0xff, 0xbb, 0xf7, 0xbb, 0xf7, 0xbb, 0xff, 0xbb, 0xf7,
    0xdb, 0xf7, 0x7a, 0xf7, 0x9b, 0xf7, 0xbc, 0xff, 0xbb, 0xf7, 0xdc, 0xff,
    0x9b, 0xf7, 0xbb, 0xf7, 0xdc, 0xff, 0xbb, 0xf7, 0xdc, 0xff, 0xbb, 0xf7,
    0x7a, 0xf7, 0xbc, 0xff, 0xdc, 0xf7, 0xbc, 0xf7, 0x9b, 0xef, 0xbc, 0xff,
    0xdc, 0xf7, 0x9b, 0xf7, 0x7a, 0xef, 0xbc, 0xf7, 0xbb, 0xff, 0x9b, 0xf7,
    0x9a, 0xf7, 0xdc, 0xf7, 0x9a, 0xef, 0xbc, 0xff, 0xbc, 0xf7, 0xbb, 0xf7,
    0x79, 0xef, 0xbc, 0xff, 0xdc, 0xf7, 0xbc, 0xff, 0x9a, 0xef, 0x9b, 0xf7,
    0x9a, 0xf7, 0x9a, 0xf7, 0x7a, 0xef, 0xbc, 0xff, 0xbb, 0xf7, 0xbc, 0xf7,
    0xdc, 0xff, 0x9a, 0xf7, 0x9a, 0xef, 0xbc, 0xff, 0xbb, 0xf7, 0xbb, 0xf7,
    0xbb, 0xf7, 0x9a, 0xf7, 0xbc, 0xff, 0xbb, 0xf7, 0x7a, 0xf7, 0xbb, 0xf7,
    0xbb, 0xf7, 0xbb, 0xff, 0xbb, 0xff, 0xbb, 0xf7, 0xbb, 0xf7, 0xbb, 0xff,
    0xbb, 0xf7, 0xbb, 0xf7, 0x9b, 0xf7, 0xba, 0xf7, 0xba, 0xf7, 0x9b, 0xff,
    0xba, 0xf7, 0x9b, 0xf7, 0x9a, 0xf7, 0x9a, 0xf7, 0xbb, 0xf7, 0xbb, 0xf7,
    0xba, 0xff, 0x9a, 0xf7, 0x9b, 0xf7, 0xba, 0xff, 0xba, 0xf7, 0xba, 0xf7,
    0x9a, 0xf7, 0x9a, 0xf7, 0x9a, 0xf7, 0x9a, 0xf7, 0x9a, 0xf7, 0x59, 0xef,
    0x99, 0xf7, 0x9a, 0xf7, 0x9a, 0xf7, 0x9a, 0xf7, 0x99, 0xf7, 0x9a, 0xf7,
    0xba, 0xf7, 0xba, 0xf7, 0x79, 0xf7, 0xd5, 0xde, 0x99, 0xef, 0x57, 0xe7,
    0xf6, 0xde, 0xbc, 0xff, 0x58, 0xe7, 0x16, 0xe7, 0xba, 0xf7, 0xf5, 0xde,
    0x15, 0xe7, 0x99, 0xf7, 0xd4, 0xd6, 0x58, 0xef, 0x9a, 0xf7, 0x99, 0xf7,
    0x99, 0xf7, 0x9a, 0xf7, 0x79, 0xef, 0x78, 0xef, 0x99, 0xf7, 0x99, 0xf7,
    0x99, 0xf7, 0x99, 0xef, 0x79, 0xf7, 0x99, 0xef, 0x99, 0xf7, 0x99, 0xf7,
    0x99, 0xef, 0x99, 0xf7, 0x98, 0xf7, 0x79, 0xef, 0x98, 0xf7, 0x79, 0xef,
    0x79, 0xef, 0x98, 0xf7, 0x79, 0xef, 0x98, 0xef, 0x99, 0xf7, 0x78, 0xef,
    0x78, 0xef, 0x99, 0xf7, 0x78, 0xef, 0x78, 0xf7, 0x78, 0xf7, 0x78, 0xef,
    0x78, 0xf7, 0x78, 0xf7, 0x78, 0xef, 0x78, 0xf7, 0x78, 0xef, 0x78, 0xf7,
    0x78, 0xef, 0x78, 0xf7, 0x78, 0xef, 0x78, 0xf7, 0x78, 0xef, 0x78, 0xf7,
    0x98, 0xf7, 0x98, 0xef, 0x79, 0xf7, 0x98, 0xf7, 0x78, 0xef, 0x78, 0xf7,
    0x78, 0xef, 0x79, 0xef, 0x78, 0xef, 0x79, 0xef, 0x99, 0xf7, 0x99, 0xf7,
    0x79, 0xf7, 0x99, 0xf7, 0x99, 0xf7, 0x79, 0xf7, 0x99, 0xf7, 0x79, 0xf7,
    0x99, 0xf7, 0x99, 0xf7, 0x79, 0xf7, 0x99, 0xf7, 0x99, 0xf7, 0x99, 0xf7,
    0x99, 0xf7, 0x79, 0xf7, 0x99, 0xf7, 0x99, 0xef, 0x99, 0xf7, 0x79, 0xf7,
    0x99, 0xef, 0x99, 0xf7, 0x99, 0xf7, 0x99, 0xf7, 0x99, 0xf7, 0x99, 0xf7,
    0x9a, 0xf7, 0x99, 0xf7, 0x99, 0xf7, 0x9a, 0xf7, 0x99, 0xf7, 0x9a, 0xef,
    0x99, 0xf7, 0x99, 0xf7, 0x9a, 0xf7, 0x99, 0xf7, 0x9a, 0xf7, 0x9a, 0xf7,
    0x9a, 0xf7, 0xba, 0xf7, 0x9a, 0xf7, 0x9a, 0xf7, 0x9a, 0xf7, 0x9a, 0xf7,
    0xba, 0xf7, 0x9a, 0xf7, 0x9a, 0xf7, 0x9a, 0xf7, 0x9a, 0xf7, 0x9a, 0xf7,
    0xba, 0xf7, 0x9a, 0xf7, 0x9a, 0xf7, 0x9a, 0xf7, 0xbb, 0xf7, 0x9a, 0xf7,
    0xbb, 0xff, 0xbb, 0xf7, 0xbb, 0xf7, 0xba, 0xff, 0x9b, 0xf7, 0xbb, 0xf7,
    0xbb, 0xf7, 0xbb, 0xff, 0xbb, 0xf7, 0xba, 0xf7, 0x79, 0xf7, 0xbb, 0xf7,
    0xbb, 0xff, 0xbb, 0xff, 0xbb, 0xf7, 0x9a, 0xf7, 0x79, 0xf7, 0xbb, 0xf7,
    0xbb, 0xf7, 0xbb, 0xf7, 0xbb, 0xff, 0xbb, 0xff, 0xbc, 0xff, 0xbb, 0xf7,
    0x79, 0xef, 0xbb, 0xf7, 0xbc, 0xff, 0xbb, 0xf7, 0xdc, 0xff, 0x9a, 0xf7,
    0x9a, 0xef, 0xdc, 0xff, 0xbc, 0xf7, 0xdc, 0xff, 0x9b, 0xf7, 0x79, 0xef,
    0xbc, 0xff, 0xbc, 0xff, 0xdc, 0xff, 0xbb, 0xf7, 0x9a, 0xf7, 0xbc, 0xff,
    0xdc, 0xff, 0x9b, 0xf7, 0x7a, 0xf7, 0xbc, 0xff, 0xbb, 0xf7, 0x9b, 0xf7,
    0x9b, 0xf7, 0xbc, 0xff, 0x7a, 0xef, 0xbc, 0xff, 0xbc, 0xff, 0xbb, 0xf7,
    0x7a, 0xef, 0xbc, 0xff, 0xbc, 0xff, 0xdc, 0xff, 0xbc, 0xf7, 0xbb, 0xf7,
    0xbb, 0xf7, 0xbb, 0xf7, 0x9a, 0xf7, 0x79, 0xef, 0xbc, 0xff, 0xbb, 0xff,
    0xbb, 0xf7, 0xdc, 0xff, 0x9a, 0xf7, 0x7a, 0xf7, 0xbc, 0xff, 0xbb, 0xf7,
    0xbc, 0xff, 0xbb, 0xf7, 0x9a, 0xf7, 0xbb, 0xf7, 0xbb, 0xf7, 0xbb, 0xf7,
    0xbc, 0xff, 0xbb, 0xf7, 0xbb, 0xf7, 0xbb, 0xf7, 0x9b, 0xff, 0xbb, 0xf7,
    0xbb, 0xf7, 0x9b, 0xff, 0xba, 0xff, 0xbb, 0xf7, 0xbb, 0xff, 0xba, 0xf7,
    0xbb, 0xf7, 0x9a, 0xf7, 0xbb, 0xff, 0x9b, 0xf7, 0x9a, 0xf7, 0xba, 0xf7,
    0x9a, 0xf7, 0xbb, 0xf7, 0xba, 0xff, 0x9a, 0xf7, 0x9a, 0xf7, 0xba, 0xf7,
    0xba, 0xf7, 0x9a, 0xf7, 0x9a, 0xf7, 0x99, 0xf7, 0x9a, 0xf7, 0xba, 0xf7,
    0x78, 0xef, 0x79, 0xf7, 0x9a, 0xf7, 0xba, 0xf7, 0x9a, 0xf7, 0x9a, 0xf7,
    0x9a, 0xf7, 0x9a, 0xf7, 0x9a, 0xf7, 0x99, 0xf7, 0x9a, 0xf7, 0x9a, 0xf7,
    0x99, 0xf7, 0xba, 0xf7, 0x9a, 0xf7, 0x99, 0xf7, 0x99, 0xf7, 0x79, 0xef,
    0x99, 0xf7, 0x9a, 0xf7, 0x79, 0xef, 0x99, 0xf7, 0x99, 0xf7, 0x99, 0xef,
    0x99, 0xf7, 0x99, 0xf7, 0x78, 0xef, 0x99, 0xf7, 0x99, 0xf7, 0x99, 0xf7,
    0x99, 0xf7, 0x99, 0xf7, 0x99, 0xf7, 0x99, 0xf7, 0x99, 0xef, 0x79, 0xf7,
    0x98, 0xf7, 0x78, 0xf7, 0x99, 0xef, 0x99, 0xf7, 0x78, 0xf7, 0x99, 0xef,
    0x98, 0xef, 0x79, 0xf7, 0x78, 0xf7, 0x99, 0xef, 0x78, 0xf7, 0x78, 0xf7,
    0x78, 0xef, 0x78, 0xf7, 0x79, 0xef, 0x78, 0xf7, 0x79, 0xf7, 0x98, 0xef,
    0x79, 0xf7, 0x98, 0xf7, 0x78, 0xef, 0x99, 0xf7, 0x78, 0xf7, 0x78, 0xef,
    0x78, 0xef, 0x78, 0xf7, 0x78, 0xef, 0x78, 0xf7, 0x78, 0xef, 0x78, 0xef,
    0x99, 0xf7, 0x78, 0xef, 0x78, 0xf7, 0x99, 0xef, 0x99, 0xf7, 0x78, 0xf7,
    0x78, 0xef, 0x79, 0xf7, 0x99, 0xf7, 0x79, 0xf7, 0x78, 0xf7, 0x98, 0xef,
    0x99, 0xf7, 0x79, 0xef, 0x99, 0xef, 0x99, 0xf7, 0x78, 0xef, 0x99, 0xef,
    0x79, 0xf7, 0x98, 0xf7, 0x99, 0xf7, 0x99, 0xef, 0x78, 0xef, 0x99, 0xf7,
    0x99, 0xf7, 0x99, 0xf7, 0x99, 0xef, 0x79, 0xf7, 0x79, 0xf7, 0x99, 0xef,
    0x99, 0xf7, 0x79, 0xf7, 0x99, 0xf7, 0x99, 0xef, 0x9a, 0xf7, 0x99, 0xf7,
    0x99, 0xef, 0x99, 0xf7, 0x99, 0xef, 0x99, 0xf7, 0x99, 0xf7, 0x9a, 0xf7,
    0x9a, 0xf7, 0x99, 0xf7, 0x9a, 0xef, 0x9a, 0xf7, 0x99, 0xf7, 0x99, 0xf7,
    0x9a, 0xf7, 0x9a, 0xf7, 0x9a, 0xf7, 0x9a, 0xf7, 0x9a, 0xf7, 0x9a, 0xf7,
    0x9a, 0xf7, 0x9a, 0xf7, 0x9a, 0xf7, 0xba, 0xf7, 0x9a, 0xf7, 0x9a, 0xf7,
    0x9a, 0xf7, 0x9a, 0xf7, 0xba, 0xf7, 0xbb, 0xf7, 0x9b, 0xff, 0xba, 0xf7,
    0x9a, 0xf7, 0xbb, 0xff, 0xbb, 0xff, 0xbb, 0xf7, 0xba, 0xf7, 0xbb, 0xff,
    0x9b, 0xf7, 0xbb, 0xf7, 0x9b, 0xff, 0x79, 0xef, 0x9a, 0xf7, 0xbb, 0xff,
    0xbb, 0xf7, 0xbb, 0xf7, 0x9b, 0xf7, 0x79, 0xef, 0xbb, 0xf7, 0xbb, 0xff,
    0xbb, 0xf7, 0xbb, 0xf7, 0xbb, 0xf7, 0xbc, 0xff, 0xbb, 0xf7, 0x7a, 0xef,
    0xbb, 0xf7, 0xbc, 0xff, 0xbb, 0xf7, 0xdc, 0xff, 0x9a, 0xf7, 0x9b, 0xf7,
    0xdc, 0xff, 0xbc, 0xf7, 0xbc, 0xff, 0xbb, 0xf7, 0x79, 0xef, 0xbb, 0xff,
    0xdc, 0xf7, 0xbc, 0xf7, 0xbc, 0xff, 0xbb, 0xf7, 0x7a, 0xef, 0xdc, 0xff,
    0xbc, 0xf7, 0x9a, 0xf7, 0x9a, 0xf7, 0xbc, 0xf7, 0xbb, 0xf7, 0xbb, 0xf7,
    0x9b, 0xf7, 0xbc, 0xf7, 0x7a, 0xef, 0xbc, 0xff, 0xbb, 0xf7, 0xbb, 0xff,
    0x7a, 0xef, 0xdc, 0xff, 0xbc, 0xf7, 0xbc, 0xff, 0xbc, 0xff, 0xbc, 0xf7,
    0xbb, 0xf7, 0xbb, 0xff, 0xdc, 0xff, 0x9a, 0xf7, 0x79, 0xef, 0xdc, 0xff,
    0xbc, 0xff, 0xbb, 0xf7, 0xdc, 0xff, 0x9a, 0xf7, 0x9a, 0xf7, 0xbb, 0xff,
    0xbb, 0xf7, 0xbc, 0xff, 0x9b, 0xf7, 0x7a, 0xf7, 0xbb, 0xf7, 0xbb, 0xf7,
    0xbb, 0xff, 0xbb, 0xff, 0xbb, 0xf7, 0x9b, 0xf7, 0xbb, 0xff, 0xbb, 0xf7,
    0x9b, 0xf7, 0xbb, 0xf7, 0xbb, 0xff, 0x9b, 0xf7, 0xbb, 0xf7, 0xbb, 0xf7,
    0x9b, 0xf7, 0x9a, 0xff, 0xbb, 0xf7, 0xbb, 0xff, 0x9b, 0xf7, 0xba, 0xff,
    0x9a, 0xf7, 0x9a, 0xf7, 0x9a, 0xf7, 0xbb, 0xf7, 0x9a, 0xff, 0x9a, 0xf7,
    0xba, 0xf7, 0x9a, 0xf7, 0x9a, 0xf7, 0x9a, 0xf7, 0x9a, 0xf7, 0x9a, 0xf7,
    0x9a, 0xf7, 0x78, 0xef, 0x99, 0xf7, 0xba, 0xf7, 0x9a, 0xf7, 0x9a, 0xf7,
    0x99, 0xf7, 0x9a, 0xf7, 0x9a, 0xf7, 0xba, 0xf7, 0x9a, 0xf7, 0x9a, 0xf7,
    0x9a, 0xf7, 0x99, 0xf7, 0x99, 0xf7, 0x99, 0xf7, 0x99, 0xf7, 0x9a, 0xf7,
    0x9a, 0xf7, 0x99, 0xf7, 0x99, 0xf7, 0x99, 0xf7, 0x99, 0xf7, 0x9a, 0xf7,
    0x9a, 0xf7, 0x78, 0xef, 0x79, 0xf7, 0x99, 0xf7, 0x99, 0xf7, 0x99, 0xf7,
    0x99, 0xf7, 0x99, 0xf7, 0x99, 0xf7, 0x99, 0xf7, 0x99, 0xf7, 0x99, 0xf7,
    0x79, 0xf7, 0x79, 0xef, 0x99, 0xf7, 0x78, 0xef, 0x79, 0xf7, 0x98, 0xf7,
    0x79, 0xef, 0x98, 0xf7, 0x79, 0xef, 0x78, 0xf7, 0x78, 0xef, 0x79, 0xef,
    0x98, 0xf7, 0x99, 0xf7, 0x78, 0xef, 0x78, 0xef, 0x98, 0xf7, 0x79, 0xef,
    0x78, 0xef, 0x78, 0xf7, 0x78, 0xef, 0x78, 0xef, 0x78, 0xf7, 0x78, 0xef,
    0x78, 0xef, 0x78, 0xef, 0x78, 0xf7, 0x78, 0xf7, 0x98, 0xef, 0x99, 0xf7,
    0x78, 0xf7, 0x79, 0xef, 0x78, 0xef, 0x78, 0xf7, 0x78, 0xf7, 0x78, 0xef,
    0x78, 0xef, 0x78, 0xf7, 0x78, 0xef, 0x98, 0xf7, 0x99, 0xef, 0x99, 0xf7,
    0x78, 0xf7, 0x98, 0xf7, 0x79, 0xf7, 0x98, 0xf7, 0x98, 0xf7, 0x79, 0xef,
    0x78, 0xf7, 0x79, 0xef, 0x99, 0xf7, 0x99, 0xf7, 0x99, 0xef, 0x99, 0xf7,
    0x98, 0xf7, 0x99, 0xef, 0x99, 0xf7, 0x79, 0xf7, 0x79, 0xf7, 0x99, 0xf7,
    0x99, 0xef, 0x99, 0xf7, 0x99, 0xf7, 0x79, 0xef, 0x99, 0xf7, 0x99, 0xf7,
    0x99, 0xf7, 0x9a, 0xf7, 0x99, 0xf7, 0x99, 0xef, 0x99, 0xf7, 0x99, 0xf7,
    0x9a, 0xf7, 0x99, 0xf7, 0x99, 0xf7, 0x9a, 0xf7, 0x9a, 0xf7, 0x99, 0xf7,
    0x9a, 0xf7, 0x9a, 0xf7, 0xb9, 0xf7, 0x9a, 0xf7, 0x9a, 0xf7, 0xba, 0xf7,
    0x9a, 0xf7, 0x9a, 0xf7, 0x9a, 0xf7, 0x9a, 0xf7, 0xba, 0xf7, 0x79, 0xf7,
    0x79, 0xef, 0x79, 0xf7, 0x99, 0xf7, 0x99, 0xf7, 0x79, 0xf7, 0x9a, 0xf7,
    0x79, 0xef, 0x99, 0xf7, 0x7a, 0xf7, 0x79, 0xf7, 0x79, 0xf7, 0x79, 0xef,
    0x79, 0xf7, 0x79, 0xef, 0x79, 0xf7, 0xbb, 0xf7, 0xbb, 0xff, 0xbb, 0xf7,
    0xbb, 0xf7, 0xba, 0xf7, 0x79, 0xef, 0xbb, 0xf7, 0xbb, 0xff, 0xbb, 0xf7,
    0xbb, 0xff, 0xbb, 0xf7, 0xbb, 0xf7, 0xbb, 0xf7, 0x79, 0xf7, 0x9b, 0xf7,
    0xbc, 0xff, 0xbb, 0xff, 0xbc, 0xff, 0x9a, 0xef, 0x9a, 0xef, 0xbc, 0xff,
    0xbc, 0xff, 0xdc, 0xff, 0x9a, 0xf7, 0x79, 0xef, 0xbc, 0xff, 0xbc, 0xff,
    0xbb, 0xf7, 0xbb, 0xff, 0xdc, 0xff, 0xbb, 0xf7, 0x7a, 0xf7, 0xdc, 0xff,
    0xbc, 0xf7, 0x9b, 0xf7, 0x9a, 0xf7, 0xbc, 0xf7, 0xbc, 0xf7, 0x9b, 0xf7,
    0x9a, 0xf7, 0xbc, 0xff, 0x99, 0xef, 0xbc, 0xf7, 0xbc, 0xff, 0xbb, 0xf7,
    0x7a, 0xef, 0xbc, 0xff, 0xbb, 0xf7, 0xbc, 0xf7, 0xbb, 0xff, 0xbc, 0xff,
    0xbc, 0xff, 0xbc, 0xff, 0xbb, 0xf7, 0xbc, 0xff, 0x9a, 0xf7, 0x79, 0xef,
    0xbc, 0xf7, 0xbc, 0xf7, 0xbb, 0xf7, 0xdb, 0xff, 0x9a, 0xf7, 0x9a, 0xef,
    0xbb, 0xf7, 0xbb, 0xf7, 0xbb, 0xff, 0x9a, 0xf7, 0x79, 0xf7, 0xbb, 0xf7,
    0xbb, 0xf7, 0xbb, 0xf7, 0xbb, 0xf7, 0xbb, 0xf7, 0x9b, 0xf7, 0xbb, 0xff,
    0xbb, 0xff, 0xba, 0xf7, 0xba, 0xf7, 0x9b, 0xff, 0xba, 0xf7, 0xbb, 0xff,
    0x9a, 0xf7, 0x9a, 0xf7, 0xba, 0xf7, 0xbb, 0xf7, 0xbb, 0xff, 0xba, 0xf7,
    0xbb, 0xf7, 0x9a, 0xf7, 0x9a, 0xf7, 0xbb, 0xf7, 0xba, 0xf7, 0x9a, 0xf7,
    0x9a, 0xf7, 0x9a, 0xf7, 0x9a, 0xf7, 0x9a, 0xf7, 0x9a, 0xf7, 0x9a, 0xf7,
    0x9a, 0xf7, 0x9a, 0xf7, 0x78, 0xef, 0x99, 0xf7, 0xba, 0xf7, 0x9a, 0xf7,
    0x99, 0xf7, 0x9a, 0xf7, 0x99, 0xf7, 0x9a, 0xf7, 0x9a, 0xf7, 0x99, 0xf7,
    0x9a, 0xf7, 0x99, 0xf7, 0x99, 0xef, 0x9a, 0xf7, 0x99, 0xf7, 0x99, 0xf7,
    0x9a, 0xf7, 0x99, 0xf7, 0x99, 0xef, 0x99, 0xf7, 0x9a, 0xf7, 0x9a, 0xf7,
    0x79, 0xef, 0x78, 0xef, 0x9a, 0xf7, 0x99, 0xf7, 0x99, 0xef, 0x79, 0xf7,
    0x99, 0xf7, 0x99, 0xef, 0x79, 0xf7, 0x99, 0xf7, 0x99, 0xf7, 0x99, 0xef,
    0x79, 0xf7, 0x98, 0xef, 0x79, 0xef, 0x79, 0xf7, 0x99, 0xf7, 0x78, 0xef,
    0x78, 0xf7, 0x79, 0xf7, 0x99, 0xef, 0x78, 0xf7, 0x99, 0xf7, 0x78, 0xef,
    0x98, 0xf7, 0x99, 0xf7, 0x78, 0xef, 0x78, 0xf7, 0x78, 0xef, 0x78, 0xf7,
    0x98, 0xf7, 0x78, 0xef, 0x78, 0xf7, 0x98, 0xef, 0x78, 0xf7, 0x78, 0xf7,
    0x78, 0xf7, 0x78, 0xef, 0x78, 0xf7, 0x78, 0xef, 0x78, 0xf7, 0x78, 0xf7,
    0x98, 0xf7, 0x78, 0xef, 0x79, 0xf7, 0x78, 0xf7, 0x78, 0xef, 0x98, 0xef,
    0x78, 0xf7, 0x79, 0xef, 0x98, 0xf7, 0x99, 0xef, 0x78, 0xf7, 0x99, 0xef,
    0x99, 0xf7, 0x99, 0xef, 0x79, 0xef, 0x79, 0xf7, 0x99, 0xf7, 0x98, 0xf7,
    0x99, 0xf7, 0x99, 0xf7, 0x98, 0xf7, 0x79, 0xf7, 0x99, 0xf7, 0x79, 0xf7,
    0x79, 0xef, 0x99, 0xf7, 0x99, 0xf7, 0x79, 0xef, 0x99, 0xf7, 0x99, 0xf7,
    0x79, 0xf7, 0x99, 0xf7, 0x99, 0xf7, 0x99, 0xf7, 0x99, 0xf7, 0x99, 0xf7,
    0x99, 0xf7, 0x99, 0xf7, 0x99, 0xf7, 0x9a, 0xf7, 0x99, 0xef, 0x99, 0xf7,
    0x9a, 0xef, 0x99, 0xf7, 0x99, 0xf7, 0x9a, 0xf7, 0xba, 0xf7, 0x99, 0xf7,
    0x9a, 0xf7, 0x99, 0xf7, 0x9a, 0xf7, 0x9a, 0xf7, 0x9a, 0xf7, 0x9a, 0xf7,
    0x9a, 0xf7, 0xba, 0xf7, 0x9a, 0xf7, 0x9a, 0xf7, 0x78, 0xef, 0x99, 0xf7,
    0xba, 0xf7, 0x9a, 0xf7, 0x9a, 0xf7, 0x9a, 0xf7, 0x9a, 0xf7, 0x9a, 0xf7,
    0x9a, 0xf7, 0x9a, 0xf7, 0x9a, 0xf7, 0x9a, 0xf7, 0x9a, 0xf7, 0x9a, 0xf7,
    0x9a, 0xf7, 0x9a, 0xf7, 0xbb, 0xf7, 0xbb, 0xf7, 0xbb, 0xf7, 0xbb, 0xff,
    0x9a, 0xf7, 0x79, 0xef, 0xbb, 0xff, 0xbb, 0xff, 0x9b, 0xf7, 0xbb, 0xf7,
    0xbb, 0xff, 0xbb, 0xff, 0xbb, 0xf7, 0x79, 0xf7, 0x9b, 0xf7, 0xbb, 0xff,
    0xbb, 0xf7, 0xdc, 0xff, 0x9a, 0xf7, 0x9a, 0xef, 0xbc, 0xff, 0xbb, 0xf7,
    0xbc, 0xff, 0x9a, 0xf7, 0x79, 0xef, 0xbc, 0xf7, 0xdc, 0xff, 0xbb, 0xf7,
    0xbb, 0xff, 0xbc, 0xff, 0xbc, 0xf7, 0xbb, 0xf7, 0x7a, 0xef, 0xdc, 0xff,
    0xdc, 0xff, 0x9b, 0xf7, 0x9a, 0xf7, 0xbc, 0xff, 0xbc, 0xf7, 0x9b, 0xf7,
    0x9a, 0xf7, 0xbc, 0xf7, 0x79, 0xef, 0xdc, 0xff, 0xbc, 0xff, 0xbc, 0xf7,
    0x7a, 0xef, 0xbc, 0xff, 0xdc, 0xff, 0xbb, 0xf7, 0x79, 0xef, 0x9a, 0xf7,
    0x9a, 0xef, 0x9a, 0xf7, 0xbc, 0xf7, 0xbc, 0xf7, 0xdc, 0xff, 0x9a, 0xf7,
    0x79, 0xef, 0xbc, 0xff, 0xbc, 0xf7, 0xbb, 0xf7, 0xbc, 0xff, 0x9a, 0xf7,
    0x9a, 0xf7, 0xbb, 0xf7, 0xbb, 0xf7, 0xbb, 0xf7, 0x9a, 0xf7, 0x7a, 0xf7,
    0xbb, 0xff, 0xbb, 0xf7, 0x9b, 0xff, 0xbb, 0xff, 0xbb, 0xf7, 0x9a, 0xf7,
    0xbb, 0xff, 0xbb, 0xf7, 0xbb, 0xf7, 0xba, 0xf7, 0xbb, 0xff, 0xbb, 0xf7,
    0x9a, 0xf7, 0x9a, 0xf7, 0x9a, 0xf7, 0xbb, 0xf7, 0xba, 0xf7, 0xbb, 0xf7,
    0x9a, 0xff, 0xba, 0xf7, 0xba, 0xff, 0x9a, 0xf7, 0xba, 0xf7, 0x9a, 0xf7,
    0xba, 0xf7, 0x9a, 0xf7, 0x9a, 0xf7, 0xba, 0xf7, 0x9a, 0xf7, 0x9a, 0xf7,
    0x9a, 0xf7, 0x9a, 0xf7, 0x9a, 0xf7, 0x79, 0xef, 0x79, 0xf7, 0x99, 0xf7,
    0x99, 0xef, 0x99, 0xf7, 0x99, 0xf7, 0x99, 0xf7, 0x99, 0xef, 0x99, 0xef,
    0x99, 0xf7, 0x79, 0xef, 0x79, 0xf7, 0x99, 0xf7, 0x99, 0xef, 0x99, 0xef,
    0x79, 0xf7, 0x79, 0xef, 0x79, 0xf7, 0x79, 0xef, 0x99, 0xef, 0x79, 0xef,
    0x78, 0xef, 0x99, 0xf7, 0x99, 0xf7, 0x99, 0xf7, 0x99, 0xf7, 0x99, 0xf7,
    0x99, 0xef, 0x99, 0xf7, 0x99, 0xf7, 0x99, 0xef, 0x99, 0xf7, 0x99, 0xf7,
    0x79, 0xef, 0x98, 0xf7, 0x78, 0xef, 0x79, 0xf7, 0x78, 0xf7, 0x79, 0xef,
    0x98, 0xf7, 0x79, 0xef, 0x78, 0xf7, 0x78, 0xef, 0x79, 0xf7, 0x78, 0xef,
    0x78, 0xf7, 0x99, 0xf7, 0x78, 0xf7, 0x78, 0xf7, 0x78, 0xef, 0x98, 0xef,
    0x98, 0xf7, 0x78, 0xf7, 0x79, 0xf7, 0x98, 0xf7, 0x98, 0xef, 0x78, 0xef,
    0x78, 0xef, 0x78, 0xef, 0x78, 0xf7, 0x78, 0xef, 0x78, 0xef, 0x78, 0xef,
    0x78, 0xef, 0x99, 0xf7, 0x98, 0xf7, 0x78, 0xef, 0x78, 0xf7, 0x98, 0xf7,
    0x78, 0xf7, 0x78, 0xf7, 0x99, 0xf7, 0x79, 0xf7, 0x78, 0xf7, 0x98, 0xef,
    0x79, 0xf7, 0x78, 0xf7, 0x98, 0xef, 0x99, 0xef, 0x79, 0xf7, 0x98, 0xef,
    0x99, 0xf7, 0x99, 0xf7, 0x79, 0xef, 0x98, 0xf7, 0x99, 0xf7, 0x78, 0xef,
    0x99, 0xf7, 0x99, 0xf7, 0x98, 0xf7, 0x99, 0xf7, 0x79, 0xef, 0x99, 0xf7,
    0x99, 0xf7, 0x79, 0xef, 0x99, 0xf7, 0x99, 0xf7, 0x79, 0xf7, 0x79, 0xef,
    0x99, 0xef, 0x99, 0xf7, 0x79, 0xf7, 0x99, 0xf7, 0x9a, 0xf7, 0x99, 0xf7,
    0x99, 0xf7, 0x9a, 0xf7, 0x9a, 0xf7, 0x99, 0xef, 0x9a, 0xf7, 0x9a, 0xf7,
    0x99, 0xf7, 0x99, 0xf7, 0x9a, 0xf7, 0x99, 0xf7, 0x9a, 0xf7, 0x9a, 0xf7,
    0xba, 0xf7, 0xba, 0xf7, 0x9a, 0xf7, 0x78, 0xef, 0x99, 0xf7, 0xbb, 0xf7,
    0x9a, 0xf7, 0x9a, 0xf7, 0xbb, 0xf7, 0xba, 0xf7, 0xba, 0xf7, 0x9a, 0xf7,
    0xbb, 0xf7, 0xbb, 0xf7, 0xba, 0xf7, 0xbb, 0xf7, 0xbb, 0xf7, 0xbb, 0xf7,
    0xbb, 0xf7, 0xbb, 0xf7, 0xbb, 0xf7, 0xbb, 0xff, 0xbb, 0xff, 0x9a, 0xf7,
    0x79, 0xef, 0xbb, 0xf7, 0xbb, 0xff, 0x9b, 0xf7, 0xbb, 0xf7, 0x9b, 0xf7,
    0xbb, 0xf7, 0xbb, 0xf7, 0x79, 0xf7, 0xbb, 0xf7, 0xbb, 0xf7, 0xbb, 0xf7,
    0xbb, 0xf7, 0x9a, 0xf7, 0x99, 0xef, 0xbc, 0xff, 0xbb, 0xf7, 0xbb, 0xff,
    0x9a, 0xf7, 0x79, 0xef, 0xdc, 0xff, 0xbb, 0xff, 0xbb, 0xf7, 0xdb, 0xf7,
    0xbc, 0xff, 0xbc, 0xf7, 0xbb, 0xff, 0xbb, 0xf7, 0x7a, 0xef, 0xbc, 0xff,
    0xdc, 0xff, 0x9a, 0xf7, 0x9b, 0xf7, 0xdc, 0xf7, 0xbb, 0xf7, 0x9b, 0xf7,
    0x9a, 0xef, 0xbc, 0xff, 0x79, 0xef, 0xbb, 0xf7, 0xbc, 0xff, 0xbb, 0xf7,
    0x7a, 0xf7, 0xdc, 0xff, 0xbb, 0xf7, 0xbb, 0xff, 0xbb, 0xf7, 0xbb, 0xf7,
    0xbb, 0xf7, 0x9a, 0xf7, 0x9a, 0xf7, 0xbc, 0xf7, 0xbb, 0xf7, 0xdc, 0xff,
    0x9a, 0xf7, 0x79, 0xf7, 0xdc, 0xff, 0xbb, 0xf7, 0xbb, 0xf7, 0xbc, 0xff,
    0x9a, 0xf7, 0x9a, 0xf7, 0xbb, 0xf7, 0xbb, 0xf7, 0xbb, 0xf7, 0x9a, 0xf7,
    0x7a, 0xf7, 0xbb, 0xf7, 0xbb, 0xf7, 0xbb, 0xff, 0xbb, 0xf7, 0x9a, 0xf7,
    0x9a, 0xf7, 0xbb, 0xff, 0xbb, 0xf7, 0x9b, 0xf7, 0xba, 0xff, 0xbb, 0xf7,
    0xbb, 0xf7, 0x9a, 0xf7, 0x9a, 0xf7, 0x9a, 0xf7, 0xbb, 0xff, 0x9a, 0xf7,
    0x9a, 0xf7, 0xbb, 0xf7, 0x9a, 0xf7, 0x9a, 0xf7, 0x9a, 0xff, 0x9a, 0xf7,
    0x9a, 0xf7, 0x9a, 0xff, 0xba, 0xf7, 0x9a, 0xf7, 0x9a, 0xf7, 0xba, 0xf7,
    0x9a, 0xf7, 0x99, 0xf7, 0x9a, 0xf7, 0x9a, 0xf7, 0x79, 0xef, 0x79, 0xef,
    0x79, 0xef, 0x79, 0xef, 0x79, 0xef, 0x79, 0xef, 0x79, 0xef, 0x79, 0xef,
    0x78, 0xef, 0x79, 0xef, 0x79, 0xef, 0x79, 0xef, 0x79, 0xef, 0x79, 0xef,
    0x78, 0xef, 0x78, 0xef, 0x79, 0xef, 0x78, 0xef, 0x78, 0xef, 0x78, 0xef,
    0x79, 0xf7, 0x99, 0xf7, 0x99, 0xf7, 0x99, 0xef, 0x99, 0xf7, 0x99, 0xf7,
    0x79, 0xf7, 0x99, 0xf7, 0x99, 0xf7, 0x79, 0xf7, 0x99, 0xf7, 0x99, 0xef,
    0x79, 0xf7, 0x79, 0xf7, 0x98, 0xf7, 0x78, 0xef, 0x79, 0xf7, 0x98, 0xf7,
    0x98, 0xef, 0x78, 0xf7, 0x79, 0xf7, 0x98, 0xef, 0x78, 0xef, 0x98, 0xf7,
    0x79, 0xef, 0x78, 0xef, 0x79, 0xf7, 0x78, 0xef, 0x99, 0xf7, 0x78, 0xf7,
    0x78, 0xef, 0x79, 0xf7, 0x78, 0xef, 0x78, 0xef, 0x78, 0xf7, 0x78, 0xef,
    0x78, 0xef, 0x78, 0xef, 0x78, 0xf7, 0x78, 0xf7, 0x98, 0xef, 0x99, 0xf7,
    0x78, 0xf7, 0x79, 0xf7, 0x98, 0xef, 0x78, 0xef, 0x79, 0xf7, 0x78, 0xef,
    0x78, 0xef, 0x78, 0xef, 0x99, 0xf7, 0x98, 0xef, 0x79, 0xf7, 0x99, 0xf7,
    0x99, 0xef, 0x78, 0xf7, 0x78, 0xf7, 0x99, 0xf7, 0x78, 0xf7, 0x79, 0xef,
    0x99, 0xef, 0x98, 0xf7, 0x79, 0xf7, 0x99, 0xef, 0x79, 0xf7, 0x78, 0xf7,
    0x99, 0xf7, 0x79, 0xf7, 0x98, 0xef, 0x99, 0xf7, 0x79, 0xf7, 0x99, 0xef,
    0x99, 0xf7, 0x79, 0xf7, 0x79, 0xef, 0x99, 0xf7, 0x99, 0xf7, 0x99, 0xf7,
    0x99, 0xf7, 0x79, 0xf7, 0x99, 0xef, 0x99, 0xf7, 0x99, 0xf7, 0x99, 0xf7,
    0x7a, 0xf7, 0x99, 0xf7, 0x99, 0xf7, 0x99, 0xf7, 0x99, 0xf7, 0x9a, 0xf7,
    0x9a, 0xf7, 0x9a, 0xf7, 0x99, 0xf7, 0xba, 0xf7, 0x9a, 0xf7, 0x9a, 0xf7,
    0x9a, 0xf7, 0x9a, 0xf7, 0x78, 0xef, 0x79, 0xf7, 0xba, 0xf7, 0x9a, 0xf7,
    0x9a, 0xf7, 0xba, 0xf7, 0x9a, 0xf7, 0x9a, 0xf7, 0xba, 0xf7, 0x9a, 0xf7,
    0x9b, 0xf7, 0xba, 0xf7, 0x9a, 0xf7, 0x9b, 0xf7, 0xbb, 0xff, 0xbb, 0xf7,
    0xba, 0xff, 0xbb, 0xf7, 0xbb, 0xf7, 0xbb, 0xff, 0x9a, 0xf7, 0x79, 0xef,
    0x9b, 0xf7, 0xbb, 0xf7, 0xbb, 0xf7, 0xba, 0xf7, 0x9a, 0xf7, 0xbb, 0xff,
    0x9b, 0xf7, 0x79, 0xef, 0x9b, 0xf7, 0xbb, 0xff, 0xbb, 0xf7, 0xbb, 0xff,
    0x9a, 0xf7, 0x79, 0xef, 0xbb, 0xf7, 0xbb, 0xf7, 0xbb, 0xff, 0xdc, 0xff,
    0x9a, 0xef, 0xbb, 0xf7, 0xbc, 0xff, 0xbb, 0xf7, 0xbb, 0xff, 0xbc, 0xff,
    0xdb, 0xff, 0xbb, 0xf7, 0xbc, 0xff, 0xbb, 0xf7, 0x7a, 0xef, 0xdc, 0xff,
    0xbc, 0xff, 0x9a, 0xf7, 0x9a, 0xef, 0xbc, 0xf7, 0xbb, 0xf7, 0x9a, 0xf7,
    0x9a, 0xf7, 0xbc, 0xf7, 0x7a, 0xef, 0xbc, 0xff, 0xdc, 0xf7, 0xdc, 0xff,
    0x9a, 0xf7, 0x9a, 0xf7, 0xbc, 0xf7, 0xbc, 0xff, 0xbc, 0xff, 0xbb, 0xf7,
    0xbb, 0xff, 0xdc, 0xff, 0xbb, 0xf7, 0x9a, 0xf7, 0xbc, 0xff, 0xbb, 0xf7,
    0xdc, 0xff, 0x9a, 0xf7, 0x9a, 0xf7, 0xbb, 0xff, 0xbb, 0xf7, 0xbb, 0xf7,
    0xbb, 0xff, 0x9a, 0xf7, 0x9a, 0xf7, 0xbb, 0xf7, 0xbb, 0xf7, 0xbb, 0xf7,
    0x9a, 0xf7, 0x79, 0xef, 0xbb, 0xf7, 0xbb, 0xf7, 0xbb, 0xff, 0xbb, 0xf7,
    0x9a, 0xf7, 0x9a, 0xf7, 0xbb, 0xff, 0x9b, 0xf7, 0xba, 0xf7, 0x9a, 0xf7,
    0x9a, 0xff, 0xbb, 0xf7, 0xbb, 0xf7, 0x9a, 0xf7, 0x9a, 0xf7, 0xbb, 0xf7,
    0x9a, 0xf7, 0xba, 0xf7, 0x9b, 0xf7, 0x9a, 0xf7, 0xba, 0xf7, 0x9a, 0xf7,
    0x9a, 0xf7, 0x9a, 0xf7, 0x9a, 0xf7, 0x9a, 0xf7, 0x9a, 0xf7, 0xba, 0xf7,
    0x9a, 0xf7, 0x9a, 0xf7, 0xba, 0xf7, 0x9a, 0xf7, 0x9a, 0xf7, 0x9a, 0xf7,
    0xba, 0xf7, 0x9a, 0xf7, 0x9a, 0xf7, 0x99, 0xf7, 0x9a, 0xf7, 0x99, 0xf7,
    0x99, 0xf7, 0x9a, 0xf7, 0x99, 0xf7, 0x99, 0xf7, 0x99, 0xf7, 0x99, 0xf7,
    0x99, 0xf7, 0x99, 0xf7, 0x99, 0xf7, 0x99, 0xf7, 0x99, 0xf7, 0x99, 0xf7,
    0x99, 0xf7, 0x99, 0xf7, 0x99, 0xf7, 0x99, 0xf7, 0x79, 0xef, 0x99, 0xf7,
    0x99, 0xf7, 0x99, 0xef, 0x99, 0xf7, 0x79, 0xf7, 0x79, 0xef, 0x98, 0xf7,
    0x79, 0xf7, 0x99, 0xef, 0x99, 0xf7, 0x79, 0xef, 0x98, 0xf7, 0x99, 0xf7,
    0x78, 0xef, 0x79, 0xef, 0x79, 0xf7, 0x79, 0xf7, 0x78, 0xef, 0x78, 0xf7,
    0x98, 0xef, 0x78, 0xf7, 0x98, 0xef, 0x78, 0xef, 0x78, 0xf7, 0x79, 0xef,
    0x78, 0xef, 0x98, 0xf7, 0x78, 0xef, 0x78, 0xef, 0x78, 0xf7, 0x78, 0xef,
    0x78, 0xf7, 0x78, 0xf7, 0x78, 0xef, 0x78, 0xf7, 0x78, 0xf7, 0x98, 0xef,
    0x78, 0xef, 0x78, 0xf7, 0x78, 0xef, 0x78, 0xf7, 0x79, 0xef, 0x98, 0xf7,
    0x79, 0xef, 0x79, 0xf7, 0x78, 0xef, 0x78, 0xf7, 0x98, 0xef, 0x79, 0xef,
    0x98, 0xf7, 0x99, 0xf7, 0x78, 0xef, 0x99, 0xf7, 0x78, 0xf7, 0x78, 0xf7,
    0x99, 0xf7, 0x78, 0xef, 0x99, 0xf7, 0x98, 0xf7, 0x99, 0xf7, 0x99, 0xef,
    0x79, 0xef, 0x99, 0xf7, 0x99, 0xf7, 0x79, 0xf7, 0x99, 0xf7, 0x79, 0xf7,
    0x79, 0xf7, 0x99, 0xf7, 0x99, 0xf7, 0x99, 0xf7, 0x99, 0xf7, 0x79, 0xf7,
    0x99, 0xef, 0x99, 0xf7, 0x99, 0xf7, 0x99, 0xef, 0x99, 0xf7, 0x99, 0xef,
    0x99, 0xf7, 0x9a, 0xf7, 0x99, 0xf7, 0x9a, 0xf7, 0x9a, 0xf7, 0x99, 0xf7,
    0x99, 0xf7, 0x9a, 0xf7, 0x9a, 0xf7, 0x99, 0xf7, 0xb9, 0xf7, 0x9a, 0xf7,
    0x9a, 0xf7, 0x78, 0xef, 0x79, 0xf7, 0x9a, 0xf7, 0x9a, 0xf7, 0x9a, 0xf7,
    0x9a, 0xf7, 0x9a, 0xf7, 0xba, 0xf7, 0x9a, 0xf7, 0xba, 0xf7, 0x9b, 0xf7,
    0xba, 0xf7, 0x9a, 0xff, 0x9a, 0xf7, 0x9a, 0xf7, 0x9a, 0xf7, 0x9a, 0xf7,
    0xba, 0xf7, 0xba, 0xf7, 0x9b, 0xf7, 0x9a, 0xf7, 0x78, 0xef, 0xbb, 0xf7,
    0xbb, 0xff, 0xbb, 0xf7, 0xba, 0xf7, 0xbb, 0xff, 0x9b, 0xf7, 0xbb, 0xf7,
    0x79, 0xf7, 0x9a, 0xf7, 0xbb, 0xff, 0xbb, 0xf7, 0xbb, 0xff, 0x9a, 0xf7,
    0x9a, 0xef, 0xbb, 0xff, 0xbb, 0xff, 0xbb, 0xf7, 0xbb, 0xf7, 0xbc, 0xff,
    0x9a, 0xf7, 0x9b, 0xf7, 0xbb, 0xf7, 0xbb, 0xff, 0xbc, 0xf7, 0xbb, 0xff,
    0xbb, 0xf7, 0xdb, 0xff, 0xbc, 0xff, 0xbb, 0xf7, 0x99, 0xef, 0xbc, 0xff,
    0xbc, 0xf7, 0x9b, 0xf7, 0x9a, 0xf7, 0xbc, 0xff, 0xbb, 0xf7, 0x9a, 0xf7,
    0x7a, 0xf7, 0xbc, 0xf7, 0x79, 0xef, 0xbc, 0xff, 0xbc, 0xf7, 0xbb, 0xf7,
    0xdc, 0xff, 0x79, 0xef, 0x9a, 0xf7, 0xdc, 0xff, 0xbc, 0xf7, 0xbb, 0xff,
    0xbb, 0xf7, 0xbc, 0xf7, 0xbc, 0xff, 0x9a, 0xf7, 0x9a, 0xf7, 0xbb, 0xf7,
    0xbb, 0xf7, 0xbc, 0xff, 0x9a, 0xf7, 0x9a, 0xf7, 0xbc, 0xff, 0xbb, 0xf7,
    0xbb, 0xff, 0xbb, 0xff, 0x9a, 0xf7, 0x9a, 0xf7, 0xbb, 0xff, 0xbb, 0xf7,
    0xbb, 0xff, 0x9a, 0xf7, 0x79, 0xf7, 0xbb, 0xf7, 0xbb, 0xf7, 0xbb, 0xf7,
    0xbb, 0xff, 0x9a, 0xf7, 0x9a, 0xf7, 0x9b, 0xf7, 0x9a, 0xf7, 0x9a, 0xf7,
    0xba, 0xf7, 0x9a, 0xf7, 0x9a, 0xf7, 0xba, 0xff, 0x9a, 0xf7, 0x9a, 0xf7,
    0xbb, 0xff, 0xba, 0xf7, 0xba, 0xf7, 0xba, 0xff, 0x9a, 0xf7, 0x9a, 0xf7,
    0xba, 0xf7, 0xba, 0xf7, 0x9a, 0xf7, 0x9a, 0xf7, 0xb9, 0xf7, 0x99, 0xf7,
    0x9a, 0xf7, 0x9a, 0xf7, 0xba, 0xf7, 0x9a, 0xf7, 0x9a, 0xf7, 0xba, 0xf7,
    0x99, 0xf7, 0x9a, 0xf7, 0x99, 0xf7, 0x99, 0xf7, 0x9a, 0xf7, 0x99, 0xf7,
    0x99, 0xf7, 0x9a, 0xf7, 0x99, 0xf7, 0x99, 0xf7, 0x99, 0xf7, 0x99, 0xf7,
    0x79, 0xf7, 0x99, 0xf7, 0x79, 0xf7, 0x9a, 0xf7, 0x9a, 0xf7, 0x99, 0xf7,
    0x99, 0xf7, 0x99, 0xf7, 0x99, 0xf7, 0x99, 0xf7, 0x79, 0xf7, 0x99, 0xf7,
    0x99, 0xef, 0x99, 0xf7, 0x99, 0xf7, 0x99, 0xf7, 0x99, 0xef, 0x78, 0xf7,
    0x98, 0xef, 0x79, 0xf7, 0x79, 0xef, 0x78, 0xf7, 0x79, 0xef, 0x79, 0xef,
    0x78, 0xf7, 0x98, 0xef, 0x79, 0xf7, 0x78, 0xef, 0x98, 0xf7, 0x79, 0xf7,
    0x98, 0xf7, 0x99, 0xf7, 0x99, 0xf7, 0x78, 0xef, 0x78, 0xf7, 0x98, 0xf7,
    0x78, 0xef, 0x78, 0xf7, 0x78, 0xf7, 0x78, 0xef, 0x78, 0xef, 0x78, 0xf7,
    0x78, 0xef, 0x78, 0xef, 0x78, 0xef, 0x98, 0xef, 0x98, 0xf7, 0x78, 0xef,
    0x78, 0xef, 0x98, 0xf7, 0x78, 0xf7, 0x78, 0xef, 0x98, 0xf7, 0x78, 0xf7,
    0x78, 0xef, 0x98, 0xf7, 0x79, 0xef, 0x99, 0xf7, 0x78, 0xef, 0x78, 0xef,
    0x79, 0xf7, 0x98, 0xf7, 0x79, 0xef, 0x79, 0xef, 0x98, 0xf7, 0x99, 0xef,
    0x79, 0xf7, 0x79, 0xf7, 0x98, 0xf7, 0x79, 0xef, 0x99, 0xf7, 0x98, 0xf7,
    0x79, 0xf7, 0x98, 0xf7, 0x99, 0xf7, 0x79, 0xef, 0x99, 0xef, 0x99, 0xef,
    0x99, 0xf7, 0x99, 0xf7, 0x99, 0xef, 0x99, 0xf7, 0x79, 0xf7, 0x99, 0xef,
    0x99, 0xf7, 0x79, 0xf7, 0x9a, 0xf7, 0x99, 0xf7, 0x79, 0xf7, 0x9a, 0xf7,
    0x99, 0xef, 0x99, 0xf7, 0x9a, 0xf7, 0x99, 0xef, 0x99, 0xf7, 0x9a, 0xf7,
    0x99, 0xef, 0x99, 0xf7, 0x9a, 0xf7, 0x9a, 0xf7, 0x9a, 0xf7, 0xba, 0xf7,
    0x78, 0xef, 0x99, 0xf7, 0xba, 0xf7, 0x9a, 0xf7, 0x9a, 0xf7, 0x9a, 0xf7,
    0x9a, 0xf7, 0xba, 0xf7, 0xba, 0xff, 0x9a, 0xf7, 0x9b, 0xf7, 0xba, 0xf7,
    0xba, 0xff, 0x9a, 0xf7, 0x9a, 0xf7, 0xba, 0xf7, 0x9a, 0xf7, 0x9a, 0xf7,
    0xbb, 0xf7, 0xba, 0xf7, 0xbb, 0xff, 0x99, 0xf7, 0x79, 0xef, 0xbb, 0xff,
    0xbb, 0xf7, 0xba, 0xf7, 0xbb, 0xff, 0xbb, 0xf7, 0xbb, 0xf7, 0x9a, 0xf7,
    0x9a, 0xf7, 0xbb, 0xf7, 0xbb, 0xf7, 0xbb, 0xff, 0x9a, 0xf7, 0x79, 0xef,
    0xbb, 0xff, 0xbb, 0xf7, 0xbb, 0xff, 0xbb, 0xff, 0xbb, 0xf7, 0xbb, 0xff,
    0x9a, 0xef, 0x9a, 0xf7, 0xbb, 0xff, 0xbc, 0xf7, 0xbb, 0xff, 0xbb, 0xf7,
    0xbc, 0xf7, 0xbb, 0xff, 0xbb, 0xff, 0xbb, 0xf7, 0x7a, 0xef, 0xdc, 0xff,
    0xbc, 0xff, 0x9a, 0xf7, 0x9a, 0xf7, 0xdc, 0xff, 0xbc, 0xf7, 0x9b, 0xf7,
    0x9a, 0xf7, 0xbc, 0xf7, 0x79, 0xef, 0xbc, 0xff, 0xbb, 0xff, 0xbb, 0xf7,
    0xbb, 0xf7, 0xbc, 0xff, 0x79, 0xef, 0x9a, 0xf7, 0xdc, 0xff, 0xbb, 0xf7,
    0xbb, 0xff, 0xbb, 0xf7, 0xbb, 0xf7, 0xbb, 0xff, 0xbb, 0xf7, 0x9a, 0xf7,
    0xbb, 0xf7, 0xbb, 0xf7, 0xbb, 0xff, 0x9a, 0xf7, 0x9a, 0xf7, 0xbc, 0xff,
    0xbb, 0xf7, 0xbb, 0xf7, 0xbb, 0xf7, 0x9b, 0xf7, 0x9a, 0xf7, 0xbb, 0xf7,
    0x9b, 0xf7, 0xbb, 0xff, 0x9a, 0xf7, 0x79, 0xf7, 0xbb, 0xf7, 0xbb, 0xff,
    0xbb, 0xf7, 0xbb, 0xf7, 0x9a, 0xf7, 0x9a, 0xf7, 0xbb, 0xff, 0xbb, 0xf7,
    0xba, 0xf7, 0x9b, 0xff, 0x9a, 0xf7, 0x9a, 0xf7, 0xba, 0xf7, 0x9a, 0xf7,
    0x9a, 0xf7, 0x9a, 0xf7, 0x9a, 0xf7, 0xba, 0xf7, 0xbb, 0xf7, 0x9a, 0xf7,
    0x9a, 0xf7, 0x9a, 0xf7, 0x9a, 0xf7, 0xba, 0xf7, 0x9a, 0xf7, 0x9a, 0xf7,
    0x9a, 0xf7, 0x9a, 0xf7, 0x9a, 0xf7, 0x9a, 0xf7, 0x9a, 0xf7, 0xba, 0xf7,
    0x9a, 0xf7, 0x9a, 0xf7, 0x99, 0xf7, 0x9a, 0xf7, 0x9a, 0xf7, 0x9a, 0xf7,
    0x9a, 0xf7, 0x99, 0xf7, 0x9a, 0xf7, 0x9a, 0xf7, 0x99, 0xf7, 0x9a, 0xf7,
    0x99, 0xf7, 0x9a, 0xf7, 0x99, 0xf7, 0x99, 0xf7, 0x99, 0xf7, 0x99, 0xf7,
    0x99, 0xef, 0x7a, 0xf7, 0x99, 0xf7, 0x99, 0xef, 0x99, 0xf7, 0x79, 0xf7,
    0x99, 0xf7, 0x79, 0xf7, 0x99, 0xf7, 0x99, 0xef, 0x79, 0xf7, 0x79, 0xf7,
    0x98, 0xf7, 0x78, 0xef, 0x78, 0xf7, 0x78, 0xef, 0x78, 0xf7, 0x78, 0xf7,
    0x98, 0xef, 0x78, 0xf7, 0x98, 0xef, 0x79, 0xef, 0x78, 0xef, 0x79, 0xef,
    0x78, 0xf7, 0x98, 0xef, 0x78, 0xf7, 0x98, 0xf7, 0x98, 0xef, 0x78, 0xf7,
    0x78, 0xef, 0x78, 0xef, 0x78, 0xf7, 0x78, 0xf7, 0x78, 0xef, 0x78, 0xef,
    0x78, 0xef, 0x78, 0xf7, 0x78, 0xf7, 0x78, 0xef, 0x98, 0xf7, 0x98, 0xf7,
    0x78, 0xef, 0x79, 0xf7, 0x78, 0xef, 0x78, 0xef, 0x79, 0xf7, 0x78, 0xef,
    0x98, 0xef, 0x78, 0xf7, 0x78, 0xf7, 0x79, 0xf7, 0x78, 0xf7, 0x99, 0xef,
    0x99, 0xf7, 0x78, 0xf7, 0x98, 0xef, 0x99, 0xf7, 0x78, 0xf7, 0x98, 0xef,
    0x99, 0xf7, 0x98, 0xf7, 0x99, 0xef, 0x99, 0xf7, 0x99, 0xf7, 0x99, 0xf7,
    0x99, 0xef, 0x99, 0xf7, 0x99, 0xf7, 0x99, 0xf7, 0x99, 0xf7, 0x99, 0xf7,
    0x99, 0xf7, 0x79, 0xef, 0x99, 0xf7, 0x99, 0xf7, 0x79, 0xef, 0x99, 0xf7,
    0x99, 0xf7, 0x79, 0xef, 0x99, 0xf7, 0x99, 0xf7, 0x99, 0xef, 0x79, 0xf7,
    0x9a, 0xf7, 0x99, 0xf7, 0x99, 0xf7, 0x9a, 0xf7, 0x9a, 0xf7, 0x9a, 0xf7,
    0x9a, 0xf7, 0x9a, 0xf7, 0x99, 0xf7, 0x9a, 0xf7, 0x9a, 0xf7, 0x78, 0xef,
    0x99, 0xf7, 0x9a, 0xf7, 0x9a, 0xf7, 0x9a, 0xf7, 0xba, 0xf7, 0x9a, 0xf7,
    0x9a, 0xf7, 0xba, 0xf7, 0x9a, 0xf7, 0xba, 0xff, 0x9a, 0xf7, 0xba, 0xf7,
    0xba, 0xf7, 0x9a, 0xf7, 0xbb, 0xf7, 0x9b, 0xf7, 0xba, 0xf7, 0x9b, 0xf7,
    0x9b, 0xff, 0x9a, 0xf7, 0xbb, 0xf7, 0x9a, 0xf7, 0x79, 0xf7, 0xbb, 0xf7,
    0xbb, 0xf7, 0x9a, 0xf7, 0x9a, 0xf7, 0xbb, 0xf7, 0x9a, 0xf7, 0xbb, 0xff,
    0x79, 0xef, 0xbb, 0xf7, 0xbb, 0xf7, 0xbb, 0xf7, 0x79, 0xef, 0xbb, 0xf7,
    0xbb, 0xf7, 0xbb, 0xff, 0xbb, 0xf7, 0xbb, 0xf7, 0xbb, 0xff, 0xbc, 0xff,
    0x9a, 0xef, 0xbb, 0xf7, 0xbb, 0xf7, 0xbb, 0xff, 0xbb, 0xf7, 0xbb, 0xf7,
    0xbc, 0xff, 0xbb, 0xf7, 0xbc, 0xff, 0xbb, 0xf7, 0x7a, 0xef, 0xbb, 0xff,
    0xbb, 0xff, 0x9a, 0xf7, 0x9a, 0xef, 0xbc, 0xf7, 0xbb, 0xf7, 0x9a, 0xf7,
    0x9a, 0xef, 0xbc, 0xff, 0x79, 0xef, 0xbc, 0xf7, 0xbb, 0xff, 0xbb, 0xff,
    0xbc, 0xf7, 0xbb, 0xff, 0xbc, 0xff, 0x7a, 0xef, 0x9a, 0xf7, 0xbc, 0xff,
    0xbb, 0xf7, 0xbb, 0xf7, 0xbb, 0xf7, 0xbb, 0xf7, 0xbb, 0xff, 0xbb, 0xf7,
    0x9a, 0xf7, 0xbc, 0xf7, 0xbb, 0xf7, 0xbb, 0xf7, 0x9a, 0xf7, 0x9a, 0xf7,
    0xbb, 0xf7, 0xbb, 0xf7, 0xbb, 0xf7, 0xbb, 0xff, 0x9a, 0xf7, 0x9a, 0xf7,
    0xbb, 0xf7, 0xbb, 0xf7, 0xbb, 0xf7, 0x9a, 0xf7, 0x79, 0xf7, 0xbb, 0xf7,
    0xbb, 0xf7, 0x9a, 0xf7, 0xbb, 0xf7, 0x9a, 0xf7, 0x9a, 0xf7, 0xbb, 0xf7,
    0x9a, 0xf7, 0xba, 0xf7, 0x9b, 0xf7, 0x9a, 0xf7, 0x9a, 0xf7, 0xba, 0xf7,
    0x9a, 0xf7, 0x9a, 0xf7, 0x9a, 0xf7, 0x9a, 0xf7, 0x9a, 0xf7, 0x99, 0xf7,
    0x9a, 0xf7, 0x99, 0xf7, 0x99, 0xf7, 0x99, 0xf7, 0x99, 0xf7, 0x99, 0xf7,
    0x99, 0xf7, 0x99, 0xf7, 0x99, 0xf7, 0x99, 0xf7, 0x99, 0xf7, 0x99, 0xf7,
    0x99, 0xef, 0x99, 0xf7, 0x9a, 0xf7, 0x9a, 0xf7, 0xb9, 0xf7, 0x9a, 0xf7,
    0x9a, 0xf7, 0x9a, 0xf7, 0x99, 0xf7, 0x9a, 0xf7, 0x9a, 0xf7, 0x99, 0xf7,
    0x99, 0xf7, 0x9a, 0xef, 0x99, 0xf7, 0x79, 0xef, 0x99, 0xf7, 0x99, 0xf7,
    0x99, 0xf7, 0x99, 0xf7, 0x79, 0xef, 0x99, 0xf7, 0x99, 0xf7, 0x99, 0xef,
    0x99, 0xf7, 0x79, 0xf7, 0x99, 0xef, 0x99, 0xf7, 0x79, 0xef, 0x99, 0xf7,
    0x99, 0xef, 0x79, 0xf7, 0x79, 0xf7, 0x99, 0xef, 0x78, 0xef, 0x79, 0xf7,
    0x79, 0xef, 0x78, 0xf7, 0x99, 0xf7, 0x78, 0xf7, 0x78, 0xf7, 0x79, 0xef,
    0x78, 0xef, 0x78, 0xf7, 0x78, 0xef, 0x99, 0xf7, 0x78, 0xf7, 0x78, 0xef,
    0x78, 0xf7, 0x78, 0xef, 0x78, 0xef, 0x98, 0xf7, 0x78, 0xef, 0x78, 0xef,
    0x78, 0xf7, 0x78, 0xef, 0x78, 0xf7, 0x78, 0xf7, 0x78, 0xef, 0x78, 0xf7,
    0x78, 0xef, 0x98, 0xf7, 0x78, 0xef, 0x98, 0xf7, 0x79, 0xf7, 0x78, 0xef,
    0x79, 0xef, 0x79, 0xf7, 0x98, 0xef, 0x98, 0xf7, 0x78, 0xef, 0x99, 0xf7,
    0x78, 0xf7, 0x79, 0xef, 0x98, 0xf7, 0x78, 0xf7, 0x79, 0xef, 0x78, 0xf7,
    0x99, 0xf7, 0x99, 0xef, 0x98, 0xf7, 0x79, 0xef, 0x98, 0xf7, 0x99, 0xf7,
    0x79, 0xef, 0x99, 0xf7, 0x79, 0xf7, 0x58, 0xef, 0x58, 0xef, 0x99, 0xf7,
    0x99, 0xf7, 0x79, 0xf7, 0x99, 0xf7, 0x99, 0xf7, 0x99, 0xf7, 0x9a, 0xf7,
    0x9a, 0xf7, 0x9a, 0xf7, 0x79, 0xf7, 0x99, 0xf7, 0x9a, 0xf7, 0x99, 0xf7,
    0x9a, 0xf7, 0x9a, 0xf7, 0x99, 0xf7, 0x9a, 0xf7, 0x99, 0xf7, 0x9a, 0xf7,
    0x9a, 0xf7, 0x9a, 0xf7, 0xba, 0xf7, 0x99, 0xf7, 0x78, 0xef, 0x79, 0xef,
    0x9a, 0xf7, 0x9a, 0xf7, 0x9a, 0xf7, 0xba, 0xf7, 0x9a, 0xf7, 0x9a, 0xf7,
    0x9a, 0xf7, 0xba, 0xf7, 0x9a, 0xf7, 0x9a, 0xf7, 0xbb, 0xf7, 0x9a, 0xf7,
    0x9a, 0xf7, 0x9a, 0xf7, 0x9a, 0xf7, 0xba, 0xf7, 0xba, 0xf7, 0xba, 0xf7,
    0xbb, 0xff, 0x9b, 0xf7, 0xbb, 0xf7, 0x79, 0xef, 0x9a, 0xf7, 0xbb, 0xff,
    0xba, 0xf7, 0x9b, 0xf7, 0xbb, 0xff, 0x9a, 0xf7, 0x9a, 0xf7, 0x9a, 0xf7,
    0x79, 0xef, 0xbb, 0xf7, 0x9b, 0xf7, 0xbb, 0xf7, 0x79, 0xef, 0xbb, 0xff,
    0xbb, 0xf7, 0xbb, 0xf7, 0xbb, 0xf7, 0xbb, 0xf7, 0xbb, 0xf7, 0xbb, 0xff,
    0x9a, 0xef, 0x9b, 0xf7, 0xbb, 0xff, 0xbb, 0xf7, 0xbb, 0xff, 0xbb, 0xf7,
    0xbb, 0xf7, 0xbb, 0xf7, 0xbb, 0xff, 0x9a, 0xf7, 0x9a, 0xef, 0xbb, 0xff,
    0xbc, 0xf7, 0x9a, 0xf7, 0x9a, 0xef, 0xbc, 0xff, 0xbb, 0xf7, 0x9a, 0xf7,
    0x7a, 0xf7, 0xbc, 0xf7, 0x7a, 0xef, 0xbb, 0xff, 0xbb, 0xf7, 0xbb, 0xf7,
    0xbc, 0xf7, 0xdb, 0xff, 0xbb, 0xf7, 0xdc, 0xff, 0x9a, 0xef, 0x9a, 0xf7,
    0xbc, 0xff, 0xbb, 0xf7, 0xbb, 0xff, 0xbb, 0xf7, 0xbb, 0xf7, 0xbb, 0xff,
    0x9b, 0xf7, 0x9a, 0xf7, 0xbb, 0xff, 0xbb, 0xf7, 0xbb, 0xf7, 0x9a, 0xf7,
    0x9a, 0xf7, 0xbb, 0xff, 0xbb, 0xf7, 0xbb, 0xf7, 0xbb, 0xff, 0xba, 0xf7,
    0x9a, 0xf7, 0xbb, 0xff, 0xbb, 0xf7, 0xbb, 0xf7, 0x9a, 0xf7, 0x79, 0xef,
    0xbb, 0xf7, 0xba, 0xff, 0x9a, 0xf7, 0xbb, 0xf7, 0x9a, 0xf7, 0x9a, 0xf7,
    0xbb, 0xff, 0xba, 0xf7, 0xba, 0xf7, 0x9a, 0xf7, 0x9a, 0xf7, 0x9a, 0xf7,
    0x9a, 0xf7, 0xba, 0xf7, 0x9a, 0xf7, 0x9a, 0xf7, 0x9a, 0xf7, 0x9a, 0xf7,
    0x9a, 0xf7, 0x9a, 0xf7, 0x9a, 0xf7, 0x9a, 0xf7, 0x9a, 0xf7, 0x9a, 0xf7,
    0x9a, 0xf7, 0x9a, 0xf7, 0x9a, 0xf7, 0x9a, 0xf7, 0x9a, 0xf7, 0x9a, 0xf7,
    0x9a, 0xf7, 0x99, 0xf7, 0x78, 0xef, 0x78, 0xef, 0x9a, 0xf7, 0x78, 0xef,
    0x78, 0xef, 0x9a, 0xf7, 0x78, 0xef, 0x78, 0xef, 0x99, 0xf7, 0x58, 0xef,
    0x79, 0xef, 0x9a, 0xf7, 0x78, 0xef, 0x79, 0xef, 0x7a, 0xf7, 0x99, 0xf7,
    0x99, 0xf7, 0x99, 0xf7, 0x99, 0xf7, 0x79, 0xf7, 0x79, 0xef, 0x99, 0xf7,
    0x99, 0xef, 0x99, 0xf7, 0x99, 0xf7, 0x79, 0xf7, 0x78, 0xf7, 0x99, 0xef,
    0x79, 0xf7, 0x98, 0xef, 0x99, 0xf7, 0x79, 0xef, 0x78, 0xf7, 0x98, 0xef,
    0x79, 0xef, 0x78, 0xef, 0x78, 0xf7, 0x99, 0xef, 0x78, 0xf7, 0x98, 0xf7,
    0x99, 0xf7, 0x98, 0xf7, 0x78, 0xef, 0x99, 0xf7, 0x99, 0xf7, 0x78, 0xef,
    0x78, 0xf7, 0x98, 0xf7, 0x78, 0xef, 0x78, 0xf7, 0x78, 0xf7, 0x78, 0xef,
    0x78, 0xef, 0x78, 0xef, 0x78, 0xef, 0x98, 0xf7, 0x78, 0xef, 0x78, 0xef,
    0x98, 0xf7, 0x78, 0xef, 0x78, 0xf7, 0x79, 0xef, 0x78, 0xf7, 0x98, 0xef,
    0x78, 0xf7, 0x99, 0xf7, 0x78, 0xef, 0x98, 0xf7, 0x79, 0xf7, 0x98, 0xef,
    0x98, 0xf7, 0x79, 0xef, 0x99, 0xf7, 0x98, 0xef, 0x78, 0xf7, 0x99, 0xf7,
    0x78, 0xef, 0x78, 0xf7, 0x79, 0xf7, 0x98, 0xef, 0x99, 0xf7, 0x79, 0xf7,
    0x98, 0xf7, 0x99, 0xf7, 0x78, 0xef, 0x57, 0xef, 0x78, 0xef, 0x57, 0xef,
    0x78, 0xef, 0x79, 0xef, 0x78, 0xef, 0x79, 0xef, 0x78, 0xef, 0x79, 0xef,
    0x79, 0xef, 0x78, 0xef, 0x78, 0xef, 0x59, 0xef, 0x78, 0xef, 0x58, 0xef,
    0x78, 0xef, 0x78, 0xef, 0x58, 0xef, 0x78, 0xef, 0x78, 0xef, 0x78, 0xef,
    0x78, 0xef, 0x78, 0xef, 0x58, 0xef, 0x58, 0xef, 0x99, 0xef, 0x9a, 0xf7,
    0x9a, 0xf7, 0x9a, 0xf7, 0x9a, 0xf7, 0xba, 0xf7, 0x9a, 0xf7, 0x9a, 0xf7,
    0xba, 0xf7, 0x9a, 0xf7, 0xba, 0xf7, 0x9a, 0xf7, 0xba, 0xf7, 0x9a, 0xf7,
    0x9a, 0xf7, 0xba, 0xf7, 0x9a, 0xf7, 0x9a, 0xff, 0x9b, 0xf7, 0xba, 0xf7,
    0x9a, 0xf7, 0xbb, 0xff, 0x78, 0xef, 0x79, 0xef, 0xbb, 0xf7, 0xbb, 0xf7,
    0xba, 0xf7, 0xbb, 0xf7, 0x9a, 0xf7, 0x9a, 0xf7, 0xbb, 0xf7, 0x79, 0xef,
    0x79, 0xf7, 0xbb, 0xff, 0xbb, 0xff, 0xbb, 0xf7, 0x79, 0xf7, 0xbb, 0xff,
    0x9b, 0xf7, 0xbb, 0xff, 0xbb, 0xff, 0xbb, 0xf7, 0xbb, 0xf7, 0xbb, 0xff,
    0x79, 0xf7, 0x9b, 0xf7, 0xbb, 0xf7, 0xbb, 0xff, 0xbb, 0xff, 0xbb, 0xff,
    0xdb, 0xf7, 0xbc, 0xff, 0x9a, 0xf7, 0x7a, 0xef, 0x9a, 0xef, 0xbb, 0xff,
    0xbc, 0xff, 0x9a, 0xf7, 0x9a, 0xef, 0xbc, 0xff, 0xbb, 0xf7, 0x9a, 0xf7,
    0x7a, 0xf7, 0xbc, 0xf7, 0x7a, 0xef, 0xbc, 0xff, 0xbb, 0xff, 0xbb, 0xf7,
    0xbb, 0xf7, 0xbb, 0xff, 0xbb, 0xf7, 0xbb, 0xf7, 0xbc, 0xff, 0x79, 0xef,
    0x7a, 0xef, 0xbc, 0xff, 0xbb, 0xff, 0xbb, 0xf7, 0xbb, 0xf7, 0xbb, 0xff,
    0xbb, 0xff, 0x9a, 0xf7, 0x9a, 0xf7, 0xbb, 0xff, 0xbb, 0xf7, 0xbb, 0xf7,
    0x9a, 0xf7, 0x9a, 0xf7, 0xbb, 0xff, 0xbb, 0xf7, 0xbb, 0xf7, 0xbb, 0xff,
    0x9b, 0xf7, 0x9a, 0xf7, 0xbb, 0xff, 0x9a, 0xf7, 0xbb, 0xf7, 0x9a, 0xf7,
    0x79, 0xf7, 0xbb, 0xf7, 0xbb, 0xff, 0x9a, 0xf7, 0xba, 0xff, 0x9a, 0xf7,
    0x9a, 0xf7, 0x9a, 0xff, 0xba, 0xf7, 0x9a, 0xf7, 0x9a, 0xf7, 0xba, 0xf7,
    0x9a, 0xf7, 0x9a, 0xf7, 0x9a, 0xf7, 0x9a, 0xf7, 0x9a, 0xf7, 0x9a, 0xf7,
    0xba, 0xf7, 0x9a, 0xf7, 0x9a, 0xf7, 0x9a, 0xf7, 0x9a, 0xf7, 0x9a, 0xf7,
    0x9a, 0xf7, 0x9a, 0xf7, 0x99, 0xf7, 0x9a, 0xf7, 0x9a, 0xf7, 0x9a, 0xf7,
    0x9a, 0xf7, 0x9a, 0xf7, 0x79, 0xef, 0x78, 0xef, 0x9a, 0xf7, 0x79, 0xef,
    0x78, 0xef, 0x9a, 0xf7, 0x78, 0xef, 0x78, 0xef, 0x99, 0xf7, 0x78, 0xef,
    0x79, 0xef, 0x99, 0xf7, 0x58, 0xef, 0x79, 0xef, 0x99, 0xf7, 0x79, 0xef,
    0x99, 0xf7, 0x99, 0xef, 0x99, 0xf7, 0x99, 0xf7, 0x99, 0xf7, 0x79, 0xf7,
    0x99, 0xf7, 0x99, 0xef, 0x79, 0xef, 0x79, 0xf7, 0x98, 0xf7, 0x99, 0xf7,
    0x79, 0xef, 0x78, 0xf7, 0x99, 0xf7, 0x98, 0xf7, 0x98, 0xf7, 0x79, 0xf7,
    0x78, 0xef, 0x78, 0xf7, 0x79, 0xef, 0x78, 0xef, 0x79, 0xf7, 0x78, 0xef,
    0x98, 0xf7, 0x78, 0xef, 0x78, 0xef, 0x99, 0xef, 0x78, 0xf7, 0x78, 0xef,
    0x78, 0xef, 0x79, 0xf7, 0x78, 0xef, 0x78, 0xef, 0x78, 0xf7, 0x78, 0xef,
    0x78, 0xef, 0x78, 0xf7, 0x78, 0xef, 0x78, 0xf7, 0x78, 0xf7, 0x78, 0xef,
    0x79, 0xf7, 0x78, 0xf7, 0x98, 0xef, 0x78, 0xef, 0x78, 0xf7, 0x78, 0xef,
    0x78, 0xef, 0x99, 0xf7, 0x79, 0xf7, 0x78, 0xef, 0x99, 0xf7, 0x78, 0xf7,
    0x78, 0xef, 0x98, 0xf7, 0x79, 0xf7, 0x98, 0xef, 0x78, 0xef, 0x99, 0xf7,
    0x99, 0xef, 0x78, 0xef, 0x79, 0xf7, 0x99, 0xf7, 0x79, 0xef, 0x99, 0xf7,
    0x99, 0xf7, 0x99, 0xef, 0x78, 0xef, 0x57, 0xef, 0x58, 0xe7, 0x79, 0xef,
    0x99, 0xf7, 0x99, 0xf7, 0x79, 0xf7, 0x79, 0xf7, 0x79, 0xf7, 0x99, 0xf7,
    0x79, 0xef, 0x79, 0xf7, 0x79, 0xf7, 0x79, 0xef, 0x79, 0xf7, 0x79, 0xef,
    0x79, 0xf7, 0x79, 0xef, 0x99, 0xef, 0x79, 0xf7, 0x79, 0xef, 0x99, 0xef,
    0x99, 0xf7, 0x99, 0xf7, 0x79, 0xef, 0x9a, 0xf7, 0x9a, 0xf7, 0x9a, 0xf7,
    0x9a, 0xf7, 0x99, 0xf7, 0x9a, 0xf7, 0x9a, 0xf7, 0x9a, 0xf7, 0x9a, 0xff,
    0x9a, 0xf7, 0x9a, 0xf7, 0x9a, 0xff, 0x9a, 0xf7, 0x99, 0xf7, 0x9a, 0xf7,
    0xba, 0xf7, 0xbb, 0xf7, 0x9a, 0xf7, 0xba, 0xf7, 0x9b, 0xf7, 0x9b, 0xff,
    0xbb, 0xf7, 0x99, 0xef, 0x79, 0xf7, 0xbb, 0xff, 0xba, 0xf7, 0xbb, 0xf7,
    0xbb, 0xff, 0x9a, 0xf7, 0x9a, 0xf7, 0xbb, 0xf7, 0x99, 0xf7, 0x58, 0xef,
    0xbb, 0xf7, 0xbb, 0xf7, 0xbb, 0xf7, 0xbb, 0xf7, 0x79, 0xef, 0xbb, 0xf7,
    0xbb, 0xf7, 0xbb, 0xff, 0xbb, 0xf7, 0x9b, 0xff, 0x9b, 0xf7, 0xbb, 0xff,
    0x99, 0xef, 0x9b, 0xf7, 0xbb, 0xff, 0xbb, 0xf7, 0xbc, 0xf7, 0xbb, 0xf7,
    0xbb, 0xff, 0xbb, 0xf7, 0x79, 0xef, 0x9a, 0xf7, 0x9a, 0xf7, 0xbb, 0xf7,
    0xbc, 0xf7, 0x9a, 0xf7, 0x9a, 0xf7, 0xbc, 0xff, 0xbb, 0xf7, 0x9a, 0xf7,
    0x7a, 0xf7, 0xbc, 0xf7, 0x7a, 0xef, 0xdc, 0xff, 0xbb, 0xff, 0xbb, 0xf7,
    0xbb, 0xf7, 0xbb, 0xff, 0xbb, 0xf7, 0xbb, 0xff, 0xbb, 0xff, 0xbc, 0xff,
    0x79, 0xef, 0x9a, 0xf7, 0xbb, 0xff, 0xbb, 0xf7, 0xbb, 0xf7, 0xbb, 0xf7,
    0xbb, 0xf7, 0xbb, 0xf7, 0x9a, 0xf7, 0x9a, 0xf7, 0xbb, 0xf7, 0xbb, 0xf7,
    0xbb, 0xff, 0x9a, 0xf7, 0x7a, 0xf7, 0xbb, 0xf7, 0xbb, 0xf7, 0xbb, 0xf7,
    0xbb, 0xf7, 0x9a, 0xf7, 0xba, 0xf7, 0xbb, 0xff, 0xba, 0xf7, 0xbb, 0xf7,
    0x9a, 0xf7, 0x79, 0xef, 0xba, 0xf7, 0x9b, 0xf7, 0x9a, 0xf7, 0xba, 0xf7,
    0x9a, 0xf7, 0x9a, 0xf7, 0x9b, 0xf7, 0x9a, 0xf7, 0xba, 0xff, 0xba, 0xf7,
    0x9a, 0xf7, 0x9a, 0xff, 0xba, 0xf7, 0xba, 0xf7, 0x9a, 0xf7, 0xba, 0xf7,
    0xba, 0xf7, 0x9a, 0xf7, 0x9a, 0xf7, 0x9a, 0xf7, 0x99, 0xf7, 0xb9, 0xf7,
    0x9a, 0xf7, 0x9a, 0xf7, 0xb9, 0xf7, 0x99, 0xf7, 0x9a, 0xf7, 0x99, 0xf7,
    0x99, 0xf7, 0x9a, 0xf7, 0x9a, 0xf7, 0x9a, 0xf7, 0x9a, 0xf7, 0x9a, 0xf7,
    0x9a, 0xf7, 0x99, 0xf7, 0x99, 0xf7, 0x99, 0xf7, 0x9a, 0xf7, 0x99, 0xf7,
    0x99, 0xf7, 0x99, 0xf7, 0x99, 0xf7, 0x79, 0xf7, 0x99, 0xf7, 0x99, 0xf7,
    0x79, 0xf7, 0x99, 0xf7, 0x79, 0xef, 0x99, 0xf7, 0x99, 0xf7, 0x79, 0xef,
    0x99, 0xf7, 0x99, 0xf7, 0x99, 0xef, 0x79, 0xf7, 0x99, 0xf7, 0x99, 0xef,
    0x79, 0xf7, 0x79, 0xf7, 0x98, 0xef, 0x79, 0xef, 0x79, 0xef, 0x78, 0xf7,
    0x98, 0xf7, 0x78, 0xef, 0x99, 0xf7, 0x78, 0xf7, 0x78, 0xef, 0x78, 0xef,
    0x79, 0xf7, 0x99, 0xf7, 0x78, 0xef, 0x78, 0xf7, 0x98, 0xf7, 0x78, 0xef,
    0x78, 0xf7, 0x98, 0xef, 0x78, 0xef, 0x78, 0xf7, 0x78, 0xef, 0x78, 0xf7,
    0x78, 0xef, 0x78, 0xf7, 0x78, 0xef, 0x78, 0xef, 0x78, 0xf7, 0x98, 0xef,
    0x78, 0xef, 0x78, 0xf7, 0x98, 0xef, 0x78, 0xf7, 0x79, 0xf7, 0x98, 0xef,
    0x98, 0xef, 0x78, 0xf7, 0x79, 0xef, 0x99, 0xef, 0x78, 0xf7, 0x79, 0xf7,
    0x78, 0xef, 0x98, 0xf7, 0x79, 0xf7, 0x78, 0xef, 0x98, 0xf7, 0x79, 0xf7,
    0x98, 0xf7, 0x79, 0xf7, 0x99, 0xef, 0x78, 0xf7, 0x78, 0xef, 0x79, 0xef,
    0x99, 0xf7, 0x99, 0xf7, 0x99, 0xf7, 0x79, 0xef, 0x79, 0xf7, 0x99, 0xf7,
    0x99, 0xf7, 0x99, 0xf7, 0x99, 0xf7, 0x99, 0xf7, 0x99, 0xf7, 0x99, 0xf7,
    0x99, 0xf7, 0x99, 0xf7, 0x99, 0xf7, 0x99, 0xf7, 0x99, 0xf7, 0x9a, 0xf7,
    0x99, 0xf7, 0x9a, 0xf7, 0x9a, 0xf7, 0x99, 0xf7, 0x9a, 0xf7, 0x9a, 0xf7,
    0x9a, 0xf7, 0x9a, 0xf7, 0x9a, 0xf7, 0x9a, 0xf7, 0x9a, 0xf7, 0x9a, 0xf7,
    0x99, 0xf7, 0x9a, 0xf7, 0xba, 0xf7, 0x99, 0xf7, 0xba, 0xf7, 0x99, 0xf7,
    0x9a, 0xf7, 0xba, 0xf7, 0x9a, 0xf7, 0x99, 0xf7, 0x9a, 0xf7, 0x9a, 0xf7,
    0xba, 0xf7, 0x9a, 0xff, 0x9a, 0xf7, 0xba, 0xf7, 0xba, 0xf7, 0xbb, 0xff,
    0x79, 0xef, 0x79, 0xef, 0xbb, 0xf7, 0xba, 0xff, 0xbb, 0xf7, 0xba, 0xf7,
    0x9a, 0xf7, 0x9a, 0xf7, 0xbb, 0xf7, 0x79, 0xf7, 0x58, 0xef, 0xbb, 0xf7,
    0xbb, 0xf7, 0xbb, 0xf7, 0xbb, 0xff, 0x9a, 0xf7, 0x79, 0xf7, 0xbb, 0xff,
    0xbb, 0xf7, 0xbb, 0xf7, 0xbb, 0xf7, 0xbb, 0xff, 0xbb, 0xff, 0x9a, 0xf7,
    0x7a, 0xef, 0xbb, 0xf7, 0xbb, 0xf7, 0xbb, 0xf7, 0xbb, 0xf7, 0xbb, 0xff,
    0xbb, 0xf7, 0x7a, 0xef, 0x9a, 0xf7, 0xbb, 0xf7, 0x9a, 0xf7, 0xbb, 0xf7,
    0xbb, 0xff, 0x9a, 0xf7, 0x9a, 0xef, 0xbc, 0xf7, 0xbb, 0xf7, 0x9a, 0xf7,
    0x7a, 0xef, 0xbc, 0xff, 0x79, 0xef, 0xbb, 0xf7, 0xbc, 0xff, 0xbb, 0xff,
    0xbc, 0xff, 0xbb, 0xf7, 0xbb, 0xff, 0xbb, 0xf7, 0xbb, 0xf7, 0xbb, 0xf7,
    0xbb, 0xf7, 0x79, 0xef, 0xbc, 0xff, 0xbb, 0xf7, 0xbb, 0xff, 0xbb, 0xf7,
    0xbb, 0xf7, 0xbb, 0xff, 0xbb, 0xf7, 0x9b, 0xf7, 0x9a, 0xf7, 0xbb, 0xf7,
    0xbb, 0xf7, 0xbb, 0xf7, 0x9a, 0xf7, 0x7a, 0xf7, 0xbb, 0xff, 0xbb, 0xf7,
    0xbb, 0xff, 0xbb, 0xf7, 0x9a, 0xf7, 0xbb, 0xf7, 0xbb, 0xff, 0x9a, 0xf7,
    0xbb, 0xf7, 0x9a, 0xf7, 0x79, 0xef, 0xbb, 0xf7, 0xbb, 0xf7, 0x9a, 0xf7,
    0x9a, 0xf7, 0x9a, 0xf7, 0x9a, 0xf7, 0x9a, 0xf7, 0x9a, 0xf7, 0x9a, 0xf7,
    0x7a, 0xf7, 0x9a, 0xf7, 0x9a, 0xf7, 0x99, 0xf7, 0x9a, 0xf7, 0x9a, 0xf7,
    0x99, 0xf7, 0x99, 0xf7, 0x99, 0xf7, 0x99, 0xf7, 0x9a, 0xf7, 0x9a, 0xf7,
    0x9a, 0xf7, 0x9a, 0xf7, 0x9a, 0xf7, 0x9a, 0xf7, 0x9a, 0xf7, 0xb9, 0xf7,
    0x9a, 0xf7, 0x9a, 0xf7, 0x99, 0xf7, 0x99, 0xf7, 0x9a, 0xf7, 0x99, 0xf7,
    0x99, 0xf7, 0x9a, 0xf7, 0x99, 0xf7, 0x99, 0xf7, 0x99, 0xf7, 0x9a, 0xf7,
    0x99, 0xf7, 0x99, 0xf7, 0x99, 0xef, 0x99, 0xf7, 0x99, 0xf7, 0x99, 0xef,
    0x99, 0xf7, 0x99, 0xf7, 0x79, 0xef, 0x99, 0xf7, 0x99, 0xf7, 0x99, 0xef,
    0x79, 0xf7, 0x99, 0xf7, 0x98, 0xf7, 0x99, 0xf7, 0x99, 0xf7, 0x99, 0xef,
    0x79, 0xf7, 0x99, 0xf7, 0x78, 0xef, 0x99, 0xf7, 0x79, 0xef, 0x98, 0xf7,
    0x79, 0xef, 0x78, 0xef, 0x78, 0xf7, 0x98, 0xef, 0x99, 0xf7, 0x78, 0xef,
    0x78, 0xf7, 0x79, 0xf7, 0x78, 0xef, 0x78, 0xf7, 0x99, 0xf7, 0x78, 0xef,
    0x78, 0xf7, 0x98, 0xf7, 0x78, 0xef, 0x78, 0xf7, 0x78, 0xef, 0x78, 0xef,
    0x78, 0xef, 0x78, 0xef, 0x78, 0xf7, 0x78, 0xf7, 0x78, 0xef, 0x78, 0xef,
    0x78, 0xf7, 0x78, 0xef, 0x78, 0xf7, 0x79, 0xef, 0x78, 0xf7, 0x78, 0xf7,
    0x98, 0xef, 0x79, 0xf7, 0x78, 0xf7, 0x98, 0xef, 0x99, 0xf7, 0x78, 0xef,
    0x79, 0xf7, 0x98, 0xef, 0x99, 0xf7, 0x79, 0xef, 0x78, 0xf7, 0x98, 0xef,
    0x78, 0xef, 0x98, 0xf7, 0x99, 0xf7, 0x99, 0xf7, 0x98, 0xf7, 0x78, 0xef,
    0x79, 0xf7, 0x99, 0xf7, 0x99, 0xf7, 0x79, 0xf7, 0x99, 0xf7, 0x99, 0xf7,
    0x99, 0xf7, 0x99, 0xef, 0x99, 0xef, 0x99, 0xf7, 0x99, 0xef, 0x99, 0xf7,
    0x99, 0xf7, 0x99, 0xef, 0x99, 0xf7, 0x99, 0xf7, 0x99, 0xf7, 0x99, 0xf7,
    0x99, 0xf7, 0x99, 0xf7, 0x99, 0xf7, 0x99, 0xf7, 0x99, 0xf7, 0x99, 0xf7,
    0x99, 0xf7, 0x99, 0xf7, 0x99, 0xf7, 0x9a, 0xf7, 0x99, 0xf7, 0x9a, 0xf7,
    0x99, 0xf7, 0x9a, 0xf7, 0x9a, 0xf7, 0xba, 0xf7, 0xba, 0xf7, 0x9a, 0xf7,
    0x9a, 0xf7, 0xba, 0xf7, 0x99, 0xf7, 0x9a, 0xf7, 0xba, 0xf7, 0x9a, 0xf7,
    0x9a, 0xf7, 0xba, 0xf7, 0x9a, 0xf7, 0x9a, 0xf7, 0xbb, 0xf7, 0x79, 0xf7,
    0x78, 0xef, 0xbb, 0xf7, 0xba, 0xf7, 0x9a, 0xf7, 0xbb, 0xf7, 0x79, 0xf7,
    0x9a, 0xf7, 0xbb, 0xf7, 0x79, 0xf7, 0x58, 0xef, 0xbb, 0xf7, 0x9b, 0xf7,
    0x9a, 0xf7, 0xbb, 0xff, 0x9a, 0xf7, 0x79, 0xf7, 0xbb, 0xf7, 0xbb, 0xf7,
    0xbb, 0xff, 0xbb, 0xf7, 0xbb, 0xf7, 0xbb, 0xff, 0xba, 0xf7, 0x79, 0xef,
    0xbb, 0xff, 0xbb, 0xff, 0xbb, 0xff, 0xbb, 0xf7, 0xbb, 0xff, 0xbb, 0xf7,
    0x7a, 0xf7, 0x9a, 0xf7, 0xbb, 0xf7, 0xbb, 0xf7, 0x9a, 0xf7, 0xbb, 0xff,
    0xbb, 0xf7, 0x9a, 0xf7, 0x9a, 0xf7, 0xbc, 0xff, 0xbb, 0xff, 0x9a, 0xf7,
    0x7a, 0xef, 0xbb, 0xff, 0xbb, 0xf7, 0x79, 0xef, 0xbb, 0xf7, 0xdc, 0xff,
    0xbb, 0xf7, 0xbb, 0xf7, 0xbb, 0xf7, 0xbc, 0xff, 0xbb, 0xf7, 0xbb, 0xf7,
    0xbb, 0xf7, 0x79, 0xef, 0xbb, 0xf7, 0xbb, 0xf7, 0x9b, 0xf7, 0x9b, 0xff,
    0xbb, 0xf7, 0xbb, 0xff, 0xbb, 0xf7, 0xbb, 0xff, 0x9a, 0xf7, 0x9a, 0xf7,
    0xbb, 0xff, 0xbb, 0xf7, 0xbb, 0xf7, 0x9a, 0xf7, 0x79, 0xf7, 0xbb, 0xf7,
    0xbb, 0xff, 0xbb, 0xf7, 0xbb, 0xff, 0x9a, 0xf7, 0x9a, 0xf7, 0x9b, 0xf7,
    0xba, 0xff, 0xbb, 0xff, 0x79, 0xf7, 0x79, 0xef, 0xbb, 0xff, 0x9a, 0xf7,
    0xba, 0xf7, 0x9a, 0xf7, 0x9a, 0xf7, 0x9a, 0xf7, 0x9a, 0xf7, 0x9a, 0xf7,
    0x9a, 0xf7, 0x9a, 0xf7, 0x9a, 0xf7, 0x9a, 0xf7, 0x9a, 0xf7, 0x9a, 0xf7,
    0x9a, 0xf7, 0x9a, 0xf7, 0x9a, 0xf7, 0x99, 0xf7, 0x9a, 0xf7, 0x9a, 0xf7,
    0xba, 0xf7, 0x99, 0xf7, 0x99, 0xf7, 0x9a, 0xf7, 0x99, 0xf7, 0x9a, 0xf7,
    0x9a, 0xf7, 0xb9, 0xf7, 0x99, 0xf7, 0xba, 0xf7, 0x99, 0xf7, 0x9a, 0xf7,
    0x9a, 0xf7, 0x9a, 0xf7, 0x99, 0xf7, 0x99, 0xf7, 0x99, 0xef, 0x99, 0xf7,
    0x9a, 0xf7, 0x7a, 0xf7, 0x99, 0xef, 0x79, 0xf7, 0x79, 0xf7, 0x79, 0xef,
    0x99, 0xf7, 0x99, 0xf7, 0x79, 0xf7, 0x99, 0xf7, 0x99, 0xf7, 0x99, 0xf7,
    0x99, 0xf7, 0x79, 0xef, 0x99, 0xf7, 0x98, 0xef, 0x79, 0xef, 0x98, 0xf7,
    0x98, 0xf7, 0x79, 0xef, 0x99, 0xf7, 0x98, 0xf7, 0x78, 0xf7, 0x99, 0xf7,
    0x78, 0xef, 0x79, 0xf7, 0x78, 0xef, 0x78, 0xef, 0x78, 0xf7, 0x98, 0xef,
    0x78, 0xef, 0x99, 0xef, 0x98, 0xf7, 0x78, 0xef, 0x78, 0xef, 0x78, 0xf7,
    0x78, 0xef, 0x79, 0xef, 0x78, 0xf7, 0x78, 0xf7, 0x78, 0xef, 0x78, 0xef,
    0x78, 0xef, 0x78, 0xef, 0x78, 0xf7, 0x78, 0xef, 0x78, 0xf7, 0x78, 0xf7,
    0x78, 0xef, 0x98, 0xf7, 0x78, 0xef, 0x78, 0xef, 0x98, 0xf7, 0x78, 0xf7,
    0x79, 0xf7, 0x78, 0xef, 0x78, 0xf7, 0x99, 0xf7, 0x98, 0xef, 0x78, 0xf7,
    0x99, 0xf7, 0x78, 0xf7, 0x98, 0xef, 0x99, 0xef, 0x79, 0xf7, 0x79, 0xef,
    0x99, 0xef, 0x78, 0xef, 0x78, 0xf7, 0x79, 0xef, 0x99, 0xf7, 0x99, 0xf7,
    0x79, 0xf7, 0x99, 0xef, 0x99, 0xf7, 0x79, 0xf7, 0x99, 0xef, 0x99, 0xf7,
    0x99, 0xf7, 0x79, 0xf7, 0x79, 0xf7, 0x99, 0xf7, 0x79, 0xf7, 0x79, 0xef,
    0x99, 0xf7, 0x79, 0xf7, 0x99, 0xef, 0x99, 0xf7, 0x79, 0xf7, 0x99, 0xef,
    0x99, 0xf7, 0x79, 0xf7, 0x99, 0xf7, 0x99, 0xf7, 0x7a, 0xf7, 0x99, 0xf7,
    0x99, 0xf7, 0x9a, 0xf7, 0x99, 0xf7, 0x99, 0xf7, 0x9a, 0xf7, 0x9a, 0xf7,
    0xb9, 0xf7, 0x9a, 0xf7, 0x9a, 0xf7, 0xba, 0xf7, 0x9a, 0xf7, 0x9a, 0xf7,
    0x9a, 0xf7, 0x99, 0xf7, 0x9a, 0xf7, 0x9a, 0xf7, 0x9a, 0xf7, 0x9a, 0xf7,
    0xba, 0xf7, 0xba, 0xf7, 0x9a, 0xf7, 0x9b, 0xf7, 0x9a, 0xf7, 0x79, 0xef,
    0x9b, 0xff, 0x9a, 0xf7, 0x9a, 0xf7, 0xbb, 0xff, 0x9a, 0xf7, 0x9a, 0xf7,
    0xbb, 0xf7, 0x79, 0xef, 0x58, 0xef, 0x9b, 0xf7, 0xbb, 0xf7, 0xba, 0xf7,
    0xbb, 0xff, 0x9a, 0xf7, 0x99, 0xef, 0xbb, 0xf7, 0xbb, 0xf7, 0xbb, 0xff,
    0xbb, 0xf7, 0xbb, 0xff, 0xbb, 0xff, 0x9a, 0xf7, 0x7a, 0xf7, 0xbb, 0xf7,
    0xbb, 0xf7, 0xbb, 0xf7, 0xbb, 0xf7, 0xbb, 0xff, 0xbb, 0xff, 0x79, 0xef,
    0x9a, 0xf7, 0xbb, 0xf7, 0x9a, 0xf7, 0x9b, 0xf7, 0x9a, 0xf7, 0xbb, 0xf7,
    0xbc, 0xff, 0x9a, 0xf7, 0x7a, 0xef, 0xbb, 0xf7, 0xbb, 0xff, 0x9a, 0xf7,
    0x7a, 0xef, 0xbc, 0xff, 0xbb, 0xf7, 0xbb, 0xf7, 0x79, 0xef, 0x9b, 0xf7,
    0xbc, 0xff, 0xbb, 0xf7, 0xbb, 0xff, 0xbb, 0xf7, 0xbb, 0xff, 0xbb, 0xff,
    0x9b, 0xf7, 0x59, 0xef, 0xbb, 0xff, 0xbb, 0xf7, 0xbb, 0xff, 0xba, 0xf7,
    0xbb, 0xf7, 0xbb, 0xf7, 0xba, 0xff, 0x9b, 0xf7, 0xbb, 0xf7, 0x9a, 0xf7,
    0x9a, 0xf7, 0xbb, 0xf7, 0xbb, 0xf7, 0xbb, 0xff, 0x9a, 0xf7, 0x79, 0xef,
    0xbb, 0xff, 0xbb, 0xf7, 0xba, 0xf7, 0x9b, 0xf7, 0xbb, 0xf7, 0xba, 0xf7,
    0xbb, 0xf7, 0x9a, 0xf7, 0xbb, 0xf7, 0x79, 0xf7, 0x79, 0xef, 0xbb, 0xff,
    0xbb, 0xf7, 0xba, 0xf7, 0x9a, 0xf7, 0xba, 0xf7, 0xba, 0xf7, 0xba, 0xf7,
    0xba, 0xf7, 0x9a, 0xf7, 0x9a, 0xf7, 0x9a, 0xf7, 0x9a, 0xf7, 0x9a, 0xf7,
    0x9a, 0xf7, 0x9a, 0xf7, 0x9a, 0xf7, 0x9a, 0xf7, 0x99, 0xf7, 0x99, 0xf7,
    0x9a, 0xf7, 0x9a, 0xf7, 0xb9, 0xf7, 0x9a, 0xf7, 0xb9, 0xf7, 0x9a, 0xf7,
    0x9a, 0xf7, 0x99, 0xf7, 0x9a, 0xf7, 0x9a, 0xf7, 0xb9, 0xf7, 0x99, 0xf7,
    0x99, 0xf7, 0x99, 0xf7, 0x99, 0xf7, 0x9a, 0xf7, 0x99, 0xf7, 0x99, 0xf7,
    0x99, 0xf7, 0x99, 0xf7, 0x99, 0xf7, 0x79, 0xf7, 0x79, 0xf7, 0x99, 0xf7,
    0x99, 0xf7, 0x79, 0xef, 0x99, 0xf7, 0x79, 0xef, 0x79, 0xf7, 0x99, 0xf7,
    0x99, 0xef, 0x98, 0xf7, 0x79, 0xf7, 0x99, 0xf7, 0x99, 0xf7, 0x98, 0xf7,
    0x79, 0xef, 0x79, 0xf7, 0x98, 0xf7, 0x79, 0xef, 0x79, 0xf7, 0x98, 0xef,
    0x79, 0xef, 0x79, 0xf7, 0x98, 0xf7, 0x78, 0xf7, 0x79, 0xef, 0x79, 0xf7,
    0x78, 0xf7, 0x78, 0xef, 0x78, 0xf7, 0x78, 0xef, 0x98, 0xf7, 0x78, 0xf7,
    0x79, 0xef, 0x78, 0xef, 0x98, 0xf7, 0x78, 0xef, 0x78, 0xef, 0x78, 0xf7,
    0x78, 0xef, 0x78, 0xf7, 0x78, 0xef, 0x78, 0xef, 0x78, 0xf7, 0x79, 0xef,
    0x78, 0xef, 0x78, 0xf7, 0x98, 0xf7, 0x78, 0xf7, 0x78, 0xef, 0x79, 0xef,
    0x78, 0xf7, 0x78, 0xef, 0x99, 0xef, 0x79, 0xf7, 0x78, 0xf7, 0x98, 0xef,
    0x79, 0xef, 0x78, 0xf7, 0x78, 0xf7, 0x98, 0xf7, 0x98, 0xf7, 0x79, 0xf7,
    0x78, 0xf7, 0x79, 0xef, 0x98, 0xf7, 0x79, 0xf7, 0x99, 0xef, 0x99, 0xf7,
    0x78, 0xf7, 0x99, 0xef, 0x99, 0xf7, 0x99, 0xf7, 0x99, 0xf7, 0x79, 0xef,
    0x99, 0xf7, 0x99, 0xf7, 0x99, 0xf7, 0x79, 0xf7, 0x99, 0xf7, 0x99, 0xf7,
    0x99, 0xf7, 0x99, 0xf7, 0x79, 0xf7, 0x99, 0xf7, 0x99, 0xef, 0x99, 0xf7,
    0x99, 0xf7, 0x9a, 0xef, 0x79, 0xf7, 0x99, 0xef, 0x9a, 0xf7, 0x9a, 0xf7,
    0x9a, 0xf7, 0x9a, 0xf7, 0x9a, 0xf7, 0x99, 0xf7, 0x9a, 0xf7, 0x99, 0xf7,
    0x9a, 0xf7, 0x99, 0xf7, 0x9a, 0xf7, 0xba, 0xf7, 0xb9, 0xff, 0x99, 0xf7,
    0x99, 0xf7, 0x9a, 0xf7, 0x9a, 0xf7, 0x9a, 0xf7, 0xba, 0xf7, 0xba, 0xf7,
    0x9a, 0xf7, 0x9a, 0xff, 0xba, 0xf7, 0xba, 0xf7, 0x9a, 0xf7, 0x79, 0xf7,
    0xba, 0xf7, 0xbb, 0xf7, 0xba, 0xf7, 0x99, 0xf7, 0x9a, 0xf7, 0xba, 0xf7,
    0x79, 0xf7, 0x58, 0xef, 0x9a, 0xf7, 0xba, 0xf7, 0x9a, 0xf7, 0xbb, 0xff,
    0x9a, 0xf7, 0x79, 0xef, 0xbb, 0xf7, 0xbb, 0xff, 0xbb, 0xff, 0xbb, 0xf7,
    0xbb, 0xf7, 0xbb, 0xff, 0x9a, 0xf7, 0x9a, 0xef, 0xbb, 0xf7, 0xbb, 0xff,
    0xbb, 0xf7, 0xbb, 0xf7, 0xbb, 0xf7, 0xbb, 0xf7, 0x9a, 0xf7, 0x9a, 0xf7,
    0xbb, 0xf7, 0x9a, 0xf7, 0xbb, 0xf7, 0xbb, 0xf7, 0x9a, 0xf7, 0xbb, 0xf7,
    0xbb, 0xff, 0x9a, 0xf7, 0x7a, 0xef, 0xbb, 0xf7, 0xbb, 0xf7, 0x9a, 0xf7,
    0x7a, 0xef, 0xbb, 0xff, 0xbb, 0xf7, 0xbb, 0xff, 0xbb, 0xf7, 0x79, 0xef,
    0x9a, 0xf7, 0xbc, 0xff, 0xbb, 0xf7, 0xbb, 0xf7, 0xbb, 0xf7, 0xbb, 0xff,
    0x9b, 0xf7, 0x59, 0xef, 0xbb, 0xff, 0xbb, 0xf7, 0x9b, 0xf7, 0xbb, 0xff,
    0xbb, 0xf7, 0x9a, 0xf7, 0xbb, 0xf7, 0xbb, 0xf7, 0x9a, 0xf7, 0x9a, 0xf7,
    0x9a, 0xf7, 0x9a, 0xf7, 0xbb, 0xf7, 0xba, 0xf7, 0xbb, 0xff, 0x9a, 0xf7,
    0x79, 0xf7, 0xbb, 0xff, 0xbb, 0xf7, 0xbb, 0xff, 0xba, 0xff, 0xba, 0xf7,
    0xbb, 0xf7, 0x9a, 0xf7, 0x9a, 0xf7, 0xbb, 0xff, 0x79, 0xf7, 0x78, 0xef,
    0x79, 0xf7, 0x79, 0xf7, 0x79, 0xf7, 0x79, 0xef, 0x79, 0xef, 0x79, 0xef,
    0x79, 0xef, 0x9a, 0xf7, 0xba, 0xf7, 0xba, 0xf7, 0x9a, 0xf7, 0x9a, 0xf7,
    0x9a, 0xf7, 0x99, 0xf7, 0x9a, 0xf7, 0x9a, 0xf7, 0x9a, 0xf7, 0x99, 0xf7,
    0x99, 0xf7, 0x9a, 0xf7, 0x9a, 0xf7, 0x9a, 0xf7, 0x9a, 0xf7, 0xb9, 0xf7,
    0x99, 0xf7, 0x9a, 0xf7, 0x99, 0xf7, 0x99, 0xf7, 0x9a, 0xf7, 0x9a, 0xf7,
    0x9a, 0xf7, 0x99, 0xf7, 0x99, 0xef, 0x99, 0xf7, 0x99, 0xf7, 0x9a, 0xf7,
    0x99, 0xef, 0x99, 0xf7, 0x99, 0xf7, 0x99, 0xef, 0x99, 0xf7, 0x99, 0xf7,
    0x79, 0xef, 0x79, 0xf7, 0x99, 0xf7, 0x99, 0xef, 0x99, 0xf7, 0x79, 0xf7,
    0x99, 0xf7, 0x79, 0xf7, 0x99, 0xf7, 0x99, 0xf7, 0x78, 0xef, 0x79, 0xf7,
    0x99, 0xef, 0x98, 0xf7, 0x99, 0xef, 0x79, 0xf7, 0x99, 0xf7, 0x98, 0xef,
    0x78, 0xf7, 0x78, 0xef, 0x98, 0xf7, 0x79, 0xf7, 0x78, 0xef, 0x98, 0xf7,
    0x78, 0xef, 0x78, 0xef, 0x79, 0xf7, 0x78, 0xef, 0x78, 0xef, 0x98, 0xf7,
    0x78, 0xf7, 0x78, 0xef, 0x78, 0xf7, 0x98, 0xf7, 0x78, 0xef, 0x78, 0xf7,
    0x78, 0xef, 0x78, 0xf7, 0x78, 0xf7, 0x78, 0xef, 0x78, 0xef, 0x79, 0xf7,
    0x78, 0xef, 0x78, 0xef, 0x79, 0xf7, 0x78, 0xef, 0x78, 0xf7, 0x98, 0xf7,
    0x78, 0xf7, 0x78, 0xf7, 0x98, 0xef, 0x99, 0xf7, 0x79, 0xf7, 0x98, 0xef,
    0x98, 0xf7, 0x79, 0xef, 0x99, 0xf7, 0x78, 0xef, 0x99, 0xef, 0x98, 0xf7,
    0x78, 0xef, 0x99, 0xf7, 0x99, 0xf7, 0x78, 0xef, 0x99, 0xf7, 0x79, 0xef,
    0x78, 0xf7, 0x99, 0xf7, 0x99, 0xf7, 0x78, 0xf7, 0x79, 0xef, 0x99, 0xf7,
    0x99, 0xf7, 0x79, 0xef, 0x79, 0xef, 0x99, 0xf7, 0x79, 0xef, 0x99, 0xf7,
    0x99, 0xef, 0x99, 0xf7, 0x99, 0xf7, 0x99, 0xf7, 0x99, 0xf7, 0x79, 0xf7,
    0x99, 0xf7, 0x99, 0xf7, 0x99, 0xef, 0x99, 0xf7, 0x99, 0xf7, 0x99, 0xf7,
    0x99, 0xf7, 0x99, 0xf7, 0x9a, 0xf7, 0x99, 0xf7, 0x99, 0xf7, 0x9a, 0xf7,
    0x9a, 0xf7, 0x99, 0xf7, 0x9a, 0xf7, 0x9a, 0xf7, 0x99, 0xf7, 0x99, 0xf7,
    0x9a, 0xf7, 0x9a, 0xf7, 0x9a, 0xf7, 0x9a, 0xf7, 0xba, 0xf7, 0x9a, 0xf7,
    0x9a, 0xf7, 0x9a, 0xf7, 0xba, 0xf7, 0x9a, 0xf7, 0x9a, 0xf7, 0x79, 0xf7,
    0xba, 0xf7, 0xbb, 0xff, 0x9a, 0xf7, 0x9a, 0xf7, 0x9b, 0xf7, 0x79, 0xef,
    0x58, 0xef, 0x9a, 0xf7, 0xbb, 0xf7, 0x9a, 0xf7, 0xbb, 0xf7, 0x9a, 0xf7,
    0x79, 0xef, 0xbb, 0xf7, 0xbb, 0xff, 0xbb, 0xf7, 0xbb, 0xf7, 0xbb, 0xf7,
    0xbb, 0xf7, 0x9a, 0xf7, 0x79, 0xf7, 0xbb, 0xf7, 0xbb, 0xf7, 0xbb, 0xff,
    0x9a, 0xf7, 0xbb, 0xff, 0xba, 0xff, 0x7a, 0xf7, 0x9a, 0xf7, 0xbb, 0xf7,
    0xbb, 0xff, 0x9b, 0xf7, 0x9b, 0xf7, 0xbb, 0xf7, 0x9a, 0xf7, 0xbb, 0xf7,
    0xbb, 0xf7, 0x9a, 0xf7, 0x7a, 0xf7, 0xbb, 0xff, 0xbb, 0xf7, 0x9a, 0xf7,
    0x7a, 0xef, 0xbb, 0xff, 0xbb, 0xf7, 0xbb, 0xf7, 0xbb, 0xff, 0xbb, 0xf7,
    0x79, 0xef, 0x9b, 0xf7, 0xbb, 0xff, 0xbb, 0xf7, 0xbb, 0xf7, 0xbb, 0xf7,
    0xbb, 0xf7, 0x79, 0xef, 0xbb, 0xf7, 0xbb, 0xff, 0xbb, 0xf7, 0xbb, 0xff,
    0xbb, 0xf7, 0x9a, 0xf7, 0xbb, 0xff, 0xbb, 0xff, 0x9a, 0xf7, 0x9b, 0xf7,
    0x9b, 0xf7, 0x79, 0xf7, 0xbb, 0xff, 0xbb, 0xf7, 0x9a, 0xf7, 0xbb, 0xf7,
    0x9a, 0xf7, 0x7a, 0xf7, 0xbb, 0xf7, 0xbb, 0xf7, 0x9a, 0xf7, 0xbb, 0xff,
    0x9a, 0xff, 0xba, 0xf7, 0xba, 0xf7, 0xba, 0xf7, 0xbb, 0xf7, 0x9a, 0xf7,
    0x79, 0xef, 0x79, 0xf7, 0x99, 0xf7, 0x79, 0xf7, 0x79, 0xf7, 0x79, 0xf7,
    0x79, 0xef, 0x78, 0xef, 0x9a, 0xf7, 0xba, 0xf7, 0x9a, 0xf7, 0xba, 0xf7,
    0x9a, 0xf7, 0x9a, 0xf7, 0xba, 0xf7, 0x9a, 0xf7, 0x9a, 0xf7, 0x9a, 0xf7,
    0x99, 0xf7, 0x99, 0xef, 0xba, 0xf7, 0x9a, 0xf7, 0x99, 0xf7, 0x9a, 0xf7,
    0xb9, 0xf7, 0x9a, 0xf7, 0xb9, 0xf7, 0x99, 0xf7, 0x9a, 0xf7, 0x99, 0xf7,
    0x99, 0xf7, 0x9a, 0xf7, 0x99, 0xf7, 0x99, 0xef, 0x99, 0xf7, 0x99, 0xf7,
    0x79, 0xef, 0x99, 0xf7, 0x99, 0xf7, 0x9a, 0xef, 0x99, 0xf7, 0x99, 0xf7,
    0x99, 0xef, 0x79, 0xf7, 0x99, 0xf7, 0x99, 0xf7, 0x99, 0xef, 0x99, 0xf7,
    0x98, 0xf7, 0x99, 0xef, 0x99, 0xf7, 0x78, 0xef, 0x79, 0xef, 0x99, 0xf7,
    0x78, 0xf7, 0x78, 0xef, 0x99, 0xf7, 0x78, 0xf7, 0x79, 0xef, 0x99, 0xf7,
    0x78, 0xf7, 0x79, 0xef, 0x78, 0xef, 0x78, 0xef, 0x78, 0xf7, 0x98, 0xef,
    0x79, 0xf7, 0x98, 0xf7, 0x98, 0xef, 0x78, 0xf7, 0x78, 0xef, 0x78, 0xf7,
    0x78, 0xef, 0x78, 0xef, 0x78, 0xf7, 0x79, 0xef, 0x78, 0xf7, 0x78, 0xef,
    0x78, 0xef, 0x78, 0xef, 0x78, 0xef, 0x79, 0xf7, 0x98, 0xf7, 0x78, 0xef,
    0x98, 0xf7, 0x78, 0xef, 0x79, 0xef, 0x98, 0xf7, 0x99, 0xef, 0x99, 0xef,
    0x78, 0xf7, 0x98, 0xf7, 0x99, 0xef, 0x78, 0xf7, 0x78, 0xf7, 0x79, 0xf7,
    0x98, 0xef, 0x78, 0xf7, 0x99, 0xf7, 0x79, 0xef, 0x78, 0xf7, 0x99, 0xf7,
    0x79, 0xef, 0x78, 0xf7, 0x99, 0xf7, 0x78, 0xef, 0x98, 0xf7, 0x99, 0xf7,
    0x79, 0xef, 0x79, 0xef, 0x99, 0xf7, 0x79, 0xef, 0x99, 0xf7, 0x99, 0xf7,
    0x99, 0xf7, 0x99, 0xf7, 0x79, 0xf7, 0x98, 0xf7, 0x79, 0xf7, 0x79, 0xef,
    0x99, 0xf7, 0x79, 0xf7, 0x79, 0xef, 0x99, 0xf7, 0x99, 0xf7, 0x99, 0xef,
    0x9a, 0xf7, 0x79, 0xf7, 0x99, 0xf7, 0x9a, 0xf7, 0x79, 0xf7, 0x99, 0xf7,
    0x99, 0xf7, 0x99, 0xf7, 0x9a, 0xf7, 0x99, 0xf7, 0x9a, 0xf7, 0x99, 0xf7,
    0x99, 0xf7, 0xba, 0xf7, 0xba, 0xf7, 0x99, 0xf7, 0x99, 0xf7, 0x99, 0xf7,
    0x9a, 0xf7, 0x9a, 0xf7, 0x9a, 0xf7, 0x9a, 0xf7, 0x9a, 0xf7, 0xba, 0xf7,
    0xba, 0xf7, 0x9a, 0xf7, 0x9a, 0xf7, 0xba, 0xf7, 0x9a, 0xf7, 0x79, 0xef,
    0x9a, 0xf7, 0x9a, 0xf7, 0x9a, 0xf7, 0xbb, 0xf7, 0x9a, 0xf7, 0x58, 0xef,
    0x9a, 0xf7, 0x9a, 0xf7, 0xba, 0xf7, 0xbb, 0xff, 0x9a, 0xf7, 0x79, 0xef,
    0xba, 0xf7, 0xbb, 0xff, 0xbb, 0xff, 0xba, 0xf7, 0xbb, 0xff, 0x9b, 0xff,
    0x9a, 0xf7, 0x79, 0xf7, 0xbb, 0xf7, 0xbb, 0xff, 0xbb, 0xf7, 0xba, 0xf7,
    0x9b, 0xf7, 0xbb, 0xf7, 0x79, 0xf7, 0x9a, 0xf7, 0xbb, 0xf7, 0x9a, 0xf7,
    0x9b, 0xf7, 0xbb, 0xf7, 0x9a, 0xf7, 0x9a, 0xff, 0x9a, 0xf7, 0xbb, 0xf7,
    0xbb, 0xf7, 0x9a, 0xf7, 0x9a, 0xef, 0xbb, 0xff, 0xbb, 0xff, 0x9a, 0xef,
    0x7a, 0xf7, 0xbb, 0xff, 0xbb, 0xf7, 0xbb, 0xf7, 0xbb, 0xff, 0xbb, 0xf7,
    0xbb, 0xf7, 0x79, 0xef, 0x9a, 0xf7, 0xbb, 0xff, 0xbb, 0xf7, 0xbb, 0xff,
    0x9b, 0xf7, 0x79, 0xef, 0xbb, 0xff, 0x9b, 0xf7, 0xbb, 0xf7, 0xbb, 0xf7,
    0x9a, 0xf7, 0xbb, 0xff, 0xbb, 0xf7, 0xbb, 0xf7, 0x9a, 0xf7, 0xbb, 0xf7,
    0xbb, 0xf7, 0x99, 0xf7, 0xbb, 0xf7, 0xbb, 0xf7, 0x9a, 0xf7, 0xbb, 0xf7,
    0xbb, 0xff, 0x9a, 0xf7, 0x79, 0xef, 0xba, 0xf7, 0x9b, 0xf7, 0xbb, 0xf7,
    0xba, 0xf7, 0x9a, 0xf7, 0x9b, 0xf7, 0x9a, 0xf7, 0xba, 0xf7, 0x9a, 0xf7,
    0x9a, 0xf7, 0x9a, 0xf7, 0x9a, 0xf7, 0x9a, 0xf7, 0xba, 0xf7, 0x9a, 0xf7,
    0xba, 0xf7, 0x9a, 0xf7, 0x58, 0xef, 0x9a, 0xf7, 0x9a, 0xf7, 0x9a, 0xf7,
    0x99, 0xf7, 0x9a, 0xf7, 0xba, 0xf7, 0x9a, 0xf7, 0x99, 0xf7, 0x9a, 0xf7,
    0x9a, 0xf7, 0x99, 0xf7, 0x9a, 0xf7, 0x9a, 0xf7, 0x9a, 0xf7, 0x99, 0xf7,
    0x9a, 0xf7, 0x9a, 0xf7, 0x99, 0xf7, 0x99, 0xf7, 0x9a, 0xf7, 0x99, 0xf7,
    0x99, 0xf7, 0x99, 0xf7, 0x9a, 0xf7, 0x99, 0xf7, 0x99, 0xf7, 0x99, 0xf7,
    0x99, 0xf7, 0x79, 0xf7, 0x99, 0xf7, 0x99, 0xf7, 0x79, 0xf7, 0x79, 0xf7,
    0x99, 0xf7, 0x99, 0xef, 0x99, 0xf7, 0x99, 0xf7, 0x79, 0xf7, 0x99, 0xef,
    0x99, 0xf7, 0x79, 0xf7, 0x78, 0xf7, 0x98, 0xef, 0x99, 0xf7, 0x78, 0xf7,
    0x98, 0xf7, 0x79, 0xef, 0x78, 0xf7, 0x98, 0xef, 0x78, 0xf7, 0x99, 0xef,
    0x78, 0xef, 0x79, 0xf7, 0x99, 0xf7, 0x78, 0xef, 0x78, 0xf7, 0x79, 0xef,
    0x78, 0xf7, 0x78, 0xef, 0x78, 0xf7, 0x78, 0xf7, 0x78, 0xef, 0x78, 0xef,
    0x78, 0xf7, 0x78, 0xf7, 0x78, 0xef, 0x78, 0xef, 0x78, 0xf7, 0x78, 0xf7,
    0x78, 0xef, 0x78, 0xf7, 0x78, 0xef, 0x78, 0xef, 0x78, 0xf7, 0x78, 0xef,
    0x78, 0xf7, 0x78, 0xf7, 0x78, 0xf7, 0x78, 0xef, 0x79, 0xf7, 0x79, 0xef,
    0x98, 0xf7, 0x79, 0xef, 0x78, 0xf7, 0x78, 0xef, 0x78, 0xf7, 0x79, 0xef,
    0x79, 0xf7, 0x98, 0xf7, 0x78, 0xef, 0x98, 0xf7, 0x79, 0xf7, 0x98, 0xef,
    0x78, 0xf7, 0x99, 0xf7, 0x78, 0xef, 0x79, 0xf7, 0x99, 0xf7, 0x99, 0xf7,
    0x99, 0xef, 0x78, 0xf7, 0x99, 0xf7, 0x79, 0xf7, 0x98, 0xf7, 0x99, 0xef,
    0x99, 0xf7, 0x98, 0xf7, 0x79, 0xf7, 0x99, 0xef, 0x99, 0xf7, 0x99, 0xf7,
    0x79, 0xf7, 0x99, 0xf7, 0x99, 0xef, 0x99, 0xf7, 0x99, 0xf7, 0x9a, 0xef,
    0x79, 0xf7, 0x99, 0xf7, 0x99, 0xef, 0x9a, 0xf7, 0x79, 0xef, 0x9a, 0xf7,
    0x9a, 0xf7, 0x99, 0xef, 0x99, 0xf7, 0x9a, 0xf7, 0x9a, 0xf7, 0x99, 0xf7,
    0x9a, 0xf7, 0x99, 0xf7, 0x9a, 0xf7, 0x99, 0xf7, 0x99, 0xf7, 0x9a, 0xf7,
    0x9a, 0xf7, 0x9a, 0xf7, 0xba, 0xf7, 0x9a, 0xf7, 0x9a, 0xf7, 0xba, 0xf7,
    0x9a, 0xf7, 0x9a, 0xf7, 0x9a, 0xf7, 0x9a, 0xf7, 0x9a, 0xf7, 0x9a, 0xf7,
    0x99, 0xf7, 0x9a, 0xef, 0xbb, 0xf7, 0x99, 0xf7, 0x79, 0xef, 0x9a, 0xf7,
    0xba, 0xf7, 0xba, 0xf7, 0x9a, 0xf7, 0x9a, 0xf7, 0x79, 0xef, 0xba, 0xf7,
    0xbb, 0xff, 0xba, 0xf7, 0xbb, 0xf7, 0xbb, 0xf7, 0xbb, 0xf7, 0x9a, 0xf7,
    0x99, 0xf7, 0xbb, 0xf7, 0xbb, 0xf7, 0xba, 0xf7, 0xba, 0xf7, 0xba, 0xff,
    0xbb, 0xff, 0x99, 0xf7, 0x9a, 0xf7, 0xbb, 0xf7, 0xbb, 0xf7, 0x9a, 0xf7,
    0xbb, 0xf7, 0xbb, 0xf7, 0xba, 0xf7, 0xbb, 0xf7, 0x9a, 0xf7, 0xbb, 0xff,
    0xbb, 0xff, 0x9a, 0xf7, 0x9a, 0xef, 0xbb, 0xf7, 0xbb, 0xff, 0x9a, 0xef,
    0x7a, 0xef, 0xbb, 0xff, 0xbb, 0xf7, 0xbb, 0xff, 0xbb, 0xf7, 0xbb, 0xff,
    0xbb, 0xff, 0xbb, 0xf7, 0x79, 0xef, 0x9b, 0xf7, 0xbb, 0xff, 0xbb, 0xf7,
    0xbb, 0xf7, 0x79, 0xef, 0xbb, 0xff, 0x9b, 0xf7, 0xbb, 0xf7, 0x9b, 0xff,
    0x9a, 0xf7, 0x7a, 0xf7, 0xbb, 0xf7, 0x9a, 0xf7, 0xbb, 0xff, 0xbb, 0xff,
    0xba, 0xf7, 0x7a, 0xf7, 0x9a, 0xf7, 0xba, 0xf7, 0xba, 0xff, 0xbb, 0xf7,
    0xba, 0xf7, 0xbb, 0xff, 0x9a, 0xf7, 0x79, 0xf7, 0x9a, 0xf7, 0xbb, 0xf7,
    0x9a, 0xf7, 0xba, 0xf7, 0xba, 0xff, 0x9a, 0xf7, 0x9a, 0xf7, 0xba, 0xf7,
    0x9a, 0xf7, 0x9a, 0xf7, 0x9a, 0xf7, 0x9a, 0xf7, 0x9a, 0xf7, 0x9a, 0xf7,
    0x9a, 0xf7, 0x9a, 0xf7, 0x99, 0xf7, 0x78, 0xef, 0x9a, 0xf7, 0x9a, 0xf7,
    0x9a, 0xf7, 0x99, 0xf7, 0x9a, 0xf7, 0xba, 0xf7, 0x99, 0xf7, 0xba, 0xf7,
    0x9a, 0xf7, 0xba, 0xf7, 0x99, 0xf7, 0x99, 0xf7, 0xba, 0xf7, 0x9a, 0xf7,
    0x9a, 0xf7, 0xb9, 0xf7, 0x99, 0xf7, 0x9a, 0xf7, 0x99, 0xf7, 0x99, 0xf7,
    0x9a, 0xef, 0x99, 0xf7, 0x99, 0xf7, 0x99, 0xf7, 0x99, 0xf7, 0x99, 0xf7,
    0x9a, 0xf7, 0x99, 0xf7, 0x99, 0xef, 0x99, 0xf7, 0x99, 0xef, 0x99, 0xf7,
    0x99, 0xf7, 0x99, 0xf7, 0x99, 0xef, 0x79, 0xf7, 0x99, 0xf7, 0x99, 0xf7,
    0x99, 0xef, 0x79, 0xf7, 0x79, 0xf7, 0x99, 0xef, 0x78, 0xf7, 0x99, 0xf7,
    0x99, 0xef, 0x79, 0xf7, 0x79, 0xf7, 0x78, 0xef, 0x99, 0xf7, 0x98, 0xf7,
    0x78, 0xef, 0x78, 0xf7, 0x78, 0xef, 0x98, 0xf7, 0x79, 0xef, 0x78, 0xf7,
    0x98, 0xef, 0x78, 0xef, 0x78, 0xf7, 0x99, 0xef, 0x78, 0xf7, 0x78, 0xef,
    0x78, 0xef, 0x78, 0xf7, 0x78, 0xef, 0x78, 0xf7, 0x98, 0xef, 0x78, 0xef,
    0x78, 0xef, 0x78, 0xf7, 0x78, 0xf7, 0x78, 0xef, 0x78, 0xef, 0x78, 0xf7,
    0x79, 0xef, 0x98, 0xf7, 0x98, 0xf7, 0x79, 0xf7, 0x78, 0xf7, 0x78, 0xef,
    0x78, 0xf7, 0x78, 0xf7, 0x78, 0xef, 0x99, 0xf7, 0x78, 0xef, 0x99, 0xf7,
    0x98, 0xf7, 0x78, 0xef, 0x79, 0xf7, 0x98, 0xf7, 0x99, 0xef, 0x78, 0xef,
    0x99, 0xf7, 0x99, 0xef, 0x78, 0xef, 0x78, 0xf7, 0x99, 0xef, 0x79, 0xef,
    0x78, 0xf7, 0x99, 0xf7, 0x79, 0xef, 0x98, 0xf7, 0x99, 0xf7, 0x79, 0xef,
    0x99, 0xf7, 0x79, 0xf7, 0x99, 0xef, 0x99, 0xf7, 0x99, 0xf7, 0x78, 0xf7,
    0x99, 0xf7, 0x99, 0xf7, 0x99, 0xf7, 0x79, 0xf7, 0x99, 0xf7, 0x99, 0xf7,
    0x99, 0xf7, 0x99, 0xf7, 0x99, 0xf7, 0x99, 0xef, 0x99, 0xf7, 0x9a, 0xf7,
    0x99, 0xf7, 0x99, 0xf7, 0x9a, 0xf7, 0x99, 0xef, 0x99, 0xf7, 0x99, 0xf7,
    0x9a, 0xf7, 0x9a, 0xf7, 0x9a, 0xf7, 0x9a, 0xf7, 0x9a, 0xf7, 0x9a, 0xf7,
    0x9a, 0xf7, 0xba, 0xf7, 0x9a, 0xf7, 0xba, 0xf7, 0x9a, 0xf7, 0x9a, 0xf7,
    0x9a, 0xf7, 0x9a, 0xf7, 0xba, 0xf7, 0x9a, 0xf7, 0x9a, 0xf7, 0x79, 0xef,
    0x79, 0xef, 0x79, 0xf7, 0x79, 0xef, 0x79, 0xef, 0xba, 0xf7, 0x9a, 0xf7,
    0x9a, 0xf7, 0xbb, 0xf7, 0x9a, 0xf7, 0x79, 0xef, 0x9a, 0xf7, 0x9b, 0xf7,
    0xba, 0xf7, 0xba, 0xf7, 0xba, 0xf7, 0xbb, 0xff, 0x9a, 0xf7, 0x79, 0xf7,
    0xba, 0xf7, 0xbb, 0xf7, 0x9b, 0xf7, 0xba, 0xf7, 0x9b, 0xf7, 0xbb, 0xf7,
    0x99, 0xf7, 0x9a, 0xf7, 0xbb, 0xf7, 0xbb, 0xf7, 0x9b, 0xff, 0x9a, 0xf7,
    0xbb, 0xff, 0x9a, 0xff, 0x9b, 0xf7, 0xbb, 0xf7, 0x9a, 0xf7, 0xbb, 0xf7,
    0xbb, 0xf7, 0x9a, 0xf7, 0x7a, 0xef, 0xbb, 0xff, 0xbb, 0xff, 0x9a, 0xf7,
    0x79, 0xef, 0xbb, 0xff, 0xbb, 0xf7, 0xbb, 0xf7, 0x9b, 0xf7, 0xbb, 0xff,
    0xbb, 0xf7, 0xbb, 0xff, 0xbb, 0xf7, 0x79, 0xef, 0xbb, 0xff, 0xbb, 0xf7,
    0xbb, 0xf7, 0x79, 0xef, 0xbb, 0xff, 0xbb, 0xf7, 0xbb, 0xf7, 0x9a, 0xff,
    0xbb, 0xf7, 0x59, 0xef, 0xbb, 0xff, 0xbb, 0xf7, 0xba, 0xf7, 0xbb, 0xf7,
    0x9a, 0xf7, 0x7a, 0xf7, 0x9a, 0xf7, 0xba, 0xf7, 0xbb, 0xf7, 0xba, 0xf7,
    0xba, 0xf7, 0x9a, 0xf7, 0xbb, 0xf7, 0x99, 0xf7, 0x79, 0xf7, 0x9a, 0xf7,
    0xba, 0xff, 0x9a, 0xf7, 0xba, 0xf7, 0x9a, 0xf7, 0x9a, 0xf7, 0xba, 0xf7,
    0xba, 0xf7, 0xbb, 0xf7, 0x9a, 0xf7, 0xba, 0xf7, 0xba, 0xf7, 0x9b, 0xf7,
    0xba, 0xf7, 0x9a, 0xf7, 0xba, 0xf7, 0x9a, 0xf7, 0x58, 0xef, 0x9a, 0xf7,
    0xba, 0xf7, 0x9a, 0xf7, 0x9a, 0xf7, 0x9a, 0xf7, 0x99, 0xf7, 0x9a, 0xf7,
    0x9a, 0xf7, 0x9a, 0xf7, 0xba, 0xf7, 0x99, 0xf7, 0x99, 0xf7, 0x99, 0xf7,
    0x99, 0xf7, 0x9a, 0xf7, 0x99, 0xf7, 0x9a, 0xf7, 0x99, 0xf7, 0x99, 0xf7,
    0x99, 0xf7, 0x99, 0xef, 0x99, 0xf7, 0x99, 0xf7, 0x79, 0xef, 0x99, 0xf7,
    0x99, 0xf7, 0x79, 0xf7, 0x99, 0xef, 0x99, 0xf7, 0x99, 0xf7, 0x99, 0xef,
    0x79, 0xf7, 0x99, 0xf7, 0x79, 0xf7, 0x99, 0xef, 0x79, 0xf7, 0x99, 0xf7,
    0x99, 0xf7, 0x79, 0xef, 0x99, 0xf7, 0x79, 0xf7, 0x78, 0xef, 0x78, 0xef,
    0x99, 0xf7, 0x98, 0xf7, 0x78, 0xef, 0x79, 0xf7, 0x98, 0xf7, 0x78, 0xef,
    0x79, 0xf7, 0x78, 0xef, 0x78, 0xef, 0x98, 0xf7, 0x78, 0xef, 0x98, 0xf7,
    0x79, 0xf7, 0x78, 0xef, 0x78, 0xef, 0x78, 0xf7, 0x78, 0xf7, 0x78, 0xef,
    0x78, 0xef, 0x78, 0xf7, 0x78, 0xf7, 0x78, 0xef, 0x78, 0xf7, 0x78, 0xef,
    0x78, 0xef, 0x78, 0xf7, 0x78, 0xef, 0x78, 0xf7, 0x78, 0xef, 0x79, 0xf7,
    0x79, 0xef, 0x78, 0xef, 0x99, 0xf7, 0x98, 0xef, 0x78, 0xef, 0x78, 0xf7,
    0x99, 0xf7, 0x79, 0xef, 0x78, 0xef, 0x78, 0xf7, 0x78, 0xef, 0x78, 0xf7,
    0x98, 0xef, 0x79, 0xef, 0x78, 0xf7, 0x98, 0xf7, 0x79, 0xef, 0x78, 0xf7,
    0x78, 0xef, 0x79, 0xf7, 0x98, 0xf7, 0x78, 0xf7, 0x79, 0xef, 0x98, 0xf7,
    0x79, 0xf7, 0x99, 0xef, 0x79, 0xef, 0x79, 0xf7, 0x99, 0xf7, 0x79, 0xf7,
    0x79, 0xf7, 0x98, 0xef, 0x99, 0xf7, 0x99, 0xf7, 0x99, 0xef, 0x79, 0xef,
    0x79, 0xf7, 0x99, 0xf7, 0x99, 0xf7, 0x99, 0xf7, 0x79, 0xef, 0x99, 0xf7,
    0x79, 0xef, 0x79, 0xf7, 0x99, 0xf7, 0x9a, 0xf7, 0x99, 0xf7, 0x99, 0xf7,
    0x9a, 0xf7, 0x99, 0xf7, 0x99, 0xf7, 0x99, 0xf7, 0x9a, 0xf7, 0x9a, 0xf7,
    0x99, 0xf7, 0x9a, 0xf7, 0x99, 0xf7, 0x9a, 0xf7, 0x99, 0xf7, 0x99, 0xf7,
    0x9a, 0xf7, 0x9a, 0xf7, 0x99, 0xf7, 0x9a, 0xf7, 0xba, 0xf7, 0x9a, 0xf7,
    0x9a, 0xf7, 0xba, 0xf7, 0x9a, 0xf7, 0x99, 0xf7, 0x79, 0xef, 0x99, 0xf7,
    0x9a, 0xf7, 0x99, 0xf7, 0x9a, 0xf7, 0x9a, 0xf7, 0xba, 0xf7, 0x9a, 0xf7,
    0x9a, 0xf7, 0x9a, 0xf7, 0x99, 0xf7, 0xba, 0xf7, 0x9a, 0xf7, 0xbb, 0xf7,
    0xbb, 0xff, 0x9a, 0xf7, 0xbb, 0xff, 0x9a, 0xf7, 0x79, 0xf7, 0xba, 0xf7,
    0xba, 0xf7, 0xba, 0xf7, 0xbb, 0xff, 0x9a, 0xff, 0x9a, 0xf7, 0x79, 0xf7,
    0x9a, 0xf7, 0xbb, 0xf7, 0xbb, 0xf7, 0x9a, 0xf7, 0x9a, 0xf7, 0xbb, 0xf7,
    0xbb, 0xf7, 0xba, 0xf7, 0xbb, 0xff, 0x9a, 0xf7, 0x9a, 0xf7, 0xbb, 0xff,
    0xbb, 0xf7, 0x9a, 0xf7, 0x7a, 0xf7, 0xbb, 0xf7, 0xbb, 0xf7, 0x9a, 0xf7,
    0x79, 0xf7, 0xbb, 0xf7, 0xbb, 0xff, 0xbb, 0xf7, 0xbb, 0xf7, 0x9b, 0xf7,
    0xbb, 0xff, 0xbb, 0xf7, 0xbb, 0xf7, 0x79, 0xef, 0xbb, 0xff, 0xbb, 0xf7,
    0x9b, 0xf7, 0x59, 0xef, 0xbb, 0xff, 0xbb, 0xf7, 0xba, 0xf7, 0x9a, 0xf7,
    0xbb, 0xf7, 0x79, 0xef, 0xbb, 0xff, 0xbb, 0xf7, 0xba, 0xff, 0x9b, 0xf7,
    0xba, 0xf7, 0x9a, 0xf7, 0xba, 0xf7, 0xbb, 0xff, 0x9b, 0xf7, 0xbb, 0xf7,
    0xbb, 0xff, 0xbb, 0xff, 0x9a, 0xf7, 0xbb, 0xf7, 0x7a, 0xf7, 0x79, 0xf7,
    0xba, 0xf7, 0x9a, 0xf7, 0x9b, 0xf7, 0xba, 0xf7, 0x9a, 0xf7, 0x9a, 0xf7,
    0xba, 0xf7, 0x9a, 0xf7, 0x9a, 0xf7, 0x99, 0xf7, 0x99, 0xf7, 0x9a, 0xf7,
    0x9a, 0xf7, 0x9a, 0xf7, 0x9a, 0xf7, 0xba, 0xf7, 0x79, 0xef, 0x57, 0xef,
    0x9a, 0xf7, 0x9a, 0xf7, 0xba, 0xf7, 0x9a, 0xf7, 0x99, 0xf7, 0xba, 0xf7,
    0x99, 0xf7, 0x9a, 0xf7, 0x9a, 0xf7, 0xba, 0xf7, 0x99, 0xef, 0x58, 0xef,
    0x58, 0xe7, 0x99, 0xf7, 0x99, 0xf7, 0x99, 0xf7, 0x9a, 0xef, 0x99, 0xf7,
    0x99, 0xf7, 0x99, 0xf7, 0x99, 0xf7, 0x99, 0xf7, 0x99, 0xf7, 0x99, 0xef,
    0x99, 0xf7, 0x99, 0xf7, 0x99, 0xf7, 0x99, 0xf7, 0x79, 0xf7, 0x79, 0xf7,
    0x79, 0xef, 0x79, 0xef, 0x99, 0xf7, 0x99, 0xf7, 0x99, 0xef, 0x98, 0xf7,
    0x98, 0xf7, 0x99, 0xef, 0x78, 0xf7, 0x99, 0xf7, 0x99, 0xef, 0x78, 0xef,
    0x78, 0xf7, 0x79, 0xef, 0x78, 0xef, 0x78, 0xf7, 0x79, 0xef, 0x98, 0xf7,
    0x79, 0xf7, 0x79, 0xf7, 0x98, 0xef, 0x99, 0xf7, 0x79, 0xf7, 0x98, 0xef,
    0x78, 0xf7, 0x78, 0xf7, 0x78, 0xef, 0x78, 0xf7, 0x98, 0xef, 0x78, 0xf7,
    0x98, 0xef, 0x78, 0xef, 0x98, 0xf7, 0x78, 0xf7, 0x78, 0xef, 0x78, 0xf7,
    0x78, 0xef, 0x78, 0xf7, 0x78, 0xef, 0x78, 0xef, 0x78, 0xf7, 0x78, 0xf7,
    0x78, 0xef, 0x78, 0xef, 0x78, 0xf7, 0x78, 0xef, 0x78, 0xf7, 0x99, 0xf7,
    0x78, 0xef, 0x78, 0xef, 0x98, 0xf7, 0x78, 0xf7, 0x99, 0xf7, 0x79, 0xf7,
    0x99, 0xef, 0x78, 0xef, 0x78, 0xf7, 0x79, 0xf7, 0x78, 0xf7, 0x78, 0xef,
    0x99, 0xf7, 0x99, 0xf7, 0x79, 0xef, 0x99, 0xf7, 0x99, 0xef, 0x78, 0xf7,
    0x99, 0xf7, 0x98, 0xf7, 0x79, 0xf7, 0x99, 0xf7, 0x99, 0xef, 0x78, 0xf7,
    0x99, 0xf7, 0x79, 0xef, 0x99, 0xf7, 0x99, 0xf7, 0x99, 0xf7, 0x99, 0xf7,
    0x99, 0xef, 0x99, 0xf7, 0x99, 0xf7, 0x99, 0xef, 0x99, 0xf7, 0x9a, 0xf7,
    0x99, 0xf7, 0x99, 0xef, 0x79, 0xf7, 0x9a, 0xf7, 0x79, 0xef, 0x99, 0xf7,
    0x99, 0xf7, 0x7a, 0xef, 0x99, 0xf7, 0x99, 0xf7, 0x9a, 0xf7, 0x99, 0xf7,
    0x99, 0xf7, 0x9a, 0xf7, 0x9a, 0xf7, 0x99, 0xf7, 0x9a, 0xf7, 0x9a, 0xf7,
    0x9a, 0xf7, 0x99, 0xf7, 0xba, 0xf7, 0x9a, 0xf7, 0x99, 0xf7, 0xba, 0xf7,
    0x9a, 0xf7, 0x9a, 0xf7, 0x9a, 0xf7, 0x79, 0xef, 0x79, 0xf7, 0x9a, 0xf7,
    0x9a, 0xf7, 0x9a, 0xf7, 0xba, 0xf7, 0x9a, 0xf7, 0xba, 0xf7, 0x9a, 0xf7,
    0xba, 0xf7, 0x9a, 0xf7, 0x9a, 0xf7, 0xba, 0xf7, 0x9a, 0xf7, 0x9a, 0xff,
    0x9a, 0xf7, 0xbb, 0xf7, 0x9a, 0xf7, 0x79, 0xf7, 0xbb, 0xf7, 0xbb, 0xf7,
    0x9a, 0xf7, 0x9a, 0xf7, 0xbb, 0xf7, 0xba, 0xf7, 0x79, 0xf7, 0x9a, 0xf7,
    0xbb, 0xf7, 0xbb, 0xf7, 0x9a, 0xf7, 0x9a, 0xf7, 0xbb, 0xf7, 0xbb, 0xff,
    0xba, 0xf7, 0xbb, 0xf7, 0xbb, 0xf7, 0x9a, 0xf7, 0x9a, 0xf7, 0xbb, 0xf7,
    0xbb, 0xf7, 0x9a, 0xf7, 0x7a, 0xf7, 0xbb, 0xf7, 0xbb, 0xf7, 0x9a, 0xf7,
    0x7a, 0xef, 0xbb, 0xf7, 0xbb, 0xff, 0xbb, 0xff, 0xbb, 0xf7, 0xbb, 0xff,
    0x9b, 0xf7, 0xbb, 0xf7, 0x9b, 0xf7, 0x79, 0xef, 0xbb, 0xff, 0xbb, 0xf7,
    0x9a, 0xf7, 0x59, 0xef, 0xbb, 0xff, 0xba, 0xf7, 0x9b, 0xf7, 0xbb, 0xff,
    0x9a, 0xf7, 0x79, 0xef, 0xbb, 0xff, 0xba, 0xf7, 0x9b, 0xf7, 0x9a, 0xf7,
    0xba, 0xf7, 0x7a, 0xf7, 0x9a, 0xf7, 0x9a, 0xf7, 0xbb, 0xff, 0x9a, 0xf7,
    0x79, 0xef, 0x9a, 0xf7, 0xbb, 0xf7, 0x9a, 0xf7, 0xbb, 0xf7, 0x79, 0xef,
    0x9a, 0xf7, 0x9a, 0xf7, 0xba, 0xf7, 0xba, 0xf7, 0x9a, 0xff, 0x9a, 0xf7,
    0xbb, 0xf7, 0x79, 0xef, 0x59, 0xef, 0x79, 0xef, 0x58, 0xef, 0x78, 0xef,
    0xba, 0xf7, 0x9a, 0xf7, 0x9a, 0xf7, 0x9a, 0xf7, 0xba, 0xf7, 0x79, 0xf7,
    0x58, 0xef, 0x9a, 0xf7, 0x9a, 0xf7, 0xba, 0xf7, 0x9a, 0xf7, 0x99, 0xf7,
    0xb9, 0xf7, 0x99, 0xf7, 0x9a, 0xf7, 0xba, 0xf7, 0x78, 0xef, 0x7a, 0xef,
    0x78, 0xef, 0x79, 0xef, 0x9a, 0xf7, 0x99, 0xf7, 0x99, 0xf7, 0x9a, 0xf7,
    0x99, 0xf7, 0x99, 0xef, 0x99, 0xf7, 0x99, 0xf7, 0x79, 0xef, 0x99, 0xf7,
    0x79, 0xf7, 0x99, 0xef, 0x99, 0xf7, 0x99, 0xf7, 0x79, 0xef, 0x99, 0xf7,
    0x99, 0xf7, 0x79, 0xef, 0x78, 0xf7, 0x99, 0xf7, 0x99, 0xf7, 0x79, 0xf7,
    0x99, 0xf7, 0x79, 0xef, 0x78, 0xef, 0x99, 0xf7, 0x99, 0xf7, 0x79, 0xf7,
    0x79, 0xf7, 0x78, 0xef, 0x98, 0xf7, 0x79, 0xef, 0x98, 0xef, 0x78, 0xef,
    0x78, 0xf7, 0x79, 0xf7, 0x78, 0xef, 0x78, 0xf7, 0x98, 0xef, 0x78, 0xf7,
    0x78, 0xef, 0x98, 0xf7, 0x79, 0xef, 0x78, 0xef, 0x78, 0xf7, 0x78, 0xf7,
    0x78, 0xef, 0x78, 0xef, 0x78, 0xf7, 0x98, 0xef, 0x78, 0xef, 0x78, 0xf7,
    0x78, 0xf7, 0x78, 0xef, 0x78, 0xef, 0x78, 0xef, 0x78, 0xf7, 0x79, 0xef,
    0x98, 0xf7, 0x78, 0xf7, 0x78, 0xef, 0x79, 0xf7, 0x78, 0xf7, 0x79, 0xef,
    0x78, 0xf7, 0x98, 0xf7, 0x99, 0xf7, 0x78, 0xef, 0x78, 0xf7, 0x78, 0xf7,
    0x98, 0xf7, 0x79, 0xef, 0x78, 0xef, 0x99, 0xf7, 0x78, 0xef, 0x78, 0xef,
    0x78, 0xf7, 0x99, 0xef, 0x78, 0xf7, 0x78, 0xef, 0x99, 0xf7, 0x78, 0xef,
    0x79, 0xef, 0x99, 0xf7, 0x78, 0xf7, 0x78, 0xef, 0x98, 0xef, 0x99, 0xf7,
    0x78, 0xf7, 0x79, 0xf7, 0x98, 0xf7, 0x98, 0xef, 0x79, 0xf7, 0x99, 0xf7,
    0x99, 0xf7, 0x79, 0xf7, 0x79, 0xf7, 0x99, 0xf7, 0x99, 0xf7, 0x79, 0xf7,
    0x79, 0xf7, 0x99, 0xf7, 0x9a, 0xf7, 0x99, 0xf7, 0x99, 0xef, 0x99, 0xf7,
    0x9a, 0xf7, 0x79, 0xef, 0x9a, 0xf7, 0x99, 0xf7, 0x99, 0xef, 0x99, 0xf7,
    0x9a, 0xf7, 0x99, 0xf7, 0x99, 0xf7, 0x9a, 0xf7, 0x9a, 0xf7, 0x99, 0xf7,
    0x9a, 0xf7, 0x9a, 0xf7, 0xba, 0xf7, 0x9a, 0xf7, 0x9a, 0xf7, 0x9a, 0xf7,
    0x9a, 0xf7, 0x9a, 0xf7, 0x79, 0xef, 0x99, 0xf7, 0xba, 0xf7, 0x9a, 0xf7,
    0x9a, 0xf7, 0x9a, 0xf7, 0xba, 0xf7, 0xba, 0xf7, 0x9a, 0xf7, 0x9a, 0xf7,
    0x9a, 0xf7, 0xba, 0xf7, 0x9a, 0xf7, 0xba, 0xf7, 0xbb, 0xff, 0x9a, 0xf7,
    0xbb, 0xf7, 0x9a, 0xf7, 0x99, 0xf7, 0x9a, 0xf7, 0x9a, 0xf7, 0xbb, 0xf7,
    0x9a, 0xf7, 0x9b, 0xff, 0xba, 0xf7, 0x79, 0xf7, 0x9a, 0xf7, 0xbb, 0xf7,
    0xbb, 0xf7, 0x9a, 0xf7, 0x9a, 0xf7, 0xbb, 0xff, 0x9a, 0xf7, 0x9a, 0xf7,
    0xbb, 0xff, 0x9a, 0xf7, 0xbb, 0xf7, 0x9b, 0xf7, 0x9a, 0xf7, 0xbb, 0xff,
    0xbb, 0xf7, 0x9a, 0xf7, 0x79, 0xef, 0xbb, 0xf7, 0xbb, 0xff, 0x9a, 0xf7,
    0x79, 0xef, 0xbb, 0xf7, 0xbb, 0xf7, 0x9b, 0xf7, 0xbb, 0xff, 0xbb, 0xf7,
    0xbb, 0xff, 0xbb, 0xff, 0xbb, 0xf7, 0x59, 0xef, 0xbb, 0xff, 0xbb, 0xf7,
    0x9a, 0xf7, 0x58, 0xef, 0xbb, 0xff, 0xbb, 0xf7, 0xbb, 0xf7, 0xbb, 0xff,
    0xbb, 0xf7, 0x58, 0xef, 0xbb, 0xf7, 0xba, 0xf7, 0x9b, 0xf7, 0xbb, 0xff,
    0xba, 0xf7, 0x9a, 0xf7, 0x9a, 0xf7, 0xba, 0xf7, 0xbb, 0xff, 0x79, 0xef,
    0xd4, 0xd6, 0x38, 0xef, 0xbb, 0xf7, 0x9a, 0xf7, 0xba, 0xf7, 0x79, 0xef,
    0x9a, 0xf7, 0xba, 0xf7, 0x9a, 0xf7, 0xba, 0xff, 0xba, 0xf7, 0x9a, 0xf7,
    0x9a, 0xf7, 0x78, 0xef, 0x9a, 0xf7, 0xbb, 0xf7, 0x9a, 0xf7, 0x58, 0xef,
    0xba, 0xf7, 0x9a, 0xf7, 0x9a, 0xf7, 0x9a, 0xf7, 0x9a, 0xf7, 0xba, 0xf7,
    0x99, 0xef, 0x57, 0xef, 0x9a, 0xf7, 0x9a, 0xf7, 0x9a, 0xf7, 0x9a, 0xf7,
    0x9a, 0xf7, 0x99, 0xf7, 0x99, 0xf7, 0x9a, 0xf7, 0x99, 0xf7, 0x78, 0xef,
    0x58, 0xef, 0x99, 0xf7, 0x9a, 0xf7, 0x99, 0xf7, 0x99, 0xf7, 0x99, 0xf7,
    0x99, 0xf7, 0x99, 0xf7, 0x9a, 0xf7, 0x99, 0xef, 0x99, 0xf7, 0x99, 0xf7,
    0x79, 0xf7, 0x99, 0xf7, 0x99, 0xf7, 0x79, 0xef, 0x79, 0xf7, 0x99, 0xf7,
    0x99, 0xf7, 0x79, 0xef, 0x79, 0xf7, 0x98, 0xf7, 0x99, 0xef, 0x99, 0xf7,
    0x99, 0xf7, 0x78, 0xef, 0x79, 0xf7, 0x78, 0xef, 0x98, 0xf7, 0x79, 0xf7,
    0x78, 0xef, 0x99, 0xf7, 0x79, 0xf7, 0x78, 0xf7, 0x79, 0xef, 0x98, 0xf7,
    0x78, 0xef, 0x98, 0xef, 0x78, 0xf7, 0x78, 0xef, 0x78, 0xef, 0x99, 0xf7,
    0x79, 0xef, 0x78, 0xef, 0x78, 0xf7, 0x98, 0xef, 0x78, 0xf7, 0x79, 0xef,
    0x98, 0xf7, 0x78, 0xf7, 0x78, 0xef, 0x78, 0xef, 0x78, 0xf7, 0x78, 0xef,
    0x78, 0xef, 0x78, 0xef, 0x78, 0xf7, 0x78, 0xf7, 0x78, 0xef, 0x78, 0xf7,
    0x78, 0xef, 0x78, 0xef, 0x78, 0xf7, 0x98, 0xf7, 0x99, 0xef, 0x78, 0xf7,
    0x78, 0xf7, 0x78, 0xef, 0x79, 0xef, 0x78, 0xef, 0x99, 0xf7, 0x98, 0xef,
    0x78, 0xf7, 0x99, 0xf7, 0x99, 0xf7, 0x98, 0xef, 0x99, 0xf7, 0x78, 0xf7,
    0x99, 0xef, 0x98, 0xf7, 0x98, 0xf7, 0x79, 0xf7, 0x78, 0xef, 0x98, 0xf7,
    0x99, 0xf7, 0x79, 0xef, 0x99, 0xf7, 0x79, 0xf7, 0x99, 0xef, 0x79, 0xf7,
    0x98, 0xf7, 0x79, 0xef, 0x79, 0xf7, 0x79, 0xf7, 0x79, 0xef, 0x99, 0xf7,
    0x99, 0xf7, 0x99, 0xf7, 0x99, 0xf7, 0x99, 0xf7, 0x79, 0xef, 0x79, 0xef,
    0x99, 0xf7, 0x99, 0xf7, 0x99, 0xef, 0x79, 0xf7, 0x99, 0xf7, 0x9a, 0xf7,
    0x79, 0xf7, 0x99, 0xf7, 0x99, 0xf7, 0x9a, 0xf7, 0x79, 0xf7, 0x9a, 0xf7,
    0x9a, 0xf7, 0x99, 0xf7, 0x99, 0xf7, 0x9a, 0xf7, 0x99, 0xf7, 0x99, 0xf7,
    0x9a, 0xf7, 0x9a, 0xf7, 0x99, 0xf7, 0xba, 0xf7, 0x9a, 0xf7, 0x9a, 0xf7,
    0x99, 0xf7, 0x99, 0xf7, 0x99, 0xf7, 0xba, 0xf7, 0x9a, 0xf7, 0x9a, 0xf7,
    0x9a, 0xf7, 0xba, 0xf7, 0x9a, 0xf7, 0x9b, 0xf7, 0xba, 0xf7, 0x9a, 0xf7,
    0x9a, 0xf7, 0x9a, 0xf7, 0xba, 0xf7, 0x9b, 0xf7, 0xba, 0xf7, 0xba, 0xf7,
    0x9a, 0xf7, 0x99, 0xf7, 0xba, 0xf7, 0x9a, 0xf7, 0xba, 0xf7, 0xba, 0xf7,
    0xbb, 0xff, 0x9a, 0xf7, 0x79, 0xef, 0x9a, 0xf7, 0xbb, 0xf7, 0xbb, 0xf7,
    0x9a, 0xf7, 0x9a, 0xf7, 0xba, 0xff, 0xba, 0xf7, 0x9a, 0xf7, 0xba, 0xf7,
    0xbb, 0xff, 0xbb, 0xf7, 0xba, 0xff, 0x9b, 0xf7, 0x9a, 0xf7, 0xbb, 0xf7,
    0xbb, 0xff, 0x7a, 0xf7, 0x7a, 0xef, 0xbb, 0xff, 0xbb, 0xf7, 0x9a, 0xf7,
    0x79, 0xf7, 0xbb, 0xff, 0xbb, 0xf7, 0x9b, 0xf7, 0xba, 0xf7, 0xbb, 0xf7,
    0x9a, 0xf7, 0xbb, 0xff, 0xbb, 0xf7, 0x79, 0xef, 0xbb, 0xf7, 0xba, 0xff,
    0x9a, 0xf7, 0x59, 0xef, 0xbb, 0xf7, 0xba, 0xf7, 0xba, 0xff, 0xbb, 0xf7,
    0xbb, 0xf7, 0x58, 0xef, 0xbb, 0xf7, 0x9a, 0xf7, 0x9a, 0xff, 0xba, 0xf7,
    0x9b, 0xf7, 0x9a, 0xf7, 0xbb, 0xf7, 0x9a, 0xf7, 0xbb, 0xff, 0x9a, 0xf7,
    0x36, 0xe7, 0x79, 0xef, 0xbb, 0xf7, 0xba, 0xf7, 0x9a, 0xf7, 0x78, 0xf7,
    0x9a, 0xf7, 0x9a, 0xf7, 0x9a, 0xf7, 0x9b, 0xf7, 0xba, 0xf7, 0x9a, 0xf7,
    0x9a, 0xf7, 0x78, 0xef, 0x9a, 0xf7, 0xbb, 0xf7, 0x9a, 0xf7, 0x79, 0xef,
    0xba, 0xf7, 0xba, 0xf7, 0xba, 0xf7, 0x9a, 0xf7, 0x9a, 0xf7, 0x9a, 0xf7,
    0xba, 0xf7, 0x99, 0xf7, 0x57, 0xe7, 0x9a, 0xf7, 0xba, 0xf7, 0x99, 0xf7,
    0x99, 0xf7, 0x9a, 0xf7, 0x99, 0xf7, 0x9a, 0xf7, 0x9a, 0xf7, 0x9a, 0xf7,
    0x99, 0xf7, 0x9a, 0xf7, 0x99, 0xf7, 0xb9, 0xf7, 0x9a, 0xf7, 0x99, 0xf7,
    0x99, 0xf7, 0x9a, 0xef, 0x79, 0xf7, 0x99, 0xf7, 0x99, 0xf7, 0x79, 0xf7,
    0x99, 0xef, 0x99, 0xf7, 0x99, 0xf7, 0x99, 0xef, 0x99, 0xf7, 0x78, 0xf7,
    0x79, 0xef, 0x99, 0xf7, 0x99, 0xf7, 0x99, 0xef, 0x99, 0xf7, 0x79, 0xf7,
    0x98, 0xef, 0x99, 0xf7, 0x99, 0xf7, 0x79, 0xef, 0x99, 0xf7, 0x98, 0xef,
    0x78, 0xf7, 0x99, 0xef, 0x99, 0xf7, 0x78, 0xef, 0x78, 0xf7, 0x79, 0xf7,
    0x78, 0xef, 0x78, 0xf7, 0x99, 0xf7, 0x78, 0xf7, 0x99, 0xf7, 0x78, 0xf7,
    0x78, 0xef, 0x78, 0xef, 0x78, 0xf7, 0x78, 0xf7, 0x98, 0xef, 0x78, 0xef,
    0x78, 0xf7, 0x78, 0xef, 0x78, 0xef, 0x78, 0xf7, 0x78, 0xef, 0x78, 0xef,
    0x78, 0xef, 0x78, 0xf7, 0x78, 0xf7, 0x78, 0xef, 0x79, 0xf7, 0x78, 0xf7,
    0x78, 0xef, 0x78, 0xef, 0x78, 0xf7, 0x78, 0xef, 0x78, 0xf7, 0x98, 0xf7,
    0x78, 0xef, 0x78, 0xef, 0x78, 0xf7, 0x78, 0xf7, 0x99, 0xef, 0x78, 0xf7,
    0x78, 0xef, 0x98, 0xf7, 0x78, 0xf7, 0x78, 0xef, 0x98, 0xf7, 0x79, 0xf7,
    0x78, 0xef, 0x99, 0xf7, 0x79, 0xef, 0x99, 0xf7, 0x78, 0xf7, 0x79, 0xef,
    0x98, 0xf7, 0x98, 0xf7, 0x79, 0xef, 0x98, 0xf7, 0x78, 0xef, 0x79, 0xf7,
    0x99, 0xef, 0x99, 0xef, 0x98, 0xf7, 0x99, 0xf7, 0x79, 0xf7, 0x78, 0xf7,
    0x99, 0xf7, 0x99, 0xef, 0x99, 0xf7, 0x99, 0xf7, 0x99, 0xf7, 0x99, 0xf7,
    0x99, 0xf7, 0x99, 0xef, 0x99, 0xf7, 0x99, 0xf7, 0x79, 0xf7, 0x79, 0xef,
    0x99, 0xf7, 0x99, 0xf7, 0x9a, 0xf7, 0x99, 0xef, 0x99, 0xf7, 0x9a, 0xf7,
    0x9a, 0xf7, 0x99, 0xf7, 0x9a, 0xf7, 0x9a, 0xf7, 0x9a, 0xf7, 0x9a, 0xf7,
    0x99, 0xf7, 0x99, 0xf7, 0x9a, 0xf7, 0x9a, 0xf7, 0xb9, 0xf7, 0x9a, 0xf7,
    0x99, 0xf7, 0x99, 0xf7, 0xba, 0xf7, 0x9a, 0xf7, 0xba, 0xf7, 0xba, 0xf7,
    0xba, 0xf7, 0x9a, 0xf7, 0x79, 0xef, 0x58, 0xef, 0x9a, 0xf7, 0xba, 0xff,
    0xba, 0xf7, 0x9a, 0xf7, 0x9a, 0xf7, 0x9a, 0xf7, 0x9b, 0xf7, 0x9a, 0xf7,
    0x79, 0xf7, 0xba, 0xf7, 0x9a, 0xf7, 0x9b, 0xf7, 0xba, 0xff, 0x9a, 0xf7,
    0x9a, 0xf7, 0x79, 0xef, 0x9a, 0xf7, 0xba, 0xf7, 0x9a, 0xf7, 0x9a, 0xf7,
    0x9a, 0xf7, 0xbb, 0xff, 0x9a, 0xf7, 0xba, 0xf7, 0xbb, 0xf7, 0x9a, 0xf7,
    0xba, 0xf7, 0xbb, 0xf7, 0x9a, 0xf7, 0xba, 0xf7, 0x9a, 0xf7, 0xbb, 0xf7,
    0xbb, 0xf7, 0x9a, 0xf7, 0x79, 0xef, 0xbb, 0xff, 0xbb, 0xf7, 0x9a, 0xef,
    0x79, 0xf7, 0xbb, 0xf7, 0xbb, 0xff, 0xba, 0xff, 0xba, 0xf7, 0x9b, 0xff,
    0xbb, 0xf7, 0xba, 0xf7, 0x9a, 0xf7, 0x59, 0xef, 0xbb, 0xf7, 0x9a, 0xf7,
    0x9a, 0xf7, 0x79, 0xef, 0xbb, 0xff, 0x9a, 0xf7, 0xbb, 0xf7, 0x9a, 0xf7,
    0xba, 0xf7, 0x58, 0xef, 0xbb, 0xf7, 0xbb, 0xff, 0xba, 0xf7, 0x9a, 0xf7,
    0x9a, 0xf7, 0x9a, 0xf7, 0xba, 0xf7, 0x9b, 0xf7, 0x9a, 0xf7, 0xba, 0xf7,
    0xbb, 0xf7, 0xbb, 0xff, 0x9a, 0xf7, 0xba, 0xf7, 0x9a, 0xff, 0x78, 0xef,
    0x9a, 0xf7, 0xba, 0xf7, 0xba, 0xf7, 0x9a, 0xf7, 0x9a, 0xf7, 0x9a, 0xf7,
    0xba, 0xff, 0x79, 0xef, 0x58, 0xef, 0x79, 0xf7, 0x58, 0xef, 0x79, 0xef,
    0x9a, 0xf7, 0x9a, 0xf7, 0x9a, 0xf7, 0x9a, 0xf7, 0x99, 0xf7, 0x9a, 0xf7,
    0x9a, 0xf7, 0xba, 0xf7, 0x79, 0xef, 0x58, 0xef, 0x9a, 0xf7, 0x9a, 0xf7,
    0xb9, 0xf7, 0x9a, 0xf7, 0x99, 0xf7, 0x99, 0xf7, 0x99, 0xf7, 0x99, 0xf7,
    0x9a, 0xf7, 0x9a, 0xf7, 0x99, 0xf7, 0x99, 0xf7, 0x9a, 0xf7, 0x99, 0xf7,
    0x99, 0xf7, 0x99, 0xf7, 0x79, 0xf7, 0x99, 0xf7, 0x99, 0xef, 0x99, 0xf7,
    0x79, 0xf7, 0x99, 0xef, 0x79, 0xf7, 0x99, 0xf7, 0x99, 0xf7, 0x79, 0xef,
    0x79, 0xf7, 0x98, 0xf7, 0x79, 0xf7, 0x99, 0xef, 0x98, 0xf7, 0x99, 0xf7,
    0x79, 0xef, 0x79, 0xf7, 0x98, 0xf7, 0x79, 0xef, 0x79, 0xf7, 0x99, 0xf7,
    0x79, 0xef, 0x78, 0xf7, 0x98, 0xef, 0x78, 0xef, 0x79, 0xf7, 0x99, 0xef,
    0x78, 0xf7, 0x79, 0xf7, 0x78, 0xef, 0x98, 0xef, 0x79, 0xf7, 0x78, 0xef,
    0x98, 0xf7, 0x79, 0xf7, 0x78, 0xef, 0x78, 0xef, 0x78, 0xf7, 0x78, 0xef,
    0x78, 0xef, 0x78, 0xf7, 0x78, 0xf7, 0x78, 0xf7, 0x78, 0xef, 0x78, 0xef,
    0x78, 0xf7, 0x78, 0xef, 0x78, 0xef, 0x78, 0xf7, 0x78, 0xef, 0x78, 0xef,
    0x78, 0xf7, 0x98, 0xf7, 0x78, 0xef, 0x79, 0xef, 0x78, 0xef, 0x78, 0xf7,
    0x98, 0xef, 0x78, 0xf7, 0x99, 0xf7, 0x78, 0xef, 0x98, 0xf7, 0x78, 0xf7,
    0x99, 0xef, 0x79, 0xef, 0x78, 0xf7, 0x79, 0xef, 0x98, 0xf7, 0x99, 0xf7,
    0x98, 0xef, 0x78, 0xf7, 0x98, 0xef, 0x99, 0xf7, 0x79, 0xf7, 0x98, 0xef,
    0x79, 0xf7, 0x79, 0xef, 0x98, 0xf7, 0x99, 0xf7, 0x79, 0xf7, 0x78, 0xf7,
    0x79, 0xf7, 0x78, 0xf7, 0x98, 0xef, 0x99, 0xef, 0x99, 0xf7, 0x79, 0xf7,
    0x99, 0xef, 0x79, 0xf7, 0x79, 0xf7, 0x99, 0xf7, 0x99, 0xef, 0x99, 0xf7,
    0x79, 0xf7, 0x99, 0xf7, 0x9a, 0xf7, 0x99, 0xf7, 0x99, 0xf7, 0x9a, 0xef,
    0x99, 0xf7, 0x99, 0xf7, 0x7a, 0xef, 0x99, 0xf7, 0x99, 0xf7, 0x9a, 0xf7,
    0x99, 0xf7, 0x99, 0xf7, 0x9a, 0xf7, 0x99, 0xf7, 0x99, 0xf7, 0x9a, 0xf7,
    0x99, 0xf7, 0xba, 0xf7, 0x9a, 0xf7, 0x99, 0xf7, 0x9a, 0xf7, 0x99, 0xf7,
    0x99, 0xf7, 0x9a, 0xf7, 0x9a, 0xf7, 0xba, 0xf7, 0x9a, 0xf7, 0x9a, 0xf7,
    0xba, 0xf7, 0x9a, 0xf7, 0x79, 0xf7, 0x9a, 0xf7, 0x58, 0xef, 0xbb, 0xf7,
    0x9a, 0xf7, 0x9a, 0xf7, 0x9a, 0xf7, 0xba, 0xff, 0x9a, 0xf7, 0x99, 0xf7,
    0x9a, 0xf7, 0x9a, 0xf7, 0xbb, 0xf7, 0xba, 0xf7, 0x9a, 0xf7, 0xba, 0xf7,
    0x79, 0xf7, 0x9a, 0xf7, 0xba, 0xf7, 0x9a, 0xf7, 0x9a, 0xf7, 0x9a, 0xf7,
    0xba, 0xf7, 0x9a, 0xf7, 0x9b, 0xf7, 0xbb, 0xff, 0x9a, 0xf7, 0xbb, 0xff,
    0x9a, 0xf7, 0x9a, 0xf7, 0xbb, 0xff, 0x9a, 0xf7, 0x9a, 0xf7, 0xbb, 0xff,
    0xbb, 0xf7, 0x9a, 0xf7, 0x79, 0xef, 0xbb, 0xf7, 0xbb, 0xf7, 0x9a, 0xf7,
    0x79, 0xef, 0xbb, 0xf7, 0xba, 0xf7, 0xbb, 0xf7, 0x9b, 0xf7, 0x9a, 0xf7,
    0xbb, 0xff, 0xbb, 0xf7, 0x9a, 0xf7, 0x59, 0xef, 0xbb, 0xff, 0xbb, 0xf7,
    0x9a, 0xf7, 0x58, 0xef, 0xbb, 0xf7, 0xba, 0xf7, 0xbb, 0xff, 0xbb, 0xf7,
    0x9a, 0xf7, 0x58, 0xef, 0xbb, 0xf7, 0xbb, 0xf7, 0x9b, 0xf7, 0xba, 0xf7,
    0xba, 0xf7, 0x9a, 0xf7, 0x9a, 0xf7, 0xbb, 0xf7, 0x9a, 0xf7, 0x9a, 0xf7,
    0xba, 0xf7, 0x9a, 0xff, 0x9a, 0xf7, 0x9a, 0xf7, 0xba, 0xf7, 0x7a, 0xf7,
    0x59, 0xef, 0xba, 0xf7, 0x9a, 0xf7, 0x9a, 0xf7, 0x9a, 0xf7, 0x9a, 0xf7,
    0xba, 0xf7, 0x9a, 0xf7, 0x99, 0xf7, 0x79, 0xf7, 0x99, 0xf7, 0x9a, 0xf7,
    0x9a, 0xf7, 0x9a, 0xf7, 0x9a, 0xf7, 0xba, 0xf7, 0x99, 0xf7, 0x9a, 0xf7,
    0x9a, 0xf7, 0x9a, 0xf7, 0xba, 0xf7, 0x79, 0xef, 0x58, 0xef, 0x99, 0xf7,
    0x9a, 0xf7, 0x99, 0xf7, 0x9a, 0xf7, 0x99, 0xf7, 0x99, 0xf7, 0x9a, 0xf7,
    0x99, 0xf7, 0x99, 0xf7, 0x9a, 0xf7, 0x99, 0xef, 0x99, 0xf7, 0x99, 0xf7,
    0x99, 0xef, 0x99, 0xf7, 0x99, 0xf7, 0x9a, 0xf7, 0x99, 0xf7, 0x99, 0xf7,
    0x79, 0xf7, 0x99, 0xf7, 0x99, 0xef, 0x79, 0xf7, 0x99, 0xf7, 0x99, 0xf7,
    0x99, 0xef, 0x78, 0xf7, 0x99, 0xf7, 0x79, 0xef, 0x78, 0xf7, 0x99, 0xef,
    0x79, 0xf7, 0x78, 0xf7, 0x98, 0xef, 0x78, 0xef, 0x78, 0xf7, 0x98, 0xf7,
    0x99, 0xf7, 0x78, 0xf7, 0x79, 0xef, 0x78, 0xf7, 0x99, 0xef, 0x78, 0xf7,
    0x98, 0xef, 0x79, 0xef, 0x98, 0xf7, 0x98, 0xf7, 0x79, 0xef, 0x78, 0xef,
    0x78, 0xf7, 0x99, 0xf7, 0x78, 0xef, 0x98, 0xf7, 0x78, 0xf7, 0x78, 0xef,
    0x78, 0xef, 0x98, 0xef, 0x78, 0xf7, 0x78, 0xef, 0x78, 0xef, 0x78, 0xf7,
    0x78, 0xef, 0x78, 0xef, 0x78, 0xf7, 0x98, 0xf7, 0x78, 0xef, 0x78, 0xef,
    0x78, 0xef, 0x78, 0xf7, 0x78, 0xf7, 0x78, 0xef, 0x78, 0xf7, 0x78, 0xef,
    0x78, 0xf7, 0x78, 0xef, 0x78, 0xef, 0x78, 0xef, 0x78, 0xf7, 0x98, 0xf7,
    0x99, 0xf7, 0x78, 0xf7, 0x78, 0xef, 0x79, 0xf7, 0x98, 0xf7, 0x79, 0xef,
    0x99, 0xf7, 0x99, 0xf7, 0x78, 0xef, 0x78, 0xef, 0x99, 0xef, 0x99, 0xf7,
    0x78, 0xf7, 0x98, 0xef, 0x79, 0xf7, 0x79, 0xef, 0x99, 0xef, 0x98, 0xf7,
    0x79, 0xef, 0x79, 0xf7, 0x79, 0xf7, 0x79, 0xef, 0x98, 0xf7, 0x99, 0xf7,
    0x99, 0xef, 0x79, 0xf7, 0x99, 0xf7, 0x99, 0xf7, 0x79, 0xef, 0x99, 0xf7,
    0x99, 0xf7, 0x99, 0xf7, 0x99, 0xf7, 0x79, 0xf7, 0x9a, 0xf7, 0x99, 0xf7,
    0x99, 0xf7, 0x79, 0xf7, 0x9a, 0xf7, 0x99, 0xf7, 0x99, 0xf7, 0x9a, 0xf7,
    0x99, 0xf7, 0x99, 0xef, 0x9a, 0xf7, 0x99, 0xf7, 0x99, 0xf7, 0x9a, 0xf7,
    0x9a, 0xf7, 0x9a, 0xf7, 0xb9, 0xf7, 0x9a, 0xf7, 0x99, 0xf7, 0x99, 0xef,
    0x9a, 0xf7, 0x9a, 0xf7, 0xba, 0xf7, 0xba, 0xf7, 0x9a, 0xf7, 0x9a, 0xf7,
    0xba, 0xf7, 0x9a, 0xf7, 0x78, 0xef, 0x58, 0xef, 0x9a, 0xf7, 0xba, 0xf7,
    0xba, 0xf7, 0xba, 0xf7, 0xba, 0xf7, 0x9a, 0xf7, 0x79, 0xf7, 0x9a, 0xf7,
    0x9a, 0xf7, 0xba, 0xf7, 0xba, 0xf7, 0x9b, 0xf7, 0x9a, 0xf7, 0x79, 0xef,
    0x9a, 0xf7, 0xbb, 0xf7, 0xba, 0xf7, 0x9a, 0xf7, 0x9a, 0xf7, 0x9a, 0xf7,
    0x9b, 0xf7, 0xba, 0xf7, 0xba, 0xff, 0x9a, 0xf7, 0xba, 0xf7, 0xbb, 0xf7,
    0x9a, 0xff, 0xba, 0xf7, 0xbb, 0xf7, 0x9b, 0xf7, 0x9a, 0xf7, 0xbb, 0xff,
    0xbb, 0xf7, 0x99, 0xf7, 0x99, 0xf7, 0xbb, 0xf7, 0xbb, 0xf7, 0x9a, 0xf7,
    0x79, 0xf7, 0xbb, 0xf7, 0x9a, 0xf7, 0x9b, 0xff, 0xba, 0xf7, 0xba, 0xf7,
    0xba, 0xf7, 0xbb, 0xf7, 0x9a, 0xf7, 0x79, 0xef, 0xba, 0xff, 0xba, 0xf7,
    0xba, 0xf7, 0x59, 0xef, 0xbb, 0xf7, 0x9a, 0xf7, 0x9a, 0xf7, 0xba, 0xf7,
    0x9a, 0xf7, 0x58, 0xef, 0xbb, 0xff, 0xba, 0xf7, 0x9b, 0xf7, 0xba, 0xf7,
    0x9a, 0xf7, 0x9a, 0xf7, 0xbb, 0xff, 0x9a, 0xf7, 0xba, 0xf7, 0xba, 0xff,
    0x9a, 0xf7, 0xba, 0xf7, 0xba, 0xf7, 0x9a, 0xf7, 0xba, 0xf7, 0xbb, 0xf7,
    0x79, 0xf7, 0x79, 0xef, 0xba, 0xf7, 0x9a, 0xf7, 0x9a, 0xf7, 0xba, 0xf7,
    0xba, 0xf7, 0x9a, 0xf7, 0x9a, 0xf7, 0x9a, 0xf7, 0x9a, 0xf7, 0xba, 0xf7,
    0xba, 0xf7, 0x99, 0xf7, 0x9a, 0xf7, 0xba, 0xf7, 0x9a, 0xf7, 0x9a, 0xf7,
    0xb9, 0xf7, 0x99, 0xf7, 0x9a, 0xf7, 0x9a, 0xf7, 0x99, 0xf7, 0x58, 0xef,
    0x9a, 0xf7, 0xba, 0xf7, 0x9a, 0xf7, 0x9a, 0xef, 0x9a, 0xf7, 0x9a, 0xf7,
    0x9a, 0xf7, 0x99, 0xf7, 0x99, 0xf7, 0x9a, 0xf7, 0x99, 0xf7, 0x9a, 0xf7,
    0x9a, 0xf7, 0x99, 0xf7, 0x99, 0xf7, 0x99, 0xf7, 0x9a, 0xf7, 0x99, 0xf7,
    0x79, 0xef, 0x79, 0xef, 0x99, 0xf7, 0x99, 0xf7, 0x99, 0xf7, 0x98, 0xef,
    0x99, 0xf7, 0x99, 0xf7, 0x99, 0xf7, 0x99, 0xf7, 0x79, 0xef, 0x78, 0xf7,
    0x79, 0xef, 0x99, 0xf7, 0x99, 0xf7, 0x79, 0xf7, 0x78, 0xef, 0x99, 0xef,
    0x79, 0xf7, 0x99, 0xef, 0x98, 0xf7, 0x99, 0xf7, 0x78, 0xef, 0x78, 0xf7,
    0x79, 0xf7, 0x79, 0xef, 0x98, 0xf7, 0x78, 0xf7, 0x79, 0xf7, 0x78, 0xf7,
    0x78, 0xef, 0x98, 0xef, 0x98, 0xf7, 0x78, 0xef, 0x78, 0xf7, 0x78, 0xef,
    0x78, 0xf7, 0x78, 0xf7, 0x78, 0xef, 0x78, 0xef, 0x78, 0xf7, 0x78, 0xef,
    0x78, 0xef, 0x78, 0xef, 0x78, 0xf7, 0x78, 0xef, 0x78, 0xf7, 0x78, 0xf7,
    0x78, 0xef, 0x78, 0xef, 0x78, 0xf7, 0x78, 0xf7, 0x78, 0xef, 0x79, 0xf7,
    0x79, 0xef, 0x78, 0xf7, 0x98, 0xf7, 0x78, 0xef, 0x79, 0xef, 0x78, 0xf7,
    0x98, 0xef, 0x99, 0xf7, 0x78, 0xf7, 0x78, 0xef, 0x98, 0xf7, 0x79, 0xef,
    0x98, 0xf7, 0x79, 0xf7, 0x99, 0xf7, 0x78, 0xf7, 0x78, 0xf7, 0x99, 0xf7,
    0x98, 0xef, 0x99, 0xf7, 0x78, 0xf7, 0x99, 0xef, 0x78, 0xf7, 0x99, 0xf7,
    0x79, 0xef, 0x98, 0xf7, 0x99, 0xf7, 0x79, 0xf7, 0x78, 0xf7, 0x99, 0xf7,
    0x99, 0xf7, 0x99, 0xef, 0x79, 0xf7, 0x99, 0xf7, 0x99, 0xf7, 0x99, 0xf7,
    0x79, 0xf7, 0x99, 0xef, 0x9a, 0xf7, 0x99, 0xf7, 0x99, 0xef, 0x99, 0xf7,
    0x99, 0xef, 0x99, 0xf7, 0x99, 0xf7, 0x99, 0xf7, 0x9a, 0xf7, 0x99, 0xf7,
    0x99, 0xf7, 0x9a, 0xf7, 0x9a, 0xf7, 0x9a, 0xf7, 0xb9, 0xf7, 0x99, 0xf7,
    0x9a, 0xf7, 0x99, 0xf7, 0x9a, 0xf7, 0x99, 0xef, 0x79, 0xf7, 0xba, 0xf7,
    0x9a, 0xf7, 0x9a, 0xf7, 0xba, 0xf7, 0x9a, 0xf7, 0xba, 0xf7, 0xba, 0xf7,
    0x9a, 0xf7, 0x9a, 0xf7, 0xba, 0xf7, 0x9a, 0xf7, 0x9a, 0xf7, 0x9a, 0xf7,
    0x9a, 0xf7, 0x9a, 0xf7, 0x9a, 0xf7, 0x79, 0xf7, 0x9a, 0xf7, 0x9a, 0xf7,
    0x9a, 0xf7, 0xba, 0xf7, 0x9a, 0xf7, 0x9a, 0xf7, 0x79, 0xef, 0x9a, 0xf7,
    0x9a, 0xf7, 0xba, 0xf7, 0x9a, 0xff, 0x9b, 0xf7, 0xba, 0xf7, 0x9a, 0xff,
    0xba, 0xf7, 0xba, 0xf7, 0x9a, 0xf7, 0xba, 0xf7, 0x9b, 0xf7, 0x9a, 0xf7,
    0xba, 0xf7, 0xbb, 0xff, 0xbb, 0xf7, 0x9a, 0xf7, 0x9a, 0xf7, 0xbb, 0xf7,
    0xbb, 0xf7, 0x9a, 0xf7, 0x79, 0xf7, 0xbb, 0xf7, 0xbb, 0xf7, 0x9a, 0xf7,
    0x79, 0xf7, 0xbb, 0xff, 0xbb, 0xf7, 0x9a, 0xf7, 0xba, 0xff, 0xbb, 0xf7,
    0x9b, 0xf7, 0xba, 0xff, 0xba, 0xf7, 0x59, 0xef, 0xbb, 0xf7, 0xba, 0xf7,
    0x9a, 0xf7, 0x79, 0xef, 0x9a, 0xff, 0x9a, 0xf7, 0x9a, 0xf7, 0xba, 0xf7,
    0x9b, 0xf7, 0x59, 0xef, 0xbb, 0xff, 0xba, 0xf7, 0x9a, 0xff, 0x9a, 0xf7,
    0xba, 0xf7, 0x9a, 0xf7, 0x9a, 0xf7, 0x9a, 0xf7, 0xba, 0xf7, 0x9b, 0xff,
    0xba, 0xf7, 0x9a, 0xf7, 0x9a, 0xf7, 0x9a, 0xf7, 0xba, 0xf7, 0x9a, 0xf7,
    0xba, 0xf7, 0x99, 0xf7, 0x79, 0xf7, 0xba, 0xf7, 0x9a, 0xf7, 0x9a, 0xff,
    0x9a, 0xf7, 0x9a, 0xf7, 0x9a, 0xf7, 0x9a, 0xf7, 0x9a, 0xf7, 0x9a, 0xf7,
    0x9a, 0xf7, 0x9a, 0xf7, 0x99, 0xf7, 0x9a, 0xf7, 0xb9, 0xf7, 0x9a, 0xf7,
    0x9a, 0xf7, 0x99, 0xf7, 0x99, 0xf7, 0x99, 0xf7, 0x9a, 0xf7, 0x79, 0xef,
    0x57, 0xef, 0x79, 0xef, 0x78, 0xef, 0x79, 0xef, 0x79, 0xef, 0x78, 0xef,
    0x79, 0xef, 0x79, 0xef, 0x78, 0xef, 0x79, 0xef, 0x79, 0xef, 0x79, 0xef,
    0x79, 0xef, 0x79, 0xef, 0x79, 0xef, 0x79, 0xef, 0x78, 0xef, 0x78, 0xef,
    0x58, 0xef, 0x58, 0xef, 0x78, 0xef, 0x99, 0xf7, 0x79, 0xf7, 0x99, 0xf7,
    0x99, 0xf7, 0x98, 0xef, 0x79, 0xf7, 0x99, 0xef, 0x98, 0xf7, 0x79, 0xf7,
    0x78, 0xef, 0x99, 0xef, 0x99, 0xf7, 0x78, 0xf7, 0x99, 0xef, 0x78, 0xf7,
    0x78, 0xf7, 0x99, 0xef, 0x99, 0xf7, 0x78, 0xef, 0x78, 0xef, 0x78, 0xf7,
    0x78, 0xef, 0x98, 0xef, 0x79, 0xf7, 0x78, 0xef, 0x78, 0xef, 0x99, 0xf7,
    0x98, 0xef, 0x78, 0xf7, 0x78, 0xef, 0x79, 0xef, 0x78, 0xf7, 0x78, 0xef,
    0x98, 0xf7, 0x78, 0xf7, 0x78, 0xef, 0x78, 0xef, 0x78, 0xf7, 0x78, 0xef,
    0x78, 0xef, 0x78, 0xf7, 0x78, 0xef, 0x78, 0xef, 0x78, 0xf7, 0x79, 0xf7,
    0x78, 0xef, 0x78, 0xef, 0x79, 0xf7, 0x78, 0xef, 0x78, 0xef, 0x98, 0xf7,
    0x78, 0xef, 0x78, 0xf7, 0x98, 0xf7, 0x78, 0xef, 0x79, 0xf7, 0x78, 0xf7,
    0x98, 0xef, 0x79, 0xef, 0x78, 0xef, 0x98, 0xf7, 0x98, 0xf7, 0x78, 0xef,
    0x78, 0xef, 0x98, 0xf7, 0x99, 0xef, 0x78, 0xf7, 0x99, 0xf7, 0x79, 0xef,
    0x78, 0xef, 0x99, 0xf7, 0x98, 0xef, 0x79, 0xf7, 0x79, 0xf7, 0x98, 0xf7,
    0x79, 0xef, 0x99, 0xf7, 0x98, 0xf7, 0x99, 0xef, 0x79, 0xef, 0x78, 0xf7,
    0x99, 0xf7, 0x98, 0xf7, 0x79, 0xef, 0x99, 0xf7, 0x99, 0xf7, 0x99, 0xef,
    0x99, 0xf7, 0x79, 0xf7, 0x99, 0xf7, 0x99, 0xf7, 0x99, 0xf7, 0x99, 0xf7,
    0x7a, 0xf7, 0x99, 0xf7, 0x99, 0xef, 0x99, 0xf7, 0x79, 0xf7, 0x99, 0xef,
    0x99, 0xef, 0x99, 0xf7, 0x99, 0xf7, 0x9a, 0xf7, 0x9a, 0xf7, 0x9a, 0xf7,
    0xba, 0xf7, 0x9a, 0xf7, 0x99, 0xef, 0x79, 0xef, 0x9a, 0xf7, 0x9a, 0xf7,
    0x9a, 0xf7, 0x9a, 0xf7, 0x9a, 0xf7, 0x9a, 0xf7, 0x9a, 0xf7, 0x9a, 0xf7,
    0x9a, 0xf7, 0x9a, 0xf7, 0x9a, 0xf7, 0x9a, 0xf7, 0x9a, 0xf7, 0x9a, 0xf7,
    0x9a, 0xf7, 0x9a, 0xf7, 0x9a, 0xf7, 0x9a, 0xf7, 0x9a, 0xf7, 0x9a, 0xf7,
    0x9a, 0xf7, 0xba, 0xf7, 0x9a, 0xf7, 0x78, 0xf7, 0x9a, 0xf7, 0xba, 0xf7,
    0x9a, 0xf7, 0x9a, 0xf7, 0x9a, 0xff, 0x9b, 0xf7, 0xba, 0xf7, 0x9a, 0xf7,
    0xba, 0xf7, 0x9b, 0xf7, 0x9a, 0xf7, 0xba, 0xf7, 0xbb, 0xff, 0x9a, 0xf7,
    0x9a, 0xf7, 0xba, 0xf7, 0xba, 0xf7, 0x9a, 0xf7, 0x9a, 0xf7, 0xbb, 0xf7,
    0xba, 0xf7, 0x9a, 0xf7, 0x79, 0xf7, 0xbb, 0xf7, 0xbb, 0xf7, 0x99, 0xf7,
    0x79, 0xef, 0xbb, 0xf7, 0xba, 0xf7, 0x9a, 0xf7, 0x9b, 0xf7, 0xba, 0xf7,
    0x9a, 0xf7, 0xbb, 0xf7, 0x9a, 0xf7, 0x79, 0xef, 0xbb, 0xff, 0xbb, 0xf7,
    0x9a, 0xf7, 0x79, 0xef, 0xba, 0xff, 0xba, 0xf7, 0xba, 0xf7, 0x9a, 0xf7,
    0x9a, 0xf7, 0x58, 0xef, 0xbb, 0xf7, 0xba, 0xf7, 0x9b, 0xf7, 0xba, 0xff,
    0x9b, 0xf7, 0xba, 0xf7, 0x9a, 0xf7, 0x9a, 0xf7, 0xba, 0xf7, 0x9b, 0xf7,
    0xba, 0xf7, 0x9a, 0xf7, 0x9a, 0xf7, 0x9a, 0xf7, 0x9a, 0xff, 0x9a, 0xf7,
    0x9a, 0xf7, 0xba, 0xf7, 0x99, 0xf7, 0x79, 0xef, 0xba, 0xf7, 0x9a, 0xf7,
    0x9a, 0xf7, 0x9a, 0xf7, 0xb9, 0xf7, 0x9a, 0xf7, 0x99, 0xf7, 0x99, 0xf7,
    0x9a, 0xf7, 0xba, 0xf7, 0x99, 0xf7, 0x9a, 0xf7, 0x99, 0xf7, 0x9a, 0xf7,
    0x9a, 0xf7, 0xba, 0xf7, 0x99, 0xf7, 0x9a, 0xf7, 0x99, 0xf7, 0x99, 0xf7,
    0x99, 0xf7, 0x79, 0xef, 0x99, 0xf7, 0x99, 0xf7, 0x99, 0xf7, 0x78, 0xef,
    0x79, 0xef, 0x78, 0xef, 0x79, 0xf7, 0x78, 0xef, 0x79, 0xf7, 0x78, 0xf7,
    0x79, 0xf7, 0x79, 0xf7, 0x79, 0xf7, 0x79, 0xef, 0x79, 0xef, 0x78, 0xef,
    0x58, 0xef, 0x78, 0xef, 0x79, 0xef, 0x99, 0xf7, 0x99, 0xf7, 0x79, 0xef,
    0x99, 0xf7, 0x98, 0xef, 0x79, 0xf7, 0x79, 0xf7, 0x99, 0xef, 0x98, 0xf7,
    0x78, 0xf7, 0x78, 0xef, 0x78, 0xf7, 0x99, 0xf7, 0x98, 0xef, 0x99, 0xf7,
    0x79, 0xf7, 0x78, 0xf7, 0x98, 0xef, 0x79, 0xf7, 0x79, 0xf7, 0x99, 0xef,
    0x78, 0xf7, 0x98, 0xf7, 0x99, 0xf7, 0x78, 0xef, 0x78, 0xef, 0x78, 0xf7,
    0x99, 0xf7, 0x78, 0xef, 0x78, 0xf7, 0x99, 0xf7, 0x78, 0xef, 0x78, 0xef,
    0x79, 0xef, 0x78, 0xf7, 0x98, 0xef, 0x78, 0xf7, 0x78, 0xef, 0x78, 0xef,
    0x78, 0xef, 0x78, 0xf7, 0x78, 0xef, 0x78, 0xf7, 0x78, 0xef, 0x78, 0xef,
    0x79, 0xf7, 0x78, 0xef, 0x78, 0xf7, 0x78, 0xef, 0x78, 0xf7, 0x98, 0xef,
    0x78, 0xef, 0x79, 0xf7, 0x78, 0xef, 0x78, 0xef, 0x78, 0xf7, 0x78, 0xef,
    0x99, 0xf7, 0x98, 0xf7, 0x78, 0xef, 0x99, 0xf7, 0x79, 0xf7, 0x99, 0xf7,
    0x99, 0xf7, 0x78, 0xef, 0x79, 0xf7, 0x98, 0xef, 0x99, 0xf7, 0x79, 0xf7,
    0x79, 0xf7, 0x98, 0xf7, 0x79, 0xef, 0x79, 0xef, 0x78, 0xf7, 0x98, 0xef,
    0x79, 0xf7, 0x79, 0xef, 0x99, 0xf7, 0x79, 0xf7, 0x99, 0xf7, 0x99, 0xef,
    0x79, 0xf7, 0x79, 0xf7, 0x99, 0xf7, 0x79, 0xef, 0x79, 0xf7, 0x79, 0xf7,
    0x99, 0xef, 0x99, 0xf7, 0x99, 0xf7, 0x79, 0xf7, 0x99, 0xf7, 0x99, 0xf7,
    0x99, 0xf7, 0x99, 0xf7, 0x79, 0xef, 0x99, 0xf7, 0x99, 0xf7, 0x9a, 0xf7,
    0x99, 0xf7, 0x9a, 0xf7, 0x99, 0xf7, 0x99, 0xf7, 0x99, 0xf7, 0x9a, 0xf7,
    0x9a, 0xf7, 0x99, 0xef, 0x99, 0xf7, 0xba, 0xf7, 0x9a, 0xf7, 0x99, 0xf7,
    0x99, 0xf7, 0x9a, 0xf7, 0xb9, 0xf7, 0x99, 0xf7, 0x9a, 0xf7, 0x9a, 0xf7,
    0x99, 0xf7, 0x99, 0xf7, 0xba, 0xf7, 0xba, 0xf7, 0x9a, 0xf7, 0x9a, 0xf7,
    0x9a, 0xf7, 0x9a, 0xf7, 0x9a, 0xf7, 0x99, 0xf7, 0x9a, 0xf7, 0x9a, 0xf7,
    0x9a, 0xf7, 0x9a, 0xf7, 0x79, 0xef, 0x9a, 0xf7, 0x9a, 0xf7, 0x9a, 0xf7,
    0x9a, 0xf7, 0xba, 0xf7, 0xba, 0xf7, 0x9a, 0xf7, 0x9a, 0xf7, 0x9a, 0xf7,
    0x9a, 0xf7, 0xba, 0xff, 0x9a, 0xf7, 0x9a, 0xf7, 0xba, 0xf7, 0xbb, 0xf7,
    0x9a, 0xff, 0x9b, 0xf7, 0xbb, 0xf7, 0xba, 0xf7, 0x9a, 0xf7, 0xbb, 0xf7,
    0xba, 0xff, 0x7a, 0xf7, 0x79, 0xef, 0xbb, 0xf7, 0xbb, 0xff, 0x9a, 0xf7,
    0x79, 0xef, 0xbb, 0xff, 0x9a, 0xf7, 0xba, 0xf7, 0xba, 0xff, 0x9b, 0xf7,
    0x9a, 0xff, 0xba, 0xf7, 0x9a, 0xf7, 0x79, 0xef, 0xbb, 0xf7, 0x9a, 0xf7,
    0x9a, 0xf7, 0x58, 0xef, 0xbb, 0xf7, 0x9a, 0xf7, 0x9b, 0xf7, 0xba, 0xf7,
    0x9a, 0xf7, 0x58, 0xef, 0xbb, 0xf7, 0x9a, 0xf7, 0xba, 0xf7, 0xba, 0xf7,
    0x9a, 0xf7, 0xbb, 0xf7, 0xba, 0xf7, 0x9a, 0xf7, 0x9a, 0xff, 0xba, 0xf7,
    0xba, 0xf7, 0xba, 0xff, 0x9a, 0xf7, 0xba, 0xf7, 0x9a, 0xf7, 0x9a, 0xf7,
    0x9a, 0xf7, 0x9a, 0xf7, 0x9a, 0xf7, 0x79, 0xf7, 0x79, 0xf7, 0xba, 0xf7,
    0x9a, 0xf7, 0x9a, 0xf7, 0xba, 0xf7, 0x9a, 0xf7, 0xba, 0xf7, 0x9a, 0xf7,
    0x99, 0xf7, 0x9a, 0xf7, 0xba, 0xf7, 0x99, 0xf7, 0x9a, 0xf7, 0x99, 0xf7,
    0xba, 0xf7, 0x99, 0xf7, 0x9a, 0xf7, 0x9a, 0xf7, 0x99, 0xf7, 0x9a, 0xf7,
    0x9a, 0xf7, 0x99, 0xf7, 0xba, 0xf7, 0x99, 0xf7, 0x99, 0xf7, 0x9a, 0xf7,
    0x99, 0xf7, 0x99, 0xf7, 0x99, 0xf7, 0x99, 0xf7, 0x99, 0xf7, 0x99, 0xf7,
    0x99, 0xf7, 0x99, 0xf7, 0x99, 0xf7, 0x99, 0xf7, 0x99, 0xf7, 0x99, 0xf7,
    0x99, 0xf7, 0x79, 0xef, 0x99, 0xf7, 0x99, 0xf7, 0x99, 0xf7, 0x79, 0xef,
    0x98, 0xf7, 0x99, 0xf7, 0x79, 0xef, 0x99, 0xf7, 0x79, 0xf7, 0x99, 0xef,
    0x99, 0xf7, 0x79, 0xf7, 0x78, 0xef, 0x99, 0xf7, 0x79, 0xf7, 0x99, 0xef,
    0x99, 0xef, 0x78, 0xef, 0x99, 0xf7, 0x99, 0xef, 0x78, 0xef, 0x98, 0xf7,
    0x79, 0xef, 0x78, 0xf7, 0x99, 0xef, 0x78, 0xf7, 0x78, 0xef, 0x78, 0xf7,
    0x78, 0xef, 0x79, 0xef, 0x78, 0xf7, 0x78, 0xf7, 0x98, 0xef, 0x78, 0xf7,
    0x78, 0xf7, 0x78, 0xef, 0x78, 0xf7, 0x78, 0xef, 0x78, 0xf7, 0x78, 0xef,
    0x78, 0xef, 0x78, 0xf7, 0x78, 0xf7, 0x78, 0xef, 0x78, 0xf7, 0x78, 0xef,
    0x78, 0xf7, 0x78, 0xf7, 0x78, 0xef, 0x78, 0xf7, 0x78, 0xf7, 0x78, 0xef,
    0x78, 0xf7, 0x78, 0xf7, 0x98, 0xef, 0x78, 0xf7, 0x98, 0xef, 0x78, 0xef,
    0x99, 0xf7, 0x78, 0xf7, 0x98, 0xf7, 0x79, 0xef, 0x78, 0xef, 0x98, 0xf7,
    0x79, 0xf7, 0x99, 0xef, 0x78, 0xf7, 0x99, 0xf7, 0x78, 0xef, 0x99, 0xef,
    0x98, 0xf7, 0x79, 0xf7, 0x99, 0xf7, 0x98, 0xf7, 0x99, 0xef, 0x79, 0xf7,
    0x98, 0xf7, 0x78, 0xef, 0x79, 0xf7, 0x98, 0xf7, 0x98, 0xef, 0x79, 0xf7,
    0x99, 0xf7, 0x99, 0xef, 0x99, 0xf7, 0x99, 0xf7, 0x79, 0xf7, 0x79, 0xf7,
    0x99, 0xf7, 0x99, 0xf7, 0x99, 0xef, 0x9a, 0xef, 0x79, 0xf7, 0x99, 0xf7,
    0x99, 0xf7, 0x99, 0xef, 0x9a, 0xf7, 0x99, 0xf7, 0x79, 0xf7, 0x99, 0xef,
    0x7a, 0xf7, 0x99, 0xf7, 0x99, 0xf7, 0x9a, 0xf7, 0x99, 0xf7, 0x9a, 0xf7,
    0x99, 0xef, 0x79, 0xf7, 0x9a, 0xf7, 0x9a, 0xf7, 0x9a, 0xf7, 0x99, 0xf7,
    0x9a, 0xf7, 0x9a, 0xf7, 0x9a, 0xf7, 0x9a, 0xf7, 0xb9, 0xf7, 0x9a, 0xf7,
    0x99, 0xf7, 0x9a, 0xf7, 0x9a, 0xf7, 0x9a, 0xf7, 0x9a, 0xf7, 0xba, 0xf7,
    0x9a, 0xf7, 0x9a, 0xf7, 0x9a, 0xf7, 0x99, 0xf7, 0x9a, 0xf7, 0x9a, 0xf7,
    0xba, 0xf7, 0x9a, 0xf7, 0x79, 0xf7, 0x9a, 0xf7, 0x9a, 0xf7, 0x9a, 0xf7,
    0x9a, 0xf7, 0xba, 0xf7, 0xba, 0xf7, 0x9a, 0xf7, 0x9a, 0xf7, 0x9a, 0xf7,
    0x9a, 0xf7, 0xbb, 0xf7, 0x9a, 0xf7, 0x9a, 0xf7, 0x9a, 0xf7, 0xba, 0xf7,
    0xba, 0xf7, 0xbb, 0xff, 0xbb, 0xf7, 0x9a, 0xf7, 0x9a, 0xf7, 0xbb, 0xf7,
    0xbb, 0xf7, 0x9a, 0xf7, 0x79, 0xf7, 0xbb, 0xf7, 0xbb, 0xf7, 0x79, 0xf7,
    0x79, 0xef, 0xbb, 0xf7, 0x9a, 0xf7, 0x9a, 0xff, 0xba, 0xf7, 0x9a, 0xf7,
    0xbb, 0xf7, 0x9a, 0xf7, 0x9a, 0xf7, 0x59, 0xef, 0xba, 0xf7, 0xba, 0xf7,
    0x9a, 0xf7, 0x78, 0xef, 0x9a, 0xf7, 0x9a, 0xf7, 0xba, 0xf7, 0xbb, 0xf7,
    0xba, 0xf7, 0x78, 0xef, 0xbb, 0xff, 0x9a, 0xf7, 0x9a, 0xf7, 0xbb, 0xff,
    0x9a, 0xf7, 0x9a, 0xf7, 0xba, 0xff, 0x9a, 0xf7, 0x9a, 0xf7, 0x9b, 0xf7,
    0x9a, 0xf7, 0x9a, 0xf7, 0xba, 0xf7, 0x9a, 0xf7, 0x9a, 0xf7, 0xba, 0xf7,
    0xba, 0xf7, 0x9a, 0xf7, 0x9a, 0xf7, 0xba, 0xf7, 0x99, 0xf7, 0x99, 0xf7,
    0x9a, 0xf7, 0x9a, 0xf7, 0xba, 0xf7, 0x9a, 0xf7, 0xba, 0xf7, 0x9a, 0xf7,
    0x9a, 0xf7, 0x9a, 0xf7, 0x99, 0xf7, 0x9a, 0xf7, 0x9a, 0xf7, 0xba, 0xf7,
    0x99, 0xf7, 0x99, 0xf7, 0x9a, 0xf7, 0x99, 0xf7, 0x99, 0xf7, 0x9a, 0xf7,
    0x99, 0xf7, 0x99, 0xf7, 0x9a, 0xf7, 0x99, 0xf7, 0x99, 0xf7, 0x99, 0xf7,
    0x99, 0xf7, 0x99, 0xf7, 0x99, 0xf7, 0x99, 0xf7, 0x99, 0xf7, 0x99, 0xef,
    0x99, 0xef, 0x99, 0xf7, 0x99, 0xf7, 0x99, 0xf7, 0x99, 0xf7, 0x99, 0xf7,
    0x99, 0xf7, 0x99, 0xf7, 0x99, 0xf7, 0x99, 0xf7, 0x99, 0xf7, 0x99, 0xf7,
    0x79, 0xef, 0x79, 0xf7, 0x99, 0xf7, 0x78, 0xef, 0x78, 0xef, 0x78, 0xf7,
    0x99, 0xef, 0x78, 0xef, 0x79, 0xf7, 0x99, 0xef, 0x78, 0xf7, 0x78, 0xf7,
    0x98, 0xf7, 0x79, 0xf7, 0x99, 0xf7, 0x78, 0xf7, 0x78, 0xef, 0x78, 0xf7,
    0x79, 0xef, 0x78, 0xef, 0x99, 0xf7, 0x78, 0xef, 0x78, 0xef, 0x79, 0xf7,
    0x78, 0xf7, 0x98, 0xef, 0x78, 0xef, 0x78, 0xf7, 0x78, 0xef, 0x78, 0xf7,
    0x78, 0xef, 0x78, 0xef, 0x78, 0xef, 0x78, 0xf7, 0x78, 0xef, 0x78, 0xef,
    0x78, 0xef, 0x78, 0xf7, 0x78, 0xef, 0x78, 0xef, 0x78, 0xf7, 0x78, 0xef,
    0x78, 0xef, 0x79, 0xf7, 0x78, 0xef, 0x78, 0xef, 0x78, 0xf7, 0x78, 0xef,
    0x78, 0xf7, 0x78, 0xef, 0x79, 0xef, 0x78, 0xf7, 0x78, 0xf7, 0x79, 0xf7,
    0x98, 0xef, 0x78, 0xf7, 0x99, 0xf7, 0x79, 0xef, 0x98, 0xf7, 0x78, 0xf7,
    0x78, 0xef, 0x98, 0xef, 0x99, 0xf7, 0x78, 0xf7, 0x99, 0xef, 0x99, 0xf7,
    0x98, 0xef, 0x99, 0xf7, 0x99, 0xf7, 0x99, 0xf7, 0x79, 0xef, 0x99, 0xf7,
    0x99, 0xf7, 0x98, 0xef, 0x79, 0xf7, 0x99, 0xef, 0x78, 0xef, 0x99, 0xf7,
    0x79, 0xf7, 0x98, 0xf7, 0x79, 0xef, 0x99, 0xf7, 0x99, 0xef, 0x99, 0xf7,
    0x99, 0xf7, 0x79, 0xf7, 0x99, 0xf7, 0x99, 0xf7, 0x99, 0xf7, 0x79, 0xef,
    0x99, 0xf7, 0x99, 0xf7, 0x79, 0xf7, 0x99, 0xf7, 0x99, 0xef, 0x99, 0xf7,
    0x99, 0xf7, 0x99, 0xf7, 0x9a, 0xef, 0x9a, 0xf7, 0x9a, 0xf7, 0x99, 0xef,
    0x78, 0xef, 0x9a, 0xf7, 0x99, 0xf7, 0x9a, 0xf7, 0x9a, 0xf7, 0xb9, 0xf7,
    0x9a, 0xf7, 0x9a, 0xf7, 0x9a, 0xf7, 0x99, 0xf7, 0x9a, 0xf7, 0x9a, 0xf7,
    0x9a, 0xf7, 0xba, 0xf7, 0x9a, 0xf7, 0x99, 0xf7, 0x9a, 0xf7, 0xba, 0xf7,
    0x99, 0xf7, 0x9a, 0xf7, 0x9a, 0xf7, 0x99, 0xf7, 0x9a, 0xf7, 0x9a, 0xf7,
    0x9a, 0xf7, 0x9a, 0xf7, 0x79, 0xf7, 0xba, 0xf7, 0x9a, 0xf7, 0x9a, 0xf7,
    0x9a, 0xff, 0x9a, 0xf7, 0xba, 0xf7, 0x9a, 0xff, 0xba, 0xf7, 0xba, 0xf7,
    0x9a, 0xff, 0x9a, 0xf7, 0xba, 0xf7, 0x9a, 0xff, 0x9b, 0xf7, 0x9a, 0xf7,
    0x9a, 0xf7, 0xba, 0xf7, 0xbb, 0xff, 0x9a, 0xf7, 0x9a, 0xf7, 0xba, 0xf7,
    0x9b, 0xf7, 0x99, 0xf7, 0x79, 0xf7, 0xbb, 0xf7, 0xba, 0xf7, 0x79, 0xf7,
    0x79, 0xf7, 0xbb, 0xf7, 0x9a, 0xf7, 0xba, 0xf7, 0x9a, 0xf7, 0xbb, 0xf7,
    0xba, 0xf7, 0x9b, 0xff, 0x9a, 0xf7, 0x59, 0xef, 0xbb, 0xff, 0x9b, 0xf7,
    0xba, 0xf7, 0x58, 0xef, 0xbb, 0xf7, 0xba, 0xf7, 0x9a, 0xff, 0x9a, 0xf7,
    0x9a, 0xf7, 0x79, 0xef, 0xbb, 0xf7, 0xba, 0xf7, 0x9a, 0xf7, 0xba, 0xff,
    0xba, 0xf7, 0x9a, 0xf7, 0x9a, 0xf7, 0xba, 0xf7, 0x9a, 0xf7, 0x9a, 0xf7,
    0xbb, 0xff, 0x9a, 0xf7, 0xbb, 0xf7, 0xba, 0xff, 0x9a, 0xf7, 0xba, 0xf7,
    0xba, 0xff, 0x9a, 0xff, 0xba, 0xf7, 0xba, 0xf7, 0x9a, 0xf7, 0x9a, 0xf7,
    0x9a, 0xf7, 0x9a, 0xf7, 0x99, 0xf7, 0x9a, 0xf7, 0x99, 0xf7, 0x9a, 0xf7,
    0xba, 0xf7, 0x99, 0xf7, 0x9a, 0xf7, 0x99, 0xf7, 0x9a, 0xf7, 0x99, 0xf7,
    0x9a, 0xf7, 0x9a, 0xf7, 0x99, 0xf7, 0x99, 0xf7, 0x9a, 0xf7, 0x9a, 0xf7,
    0x99, 0xf7, 0x99, 0xf7, 0x99, 0xf7, 0x9a, 0xf7, 0x9a, 0xf7, 0x99, 0xf7,
    0x9a, 0xf7, 0x99, 0xf7, 0x9a, 0xf7, 0x99, 0xf7, 0x99, 0xf7, 0x79, 0xf7,
    0x99, 0xf7, 0x79, 0xef, 0x99, 0xf7, 0x79, 0xf7, 0x99, 0xef, 0x99, 0xf7,
    0x79, 0xf7, 0x99, 0xf7, 0x79, 0xef, 0x99, 0xf7, 0x99, 0xf7, 0x99, 0xf7,
    0x79, 0xef, 0x78, 0xf7, 0x99, 0xf7, 0x99, 0xf7, 0x79, 0xf7, 0x99, 0xf7,
    0x78, 0xef, 0x78, 0xf7, 0x99, 0xf7, 0x99, 0xef, 0x78, 0xf7, 0x99, 0xf7,
    0x79, 0xef, 0x98, 0xef, 0x99, 0xf7, 0x99, 0xf7, 0x99, 0xf7, 0x78, 0xef,
    0x78, 0xf7, 0x79, 0xf7, 0x98, 0xef, 0x78, 0xf7, 0x79, 0xf7, 0x98, 0xef,
    0x78, 0xf7, 0x78, 0xef, 0x98, 0xf7, 0x78, 0xef, 0x78, 0xf7, 0x78, 0xef,
    0x78, 0xef, 0x78, 0xf7, 0x78, 0xef, 0x78, 0xef, 0x78, 0xf7, 0x78, 0xef,
    0x78, 0xf7, 0x78, 0xef, 0x78, 0xf7, 0x78, 0xf7, 0x78, 0xef, 0x78, 0xef,
    0x78, 0xf7, 0x78, 0xf7, 0x78, 0xef, 0x78, 0xf7, 0x79, 0xef, 0x78, 0xf7,
    0x78, 0xef, 0x78, 0xef, 0x78, 0xf7, 0x98, 0xef, 0x79, 0xf7, 0x78, 0xf7,
    0x78, 0xef, 0x78, 0xf7, 0x78, 0xf7, 0x98, 0xef, 0x99, 0xf7, 0x78, 0xf7,
    0x79, 0xef, 0x98, 0xf7, 0x79, 0xf7, 0x79, 0xef, 0x98, 0xf7, 0x99, 0xf7,
    0x99, 0xf7, 0x78, 0xef, 0x98, 0xf7, 0x99, 0xf7, 0x79, 0xf7, 0x78, 0xef,
    0x79, 0xf7, 0x99, 0xf7, 0x79, 0xef, 0x79, 0xf7, 0x99, 0xf7, 0x79, 0xef,
    0x99, 0xf7, 0x79, 0xf7, 0x99, 0xf7, 0x79, 0xf7, 0x79, 0xf7, 0x99, 0xef,
    0x99, 0xf7, 0x99, 0xef, 0x79, 0xf7, 0x99, 0xf7, 0x99, 0xf7, 0x99, 0xef,
    0x99, 0xf7, 0x79, 0xf7, 0x99, 0xef, 0x99, 0xf7, 0x79, 0xf7, 0x99, 0xf7,
    0x9a, 0xf7, 0x99, 0xf7, 0x99, 0xf7, 0x99, 0xf7, 0x99, 0xef, 0x79, 0xf7,
    0x9a, 0xf7, 0x99, 0xf7, 0xb9, 0xf7, 0x99, 0xf7, 0x9a, 0xf7, 0x9a, 0xf7,
    0xb9, 0xf7, 0xba, 0xf7, 0xba, 0xf7, 0x99, 0xf7, 0x99, 0xf7, 0xba, 0xf7,
    0x9a, 0xf7, 0x9a, 0xf7, 0xba, 0xf7, 0x99, 0xf7, 0x9a, 0xf7, 0x9a, 0xf7,
    0x9a, 0xf7, 0xba, 0xf7, 0x99, 0xf7, 0x99, 0xf7, 0x9a, 0xf7, 0x9a, 0xf7,
    0x9a, 0xf7, 0x9a, 0xf7, 0x79, 0xf7, 0x9a, 0xf7, 0x9a, 0xf7, 0x9a, 0xf7,
    0x9a, 0xf7, 0xba, 0xf7, 0x9a, 0xf7, 0x9a, 0xf7, 0xba, 0xf7, 0xba, 0xf7,
    0x9a, 0xf7, 0x9a, 0xf7, 0x9a, 0xf7, 0x9a, 0xf7, 0xba, 0xf7, 0xba, 0xf7,
    0x9a, 0xf7, 0xbb, 0xf7, 0x9a, 0xf7, 0x79, 0xf7, 0xbb, 0xf7, 0x9a, 0xf7,
    0xbb, 0xff, 0x79, 0xf7, 0x79, 0xef, 0xbb, 0xf7, 0xbb, 0xf7, 0x79, 0xf7,
    0x79, 0xef, 0xba, 0xf7, 0x9a, 0xf7, 0xba, 0xf7, 0x9a, 0xf7, 0x9a, 0xf7,
    0xba, 0xf7, 0xba, 0xf7, 0xba, 0xf7, 0x78, 0xef, 0x9a, 0xf7, 0x9a, 0xf7,
    0x9a, 0xf7, 0x58, 0xef, 0xba, 0xf7, 0x9a, 0xf7, 0xba, 0xf7, 0x9a, 0xf7,
    0x9a, 0xf7, 0x79, 0xef, 0xba, 0xf7, 0x9a, 0xff, 0x9a, 0xf7, 0xba, 0xf7,
    0x9a, 0xf7, 0xba, 0xff, 0xbb, 0xf7, 0x9a, 0xf7, 0x9a, 0xf7, 0xba, 0xf7,
    0x9a, 0xf7, 0x9a, 0xf7, 0xba, 0xf7, 0x9a, 0xf7, 0x9a, 0xf7, 0x9a, 0xf7,
    0x9a, 0xf7, 0xba, 0xf7, 0x9a, 0xf7, 0x9a, 0xf7, 0x9a, 0xf7, 0x9a, 0xf7,
    0xba, 0xf7, 0x9a, 0xf7, 0x9a, 0xf7, 0xba, 0xf7, 0x9a, 0xf7, 0x99, 0xf7,
    0xba, 0xf7, 0x9a, 0xf7, 0x99, 0xf7, 0x99, 0xf7, 0x9a, 0xf7, 0x9a, 0xf7,
    0x99, 0xf7, 0x9a, 0xf7, 0x99, 0xf7, 0x99, 0xf7, 0x9a, 0xf7, 0x99, 0xf7,
    0x9a, 0xf7, 0x99, 0xf7, 0x99, 0xf7, 0x9a, 0xf7, 0x99, 0xf7, 0x9a, 0xf7,
    0x99, 0xf7, 0x99, 0xf7, 0x99, 0xf7, 0x99, 0xef, 0x99, 0xf7, 0x79, 0xf7,
    0x99, 0xf7, 0x99, 0xf7, 0x99, 0xef, 0x99, 0xf7, 0x79, 0xef, 0x99, 0xf7,
    0x99, 0xf7, 0x99, 0xef, 0x99, 0xf7, 0x79, 0xf7, 0x99, 0xef, 0x78, 0xef,
    0x99, 0xf7, 0x99, 0xf7, 0x79, 0xef, 0x99, 0xef, 0x98, 0xf7, 0x79, 0xf7,
    0x99, 0xef, 0x79, 0xf7, 0x98, 0xf7, 0x79, 0xef, 0x98, 0xef, 0x79, 0xef,
    0x78, 0xf7, 0x98, 0xef, 0x98, 0xef, 0x99, 0xf7, 0x78, 0xef, 0x98, 0xf7,
    0x78, 0xef, 0x78, 0xf7, 0x98, 0xef, 0x98, 0xef, 0x78, 0xf7, 0x78, 0xef,
    0x79, 0xef, 0x78, 0xf7, 0x78, 0xef, 0x78, 0xef, 0x78, 0xf7, 0x98, 0xef,
    0x78, 0xf7, 0x79, 0xf7, 0x78, 0xf7, 0x78, 0xef, 0x78, 0xef, 0x78, 0xef,
    0x78, 0xef, 0x78, 0xf7, 0x78, 0xef, 0x78, 0xf7, 0x79, 0xf7, 0x78, 0xef,
    0x98, 0xef, 0x78, 0xf7, 0x78, 0xef, 0x78, 0xef, 0x78, 0xef, 0x78, 0xf7,
    0x78, 0xf7, 0x78, 0xef, 0x98, 0xf7, 0x78, 0xf7, 0x78, 0xef, 0x98, 0xf7,
    0x79, 0xef, 0x78, 0xf7, 0x78, 0xf7, 0x98, 0xef, 0x78, 0xf7, 0x98, 0xf7,
    0x99, 0xef, 0x78, 0xf7, 0x98, 0xf7, 0x99, 0xef, 0x99, 0xf7, 0x99, 0xf7,
    0x79, 0xf7, 0x99, 0xf7, 0x78, 0xef, 0x79, 0xf7, 0x98, 0xef, 0x78, 0xf7,
    0x98, 0xef, 0x79, 0xf7, 0x98, 0xf7, 0x98, 0xf7, 0x79, 0xf7, 0x98, 0xef,
    0x98, 0xf7, 0x99, 0xef, 0x79, 0xf7, 0x99, 0xf7, 0x79, 0xef, 0x79, 0xf7,
    0x99, 0xf7, 0x99, 0xf7, 0x99, 0xf7, 0x79, 0xef, 0x99, 0xf7, 0x99, 0xf7,
    0x79, 0xf7, 0x79, 0xf7, 0x99, 0xef, 0x9a, 0xf7, 0x99, 0xf7, 0x79, 0xf7,
    0x9a, 0xef, 0x9a, 0xf7, 0x9a, 0xf7, 0x79, 0xef, 0x78, 0xef, 0x9a, 0xf7,
    0x99, 0xf7, 0x9a, 0xf7, 0x9a, 0xf7, 0x99, 0xf7, 0x99, 0xf7, 0x9a, 0xf7,
    0x9a, 0xf7, 0x9a, 0xf7, 0x57, 0xef, 0x79, 0xf7, 0x99, 0xf7, 0x58, 0xef,
    0xba, 0xf7, 0x58, 0xef, 0x58, 0xef, 0x9a, 0xf7, 0x9a, 0xf7, 0x9a, 0xf7,
    0x9a, 0xf7, 0x9a, 0xf7, 0x9a, 0xf7, 0x99, 0xef, 0x9a, 0xf7, 0xba, 0xf7,
    0xba, 0xf7, 0x9a, 0xf7, 0x79, 0xef, 0x9a, 0xf7, 0xba, 0xf7, 0xba, 0xf7,
    0x9a, 0xf7, 0x9a, 0xf7, 0x9a, 0xff, 0x9a, 0xf7, 0x9a, 0xf7, 0x9a, 0xf7,
    0x9a, 0xf7, 0x9a, 0xf7, 0xba, 0xf7, 0x9a, 0xf7, 0xbb, 0xf7, 0xba, 0xf7,
    0xbb, 0xff, 0x9a, 0xf7, 0x79, 0xef, 0xba, 0xf7, 0x9b, 0xf7, 0xbb, 0xf7,
    0x9a, 0xf7, 0x79, 0xef, 0xba, 0xf7, 0x9b, 0xf7, 0xba, 0xf7, 0x99, 0xf7,
    0x79, 0xef, 0x9a, 0xf7, 0xba, 0xf7, 0x9b, 0xff, 0x9a, 0xf7, 0xba, 0xff,
    0x9b, 0xf7, 0xbb, 0xf7, 0x9a, 0xf7, 0x58, 0xef, 0x9a, 0xf7, 0xba, 0xf7,
    0x9a, 0xf7, 0x79, 0xef, 0x9a, 0xf7, 0x9a, 0xf7, 0xba, 0xf7, 0xba, 0xf7,
    0x9a, 0xf7, 0x79, 0xf7, 0xba, 0xf7, 0x9a, 0xf7, 0x9a, 0xf7, 0xbb, 0xf7,
    0x9a, 0xf7, 0x9a, 0xf7, 0xba, 0xf7, 0x9a, 0xf7, 0xba, 0xf7, 0x9a, 0xff,
    0x9a, 0xf7, 0x9a, 0xf7, 0xba, 0xf7, 0x9a, 0xf7, 0x9a, 0xf7, 0x9a, 0xf7,
    0x9a, 0xf7, 0x9a, 0xf7, 0x9a, 0xf7, 0x9a, 0xf7, 0x9a, 0xf7, 0xba, 0xf7,
    0x9a, 0xf7, 0x9a, 0xf7, 0xba, 0xf7, 0x9a, 0xf7, 0x9a, 0xf7, 0x99, 0xf7,
    0x9a, 0xf7, 0xba, 0xf7, 0x99, 0xf7, 0x9a, 0xf7, 0x9a, 0xf7, 0x99, 0xf7,
    0x9a, 0xf7, 0x99, 0xf7, 0x9a, 0xf7, 0x99, 0xf7, 0x99, 0xf7, 0x99, 0xf7,
    0x9a, 0xf7, 0x99, 0xf7, 0x99, 0xf7, 0x99, 0xf7, 0x99, 0xf7, 0x99, 0xf7,
    0x99, 0xf7, 0x99, 0xf7, 0x79, 0xf7, 0x99, 0xef, 0x99, 0xf7, 0x79, 0xf7,
    0x79, 0xef, 0x99, 0xf7, 0x99, 0xf7, 0x79, 0xef, 0x79, 0xf7, 0x99, 0xef,
    0x99, 0xf7, 0x79, 0xf7, 0x79, 0xf7, 0x79, 0xf7, 0x99, 0xf7, 0x78, 0xf7,
    0x99, 0xf7, 0x79, 0xf7, 0x78, 0xef, 0x98, 0xf7, 0x79, 0xf7, 0x78, 0xef,
    0x98, 0xf7, 0x99, 0xef, 0x79, 0xf7, 0x78, 0xf7, 0x98, 0xf7, 0x99, 0xf7,
    0x79, 0xf7, 0x78, 0xf7, 0x99, 0xf7, 0x98, 0xef, 0x78, 0xef, 0x79, 0xf7,
    0x78, 0xef, 0x79, 0xf7, 0x98, 0xf7, 0x78, 0xf7, 0x79, 0xef, 0x78, 0xf7,
    0x98, 0xf7, 0x79, 0xef, 0x78, 0xf7, 0x78, 0xef, 0x78, 0xef, 0x78, 0xf7,
    0x78, 0xef, 0x78, 0xef, 0x78, 0xf7, 0x78, 0xef, 0x78, 0xf7, 0x78, 0xef,
    0x78, 0xef, 0x78, 0xf7, 0x78, 0xef, 0x98, 0xef, 0x78, 0xf7, 0x78, 0xf7,
    0x78, 0xef, 0x78, 0xef, 0x78, 0xf7, 0x98, 0xf7, 0x78, 0xef, 0x78, 0xf7,
    0x78, 0xef, 0x78, 0xef, 0x79, 0xf7, 0x78, 0xef, 0x78, 0xf7, 0x99, 0xf7,
    0x98, 0xef, 0x98, 0xf7, 0x79, 0xef, 0x79, 0xf7, 0x98, 0xef, 0x78, 0xf7,
    0x79, 0xf7, 0x78, 0xef, 0x78, 0xef, 0x79, 0xf7, 0x98, 0xf7, 0x99, 0xef,
    0x99, 0xf7, 0x99, 0xf7, 0x99, 0xef, 0x98, 0xf7, 0x79, 0xf7, 0x99, 0xef,
    0x98, 0xf7, 0x78, 0xef, 0x99, 0xf7, 0x99, 0xef, 0x78, 0xef, 0x99, 0xf7,
    0x78, 0xf7, 0x79, 0xf7, 0x98, 0xef, 0x98, 0xef, 0x99, 0xf7, 0x79, 0xf7,
    0x79, 0xf7, 0x99, 0xf7, 0x99, 0xef, 0x99, 0xf7, 0x79, 0xf7, 0x79, 0xf7,
    0x99, 0xef, 0x79, 0xf7, 0x99, 0xf7, 0x99, 0xef, 0x99, 0xf7, 0x99, 0xf7,
    0x79, 0xf7, 0x9a, 0xf7, 0x79, 0xef, 0x78, 0xef, 0x9a, 0xf7, 0x99, 0xf7,
    0x99, 0xf7, 0x9a, 0xf7, 0x9a, 0xf7, 0x99, 0xf7, 0xba, 0xf7, 0x9a, 0xf7,
    0x9a, 0xf7, 0x99, 0xf7, 0xd4, 0xd6, 0x58, 0xef, 0x99, 0xef, 0xd4, 0xd6,
    0x9a, 0xf7, 0x16, 0xe7, 0xf5, 0xde, 0xba, 0xf7, 0x99, 0xf7, 0x9a, 0xf7,
    0xba, 0xf7, 0x9a, 0xf7, 0x9a, 0xf7, 0x99, 0xf7, 0x9a, 0xf7, 0x9a, 0xf7,
    0xba, 0xf7, 0x9a, 0xf7, 0x79, 0xef, 0xba, 0xf7, 0x9a, 0xf7, 0x9a, 0xf7,
    0x9a, 0xf7, 0x9a, 0xf7, 0xba, 0xf7, 0x9a, 0xf7, 0x9a, 0xf7, 0x9a, 0xf7,
    0x9a, 0xf7, 0xba, 0xf7, 0x9a, 0xf7, 0x9a, 0xff, 0x9a, 0xf7, 0x9b, 0xf7,
    0x9a, 0xf7, 0x79, 0xef, 0xba, 0xf7, 0x9a, 0xff, 0xba, 0xf7, 0x9a, 0xf7,
    0x79, 0xef, 0x9a, 0xf7, 0xba, 0xf7, 0x9a, 0xf7, 0xba, 0xff, 0x7a, 0xf7,
    0x79, 0xef, 0xba, 0xf7, 0x9a, 0xf7, 0xba, 0xf7, 0xbb, 0xf7, 0x9a, 0xf7,
    0xba, 0xf7, 0x9b, 0xf7, 0x9a, 0xf7, 0x59, 0xef, 0xbb, 0xf7, 0x9a, 0xf7,
    0x9a, 0xf7, 0x78, 0xef, 0xbb, 0xff, 0x9a, 0xf7, 0x9a, 0xf7, 0x9a, 0xf7,
    0x9a, 0xf7, 0x79, 0xef, 0xba, 0xf7, 0x9b, 0xff, 0xba, 0xf7, 0xba, 0xf7,
    0x9a, 0xf7, 0x9a, 0xf7, 0x9a, 0xff, 0x9a, 0xf7, 0x9a, 0xf7, 0x9a, 0xf7,
    0xba, 0xf7, 0x9a, 0xf7, 0x9a, 0xf7, 0xba, 0xf7, 0xba, 0xf7, 0x9a, 0xff,
    0x9a, 0xf7, 0xba, 0xf7, 0x9a, 0xf7, 0x9a, 0xf7, 0xba, 0xf7, 0x9a, 0xf7,
    0x99, 0xf7, 0x9a, 0xff, 0x9a, 0xf7, 0xb9, 0xf7, 0x99, 0xf7, 0x9a, 0xf7,
    0x9a, 0xf7, 0x99, 0xf7, 0x9a, 0xf7, 0xba, 0xf7, 0x99, 0xf7, 0x9a, 0xf7,
    0x99, 0xf7, 0x9a, 0xf7, 0x99, 0xf7, 0x9a, 0xf7, 0x99, 0xf7, 0x9a, 0xf7,
    0x99, 0xef, 0x99, 0xf7, 0x99, 0xf7, 0x99, 0xef, 0x99, 0xf7, 0x99, 0xf7,
    0x9a, 0xef, 0x99, 0xf7, 0x99, 0xf7, 0x99, 0xf7, 0x99, 0xf7, 0x99, 0xf7,
    0x99, 0xef, 0x99, 0xf7, 0x99, 0xf7, 0x78, 0xf7, 0x79, 0xf7, 0x99, 0xef,
    0x99, 0xf7, 0x99, 0xf7, 0x99, 0xef, 0x98, 0xf7, 0x99, 0xf7, 0x99, 0xef,
    0x99, 0xef, 0x79, 0xf7, 0x98, 0xf7, 0x98, 0xef, 0x79, 0xf7, 0x99, 0xf7,
    0x78, 0xef, 0x99, 0xf7, 0x79, 0xef, 0x98, 0xf7, 0x79, 0xef, 0x98, 0xf7,
    0x99, 0xef, 0x79, 0xf7, 0x78, 0xf7, 0x99, 0xef, 0x79, 0xf7, 0x79, 0xf7,
    0x98, 0xf7, 0x78, 0xef, 0x79, 0xef, 0x78, 0xf7, 0x79, 0xef, 0x98, 0xef,
    0x78, 0xf7, 0x78, 0xf7, 0x99, 0xef, 0x78, 0xf7, 0x78, 0xef, 0x79, 0xf7,
    0x78, 0xef, 0x78, 0xef, 0x78, 0xf7, 0x78, 0xef, 0x78, 0xef, 0x78, 0xf7,
    0x78, 0xf7, 0x79, 0xf7, 0x78, 0xef, 0x78, 0xef, 0x78, 0xf7, 0x78, 0xf7,
    0x78, 0xef, 0x78, 0xf7, 0x78, 0xf7, 0x78, 0xef, 0x78, 0xf7, 0x78, 0xef,
    0x98, 0xf7, 0x78, 0xf7, 0x78, 0xef, 0x78, 0xef, 0x78, 0xef, 0x78, 0xef,
    0x78, 0xf7, 0x78, 0xf7, 0x99, 0xef, 0x98, 0xef, 0x79, 0xf7, 0x78, 0xef,
    0x78, 0xf7, 0x79, 0xf7, 0x78, 0xef, 0x79, 0xef, 0x78, 0xf7, 0x99, 0xef,
    0x78, 0xf7, 0x98, 0xf7, 0x79, 0xef, 0x79, 0xf7, 0x99, 0xf7, 0x79, 0xef,
    0x78, 0xf7, 0x99, 0xf7, 0x79, 0xef, 0x98, 0xf7, 0x79, 0xf7, 0x99, 0xf7,
    0x99, 0xef, 0x79, 0xf7, 0x79, 0xf7, 0x98, 0xf7, 0x79, 0xf7, 0x99, 0xef,
    0x99, 0xf7, 0x99, 0xf7, 0x79, 0xf7, 0x99, 0xf7, 0x99, 0xf7, 0x99, 0xf7,
    0x79, 0xef, 0x99, 0xf7, 0x99, 0xf7, 0x99, 0xf7, 0x79, 0xf7, 0x99, 0xef,
    0x9a, 0xf7, 0x79, 0xef, 0x78, 0xef, 0x99, 0xf7, 0x99, 0xf7, 0x9a, 0xf7,
    0x99, 0xf7, 0x99, 0xf7, 0x9a, 0xf7, 0x99, 0xf7, 0xb9, 0xf7, 0x9a, 0xf7,
    0x9a, 0xf7, 0xb9, 0xf7, 0xf5, 0xde, 0x79, 0xef, 0x9a, 0xf7, 0xd4, 0xd6,
    0x99, 0xf7, 0x37, 0xe7, 0x15, 0xdf, 0x9a, 0xf7, 0x9a, 0xf7, 0x9a, 0xf7,
    0x99, 0xf7, 0x9a, 0xf7, 0x9a, 0xf7, 0x99, 0xf7, 0x9a, 0xf7, 0x9a, 0xf7,
    0xba, 0xf7, 0x79, 0xef, 0x79, 0xf7, 0x9a, 0xf7, 0xba, 0xff, 0x9a, 0xf7,
    0x9a, 0xf7, 0xba, 0xf7, 0x9a, 0xf7, 0x9a, 0xf7, 0xba, 0xff, 0x9a, 0xf7,
    0x9a, 0xf7, 0x9a, 0xf7, 0xba, 0xff, 0xba, 0xf7, 0xba, 0xf7, 0x9a, 0xf7,
    0x79, 0xf7, 0x9a, 0xf7, 0x9a, 0xf7, 0xba, 0xf7, 0x9a, 0xf7, 0x79, 0xef,
    0x9a, 0xf7, 0xba, 0xff, 0x9a, 0xf7, 0xba, 0xf7, 0x9b, 0xf7, 0x79, 0xf7,
    0x79, 0xef, 0xba, 0xf7, 0x9a, 0xff, 0xba, 0xf7, 0xba, 0xf7, 0x9a, 0xff,
    0xba, 0xf7, 0xba, 0xf7, 0x9a, 0xf7, 0x58, 0xef, 0xba, 0xf7, 0x9a, 0xf7,
    0x9a, 0xf7, 0x79, 0xef, 0x9a, 0xf7, 0x9a, 0xf7, 0x9a, 0xf7, 0x9a, 0xf7,
    0x9a, 0xf7, 0x79, 0xef, 0xbb, 0xff, 0x9a, 0xf7, 0x9a, 0xf7, 0xba, 0xf7,
    0x9a, 0xf7, 0xba, 0xf7, 0x9a, 0xf7, 0x9a, 0xf7, 0x9a, 0xf7, 0xba, 0xf7,
    0x9a, 0xf7, 0xba, 0xf7, 0x9a, 0xf7, 0x9a, 0xf7, 0x9a, 0xf7, 0xba, 0xf7,
    0x9a, 0xf7, 0x9a, 0xf7, 0xba, 0xf7, 0x9a, 0xf7, 0x99, 0xf7, 0x9a, 0xf7,
    0xba, 0xf7, 0x99, 0xf7, 0xba, 0xf7, 0x9a, 0xf7, 0x9a, 0xf7, 0xb9, 0xf7,
    0x9a, 0xf7, 0x99, 0xf7, 0x9a, 0xf7, 0x99, 0xf7, 0xba, 0xf7, 0x99, 0xf7,
    0x9a, 0xf7, 0x99, 0xf7, 0x99, 0xf7, 0x99, 0xf7, 0x99, 0xf7, 0x99, 0xf7,
    0x99, 0xef, 0x9a, 0xf7, 0x99, 0xf7, 0x9a, 0xf7, 0x99, 0xf7, 0x99, 0xf7,
    0x99, 0xf7, 0x99, 0xf7, 0x79, 0xef, 0x99, 0xf7, 0x79, 0xf7, 0x99, 0xef,
    0x99, 0xf7, 0x79, 0xf7, 0x99, 0xef, 0x99, 0xf7, 0x78, 0xef, 0x79, 0xf7,
    0x99, 0xf7, 0x78, 0xf7, 0x99, 0xef, 0x79, 0xf7, 0x98, 0xf7, 0x99, 0xf7,
    0x78, 0xef, 0x99, 0xf7, 0x99, 0xf7, 0x98, 0xef, 0x79, 0xf7, 0x99, 0xf7,
    0x98, 0xef, 0x78, 0xf7, 0x99, 0xf7, 0x78, 0xef, 0x99, 0xf7, 0x78, 0xef,
    0x98, 0xf7, 0x99, 0xef, 0x78, 0xef, 0x78, 0xf7, 0x98, 0xef, 0x98, 0xf7,
    0x79, 0xf7, 0x78, 0xef, 0x78, 0xf7, 0x98, 0xef, 0x78, 0xf7, 0x78, 0xef,
    0x78, 0xef, 0x78, 0xf7, 0x98, 0xef, 0x78, 0xf7, 0x78, 0xf7, 0x98, 0xef,
    0x79, 0xf7, 0x78, 0xf7, 0x78, 0xef, 0x78, 0xef, 0x78, 0xf7, 0x78, 0xef,
    0x78, 0xef, 0x78, 0xf7, 0x78, 0xf7, 0x98, 0xef, 0x79, 0xef, 0x78, 0xef,
    0x78, 0xef, 0x78, 0xef, 0x78, 0xef, 0x78, 0xef, 0x78, 0xef, 0x78, 0xef,
    0x78, 0xf7, 0x78, 0xef, 0x78, 0xef, 0x78, 0xf7, 0x78, 0xf7, 0x79, 0xf7,
    0x99, 0xf7, 0x78, 0xf7, 0x98, 0xf7, 0x78, 0xf7, 0x79, 0xef, 0x78, 0xef,
    0x98, 0xf7, 0x99, 0xf7, 0x78, 0xf7, 0x78, 0xef, 0x79, 0xf7, 0x99, 0xf7,
    0x98, 0xef, 0x99, 0xf7, 0x78, 0xef, 0x99, 0xf7, 0x99, 0xf7, 0x78, 0xef,
    0x99, 0xf7, 0x79, 0xf7, 0x99, 0xf7, 0x99, 0xf7, 0x99, 0xf7, 0x98, 0xf7,
    0x78, 0xef, 0x99, 0xf7, 0x99, 0xef, 0x78, 0xf7, 0x79, 0xf7, 0x99, 0xef,
    0x99, 0xf7, 0x99, 0xf7, 0x99, 0xef, 0x79, 0xf7, 0x99, 0xf7, 0x79, 0xf7,
    0x99, 0xf7, 0x99, 0xf7, 0x99, 0xf7, 0x7a, 0xf7, 0x99, 0xf7, 0x99, 0xf7,
    0x79, 0xef, 0x78, 0xef, 0x99, 0xf7, 0x9a, 0xf7, 0x99, 0xf7, 0x99, 0xf7,
    0x9a, 0xf7, 0x99, 0xf7, 0x99, 0xf7, 0x9a, 0xf7, 0x9a, 0xf7, 0xb9, 0xf7,
    0x9a, 0xf7, 0x9a, 0xf7, 0x99, 0xf7, 0x9a, 0xf7, 0x9a, 0xf7, 0x99, 0xf7,
    0x99, 0xf7, 0x99, 0xf7, 0x9a, 0xf7, 0x9a, 0xf7, 0x99, 0xf7, 0x9a, 0xf7,
    0x9a, 0xf7, 0x9a, 0xf7, 0x99, 0xf7, 0x99, 0xef, 0x9a, 0xf7, 0x9a, 0xf7,
    0x9a, 0xf7, 0x79, 0xf7, 0x79, 0xef, 0x9a, 0xf7, 0xba, 0xf7, 0xba, 0xf7,
    0x9a, 0xf7, 0x9a, 0xff, 0x9a, 0xf7, 0x9a, 0xf7, 0xba, 0xf7, 0xba, 0xf7,
    0x9a, 0xf7, 0x9a, 0xf7, 0x9a, 0xf7, 0x9a, 0xf7, 0xbb, 0xf7, 0x79, 0xef,
    0x9a, 0xf7, 0xba, 0xf7, 0x9a, 0xf7, 0x9b, 0xf7, 0x99, 0xf7, 0x9a, 0xf7,
    0xbb, 0xf7, 0x9a, 0xf7, 0xba, 0xf7, 0x9a, 0xf7, 0xba, 0xf7, 0x79, 0xf7,
    0x79, 0xef, 0x9b, 0xf7, 0xba, 0xf7, 0x9a, 0xff, 0x9a, 0xf7, 0xba, 0xf7,
    0x9b, 0xf7, 0xba, 0xf7, 0xba, 0xf7, 0x58, 0xef, 0xba, 0xf7, 0x9a, 0xf7,
    0x9a, 0xf7, 0x79, 0xef, 0x9a, 0xf7, 0x9a, 0xf7, 0xba, 0xf7, 0xba, 0xf7,
    0x9a, 0xf7, 0x79, 0xf7, 0x9a, 0xf7, 0x9a, 0xf7, 0x9a, 0xf7, 0x9a, 0xf7,
    0x9a, 0xff, 0x9a, 0xf7, 0xba, 0xf7, 0x9a, 0xf7, 0x9a, 0xf7, 0x9a, 0xf7,
    0x9a, 0xf7, 0x9a, 0xf7, 0xba, 0xf7, 0x9a, 0xf7, 0x9a, 0xf7, 0x9a, 0xf7,
    0xba, 0xf7, 0x9a, 0xf7, 0x9a, 0xf7, 0xb9, 0xf7, 0x9a, 0xf7, 0x9a, 0xf7,
    0x9a, 0xf7, 0x9a, 0xf7, 0x9a, 0xf7, 0xba, 0xff, 0x9a, 0xf7, 0x9a, 0xf7,
    0x99, 0xf7, 0xba, 0xf7, 0x99, 0xf7, 0x9a, 0xf7, 0x99, 0xf7, 0x9a, 0xf7,
    0x99, 0xf7, 0x99, 0xf7, 0x9a, 0xf7, 0x99, 0xf7, 0x99, 0xf7, 0x99, 0xf7,
    0x79, 0xf7, 0x99, 0xf7, 0x99, 0xf7, 0x99, 0xf7, 0x99, 0xf7, 0x79, 0xf7,
    0x99, 0xf7, 0x99, 0xf7, 0x99, 0xf7, 0x79, 0xef, 0x99, 0xf7, 0x99, 0xf7,
    0x79, 0xf7, 0x99, 0xf7, 0x99, 0xef, 0x79, 0xf7, 0x98, 0xf7, 0x98, 0xef,
    0x79, 0xf7, 0x78, 0xf7, 0x99, 0xf7, 0x99, 0xef, 0x99, 0xf7, 0x99, 0xf7,
    0x78, 0xf7, 0x79, 0xf7, 0x79, 0xef, 0x78, 0xf7, 0x98, 0xef, 0x99, 0xf7,
    0x99, 0xf7, 0x79, 0xef, 0x78, 0xf7, 0x99, 0xf7, 0x78, 0xf7, 0x99, 0xf7,
    0x99, 0xf7, 0x79, 0xf7, 0x78, 0xef, 0x78, 0xf7, 0x78, 0xef, 0x99, 0xef,
    0x78, 0xef, 0x78, 0xf7, 0x99, 0xf7, 0x78, 0xef, 0x78, 0xef, 0x78, 0xf7,
    0x98, 0xf7, 0x79, 0xef, 0x78, 0xef, 0x78, 0xf7, 0x78, 0xef, 0x78, 0xef,
    0x78, 0xf7, 0x78, 0xf7, 0x78, 0xef, 0x78, 0xef, 0x78, 0xf7, 0x78, 0xef,
    0x78, 0xef, 0x78, 0xef, 0x78, 0xef, 0x78, 0xf7, 0x78, 0xf7, 0x78, 0xef,
    0x78, 0xf7, 0x78, 0xef, 0x78, 0xf7, 0x78, 0xf7, 0x78, 0xef, 0x78, 0xef,
    0x78, 0xef, 0x78, 0xef, 0x78, 0xf7, 0x78, 0xef, 0x78, 0xef, 0x78, 0xef,
    0x78, 0xf7, 0x99, 0xef, 0x78, 0xf7, 0x78, 0xf7, 0x78, 0xef, 0x78, 0xf7,
    0x79, 0xef, 0x98, 0xef, 0x78, 0xf7, 0x98, 0xef, 0x78, 0xef, 0x78, 0xf7,
    0x99, 0xf7, 0x99, 0xef, 0x79, 0xf7, 0x98, 0xef, 0x99, 0xf7, 0x79, 0xf7,
    0x99, 0xef, 0x98, 0xef, 0x98, 0xf7, 0x99, 0xef, 0x99, 0xf7, 0x79, 0xf7,
    0x78, 0xef, 0x98, 0xf7, 0x79, 0xf7, 0x99, 0xef, 0x78, 0xf7, 0x99, 0xf7,
    0x79, 0xf7, 0x79, 0xef, 0x99, 0xf7, 0x79, 0xf7, 0x79, 0xf7, 0x99, 0xef,
    0x79, 0xf7, 0x99, 0xef, 0x99, 0xef, 0x9a, 0xf7, 0x79, 0xef, 0x58, 0xef,
    0x78, 0xef, 0x9a, 0xf7, 0x9a, 0xf7, 0x99, 0xf7, 0x99, 0xf7, 0x99, 0xf7,
    0x99, 0xf7, 0x9a, 0xf7, 0x99, 0xf7, 0x9a, 0xf7, 0x99, 0xf7, 0x9a, 0xf7,
    0x99, 0xf7, 0x99, 0xf7, 0xba, 0xf7, 0x9a, 0xf7, 0x99, 0xf7, 0x9a, 0xf7,
    0x99, 0xf7, 0x9a, 0xf7, 0x9a, 0xf7, 0x9a, 0xf7, 0x99, 0xf7, 0x9a, 0xf7,
    0x9a, 0xf7, 0x9a, 0xf7, 0x99, 0xf7, 0x79, 0xf7, 0x9a, 0xf7, 0x9a, 0xf7,
    0x9a, 0xf7, 0xba, 0xf7, 0x9a, 0xf7, 0x9a, 0xf7, 0x9a, 0xf7, 0x9a, 0xf7,
    0x9a, 0xf7, 0x9a, 0xf7, 0x9a, 0xf7, 0x9a, 0xf7, 0xba, 0xf7, 0x9a, 0xf7,
    0x9a, 0xf7, 0xba, 0xf7, 0x9a, 0xf7, 0x9a, 0xf7, 0xba, 0xff, 0x79, 0xef,
    0x9a, 0xf7, 0x9a, 0xf7, 0xba, 0xf7, 0x9a, 0xf7, 0x9a, 0xf7, 0x9a, 0xf7,
    0x9a, 0xf7, 0x9a, 0xf7, 0x9a, 0xf7, 0x9a, 0xf7, 0xba, 0xf7, 0x79, 0xf7,
    0x59, 0xef, 0xba, 0xf7, 0x9a, 0xf7, 0xba, 0xf7, 0xba, 0xf7, 0x9b, 0xf7,
    0x9a, 0xff, 0xbb, 0xff, 0x9a, 0xf7, 0x79, 0xef, 0xba, 0xf7, 0x9a, 0xff,
    0x9a, 0xf7, 0x78, 0xef, 0x9a, 0xf7, 0x9a, 0xf7, 0x9a, 0xf7, 0x9a, 0xf7,
    0x9a, 0xf7, 0x9a, 0xf7, 0x78, 0xef, 0x9a, 0xf7, 0xba, 0xf7, 0x9a, 0xf7,
    0x9a, 0xf7, 0xba, 0xf7, 0xba, 0xf7, 0x9a, 0xf7, 0xba, 0xff, 0x9a, 0xf7,
    0x9a, 0xf7, 0x9a, 0xf7, 0x9a, 0xf7, 0xba, 0xf7, 0x9a, 0xf7, 0x99, 0xf7,
    0x79, 0xf7, 0x9a, 0xf7, 0x9a, 0xf7, 0x9a, 0xf7, 0xba, 0xf7, 0x99, 0xf7,
    0x99, 0xf7, 0xba, 0xf7, 0xba, 0xf7, 0x99, 0xf7, 0x9a, 0xf7, 0x9a, 0xf7,
    0x99, 0xf7, 0x9a, 0xf7, 0x9a, 0xf7, 0x99, 0xf7, 0x9a, 0xf7, 0x99, 0xf7,
    0x99, 0xf7, 0x9a, 0xf7, 0x9a, 0xf7, 0x99, 0xf7, 0x9a, 0xf7, 0x99, 0xf7,
    0x99, 0xf7, 0x99, 0xef, 0x9a, 0xf7, 0x79, 0xf7, 0x99, 0xef, 0x9a, 0xf7,
    0x79, 0xf7, 0x99, 0xef, 0x79, 0xf7, 0x79, 0xf7, 0x99, 0xf7, 0x99, 0xf7,
    0x99, 0xef, 0x98, 0xf7, 0x99, 0xf7, 0x79, 0xef, 0x79, 0xf7, 0x99, 0xf7,
    0x79, 0xef, 0x98, 0xef, 0x99, 0xf7, 0x99, 0xf7, 0x79, 0xef, 0x99, 0xf7,
    0x78, 0xef, 0x99, 0xf7, 0x98, 0xf7, 0x79, 0xef, 0x79, 0xf7, 0x78, 0xef,
    0x98, 0xf7, 0x79, 0xef, 0x98, 0xef, 0x99, 0xf7, 0x78, 0xef, 0x98, 0xef,
    0x79, 0xf7, 0x98, 0xef, 0x99, 0xf7, 0x78, 0xef, 0x78, 0xf7, 0x78, 0xf7,
    0x79, 0xef, 0x78, 0xef, 0x78, 0xf7, 0x78, 0xf7, 0x78, 0xef, 0x78, 0xef,
    0x78, 0xf7, 0x78, 0xef, 0x78, 0xf7, 0x78, 0xf7, 0x78, 0xef, 0x79, 0xef,
    0x98, 0xf7, 0x78, 0xef, 0x78, 0xef, 0x78, 0xf7, 0x78, 0xef, 0x78, 0xef,
    0x78, 0xf7, 0x78, 0xf7, 0x78, 0xef, 0x78, 0xf7, 0x78, 0xef, 0x78, 0xef,
    0x78, 0xef, 0x78, 0xf7, 0x78, 0xef, 0x78, 0xef, 0x78, 0xf7, 0x78, 0xf7,
    0x78, 0xef, 0x78, 0xf7, 0x78, 0xef, 0x78, 0xf7, 0x98, 0xef, 0x78, 0xf7,
    0x78, 0xef, 0x79, 0xef, 0x78, 0xef, 0x98, 0xf7, 0x79, 0xf7, 0x78, 0xef,
    0x78, 0xf7, 0x79, 0xef, 0x78, 0xf7, 0x79, 0xf7, 0x78, 0xef, 0x78, 0xef,
    0x79, 0xf7, 0x78, 0xef, 0x99, 0xf7, 0x78, 0xf7, 0x78, 0xef, 0x99, 0xf7,
    0x78, 0xf7, 0x79, 0xef, 0x98, 0xf7, 0x98, 0xf7, 0x79, 0xf7, 0x79, 0xef,
    0x99, 0xf7, 0x79, 0xf7, 0x99, 0xef, 0x79, 0xf7, 0x99, 0xef, 0x98, 0xf7,
    0x99, 0xf7, 0x99, 0xf7, 0x79, 0xf7, 0x99, 0xf7, 0x99, 0xef, 0x79, 0xf7,
    0x79, 0xf7, 0x99, 0xf7, 0x99, 0xef, 0x99, 0xf7, 0x58, 0xef, 0x79, 0xef,
    0x79, 0xef, 0x9a, 0xf7, 0x99, 0xf7, 0x99, 0xf7, 0x9a, 0xf7, 0x99, 0xf7,
    0x99, 0xf7, 0x99, 0xef, 0x9a, 0xf7, 0x99, 0xf7, 0xba, 0xf7, 0x99, 0xf7,
    0x9a, 0xf7, 0x99, 0xf7, 0x9a, 0xf7, 0x9a, 0xf7, 0x99, 0xf7, 0x9a, 0xf7,
    0x9a, 0xf7, 0x9a, 0xf7, 0x99, 0xf7, 0x9a, 0xf7, 0x9a, 0xf7, 0xb9, 0xf7,
    0x99, 0xf7, 0x9a, 0xf7, 0x99, 0xf7, 0x99, 0xef, 0x9a, 0xf7, 0x9a, 0xf7,
    0xb9, 0xf7, 0x9a, 0xf7, 0x9a, 0xf7, 0x9a, 0xf7, 0xba, 0xf7, 0x9a, 0xf7,
    0x9a, 0xf7, 0x9a, 0xf7, 0xba, 0xf7, 0xba, 0xf7, 0x9a, 0xf7, 0x9a, 0xff,
    0xba, 0xf7, 0x9a, 0xf7, 0x9a, 0xf7, 0xba, 0xf7, 0xbb, 0xf7, 0x78, 0xef,
    0x9a, 0xf7, 0x9b, 0xf7, 0x9a, 0xf7, 0x9a, 0xf7, 0xba, 0xf7, 0x9a, 0xf7,
    0xba, 0xf7, 0x9a, 0xf7, 0x9a, 0xf7, 0x9a, 0xf7, 0xba, 0xf7, 0x79, 0xef,
    0x78, 0xef, 0x9a, 0xff, 0x9a, 0xf7, 0xba, 0xf7, 0xba, 0xf7, 0x9a, 0xf7,
    0xba, 0xf7, 0x9a, 0xf7, 0x9a, 0xf7, 0x58, 0xef, 0xbb, 0xf7, 0x9a, 0xf7,
    0x9a, 0xf7, 0x78, 0xef, 0x9a, 0xf7, 0x9a, 0xf7, 0x9a, 0xf7, 0xba, 0xf7,
    0x9a, 0xf7, 0xba, 0xf7, 0x99, 0xf7, 0x79, 0xef, 0x9a, 0xf7, 0x9a, 0xf7,
    0x9a, 0xf7, 0x9a, 0xf7, 0x9a, 0xf7, 0x9a, 0xf7, 0x9a, 0xf7, 0x9a, 0xf7,
    0x9a, 0xf7, 0x9a, 0xf7, 0x9a, 0xf7, 0x9a, 0xf7, 0xba, 0xf7, 0x78, 0xef,
    0x79, 0xef, 0x78, 0xef, 0x9a, 0xf7, 0x99, 0xf7, 0x9a, 0xf7, 0x9a, 0xf7,
    0x99, 0xf7, 0x9a, 0xf7, 0xba, 0xf7, 0x99, 0xf7, 0x9a, 0xf7, 0xba, 0xf7,
    0x99, 0xf7, 0x9a, 0xf7, 0x99, 0xf7, 0x99, 0xf7, 0x9a, 0xf7, 0x99, 0xf7,
    0x99, 0xf7, 0x9a, 0xf7, 0x99, 0xf7, 0x99, 0xf7, 0x99, 0xef, 0x9a, 0xf7,
    0x79, 0xf7, 0x99, 0xf7, 0x9a, 0xf7, 0x99, 0xf7, 0x99, 0xf7, 0x79, 0xf7,
    0x99, 0xef, 0x79, 0xf7, 0x99, 0xf7, 0x99, 0xf7, 0x99, 0xef, 0x79, 0xf7,
    0x99, 0xf7, 0x79, 0xf7, 0x78, 0xf7, 0x99, 0xf7, 0x99, 0xf7, 0x99, 0xef,
    0x79, 0xf7, 0x99, 0xf7, 0x98, 0xf7, 0x78, 0xef, 0x98, 0xf7, 0x99, 0xf7,
    0x79, 0xef, 0x98, 0xf7, 0x99, 0xf7, 0x79, 0xef, 0x99, 0xf7, 0x99, 0xf7,
    0x78, 0xf7, 0x99, 0xf7, 0x79, 0xf7, 0x98, 0xef, 0x79, 0xf7, 0x78, 0xf7,
    0x98, 0xef, 0x79, 0xf7, 0x98, 0xf7, 0x79, 0xef, 0x78, 0xef, 0x78, 0xf7,
    0x78, 0xf7, 0x99, 0xef, 0x78, 0xef, 0x78, 0xf7, 0x78, 0xef, 0x78, 0xef,
    0x78, 0xf7, 0x78, 0xef, 0x78, 0xef, 0x78, 0xf7, 0x78, 0xef, 0x78, 0xef,
    0x78, 0xf7, 0x78, 0xf7, 0x78, 0xef, 0x78, 0xef, 0x78, 0xf7, 0x78, 0xef,
    0x78, 0xef, 0x78, 0xef, 0x78, 0xef, 0x78, 0xf7, 0x98, 0xef, 0x78, 0xf7,
    0x78, 0xef, 0x78, 0xef, 0x78, 0xf7, 0x78, 0xef, 0x78, 0xef, 0x78, 0xf7,
    0x78, 0xef, 0x78, 0xf7, 0x78, 0xef, 0x78, 0xef, 0x78, 0xf7, 0x78, 0xef,
    0x78, 0xef, 0x78, 0xf7, 0x98, 0xef, 0x79, 0xef, 0x78, 0xf7, 0x98, 0xef,
    0x78, 0xf7, 0x78, 0xf7, 0x78, 0xef, 0x78, 0xef, 0x98, 0xef, 0x78, 0xf7,
    0x78, 0xef, 0x78, 0xef, 0x99, 0xf7, 0x99, 0xf7, 0x78, 0xef, 0x98, 0xef,
    0x79, 0xf7, 0x79, 0xf7, 0x79, 0xef, 0x79, 0xf7, 0x98, 0xef, 0x98, 0xf7,
    0x79, 0xf7, 0x99, 0xf7, 0x98, 0xef, 0x79, 0xf7, 0x78, 0xf7, 0x99, 0xef,
    0x99, 0xf7, 0x78, 0xf7, 0x99, 0xef, 0x79, 0xf7, 0x99, 0xf7, 0x79, 0xf7,
    0x79, 0xef, 0x79, 0xf7, 0x99, 0xf7, 0x99, 0xf7, 0x79, 0xf7, 0x78, 0xef,
    0x99, 0xf7, 0x99, 0xf7, 0x99, 0xf7, 0x99, 0xf7, 0x9a, 0xf7, 0x99, 0xf7,
    0x99, 0xf7, 0x99, 0xf7, 0x99, 0xf7, 0x99, 0xf7, 0x99, 0xf7, 0x9a, 0xf7,
    0x9a, 0xf7, 0xb9, 0xf7, 0x99, 0xf7, 0x9a, 0xf7, 0x99, 0xf7, 0x99, 0xf7,
    0x9a, 0xf7, 0x99, 0xf7, 0x9a, 0xf7, 0xba, 0xf7, 0x99, 0xf7, 0x9a, 0xf7,
    0x9a, 0xf7, 0x9a, 0xf7, 0x99, 0xf7, 0x79, 0xef, 0x9a, 0xf7, 0x99, 0xf7,
    0x9a, 0xf7, 0x99, 0xf7, 0x9a, 0xf7, 0x9a, 0xf7, 0x99, 0xf7, 0x9a, 0xf7,
    0x9a, 0xf7, 0x9a, 0xf7, 0x9a, 0xf7, 0x9a, 0xf7, 0x9a, 0xf7, 0x9a, 0xf7,
    0x9a, 0xf7, 0x9a, 0xf7, 0x9a, 0xf7, 0xba, 0xf7, 0xbb, 0xf7, 0x58, 0xef,
    0x9a, 0xf7, 0xba, 0xf7, 0x9a, 0xf7, 0x9a, 0xf7, 0x9a, 0xf7, 0x9a, 0xf7,
    0x9a, 0xf7, 0xba, 0xf7, 0x9a, 0xf7, 0x9a, 0xf7, 0xba, 0xf7, 0x79, 0xf7,
    0x79, 0xef, 0xba, 0xf7, 0x9a, 0xf7, 0x9a, 0xf7, 0x9a, 0xf7, 0xba, 0xf7,
    0xba, 0xf7, 0x9a, 0xf7, 0x79, 0xef, 0x79, 0xf7, 0x79, 0xf7, 0xba, 0xf7,
    0x9a, 0xf7, 0x79, 0xef, 0x9a, 0xf7, 0x9a, 0xf7, 0xba, 0xf7, 0x9a, 0xf7,
    0x9a, 0xf7, 0x9a, 0xf7, 0x9a, 0xf7, 0x9a, 0xf7, 0x9a, 0xf7, 0xba, 0xf7,
    0xba, 0xf7, 0x9a, 0xf7, 0x9a, 0xf7, 0x9a, 0xf7, 0x9a, 0xf7, 0x99, 0xf7,
    0x99, 0xf7, 0x9a, 0xf7, 0x9a, 0xf7, 0x9a, 0xf7, 0x9a, 0xf7, 0x99, 0xf7,
    0x78, 0xef, 0x79, 0xf7, 0xba, 0xf7, 0x99, 0xf7, 0x9a, 0xf7, 0x9a, 0xf7,
    0x99, 0xf7, 0x9a, 0xf7, 0x9a, 0xff, 0x99, 0xf7, 0xba, 0xf7, 0x9a, 0xf7,
    0x99, 0xf7, 0x9a, 0xf7, 0x99, 0xf7, 0x99, 0xf7, 0x9a, 0xf7, 0x99, 0xf7,
    0x99, 0xf7, 0x99, 0xf7, 0x99, 0xf7, 0x99, 0xf7, 0x99, 0xef, 0x79, 0xf7,
    0x99, 0xf7, 0x99, 0xf7, 0x99, 0xf7, 0x99, 0xf7, 0x99, 0xf7, 0x99, 0xf7,
    0x79, 0xf7, 0x79, 0xf7, 0x99, 0xef, 0x79, 0xf7, 0x99, 0xf7, 0x99, 0xef,
    0x99, 0xf7, 0x79, 0xf7, 0x79, 0xef, 0x98, 0xef, 0x78, 0xf7, 0x99, 0xf7,
    0x78, 0xf7, 0x79, 0xef, 0x99, 0xf7, 0x99, 0xf7, 0x78, 0xf7, 0x79, 0xef,
    0x99, 0xf7, 0x78, 0xef, 0x79, 0xef, 0x98, 0xf7, 0x78, 0xef, 0x99, 0xef,
    0x99, 0xf7, 0x78, 0xef, 0x98, 0xf7, 0x79, 0xf7, 0x99, 0xef, 0x98, 0xf7,
    0x79, 0xf7, 0x79, 0xef, 0x78, 0xef, 0x78, 0xf7, 0x78, 0xef, 0x79, 0xef,
    0x98, 0xf7, 0x78, 0xf7, 0x79, 0xef, 0x78, 0xef, 0x78, 0xf7, 0x78, 0xef,
    0x79, 0xf7, 0x79, 0xef, 0x78, 0xef, 0x78, 0xf7, 0x78, 0xf7, 0x78, 0xef,
    0x79, 0xf7, 0x78, 0xef, 0x78, 0xef, 0x78, 0xf7, 0x78, 0xef, 0x78, 0xef,
    0x78, 0xef, 0x78, 0xef, 0x78, 0xf7, 0x78, 0xf7, 0x78, 0xef, 0x78, 0xf7,
    0x78, 0xf7, 0x78, 0xef, 0x78, 0xef, 0x78, 0xf7, 0x78, 0xef, 0x78, 0xef,
    0x78, 0xef, 0x78, 0xef, 0x78, 0xf7, 0x78, 0xf7, 0x78, 0xef, 0x78, 0xef,
    0x78, 0xf7, 0x78, 0xf7, 0x78, 0xf7, 0x78, 0xef, 0x78, 0xf7, 0x98, 0xef,
    0x78, 0xef, 0x78, 0xef, 0x78, 0xf7, 0x78, 0xf7, 0x78, 0xef, 0x79, 0xef,
    0x99, 0xf7, 0x78, 0xef, 0x78, 0xef, 0x79, 0xf7, 0x79, 0xef, 0x98, 0xf7,
    0x99, 0xf7, 0x98, 0xef, 0x98, 0xf7, 0x79, 0xf7, 0x98, 0xef, 0x99, 0xef,
    0x78, 0xf7, 0x78, 0xf7, 0x99, 0xef, 0x99, 0xf7, 0x78, 0xf7, 0x79, 0xef,
    0x79, 0xf7, 0x99, 0xf7, 0x79, 0xf7, 0x99, 0xef, 0x79, 0xf7, 0x99, 0xf7,
    0x99, 0xef, 0x79, 0xf7, 0x99, 0xf7, 0x99, 0xf7, 0x99, 0xf7, 0x99, 0xf7,
    0x99, 0xf7, 0x79, 0xf7, 0x99, 0xf7, 0x99, 0xf7, 0x99, 0xf7, 0x9a, 0xef,
    0x99, 0xf7, 0x9a, 0xf7, 0x99, 0xf7, 0x9a, 0xf7, 0x99, 0xf7, 0x99, 0xf7,
    0x99, 0xf7, 0x9a, 0xf7, 0xba, 0xf7, 0x99, 0xf7, 0x99, 0xf7, 0x9a, 0xf7,
    0x99, 0xf7, 0x99, 0xf7, 0x99, 0xf7, 0x99, 0xf7, 0x9a, 0xf7, 0x99, 0xf7,
    0x99, 0xf7, 0x9a, 0xf7, 0x99, 0xf7, 0x79, 0xef, 0x9a, 0xf7, 0x99, 0xf7,
    0x99, 0xf7, 0x9a, 0xf7, 0xb9, 0xf7, 0x9a, 0xf7, 0x99, 0xf7, 0x9a, 0xf7,
    0x99, 0xf7, 0x99, 0xf7, 0x9a, 0xf7, 0x9a, 0xf7, 0xba, 0xf7, 0x9a, 0xf7,
    0x9a, 0xf7, 0xba, 0xf7, 0x9a, 0xf7, 0x9a, 0xf7, 0xba, 0xff, 0x79, 0xef,
    0x9a, 0xf7, 0x9a, 0xf7, 0x99, 0xf7, 0x9a, 0xf7, 0x9a, 0xf7, 0x9a, 0xf7,
    0x9a, 0xf7, 0x9a, 0xf7, 0x9a, 0xf7, 0x9a, 0xf7, 0x9a, 0xf7, 0x79, 0xef,
    0x58, 0xef, 0xba, 0xf7, 0x9a, 0xf7, 0x9a, 0xf7, 0xba, 0xf7, 0x9a, 0xff,
    0x9a, 0xf7, 0xba, 0xf7, 0x79, 0xef, 0x79, 0xef, 0x79, 0xf7, 0x9a, 0xf7,
    0x9a, 0xf7, 0x79, 0xef, 0x9a, 0xf7, 0x9a, 0xf7, 0x9a, 0xf7, 0x9a, 0xf7,
    0x9a, 0xf7, 0x9a, 0xf7, 0xba, 0xf7, 0x9a, 0xf7, 0x9a, 0xf7, 0x9a, 0xff,
    0x9a, 0xf7, 0xba, 0xf7, 0x9a, 0xf7, 0x9a, 0xf7, 0x99, 0xf7, 0x9a, 0xf7,
    0x9a, 0xf7, 0x99, 0xf7, 0x99, 0xf7, 0x9a, 0xf7, 0x9a, 0xf7, 0x9a, 0xf7,
    0x9a, 0xf7, 0x9a, 0xf7, 0x9a, 0xf7, 0x9a, 0xf7, 0x99, 0xf7, 0x9a, 0xf7,
    0x99, 0xf7, 0x99, 0xf7, 0xba, 0xf7, 0x9a, 0xf7, 0x99, 0xf7, 0x99, 0xf7,
    0x9a, 0xf7, 0x99, 0xf7, 0x99, 0xf7, 0x9a, 0xf7, 0x99, 0xf7, 0x99, 0xf7,
    0x99, 0xf7, 0x99, 0xf7, 0x99, 0xf7, 0x99, 0xf7, 0x79, 0xf7, 0x99, 0xf7,
    0x99, 0xf7, 0x99, 0xef, 0x79, 0xf7, 0x9a, 0xf7, 0x99, 0xef, 0x79, 0xf7,
    0x79, 0xf7, 0x99, 0xef, 0x79, 0xf7, 0x79, 0xf7, 0x99, 0xf7, 0x79, 0xf7,
    0x79, 0xef, 0x98, 0xf7, 0x99, 0xef, 0x79, 0xf7, 0x79, 0xef, 0x99, 0xf7,
    0x99, 0xf7, 0x78, 0xef, 0x99, 0xf7, 0x99, 0xf7, 0x79, 0xef, 0x78, 0xf7,
    0x98, 0xf7, 0x79, 0xf7, 0x78, 0xf7, 0x98, 0xf7, 0x79, 0xef, 0x78, 0xf7,
    0x99, 0xf7, 0x78, 0xef, 0x98, 0xf7, 0x79, 0xf7, 0x98, 0xef, 0x98, 0xef,
    0x79, 0xf7, 0x78, 0xef, 0x98, 0xf7, 0x78, 0xf7, 0x78, 0xef, 0x98, 0xf7,
    0x78, 0xef, 0x78, 0xf7, 0x78, 0xf7, 0x78, 0xef, 0x78, 0xf7, 0x79, 0xf7,
    0x78, 0xef, 0x78, 0xef, 0x78, 0xf7, 0x78, 0xef, 0x78, 0xef, 0x78, 0xef,
    0x78, 0xef, 0x78, 0xf7, 0x78, 0xef, 0x78, 0xef, 0x78, 0xf7, 0x78, 0xef,
    0x78, 0xef, 0x78, 0xf7, 0x78, 0xef, 0x78, 0xef, 0x78, 0xf7, 0x78, 0xef,
    0x78, 0xf7, 0x78, 0xf7, 0x78, 0xef, 0x78, 0xef, 0x78, 0xf7, 0x78, 0xef,
    0x78, 0xf7, 0x78, 0xef, 0x78, 0xef, 0x78, 0xf7, 0x78, 0xef, 0x78, 0xef,
    0x78, 0xf7, 0x78, 0xef, 0x78, 0xef, 0x78, 0xf7, 0x78, 0xef, 0x78, 0xf7,
    0x78, 0xef, 0x78, 0xef, 0x79, 0xf7, 0x78, 0xf7, 0x78, 0xef, 0x78, 0xef,
    0x78, 0xf7, 0x78, 0xf7, 0x78, 0xef, 0x78, 0xf7, 0x79, 0xf7, 0x78, 0xef,
    0x98, 0xf7, 0x79, 0xef, 0x78, 0xef, 0x99, 0xf7, 0x79, 0xf7, 0x78, 0xef,
    0x99, 0xf7, 0x79, 0xf7, 0x79, 0xef, 0x98, 0xf7, 0x99, 0xef, 0x78, 0xf7,
    0x98, 0xef, 0x79, 0xf7, 0x99, 0xf7, 0x99, 0xf7, 0x79, 0xf7, 0x99, 0xf7,
    0x99, 0xf7, 0x79, 0xf7, 0x79, 0xef, 0x99, 0xf7, 0x99, 0xf7, 0x99, 0xf7,
    0x99, 0xf7, 0x99, 0xf7, 0x7a, 0xf7, 0x99, 0xf7, 0x99, 0xf7, 0x99, 0xf7,
    0x99, 0xf7, 0x99, 0xf7, 0x99, 0xef, 0x99, 0xef, 0x99, 0xf7, 0x9a, 0xf7,
    0x99, 0xf7, 0x99, 0xf7, 0x9a, 0xf7, 0x9a, 0xf7, 0x99, 0xf7, 0x99, 0xf7,
    0x9a, 0xef, 0x99, 0xf7, 0x99, 0xf7, 0x9a, 0xf7, 0x9a, 0xf7, 0x99, 0xf7,
    0x9a, 0xf7, 0x9a, 0xf7, 0x99, 0xf7, 0x79, 0xef, 0x9a, 0xf7, 0x9a, 0xf7,
    0x99, 0xf7, 0x9a, 0xf7, 0x9a, 0xf7, 0x99, 0xf7, 0x9a, 0xf7, 0xb9, 0xf7,
    0x9a, 0xf7, 0x9a, 0xf7, 0x99, 0xf7, 0x9a, 0xf7, 0x9a, 0xf7, 0x9a, 0xf7,
    0x9a, 0xf7, 0x9a, 0xf7, 0x9a, 0xf7, 0x9a, 0xf7, 0x9a, 0xf7, 0x37, 0xe7,
    0x79, 0xf7, 0xbb, 0xf7, 0x99, 0xf7, 0x9a, 0xf7, 0x9a, 0xf7, 0xba, 0xf7,
    0xba, 0xf7, 0x9a, 0xf7, 0x9a, 0xf7, 0x9a, 0xf7, 0xba, 0xf7, 0x79, 0xf7,
    0x79, 0xef, 0x9a, 0xf7, 0x9a, 0xf7, 0x9a, 0xf7, 0x9a, 0xf7, 0x9a, 0xf7,
    0x9a, 0xf7, 0xba, 0xf7, 0x9a, 0xf7, 0x99, 0xf7, 0x9a, 0xf7, 0x9a, 0xf7,
    0x9a, 0xf7, 0x78, 0xef, 0x9a, 0xf7, 0x9a, 0xf7, 0xba, 0xf7, 0x99, 0xf7,
    0x9a, 0xf7, 0xba, 0xf7, 0x9a, 0xf7, 0x9a, 0xf7, 0xba, 0xf7, 0x9a, 0xf7,
    0x9a, 0xf7, 0x99, 0xf7, 0x9a, 0xf7, 0x99, 0xf7, 0x99, 0xf7, 0x9a, 0xf7,
    0x9a, 0xf7, 0x9a, 0xf7, 0x99, 0xf7, 0x9a, 0xf7, 0x99, 0xf7, 0x9a, 0xf7,
    0x9a, 0xf7, 0x99, 0xf7, 0x9a, 0xf7, 0x99, 0xf7, 0x99, 0xf7, 0x9a, 0xf7,
    0x9a, 0xf7, 0x99, 0xf7, 0x99, 0xf7, 0x9a, 0xf7, 0x99, 0xf7, 0x99, 0xf7,
    0x9a, 0xf7, 0x99, 0xf7, 0x99, 0xf7, 0x9a, 0xf7, 0x99, 0xf7, 0x99, 0xf7,
    0x9a, 0xf7, 0x99, 0xf7, 0x79, 0xef, 0x9a, 0xf7, 0x99, 0xf7, 0x99, 0xef,
    0x9a, 0xf7, 0x79, 0xf7, 0x79, 0xef, 0x79, 0xf7, 0x99, 0xf7, 0x79, 0xef,
    0x99, 0xf7, 0x99, 0xf7, 0x99, 0xf7, 0x79, 0xef, 0x99, 0xf7, 0x99, 0xf7,
    0x79, 0xef, 0x99, 0xf7, 0x98, 0xf7, 0x79, 0xf7, 0x99, 0xf7, 0x98, 0xf7,
    0x99, 0xf7, 0x78, 0xf7, 0x98, 0xf7, 0x99, 0xef, 0x78, 0xf7, 0x78, 0xf7,
    0x79, 0xef, 0x99, 0xef, 0x99, 0xf7, 0x79, 0xef, 0x78, 0xef, 0x99, 0xf7,
    0x79, 0xf7, 0x98, 0xef, 0x79, 0xf7, 0x79, 0xf7, 0x98, 0xef, 0x79, 0xf7,
    0x78, 0xf7, 0x78, 0xef, 0x99, 0xf7, 0x78, 0xef, 0x78, 0xef, 0x79, 0xf7,
    0x78, 0xef, 0x99, 0xef, 0x78, 0xf7, 0x98, 0xef, 0x79, 0xef, 0x78, 0xf7,
    0x78, 0xf7, 0x78, 0xef, 0x78, 0xf7, 0x78, 0xef, 0x78, 0xf7, 0x78, 0xf7,
    0x78, 0xef, 0x78, 0xf7, 0x78, 0xef, 0x78, 0xef, 0x78, 0xef, 0x58, 0xf7,
    0x78, 0xef, 0x78, 0xef, 0x78, 0xef, 0x78, 0xef, 0x78, 0xf7, 0x78, 0xef,
    0x78, 0xef, 0x78, 0xf7, 0x78, 0xf7, 0x78, 0xef, 0x78, 0xef, 0x78, 0xf7,
    0x78, 0xf7, 0x78, 0xef, 0x78, 0xef, 0x78, 0xf7, 0x78, 0xf7, 0x79, 0xef,
    0x78, 0xef, 0x78, 0xef, 0x78, 0xf7, 0x78, 0xef, 0x78, 0xf7, 0x78, 0xf7,
    0x78, 0xf7, 0x78, 0xef, 0x78, 0xef, 0x78, 0xf7, 0x79, 0xf7, 0x98, 0xef,
    0x78, 0xf7, 0x99, 0xf7, 0x99, 0xf7, 0x78, 0xef, 0x78, 0xef, 0x78, 0xf7,
    0x99, 0xf7, 0x78, 0xef, 0x79, 0xf7, 0x98, 0xf7, 0x98, 0xf7, 0x99, 0xf7,
    0x99, 0xf7, 0x98, 0xf7, 0x79, 0xf7, 0x79, 0xef, 0x79, 0xf7, 0x99, 0xf7,
    0x79, 0xf7, 0x78, 0xef, 0x99, 0xef, 0x78, 0xf7, 0x78, 0xf7, 0x99, 0xef,
    0x78, 0xf7, 0x99, 0xf7, 0x79, 0xf7, 0x99, 0xef, 0x99, 0xf7, 0x79, 0xf7,
    0x99, 0xf7, 0x99, 0xf7, 0x99, 0xf7, 0x79, 0xf7, 0x99, 0xf7, 0x99, 0xf7,
    0x79, 0xf7, 0x79, 0xf7, 0x99, 0xf7, 0x99, 0xf7, 0x9a, 0xf7, 0x99, 0xf7,
    0x99, 0xef, 0x99, 0xf7, 0x99, 0xf7, 0x9a, 0xf7, 0x9a, 0xf7, 0x9a, 0xf7,
    0x99, 0xf7, 0x9a, 0xf7, 0x99, 0xf7, 0x99, 0xf7, 0x99, 0xf7, 0x9a, 0xf7,
    0x99, 0xef, 0x9a, 0xf7, 0x99, 0xf7, 0x99, 0xef, 0x9a, 0xf7, 0x99, 0xf7,
    0x9a, 0xf7, 0x99, 0xf7, 0x9a, 0xf7, 0x9a, 0xf7, 0x9a, 0xf7, 0x99, 0xf7,
    0x9a, 0xf7, 0x99, 0xf7, 0xba, 0xf7, 0x9a, 0xf7, 0x99, 0xf7, 0xb9, 0xf7,
    0xba, 0xf7, 0x9a, 0xff, 0x9a, 0xf7, 0xba, 0xf7, 0x78, 0xef, 0x79, 0xf7,
    0x58, 0xef, 0x9a, 0xf7, 0x99, 0xf7, 0x9a, 0xf7, 0x9a, 0xf7, 0x9a, 0xf7,
    0x9a, 0xf7, 0xba, 0xf7, 0x9a, 0xf7, 0x9a, 0xf7, 0xba, 0xf7, 0x79, 0xf7,
    0x79, 0xef, 0x9a, 0xf7, 0x9a, 0xf7, 0x9a, 0xf7, 0x9a, 0xf7, 0xba, 0xf7,
    0xba, 0xf7, 0x9a, 0xff, 0x9a, 0xf7, 0x9a, 0xf7, 0x9a, 0xf7, 0xba, 0xf7,
    0x9a, 0xf7, 0x78, 0xef, 0x9a, 0xf7, 0x99, 0xf7, 0x9a, 0xf7, 0x9a, 0xf7,
    0xb9, 0xf7, 0x9a, 0xf7, 0x9a, 0xff, 0x99, 0xf7, 0x9a, 0xf7, 0xba, 0xf7,
    0x99, 0xf7, 0x9a, 0xf7, 0x9a, 0xf7, 0x9a, 0xf7, 0xba, 0xf7, 0x99, 0xf7,
    0x9a, 0xf7, 0x9a, 0xf7, 0x9a, 0xf7, 0x99, 0xf7, 0x99, 0xf7, 0x9a, 0xf7,
    0x99, 0xf7, 0x99, 0xf7, 0x9a, 0xf7, 0x99, 0xf7, 0x99, 0xf7, 0x9a, 0xf7,
    0x99, 0xf7, 0x99, 0xf7, 0x9a, 0xf7, 0x9a, 0xf7, 0x99, 0xf7, 0x99, 0xf7,
    0x99, 0xf7, 0x99, 0xf7, 0x99, 0xf7, 0x99, 0xf7, 0x99, 0xf7, 0x99, 0xf7,
    0x9a, 0xf7, 0x99, 0xf7, 0x99, 0xef, 0x99, 0xf7, 0x79, 0xf7, 0x79, 0xef,
    0x99, 0xf7, 0x99, 0xf7, 0x79, 0xf7, 0x99, 0xf7, 0x99, 0xf7, 0x99, 0xf7,
    0x79, 0xef, 0x79, 0xf7, 0x99, 0xf7, 0x99, 0xef, 0x79, 0xf7, 0x99, 0xf7,
    0x78, 0xef, 0x79, 0xf7, 0x99, 0xf7, 0x99, 0xef, 0x98, 0xf7, 0x79, 0xef,
    0x79, 0xef, 0x99, 0xf7, 0x99, 0xef, 0x79, 0xf7, 0x98, 0xf7, 0x79, 0xef,
    0x99, 0xf7, 0x98, 0xef, 0x78, 0xef, 0x99, 0xf7, 0x78, 0xf7, 0x98, 0xef,
    0x78, 0xef, 0x98, 0xf7, 0x78, 0xef, 0x98, 0xef, 0x79, 0xf7, 0x98, 0xf7,
    0x78, 0xef, 0x78, 0xf7, 0x79, 0xef, 0x78, 0xf7, 0x98, 0xef, 0x79, 0xf7,
    0x78, 0xf7, 0x78, 0xef, 0x78, 0xef, 0x78, 0xf7, 0x98, 0xef, 0x78, 0xf7,
    0x78, 0xef, 0x78, 0xef, 0x78, 0xef, 0x78, 0xf7, 0x79, 0xef, 0x78, 0xef,
    0x78, 0xf7, 0x78, 0xef, 0x78, 0xef, 0x78, 0xef, 0x78, 0xf7, 0x78, 0xef,
    0x78, 0xef, 0x78, 0xf7, 0x78, 0xf7, 0x78, 0xef, 0x78, 0xef, 0x98, 0xf7,
    0x78, 0xef, 0x78, 0xef, 0x78, 0xef, 0x78, 0xf7, 0x78, 0xf7, 0x78, 0xef,
    0x78, 0xf7, 0x78, 0xef, 0x78, 0xef, 0x78, 0xef, 0x78, 0xf7, 0x78, 0xf7,
    0x78, 0xf7, 0x78, 0xf7, 0x99, 0xef, 0x78, 0xef, 0x78, 0xef, 0x78, 0xf7,
    0x79, 0xef, 0x78, 0xf7, 0x78, 0xef, 0x78, 0xef, 0x78, 0xef, 0x78, 0xf7,
    0x78, 0xf7, 0x98, 0xef, 0x99, 0xef, 0x98, 0xf7, 0x78, 0xef, 0x79, 0xef,
    0x98, 0xf7, 0x99, 0xf7, 0x78, 0xef, 0x79, 0xf7, 0x99, 0xef, 0x98, 0xef,
    0x99, 0xf7, 0x78, 0xef, 0x98, 0xf7, 0x99, 0xf7, 0x78, 0xef, 0x99, 0xf7,
    0x99, 0xf7, 0x78, 0xf7, 0x99, 0xf7, 0x79, 0xf7, 0x99, 0xef, 0x99, 0xf7,
    0x79, 0xf7, 0x99, 0xef, 0x99, 0xf7, 0x79, 0xf7, 0x99, 0xef, 0x99, 0xf7,
    0x79, 0xef, 0x99, 0xf7, 0x99, 0xef, 0x99, 0xef, 0x99, 0xf7, 0x9a, 0xf7,
    0x99, 0xef, 0x99, 0xf7, 0x79, 0xf7, 0x99, 0xf7, 0x99, 0xf7, 0x99, 0xef,
    0x9a, 0xf7, 0x99, 0xf7, 0x99, 0xf7, 0x99, 0xf7, 0x9a, 0xf7, 0x99, 0xf7,
    0x99, 0xf7, 0x99, 0xf7, 0x99, 0xef, 0x9a, 0xf7, 0x99, 0xf7, 0x9a, 0xf7,
    0x99, 0xf7, 0x9a, 0xf7, 0x99, 0xf7, 0x79, 0xef, 0x99, 0xf7, 0x99, 0xf7,
    0x9a, 0xf7, 0x99, 0xf7, 0x99, 0xf7, 0x9a, 0xf7, 0x9a, 0xf7, 0x99, 0xf7,
    0x99, 0xf7, 0x9a, 0xf7, 0x99, 0xf7, 0x9a, 0xf7, 0x99, 0xf7, 0x9a, 0xf7,
    0x9a, 0xf7, 0xb9, 0xf7, 0x9a, 0xf7, 0xba, 0xf7, 0x99, 0xf7, 0x58, 0xef,
    0x78, 0xef, 0x9a, 0xf7, 0x79, 0xf7, 0x9a, 0xf7, 0x9a, 0xf7, 0x9a, 0xf7,
    0x99, 0xf7, 0x9a, 0xf7, 0xba, 0xf7, 0x9a, 0xf7, 0xba, 0xf7, 0x79, 0xf7,
    0x58, 0xef, 0x9a, 0xf7, 0x9a, 0xf7, 0x9a, 0xf7, 0x9a, 0xf7, 0x9a, 0xf7,
    0xba, 0xf7, 0x9a, 0xf7, 0xba, 0xf7, 0x9a, 0xf7, 0x9a, 0xf7, 0x9a, 0xf7,
    0x79, 0xef, 0x79, 0xf7, 0x79, 0xf7, 0x9a, 0xf7, 0x9a, 0xf7, 0x99, 0xf7,
    0x9a, 0xf7, 0x99, 0xf7, 0x99, 0xf7, 0xba, 0xf7, 0x99, 0xf7, 0x99, 0xf7,
    0x9a, 0xf7, 0x9a, 0xf7, 0xb9, 0xf7, 0x9a, 0xf7, 0x9a, 0xf7, 0x99, 0xf7,
    0x99, 0xf7, 0x9a, 0xf7, 0x99, 0xf7, 0x99, 0xf7, 0x9a, 0xf7, 0x9a, 0xf7,
    0x9a, 0xf7, 0x99, 0xf7, 0x9a, 0xf7, 0x99, 0xf7, 0x9a, 0xf7, 0x9a, 0xf7,
    0x99, 0xf7, 0x9a, 0xf7, 0x99, 0xf7, 0x99, 0xf7, 0x9a, 0xf7, 0x9a, 0xf7,
    0x99, 0xf7, 0x9a, 0xf7, 0x99, 0xf7, 0x99, 0xf7, 0x9a, 0xf7, 0x79, 0xef,
    0x99, 0xf7, 0x9a, 0xf7, 0x99, 0xf7, 0x99, 0xf7, 0x99, 0xf7, 0x79, 0xf7,
    0x79, 0xf7, 0x99, 0xf7, 0x99, 0xf7, 0x99, 0xef, 0x99, 0xf7, 0x99, 0xf7,
    0x79, 0xf7, 0x79, 0xef, 0x99, 0xf7, 0x78, 0xf7, 0x79, 0xef, 0x99, 0xf7,
    0x98, 0xf7, 0x99, 0xf7, 0x99, 0xf7, 0x78, 0xef, 0x99, 0xf7, 0x99, 0xf7,
    0x78, 0xef, 0x98, 0xf7, 0x99, 0xf7, 0x99, 0xf7, 0x78, 0xef, 0x98, 0xf7,
    0x79, 0xef, 0x78, 0xf7, 0x79, 0xf7, 0x79, 0xef, 0x98, 0xf7, 0x79, 0xef,
    0x78, 0xf7, 0x98, 0xf7, 0x79, 0xf7, 0x78, 0xef, 0x79, 0xf7, 0x78, 0xef,
    0x78, 0xef, 0x99, 0xf7, 0x78, 0xf7, 0x78, 0xef, 0x78, 0xf7, 0x98, 0xef,
    0x78, 0xf7, 0x78, 0xef, 0x78, 0xef, 0x78, 0xf7, 0x79, 0xf7, 0x78, 0xef,
    0x98, 0xf7, 0x78, 0xf7, 0x78, 0xef, 0x78, 0xef, 0x78, 0xf7, 0x78, 0xef,
    0x78, 0xef, 0x78, 0xef, 0x78, 0xf7, 0x78, 0xef, 0x58, 0xef, 0x78, 0xef,
    0x78, 0xef, 0x78, 0xef, 0x78, 0xf7, 0x78, 0xef, 0x78, 0xf7, 0x78, 0xf7,
    0x78, 0xef, 0x78, 0xef, 0x78, 0xf7, 0x78, 0xef, 0x78, 0xf7, 0x78, 0xef,
    0x78, 0xef, 0x78, 0xf7, 0x78, 0xef, 0x78, 0xf7, 0x78, 0xef, 0x78, 0xef,
    0x78, 0xef, 0x78, 0xef, 0x78, 0xf7, 0x78, 0xef, 0x98, 0xf7, 0x78, 0xef,
    0x78, 0xef, 0x99, 0xf7, 0x78, 0xf7, 0x78, 0xf7, 0x98, 0xef, 0x79, 0xef,
    0x78, 0xf7, 0x78, 0xef, 0x78, 0xf7, 0x99, 0xf7, 0x79, 0xf7, 0x98, 0xf7,
    0x78, 0xef, 0x99, 0xf7, 0x98, 0xf7, 0x99, 0xef, 0x79, 0xf7, 0x98, 0xf7,
    0x79, 0xf7, 0x79, 0xf7, 0x99, 0xef, 0x78, 0xf7, 0x78, 0xef, 0x99, 0xef,
    0x78, 0xf7, 0x99, 0xef, 0x79, 0xf7, 0x99, 0xf7, 0x79, 0xf7, 0x79, 0xf7,
    0x99, 0xf7, 0x99, 0xef, 0x99, 0xf7, 0x99, 0xf7, 0x79, 0xf7, 0x99, 0xf7,
    0x99, 0xf7, 0x99, 0xf7, 0x79, 0xf7, 0x99, 0xf7, 0x99, 0xf7, 0x79, 0xf7,
    0x99, 0xef, 0x99, 0xf7, 0x9a, 0xf7, 0x99, 0xf7, 0x99, 0xf7, 0x9a, 0xf7,
    0x99, 0xf7, 0x99, 0xf7, 0x99, 0xf7, 0x99, 0xef, 0x99, 0xf7, 0x99, 0xf7,
    0x99, 0xf7, 0x9a, 0xef, 0x9a, 0xf7, 0x99, 0xf7, 0x99, 0xf7, 0x99, 0xf7,
    0x9a, 0xf7, 0x9a, 0xf7, 0x99, 0xef, 0x99, 0xf7, 0x99, 0xf7, 0x99, 0xf7,
    0x9a, 0xf7, 0x99, 0xf7, 0x99, 0xf7, 0x99, 0xf7, 0x9a, 0xf7, 0x99, 0xf7,
    0x99, 0xf7, 0x9a, 0xf7, 0x9a, 0xf7, 0x99, 0xf7, 0x9a, 0xf7, 0x9a, 0xf7,
    0x9a, 0xf7, 0x9a, 0xf7, 0x9a, 0xf7, 0x9a, 0xf7, 0x9a, 0xf7, 0x9a, 0xf7,
    0x9a, 0xf7, 0x9a, 0xf7, 0x79, 0xef, 0x9a, 0xf7, 0xba, 0xf7, 0xb9, 0xf7,
    0x9a, 0xf7, 0x9a, 0xf7, 0x9a, 0xf7, 0x9a, 0xf7, 0x9a, 0xf7, 0x58, 0xef,
    0x58, 0xef, 0x9a, 0xf7, 0xba, 0xf7, 0x9a, 0xf7, 0x9a, 0xf7, 0x9a, 0xf7,
    0x9a, 0xf7, 0x9a, 0xf7, 0x9a, 0xf7, 0x9a, 0xf7, 0x9a, 0xf7, 0x9a, 0xf7,
    0x78, 0xef, 0x79, 0xef, 0x99, 0xf7, 0x9a, 0xf7, 0x9a, 0xf7, 0x9a, 0xf7,
    0x9a, 0xf7, 0x99, 0xf7, 0x9a, 0xf7, 0x9a, 0xf7, 0x9a, 0xf7, 0x99, 0xf7,
    0x9a, 0xf7, 0x99, 0xf7, 0x99, 0xf7, 0x99, 0xf7, 0x99, 0xf7, 0x9a, 0xf7,
    0x99, 0xf7, 0x99, 0xf7, 0x9a, 0xf7, 0x9a, 0xf7, 0x99, 0xf7, 0x99, 0xf7,
    0x9a, 0xf7, 0x99, 0xf7, 0x99, 0xf7, 0x9a, 0xf7, 0x99, 0xf7, 0x99, 0xf7,
    0x99, 0xf7, 0x99, 0xf7, 0x99, 0xf7, 0x99, 0xf7, 0x99, 0xf7, 0x99, 0xf7,
    0x9a, 0xf7, 0x99, 0xf7, 0x99, 0xf7, 0x99, 0xef, 0x9a, 0xf7, 0x99, 0xf7,
    0x79, 0xf7, 0x99, 0xf7, 0x79, 0xf7, 0x99, 0xef, 0x99, 0xf7, 0x79, 0xf7,
    0x99, 0xf7, 0x99, 0xf7, 0x99, 0xef, 0x79, 0xf7, 0x79, 0xf7, 0x99, 0xef,
    0x99, 0xf7, 0x99, 0xf7, 0x99, 0xf7, 0x79, 0xf7, 0x99, 0xf7, 0x79, 0xf7,
    0x79, 0xef, 0x99, 0xf7, 0x99, 0xf7, 0x78, 0xef, 0x99, 0xf7, 0x99, 0xf7,
    0x99, 0xf7, 0x78, 0xf7, 0x78, 0xef, 0x98, 0xef, 0x79, 0xf7, 0x98, 0xef,
    0x78, 0xf7, 0x79, 0xef, 0x78, 0xf7, 0x78, 0xef, 0x79, 0xef, 0x78, 0xf7,
    0x79, 0xf7, 0x79, 0xef, 0x98, 0xef, 0x99, 0xf7, 0x98, 0xf7, 0x99, 0xf7,
    0x98, 0xef, 0x78, 0xf7, 0x78, 0xf7, 0x78, 0xef, 0x78, 0xef, 0x78, 0xf7,
    0x78, 0xef, 0x78, 0xef, 0x78, 0xf7, 0x78, 0xf7, 0x78, 0xef, 0x78, 0xef,
    0x98, 0xf7, 0x79, 0xf7, 0x78, 0xef, 0x78, 0xef, 0x78, 0xf7, 0x78, 0xf7,
    0x78, 0xef, 0x78, 0xf7, 0x78, 0xef, 0x78, 0xef, 0x78, 0xf7, 0x78, 0xef,
    0x78, 0xef, 0x78, 0xef, 0x78, 0xef, 0x78, 0xef, 0x78, 0xf7, 0x78, 0xf7,
    0x78, 0xef, 0x78, 0xf7, 0x78, 0xef, 0x78, 0xef, 0x78, 0xef, 0x78, 0xf7,
    0x78, 0xef, 0x78, 0xef, 0x78, 0xf7, 0x78, 0xef, 0x78, 0xef, 0x78, 0xef,
    0x78, 0xf7, 0x78, 0xef, 0x78, 0xf7, 0x78, 0xef, 0x78, 0xf7, 0x78, 0xf7,
    0x78, 0xef, 0x78, 0xef, 0x79, 0xf7, 0x78, 0xf7, 0x78, 0xef, 0x79, 0xf7,
    0x78, 0xf7, 0x98, 0xef, 0x79, 0xef, 0x78, 0xf7, 0x79, 0xf7, 0x79, 0xef,
    0x98, 0xf7, 0x79, 0xf7, 0x79, 0xf7, 0x98, 0xf7, 0x79, 0xf7, 0x99, 0xef,
    0x78, 0xef, 0x99, 0xf7, 0x98, 0xf7, 0x99, 0xf7, 0x79, 0xf7, 0x79, 0xf7,
    0x98, 0xef, 0x99, 0xef, 0x78, 0xf7, 0x99, 0xef, 0x99, 0xf7, 0x78, 0xf7,
    0x78, 0xef, 0x79, 0xf7, 0x99, 0xf7, 0x99, 0xf7, 0x99, 0xf7, 0x99, 0xef,
    0x99, 0xf7, 0x79, 0xf7, 0x99, 0xf7, 0x99, 0xf7, 0x79, 0xf7, 0x99, 0xf7,
    0x99, 0xf7, 0x79, 0xf7, 0x99, 0xef, 0x99, 0xf7, 0x79, 0xf7, 0x99, 0xf7,
    0x99, 0xf7, 0x9a, 0xef, 0x99, 0xf7, 0x99, 0xf7, 0x9a, 0xf7, 0x9a, 0xf7,
    0x99, 0xf7, 0x99, 0xf7, 0x9a, 0xf7, 0x99, 0xf7, 0x9a, 0xef, 0x99, 0xf7,
    0x9a, 0xf7, 0x99, 0xef, 0x79, 0xef, 0x9a, 0xf7, 0x99, 0xf7, 0x99, 0xf7,
    0x99, 0xf7, 0x9a, 0xf7, 0x99, 0xf7, 0x99, 0xf7, 0x9a, 0xf7, 0x99, 0xf7,
    0x99, 0xf7, 0x99, 0xf7, 0x9a, 0xf7, 0xb9, 0xf7, 0xba, 0xf7, 0x99, 0xf7,
    0x99, 0xf7, 0xba, 0xf7, 0x99, 0xf7, 0x9a, 0xf7, 0x9a, 0xf7, 0x9a, 0xf7,
    0xba, 0xf7, 0x9a, 0xf7, 0x99, 0xef, 0x9a, 0xf7, 0x99, 0xf7, 0xba, 0xf7,
    0xba, 0xf7, 0x9a, 0xf7, 0x99, 0xf7, 0xba, 0xf7, 0x99, 0xf7, 0x58, 0xef,
    0x78, 0xef, 0x99, 0xf7, 0x9a, 0xf7, 0x9a, 0xf7, 0xba, 0xf7, 0xb9, 0xf7,
    0x99, 0xf7, 0xba, 0xf7, 0x9a, 0xf7, 0xba, 0xf7, 0x9a, 0xf7, 0x9a, 0xf7,
    0x9a, 0xf7, 0x99, 0xf7, 0x9a, 0xf7, 0x9a, 0xf7, 0x99, 0xf7, 0x99, 0xf7,
    0x9a, 0xf7, 0x9a, 0xf7, 0x9a, 0xf7, 0x99, 0xf7, 0xba, 0xf7, 0x9a, 0xf7,
    0x99, 0xf7, 0x9a, 0xf7, 0x9a, 0xf7, 0x99, 0xf7, 0x9a, 0xf7, 0x9a, 0xf7,
    0x9a, 0xf7, 0x99, 0xf7, 0x9a, 0xf7, 0x99, 0xf7, 0x99, 0xf7, 0x99, 0xf7,
    0x9a, 0xf7, 0x99, 0xf7, 0x99, 0xf7, 0x9a, 0xf7, 0x99, 0xf7, 0x99, 0xf7,
    0x9a, 0xf7, 0x9a, 0xf7, 0x99, 0xf7, 0x99, 0xf7, 0x99, 0xf7, 0x9a, 0xf7,
    0x99, 0xf7, 0x79, 0xf7, 0x99, 0xef, 0x79, 0xf7, 0x79, 0xf7, 0x99, 0xf7,
    0x99, 0xf7, 0x99, 0xf7, 0x99, 0xef, 0x79, 0xf7, 0x99, 0xf7, 0x99, 0xef,
    0x99, 0xf7, 0x99, 0xf7, 0x99, 0xf7, 0x99, 0xf7, 0x79, 0xf7, 0x79, 0xef,
    0x79, 0xef, 0x99, 0xf7, 0x98, 0xf7, 0x99, 0xef, 0x78, 0xf7, 0x99, 0xf7,
    0x99, 0xef, 0x99, 0xf7, 0x99, 0xf7, 0x99, 0xf7, 0x98, 0xf7, 0x79, 0xef,
    0x99, 0xf7, 0x79, 0xf7, 0x98, 0xef, 0x78, 0xf7, 0x79, 0xf7, 0x79, 0xef,
    0x79, 0xf7, 0x98, 0xef, 0x78, 0xf7, 0x78, 0xf7, 0x99, 0xef, 0x78, 0xf7,
    0x78, 0xef, 0x98, 0xef, 0x78, 0xf7, 0x78, 0xef, 0x98, 0xf7, 0x79, 0xf7,
    0x78, 0xef, 0x98, 0xef, 0x78, 0xf7, 0x98, 0xef, 0x78, 0xf7, 0x78, 0xf7,
    0x78, 0xef, 0x78, 0xef, 0x78, 0xf7, 0x78, 0xef, 0x78, 0xef, 0x78, 0xf7,
    0x78, 0xef, 0x78, 0xef, 0x78, 0xf7, 0x78, 0xef, 0x78, 0xef, 0x78, 0xef,
    0x78, 0xef, 0x78, 0xef, 0x78, 0xef, 0x58, 0xef, 0x78, 0xf7, 0x78, 0xef,
    0x78, 0xf7, 0x78, 0xf7, 0x78, 0xf7, 0x78, 0xef, 0x78, 0xef, 0x78, 0xf7,
    0x78, 0xef, 0x78, 0xf7, 0x98, 0xef, 0x78, 0xf7, 0x78, 0xef, 0x78, 0xf7,
    0x78, 0xef, 0x78, 0xef, 0x78, 0xf7, 0x78, 0xef, 0x78, 0xf7, 0x78, 0xf7,
    0x78, 0xef, 0x78, 0xf7, 0x78, 0xef, 0x78, 0xef, 0x78, 0xef, 0x78, 0xf7,
    0x79, 0xf7, 0x78, 0xef, 0x78, 0xef, 0x98, 0xf7, 0x78, 0xef, 0x78, 0xef,
    0x78, 0xf7, 0x78, 0xf7, 0x99, 0xef, 0x98, 0xf7, 0x98, 0xef, 0x78, 0xef,
    0x99, 0xf7, 0x98, 0xef, 0x78, 0xef, 0x98, 0xf7, 0x99, 0xef, 0x79, 0xf7,
    0x98, 0xf7, 0x99, 0xef, 0x79, 0xf7, 0x78, 0xef, 0x99, 0xf7, 0x99, 0xf7,
    0x78, 0xf7, 0x78, 0xf7, 0x99, 0xef, 0x79, 0xf7, 0x99, 0xef, 0x99, 0xef,
    0x79, 0xf7, 0x98, 0xf7, 0x99, 0xf7, 0x79, 0xf7, 0x79, 0xef, 0x79, 0xf7,
    0x99, 0xf7, 0x99, 0xf7, 0x99, 0xef, 0x99, 0xf7, 0x99, 0xf7, 0x9a, 0xf7,
    0x99, 0xf7, 0x99, 0xef, 0x99, 0xf7, 0x79, 0xf7, 0x99, 0xf7, 0x99, 0xef,
    0x79, 0xf7, 0x9a, 0xf7, 0x99, 0xf7, 0x99, 0xf7, 0x99, 0xf7, 0x99, 0xf7,
    0x9a, 0xf7, 0x99, 0xf7, 0x99, 0xf7, 0x9a, 0xef, 0x9a, 0xf7, 0x9a, 0xf7,
    0x99, 0xf7, 0x78, 0xef, 0x99, 0xf7, 0x9a, 0xf7, 0x99, 0xf7, 0x99, 0xf7,
    0x9a, 0xf7, 0x99, 0xf7, 0x9a, 0xf7, 0x99, 0xf7, 0x99, 0xf7, 0x9a, 0xf7,
    0x99, 0xf7, 0x9a, 0xf7, 0x99, 0xf7, 0x9a, 0xf7, 0x99, 0xf7, 0x9a, 0xf7,
    0x9a, 0xf7, 0x99, 0xf7, 0x9a, 0xf7, 0xba, 0xf7, 0x9a, 0xf7, 0x9a, 0xf7,
    0x9a, 0xf7, 0x9a, 0xf7, 0x79, 0xef, 0x99, 0xf7, 0x9a, 0xf7, 0x9a, 0xf7,
    0x9a, 0xf7, 0x99, 0xf7, 0x9a, 0xf7, 0x9a, 0xf7, 0x9a, 0xf7, 0x79, 0xef,
    0x79, 0xef, 0xba, 0xf7, 0x9a, 0xf7, 0x9a, 0xf7, 0x99, 0xf7, 0x9a, 0xf7,
    0x9a, 0xf7, 0x9a, 0xf7, 0xb9, 0xf7, 0x9a, 0xf7, 0x99, 0xf7, 0xba, 0xf7,
    0x9a, 0xf7, 0x9a, 0xf7, 0x99, 0xf7, 0x9a, 0xf7, 0x9a, 0xf7, 0x99, 0xf7,
    0x99, 0xf7, 0x9a, 0xf7, 0xba, 0xf7, 0x99, 0xf7, 0x99, 0xf7, 0x9a, 0xf7,
    0x99, 0xf7, 0x99, 0xf7, 0x9a, 0xf7, 0x99, 0xf7, 0x99, 0xf7, 0x99, 0xf7,
    0x99, 0xf7, 0x99, 0xf7, 0x99, 0xf7, 0x9a, 0xf7, 0x99, 0xf7, 0x9a, 0xf7,
    0x9a, 0xf7, 0x99, 0xf7, 0x9a, 0xf7, 0x99, 0xf7, 0x99, 0xf7, 0x9a, 0xf7,
    0x99, 0xf7, 0x99, 0xf7, 0x9a, 0xf7, 0x99, 0xf7, 0x99, 0xf7, 0x99, 0xf7,
    0x99, 0xf7, 0x99, 0xf7, 0x99, 0xf7, 0x79, 0xf7, 0x99, 0xef, 0x99, 0xf7,
    0x99, 0xf7, 0x79, 0xf7, 0x99, 0xf7, 0x99, 0xf7, 0x79, 0xf7, 0x79, 0xef,
    0x99, 0xf7, 0x79, 0xf7, 0x99, 0xef, 0x99, 0xf7, 0x99, 0xf7, 0x99, 0xf7,
    0x79, 0xf7, 0x79, 0xf7, 0x79, 0xef, 0x99, 0xf7, 0x79, 0xf7, 0x79, 0xf7,
    0x98, 0xef, 0x98, 0xf7, 0x79, 0xf7, 0x99, 0xef, 0x78, 0xf7, 0x78, 0xef,
    0x99, 0xef, 0x98, 0xf7, 0x79, 0xf7, 0x79, 0xef, 0x78, 0xf7, 0x78, 0xef,
    0x78, 0xef, 0x99, 0xf7, 0x79, 0xf7, 0x78, 0xef, 0x98, 0xf7, 0x79, 0xf7,
    0x78, 0xef, 0x98, 0xf7, 0x79, 0xf7, 0x98, 0xef, 0x78, 0xef, 0x78, 0xf7,
    0x79, 0xf7, 0x98, 0xf7, 0x99, 0xef, 0x78, 0xef, 0x78, 0xef, 0x78, 0xef,
    0x78, 0xf7, 0x78, 0xef, 0x78, 0xef, 0x79, 0xf7, 0x78, 0xf7, 0x78, 0xef,
    0x98, 0xf7, 0x78, 0xf7, 0x78, 0xef, 0x98, 0xf7, 0x78, 0xef, 0x78, 0xf7,
    0x78, 0xf7, 0x78, 0xef, 0x78, 0xef, 0x78, 0xef, 0x78, 0xf7, 0x78, 0xef,
    0x78, 0xef, 0x78, 0xef, 0x78, 0xef, 0x78, 0xf7, 0x78, 0xef, 0x78, 0xef,
    0x78, 0xf7, 0x78, 0xef, 0x78, 0xf7, 0x78, 0xef, 0x78, 0xf7, 0x78, 0xef,
    0x78, 0xf7, 0x78, 0xef, 0x78, 0xef, 0x78, 0xf7, 0x78, 0xef, 0x78, 0xef,
    0x78, 0xef, 0x78, 0xf7, 0x78, 0xef, 0x78, 0xef, 0x78, 0xf7, 0x99, 0xef,
    0x78, 0xf7, 0x78, 0xef, 0x79, 0xf7, 0x78, 0xf7, 0x98, 0xef, 0x79, 0xef,
    0x99, 0xf7, 0x78, 0xef, 0x78, 0xf7, 0x99, 0xf7, 0x78, 0xf7, 0x78, 0xf7,
    0x79, 0xef, 0x99, 0xf7, 0x78, 0xf7, 0x99, 0xef, 0x99, 0xf7, 0x78, 0xf7,
    0x99, 0xf7, 0x99, 0xef, 0x79, 0xf7, 0x79, 0xf7, 0x98, 0xef, 0x99, 0xef,
    0x79, 0xf7, 0x99, 0xf7, 0x78, 0xef, 0x78, 0xf7, 0x99, 0xf7, 0x78, 0xf7,
    0x99, 0xef, 0x79, 0xf7, 0x99, 0xf7, 0x99, 0xf7, 0x99, 0xf7, 0x79, 0xf7,
    0x99, 0xf7, 0x79, 0xf7, 0x99, 0xf7, 0x99, 0xf7, 0x79, 0xf7, 0x99, 0xf7,
    0x79, 0xf7, 0x99, 0xf7, 0x9a, 0xf7, 0x99, 0xf7, 0x99, 0xf7, 0x99, 0xf7,
    0x99, 0xf7, 0x79, 0xf7, 0x99, 0xf7, 0x9a, 0xf7, 0x99, 0xf7, 0x99, 0xef,
    0x99, 0xef, 0x9a, 0xf7, 0x99, 0xf7, 0x99, 0xf7, 0x9a, 0xf7, 0x99, 0xf7,
    0x79, 0xef, 0x99, 0xf7, 0x99, 0xf7, 0x7a, 0xf7, 0x99, 0xf7, 0x7a, 0xf7,
    0x99, 0xf7, 0x79, 0xf7, 0x9a, 0xf7, 0x99, 0xf7, 0x9a, 0xf7, 0x99, 0xef,
    0x9a, 0xf7, 0x99, 0xf7, 0x99, 0xf7, 0x9a, 0xf7, 0x99, 0xf7, 0x9a, 0xf7,
    0x99, 0xf7, 0x9a, 0xf7, 0x99, 0xf7, 0x9a, 0xf7, 0xba, 0xf7, 0x99, 0xf7,
    0x9a, 0xf7, 0x9a, 0xf7, 0x78, 0xef, 0x99, 0xf7, 0x9a, 0xf7, 0x9a, 0xf7,
    0x99, 0xf7, 0xba, 0xf7, 0x9a, 0xf7, 0x99, 0xf7, 0x9a, 0xf7, 0x9a, 0xf7,
    0xba, 0xf7, 0x9a, 0xf7, 0x9a, 0xf7, 0x9a, 0xf7, 0xba, 0xf7, 0x99, 0xf7,
    0x9a, 0xf7, 0x99, 0xf7, 0x9a, 0xf7, 0x99, 0xf7, 0x9a, 0xf7, 0x9a, 0xf7,
    0x99, 0xf7, 0x9a, 0xf7, 0xba, 0xf7, 0x99, 0xf7, 0x9a, 0xf7, 0x99, 0xf7,
    0x99, 0xf7, 0x9a, 0xf7, 0x9a, 0xf7, 0x9a, 0xf7, 0x99, 0xf7, 0x9a, 0xf7,
    0x9a, 0xf7, 0x99, 0xf7, 0x99, 0xf7, 0x99, 0xf7, 0x9a, 0xf7, 0x99, 0xf7,
    0x9a, 0xf7, 0x99, 0xf7, 0x9a, 0xf7, 0x99, 0xf7, 0x99, 0xf7, 0x9a, 0xf7,
    0x99, 0xf7, 0x99, 0xf7, 0x9a, 0xf7, 0x99, 0xf7, 0x9a, 0xf7, 0x99, 0xf7,
    0x99, 0xf7, 0x99, 0xf7, 0x99, 0xf7, 0x7a, 0xf7, 0x99, 0xef, 0x99, 0xf7,
    0x79, 0xf7, 0x99, 0xf7, 0x99, 0xf7, 0x79, 0xf7, 0x99, 0xf7, 0x99, 0xf7,
    0x99, 0xf7, 0x99, 0xf7, 0x9a, 0xf7, 0x99, 0xf7, 0x79, 0xf7, 0x99, 0xf7,
    0x99, 0xf7, 0x99, 0xf7, 0x79, 0xef, 0x99, 0xf7, 0x99, 0xf7, 0x99, 0xef,
    0x99, 0xf7, 0x79, 0xf7, 0x99, 0xef, 0x98, 0xf7, 0x99, 0xf7, 0x99, 0xef,
    0x79, 0xf7, 0x79, 0xf7, 0x99, 0xf7, 0x99, 0xf7, 0x79, 0xef, 0x79, 0xf7,
    0x98, 0xef, 0x79, 0xf7, 0x98, 0xf7, 0x78, 0xef, 0x99, 0xef, 0x78, 0xf7,
    0x79, 0xf7, 0x79, 0xef, 0x78, 0xef, 0x78, 0xf7, 0x99, 0xf7, 0x78, 0xef,
    0x78, 0xef, 0x78, 0xf7, 0x78, 0xf7, 0x78, 0xef, 0x79, 0xef, 0x78, 0xf7,
    0x98, 0xef, 0x99, 0xf7, 0x78, 0xf7, 0x78, 0xf7, 0x78, 0xef, 0x78, 0xf7,
    0x78, 0xf7, 0x78, 0xef, 0x78, 0xf7, 0x78, 0xef, 0x79, 0xef, 0x78, 0xf7,
    0x78, 0xef, 0x78, 0xef, 0x78, 0xef, 0x78, 0xf7, 0x78, 0xef, 0x78, 0xef,
    0x78, 0xf7, 0x78, 0xef, 0x78, 0xef, 0x78, 0xf7, 0x58, 0xef, 0x78, 0xef,
    0x58, 0xef, 0x78, 0xef, 0x78, 0xf7, 0x78, 0xef, 0x78, 0xf7, 0x78, 0xf7,
    0x78, 0xef, 0x78, 0xef, 0x78, 0xf7, 0x78, 0xef, 0x78, 0xef, 0x78, 0xf7,
    0x78, 0xef, 0x78, 0xf7, 0x78, 0xef, 0x78, 0xef, 0x78, 0xf7, 0x78, 0xef,
    0x78, 0xef, 0x78, 0xf7, 0x78, 0xf7, 0x78, 0xf7, 0x78, 0xef, 0x79, 0xf7,
    0x98, 0xef, 0x78, 0xf7, 0x78, 0xef, 0x99, 0xf7, 0x78, 0xf7, 0x78, 0xf7,
    0x78, 0xf7, 0x78, 0xef, 0x78, 0xf7, 0x99, 0xef, 0x98, 0xef, 0x78, 0xf7,
    0x78, 0xef, 0x99, 0xf7, 0x79, 0xf7, 0x78, 0xef, 0x79, 0xf7, 0x98, 0xef,
    0x99, 0xf7, 0x98, 0xf7, 0x99, 0xef, 0x79, 0xf7, 0x98, 0xf7, 0x79, 0xef,
    0x99, 0xf7, 0x99, 0xef, 0x99, 0xf7, 0x79, 0xf7, 0x98, 0xef, 0x79, 0xf7,
    0x78, 0xf7, 0x99, 0xef, 0x99, 0xf7, 0x99, 0xef, 0x98, 0xf7, 0x99, 0xf7,
    0x99, 0xf7, 0x99, 0xf7, 0x79, 0xf7, 0x99, 0xf7, 0x99, 0xef, 0x99, 0xf7,
    0x99, 0xf7, 0x79, 0xf7, 0x99, 0xf7, 0x99, 0xf7, 0x9a, 0xf7, 0x99, 0xf7,
    0x99, 0xef, 0x99, 0xef, 0x99, 0xf7, 0x99, 0xf7, 0x99, 0xf7, 0x99, 0xf7,
    0x99, 0xf7, 0x9a, 0xf7, 0x9a, 0xf7, 0x9a, 0xf7, 0x99, 0xf7, 0x79, 0xef,
    0x99, 0xf7, 0x9a, 0xf7, 0x99, 0xf7, 0x99, 0xf7, 0x9a, 0xf7, 0x99, 0xf7,
    0x99, 0xef, 0x9a, 0xf7, 0x99, 0xf7, 0x99, 0xf7, 0x9a, 0xf7, 0x99, 0xf7,
    0x99, 0xf7, 0x9a, 0xf7, 0x99, 0xf7, 0x9a, 0xf7, 0x9a, 0xf7, 0x99, 0xf7,
    0x99, 0xf7, 0x9a, 0xf7, 0x9a, 0xf7, 0x99, 0xf7, 0x99, 0xf7, 0x9a, 0xf7,
    0x99, 0xf7, 0x9a, 0xf7, 0x79, 0xef, 0x99, 0xf7, 0x9a, 0xf7, 0x99, 0xf7,
    0x9a, 0xf7, 0x9a, 0xf7, 0xb9, 0xf7, 0x9a, 0xf7, 0x9a, 0xf7, 0x9a, 0xf7,
    0x9a, 0xf7, 0x99, 0xf7, 0x9a, 0xf7, 0xba, 0xf7, 0x9a, 0xf7, 0x99, 0xf7,
    0xba, 0xf7, 0x99, 0xf7, 0x9a, 0xf7, 0x99, 0xf7, 0x9a, 0xf7, 0x9a, 0xf7,
    0x9a, 0xf7, 0x9a, 0xf7, 0x99, 0xf7, 0x9a, 0xf7, 0x99, 0xf7, 0x9a, 0xf7,
    0x9a, 0xf7, 0x99, 0xf7, 0x9a, 0xf7, 0x9a, 0xf7, 0x99, 0xf7, 0x9a, 0xf7,
    0x99, 0xf7, 0x99, 0xf7, 0x9a, 0xf7, 0x99, 0xf7, 0x99, 0xf7, 0x9a, 0xf7,
    0x99, 0xf7, 0x9a, 0xf7, 0x99, 0xf7, 0x99, 0xf7, 0x9a, 0xf7, 0x99, 0xf7,
    0x99, 0xf7, 0x9a, 0xf7, 0x99, 0xf7, 0x99, 0xf7, 0x9a, 0xf7, 0x9a, 0xf7,
    0x99, 0xef, 0x99, 0xef, 0x99, 0xf7, 0x99, 0xf7, 0x9a, 0xf7, 0x99, 0xf7,
    0x79, 0xef, 0x9a, 0xef, 0x99, 0xf7, 0x99, 0xf7, 0x79, 0xf7, 0x99, 0xf7,
    0x79, 0xef, 0x99, 0xf7, 0x99, 0xf7, 0x79, 0xef, 0x99, 0xf7, 0x99, 0xf7,
    0x99, 0xf7, 0x99, 0xef, 0x99, 0xf7, 0x79, 0xf7, 0x99, 0xf7, 0x99, 0xef,
    0x99, 0xf7, 0x79, 0xf7, 0x99, 0xf7, 0x98, 0xf7, 0x79, 0xf7, 0x99, 0xf7,
    0x99, 0xf7, 0x78, 0xef, 0x98, 0xef, 0x99, 0xf7, 0x78, 0xf7, 0x98, 0xf7,
    0x79, 0xef, 0x99, 0xf7, 0x98, 0xf7, 0x99, 0xf7, 0x99, 0xf7, 0x98, 0xf7,
    0x98, 0xf7, 0x79, 0xef, 0x98, 0xf7, 0x98, 0xf7, 0x99, 0xef, 0x79, 0xef,
    0x78, 0xf7, 0x98, 0xf7, 0x98, 0xef, 0x99, 0xf7, 0x78, 0xf7, 0x99, 0xf7,
    0x99, 0xef, 0x78, 0xef, 0x78, 0xf7, 0x79, 0xef, 0x98, 0xf7, 0x98, 0xef,
    0x78, 0xef, 0x78, 0xf7, 0x98, 0xf7, 0x78, 0xef, 0x78, 0xf7, 0x78, 0xf7,
    0x78, 0xef, 0x79, 0xf7, 0x78, 0xef, 0x78, 0xef, 0x78, 0xf7, 0x78, 0xef,
    0x78, 0xef, 0x78, 0xef, 0x78, 0xef, 0x58, 0xf7, 0x78, 0xef, 0x78, 0xef,
    0x78, 0xef, 0x78, 0xf7, 0x78, 0xf7, 0x78, 0xef, 0x78, 0xef, 0x78, 0xf7,
    0x98, 0xf7, 0x78, 0xef, 0x78, 0xef, 0x78, 0xf7, 0x78, 0xf7, 0x78, 0xef,
    0x78, 0xf7, 0x78, 0xf7, 0x78, 0xef, 0x78, 0xef, 0x78, 0xf7, 0x78, 0xef,
    0x78, 0xef, 0x78, 0xef, 0x78, 0xef, 0x78, 0xf7, 0x78, 0xef, 0x78, 0xef,
    0x78, 0xf7, 0x98, 0xef, 0x78, 0xf7, 0x78, 0xef, 0x78, 0xef, 0x79, 0xf7,
    0x98, 0xf7, 0x99, 0xef, 0x78, 0xf7, 0x78, 0xf7, 0x79, 0xef, 0x78, 0xef,
    0x78, 0xf7, 0x99, 0xef, 0x98, 0xf7, 0x78, 0xf7, 0x99, 0xef, 0x79, 0xf7,
    0x98, 0xf7, 0x79, 0xef, 0x99, 0xf7, 0x99, 0xf7, 0x99, 0xf7, 0x98, 0xf7,
    0x78, 0xf7, 0x79, 0xef, 0x99, 0xf7, 0x98, 0xf7, 0x79, 0xef, 0x99, 0xf7,
    0x79, 0xf7, 0x98, 0xf7, 0x99, 0xf7, 0x79, 0xf7, 0x99, 0xef, 0x99, 0xf7,
    0x79, 0xf7, 0x99, 0xef, 0x99, 0xf7, 0x99, 0xf7, 0x99, 0xf7, 0x99, 0xf7,
    0x9a, 0xf7, 0x99, 0xef, 0x99, 0xf7, 0x99, 0xf7, 0x79, 0xf7, 0x99, 0xf7,
    0x99, 0xf7, 0x99, 0xf7, 0x99, 0xf7, 0x79, 0xf7, 0x99, 0xf7, 0x79, 0xf7,
    0x99, 0xf7, 0x99, 0xf7, 0x9a, 0xf7, 0x99, 0xf7, 0x79, 0xef, 0x99, 0xf7,
    0x9a, 0xf7, 0x99, 0xf7, 0x99, 0xf7, 0x79, 0xf7, 0x9a, 0xf7, 0x99, 0xf7,
    0x9a, 0xf7, 0x99, 0xf7, 0x9a, 0xef, 0x99, 0xf7, 0x99, 0xf7, 0x9a, 0xf7,
    0x99, 0xf7, 0x99, 0xf7, 0x99, 0xf7, 0x99, 0xf7, 0x99, 0xf7, 0x9a, 0xf7,
    0x9a, 0xf7, 0x99, 0xf7, 0x9a, 0xf7, 0x9a, 0xf7, 0x9a, 0xf7, 0x9a, 0xf7,
    0x99, 0xf7, 0x9a, 0xf7, 0x79, 0xef, 0x99, 0xf7, 0x9a, 0xf7, 0xba, 0xf7,
    0x99, 0xf7, 0x9a, 0xf7, 0x99, 0xf7, 0x9a, 0xf7, 0x99, 0xf7, 0x99, 0xf7,
    0x9a, 0xf7, 0x9a, 0xf7, 0xb9, 0xf7, 0x9a, 0xf7, 0x99, 0xf7, 0x99, 0xf7,
    0x9a, 0xf7, 0x9a, 0xf7, 0x99, 0xf7, 0x99, 0xf7, 0x9a, 0xf7, 0x99, 0xf7,
    0x99, 0xf7, 0x9a, 0xf7, 0x9a, 0xf7, 0x99, 0xf7, 0x9a, 0xf7, 0x99, 0xf7,
    0x99, 0xf7, 0x99, 0xf7, 0x99, 0xf7, 0x99, 0xf7, 0x9a, 0xf7, 0x99, 0xf7,
    0x99, 0xf7, 0x9a, 0xf7, 0x99, 0xf7, 0x9a, 0xf7, 0x99, 0xf7, 0x79, 0xf7,
    0x99, 0xf7, 0x99, 0xf7, 0x9a, 0xf7, 0x99, 0xf7, 0x99, 0xf7, 0x9a, 0xf7,
    0x99, 0xf7, 0x99, 0xf7, 0x9a, 0xf7, 0x99, 0xf7, 0x99, 0xf7, 0x99, 0xf7,
    0x9a, 0xf7, 0x79, 0xf7, 0x99, 0xf7, 0x99, 0xf7, 0x79, 0xf7, 0x99, 0xf7,
    0x99, 0xf7, 0x99, 0xf7, 0x99, 0xf7, 0x99, 0xf7, 0x99, 0xf7, 0x99, 0xf7,
    0x99, 0xf7, 0x99, 0xf7, 0x99, 0xf7, 0x99, 0xf7, 0x79, 0xf7, 0x79, 0xef,
    0x79, 0xf7, 0x99, 0xf7, 0x99, 0xf7, 0x99, 0xf7, 0x79, 0xf7, 0x99, 0xf7,
    0x99, 0xf7, 0x79, 0xef, 0x79, 0xef, 0x99, 0xef, 0x79, 0xf7, 0x78, 0xf7,
    0x99, 0xef, 0x79, 0xf7, 0x78, 0xef, 0x99, 0xf7, 0x99, 0xf7, 0x78, 0xef,
    0x98, 0xef, 0x79, 0xf7, 0x79, 0xef, 0x78, 0xef, 0x79, 0xf7, 0x78, 0xef,
    0x79, 0xef, 0x99, 0xf7, 0x98, 0xf7, 0x78, 0xef, 0x78, 0xf7, 0x98, 0xf7,
    0x78, 0xf7, 0x79, 0xef, 0x98, 0xf7, 0x98, 0xef, 0x78, 0xf7, 0x98, 0xf7,
    0x78, 0xef, 0x98, 0xf7, 0x98, 0xf7, 0x79, 0xef, 0x78, 0xf7, 0x78, 0xf7,
    0x78, 0xef, 0x78, 0xf7, 0x78, 0xef, 0x78, 0xef, 0x78, 0xef, 0x78, 0xf7,
    0x98, 0xef, 0x78, 0xf7, 0x78, 0xf7, 0x78, 0xef, 0x78, 0xf7, 0x78, 0xef,
    0x78, 0xf7, 0x78, 0xf7, 0x78, 0xef, 0x78, 0xef, 0x78, 0xf7, 0x78, 0xef,
    0x78, 0xf7, 0x78, 0xef, 0x78, 0xef, 0x78, 0xf7, 0x78, 0xef, 0x78, 0xef,
    0x78, 0xef, 0x98, 0xf7, 0x78, 0xef, 0x78, 0xf7, 0x78, 0xef, 0x78, 0xef,
    0x78, 0xf7, 0x78, 0xef, 0x78, 0xf7, 0x78, 0xef, 0x78, 0xf7, 0x78, 0xf7,
    0x78, 0xef, 0x78, 0xf7, 0x78, 0xef, 0x78, 0xf7, 0x98, 0xf7, 0x78, 0xef,
    0x79, 0xf7, 0x78, 0xf7, 0x79, 0xf7, 0x78, 0xef, 0x98, 0xef, 0x78, 0xef,
    0x79, 0xf7, 0x78, 0xf7, 0x78, 0xef, 0x79, 0xf7, 0x99, 0xf7, 0x78, 0xf7,
    0x79, 0xef, 0x78, 0xef, 0x78, 0xf7, 0x98, 0xf7, 0x79, 0xef, 0x78, 0xf7,
    0x99, 0xf7, 0x98, 0xef, 0x99, 0xf7, 0x98, 0xf7, 0x79, 0xef, 0x99, 0xf7,
    0x99, 0xf7, 0x99, 0xf7, 0x78, 0xef, 0x98, 0xf7, 0x79, 0xef, 0x99, 0xf7,
    0x98, 0xef, 0x79, 0xf7, 0x99, 0xf7, 0x99, 0xf7, 0x79, 0xf7, 0x99, 0xef,
    0x99, 0xf7, 0x99, 0xf7, 0x99, 0xf7, 0x99, 0xf7, 0x99, 0xef, 0x79, 0xf7,
    0x99, 0xf7, 0x99, 0xf7, 0x99, 0xf7, 0x99, 0xf7, 0x99, 0xef, 0x79, 0xf7,
    0x99, 0xf7, 0x9a, 0xf7, 0x79, 0xf7, 0x99, 0xef, 0x99, 0xef, 0x99, 0xf7,
    0x9a, 0xf7, 0x9a, 0xf7, 0x79, 0xef, 0x58, 0xef, 0x78, 0xef, 0x9a, 0xf7,
    0x99, 0xf7, 0x99, 0xf7, 0x9a, 0xf7, 0x99, 0xf7, 0x99, 0xf7, 0x99, 0xf7,
    0x99, 0xf7, 0x99, 0xf7, 0x9a, 0xf7, 0x99, 0xf7, 0x9a, 0xf7, 0x9a, 0xf7,
    0x99, 0xf7, 0x9a, 0xf7, 0x9a, 0xf7, 0x99, 0xf7, 0x99, 0xf7, 0x9a, 0xf7,
    0x99, 0xf7, 0x9a, 0xf7, 0x99, 0xf7, 0x99, 0xf7, 0x99, 0xf7, 0x99, 0xf7,
    0x9a, 0xf7, 0x9a, 0xf7, 0x78, 0xef, 0x99, 0xf7, 0x9a, 0xf7, 0x9a, 0xf7,
    0x99, 0xf7, 0x99, 0xf7, 0x9a, 0xf7, 0x9a, 0xf7, 0x9a, 0xf7, 0x99, 0xf7,
    0x9a, 0xf7, 0x9a, 0xf7, 0x9a, 0xf7, 0x99, 0xf7, 0x9a, 0xf7, 0x9a, 0xf7,
    0x99, 0xf7, 0x9a, 0xf7, 0x99, 0xf7, 0x9a, 0xf7, 0x9a, 0xf7, 0x99, 0xf7,
    0xba, 0xf7, 0x9a, 0xf7, 0x99, 0xf7, 0x9a, 0xf7, 0x9a, 0xf7, 0x99, 0xf7,
    0x9a, 0xf7, 0x9a, 0xf7, 0x99, 0xf7, 0x9a, 0xf7, 0x9a, 0xf7, 0x99, 0xf7,
    0x9a, 0xf7, 0x99, 0xf7, 0x99, 0xf7, 0x99, 0xf7, 0x99, 0xf7, 0x9a, 0xf7,
    0x99, 0xf7, 0x99, 0xf7, 0x9a, 0xf7, 0x99, 0xf7, 0x99, 0xf7, 0x9a, 0xf7,
    0x99, 0xf7, 0x99, 0xf7, 0x99, 0xf7, 0x99, 0xf7, 0x99, 0xf7, 0x99, 0xf7,
    0x79, 0xf7, 0x99, 0xf7, 0x99, 0xf7, 0x9a, 0xef, 0x99, 0xef, 0x99, 0xf7,
    0x79, 0xf7, 0x99, 0xf7, 0x79, 0xf7, 0x79, 0xef, 0x9a, 0xf7, 0x99, 0xf7,
    0x79, 0xf7, 0x99, 0xf7, 0x99, 0xf7, 0x99, 0xf7, 0x99, 0xf7, 0x99, 0xef,
    0x79, 0xef, 0x79, 0xf7, 0x99, 0xf7, 0x99, 0xef, 0x79, 0xf7, 0x99, 0xf7,
    0x99, 0xf7, 0x99, 0xf7, 0x99, 0xf7, 0x78, 0xef, 0x78, 0xef, 0x99, 0xf7,
    0x99, 0xef, 0x99, 0xf7, 0x99, 0xf7, 0x79, 0xef, 0x99, 0xf7, 0x99, 0xf7,
    0x78, 0xf7, 0x78, 0xf7, 0x98, 0xef, 0x79, 0xf7, 0x78, 0xf7, 0x98, 0xef,
    0x79, 0xf7, 0x79, 0xf7, 0x99, 0xef, 0x78, 0xf7, 0x79, 0xef, 0x98, 0xf7,
    0x98, 0xf7, 0x79, 0xef, 0x98, 0xef, 0x78, 0xef, 0x79, 0xf7, 0x98, 0xf7,
    0x78, 0xef, 0x79, 0xf7, 0x98, 0xf7, 0x78, 0xef, 0x78, 0xef, 0x78, 0xf7,
    0x78, 0xef, 0x79, 0xf7, 0x78, 0xf7, 0x78, 0xef, 0x79, 0xef, 0x78, 0xef,
    0x78, 0xef, 0x78, 0xf7, 0x78, 0xef, 0x78, 0xef, 0x78, 0xf7, 0x78, 0xef,
    0x78, 0xef, 0x78, 0xf7, 0x78, 0xef, 0x78, 0xef, 0x78, 0xef, 0x78, 0xf7,
    0x78, 0xef, 0x78, 0xf7, 0x78, 0xf7, 0x78, 0xf7, 0x78, 0xef, 0x78, 0xf7,
    0x78, 0xef, 0x78, 0xf7, 0x78, 0xf7, 0x78, 0xef, 0x78, 0xf7, 0x78, 0xef,
    0x78, 0xef, 0x78, 0xef, 0x78, 0xf7, 0x78, 0xf7, 0x78, 0xef, 0x78, 0xf7,
    0x78, 0xef, 0x78, 0xf7, 0x78, 0xf7, 0x78, 0xef, 0x78, 0xef, 0x78, 0xf7,
    0x99, 0xef, 0x78, 0xef, 0x78, 0xf7, 0x99, 0xf7, 0x78, 0xf7, 0x78, 0xf7,
    0x78, 0xef, 0x98, 0xf7, 0x78, 0xf7, 0x79, 0xef, 0x98, 0xf7, 0x78, 0xef,
    0x79, 0xf7, 0x98, 0xf7, 0x79, 0xef, 0x98, 0xef, 0x98, 0xf7, 0x79, 0xf7,
    0x78, 0xef, 0x99, 0xf7, 0x99, 0xf7, 0x78, 0xef, 0x99, 0xef, 0x79, 0xf7,
    0x79, 0xf7, 0x99, 0xef, 0x78, 0xf7, 0x78, 0xf7, 0x99, 0xf7, 0x99, 0xf7,
    0x78, 0xf7, 0x99, 0xef, 0x99, 0xf7, 0x98, 0xf7, 0x99, 0xf7, 0x79, 0xf7,
    0x99, 0xef, 0x99, 0xf7, 0x79, 0xf7, 0x99, 0xf7, 0x99, 0xef, 0x99, 0xf7,
    0x99, 0xf7, 0x99, 0xf7, 0x99, 0xf7, 0x99, 0xf7, 0x99, 0xf7, 0x99, 0xf7,
    0x99, 0xf7, 0x79, 0xf7, 0x99, 0xf7, 0x99, 0xf7, 0x79, 0xf7, 0x99, 0xf7,
    0x99, 0xf7, 0x99, 0xf7, 0x78, 0xef, 0x78, 0xef, 0x58, 0xef, 0x9a, 0xf7,
    0x99, 0xf7, 0x99, 0xf7, 0x99, 0xf7, 0x99, 0xef, 0x99, 0xf7, 0x9a, 0xf7,
    0x99, 0xef, 0x9a, 0xf7, 0x9a, 0xf7, 0x99, 0xf7, 0x99, 0xf7, 0x9a, 0xf7,
    0x99, 0xf7, 0x99, 0xef, 0x9a, 0xf7, 0x9a, 0xf7, 0x99, 0xf7, 0x9a, 0xf7,
    0x99, 0xf7, 0x9a, 0xf7, 0x9a, 0xf7, 0x99, 0xf7, 0x9a, 0xf7, 0x99, 0xf7,
    0x99, 0xf7, 0x9a, 0xf7, 0x79, 0xef, 0x9a, 0xf7, 0x9a, 0xf7, 0x99, 0xf7,
    0x9a, 0xf7, 0x99, 0xf7, 0x99, 0xf7, 0x9a, 0xf7, 0x9a, 0xf7, 0x99, 0xf7,
    0x9a, 0xf7, 0x99, 0xf7, 0x9a, 0xf7, 0xba, 0xf7, 0x9a, 0xf7, 0x99, 0xf7,
    0x99, 0xf7, 0x9a, 0xf7, 0x9a, 0xf7, 0x9a, 0xf7, 0x99, 0xf7, 0x99, 0xf7,
    0x9a, 0xf7, 0xba, 0xf7, 0x99, 0xf7, 0x9a, 0xf7, 0xba, 0xf7, 0x99, 0xf7,
    0x99, 0xf7, 0x9a, 0xf7, 0x99, 0xf7, 0x9a, 0xf7, 0x99, 0xf7, 0x99, 0xf7,
    0x9a, 0xf7, 0x9a, 0xf7, 0x99, 0xf7, 0x99, 0xf7, 0x9a, 0xf7, 0x9a, 0xf7,
    0x99, 0xef, 0x9a, 0xf7, 0x99, 0xf7, 0x99, 0xf7, 0x9a, 0xf7, 0x99, 0xef,
    0x99, 0xf7, 0x9a, 0xf7, 0x79, 0xef, 0x99, 0xf7, 0x9a, 0xf7, 0x99, 0xef,
    0x99, 0xf7, 0x9a, 0xf7, 0x99, 0xf7, 0x99, 0xf7, 0x99, 0xf7, 0x79, 0xf7,
    0x99, 0xf7, 0x99, 0xf7, 0x99, 0xf7, 0x99, 0xf7, 0x99, 0xf7, 0x79, 0xef,
    0x99, 0xf7, 0x99, 0xf7, 0x79, 0xef, 0x99, 0xf7, 0x99, 0xf7, 0x99, 0xf7,
    0x99, 0xf7, 0x99, 0xf7, 0x99, 0xf7, 0x99, 0xef, 0x79, 0xef, 0x79, 0xf7,
    0x99, 0xf7, 0x99, 0xf7, 0x79, 0xf7, 0x98, 0xf7, 0x99, 0xf7, 0x79, 0xef,
    0x78, 0xf7, 0x99, 0xf7, 0x98, 0xef, 0x78, 0xf7, 0x78, 0xf7, 0x99, 0xef,
    0x79, 0xef, 0x98, 0xf7, 0x98, 0xf7, 0x99, 0xef, 0x99, 0xf7, 0x99, 0xf7,
    0x78, 0xf7, 0x98, 0xef, 0x78, 0xef, 0x79, 0xf7, 0x98, 0xf7, 0x98, 0xef,
    0x78, 0xf7, 0x98, 0xf7, 0x78, 0xf7, 0x98, 0xef, 0x79, 0xef, 0x78, 0xf7,
    0x78, 0xef, 0x99, 0xf7, 0x98, 0xf7, 0x78, 0xef, 0x78, 0xf7, 0x98, 0xef,
    0x78, 0xef, 0x98, 0xf7, 0x78, 0xf7, 0x78, 0xef, 0x98, 0xf7, 0x78, 0xf7,
    0x78, 0xef, 0x78, 0xef, 0x78, 0xef, 0x98, 0xf7, 0x78, 0xef, 0x78, 0xef,
    0x78, 0xef, 0x78, 0xf7, 0x78, 0xef, 0x78, 0xef, 0x78, 0xf7, 0x78, 0xef,
    0x78, 0xef, 0x78, 0xef, 0x78, 0xf7, 0x78, 0xef, 0x98, 0xf7, 0x78, 0xf7,
    0x78, 0xef, 0x78, 0xef, 0x78, 0xef, 0x78, 0xf7, 0x78, 0xf7, 0x78, 0xf7,
    0x78, 0xef, 0x78, 0xf7, 0x78, 0xef, 0x78, 0xef, 0x78, 0xf7, 0x78, 0xef,
    0x78, 0xef, 0x78, 0xf7, 0x98, 0xef, 0x78, 0xef, 0x78, 0xf7, 0x78, 0xf7,
    0x98, 0xef, 0x78, 0xef, 0x78, 0xf7, 0x98, 0xf7, 0x99, 0xef, 0x78, 0xf7,
    0x78, 0xef, 0x99, 0xef, 0x78, 0xf7, 0x98, 0xf7, 0x98, 0xef, 0x98, 0xef,
    0x98, 0xf7, 0x78, 0xf7, 0x99, 0xef, 0x78, 0xef, 0x98, 0xf7, 0x99, 0xef,
    0x78, 0xf7, 0x78, 0xef, 0x99, 0xf7, 0x99, 0xf7, 0x99, 0xf7, 0x98, 0xf7,
    0x79, 0xf7, 0x99, 0xf7, 0x99, 0xef, 0x79, 0xef, 0x99, 0xf7, 0x98, 0xf7,
    0x99, 0xf7, 0x79, 0xef, 0x78, 0xef, 0x79, 0xf7, 0x99, 0xf7, 0x98, 0xf7,
    0x99, 0xef, 0x79, 0xef, 0x99, 0xf7, 0x79, 0xf7, 0x99, 0xf7, 0x79, 0xef,
    0x99, 0xf7, 0x99, 0xf7, 0x99, 0xef, 0x79, 0xf7, 0x99, 0xf7, 0x99, 0xf7,
    0x99, 0xf7, 0x99, 0xf7, 0x99, 0xf7, 0x99, 0xf7, 0x79, 0xf7, 0x99, 0xf7,
    0x99, 0xf7, 0x99, 0xf7, 0x99, 0xf7, 0x79, 0xef, 0x79, 0xf7, 0x99, 0xf7,
    0x99, 0xf7, 0x9a, 0xf7, 0x99, 0xf7, 0x99, 0xf7, 0x9a, 0xf7, 0x99, 0xf7,
    0x99, 0xf7, 0x99, 0xf7, 0x99, 0xf7, 0x99, 0xf7, 0x99, 0xf7, 0x9a, 0xf7,
    0x99, 0xf7, 0x99, 0xf7, 0x9a, 0xf7, 0x99, 0xf7, 0x9a, 0xf7, 0x99, 0xef,
    0x9a, 0xf7, 0x99, 0xf7, 0x99, 0xf7, 0x9a, 0xf7, 0x9a, 0xf7, 0x9a, 0xf7,
    0x9a, 0xf7, 0x9a, 0xf7, 0x58, 0xef, 0x9a, 0xf7, 0x99, 0xf7, 0x9a, 0xf7,
    0x9a, 0xf7, 0x9a, 0xf7, 0x99, 0xf7, 0x99, 0xf7, 0x99, 0xf7, 0x9a, 0xf7,
    0x9a, 0xf7, 0x99, 0xf7, 0x99, 0xf7, 0x99, 0xf7, 0x99, 0xf7, 0xba, 0xf7,
    0x9a, 0xf7, 0x99, 0xf7, 0x99, 0xf7, 0x99, 0xf7, 0x9a, 0xf7, 0x99, 0xf7,
    0x99, 0xf7, 0x99, 0xf7, 0x99, 0xf7, 0x99, 0xf7, 0x9a, 0xf7, 0x99, 0xf7,
    0x99, 0xf7, 0x99, 0xf7, 0x9a, 0xf7, 0xb9, 0xf7, 0x99, 0xf7, 0x99, 0xf7,
    0x99, 0xf7, 0x99, 0xf7, 0x99, 0xf7, 0x99, 0xf7, 0x79, 0xf7, 0x99, 0xf7,
    0x9a, 0xf7, 0x99, 0xf7, 0x9a, 0xf7, 0x99, 0xf7, 0x9a, 0xf7, 0x99, 0xf7,
    0x99, 0xf7, 0x99, 0xf7, 0x99, 0xf7, 0x79, 0xf7, 0x99, 0xf7, 0x79, 0xf7,
    0x99, 0xf7, 0x99, 0xf7, 0x9a, 0xf7, 0x79, 0xf7, 0x99, 0xf7, 0x99, 0xf7,
    0x99, 0xf7, 0x9a, 0xef, 0x79, 0xf7, 0x99, 0xf7, 0x99, 0xf7, 0x99, 0xf7,
    0x99, 0xf7, 0x99, 0xef, 0x79, 0xf7, 0x99, 0xf7, 0x99, 0xf7, 0x79, 0xf7,
    0x99, 0xf7, 0x99, 0xf7, 0x79, 0xf7, 0x79, 0xf7, 0x99, 0xf7, 0x99, 0xf7,
    0x99, 0xef, 0x79, 0xf7, 0x99, 0xf7, 0x99, 0xf7, 0x99, 0xef, 0x79, 0xf7,
    0x79, 0xf7, 0x98, 0xef, 0x79, 0xf7, 0x99, 0xf7, 0x98, 0xef, 0x78, 0xf7,
    0x99, 0xf7, 0x78, 0xef, 0x78, 0xf7, 0x79, 0xef, 0x78, 0xf7, 0x98, 0xf7,
    0x98, 0xef, 0x78, 0xf7, 0x78, 0xf7, 0x78, 0xf7, 0x98, 0xef, 0x79, 0xf7,
    0x79, 0xf7, 0x98, 0xf7, 0x98, 0xf7, 0x79, 0xef, 0x78, 0xf7, 0x78, 0xf7,
    0x78, 0xef, 0x98, 0xf7, 0x78, 0xef, 0x78, 0xef, 0x78, 0xf7, 0x79, 0xf7,
    0x79, 0xf7, 0x78, 0xef, 0x98, 0xef, 0x78, 0xf7, 0x78, 0xef, 0x78, 0xf7,
    0x78, 0xef, 0x78, 0xf7, 0x78, 0xef, 0x78, 0xf7, 0x78, 0xf7, 0x78, 0xef,
    0x78, 0xf7, 0x78, 0xef, 0x78, 0xef, 0x58, 0xef, 0x78, 0xf7, 0x78, 0xef,
    0x78, 0xf7, 0x78, 0xef, 0x78, 0xef, 0x78, 0xf7, 0x78, 0xef, 0x78, 0xef,
    0x78, 0xf7, 0x78, 0xf7, 0x78, 0xef, 0x78, 0xef, 0x78, 0xf7, 0x78, 0xef,
    0x78, 0xf7, 0x78, 0xf7, 0x78, 0xef, 0x78, 0xef, 0x78, 0xf7, 0x78, 0xf7,
    0x78, 0xef, 0x78, 0xf7, 0x99, 0xf7, 0x79, 0xf7, 0x78, 0xf7, 0x98, 0xef,
    0x78, 0xf7, 0x78, 0xf7, 0x78, 0xef, 0x98, 0xef, 0x98, 0xf7, 0x78, 0xf7,
    0x78, 0xef, 0x78, 0xf7, 0x79, 0xf7, 0x98, 0xef, 0x78, 0xf7, 0x79, 0xf7,
    0x78, 0xef, 0x78, 0xef, 0x99, 0xf7, 0x78, 0xf7, 0x78, 0xef, 0x78, 0xf7,
    0x99, 0xf7, 0x98, 0xef, 0x99, 0xf7, 0x99, 0xf7, 0x98, 0xf7, 0x99, 0xef,
    0x78, 0xf7, 0x98, 0xf7, 0x98, 0xef, 0x79, 0xf7, 0x99, 0xef, 0x98, 0xf7,
    0x99, 0xf7, 0x99, 0xf7, 0x79, 0xf7, 0x78, 0xf7, 0x99, 0xef, 0x99, 0xf7,
    0x98, 0xf7, 0x78, 0xf7, 0x99, 0xf7, 0x79, 0xf7, 0x99, 0xf7, 0x99, 0xf7,
    0x79, 0xef, 0x99, 0xf7, 0x99, 0xf7, 0x99, 0xef, 0x79, 0xf7, 0x9a, 0xf7,
    0x79, 0xef, 0x99, 0xf7, 0x99, 0xf7, 0x79, 0xef, 0x99, 0xf7, 0x99, 0xf7,
    0x7a, 0xef, 0x79, 0xf7, 0x99, 0xf7, 0x9a, 0xf7, 0x99, 0xf7, 0x99, 0xf7,
    0x99, 0xf7, 0x79, 0xf7, 0x9a, 0xf7, 0x99, 0xf7, 0x99, 0xf7, 0x99, 0xf7,
    0x79, 0xf7, 0x99, 0xf7, 0x99, 0xf7, 0x9a, 0xf7, 0x99, 0xf7, 0x9a, 0xf7,
    0x99, 0xf7, 0x9a, 0xf7, 0x99, 0xf7, 0x99, 0xf7, 0x9a, 0xf7, 0x99, 0xf7,
    0x99, 0xf7, 0x99, 0xf7, 0x99, 0xf7, 0x9a, 0xf7, 0xba, 0xf7, 0x9a, 0xf7,
    0xba, 0xf7, 0x79, 0xef, 0x58, 0xef, 0x78, 0xef, 0x9a, 0xf7, 0x99, 0xf7,
    0x99, 0xf7, 0x9a, 0xf7, 0x9a, 0xf7, 0x99, 0xf7, 0x9a, 0xf7, 0x99, 0xf7,
    0x99, 0xf7, 0x9a, 0xf7, 0x9a, 0xf7, 0x99, 0xf7, 0x9a, 0xf7, 0x9a, 0xf7,
    0x99, 0xf7, 0x9a, 0xf7, 0x99, 0xf7, 0x9a, 0xf7, 0x9a, 0xf7, 0x9a, 0xf7,
    0x9a, 0xf7, 0x9a, 0xf7, 0x9a, 0xf7, 0x99, 0xf7, 0x9a, 0xf7, 0x9a, 0xf7,
    0x99, 0xf7, 0x9a, 0xf7, 0x9a, 0xf7, 0x99, 0xf7, 0x9a, 0xf7, 0x99, 0xf7,
    0x99, 0xf7, 0x9a, 0xef, 0x99, 0xef, 0x9a, 0xf7, 0x99, 0xf7, 0x99, 0xf7,
    0x99, 0xf7, 0x99, 0xf7, 0x99, 0xf7, 0x99, 0xf7, 0x9a, 0xf7, 0x99, 0xf7,
    0x99, 0xf7, 0x99, 0xf7, 0x79, 0xef, 0x79, 0xf7, 0x99, 0xef, 0x99, 0xf7,
    0x79, 0xf7, 0x99, 0xef, 0x99, 0xf7, 0x99, 0xef, 0x79, 0xf7, 0x9a, 0xf7,
    0x99, 0xf7, 0x79, 0xf7, 0x99, 0xf7, 0x99, 0xef, 0x79, 0xf7, 0x79, 0xf7,
    0x99, 0xf7, 0x99, 0xf7, 0x99, 0xf7, 0x79, 0xef, 0x99, 0xef, 0x99, 0xf7,
    0x79, 0xef, 0x99, 0xef, 0x99, 0xf7, 0x98, 0xf7, 0x79, 0xf7, 0x99, 0xf7,
    0x98, 0xef, 0x79, 0xef, 0x78, 0xf7, 0x99, 0xf7, 0x78, 0xef, 0x99, 0xf7,
    0x99, 0xf7, 0x78, 0xf7, 0x79, 0xef, 0x99, 0xf7, 0x79, 0xef, 0x98, 0xf7,
    0x79, 0xf7, 0x99, 0xef, 0x78, 0xf7, 0x99, 0xf7, 0x79, 0xef, 0x78, 0xef,
    0x99, 0xf7, 0x99, 0xf7, 0x79, 0xef, 0x78, 0xef, 0x98, 0xf7, 0x79, 0xef,
    0x98, 0xef, 0x98, 0xf7, 0x79, 0xef, 0x79, 0xf7, 0x78, 0xf7, 0x79, 0xef,
    0x78, 0xef, 0x78, 0xf7, 0x79, 0xf7, 0x98, 0xef, 0x98, 0xf7, 0x78, 0xef,
    0x78, 0xef, 0x78, 0xf7, 0x79, 0xef, 0x78, 0xef, 0x78, 0xf7, 0x78, 0xef,
    0x79, 0xef, 0x78, 0xf7, 0x78, 0xef, 0x78, 0xef, 0x78, 0xef, 0x78, 0xf7,
    0x78, 0xef, 0x78, 0xf7, 0x78, 0xef, 0x78, 0xef, 0x78, 0xf7, 0x78, 0xef,
    0x78, 0xef, 0x78, 0xef, 0x78, 0xf7, 0x78, 0xf7, 0x78, 0xef, 0x78, 0xef,
    0x98, 0xf7, 0x78, 0xef, 0x78, 0xf7, 0x78, 0xf7, 0x98, 0xef, 0x79, 0xf7,
    0x78, 0xef, 0x78, 0xef, 0x78, 0xf7, 0x78, 0xf7, 0x78, 0xef, 0x78, 0xef,
    0x78, 0xf7, 0x78, 0xef, 0x98, 0xf7, 0x78, 0xef, 0x78, 0xf7, 0x79, 0xef,
    0x78, 0xef, 0x78, 0xf7, 0x79, 0xef, 0x78, 0xf7, 0x78, 0xf7, 0x78, 0xef,
    0x78, 0xef, 0x78, 0xf7, 0x79, 0xf7, 0x99, 0xef, 0x78, 0xf7, 0x78, 0xf7,
    0x79, 0xef, 0x78, 0xf7, 0x78, 0xf7, 0x79, 0xef, 0x78, 0xef, 0x78, 0xf7,
    0x79, 0xf7, 0x78, 0xef, 0x79, 0xf7, 0x78, 0xef, 0x79, 0xef, 0x99, 0xf7,
    0x79, 0xef, 0x79, 0xf7, 0x98, 0xf7, 0x99, 0xf7, 0x98, 0xf7, 0x79, 0xef,
    0x99, 0xf7, 0x98, 0xf7, 0x79, 0xf7, 0x99, 0xef, 0x79, 0xf7, 0x79, 0xef,
    0x79, 0xf7, 0x99, 0xf7, 0x99, 0xef, 0x99, 0xf7, 0x99, 0xf7, 0x99, 0xef,
    0x99, 0xf7, 0x79, 0xf7, 0x99, 0xf7, 0x99, 0xf7, 0x99, 0xf7, 0x99, 0xf7,
    0x99, 0xf7, 0x79, 0xf7, 0x9a, 0xf7, 0x99, 0xf7, 0x99, 0xf7, 0x99, 0xf7,
    0x99, 0xf7, 0x99, 0xef, 0x99, 0xf7, 0x99, 0xf7, 0x99, 0xf7, 0x99, 0xf7,
    0x79, 0xef, 0x99, 0xf7, 0x99, 0xf7, 0x79, 0xef, 0x99, 0xf7, 0x99, 0xf7,
    0x9a, 0xef, 0x99, 0xf7, 0x9a, 0xf7, 0x99, 0xef, 0x99, 0xf7, 0x99, 0xf7,
    0x9a, 0xf7, 0x9a, 0xf7, 0x99, 0xf7, 0x99, 0xf7, 0x9a, 0xf7, 0x99, 0xf7,
    0x9a, 0xf7, 0x9a, 0xef, 0x99, 0xf7, 0x99, 0xf7, 0x9a, 0xf7, 0x99, 0xf7,
    0xba, 0xf7, 0x58, 0xef, 0x79, 0xef, 0x58, 0xef, 0x99, 0xf7, 0x9a, 0xf7,
    0x99, 0xf7, 0x99, 0xf7, 0x9a, 0xf7, 0x9a, 0xf7, 0x99, 0xf7, 0x9a, 0xf7,
    0x99, 0xf7, 0x9a, 0xf7, 0x9a, 0xf7, 0x9a, 0xf7, 0x99, 0xf7, 0x99, 0xf7,
    0x9a, 0xf7, 0x99, 0xf7, 0x99, 0xf7, 0x99, 0xf7, 0x99, 0xf7, 0x99, 0xf7,
    0x9a, 0xf7, 0x99, 0xf7, 0x9a, 0xf7, 0x99, 0xf7, 0x99, 0xf7, 0x9a, 0xf7,
    0x99, 0xf7, 0x99, 0xf7, 0x9a, 0xf7, 0x99, 0xf7, 0x9a, 0xef, 0x99, 0xf7,
    0x9a, 0xf7, 0x79, 0xf7, 0x99, 0xf7, 0x79, 0xef, 0x9a, 0xf7, 0x99, 0xf7,
    0x99, 0xf7, 0x9a, 0xf7, 0x99, 0xef, 0x99, 0xf7, 0x99, 0xf7, 0x99, 0xef,
    0x99, 0xf7, 0x9a, 0xf7, 0x99, 0xf7, 0x99, 0xf7, 0x9a, 0xf7, 0x79, 0xf7,
    0x79, 0xf7, 0x99, 0xf7, 0x99, 0xf7, 0x99, 0xf7, 0x79, 0xf7, 0x99, 0xf7,
    0x99, 0xf7, 0x79, 0xef, 0x99, 0xf7, 0x79, 0xf7, 0x79, 0xef, 0x99, 0xf7,
    0x99, 0xef, 0x79, 0xf7, 0x99, 0xf7, 0x99, 0xf7, 0x99, 0xf7, 0x79, 0xf7,
    0x99, 0xf7, 0x99, 0xf7, 0x99, 0xef, 0x79, 0xef, 0x98, 0xf7, 0x79, 0xf7,
    0x79, 0xf7, 0x99, 0xf7, 0x99, 0xef, 0x99, 0xf7, 0x99, 0xf7, 0x78, 0xef,
    0x99, 0xf7, 0x99, 0xef, 0x78, 0xf7, 0x99, 0xf7, 0x78, 0xef, 0x79, 0xf7,
    0x98, 0xf7, 0x79, 0xef, 0x98, 0xf7, 0x98, 0xf7, 0x79, 0xef, 0x79, 0xf7,
    0x98, 0xf7, 0x79, 0xef, 0x98, 0xf7, 0x78, 0xef, 0x79, 0xf7, 0x98, 0xef,
    0x78, 0xf7, 0x78, 0xf7, 0x98, 0xef, 0x78, 0xf7, 0x78, 0xef, 0x98, 0xef,
    0x79, 0xf7, 0x78, 0xf7, 0x98, 0xf7, 0x79, 0xef, 0x78, 0xf7, 0x98, 0xef,
    0x98, 0xf7, 0x98, 0xf7, 0x78, 0xef, 0x78, 0xf7, 0x99, 0xf7, 0x78, 0xef,
    0x78, 0xef, 0x78, 0xf7, 0x78, 0xef, 0x78, 0xef, 0x78, 0xf7, 0x78, 0xef,
    0x78, 0xef, 0x78, 0xf7, 0x78, 0xef, 0x78, 0xf7, 0x78, 0xef, 0x58, 0xef,
    0x78, 0xef, 0x78, 0xef, 0x78, 0xf7, 0x98, 0xf7, 0x78, 0xef, 0x78, 0xef,
    0x78, 0xf7, 0x78, 0xef, 0x78, 0xef, 0x78, 0xf7, 0x78, 0xf7, 0x98, 0xef,
    0x78, 0xef, 0x78, 0xf7, 0x78, 0xef, 0x78, 0xef, 0x78, 0xf7, 0x78, 0xef,
    0x99, 0xef, 0x78, 0xf7, 0x78, 0xef, 0x98, 0xf7, 0x98, 0xf7, 0x79, 0xef,
    0x98, 0xf7, 0x78, 0xf7, 0x78, 0xef, 0x78, 0xf7, 0x79, 0xef, 0x98, 0xf7,
    0x78, 0xef, 0x98, 0xef, 0x79, 0xf7, 0x98, 0xef, 0x98, 0xf7, 0x99, 0xf7,
    0x78, 0xef, 0x99, 0xf7, 0x98, 0xf7, 0x79, 0xef, 0x78, 0xf7, 0x78, 0xef,
    0x79, 0xef, 0x98, 0xf7, 0x98, 0xf7, 0x79, 0xf7, 0x98, 0xf7, 0x98, 0xf7,
    0x79, 0xef, 0x79, 0xef, 0x79, 0xf7, 0x78, 0xef, 0x79, 0xf7, 0x79, 0xf7,
    0x78, 0xef, 0x98, 0xf7, 0x99, 0xf7, 0x99, 0xef, 0x98, 0xf7, 0x78, 0xf7,
    0x99, 0xef, 0x78, 0xf7, 0x79, 0xf7, 0x78, 0xef, 0x99, 0xf7, 0x99, 0xf7,
    0x99, 0xf7, 0x99, 0xf7, 0x79, 0xf7, 0x99, 0xef, 0x99, 0xf7, 0x99, 0xf7,
    0x99, 0xef, 0x99, 0xf7, 0x79, 0xf7, 0x99, 0xf7, 0x99, 0xf7, 0x99, 0xf7,
    0x99, 0xf7, 0x9a, 0xf7, 0x79, 0xf7, 0x99, 0xef, 0x99, 0xf7, 0x7a, 0xf7,
    0x9a, 0xf7, 0x99, 0xef, 0x99, 0xf7, 0x79, 0xf7, 0x99, 0xf7, 0x99, 0xf7,
    0x7a, 0xef, 0x99, 0xf7, 0x99, 0xf7, 0x99, 0xf7, 0x9a, 0xf7, 0x99, 0xf7,
    0x99, 0xf7, 0x9a, 0xf7, 0x99, 0xef, 0x9a, 0xf7, 0x99, 0xf7, 0x99, 0xef,
    0x9a, 0xf7, 0x99, 0xf7, 0x9a, 0xf7, 0x99, 0xf7, 0x9a, 0xef, 0x9a, 0xf7,
    0x99, 0xf7, 0x99, 0xf7, 0x58, 0xef, 0x99, 0xf7, 0x9a, 0xf7, 0x9a, 0xf7,
    0x99, 0xf7, 0x99, 0xf7, 0x99, 0xf7, 0x9a, 0xf7, 0x99, 0xef, 0x99, 0xf7,
    0x9a, 0xf7, 0x99, 0xf7, 0x99, 0xf7, 0x9a, 0xf7, 0x99, 0xf7, 0x9a, 0xf7,
    0x99, 0xf7, 0x99, 0xf7, 0x9a, 0xf7, 0x99, 0xf7, 0x99, 0xf7, 0x9a, 0xf7,
    0x99, 0xf7, 0x9a, 0xf7, 0x99, 0xf7, 0x99, 0xf7, 0x99, 0xf7, 0x9a, 0xef,
    0x99, 0xf7, 0x99, 0xf7, 0x99, 0xf7, 0x99, 0xf7, 0x99, 0xf7, 0x99, 0xef,
    0x9a, 0xf7, 0x99, 0xf7, 0x99, 0xf7, 0x79, 0xf7, 0x9a, 0xf7, 0x79, 0xf7,
    0x99, 0xf7, 0x99, 0xef, 0x9a, 0xf7, 0x79, 0xf7, 0x99, 0xf7, 0x99, 0xf7,
    0x79, 0xf7, 0x99, 0xf7, 0x99, 0xf7, 0x99, 0xf7, 0x99, 0xef, 0x99, 0xf7,
    0x99, 0xef, 0x99, 0xf7, 0x79, 0xf7, 0x99, 0xef, 0x99, 0xf7, 0x99, 0xef,
    0x99, 0xf7, 0x79, 0xf7, 0x79, 0xf7, 0x99, 0xf7, 0x99, 0xf7, 0x79, 0xf7,
    0x99, 0xf7, 0x99, 0xef, 0x99, 0xf7, 0x99, 0xf7, 0x79, 0xf7, 0x99, 0xef,
    0x78, 0xf7, 0x79, 0xf7, 0x99, 0xf7, 0x99, 0xef, 0x79, 0xf7, 0x98, 0xef,
    0x99, 0xf7, 0x78, 0xf7, 0x99, 0xf7, 0x79, 0xef, 0x78, 0xf7, 0x79, 0xf7,
    0x98, 0xef, 0x79, 0xf7, 0x99, 0xf7, 0x98, 0xef, 0x78, 0xf7, 0x99, 0xf7,
    0x98, 0xef, 0x79, 0xf7, 0x99, 0xf7, 0x98, 0xef, 0x78, 0xf7, 0x99, 0xf7,
    0x98, 0xef, 0x78, 0xf7, 0x99, 0xf7, 0x78, 0xef, 0x99, 0xf7, 0x78, 0xf7,
    0x78, 0xef, 0x99, 0xf7, 0x79, 0xf7, 0x78, 0xf7, 0x78, 0xef, 0x98, 0xf7,
    0x78, 0xef, 0x78, 0xef, 0x78, 0xf7, 0x78, 0xef, 0x78, 0xef, 0x79, 0xf7,
    0x78, 0xef, 0x78, 0xf7, 0x78, 0xef, 0x78, 0xef, 0x78, 0xf7, 0x78, 0xef,
    0x78, 0xef, 0x78, 0xf7, 0x78, 0xef, 0x78, 0xf7, 0x78, 0xef, 0x78, 0xef,
    0x78, 0xf7, 0x78, 0xef, 0x78, 0xef, 0x78, 0xef, 0x77, 0xef, 0x78, 0xf7,
    0x78, 0xef, 0x78, 0xf7, 0x78, 0xef, 0x78, 0xef, 0x78, 0xef, 0x78, 0xf7,
    0x78, 0xf7, 0x78, 0xef, 0x78, 0xef, 0x78, 0xf7, 0x78, 0xef, 0x78, 0xf7,
    0x78, 0xf7, 0x98, 0xef, 0x78, 0xf7, 0x78, 0xef, 0x98, 0xf7, 0x78, 0xf7,
    0x78, 0xef, 0x79, 0xf7, 0x98, 0xf7, 0x98, 0xef, 0x79, 0xf7, 0x78, 0xf7,
    0x78, 0xef, 0x78, 0xef, 0x99, 0xf7, 0x78, 0xef, 0x78, 0xf7, 0x78, 0xf7,
    0x99, 0xef, 0x98, 0xf7, 0x78, 0xef, 0x78, 0xef, 0x98, 0xf7, 0x79, 0xf7,
    0x98, 0xef, 0x78, 0xf7, 0x99, 0xf7, 0x98, 0xf7, 0x98, 0xef, 0x79, 0xf7,
    0x78, 0xef, 0x98, 0xf7, 0x99, 0xef, 0x79, 0xef, 0x79, 0xf7, 0x98, 0xf7,
    0x98, 0xf7, 0x78, 0xef, 0x98, 0xf7, 0x99, 0xef, 0x99, 0xf7, 0x98, 0xf7,
    0x99, 0xef, 0x79, 0xf7, 0x78, 0xf7, 0x79, 0xef, 0x98, 0xf7, 0x99, 0xf7,
    0x79, 0xf7, 0x98, 0xef, 0x79, 0xf7, 0x99, 0xf7, 0x79, 0xef, 0x99, 0xf7,
    0x99, 0xf7, 0x99, 0xef, 0x99, 0xf7, 0x79, 0xf7, 0x79, 0xef, 0x79, 0xf7,
    0x79, 0xf7, 0x79, 0xef, 0x99, 0xf7, 0x99, 0xf7, 0x79, 0xef, 0x99, 0xf7,
    0x99, 0xf7, 0x79, 0xf7, 0x99, 0xf7, 0x99, 0xf7, 0x99, 0xf7, 0x99, 0xf7,
    0x99, 0xf7, 0x79, 0xf7, 0x79, 0xf7, 0x7a, 0xf7, 0x99, 0xf7, 0x99, 0xf7,
    0x79, 0xf7, 0x99, 0xf7, 0x99, 0xf7, 0x9a, 0xf7, 0x9a, 0xf7, 0x99, 0xf7,
    0x99, 0xf7, 0x99, 0xef, 0x99, 0xf7, 0x99, 0xf7, 0x9a, 0xf7, 0x99, 0xf7,
    0x99, 0xf7, 0x99, 0xf7, 0x99, 0xf7, 0x9a, 0xf7, 0x99, 0xf7, 0x9a, 0xf7,
    0x99, 0xf7, 0x9a, 0xf7, 0x9a, 0xf7, 0x99, 0xf7, 0x99, 0xf7, 0x99, 0xf7,
    0x9a, 0xf7, 0x9a, 0xf7, 0x99, 0xf7, 0x99, 0xf7, 0x9a, 0xf7, 0x99, 0xf7,
    0x99, 0xf7, 0x99, 0xf7, 0x9a, 0xef, 0x99, 0xf7, 0x99, 0xf7, 0x9a, 0xf7,
    0x99, 0xf7, 0x9a, 0xf7, 0x99, 0xf7, 0x9a, 0xf7, 0x9a, 0xf7, 0x99, 0xf7,
    0x99, 0xf7, 0x9a, 0xf7, 0x9a, 0xf7, 0x99, 0xf7, 0x9a, 0xf7, 0x99, 0xf7,
    0x9a, 0xf7, 0x99, 0xf7, 0x99, 0xef, 0x9a, 0xf7, 0x9a, 0xf7, 0x99, 0xf7,
    0x79, 0xf7, 0x9a, 0xf7, 0x99, 0xf7, 0x99, 0xf7, 0x79, 0xf7, 0x9a, 0xf7,
    0x79, 0xf7, 0x79, 0xf7, 0x99, 0xf7, 0x99, 0xf7, 0x99, 0xf7, 0x7a, 0xef,
    0x99, 0xf7, 0x99, 0xf7, 0x79, 0xf7, 0x79, 0xf7, 0x99, 0xf7, 0x99, 0xf7,
    0x99, 0xf7, 0x99, 0xef, 0x79, 0xf7, 0x79, 0xf7, 0x99, 0xf7, 0x99, 0xef,
    0x79, 0xf7, 0x79, 0xf7, 0x99, 0xef, 0x99, 0xf7, 0x79, 0xf7, 0x79, 0xef,
    0x79, 0xf7, 0x79, 0xef, 0x99, 0xf7, 0x99, 0xf7, 0x79, 0xef, 0x79, 0xf7,
    0x99, 0xf7, 0x79, 0xf7, 0x79, 0xf7, 0x98, 0xf7, 0x79, 0xef, 0x99, 0xf7,
    0x78, 0xef, 0x78, 0xef, 0x99, 0xf7, 0x99, 0xef, 0x79, 0xf7, 0x98, 0xf7,
    0x79, 0xef, 0x78, 0xf7, 0x99, 0xf7, 0x78, 0xef, 0x99, 0xf7, 0x79, 0xf7,
    0x98, 0xf7, 0x78, 0xef, 0x79, 0xf7, 0x99, 0xef, 0x78, 0xf7, 0x99, 0xf7,
    0x78, 0xef, 0x78, 0xf7, 0x99, 0xf7, 0x78, 0xef, 0x78, 0xef, 0x78, 0xf7,
    0x79, 0xf7, 0x78, 0xef, 0x78, 0xef, 0x78, 0xf7, 0x78, 0xef, 0x78, 0xf7,
    0x98, 0xf7, 0x78, 0xf7, 0x78, 0xef, 0x98, 0xf7, 0x79, 0xf7, 0x98, 0xf7,
    0x98, 0xf7, 0x78, 0xef, 0x78, 0xef, 0x78, 0xef, 0x78, 0xf7, 0x78, 0xef,
    0x78, 0xf7, 0x78, 0xef, 0x78, 0xef, 0x78, 0xf7, 0x78, 0xef, 0x78, 0xef,
    0x78, 0xf7, 0x78, 0xef, 0x78, 0xf7, 0x78, 0xf7, 0x78, 0xef, 0x78, 0xef,
    0x78, 0xef, 0x78, 0xf7, 0x78, 0xef, 0x78, 0xf7, 0x78, 0xf7, 0x78, 0xef,
    0x78, 0xf7, 0x78, 0xf7, 0x78, 0xef, 0x78, 0xef, 0x98, 0xf7, 0x78, 0xef,
    0x78, 0xef, 0x79, 0xf7, 0x78, 0xef, 0x78, 0xf7, 0x79, 0xef, 0x78, 0xf7,
    0x78, 0xef, 0x78, 0xef, 0x78, 0xf7, 0x78, 0xef, 0x78, 0xef, 0x78, 0xf7,
    0x78, 0xef, 0x99, 0xf7, 0x78, 0xf7, 0x79, 0xef, 0x98, 0xf7, 0x78, 0xef,
    0x78, 0xf7, 0x79, 0xf7, 0x98, 0xef, 0x78, 0xf7, 0x79, 0xf7, 0x78, 0xef,
    0x79, 0xf7, 0x98, 0xef, 0x79, 0xf7, 0x78, 0xef, 0x79, 0xef, 0x78, 0xf7,
    0x98, 0xf7, 0x99, 0xef, 0x78, 0xf7, 0x79, 0xf7, 0x99, 0xef, 0x79, 0xef,
    0x79, 0xf7, 0x99, 0xf7, 0x78, 0xf7, 0x78, 0xef, 0x99, 0xf7, 0x78, 0xf7,
    0x99, 0xf7, 0x98, 0xf7, 0x79, 0xef, 0x79, 0xf7, 0x99, 0xf7, 0x78, 0xf7,
    0x79, 0xf7, 0x99, 0xef, 0x98, 0xf7, 0x79, 0xf7, 0x79, 0xef, 0x78, 0xf7,
    0x99, 0xef, 0x99, 0xef, 0x79, 0xf7, 0x79, 0xf7, 0x99, 0xf7, 0x99, 0xf7,
    0x79, 0xf7, 0x99, 0xef, 0x99, 0xf7, 0x79, 0xf7, 0x99, 0xef, 0x99, 0xf7,
    0x79, 0xf7, 0x79, 0xef, 0x79, 0xf7, 0x99, 0xf7, 0x99, 0xf7, 0x7a, 0xf7,
    0x99, 0xef, 0x99, 0xf7, 0x79, 0xf7, 0x99, 0xef, 0x99, 0xef, 0x79, 0xf7,
    0x79, 0xf7, 0x9a, 0xf7, 0x99, 0xf7, 0x79, 0xef, 0x99, 0xf7, 0x99, 0xf7,
    0x9a, 0xf7, 0x99, 0xf7, 0x99, 0xf7, 0x99, 0xf7, 0x9a, 0xf7, 0x9a, 0xf7,
    0x99, 0xf7, 0x9a, 0xf7, 0x99, 0xef, 0x99, 0xf7, 0x99, 0xf7, 0x99, 0xf7,
    0x9a, 0xf7, 0xb9, 0xf7, 0x9a, 0xf7, 0x9a, 0xf7, 0x99, 0xf7, 0x99, 0xf7,
    0x99, 0xf7, 0x9a, 0xf7, 0x99, 0xf7, 0x99, 0xef, 0x99, 0xf7, 0x9a, 0xf7,
    0x99, 0xf7, 0x99, 0xf7, 0x9a, 0xf7, 0x99, 0xf7, 0x99, 0xf7, 0x9a, 0xf7,
    0x79, 0xf7, 0x99, 0xf7, 0x99, 0xf7, 0x99, 0xef, 0x99, 0xf7, 0x99, 0xf7,
    0x9a, 0xf7, 0x9a, 0xf7, 0x99, 0xef, 0x99, 0xf7, 0x9a, 0xf7, 0x99, 0xf7,
    0x99, 0xf7, 0x99, 0xf7, 0x99, 0xf7, 0x99, 0xf7, 0x9a, 0xf7, 0x99, 0xf7,
    0x99, 0xf7, 0x79, 0xf7, 0x99, 0xf7, 0x99, 0xf7, 0x99, 0xef, 0x79, 0xef,
    0x99, 0xf7, 0x99, 0xf7, 0x99, 0xf7, 0x79, 0xef, 0x99, 0xf7, 0x99, 0xf7,
    0x99, 0xef, 0x99, 0xf7, 0x9a, 0xf7, 0x99, 0xf7, 0x99, 0xf7, 0x79, 0xef,
    0x79, 0xf7, 0x99, 0xf7, 0x99, 0xf7, 0x79, 0xf7, 0x99, 0xf7, 0x79, 0xf7,
    0x79, 0xf7, 0x99, 0xef, 0x99, 0xf7, 0x79, 0xf7, 0x99, 0xef, 0x99, 0xf7,
    0x99, 0xf7, 0x79, 0xf7, 0x99, 0xf7, 0x78, 0xef, 0x99, 0xf7, 0x99, 0xf7,
    0x98, 0xef, 0x98, 0xef, 0x79, 0xf7, 0x99, 0xef, 0x98, 0xf7, 0x79, 0xf7,
    0x79, 0xef, 0x79, 0xef, 0x98, 0xf7, 0x79, 0xf7, 0x99, 0xef, 0x99, 0xf7,
    0x78, 0xef, 0x78, 0xef, 0x99, 0xf7, 0x79, 0xf7, 0x79, 0xef, 0x99, 0xef,
    0x79, 0xf7, 0x98, 0xf7, 0x78, 0xef, 0x99, 0xf7, 0x78, 0xef, 0x79, 0xf7,
    0x98, 0xf7, 0x78, 0xef, 0x79, 0xf7, 0x98, 0xf7, 0x78, 0xef, 0x79, 0xef,
    0x98, 0xf7, 0x78, 0xf7, 0x98, 0xef, 0x98, 0xef, 0x79, 0xef, 0x78, 0xf7,
    0x78, 0xef, 0x79, 0xef, 0x78, 0xf7, 0x78, 0xef, 0x78, 0xef, 0x78, 0xef,
    0x98, 0xf7, 0x78, 0xf7, 0x79, 0xef, 0x78, 0xf7, 0x78, 0xef, 0x78, 0xef,
    0x78, 0xf7, 0x78, 0xef, 0x78, 0xef, 0x78, 0xf7, 0x78, 0xef, 0x78, 0xf7,
    0x78, 0xef, 0x78, 0xef, 0x78, 0xef, 0x78, 0xef, 0x78, 0xef, 0x78, 0xef,
    0x78, 0xf7, 0x78, 0xef, 0x78, 0xef, 0x78, 0xf7, 0x78, 0xef, 0x78, 0xef,
    0x78, 0xf7, 0x78, 0xef, 0x78, 0xef, 0x78, 0xf7, 0x79, 0xf7, 0x98, 0xef,
    0x78, 0xf7, 0x78, 0xf7, 0x78, 0xef, 0x78, 0xef, 0x78, 0xf7, 0x78, 0xef,
    0x98, 0xf7, 0x78, 0xef, 0x78, 0xf7, 0x78, 0xf7, 0x98, 0xef, 0x78, 0xef,
    0x78, 0xf7, 0x78, 0xef, 0x78, 0xef, 0x79, 0xf7, 0x78, 0xf7, 0x78, 0xef,
    0x78, 0xef, 0x78, 0xf7, 0x78, 0xef, 0x99, 0xf7, 0x78, 0xef, 0x98, 0xef,
    0x78, 0xf7, 0x79, 0xf7, 0x78, 0xef, 0x78, 0xf7, 0x79, 0xef, 0x78, 0xf7,
    0x99, 0xf7, 0x79, 0xef, 0x98, 0xf7, 0x98, 0xf7, 0x79, 0xef, 0x98, 0xf7,
    0x78, 0xef, 0x99, 0xf7, 0x79, 0xef, 0x98, 0xf7, 0x79, 0xef, 0x79, 0xef,
    0x98, 0xf7, 0x99, 0xf7, 0x98, 0xef, 0x98, 0xf7, 0x79, 0xf7, 0x98, 0xef,
    0x79, 0xef, 0x99, 0xf7, 0x78, 0xf7, 0x99, 0xf7, 0x98, 0xef, 0x79, 0xf7,
    0x99, 0xf7, 0x98, 0xf7, 0x79, 0xef, 0x99, 0xef, 0x98, 0xf7, 0x79, 0xf7,
    0x99, 0xef, 0x99, 0xf7, 0x99, 0xf7, 0x79, 0xf7, 0x79, 0xf7, 0x79, 0xf7,
    0x99, 0xf7, 0x99, 0xf7, 0x79, 0xef, 0x99, 0xf7, 0x99, 0xf7, 0x99, 0xf7,
    0x99, 0xf7, 0x99, 0xf7, 0x99, 0xf7, 0x99, 0xf7, 0x99, 0xf7, 0x79, 0xf7,
    0x99, 0xef, 0x99, 0xf7, 0x79, 0xf7, 0x99, 0xf7, 0x99, 0xf7, 0x99, 0xf7,
    0x99, 0xf7, 0x79, 0xf7, 0x9a, 0xef, 0x99, 0xf7, 0x99, 0xf7, 0x99, 0xef,
    0x99, 0xf7, 0x99, 0xf7, 0x9a, 0xf7, 0x99, 0xf7, 0x99, 0xf7, 0x99, 0xf7,
    0x9a, 0xf7, 0x99, 0xf7, 0x99, 0xf7, 0x99, 0xf7, 0x9a, 0xf7, 0x99, 0xf7,
    0x99, 0xf7, 0x99, 0xf7, 0x9a, 0xf7, 0x99, 0xef, 0x99, 0xf7, 0x99, 0xf7,
    0x9a, 0xef, 0x79, 0xf7, 0x99, 0xf7, 0x79, 0xf7, 0x99, 0xf7, 0x99, 0xef,
    0x9a, 0xf7, 0x99, 0xf7, 0x79, 0xf7, 0x99, 0xf7, 0x99, 0xf7, 0x99, 0xef,
    0x99, 0xf7, 0x99, 0xf7, 0x99, 0xf7, 0x99, 0xf7, 0x99, 0xf7, 0x99, 0xf7,
    0x99, 0xf7, 0x9a, 0xf7, 0x99, 0xf7, 0x99, 0xf7, 0x99, 0xf7, 0x99, 0xef,
    0x99, 0xf7, 0x99, 0xf7, 0x79, 0xf7, 0x99, 0xef, 0x99, 0xf7, 0x79, 0xf7,
    0x79, 0xf7, 0x99, 0xf7, 0x79, 0xf7, 0x79, 0xf7, 0x79, 0xf7, 0x99, 0xf7,
    0x99, 0xf7, 0x79, 0xf7, 0x99, 0xf7, 0x99, 0xef, 0x79, 0xf7, 0x79, 0xf7,
    0x99, 0xf7, 0x99, 0xf7, 0x99, 0xf7, 0x79, 0xef, 0x99, 0xf7, 0x99, 0xf7,
    0x79, 0xef, 0x99, 0xf7, 0x99, 0xf7, 0x79, 0xf7, 0x79, 0xf7, 0x99, 0xef,
    0x79, 0xf7, 0x99, 0xf7, 0x99, 0xef, 0x99, 0xf7, 0x79, 0xf7, 0x79, 0xef,
    0x98, 0xf7, 0x79, 0xf7, 0x79, 0xef, 0x78, 0xf7, 0x99, 0xf7, 0x98, 0xf7,
    0x79, 0xef, 0x79, 0xf7, 0x78, 0xef, 0x99, 0xf7, 0x78, 0xf7, 0x79, 0xef,
    0x99, 0xf7, 0x79, 0xef, 0x98, 0xf7, 0x98, 0xf7, 0x79, 0xef, 0x98, 0xf7,
    0x98, 0xf7, 0x79, 0xef, 0x99, 0xf7, 0x98, 0xf7, 0x78, 0xef, 0x98, 0xf7,
    0x79, 0xef, 0x78, 0xef, 0x98, 0xf7, 0x98, 0xf7, 0x79, 0xf7, 0x78, 0xef,
    0x79, 0xef, 0x78, 0xf7, 0x78, 0xf7, 0x78, 0xf7, 0x78, 0xef, 0x98, 0xf7,
    0x78, 0xef, 0x78, 0xf7, 0x78, 0xf7, 0x98, 0xef, 0x78, 0xef, 0x79, 0xf7,
    0x78, 0xef, 0x78, 0xef, 0x98, 0xf7, 0x78, 0xef, 0x78, 0xef, 0x78, 0xf7,
    0x78, 0xef, 0x78, 0xf7, 0x78, 0xef, 0x78, 0xef, 0x78, 0xf7, 0x78, 0xef,
    0x78, 0xf7, 0x78, 0xef, 0x78, 0xf7, 0x78, 0xef, 0x77, 0xef, 0x78, 0xf7,
    0x78, 0xef, 0x78, 0xf7, 0x78, 0xf7, 0x78, 0xef, 0x78, 0xef, 0x78, 0xf7,
    0x78, 0xf7, 0x78, 0xef, 0x98, 0xf7, 0x78, 0xf7, 0x78, 0xef, 0x78, 0xef,
    0x98, 0xf7, 0x79, 0xef, 0x78, 0xf7, 0x78, 0xf7, 0x78, 0xef, 0x78, 0xf7,
    0x78, 0xef, 0x78, 0xf7, 0x78, 0xef, 0x78, 0xf7, 0x78, 0xf7, 0x78, 0xef,
    0x78, 0xf7, 0x78, 0xf7, 0x98, 0xef, 0x78, 0xf7, 0x78, 0xef, 0x98, 0xf7,
    0x78, 0xf7, 0x78, 0xef, 0x79, 0xf7, 0x78, 0xef, 0x99, 0xf7, 0x98, 0xf7,
    0x78, 0xf7, 0x78, 0xef, 0x99, 0xf7, 0x98, 0xf7, 0x78, 0xf7, 0x99, 0xef,
    0x98, 0xf7, 0x79, 0xf7, 0x78, 0xef, 0x99, 0xf7, 0x79, 0xf7, 0x78, 0xf7,
    0x99, 0xef, 0x78, 0xf7, 0x99, 0xf7, 0x99, 0xf7, 0x98, 0xf7, 0x79, 0xf7,
    0x79, 0xf7, 0x99, 0xef, 0x99, 0xf7, 0x78, 0xef, 0x99, 0xf7, 0x79, 0xef,
    0x98, 0xf7, 0x79, 0xf7, 0x79, 0xef, 0x98, 0xef, 0x99, 0xf7, 0x79, 0xf7,
    0x99, 0xf7, 0x79, 0xf7, 0x78, 0xf7, 0x99, 0xf7, 0x79, 0xf7, 0x79, 0xef,
    0x99, 0xf7, 0x99, 0xf7, 0x99, 0xf7, 0x79, 0xef, 0x99, 0xf7, 0x99, 0xf7,
    0x79, 0xef, 0x99, 0xf7, 0x79, 0xf7, 0x79, 0xef, 0x99, 0xf7, 0x99, 0xef,
    0x79, 0xf7, 0x99, 0xef, 0x99, 0xf7, 0x99, 0xf7, 0x79, 0xf7, 0x79, 0xef,
    0x99, 0xf7, 0x99, 0xf7, 0x99, 0xf7, 0x9a, 0xf7, 0x79, 0xf7, 0x99, 0xef,
    0x99, 0xf7, 0x99, 0xf7, 0x99, 0xf7, 0x99, 0xf7, 0x99, 0xf7, 0x99, 0xf7,
    0x99, 0xf7, 0x99, 0xf7, 0x9a, 0xf7, 0x99, 0xf7, 0x99, 0xf7, 0x9a, 0xef,
    0x99, 0xf7, 0x99, 0xf7, 0x99, 0xf7, 0x99, 0xf7, 0x99, 0xf7, 0x9a, 0xef,
    0x9a, 0xf7, 0x99, 0xf7, 0x99, 0xf7, 0x9a, 0xf7, 0x79, 0xf7, 0x99, 0xf7,
    0x99, 0xf7, 0x99, 0xef, 0x99, 0xf7, 0x99, 0xef, 0x79, 0xf7, 0x99, 0xf7,
    0x9a, 0xf7, 0x99, 0xf7, 0x99, 0xef, 0x7a, 0xf7, 0x99, 0xf7, 0x99, 0xf7,
    0x9a, 0xf7, 0x99, 0xf7, 0x99, 0xf7, 0x9a, 0xf7, 0x99, 0xf7, 0x99, 0xef,
    0x99, 0xf7, 0x99, 0xf7, 0x99, 0xef, 0x7a, 0xf7, 0x99, 0xf7, 0x79, 0xf7,
    0x79, 0xef, 0x9a, 0xf7, 0x9a, 0xf7, 0x99, 0xf7, 0x99, 0xf7, 0x7a, 0xf7,
    0x99, 0xf7, 0x99, 0xef, 0x99, 0xf7, 0x99, 0xf7, 0x99, 0xf7, 0x79, 0xef,
    0x99, 0xf7, 0x99, 0xf7, 0x99, 0xf7, 0x99, 0xef, 0x99, 0xf7, 0x99, 0xf7,
    0x99, 0xf7, 0x99, 0xf7, 0x99, 0xf7, 0x79, 0xef, 0x79, 0xf7, 0x99, 0xf7,
    0x99, 0xf7, 0x79, 0xf7, 0x99, 0xef, 0x99, 0xf7, 0x99, 0xf7, 0x79, 0xef,
    0x99, 0xf7, 0x99, 0xf7, 0x99, 0xf7, 0x99, 0xf7, 0x78, 0xf7, 0x79, 0xef,
    0x99, 0xf7, 0x78, 0xf7, 0x79, 0xef, 0x99, 0xf7, 0x78, 0xef, 0x79, 0xef,
    0x98, 0xf7, 0x99, 0xf7, 0x79, 0xef, 0x98, 0xf7, 0x79, 0xf7, 0x98, 0xef,
    0x99, 0xf7, 0x79, 0xf7, 0x79, 0xef, 0x98, 0xf7, 0x78, 0xf7, 0x79, 0xef,
    0x98, 0xf7, 0x79, 0xef, 0x78, 0xf7, 0x98, 0xef, 0x79, 0xf7, 0x98, 0xef,
    0x99, 0xf7, 0x78, 0xf7, 0x78, 0xef, 0x99, 0xf7, 0x98, 0xf7, 0x98, 0xef,
    0x78, 0xf7, 0x79, 0xef, 0x78, 0xef, 0x78, 0xf7, 0x79, 0xf7, 0x98, 0xef,
    0x78, 0xf7, 0x78, 0xef, 0x98, 0xf7, 0x78, 0xf7, 0x78, 0xf7, 0x78, 0xf7,
    0x78, 0xef, 0x98, 0xf7, 0x78, 0xf7, 0x78, 0xef, 0x78, 0xf7, 0x78, 0xef,
    0x78, 0xef, 0x79, 0xf7, 0x78, 0xf7, 0x78, 0xef, 0x78, 0xf7, 0x78, 0xef,
    0x78, 0xef, 0x78, 0xf7, 0x78, 0xf7, 0x78, 0xef, 0x58, 0xef, 0x78, 0xf7,
    0x78, 0xef, 0x78, 0xf7, 0x78, 0xef, 0x78, 0xef, 0x99, 0xf7, 0x78, 0xef,
    0x78, 0xef, 0x78, 0xf7, 0x78, 0xef, 0x78, 0xef, 0x78, 0xf7, 0x98, 0xf7,
    0x78, 0xef, 0x78, 0xef, 0x78, 0xef, 0x78, 0xf7, 0x78, 0xef, 0x78, 0xef,
    0x78, 0xf7, 0x78, 0xef, 0x78, 0xef, 0x78, 0xef, 0x78, 0xf7, 0x78, 0xef,
    0x78, 0xef, 0x78, 0xf7, 0x98, 0xf7, 0x78, 0xef, 0x78, 0xef, 0x98, 0xf7,
    0x99, 0xf7, 0x78, 0xef, 0x78, 0xf7, 0x78, 0xf7, 0x78, 0xef, 0x79, 0xf7,
    0x78, 0xef, 0x78, 0xef, 0x79, 0xf7, 0x98, 0xef, 0x98, 0xf7, 0x79, 0xef,
    0x98, 0xf7, 0x98, 0xf7, 0x79, 0xef, 0x98, 0xef, 0x98, 0xf7, 0x79, 0xf7,
    0x99, 0xef, 0x78, 0xf7, 0x79, 0xef, 0x99, 0xef, 0x99, 0xf7, 0x98, 0xf7,
    0x99, 0xf7, 0x98, 0xef, 0x79, 0xf7, 0x79, 0xf7, 0x98, 0xef, 0x99, 0xf7,
    0x79, 0xf7, 0x98, 0xef, 0x79, 0xf7, 0x79, 0xf7, 0x99, 0xef, 0x78, 0xf7,
    0x79, 0xef, 0x99, 0xf7, 0x98, 0xf7, 0x99, 0xf7, 0x99, 0xf7, 0x98, 0xf7,
    0x79, 0xef, 0x79, 0xf7, 0x78, 0xf7, 0x99, 0xf7, 0x99, 0xef, 0x79, 0xf7,
    0x79, 0xf7, 0x99, 0xf7, 0x99, 0xf7, 0x79, 0xf7, 0x99, 0xf7, 0x99, 0xf7,
    0x79, 0xef, 0x79, 0xf7, 0x79, 0xf7, 0x79, 0xef, 0x99, 0xf7, 0x79, 0xf7,
    0x99, 0xf7, 0x99, 0xf7, 0x79, 0xef, 0x99, 0xf7, 0x9a, 0xf7, 0x79, 0xf7,
    0x99, 0xf7, 0x99, 0xf7, 0x79, 0xf7, 0x79, 0xef, 0x9a, 0xf7, 0x7a, 0xf7,
    0x99, 0xf7, 0x79, 0xef, 0x79, 0xef, 0x9a, 0xf7, 0x99, 0xf7, 0x99, 0xf7,
    0x99, 0xf7, 0x9a, 0xf7, 0x99, 0xef, 0x99, 0xf7, 0x99, 0xf7, 0x99, 0xf7,
    0x99, 0xef, 0x99, 0xf7, 0x99, 0xf7, 0x99, 0xf7, 0x79, 0xf7, 0x99, 0xf7,
    0x99, 0xf7, 0x79, 0xf7, 0x9a, 0xf7, 0x99, 0xf7, 0x99, 0xf7, 0x79, 0xef,
    0x79, 0xf7, 0x99, 0xf7, 0x99, 0xf7, 0x99, 0xf7, 0x99, 0xef, 0x79, 0xf7,
    0x99, 0xf7, 0x99, 0xef, 0x99, 0xf7, 0x99, 0xf7, 0x9a, 0xf7, 0x99, 0xf7,
    0x99, 0xf7, 0x99, 0xf7, 0x9a, 0xf7, 0x99, 0xf7, 0x99, 0xf7, 0x99, 0xf7,
    0x79, 0xf7, 0x99, 0xf7, 0x99, 0xf7, 0x99, 0xf7, 0x99, 0xf7, 0x79, 0xef,
    0x99, 0xf7, 0x79, 0xf7, 0x79, 0xef, 0x99, 0xf7, 0x99, 0xf7, 0x79, 0xf7,
    0x79, 0xef, 0x99, 0xf7, 0x79, 0xf7, 0x99, 0xf7, 0x99, 0xef, 0x79, 0xf7,
    0x79, 0xef, 0x99, 0xf7, 0x99, 0xf7, 0x99, 0xf7, 0x79, 0xf7, 0x99, 0xf7,
    0x79, 0xef, 0x79, 0xf7, 0x99, 0xf7, 0x99, 0xef, 0x79, 0xf7, 0x99, 0xf7,
    0x98, 0xf7, 0x99, 0xef, 0x79, 0xf7, 0x99, 0xf7, 0x99, 0xef, 0x99, 0xf7,
    0x98, 0xf7, 0x79, 0xef, 0x78, 0xf7, 0x99, 0xf7, 0x99, 0xf7, 0x79, 0xef,
    0x79, 0xf7, 0x98, 0xf7, 0x79, 0xef, 0x79, 0xf7, 0x98, 0xf7, 0x79, 0xef,
    0x98, 0xf7, 0x78, 0xf7, 0x79, 0xef, 0x99, 0xf7, 0x98, 0xef, 0x79, 0xf7,
    0x99, 0xf7, 0x78, 0xef, 0x78, 0xf7, 0x78, 0xef, 0x99, 0xef, 0x78, 0xf7,
    0x78, 0xf7, 0x98, 0xef, 0x78, 0xf7, 0x78, 0xef, 0x78, 0xf7, 0x98, 0xf7,
    0x78, 0xf7, 0x98, 0xef, 0x98, 0xef, 0x78, 0xf7, 0x78, 0xf7, 0x79, 0xf7,
    0x78, 0xef, 0x98, 0xef, 0x78, 0xef, 0x79, 0xef, 0x78, 0xef, 0x98, 0xf7,
    0x78, 0xef, 0x78, 0xf7, 0x78, 0xef, 0x78, 0xef, 0x78, 0xf7, 0x78, 0xef,
    0x78, 0xef, 0x78, 0xef, 0x78, 0xef, 0x78, 0xf7, 0x78, 0xef, 0x78, 0xef,
    0x78, 0xef, 0x78, 0xef, 0x78, 0xef, 0x78, 0xf7, 0x78, 0xef, 0x78, 0xef,
    0x78, 0xf7, 0x78, 0xef, 0x78, 0xef, 0x78, 0xf7, 0x78, 0xef, 0x78, 0xef,
    0x78, 0xf7, 0x78, 0xf7, 0x79, 0xef, 0x98, 0xf7, 0x78, 0xf7, 0x79, 0xef,
    0x78, 0xf7, 0x78, 0xf7, 0x78, 0xef, 0x78, 0xf7, 0x79, 0xef, 0x78, 0xf7,
    0x78, 0xf7, 0x78, 0xef, 0x78, 0xf7, 0x79, 0xf7, 0x78, 0xef, 0x78, 0xf7,
    0x78, 0xef, 0x78, 0xef, 0x78, 0xf7, 0x78, 0xf7, 0x78, 0xef, 0x78, 0xef,
    0x79, 0xef, 0x98, 0xf7, 0x78, 0xef, 0x99, 0xf7, 0x78, 0xf7, 0x78, 0xef,
    0x98, 0xef, 0x78, 0xf7, 0x99, 0xf7, 0x78, 0xef, 0x78, 0xf7, 0x79, 0xf7,
    0x78, 0xef, 0x98, 0xf7, 0x79, 0xf7, 0x79, 0xef, 0x98, 0xf7, 0x78, 0xef,
    0x99, 0xf7, 0x99, 0xf7, 0x78, 0xf7, 0x78, 0xef, 0x79, 0xef, 0x78, 0xf7,
    0x99, 0xef, 0x79, 0xf7, 0x78, 0xf7, 0x99, 0xef, 0x79, 0xf7, 0x79, 0xf7,
    0x98, 0xef, 0x99, 0xf7, 0x98, 0xf7, 0x79, 0xf7, 0x98, 0xef, 0x98, 0xf7,
    0x79, 0xf7, 0x99, 0xef, 0x99, 0xf7, 0x99, 0xef, 0x98, 0xf7, 0x99, 0xf7,
    0x79, 0xf7, 0x98, 0xef, 0x99, 0xf7, 0x79, 0xf7, 0x79, 0xef, 0x79, 0xef,
    0x79, 0xf7, 0x99, 0xef, 0x79, 0xf7, 0x99, 0xf7, 0x79, 0xf7, 0x79, 0xf7,
    0x99, 0xf7, 0x99, 0xf7, 0x79, 0xf7, 0x99, 0xef, 0x99, 0xf7, 0x79, 0xf7,
    0x79, 0xef, 0x99, 0xf7, 0x99, 0xf7, 0x99, 0xf7, 0x99, 0xf7, 0x79, 0xef,
    0x9a, 0xf7, 0x99, 0xef, 0x99, 0xf7, 0x9a, 0xf7, 0x79, 0xef, 0x99, 0xf7,
    0x99, 0xf7, 0x99, 0xf7, 0x9a, 0xf7, 0x99, 0xf7, 0x99, 0xf7, 0x9a, 0xf7,
    0x9a, 0xf7, 0x99, 0xf7, 0x99, 0xef, 0x7a, 0xf7, 0x99, 0xf7, 0x99, 0xf7,
    0x7a, 0xf7, 0x99, 0xf7, 0x99, 0xf7, 0x79, 0xef, 0x99, 0xf7, 0x99, 0xef,
    0x99, 0xf7, 0x79, 0xf7, 0x99, 0xf7, 0x99, 0xf7, 0x99, 0xf7, 0x99, 0xf7,
    0x79, 0xef, 0x99, 0xf7, 0x99, 0xf7, 0x79, 0xf7, 0x79, 0xf7, 0x99, 0xef,
    0x99, 0xf7, 0x99, 0xf7, 0x9a, 0xf7, 0x99, 0xf7, 0x99, 0xf7, 0x99, 0xf7,
    0x99, 0xef, 0x99, 0xf7, 0x99, 0xf7, 0x99, 0xf7, 0x99, 0xf7, 0x99, 0xf7,
    0x99, 0xf7, 0x99, 0xf7, 0x99, 0xf7, 0x79, 0xf7, 0x79, 0xef, 0x99, 0xf7,
    0x79, 0xf7, 0x99, 0xf7, 0x79, 0xf7, 0x99, 0xef, 0x99, 0xf7, 0x99, 0xf7,
    0x99, 0xf7, 0x79, 0xef, 0x79, 0xf7, 0x79, 0xf7, 0x99, 0xf7, 0x99, 0xf7,
    0x99, 0xf7, 0x99, 0xf7, 0x99, 0xef, 0x99, 0xf7, 0x99, 0xf7, 0x99, 0xf7,
    0x99, 0xef, 0x99, 0xf7, 0x99, 0xf7, 0x98, 0xf7, 0x79, 0xf7, 0x99, 0xf7,
    0x99, 0xef, 0x99, 0xf7, 0x79, 0xf7, 0x78, 0xef, 0x99, 0xf7, 0x78, 0xf7,
    0x79, 0xef, 0x99, 0xef, 0x98, 0xf7, 0x78, 0xf7, 0x99, 0xef, 0x99, 0xf7,
    0x79, 0xf7, 0x99, 0xef, 0x98, 0xf7, 0x79, 0xef, 0x99, 0xf7, 0x78, 0xf7,
    0x78, 0xef, 0x99, 0xf7, 0x79, 0xf7, 0x98, 0xef, 0x78, 0xef, 0x99, 0xf7,
    0x99, 0xf7, 0x98, 0xef, 0x79, 0xf7, 0x79, 0xf7, 0x98, 0xf7, 0x78, 0xef,
    0x78, 0xef, 0x79, 0xf7, 0x99, 0xf7, 0x78, 0xef, 0x99, 0xef, 0x79, 0xf7,
    0x78, 0xf7, 0x98, 0xf7, 0x79, 0xf7, 0x78, 0xef, 0x98, 0xf7, 0x78, 0xef,
    0x78, 0xf7, 0x78, 0xf7, 0x78, 0xf7, 0x78, 0xef, 0x78, 0xf7, 0x79, 0xef,
    0x99, 0xf7, 0x78, 0xef, 0x78, 0xf7, 0x78, 0xef, 0x78, 0xef, 0x78, 0xf7,
    0x78, 0xf7, 0x78, 0xef, 0x98, 0xf7, 0x78, 0xef, 0x78, 0xef, 0x78, 0xf7,
    0x78, 0xf7, 0x78, 0xef, 0x78, 0xef, 0x78, 0xf7, 0x78, 0xef, 0x78, 0xef,
    0x78, 0xef, 0x78, 0xef, 0x78, 0xf7, 0x78, 0xef, 0x78, 0xf7, 0x78, 0xf7,
    0x78, 0xef, 0x78, 0xef, 0x78, 0xf7, 0x78, 0xef, 0x98, 0xef, 0x78, 0xf7,
    0x78, 0xef, 0x78, 0xf7, 0x78, 0xf7, 0x78, 0xef, 0x78, 0xf7, 0x78, 0xef,
    0x78, 0xef, 0x98, 0xf7, 0x78, 0xf7, 0x78, 0xef, 0x98, 0xf7, 0x78, 0xf7,
    0x79, 0xef, 0x98, 0xf7, 0x78, 0xef, 0x98, 0xf7, 0x78, 0xf7, 0x79, 0xef,
    0x78, 0xf7, 0x78, 0xf7, 0x79, 0xef, 0x78, 0xf7, 0x99, 0xf7, 0x98, 0xef,
    0x78, 0xf7, 0x99, 0xf7, 0x98, 0xf7, 0x79, 0xef, 0x78, 0xf7, 0x98, 0xf7,
    0x99, 0xef, 0x78, 0xf7, 0x78, 0xf7, 0x79, 0xef, 0x99, 0xf7, 0x78, 0xf7,
    0x78, 0xef, 0x99, 0xf7, 0x98, 0xf7, 0x99, 0xf7, 0x79, 0xf7, 0x98, 0xef,
    0x79, 0xf7, 0x99, 0xf7, 0x99, 0xef, 0x99, 0xf7, 0x79, 0xf7, 0x98, 0xef,
    0x79, 0xf7, 0x79, 0xef, 0x98, 0xf7, 0x79, 0xf7, 0x78, 0xef, 0x99, 0xf7,
    0x79, 0xf7, 0x78, 0xef, 0x79, 0xf7, 0x79, 0xf7, 0x99, 0xef, 0x99, 0xf7,
    0x99, 0xf7, 0x78, 0xef, 0x99, 0xf7, 0x78, 0xf7, 0x98, 0xef, 0x78, 0xf7,
    0x99, 0xf7, 0x79, 0xef, 0x99, 0xf7, 0x99, 0xef, 0x79, 0xef, 0x99, 0xf7,
    0x99, 0xf7, 0x79, 0xef, 0x99, 0xf7, 0x79, 0xf7, 0x99, 0xf7, 0x99, 0xef,
    0x79, 0xf7, 0x79, 0xf7, 0x99, 0xf7, 0x99, 0xf7, 0x79, 0xf7, 0x79, 0xf7,
    0x99, 0xf7, 0x99, 0xf7, 0x99, 0xf7, 0x99, 0xf7, 0x79, 0xf7, 0x99, 0xf7,
    0x99, 0xf7, 0x99, 0xf7, 0x79, 0xf7, 0x99, 0xf7, 0x99, 0xf7, 0x99, 0xef,
    0x99, 0xf7, 0x99, 0xf7, 0x99, 0xf7, 0x99, 0xf7, 0x9a, 0xf7, 0x99, 0xf7,
    0x79, 0xf7, 0x9a, 0xf7, 0x99, 0xf7, 0x99, 0xf7, 0x9a, 0xf7, 0x99, 0xf7,
    0x99, 0xef, 0x99, 0xf7, 0x79, 0xf7, 0x99, 0xf7, 0x7a, 0xf7, 0x99, 0xf7,
    0x99, 0xf7, 0x9a, 0xef, 0x79, 0xf7, 0x99, 0xf7, 0x9a, 0xef, 0x99, 0xf7,
    0x79, 0xf7, 0x9a, 0xf7, 0x99, 0xef, 0x79, 0xf7, 0x99, 0xf7, 0x79, 0xf7,
    0x99, 0xf7, 0x79, 0xef, 0x99, 0xf7, 0x79, 0xf7, 0x99, 0xf7, 0x79, 0xef,
    0x99, 0xf7, 0x99, 0xf7, 0x99, 0xf7, 0x99, 0xf7, 0x79, 0xf7, 0x99, 0xf7,
    0x99, 0xef, 0x79, 0xf7, 0x99, 0xf7, 0x79, 0xf7, 0x99, 0xef, 0x79, 0xf7,
    0x99, 0xf7, 0x99, 0xf7, 0x79, 0xef, 0x99, 0xf7, 0x99, 0xf7, 0x99, 0xef,
    0x79, 0xf7, 0x99, 0xf7, 0x79, 0xf7, 0x99, 0xef, 0x99, 0xf7, 0x79, 0xf7,
    0x99, 0xf7, 0x99, 0xf7, 0x99, 0xef, 0x98, 0xf7, 0x99, 0xf7, 0x79, 0xef,
    0x99, 0xf7, 0x99, 0xf7, 0x79, 0xef, 0x99, 0xf7, 0x78, 0xef, 0x79, 0xf7,
    0x99, 0xf7, 0x79, 0xef, 0x79, 0xf7, 0x98, 0xef, 0x78, 0xf7, 0x78, 0xf7,
    0x79, 0xef, 0x99, 0xf7, 0x78, 0xf7, 0x99, 0xef, 0x78, 0xf7, 0x99, 0xef,
    0x79, 0xef, 0x98, 0xf7, 0x78, 0xf7, 0x78, 0xf7, 0x99, 0xef, 0x78, 0xef,
    0x78, 0xf7, 0x99, 0xf7, 0x98, 0xef, 0x99, 0xf7, 0x78, 0xef, 0x78, 0xf7,
    0x78, 0xf7, 0x78, 0xef, 0x78, 0xef, 0x99, 0xf7, 0x98, 0xf7, 0x79, 0xef,
    0x78, 0xef, 0x98, 0xf7, 0x79, 0xf7, 0x98, 0xef, 0x98, 0xf7, 0x78, 0xef,
    0x78, 0xef, 0x78, 0xef, 0x78, 0xef, 0x78, 0xf7, 0x78, 0xf7, 0x78, 0xef,
    0x78, 0xef, 0x98, 0xf7, 0x78, 0xf7, 0x78, 0xef, 0x78, 0xef, 0x78, 0xf7,
    0x78, 0xef, 0x78, 0xef, 0x78, 0xf7, 0x78, 0xef, 0x78, 0xef, 0x78, 0xf7,
    0x78, 0xef, 0x78, 0xf7, 0x78, 0xef, 0x78, 0xef, 0x78, 0xef, 0x78, 0xef,
    0x78, 0xef, 0x78, 0xf7, 0x78, 0xef, 0x78, 0xef, 0x78, 0xef, 0x78, 0xf7,
    0x78, 0xef, 0x78, 0xf7, 0x78, 0xf7, 0x78, 0xef, 0x78, 0xf7, 0x78, 0xef,
    0x78, 0xef, 0x78, 0xf7, 0x78, 0xef, 0x98, 0xef, 0x78, 0xf7, 0x78, 0xf7,
    0x78, 0xef, 0x78, 0xf7, 0x78, 0xef, 0x98, 0xef, 0x78, 0xf7, 0x78, 0xef,
    0x78, 0xf7, 0x78, 0xf7, 0x78, 0xef, 0x79, 0xef, 0x98, 0xf7, 0x78, 0xf7,
    0x98, 0xf7, 0x78, 0xef, 0x79, 0xef, 0x98, 0xef, 0x98, 0xf7, 0x79, 0xf7,
    0x78, 0xef, 0x98, 0xf7, 0x79, 0xef, 0x98, 0xf7, 0x99, 0xef, 0x78, 0xf7,
    0x99, 0xef, 0x99, 0xef, 0x78, 0xf7, 0x98, 0xf7, 0x99, 0xef, 0x78, 0xf7,
    0x99, 0xef, 0x79, 0xef, 0x98, 0xf7, 0x99, 0xef, 0x99, 0xf7, 0x98, 0xf7,
    0x99, 0xef, 0x99, 0xf7, 0x98, 0xef, 0x79, 0xf7, 0x99, 0xf7, 0x98, 0xef,
    0x79, 0xf7, 0x79, 0xf7, 0x98, 0xef, 0x99, 0xf7, 0x79, 0xf7, 0x99, 0xef,
    0x98, 0xf7, 0x99, 0xf7, 0x79, 0xef, 0x98, 0xf7, 0x79, 0xf7, 0x99, 0xf7,
    0x78, 0xf7, 0x79, 0xef, 0x99, 0xf7, 0x79, 0xf7, 0x79, 0xef, 0x78, 0xf7,
    0x79, 0xf7, 0x79, 0xef, 0x98, 0xf7, 0x79, 0xf7, 0x99, 0xf7, 0x79, 0xef,
    0x79, 0xf7, 0x99, 0xf7, 0x79, 0xef, 0x79, 0xf7, 0x99, 0xf7, 0x99, 0xf7,
    0x99, 0xf7, 0x99, 0xef, 0x99, 0xf7, 0x99, 0xf7, 0x99, 0xf7, 0x99, 0xf7,
    0x99, 0xef, 0x79, 0xf7, 0x79, 0xf7, 0x79, 0xf7, 0x79, 0xf7, 0x99, 0xf7,
    0x99, 0xf7, 0x79, 0xef, 0x99, 0xef, 0x79, 0xf7, 0x99, 0xf7, 0x99, 0xf7,
    0x79, 0xf7, 0x99, 0xf7, 0x99, 0xf7, 0x79, 0xf7, 0x99, 0xf7, 0x99, 0xf7,
    0x99, 0xef, 0x79, 0xef, 0x99, 0xf7, 0x79, 0xf7, 0x79, 0xef, 0x99, 0xf7,
    0x9a, 0xf7, 0x99, 0xf7, 0x99, 0xf7, 0x99, 0xef, 0x99, 0xf7, 0x79, 0xf7,
    0x99, 0xf7, 0x79, 0xf7, 0x99, 0xf7, 0x99, 0xf7, 0x99, 0xf7, 0x99, 0xf7,
    0x79, 0xf7, 0x99, 0xef, 0x99, 0xf7, 0x99, 0xf7, 0x79, 0xf7, 0x79, 0xf7,
    0x79, 0xf7, 0x99, 0xf7, 0x99, 0xef, 0x99, 0xf7, 0x99, 0xf7, 0x99, 0xf7,
    0x79, 0xf7, 0x79, 0xef, 0x79, 0xef, 0x99, 0xf7, 0x79, 0xf7, 0x99, 0xef,
    0x79, 0xf7, 0x79, 0xf7, 0x99, 0xef, 0x79, 0xf7, 0x79, 0xef, 0x99, 0xf7,
    0x99, 0xf7, 0x99, 0xf7, 0x99, 0xf7, 0x99, 0xef, 0x99, 0xf7, 0x79, 0xf7,
    0x99, 0xef, 0x99, 0xf7, 0x78, 0xf7, 0x78, 0xf7, 0x99, 0xf7, 0x99, 0xf7,
    0x78, 0xef, 0x99, 0xef, 0x79, 0xf7, 0x99, 0xf7, 0x99, 0xef, 0x98, 0xf7,
    0x99, 0xf7, 0x79, 0xef, 0x78, 0xf7, 0x99, 0xf7, 0x99, 0xef, 0x98, 0xf7,
    0x98, 0xf7, 0x78, 0xf7, 0x79, 0xef, 0x99, 0xf7, 0x99, 0xef, 0x79, 0xf7,
    0x98, 0xef, 0x99, 0xf7, 0x79, 0xf7, 0x78, 0xef, 0x98, 0xf7, 0x79, 0xf7,
    0x98, 0xf7, 0x79, 0xef, 0x79, 0xef, 0x79, 0xf7, 0x79, 0xf7, 0x78, 0xf7,
    0x79, 0xef, 0x78, 0xf7, 0x98, 0xf7, 0x78, 0xef, 0x79, 0xf7, 0x78, 0xef,
    0x98, 0xf7, 0x78, 0xef, 0x78, 0xf7, 0x78, 0xf7, 0x98, 0xf7, 0x98, 0xef,
    0x78, 0xf7, 0x78, 0xef, 0x99, 0xf7, 0x78, 0xf7, 0x98, 0xf7, 0x79, 0xef,
    0x78, 0xf7, 0x78, 0xef, 0x79, 0xef, 0x98, 0xf7, 0x78, 0xef, 0x78, 0xef,
    0x78, 0xef, 0x78, 0xf7, 0x79, 0xef, 0x78, 0xef, 0x78, 0xf7, 0x78, 0xef,
    0x78, 0xef, 0x78, 0xf7, 0x79, 0xef, 0x78, 0xf7, 0x78, 0xef, 0x78, 0xef,
    0x78, 0xef, 0x78, 0xf7, 0x78, 0xf7, 0x78, 0xef, 0x78, 0xf7, 0x78, 0xef,
    0x78, 0xef, 0x78, 0xf7, 0x78, 0xef, 0x78, 0xef, 0x78, 0xf7, 0x78, 0xef,
    0x78, 0xef, 0x78, 0xef, 0x78, 0xf7, 0x79, 0xef, 0x78, 0xf7, 0x98, 0xf7,
    0x79, 0xef, 0x78, 0xf7, 0x78, 0xef, 0x78, 0xef, 0x78, 0xf7, 0x98, 0xef,
    0x79, 0xf7, 0x78, 0xef, 0x98, 0xf7, 0x79, 0xf7, 0x78, 0xef, 0x98, 0xef,
    0x78, 0xf7, 0x78, 0xef, 0x78, 0xef, 0x78, 0xf7, 0x79, 0xef, 0x78, 0xef,
    0x78, 0xef, 0x98, 0xf7, 0x78, 0xf7, 0x78, 0xef, 0x79, 0xf7, 0x98, 0xf7,
    0x99, 0xef, 0x78, 0xf7, 0x78, 0xf7, 0x99, 0xef, 0x78, 0xf7, 0x78, 0xef,
    0x78, 0xf7, 0x99, 0xf7, 0x78, 0xef, 0x79, 0xef, 0x98, 0xf7, 0x78, 0xef,
    0x99, 0xf7, 0x79, 0xf7, 0x78, 0xef, 0x79, 0xf7, 0x78, 0xef, 0x99, 0xf7,
    0x99, 0xf7, 0x78, 0xef, 0x98, 0xf7, 0x99, 0xf7, 0x78, 0xef, 0x79, 0xf7,
    0x98, 0xf7, 0x99, 0xf7, 0x79, 0xef, 0x98, 0xf7, 0x79, 0xf7, 0x78, 0xef,
    0x99, 0xf7, 0x79, 0xef, 0x99, 0xf7, 0x99, 0xef, 0x78, 0xef, 0x99, 0xf7,
    0x99, 0xef, 0x78, 0xf7, 0x99, 0xf7, 0x99, 0xef, 0x78, 0xf7, 0x79, 0xef,
    0x79, 0xf7, 0x78, 0xf7, 0x79, 0xef, 0x99, 0xf7, 0x98, 0xf7, 0x79, 0xef,
    0x99, 0xf7, 0x98, 0xf7, 0x78, 0xef, 0x99, 0xf7, 0x79, 0xf7, 0x99, 0xef,
    0x79, 0xf7, 0x99, 0xf7, 0x99, 0xf7, 0x79, 0xef, 0x99, 0xf7, 0x99, 0xf7,
    0x99, 0xef, 0x99, 0xf7, 0x99, 0xef, 0x99, 0xf7, 0x99, 0xef, 0x99, 0xf7,
    0x99, 0xf7, 0x79, 0xf7, 0x79, 0xf7, 0x99, 0xf7, 0x79, 0xef, 0x99, 0xf7,
    0x79, 0xf7, 0x99, 0xf7, 0x99, 0xf7, 0x79, 0xef, 0x99, 0xf7, 0x99, 0xf7,
    0x79, 0xf7, 0x79, 0xf7, 0x79, 0xf7, 0x99, 0xf7, 0x99, 0xf7, 0x79, 0xef,
    0x99, 0xf7, 0x79, 0xf7, 0x99, 0xf7, 0x99, 0xef, 0x99, 0xf7, 0x99, 0xf7,
    0x99, 0xef, 0x99, 0xf7, 0x99, 0xf7, 0x79, 0xf7, 0x99, 0xf7, 0x79, 0xf7,
    0x99, 0xf7, 0x99, 0xf7, 0x79, 0xf7, 0x79, 0xef, 0x99, 0xef, 0x99, 0xf7,
    0x99, 0xf7, 0x79, 0xf7, 0x99, 0xf7, 0x99, 0xf7, 0x79, 0xef, 0x99, 0xf7,
    0x79, 0xf7, 0x99, 0xf7, 0x99, 0xf7, 0x79, 0xf7, 0x99, 0xef, 0x79, 0xf7,
    0x98, 0xf7, 0x99, 0xf7, 0x98, 0xf7, 0x79, 0xef, 0x99, 0xf7, 0x78, 0xf7,
    0x99, 0xef, 0x99, 0xf7, 0x78, 0xf7, 0x79, 0xf7, 0x99, 0xf7, 0x98, 0xf7,
    0x79, 0xf7, 0x99, 0xef, 0x99, 0xf7, 0x79, 0xf7, 0x99, 0xef, 0x99, 0xf7,
    0x99, 0xf7, 0x99, 0xf7, 0x79, 0xf7, 0x99, 0xf7, 0x98, 0xf7, 0x79, 0xef,
    0x79, 0xf7, 0x98, 0xf7, 0x79, 0xf7, 0x79, 0xef, 0x98, 0xf7, 0x79, 0xef,
    0x79, 0xf7, 0x98, 0xef, 0x98, 0xf7, 0x99, 0xef, 0x98, 0xf7, 0x78, 0xf7,
    0x99, 0xef, 0x98, 0xf7, 0x78, 0xf7, 0x99, 0xef, 0x99, 0xf7, 0x79, 0xf7,
    0x98, 0xef, 0x99, 0xf7, 0x99, 0xf7, 0x98, 0xef, 0x99, 0xf7, 0x98, 0xf7,
    0x99, 0xef, 0x79, 0xf7, 0x99, 0xf7, 0x99, 0xef, 0x78, 0xf7, 0x78, 0xef,
    0x79, 0xf7, 0x99, 0xf7, 0x98, 0xef, 0x78, 0xf7, 0x79, 0xef, 0x98, 0xf7,
    0x79, 0xf7, 0x98, 0xef, 0x78, 0xef, 0x78, 0xf7, 0x99, 0xef, 0x78, 0xf7,
    0x78, 0xf7, 0x98, 0xf7, 0x78, 0xf7, 0x78, 0xef, 0x78, 0xf7, 0x99, 0xf7,
    0x78, 0xef, 0x78, 0xf7, 0x78, 0xf7, 0x78, 0xef, 0x78, 0xf7, 0x78, 0xef,
    0x78, 0xef, 0x78, 0xef, 0x78, 0xf7, 0x78, 0xef, 0x78, 0xef, 0x78, 0xef,
    0x78, 0xf7, 0x58, 0xef, 0x78, 0xef, 0x78, 0xf7, 0x78, 0xef, 0x78, 0xf7,
    0x78, 0xef, 0x78, 0xef, 0x78, 0xf7, 0x78, 0xf7, 0x78, 0xef, 0x78, 0xef,
    0x78, 0xf7, 0x98, 0xef, 0x78, 0xef, 0x79, 0xf7, 0x78, 0xef, 0x78, 0xef,
    0x78, 0xef, 0x78, 0xf7, 0x79, 0xef, 0x78, 0xef, 0x78, 0xf7, 0x78, 0xf7,
    0x98, 0xef, 0x78, 0xf7, 0x78, 0xef, 0x78, 0xf7, 0x78, 0xef, 0x78, 0xf7,
    0x78, 0xf7, 0x78, 0xef, 0x98, 0xf7, 0x98, 0xf7, 0x78, 0xef, 0x79, 0xf7,
    0x78, 0xef, 0x79, 0xf7, 0x78, 0xf7, 0x78, 0xef, 0x78, 0xf7, 0x99, 0xf7,
    0x78, 0xef, 0x98, 0xf7, 0x79, 0xef, 0x99, 0xf7, 0x78, 0xf7, 0x98, 0xf7,
    0x79, 0xef, 0x78, 0xf7, 0x99, 0xf7, 0x79, 0xf7, 0x99, 0xef, 0x98, 0xf7,
    0x78, 0xf7, 0x99, 0xf7, 0x98, 0xef, 0x98, 0xef, 0x98, 0xf7, 0x98, 0xf7,
    0x99, 0xf7, 0x99, 0xf7, 0x99, 0xf7, 0x9a, 0xf7, 0x9a, 0xf7, 0xb9, 0xf7,
    0x99, 0xf7, 0x99, 0xf7, 0x99, 0xf7, 0x78, 0xef, 0x98, 0xf7, 0x99, 0xf7,
    0x79, 0xef, 0x78, 0xf7, 0x99, 0xf7, 0x79, 0xf7, 0x99, 0xf7, 0x79, 0xef,
    0x99, 0xf7, 0x99, 0xf7, 0x78, 0xef, 0x98, 0xf7, 0x78, 0xef, 0x99, 0xef,
    0x98, 0xf7, 0x79, 0xef, 0x79, 0xef, 0x79, 0xf7, 0x99, 0xef, 0x79, 0xf7,
    0x79, 0xef, 0x98, 0xf7, 0x79, 0xf7, 0x99, 0xef, 0x79, 0xf7, 0x99, 0xf7,
    0x79, 0xef, 0x99, 0xf7, 0x99, 0xf7, 0x79, 0xf7, 0x79, 0xf7, 0x79, 0xf7,
    0x79, 0xf7, 0x79, 0xf7, 0x99, 0xf7, 0x99, 0xf7, 0x99, 0xf7, 0x99, 0xf7,
    0x99, 0xef, 0x99, 0xf7, 0x79, 0xf7, 0x99, 0xef, 0x79, 0xf7, 0x99, 0xf7,
    0x79, 0xef, 0x79, 0xf7, 0x99, 0xf7, 0x79, 0xef, 0x99, 0xf7, 0x99, 0xf7,
    0x99, 0xf7, 0x99, 0xf7, 0x79, 0xef, 0x99, 0xf7, 0x79, 0xf7, 0x99, 0xf7,
    0x99, 0xf7, 0x99, 0xef, 0x79, 0xf7, 0x99, 0xf7, 0x79, 0xf7, 0x99, 0xf7,
    0x99, 0xf7, 0x79, 0xf7, 0x99, 0xf7, 0x79, 0xef, 0x99, 0xf7, 0x99, 0xf7,
    0x99, 0xf7, 0x79, 0xf7, 0x79, 0xf7, 0x99, 0xf7, 0x99, 0xf7, 0x79, 0xef,
    0x79, 0xf7, 0x99, 0xf7, 0x99, 0xef, 0x79, 0xf7, 0x99, 0xf7, 0x79, 0xef,
    0x99, 0xf7, 0x99, 0xf7, 0x99, 0xf7, 0x79, 0xf7, 0x99, 0xf7, 0x79, 0xf7,
    0x99, 0xef, 0x79, 0xf7, 0x79, 0xf7, 0x98, 0xf7, 0x99, 0xf7, 0x79, 0xf7,
    0x99, 0xef, 0x99, 0xf7, 0x99, 0xf7, 0x99, 0xef, 0x99, 0xf7, 0x99, 0xf7,
    0x79, 0xef, 0x79, 0xf7, 0x99, 0xf7, 0x98, 0xef, 0x99, 0xf7, 0x79, 0xf7,
    0x99, 0xf7, 0x99, 0xf7, 0x99, 0xef, 0x79, 0xf7, 0x99, 0xf7, 0x99, 0xf7,
    0x99, 0xf7, 0x98, 0xef, 0x78, 0xef, 0x99, 0xf7, 0x99, 0xf7, 0x99, 0xf7,
    0x9a, 0xf7, 0x9a, 0xf7, 0x99, 0xf7, 0x9a, 0xf7, 0x9a, 0xf7, 0x99, 0xf7,
    0x99, 0xf7, 0x98, 0xef, 0x78, 0xf7, 0x78, 0xef, 0x99, 0xf7, 0x79, 0xef,
    0x79, 0xf7, 0x99, 0xf7, 0x78, 0xf7, 0x79, 0xef, 0x78, 0xf7, 0x98, 0xef,
    0x79, 0xf7, 0x98, 0xef, 0x78, 0xf7, 0x98, 0xef, 0x78, 0xf7, 0x78, 0xef,
    0x78, 0xf7, 0x78, 0xef, 0x78, 0xf7, 0x79, 0xf7, 0x78, 0xef, 0x78, 0xf7,
    0x78, 0xf7, 0x79, 0xf7, 0x78, 0xef, 0x78, 0xf7, 0x78, 0xf7, 0x78, 0xef,
    0x78, 0xef, 0x78, 0xef, 0x78, 0xef, 0x78, 0xf7, 0x78, 0xef, 0x78, 0xf7,
    0x78, 0xef, 0x78, 0xef, 0x78, 0xf7, 0x78, 0xef, 0x78, 0xef, 0x78, 0xf7,
    0x78, 0xef, 0x78, 0xef, 0x78, 0xf7, 0x78, 0xef, 0x78, 0xef, 0x78, 0xf7,
    0x78, 0xef, 0x78, 0xef, 0x78, 0xef, 0x78, 0xef, 0x78, 0xef, 0x78, 0xef,
    0x78, 0xef, 0x78, 0xef, 0x78, 0xf7, 0x78, 0xef, 0x78, 0xef, 0x78, 0xf7,
    0x78, 0xf7, 0x78, 0xf7, 0x78, 0xef, 0x98, 0xf7, 0x78, 0xf7, 0x78, 0xef,
    0x78, 0xef, 0x78, 0xf7, 0x78, 0xf7, 0x99, 0xef, 0x78, 0xf7, 0x78, 0xef,
    0x78, 0xef, 0x78, 0xf7, 0x78, 0xef, 0x78, 0xef, 0x78, 0xf7, 0x78, 0xef,
    0x78, 0xef, 0x79, 0xf7, 0x79, 0xef, 0x78, 0xf7, 0x98, 0xf7, 0x78, 0xef,
    0x98, 0xf7, 0x78, 0xef, 0x79, 0xef, 0x98, 0xef, 0x98, 0xf7, 0x79, 0xf7,
    0x78, 0xef, 0x98, 0xf7, 0x99, 0xf7, 0x78, 0xef, 0x98, 0xf7, 0x99, 0xf7,
    0x79, 0xef, 0x98, 0xef, 0x98, 0xf7, 0x78, 0xf7, 0x99, 0xef, 0x79, 0xef,
    0x78, 0xef, 0x99, 0xf7, 0x9a, 0xf7, 0xbb, 0xf7, 0xbb, 0xf7, 0xbb, 0xf7,
    0x9b, 0xf7, 0x9a, 0xf7, 0x9a, 0xf7, 0x9a, 0xef, 0x9a, 0xef, 0x9b, 0xf7,
    0x9b, 0xf7, 0x9b, 0xf7, 0xbb, 0xf7, 0xbb, 0xf7, 0xba, 0xf7, 0x9a, 0xf7,
    0x99, 0xf7, 0x98, 0xef, 0x79, 0xf7, 0x98, 0xf7, 0x78, 0xef, 0x79, 0xf7,
    0x99, 0xf7, 0x79, 0xef, 0x79, 0xf7, 0x99, 0xf7, 0x78, 0xf7, 0x79, 0xef,
    0x78, 0xf7, 0x78, 0xf7, 0x79, 0xf7, 0x98, 0xf7, 0x78, 0xef, 0x78, 0xf7,
    0x78, 0xf7, 0x79, 0xef, 0x78, 0xef, 0x98, 0xf7, 0x99, 0xf7, 0x99, 0xf7,
    0x99, 0xf7, 0x79, 0xef, 0x79, 0xef, 0x99, 0xf7, 0x99, 0xf7, 0x99, 0xef,
    0x79, 0xf7, 0x79, 0xf7, 0x99, 0xef, 0x79, 0xf7, 0x79, 0xf7, 0x79, 0xef,
    0x99, 0xf7, 0x99, 0xf7, 0x79, 0xef, 0x99, 0xf7, 0x99, 0xf7, 0x79, 0xf7,
    0x99, 0xef, 0x99, 0xf7, 0x79, 0xf7, 0x99, 0xf7, 0x99, 0xf7, 0x7a, 0xf7,
    0x99, 0xf7, 0x99, 0xf7, 0x99, 0xef, 0x99, 0xf7, 0x99, 0xf7, 0x99, 0xf7,
    0x99, 0xf7, 0x99, 0xf7, 0x99, 0xf7, 0x99, 0xf7, 0x99, 0xf7, 0x79, 0xf7,
    0x79, 0xef, 0x79, 0xf7, 0x99, 0xf7, 0x99, 0xef, 0x99, 0xf7, 0x99, 0xf7,
    0x99, 0xef, 0x99, 0xf7, 0x79, 0xef, 0x99, 0xf7, 0x79, 0xf7, 0x79, 0xf7,
    0x99, 0xf7, 0x99, 0xef, 0x99, 0xf7, 0x79, 0xf7, 0x99, 0xf7, 0x79, 0xef,
    0x79, 0xf7, 0x99, 0xef, 0x79, 0xef, 0x98, 0xf7, 0x79, 0xf7, 0x99, 0xef,
    0x98, 0xf7, 0x99, 0xf7, 0x79, 0xef, 0x99, 0xf7, 0x78, 0xef, 0x79, 0xf7,
    0x99, 0xf7, 0x78, 0xef, 0x99, 0xf7, 0x99, 0xf7, 0x79, 0xef, 0x79, 0xf7,
    0x98, 0xef, 0x99, 0xf7, 0x99, 0xf7, 0x98, 0xf7, 0x99, 0xf7, 0x99, 0xef,
    0x79, 0xf7, 0x98, 0xf7, 0x79, 0xef, 0x99, 0xf7, 0x98, 0xf7, 0x99, 0xf7,
    0x9a, 0xf7, 0x9a, 0xf7, 0x9a, 0xf7, 0x9a, 0xf7, 0x9a, 0xef, 0x79, 0xef,
    0x79, 0xef, 0x58, 0xef, 0x58, 0xef, 0x79, 0xef, 0x7a, 0xef, 0x7a, 0xf7,
    0x9b, 0xf7, 0xbb, 0xf7, 0x9b, 0xf7, 0x9a, 0xf7, 0x99, 0xf7, 0x98, 0xf7,
    0x99, 0xef, 0x79, 0xef, 0x99, 0xf7, 0x79, 0xf7, 0x79, 0xef, 0x99, 0xf7,
    0x78, 0xf7, 0x78, 0xef, 0x99, 0xf7, 0x78, 0xf7, 0x98, 0xef, 0x99, 0xf7,
    0x98, 0xf7, 0x78, 0xef, 0x79, 0xf7, 0x99, 0xef, 0x78, 0xef, 0x78, 0xf7,
    0x98, 0xef, 0x99, 0xf7, 0x78, 0xf7, 0x98, 0xef, 0x78, 0xf7, 0x98, 0xef,
    0x79, 0xf7, 0x78, 0xf7, 0x78, 0xef, 0x78, 0xf7, 0x78, 0xef, 0x78, 0xf7,
    0x78, 0xef, 0x78, 0xef, 0x78, 0xef, 0x78, 0xf7, 0x78, 0xef, 0x78, 0xf7,
    0x78, 0xef, 0x78, 0xef, 0x78, 0xef, 0x78, 0xf7, 0x78, 0xef, 0x58, 0xef,
    0x78, 0xf7, 0x78, 0xef, 0x58, 0xef, 0x78, 0xf7, 0x78, 0xf7, 0x78, 0xef,
    0x78, 0xef, 0x78, 0xf7, 0x78, 0xef, 0x78, 0xef, 0x78, 0xf7, 0x78, 0xef,
    0x78, 0xef, 0x78, 0xf7, 0x78, 0xef, 0x98, 0xef, 0x79, 0xf7, 0x98, 0xf7,
    0x78, 0xef, 0x78, 0xf7, 0x78, 0xef, 0x78, 0xf7, 0x78, 0xef, 0x78, 0xf7,
    0x99, 0xf7, 0x78, 0xef, 0x78, 0xf7, 0x99, 0xf7, 0x78, 0xef, 0x78, 0xef,
    0x78, 0xf7, 0x78, 0xef, 0x78, 0xef, 0x78, 0xf7, 0x79, 0xf7, 0x78, 0xef,
    0x78, 0xf7, 0x98, 0xf7, 0x78, 0xef, 0x79, 0xf7, 0x98, 0xf7, 0x78, 0xef,
    0x99, 0xf7, 0x78, 0xef, 0x78, 0xf7, 0x78, 0xef, 0x98, 0xf7, 0x79, 0xf7,
    0x78, 0xef, 0x99, 0xf7, 0x78, 0xef, 0x98, 0xef, 0x99, 0xf7, 0xba, 0xf7,
    0xbc, 0xf7, 0xbc, 0xf7, 0x9b, 0xf7, 0x79, 0xef, 0x58, 0xef, 0x37, 0xe7,
    0x37, 0xe7, 0x16, 0xdf, 0x16, 0xe7, 0x15, 0xe7, 0x15, 0xdf, 0x16, 0xe7,
    0x16, 0xe7, 0x16, 0xdf, 0x36, 0xe7, 0x38, 0xef, 0x59, 0xef, 0x7a, 0xf7,
    0xbb, 0xf7, 0x9a, 0xf7, 0x99, 0xf7, 0x99, 0xf7, 0x99, 0xef, 0x79, 0xf7,
    0x98, 0xf7, 0x98, 0xef, 0x79, 0xef, 0x99, 0xf7, 0x98, 0xf7, 0x79, 0xef,
    0x79, 0xf7, 0x78, 0xef, 0x98, 0xef, 0x79, 0xf7, 0x79, 0xef, 0x79, 0xf7,
    0x98, 0xef, 0x79, 0xef, 0x78, 0xf7, 0x79, 0xf7, 0x79, 0xef, 0x78, 0xef,
    0x99, 0xf7, 0x79, 0xf7, 0x99, 0xf7, 0x99, 0xf7, 0x79, 0xef, 0x99, 0xf7,
    0x99, 0xf7, 0x99, 0xef, 0x79, 0xf7, 0x99, 0xf7, 0x79, 0xef, 0x79, 0xf7,
    0x79, 0xf7, 0x99, 0xf7, 0x79, 0xf7, 0x99, 0xf7, 0x99, 0xf7, 0x79, 0xef,
    0x99, 0xf7, 0x79, 0xf7, 0x99, 0xf7, 0x99, 0xf7, 0x79, 0xf7, 0x99, 0xef,
    0x99, 0xf7, 0x99, 0xf7, 0x99, 0xf7, 0x99, 0xf7, 0x79, 0xef, 0x79, 0xef,
    0x79, 0xf7, 0x99, 0xef, 0x79, 0xf7, 0x79, 0xef, 0x99, 0xf7, 0x99, 0xf7,
    0x79, 0xef, 0x99, 0xf7, 0x79, 0xf7, 0x99, 0xf7, 0x99, 0xf7, 0x79, 0xef,
    0x99, 0xf7, 0x99, 0xf7, 0x99, 0xf7, 0x79, 0xef, 0x99, 0xf7, 0x99, 0xf7,
    0x79, 0xef, 0x99, 0xf7, 0x99, 0xf7, 0x99, 0xf7, 0x99, 0xf7, 0x99, 0xf7,
    0x79, 0xf7, 0x99, 0xf7, 0x99, 0xf7, 0x99, 0xf7, 0x99, 0xef, 0x99, 0xf7,
    0x79, 0xf7, 0x99, 0xf7, 0x99, 0xf7, 0x79, 0xef, 0x98, 0xf7, 0x99, 0xf7,
    0x99, 0xf7, 0x98, 0xf7, 0x79, 0xf7, 0x99, 0xf7, 0x79, 0xf7, 0x99, 0xf7,
    0x79, 0xef, 0x99, 0xf7, 0x99, 0xf7, 0x79, 0xf7, 0x99, 0xef, 0x99, 0xf7,
    0x99, 0xf7, 0x99, 0xf7, 0x99, 0xf7, 0x99, 0xf7, 0xba, 0xf7, 0x9a, 0xf7,
    0x79, 0xef, 0x58, 0xe7, 0x37, 0xe7, 0x16, 0xe7, 0x16, 0xe7, 0x15, 0xdf,
    0x15, 0xe7, 0x15, 0xdf, 0x15, 0xdf, 0x15, 0xdf, 0x15, 0xdf, 0x16, 0xe7,
    0x16, 0xe7, 0x36, 0xe7, 0x58, 0xef, 0x79, 0xef, 0x9b, 0xf7, 0xbb, 0xf7,
    0xbb, 0xf7, 0x9a, 0xf7, 0x98, 0xf7, 0x98, 0xef, 0x98, 0xf7, 0x79, 0xf7,
    0x99, 0xf7, 0x98, 0xef, 0x79, 0xf7, 0x79, 0xef, 0x78, 0xef, 0x99, 0xf7,
    0x99, 0xf7, 0x78, 0xef, 0x78, 0xef, 0x98, 0xf7, 0x78, 0xf7, 0x99, 0xef,
    0x98, 0xf7, 0x79, 0xef, 0x78, 0xf7, 0x79, 0xf7, 0x78, 0xef, 0x78, 0xef,
    0x98, 0xf7, 0x78, 0xf7, 0x79, 0xef, 0x78, 0xef, 0x78, 0xf7, 0x78, 0xef,
    0x79, 0xf7, 0x78, 0xef, 0x78, 0xf7, 0x78, 0xf7, 0x78, 0xef, 0x78, 0xef,
    0x78, 0xf7, 0x78, 0xf7, 0x78, 0xef, 0x78, 0xf7, 0x78, 0xef, 0x78, 0xef,
    0x78, 0xef, 0x58, 0xf7, 0x78, 0xef, 0x78, 0xef, 0x78, 0xf7, 0x78, 0xf7,
    0x78, 0xef, 0x78, 0xf7, 0x78, 0xef, 0x78, 0xef, 0x78, 0xf7, 0x78, 0xef,
    0x78, 0xef, 0x78, 0xef, 0x78, 0xf7, 0x79, 0xef, 0x78, 0xf7, 0x78, 0xef,
    0x98, 0xf7, 0x98, 0xf7, 0x79, 0xf7, 0x78, 0xef, 0x98, 0xf7, 0x78, 0xf7,
    0x78, 0xef, 0x98, 0xef, 0x78, 0xf7, 0x78, 0xef, 0x78, 0xf7, 0x78, 0xef,
    0x78, 0xf7, 0x78, 0xf7, 0x98, 0xef, 0x78, 0xef, 0x79, 0xf7, 0x78, 0xef,
    0x79, 0xef, 0x79, 0xf7, 0x78, 0xef, 0x99, 0xf7, 0x79, 0xf7, 0x98, 0xef,
    0x99, 0xf7, 0x79, 0xf7, 0x98, 0xef, 0x99, 0xf7, 0x78, 0xef, 0x98, 0xef,
    0x98, 0xf7, 0x99, 0xf7, 0xba, 0xf7, 0xbc, 0xf7, 0x9b, 0xf7, 0x7a, 0xf7,
    0x58, 0xef, 0x36, 0xe7, 0x16, 0xe7, 0x16, 0xe7, 0x16, 0xe7, 0x16, 0xe7,
    0x36, 0xe7, 0x36, 0xe7, 0x36, 0xe7, 0x36, 0xe7, 0x36, 0xe7, 0x16, 0xe7,
    0x16, 0xe7, 0x16, 0xe7, 0x16, 0xe7, 0x16, 0xe7, 0x15, 0xdf, 0x16, 0xe7,
    0x37, 0xe7, 0x58, 0xef, 0x7a, 0xef, 0xbb, 0xf7, 0x9a, 0xf7, 0x99, 0xf7,
    0x99, 0xf7, 0x79, 0xef, 0x78, 0xf7, 0x79, 0xef, 0x79, 0xef, 0x78, 0xf7,
    0x79, 0xf7, 0x99, 0xef, 0x78, 0xf7, 0x79, 0xef, 0x79, 0xf7, 0x78, 0xef,
    0x79, 0xf7, 0x79, 0xf7, 0x78, 0xef, 0x99, 0xef, 0x99, 0xf7, 0x78, 0xf7,
    0x99, 0xef, 0x78, 0xf7, 0x99, 0xf7, 0x79, 0xef, 0x79, 0xf7, 0x79, 0xf7,
    0x99, 0xef, 0x79, 0xf7, 0x99, 0xf7, 0x99, 0xf7, 0x79, 0xf7, 0x79, 0xef,
    0x99, 0xef, 0x79, 0xf7, 0x99, 0xef, 0x79, 0xf7, 0x79, 0xf7, 0x99, 0xf7,
    0x79, 0xf7, 0x79, 0xef, 0x99, 0xef, 0x79, 0xf7, 0x79, 0xf7, 0x99, 0xef,
    0x99, 0xf7, 0x79, 0xf7, 0x79, 0xf7, 0x79, 0xf7, 0x99, 0xf7, 0x99, 0xf7,
    0x79, 0xf7, 0x79, 0xf7, 0x99, 0xef, 0x79, 0xf7, 0x79, 0xf7, 0x99, 0xf7,
    0x99, 0xf7, 0x79, 0xef, 0x99, 0xf7, 0x99, 0xf7, 0x79, 0xf7, 0x79, 0xf7,
    0x99, 0xf7, 0x79, 0xf7, 0x99, 0xf7, 0x79, 0xf7, 0x99, 0xef, 0x79, 0xf7,
    0x99, 0xf7, 0x99, 0xf7, 0x79, 0xf7, 0x99, 0xef, 0x99, 0xf7, 0x79, 0xf7,
    0x99, 0xef, 0x79, 0xf7, 0x79, 0xf7, 0x98, 0xf7, 0x99, 0xf7, 0x99, 0xf7,
    0x79, 0xef, 0x79, 0xf7, 0x99, 0xef, 0x78, 0xf7, 0x99, 0xef, 0x79, 0xef,
    0x99, 0xef, 0x79, 0xf7, 0x79, 0xef, 0x98, 0xf7, 0x99, 0xf7, 0x99, 0xf7,
    0x78, 0xf7, 0x79, 0xf7, 0x99, 0xef, 0x99, 0xf7, 0x79, 0xf7, 0x99, 0xf7,
    0x98, 0xef, 0x9a, 0xf7, 0xbb, 0xf7, 0x9a, 0xef, 0x38, 0xe7, 0x16, 0xe7,
    0x16, 0xe7, 0x16, 0xe7, 0x16, 0xdf, 0x36, 0xe7, 0x36, 0xe7, 0x16, 0xe7,
    0x36, 0xe7, 0x16, 0xe7, 0x16, 0xe7, 0x16, 0xe7, 0x16, 0xe7, 0x36, 0xe7,
    0x36, 0xe7, 0x16, 0xe7, 0x16, 0xe7, 0x15, 0xe7, 0x36, 0xe7, 0x37, 0xe7,
    0x58, 0xef, 0x9a, 0xf7, 0xbc, 0xf7, 0xbb, 0xf7, 0x99, 0xf7, 0x98, 0xf7,
    0x78, 0xf7, 0x99, 0xf7, 0x98, 0xef, 0x78, 0xf7, 0x98, 0xef, 0x78, 0xef,
    0x78, 0xf7, 0x99, 0xf7, 0x78, 0xf7, 0x78, 0xf7, 0x99, 0xef, 0x78, 0xf7,
    0x78, 0xf7, 0x98, 0xef, 0x78, 0xef, 0x78, 0xf7, 0x78, 0xef, 0x78, 0xef,
    0x78, 0xf7, 0x78, 0xef, 0x78, 0xef, 0x78, 0xef, 0x78, 0xef, 0x78, 0xf7,
    0x78, 0xef, 0x78, 0xef, 0x78, 0xef, 0x78, 0xef, 0x79, 0xf7, 0x78, 0xef,
    0x78, 0xef, 0x78, 0xf7, 0x78, 0xef, 0x78, 0xef, 0x78, 0xf7, 0x78, 0xef,
    0x78, 0xef, 0x78, 0xef, 0x78, 0xf7, 0x78, 0xef, 0x78, 0xef, 0x78, 0xef,
    0x78, 0xef, 0x78, 0xf7, 0x78, 0xef, 0x78, 0xf7, 0x78, 0xef, 0x78, 0xf7,
    0x78, 0xef, 0x78, 0xf7, 0x78, 0xf7, 0x78, 0xef, 0x78, 0xef, 0x78, 0xef,
    0x78, 0xef, 0x78, 0xf7, 0x78, 0xef, 0x99, 0xf7, 0x98, 0xf7, 0x78, 0xef,
    0x78, 0xef, 0x78, 0xf7, 0x78, 0xef, 0x78, 0xef, 0x78, 0xf7, 0x78, 0xef,
    0x78, 0xf7, 0x98, 0xf7, 0x78, 0xef, 0x79, 0xf7, 0x98, 0xf7, 0x98, 0xf7,
    0x78, 0xef, 0x78, 0xf7, 0x98, 0xf7, 0x99, 0xef, 0x78, 0xf7, 0x78, 0xf7,
    0x98, 0xef, 0x78, 0xf7, 0x98, 0xef, 0x78, 0xf7, 0x78, 0xef, 0x9a, 0xf7,
    0xbb, 0xf7, 0xbb, 0xf7, 0x7a, 0xf7, 0x58, 0xef, 0x36, 0xe7, 0x16, 0xe7,
    0x36, 0xe7, 0x36, 0xe7, 0x36, 0xe7, 0x16, 0xe7, 0x36, 0xe7, 0x16, 0xe7,
    0x16, 0xe7, 0x36, 0xe7, 0x36, 0xe7, 0x36, 0xe7, 0x36, 0xe7, 0x36, 0xe7,
    0x36, 0xe7, 0x36, 0xe7, 0x36, 0xe7, 0x36, 0xe7, 0x36, 0xe7, 0x16, 0xe7,
    0x36, 0xe7, 0x16, 0xe7, 0x16, 0xe7, 0x37, 0xe7, 0x79, 0xef, 0x9a, 0xf7,
    0x99, 0xf7, 0x99, 0xf7, 0x99, 0xf7, 0x99, 0xf7, 0x98, 0xef, 0x98, 0xf7,
    0x99, 0xf7, 0x79, 0xef, 0x78, 0xf7, 0x98, 0xf7, 0x99, 0xf7, 0x78, 0xef,
    0x98, 0xf7, 0x79, 0xef, 0x78, 0xf7, 0x98, 0xf7, 0x99, 0xf7, 0x79, 0xef,
    0x78, 0xf7, 0x79, 0xef, 0x98, 0xef, 0x98, 0xf7, 0x78, 0xf7, 0x99, 0xef,
    0x79, 0xf7, 0x79, 0xf7, 0x99, 0xef, 0x79, 0xf7, 0x99, 0xf7, 0x99, 0xf7,
    0x79, 0xf7, 0x99, 0xf7, 0x79, 0xf7, 0x99, 0xef, 0x78, 0xef, 0x99, 0xf7,
    0x99, 0xef, 0x79, 0xf7, 0x99, 0xf7, 0x99, 0xf7, 0x99, 0xf7, 0x99, 0xf7,
    0x99, 0xef, 0x99, 0xf7, 0x99, 0xef, 0x99, 0xf7, 0x99, 0xf7, 0x79, 0xef,
    0x99, 0xf7, 0x99, 0xf7, 0x79, 0xf7, 0x99, 0xf7, 0x99, 0xef, 0x79, 0xf7,
    0x99, 0xf7, 0x79, 0xf7, 0x99, 0xef, 0x79, 0xf7, 0x79, 0xef, 0x99, 0xf7,
    0x79, 0xef, 0x79, 0xef, 0x99, 0xf7, 0x79, 0xf7, 0x79, 0xf7, 0x99, 0xf7,
    0x99, 0xf7, 0x99, 0xef, 0x99, 0xf7, 0x79, 0xf7, 0x79, 0xef, 0x99, 0xf7,
    0x99, 0xf7, 0x99, 0xef, 0x78, 0xf7, 0x79, 0xef, 0x79, 0xf7, 0x98, 0xf7,
    0x78, 0xef, 0x98, 0xf7, 0x99, 0xef, 0x78, 0xf7, 0x78, 0xf7, 0x99, 0xf7,
    0x78, 0xf7, 0x98, 0xf7, 0x79, 0xef, 0x79, 0xf7, 0x98, 0xef, 0x79, 0xef,
    0x99, 0xf7, 0x99, 0xf7, 0x99, 0xf7, 0x98, 0xef, 0x78, 0xf7, 0x99, 0xf7,
    0xbb, 0xf7, 0x7a, 0xef, 0x37, 0xe7, 0x16, 0xe7, 0x16, 0xe7, 0x16, 0xe7,
    0x16, 0xe7, 0x36, 0xe7, 0x36, 0xe7, 0x16, 0xe7, 0x36, 0xe7, 0x36, 0xe7,
    0x36, 0xe7, 0x36, 0xe7, 0x36, 0xe7, 0x16, 0xe7, 0x36, 0xe7, 0x16, 0xdf,
    0x36, 0xe7, 0x36, 0xe7, 0x36, 0xe7, 0x36, 0xe7, 0x36, 0xe7, 0x16, 0xe7,
    0x16, 0xe7, 0x15, 0xe7, 0x37, 0xe7, 0x59, 0xef, 0x9a, 0xf7, 0xbb, 0xf7,
    0xbb, 0xf7, 0x99, 0xf7, 0x78, 0xef, 0x99, 0xf7, 0x99, 0xf7, 0x99, 0xf7,
    0x79, 0xef, 0x99, 0xef, 0x99, 0xf7, 0x78, 0xef, 0x79, 0xf7, 0x78, 0xf7,
    0x99, 0xef, 0x78, 0xf7, 0x78, 0xf7, 0x98, 0xef, 0x79, 0xf7, 0x78, 0xef,
    0x78, 0xf7, 0x79, 0xf7, 0x78, 0xf7, 0x78, 0xef, 0x78, 0xef, 0x78, 0xf7,
    0x78, 0xef, 0x78, 0xf7, 0x78, 0xef, 0x78, 0xef, 0x78, 0xf7, 0x78, 0xef,
    0x78, 0xef, 0x78, 0xef, 0x78, 0xf7, 0x58, 0xef, 0x78, 0xef, 0x58, 0xf7,
    0x78, 0xf7, 0x78, 0xef, 0x58, 0xef, 0x78, 0xf7, 0x78, 0xef, 0x78, 0xef,
    0x78, 0xef, 0x78, 0xf7, 0x78, 0xf7, 0x78, 0xef, 0x78, 0xef, 0x78, 0xf7,
    0x79, 0xf7, 0x78, 0xef, 0x99, 0xf7, 0x78, 0xf7, 0x78, 0xef, 0x78, 0xf7,
    0x78, 0xf7, 0x78, 0xef, 0x78, 0xf7, 0x78, 0xef, 0x78, 0xef, 0x78, 0xf7,
    0x79, 0xf7, 0x78, 0xf7, 0x78, 0xef, 0x78, 0xef, 0x78, 0xf7, 0x78, 0xef,
    0x78, 0xef, 0x78, 0xf7, 0x78, 0xef, 0x78, 0xef, 0x98, 0xf7, 0x78, 0xf7,
    0x99, 0xef, 0x98, 0xef, 0x78, 0xf7, 0x99, 0xef, 0x99, 0xf7, 0x79, 0xef,
    0x78, 0xef, 0x78, 0xef, 0x99, 0xf7, 0xbb, 0xf7, 0xbc, 0xff, 0x9b, 0xf7,
    0x59, 0xef, 0x37, 0xe7, 0x15, 0xe7, 0x16, 0xe7, 0x36, 0xe7, 0x37, 0xe7,
    0x37, 0xe7, 0x37, 0xe7, 0x37, 0xe7, 0x36, 0xe7, 0x36, 0xe7, 0x36, 0xe7,
    0x36, 0xe7, 0x36, 0xe7, 0x37, 0xe7, 0x37, 0xe7, 0x36, 0xe7, 0x36, 0xe7,
    0x36, 0xe7, 0x16, 0xe7, 0x16, 0xe7, 0x36, 0xe7, 0x36, 0xe7, 0x36, 0xe7,
    0x36, 0xe7, 0x36, 0xe7, 0x36, 0xe7, 0x36, 0xe7, 0x16, 0xe7, 0x37, 0xe7,
    0x9a, 0xf7, 0x9a, 0xf7, 0x99, 0xf7, 0x79, 0xf7, 0x79, 0xf7, 0x99, 0xef,
    0x78, 0xf7, 0x78, 0xef, 0x79, 0xef, 0x98, 0xf7, 0x99, 0xef, 0x99, 0xf7,
    0x99, 0xf7, 0x78, 0xef, 0x79, 0xef, 0x98, 0xf7, 0x79, 0xef, 0x79, 0xf7,
    0x98, 0xf7, 0x99, 0xf7, 0x79, 0xf7, 0x78, 0xf7, 0x99, 0xf7, 0x98, 0xf7,
    0x78, 0xf7, 0x99, 0xf7, 0x79, 0xef, 0x79, 0xf7, 0x98, 0xf7, 0x79, 0xef,
    0x99, 0xf7, 0x78, 0xf7, 0x99, 0xf7, 0x99, 0xf7, 0x79, 0xef, 0x78, 0xf7,
    0x99, 0xf7, 0x79, 0xef, 0x79, 0xf7, 0x99, 0xf7, 0x99, 0xf7, 0x79, 0xef,
    0x99, 0xf7, 0x79, 0xf7, 0x99, 0xf7, 0x99, 0xef, 0x79, 0xf7, 0x79, 0xf7,
    0x99, 0xef, 0x99, 0xf7, 0x99, 0xf7, 0x99, 0xef, 0x79, 0xf7, 0x99, 0xf7,
    0x79, 0xf7, 0x99, 0xf7, 0x99, 0xf7, 0x99, 0xf7, 0x99, 0xf7, 0x99, 0xf7,
    0x79, 0xf7, 0x99, 0xf7, 0x99, 0xef, 0x99, 0xf7, 0x79, 0xf7, 0x98, 0xf7,
    0x99, 0xf7, 0x79, 0xf7, 0x99, 0xf7, 0x99, 0xf7, 0x99, 0xf7, 0x98, 0xf7,
    0x99, 0xf7, 0x99, 0xf7, 0x99, 0xf7, 0x79, 0xf7, 0x98, 0xef, 0x79, 0xf7,
    0x99, 0xf7, 0x79, 0xef, 0x99, 0xf7, 0x99, 0xf7, 0x79, 0xef, 0x98, 0xf7,
    0x99, 0xf7, 0x79, 0xef, 0x99, 0xf7, 0x98, 0xf7, 0x79, 0xf7, 0x99, 0xf7,
    0x99, 0xef, 0x79, 0xf7, 0x79, 0xef, 0x99, 0xf7, 0x9a, 0xf7, 0x9b, 0xf7,
    0x38, 0xe7, 0x15, 0xe7, 0x16, 0xe7, 0x36, 0xe7, 0x36, 0xe7, 0x36, 0xdf,
    0x36, 0xe7, 0x16, 0xdf, 0x36, 0xe7, 0x16, 0xe7, 0x36, 0xe7, 0x36, 0xe7,
    0x36, 0xe7, 0x36, 0xe7, 0x36, 0xe7, 0x36, 0xe7, 0x16, 0xe7, 0x36, 0xe7,
    0x16, 0xe7, 0x36, 0xe7, 0x36, 0xe7, 0x37, 0xe7, 0x16, 0xe7, 0x36, 0xe7,
    0x36, 0xe7, 0x16, 0xe7, 0x16, 0xe7, 0x15, 0xe7, 0x16, 0xe7, 0x37, 0xe7,
    0x79, 0xef, 0x9b, 0xf7, 0xbc, 0xf7, 0x9a, 0xf7, 0x99, 0xf7, 0x78, 0xf7,
    0x79, 0xf7, 0x98, 0xf7, 0x98, 0xef, 0x99, 0xef, 0x78, 0xef, 0x98, 0xf7,
    0x79, 0xf7, 0x98, 0xef, 0x78, 0xef, 0x79, 0xf7, 0x98, 0xef, 0x78, 0xf7,
    0x79, 0xef, 0x78, 0xef, 0x98, 0xf7, 0x78, 0xf7, 0x79, 0xf7, 0x78, 0xef,
    0x78, 0xef, 0x78, 0xf7, 0x78, 0xf7, 0x78, 0xef, 0x78, 0xf7, 0x78, 0xf7,
    0x78, 0xef, 0x78, 0xf7, 0x78, 0xef, 0x78, 0xef, 0x78, 0xef, 0x78, 0xf7,
    0x58, 0xef, 0x78, 0xef, 0x78, 0xf7, 0x78, 0xef, 0x78, 0xf7, 0x78, 0xef,
    0x78, 0xef, 0x78, 0xef, 0x78, 0xef, 0x78, 0xef, 0x78, 0xf7, 0x78, 0xef,
    0x78, 0xef, 0x78, 0xf7, 0x78, 0xef, 0x78, 0xef, 0x78, 0xf7, 0x78, 0xf7,
    0x78, 0xef, 0x99, 0xef, 0x78, 0xf7, 0x78, 0xf7, 0x98, 0xef, 0x78, 0xef,
    0x78, 0xf7, 0x98, 0xef, 0x79, 0xf7, 0x78, 0xf7, 0x79, 0xef, 0x98, 0xf7,
    0x78, 0xf7, 0x99, 0xef, 0x78, 0xf7, 0x78, 0xef, 0x79, 0xef, 0x99, 0xf7,
    0x78, 0xf7, 0x99, 0xf7, 0x78, 0xef, 0x78, 0xf7, 0x98, 0xef, 0x99, 0xf7,
    0xba, 0xf7, 0xbc, 0xff, 0x9c, 0xf7, 0x7a, 0xef, 0x37, 0xe7, 0x16, 0xe7,
    0x16, 0xe7, 0x36, 0xe7, 0x37, 0xe7, 0x57, 0xe7, 0x37, 0xe7, 0x36, 0xe7,
    0x37, 0xe7, 0x36, 0xe7, 0x36, 0xe7, 0x37, 0xe7, 0x37, 0xe7, 0x36, 0xe7,
    0x37, 0xe7, 0x36, 0xe7, 0x36, 0xe7, 0x37, 0xe7, 0x36, 0xe7, 0x36, 0xe7,
    0x36, 0xe7, 0x36, 0xe7, 0x36, 0xe7, 0x36, 0xe7, 0x36, 0xe7, 0x36, 0xe7,
    0x36, 0xe7, 0x36, 0xe7, 0x16, 0xe7, 0x36, 0xe7, 0x36, 0xe7, 0x16, 0xe7,
    0x16, 0xe7, 0x58, 0xe7, 0x9a, 0xf7, 0x99, 0xf7, 0x79, 0xef, 0x79, 0xf7,
    0x79, 0xf7, 0x79, 0xf7, 0x78, 0xf7, 0x99, 0xef, 0x79, 0xf7, 0x78, 0xf7,
    0x78, 0xef, 0x99, 0xf7, 0x99, 0xf7, 0x78, 0xef, 0x79, 0xf7, 0x98, 0xf7,
    0x78, 0xef, 0x99, 0xf7, 0x79, 0xef, 0x79, 0xef, 0x99, 0xf7, 0x79, 0xef,
    0x99, 0xef, 0x99, 0xf7, 0x99, 0xf7, 0x79, 0xf7, 0x99, 0xf7, 0x79, 0xef,
    0x79, 0xf7, 0x99, 0xef, 0x78, 0xef, 0x79, 0xf7, 0x79, 0xf7, 0x99, 0xf7,
    0x78, 0xf7, 0x99, 0xf7, 0x79, 0xef, 0x99, 0xf7, 0x99, 0xf7, 0x99, 0xf7,
    0x79, 0xf7, 0x79, 0xef, 0x79, 0xf7, 0x99, 0xf7, 0x78, 0xf7, 0x99, 0xf7,
    0x99, 0xf7, 0x99, 0xf7, 0x99, 0xf7, 0x99, 0xf7, 0x99, 0xf7, 0x79, 0xef,
    0x99, 0xef, 0x79, 0xf7, 0x99, 0xf7, 0x79, 0xef, 0x79, 0xf7, 0x99, 0xf7,
    0x79, 0xf7, 0x79, 0xf7, 0x98, 0xef, 0x79, 0xf7, 0x79, 0xef, 0x99, 0xf7,
    0x99, 0xf7, 0x78, 0xf7, 0x99, 0xef, 0x79, 0xf7, 0x79, 0xf7, 0x78, 0xef,
    0x99, 0xf7, 0x79, 0xf7, 0x78, 0xef, 0x98, 0xef, 0x99, 0xf7, 0x79, 0xef,
    0x78, 0xf7, 0x98, 0xf7, 0x79, 0xef, 0x79, 0xf7, 0x98, 0xef, 0x78, 0xf7,
    0x79, 0xef, 0x99, 0xf7, 0x78, 0xf7, 0x99, 0xef, 0x79, 0xf7, 0x98, 0xf7,
    0x79, 0xf7, 0x78, 0xef, 0x99, 0xf7, 0xbb, 0xf7, 0x59, 0xef, 0x16, 0xe7,
    0x15, 0xe7, 0x16, 0xe7, 0x36, 0xe7, 0x16, 0xdf, 0x16, 0xe7, 0x36, 0xe7,
    0x16, 0xe7, 0x16, 0xe7, 0x36, 0xe7, 0x36, 0xdf, 0x36, 0xe7, 0x36, 0xe7,
    0x36, 0xe7, 0x36, 0xe7, 0x36, 0xe7, 0x36, 0xe7, 0x36, 0xe7, 0x36, 0xe7,
    0x36, 0xe7, 0x37, 0xe7, 0x36, 0xe7, 0x36, 0xe7, 0x36, 0xe7, 0x37, 0xe7,
    0x36, 0xe7, 0x36, 0xe7, 0x36, 0xe7, 0x36, 0xe7, 0x36, 0xe7, 0x16, 0xdf,
    0x15, 0xdf, 0x16, 0xe7, 0x37, 0xe7, 0x7a, 0xef, 0xbb, 0xf7, 0xbb, 0xf7,
    0xb9, 0xf7, 0x99, 0xf7, 0x78, 0xef, 0x78, 0xf7, 0x99, 0xf7, 0x98, 0xef,
    0x79, 0xf7, 0x98, 0xf7, 0x78, 0xef, 0x78, 0xf7, 0x78, 0xef, 0x98, 0xf7,
    0x98, 0xf7, 0x79, 0xef, 0x78, 0xef, 0x78, 0xf7, 0x78, 0xef, 0x98, 0xf7,
    0x78, 0xf7, 0x79, 0xef, 0x78, 0xef, 0x78, 0xef, 0x78, 0xef, 0x78, 0xef,
    0x78, 0xf7, 0x78, 0xef, 0x78, 0xf7, 0x78, 0xef, 0x78, 0xf7, 0x78, 0xef,
    0x78, 0xef, 0x78, 0xf7, 0x78, 0xef, 0x78, 0xef, 0x78, 0xf7, 0x78, 0xef,
    0x78, 0xef, 0x78, 0xf7, 0x78, 0xf7, 0x78, 0xef, 0x78, 0xf7, 0x78, 0xf7,
    0x78, 0xef, 0x98, 0xf7, 0x79, 0xef, 0x78, 0xef, 0x78, 0xef, 0x78, 0xf7,
    0x78, 0xef, 0x78, 0xef, 0x78, 0xf7, 0x98, 0xf7, 0x79, 0xef, 0x78, 0xf7,
    0x78, 0xef, 0x78, 0xef, 0x78, 0xf7, 0x78, 0xef, 0x98, 0xef, 0x79, 0xf7,
    0x78, 0xef, 0x98, 0xf7, 0x99, 0xf7, 0x98, 0xef, 0x98, 0xf7, 0x79, 0xf7,
    0x98, 0xef, 0x78, 0xef, 0x98, 0xf7, 0x99, 0xf7, 0xbb, 0xff, 0xbc, 0xf7,
    0x7a, 0xef, 0x16, 0xdf, 0xd4, 0xd6, 0xb4, 0xd6, 0xd4, 0xd6, 0xd4, 0xd6,
    0xd4, 0xd6, 0xf5, 0xde, 0xf5, 0xde, 0xf5, 0xde, 0x15, 0xdf, 0x16, 0xe7,
    0x16, 0xe7, 0x36, 0xe7, 0x36, 0xe7, 0x37, 0xe7, 0x57, 0xe7, 0x37, 0xe7,
    0x57, 0xe7, 0x57, 0xe7, 0x37, 0xe7, 0x36, 0xe7, 0x37, 0xe7, 0x36, 0xe7,
    0x36, 0xe7, 0x36, 0xe7, 0x37, 0xe7, 0x37, 0xe7, 0x36, 0xe7, 0x16, 0xe7,
    0x36, 0xe7, 0x36, 0xe7, 0x16, 0xe7, 0x16, 0xe7, 0x36, 0xe7, 0x36, 0xe7,
    0x16, 0xe7, 0x16, 0xe7, 0x36, 0xe7, 0x7a, 0xef, 0xba, 0xf7, 0x99, 0xf7,
    0x99, 0xef, 0x79, 0xf7, 0x78, 0xef, 0x78, 0xf7, 0x79, 0xf7, 0x79, 0xef,
    0x98, 0xf7, 0x79, 0xf7, 0x78, 0xf7, 0x98, 0xef, 0x79, 0xf7, 0x99, 0xef,
    0x79, 0xf7, 0x78, 0xf7, 0x98, 0xef, 0x99, 0xf7, 0x79, 0xf7, 0x99, 0xf7,
    0x99, 0xf7, 0x99, 0xf7, 0x99, 0xef, 0x79, 0xf7, 0x98, 0xf7, 0x99, 0xf7,
    0x79, 0xf7, 0x99, 0xf7, 0x79, 0xf7, 0x78, 0xef, 0x79, 0xef, 0x79, 0xf7,
    0x99, 0xef, 0x79, 0xf7, 0x99, 0xf7, 0x99, 0xef, 0x79, 0xf7, 0x79, 0xf7,
    0x99, 0xef, 0x99, 0xf7, 0x79, 0xef, 0x98, 0xf7, 0x79, 0xef, 0x99, 0xf7,
    0x99, 0xf7, 0x99, 0xf7, 0x99, 0xf7, 0x99, 0xf7, 0x99, 0xf7, 0x99, 0xf7,
    0x99, 0xf7, 0x99, 0xf7, 0x99, 0xf7, 0x99, 0xef, 0x79, 0xef, 0x99, 0xf7,
    0x79, 0xef, 0x99, 0xf7, 0x79, 0xf7, 0x99, 0xf7, 0x78, 0xf7, 0x99, 0xef,
    0x99, 0xf7, 0x99, 0xf7, 0x98, 0xef, 0x79, 0xf7, 0x99, 0xf7, 0x99, 0xef,
    0x99, 0xf7, 0x78, 0xef, 0x99, 0xf7, 0x99, 0xf7, 0x79, 0xf7, 0x98, 0xef,
    0x99, 0xf7, 0x79, 0xf7, 0x98, 0xef, 0x79, 0xf7, 0x99, 0xf7, 0x78, 0xef,
    0x99, 0xf7, 0x78, 0xf7, 0x98, 0xf7, 0x99, 0xef, 0x79, 0xef, 0x99, 0xf7,
    0x98, 0xef, 0x9a, 0xf7, 0x9a, 0xf7, 0x37, 0xe7, 0x15, 0xdf, 0x16, 0xe7,
    0x16, 0xdf, 0x36, 0xe7, 0x16, 0xe7, 0x16, 0xe7, 0x36, 0xe7, 0x36, 0xe7,
    0x36, 0xe7, 0x36, 0xe7, 0x36, 0xe7, 0x36, 0xe7, 0x16, 0xe7, 0x36, 0xe7,
    0x36, 0xdf, 0x36, 0xe7, 0x37, 0xe7, 0x37, 0xe7, 0x37, 0xe7, 0x57, 0xe7,
    0x37, 0xe7, 0x37, 0xe7, 0x36, 0xe7, 0x36, 0xe7, 0x16, 0xdf, 0x16, 0xdf,
    0xf5, 0xde, 0xf5, 0xde, 0xf5, 0xd6, 0xd5, 0xd6, 0xf5, 0xde, 0xd4, 0xd6,
    0xd4, 0xd6, 0xd4, 0xd6, 0xb4, 0xd6, 0xd3, 0xd6, 0xd4, 0xd6, 0x38, 0xe7,
    0x7a, 0xef, 0xbb, 0xf7, 0xba, 0xf7, 0x99, 0xf7, 0x78, 0xf7, 0x78, 0xef,
    0x99, 0xf7, 0x79, 0xef, 0x78, 0xf7, 0x78, 0xef, 0x79, 0xf7, 0x78, 0xf7,
    0x78, 0xef, 0x78, 0xf7, 0x79, 0xef, 0x98, 0xef, 0x78, 0xf7, 0x78, 0xef,
    0x78, 0xf7, 0x78, 0xef, 0x78, 0xef, 0x78, 0xf7, 0x78, 0xf7, 0x79, 0xef,
    0x78, 0xf7, 0x78, 0xef, 0x78, 0xef, 0x78, 0xf7, 0x78, 0xef, 0x78, 0xef,
    0x78, 0xef, 0x78, 0xf7, 0x78, 0xef, 0x78, 0xef, 0x78, 0xf7, 0x78, 0xef,
    0x78, 0xef, 0x78, 0xef, 0x78, 0xf7, 0x78, 0xef, 0x78, 0xef, 0x78, 0xf7,
    0x79, 0xf7, 0x78, 0xef, 0x78, 0xf7, 0x78, 0xf7, 0x78, 0xf7, 0x99, 0xef,
    0x78, 0xf7, 0x78, 0xf7, 0x78, 0xef, 0x78, 0xef, 0x78, 0xf7, 0x79, 0xf7,
    0x98, 0xef, 0x79, 0xf7, 0x78, 0xef, 0x99, 0xf7, 0x78, 0xf7, 0x98, 0xef,
    0x79, 0xef, 0x78, 0xf7, 0x99, 0xef, 0x78, 0xf7, 0x78, 0xf7, 0x98, 0xef,
    0x99, 0xf7, 0xba, 0xf7, 0xbc, 0xf7, 0x9b, 0xf7, 0x59, 0xe7, 0xf5, 0xde,
    0xb3, 0xd6, 0xd4, 0xd6, 0xd4, 0xd6, 0xd4, 0xde, 0xd4, 0xd6, 0xd4, 0xd6,
    0xd4, 0xd6, 0xd4, 0xd6, 0xd4, 0xd6, 0xd4, 0xd6, 0xd4, 0xd6, 0xd4, 0xd6,
    0xd4, 0xd6, 0xd4, 0xde, 0xd5, 0xde, 0xf5, 0xde, 0x15, 0xe7, 0x36, 0xe7,
    0x57, 0xef, 0x57, 0xef, 0x57, 0xe7, 0x57, 0xef, 0x58, 0xef, 0x57, 0xe7,
    0x57, 0xe7, 0x57, 0xe7, 0x37, 0xe7, 0x37, 0xe7, 0x37, 0xe7, 0x36, 0xe7,
    0x36, 0xe7, 0x37, 0xe7, 0x36, 0xe7, 0x16, 0xe7, 0x36, 0xe7, 0x36, 0xe7,
    0x16, 0xe7, 0x36, 0xe7, 0x16, 0xe7, 0x16, 0xe7, 0x58, 0xef, 0xba, 0xf7,
    0x99, 0xf7, 0x99, 0xef, 0x99, 0xf7, 0x99, 0xf7, 0x78, 0xef, 0x99, 0xf7,
    0x99, 0xef, 0x79, 0xf7, 0x78, 0xef, 0x79, 0xef, 0x99, 0xf7, 0x78, 0xf7,
    0x99, 0xf7, 0x99, 0xef, 0x79, 0xf7, 0x99, 0xf7, 0x78, 0xef, 0x79, 0xf7,
    0x79, 0xf7, 0x79, 0xf7, 0x78, 0xef, 0x99, 0xf7, 0x79, 0xf7, 0x98, 0xef,
    0x98, 0xef, 0x79, 0xf7, 0x99, 0xf7, 0x99, 0xf7, 0x98, 0xf7, 0x99, 0xef,
    0x79, 0xf7, 0x78, 0xf7, 0x99, 0xf7, 0x79, 0xf7, 0x78, 0xef, 0x99, 0xf7,
    0x79, 0xf7, 0x78, 0xef, 0x99, 0xf7, 0x79, 0xf7, 0x99, 0xf7, 0x99, 0xef,
    0x99, 0xf7, 0x99, 0xf7, 0x99, 0xef, 0x99, 0xef, 0x79, 0xf7, 0x99, 0xf7,
    0x99, 0xef, 0x79, 0xf7, 0x99, 0xf7, 0x98, 0xf7, 0x99, 0xf7, 0x99, 0xf7,
    0x98, 0xf7, 0x79, 0xef, 0x99, 0xf7, 0x99, 0xf7, 0x79, 0xf7, 0x98, 0xef,
    0x99, 0xf7, 0x99, 0xf7, 0x79, 0xf7, 0x98, 0xf7, 0x98, 0xef, 0x79, 0xf7,
    0x98, 0xf7, 0x79, 0xf7, 0x98, 0xf7, 0x79, 0xf7, 0x78, 0xef, 0x99, 0xf7,
    0x79, 0xef, 0x98, 0xf7, 0x79, 0xf7, 0x99, 0xf7, 0x98, 0xef, 0x79, 0xf7,
    0x99, 0xf7, 0x99, 0xf7, 0x99, 0xf7, 0x99, 0xef, 0x99, 0xf7, 0x98, 0xf7,
    0x9a, 0xf7, 0x9a, 0xef, 0x36, 0xe7, 0x15, 0xdf, 0x16, 0xe7, 0x16, 0xe7,
    0x16, 0xe7, 0x36, 0xe7, 0x36, 0xe7, 0x16, 0xe7, 0x36, 0xe7, 0x36, 0xe7,
    0x36, 0xdf, 0x16, 0xe7, 0x36, 0xe7, 0x37, 0xe7, 0x37, 0xe7, 0x37, 0xe7,
    0x37, 0xe7, 0x37, 0xe7, 0x37, 0xe7, 0x57, 0xe7, 0x57, 0xe7, 0x37, 0xe7,
    0x36, 0xe7, 0x15, 0xdf, 0xd4, 0xde, 0xd4, 0xd6, 0xb4, 0xd6, 0xb4, 0xd6,
    0xd4, 0xd6, 0xd4, 0xd6, 0xd4, 0xd6, 0xd4, 0xde, 0xd4, 0xde, 0xd4, 0xde,
    0xd4, 0xd6, 0xd4, 0xd6, 0xd4, 0xd6, 0xd4, 0xde, 0xd4, 0xd6, 0xb3, 0xd6,
    0xb4, 0xd6, 0xf6, 0xde, 0x7a, 0xef, 0xbc, 0xf7, 0xbb, 0xff, 0x99, 0xf7,
    0x78, 0xef, 0x98, 0xf7, 0x79, 0xef, 0x98, 0xef, 0x99, 0xf7, 0x99, 0xef,
    0x98, 0xf7, 0x78, 0xf7, 0x78, 0xef, 0x79, 0xf7, 0x78, 0xef, 0x78, 0xef,
    0x79, 0xf7, 0x78, 0xef, 0x78, 0xef, 0x78, 0xf7, 0x78, 0xef, 0x78, 0xef,
    0x78, 0xef, 0x78, 0xf7, 0x78, 0xef, 0x78, 0xef, 0x78, 0xf7, 0x78, 0xef,
    0x78, 0xf7, 0x78, 0xef, 0x78, 0xef, 0x78, 0xf7, 0x78, 0xef, 0x78, 0xef,
    0x78, 0xef, 0x78, 0xef, 0x78, 0xf7, 0x78, 0xef, 0x78, 0xef, 0x78, 0xf7,
    0x78, 0xf7, 0x78, 0xef, 0x78, 0xef, 0x78, 0xef, 0x78, 0xf7, 0x78, 0xef,
    0x78, 0xef, 0x78, 0xf7, 0x99, 0xef, 0x78, 0xf7, 0x78, 0xf7, 0x98, 0xef,
    0x78, 0xef, 0x78, 0xf7, 0x98, 0xef, 0x78, 0xf7, 0x99, 0xf7, 0x99, 0xef,
    0x78, 0xf7, 0x99, 0xef, 0x98, 0xef, 0x78, 0xf7, 0x9a, 0xf7, 0xbb, 0xf7,
    0xbc, 0xf7, 0x7a, 0xef, 0x17, 0xdf, 0xd4, 0xd6, 0xb3, 0xd6, 0xd4, 0xd6,
    0xd4, 0xde, 0xd4, 0xde, 0xd4, 0xd6, 0xd4, 0xd6, 0xd4, 0xd6, 0xd4, 0xd6,
    0xd4, 0xd6, 0xd4, 0xd6, 0xd4, 0xd6, 0xd4, 0xd6, 0xd4, 0xde, 0xd4, 0xd6,
    0xd4, 0xd6, 0xd4, 0xd6, 0xf5, 0xde, 0xf5, 0xde, 0x16, 0xdf, 0x37, 0xe7,
    0x38, 0xe7, 0x38, 0xe7, 0x58, 0xef, 0x79, 0xef, 0x78, 0xef, 0x58, 0xef,
    0x58, 0xef, 0x57, 0xef, 0x57, 0xef, 0x57, 0xe7, 0x57, 0xe7, 0x37, 0xe7,
    0x37, 0xe7, 0x37, 0xe7, 0x37, 0xe7, 0x36, 0xe7, 0x37, 0xe7, 0x36, 0xe7,
    0x16, 0xe7, 0x36, 0xe7, 0x36, 0xe7, 0x16, 0xe7, 0x16, 0xdf, 0x38, 0xef,
    0x9a, 0xf7, 0x99, 0xf7, 0x79, 0xf7, 0x78, 0xef, 0x99, 0xf7, 0x78, 0xf7,
    0x79, 0xef, 0x79, 0xf7, 0x98, 0xf7, 0x78, 0xef, 0x99, 0xf7, 0x78, 0xf7,
    0x99, 0xef, 0x78, 0xf7, 0x79, 0xf7, 0x99, 0xef, 0x99, 0xf7, 0x98, 0xef,
    0x99, 0xf7, 0x99, 0xf7, 0x98, 0xef, 0x99, 0xf7, 0x79, 0xf7, 0x79, 0xf7,
    0x99, 0xf7, 0x78, 0xf7, 0x78, 0xef, 0x99, 0xf7, 0x78, 0xf7, 0x99, 0xf7,
    0x79, 0xef, 0x98, 0xef, 0x99, 0xf7, 0x79, 0xf7, 0x99, 0xf7, 0x98, 0xef,
    0x78, 0xf7, 0x99, 0xf7, 0x78, 0xef, 0x79, 0xf7, 0x99, 0xf7, 0x78, 0xf7,
    0x99, 0xf7, 0x99, 0xf7, 0x99, 0xf7, 0x99, 0xf7, 0x79, 0xf7, 0x99, 0xf7,
    0x99, 0xef, 0x79, 0xf7, 0x99, 0xf7, 0x99, 0xef, 0x99, 0xf7, 0x99, 0xf7,
    0x98, 0xf7, 0x79, 0xef, 0x78, 0xef, 0x99, 0xf7, 0x99, 0xf7, 0x79, 0xf7,
    0x78, 0xf7, 0x79, 0xef, 0x79, 0xf7, 0x98, 0xf7, 0x99, 0xf7, 0x79, 0xef,
    0x78, 0xf7, 0x99, 0xef, 0x99, 0xf7, 0x78, 0xef, 0x99, 0xf7, 0x79, 0xf7,
    0x78, 0xef, 0x98, 0xef, 0x79, 0xf7, 0x99, 0xef, 0x79, 0xf7, 0x78, 0xef,
    0x98, 0xf7, 0x99, 0xef, 0x79, 0xef, 0x98, 0xf7, 0x99, 0xf7, 0x9a, 0xf7,
    0x59, 0xef, 0x16, 0xe7, 0x16, 0xe7, 0x16, 0xe7, 0x16, 0xe7, 0x16, 0xe7,
    0x36, 0xe7, 0x36, 0xe7, 0x36, 0xe7, 0x36, 0xe7, 0x37, 0xe7, 0x37, 0xe7,
    0x37, 0xe7, 0x37, 0xe7, 0x36, 0xe7, 0x37, 0xe7, 0x37, 0xe7, 0x37, 0xe7,
    0x37, 0xe7, 0x57, 0xef, 0x58, 0xef, 0x58, 0xef, 0x37, 0xe7, 0x37, 0xe7,
    0x16, 0xe7, 0xf6, 0xde, 0xf5, 0xde, 0xd4, 0xd6, 0xd4, 0xd6, 0xb3, 0xd6,
    0xd4, 0xd6, 0xd4, 0xde, 0xd4, 0xde, 0xd4, 0xd6, 0xd4, 0xd6, 0xd4, 0xd6,
    0xd4, 0xde, 0xd4, 0xde, 0xd4, 0xd6, 0xd4, 0xd6, 0xd4, 0xd6, 0xd4, 0xde,
    0xd4, 0xd6, 0xd4, 0xd6, 0xb3, 0xd6, 0xd5, 0xde, 0x38, 0xe7, 0x9b, 0xf7,
    0xbc, 0xf7, 0xbb, 0xf7, 0x99, 0xf7, 0x78, 0xf7, 0x98, 0xf7, 0x79, 0xef,
    0x98, 0xf7, 0x99, 0xef, 0x78, 0xf7, 0x78, 0xef, 0x98, 0xf7, 0x79, 0xf7,
    0x78, 0xef, 0x78, 0xf7, 0x78, 0xf7, 0x79, 0xef, 0x78, 0xf7, 0x78, 0xef,
    0x78, 0xf7, 0x78, 0xef, 0x78, 0xef, 0x78, 0xf7, 0x78, 0xef, 0x78, 0xf7,
    0x78, 0xf7, 0x78, 0xef, 0x78, 0xef, 0x78, 0xf7, 0x78, 0xef, 0x78, 0xef,
    0x78, 0xef, 0x78, 0xf7, 0x78, 0xef, 0x78, 0xf7, 0x78, 0xef, 0x78, 0xef,
    0x78, 0xf7, 0x78, 0xef, 0x98, 0xf7, 0x78, 0xf7, 0x78, 0xef, 0x98, 0xf7,
    0x78, 0xf7, 0x79, 0xef, 0x98, 0xf7, 0x78, 0xef, 0x79, 0xef, 0x78, 0xf7,
    0x78, 0xf7, 0x99, 0xef, 0x99, 0xf7, 0x78, 0xef, 0x78, 0xef, 0x78, 0xf7,
    0x78, 0xef, 0x99, 0xf7, 0xba, 0xf7, 0xdc, 0xff, 0xbc, 0xf7, 0x59, 0xe7,
    0xf5, 0xde, 0xb4, 0xd6, 0xd4, 0xd6, 0xd4, 0xde, 0xd4, 0xde, 0xd5, 0xd6,
    0xd5, 0xde, 0xd4, 0xde, 0xf5, 0xd6, 0xd4, 0xde, 0xd4, 0xd6, 0xd4, 0xd6,
    0xd4, 0xde, 0xb4, 0xd6, 0xd3, 0xd6, 0xd4, 0xde, 0xf5, 0xde, 0x17, 0xdf,
    0x17, 0xe7, 0x38, 0xe7, 0x38, 0xe7, 0x17, 0xdf, 0xf6, 0xde, 0xd5, 0xd6,
    0xb4, 0xd6, 0xb4, 0xd6, 0xb3, 0xd6, 0xd4, 0xd6, 0x16, 0xdf, 0x57, 0xe7,
    0x57, 0xef, 0x37, 0xe7, 0x37, 0xe7, 0x37, 0xe7, 0x36, 0xe7, 0x37, 0xe7,
    0x36, 0xe7, 0x36, 0xe7, 0x36, 0xe7, 0x36, 0xe7, 0x36, 0xe7, 0x36, 0xe7,
    0x16, 0xe7, 0x16, 0xe7, 0x16, 0xe7, 0x16, 0xe7, 0x16, 0xe7, 0x16, 0xdf,
    0x37, 0xe7, 0x9a, 0xf7, 0x99, 0xf7, 0x79, 0xf7, 0x99, 0xf7, 0x78, 0xef,
    0x79, 0xf7, 0x79, 0xf7, 0x99, 0xf7, 0x98, 0xef, 0x79, 0xef, 0x79, 0xef,
    0x98, 0xf7, 0x79, 0xf7, 0x99, 0xef, 0x78, 0xf7, 0x79, 0xf7, 0x79, 0xef,
    0x98, 0xef, 0x99, 0xf7, 0x79, 0xf7, 0x99, 0xf7, 0x99, 0xef, 0x79, 0xef,
    0x99, 0xf7, 0x99, 0xf7, 0x79, 0xef, 0x78, 0xef, 0x79, 0xf7, 0x79, 0xf7,
    0x98, 0xef, 0x79, 0xf7, 0x79, 0xf7, 0x99, 0xf7, 0x79, 0xf7, 0x99, 0xf7,
    0x79, 0xef, 0x79, 0xf7, 0x78, 0xf7, 0x79, 0xef, 0x99, 0xef, 0x79, 0xf7,
    0x99, 0xef, 0x99, 0xf7, 0x79, 0xf7, 0x99, 0xf7, 0x99, 0xf7, 0x98, 0xf7,
    0x99, 0xf7, 0x99, 0xf7, 0x99, 0xef, 0x79, 0xf7, 0x79, 0xf7, 0x99, 0xef,
    0x79, 0xf7, 0x99, 0xf7, 0x79, 0xf7, 0x98, 0xef, 0x79, 0xf7, 0x99, 0xf7,
    0x99, 0xef, 0x79, 0xef, 0x99, 0xf7, 0x98, 0xf7, 0x79, 0xef, 0x99, 0xf7,
    0x98, 0xf7, 0x79, 0xef, 0x79, 0xf7, 0x78, 0xf7, 0x98, 0xef, 0x99, 0xf7,
    0x79, 0xf7, 0x99, 0xf7, 0x99, 0xef, 0x79, 0xf7, 0x98, 0xf7, 0x79, 0xf7,
    0x79, 0xef, 0x98, 0xf7, 0x99, 0xf7, 0x99, 0xf7, 0x9a, 0xf7, 0x58, 0xe7,
    0x16, 0xdf, 0x16, 0xe7, 0x16, 0xe7, 0x16, 0xe7, 0x16, 0xdf, 0x36, 0xe7,
    0x36, 0xe7, 0x36, 0xdf, 0x16, 0xe7, 0x36, 0xe7, 0x36, 0xe7, 0x36, 0xe7,
    0x36, 0xe7, 0x36, 0xe7, 0x36, 0xe7, 0x36, 0xe7, 0x36, 0xe7, 0x37, 0xe7,
    0x37, 0xe7, 0x16, 0xdf, 0xf5, 0xde, 0xb4, 0xd6, 0xb4, 0xd6, 0xd4, 0xd6,
    0xd5, 0xd6, 0xf6, 0xde, 0x16, 0xdf, 0x37, 0xe7, 0x38, 0xe7, 0x17, 0xe7,
    0x16, 0xdf, 0xf5, 0xde, 0xd4, 0xd6, 0xd4, 0xd6, 0xd4, 0xd6, 0xd4, 0xd6,
    0xd4, 0xd6, 0xd4, 0xd6, 0xd4, 0xde, 0xd4, 0xd6, 0xd4, 0xd6, 0xd4, 0xd6,
    0xd4, 0xde, 0xd4, 0xd6, 0xd4, 0xd6, 0xd4, 0xd6, 0xb3, 0xd6, 0xd4, 0xd6,
    0x16, 0xdf, 0x59, 0xef, 0xbc, 0xf7, 0xbc, 0xff, 0xba, 0xf7, 0x99, 0xf7,
    0x78, 0xef, 0x98, 0xef, 0x98, 0xf7, 0x98, 0xef, 0x78, 0xf7, 0x78, 0xef,
    0x78, 0xef, 0x78, 0xf7, 0x99, 0xef, 0x78, 0xef, 0x78, 0xf7, 0x78, 0xf7,
    0x79, 0xf7, 0x78, 0xf7, 0x79, 0xf7, 0x78, 0xef, 0x78, 0xf7, 0x78, 0xef,
    0x78, 0xef, 0x78, 0xf7, 0x79, 0xf7, 0x78, 0xf7, 0x78, 0xef, 0x78, 0xf7,
    0x78, 0xef, 0x78, 0xf7, 0x78, 0xef, 0x78, 0xf7, 0x78, 0xf7, 0x78, 0xef,
    0x78, 0xef, 0x98, 0xf7, 0x79, 0xf7, 0x78, 0xef, 0x78, 0xef, 0x99, 0xf7,
    0x78, 0xef, 0x78, 0xf7, 0x78, 0xf7, 0x99, 0xf7, 0x99, 0xef, 0x98, 0xf7,
    0x99, 0xf7, 0x78, 0xf7, 0x98, 0xef, 0x98, 0xef, 0x99, 0xf7, 0xba, 0xf7,
    0xbc, 0xff, 0xbc, 0xf7, 0x7a, 0xef, 0x17, 0xe7, 0xf4, 0xde, 0xf4, 0xde,
    0xd4, 0xde, 0xf4, 0xde, 0xf5, 0xde, 0xd5, 0xde, 0xf4, 0xd6, 0xf4, 0xd6,
    0xd4, 0xde, 0xf5, 0xd6, 0xd4, 0xde, 0xd4, 0xd6, 0xd4, 0xd6, 0xd4, 0xd6,
    0xd4, 0xde, 0xf5, 0xde, 0x17, 0xe7, 0x37, 0xe7, 0x17, 0xe7, 0xf6, 0xde,
    0xf5, 0xde, 0xd4, 0xd6, 0xd4, 0xd6, 0xb4, 0xd6, 0xb4, 0xd6, 0xb3, 0xd6,
    0xb4, 0xd6, 0xb4, 0xd6, 0xb3, 0xd6, 0xb3, 0xd6, 0xb4, 0xd6, 0xd4, 0xd6,
    0xf5, 0xde, 0x37, 0xe7, 0x57, 0xef, 0x57, 0xef, 0x37, 0xe7, 0x36, 0xe7,
    0x37, 0xe7, 0x37, 0xe7, 0x37, 0xe7, 0x36, 0xe7, 0x36, 0xe7, 0x36, 0xe7,
    0x37, 0xe7, 0x16, 0xe7, 0x36, 0xe7, 0x16, 0xe7, 0x16, 0xe7, 0x36, 0xe7,
    0x16, 0xe7, 0x16, 0xe7, 0x9a, 0xf7, 0x9a, 0xf7, 0x99, 0xef, 0x98, 0xf7,
    0x78, 0xef, 0x99, 0xef, 0x78, 0xef, 0x78, 0xf7, 0x79, 0xf7, 0x79, 0xef,
    0x98, 0xf7, 0x99, 0xef, 0x79, 0xf7, 0x98, 0xf7, 0x79, 0xef, 0x79, 0xf7,
    0x78, 0xf7, 0x79, 0xef, 0x79, 0xf7, 0x98, 0xf7, 0x79, 0xef, 0x98, 0xf7,
    0x98, 0xf7, 0x79, 0xef, 0x99, 0xf7, 0x98, 0xf7, 0x99, 0xf7, 0x78, 0xef,
    0x99, 0xf7, 0x78, 0xf7, 0x98, 0xef, 0x78, 0xef, 0x99, 0xf7, 0x79, 0xef,
    0x78, 0xf7, 0x98, 0xef, 0x79, 0xf7, 0x78, 0xf7, 0x79, 0xf7, 0x99, 0xf7,
    0x78, 0xf7, 0x99, 0xef, 0x78, 0xf7, 0x99, 0xf7, 0x79, 0xef, 0x98, 0xef,
    0x79, 0xf7, 0x79, 0xef, 0x78, 0xf7, 0x99, 0xf7, 0x78, 0xef, 0x79, 0xf7,
    0x99, 0xef, 0x78, 0xf7, 0x99, 0xf7, 0x78, 0xef, 0x79, 0xf7, 0x98, 0xf7,
    0x98, 0xef, 0x79, 0xf7, 0x98, 0xf7, 0x79, 0xef, 0x79, 0xef, 0x98, 0xf7,
    0x98, 0xf7, 0x78, 0xf7, 0x99, 0xef, 0x99, 0xf7, 0x78, 0xef, 0x99, 0xf7,
    0x78, 0xef, 0x79, 0xf7, 0x99, 0xf7, 0x78, 0xef, 0x99, 0xf7, 0x99, 0xf7,
    0x79, 0xef, 0x79, 0xf7, 0x99, 0xf7, 0x9b, 0xf7, 0x58, 0xe7, 0x16, 0xe7,
    0x16, 0xe7, 0x16, 0xdf, 0x16, 0xe7, 0x16, 0xe7, 0x36, 0xdf, 0x36, 0xe7,
    0x36, 0xe7, 0x16, 0xe7, 0x36, 0xe7, 0x37, 0xe7, 0x36, 0xe7, 0x16, 0xe7,
    0x36, 0xe7, 0x16, 0xe7, 0x37, 0xe7, 0x37, 0xe7, 0x36, 0xe7, 0x16, 0xdf,
    0xd4, 0xd6, 0xb4, 0xd6, 0xd4, 0xd6, 0xd4, 0xd6, 0xb4, 0xd6, 0xd4, 0xd6,
    0xb3, 0xd6, 0xb3, 0xd6, 0xd4, 0xd6, 0xd4, 0xd6, 0xd4, 0xd6, 0xf5, 0xde,
    0x16, 0xdf, 0x17, 0xe7, 0x17, 0xe7, 0x16, 0xdf, 0xf5, 0xde, 0xd4, 0xde,
    0xd4, 0xd6, 0xd4, 0xd6, 0xd4, 0xde, 0xd4, 0xde, 0xd4, 0xd6, 0xd4, 0xde,
    0xd4, 0xde, 0xd4, 0xd6, 0xd4, 0xde, 0xd4, 0xd6, 0xd4, 0xd6, 0xd4, 0xd6,
    0xd4, 0xd6, 0xd3, 0xd6, 0xd4, 0xd6, 0x17, 0xe7, 0x7a, 0xef, 0xbb, 0xf7,
    0xbc, 0xff, 0xba, 0xf7, 0x99, 0xf7, 0x78, 0xef, 0x78, 0xef, 0x78, 0xef,
    0x99, 0xf7, 0x79, 0xf7, 0x78, 0xef, 0x99, 0xf7, 0x78, 0xef, 0x78, 0xef,
    0x98, 0xef, 0x78, 0xef, 0x79, 0xf7, 0x78, 0xef, 0x78, 0xf7, 0x78, 0xef,
    0x78, 0xef, 0x78, 0xef, 0x78, 0xef, 0x78, 0xef, 0x78, 0xef, 0x78, 0xef,
    0x78, 0xef, 0x78, 0xef, 0x78, 0xf7, 0x98, 0xef, 0x79, 0xf7, 0x78, 0xf7,
    0x78, 0xef, 0x78, 0xef, 0x78, 0xf7, 0x78, 0xef, 0x78, 0xf7, 0x79, 0xef,
    0x78, 0xf7, 0x78, 0xef, 0x98, 0xef, 0x98, 0xf7, 0x78, 0xef, 0x78, 0xef,
    0x99, 0xf7, 0x9a, 0xf7, 0xbb, 0xf7, 0xbc, 0xff, 0xbc, 0xf7, 0x7a, 0xef,
    0x37, 0xe7, 0xf5, 0xde, 0xd4, 0xd6, 0xd4, 0xde, 0xf5, 0xde, 0xf5, 0xde,
    0xd5, 0xd6, 0xd4, 0xde, 0xf5, 0xd6, 0xf5, 0xde, 0xd5, 0xd6, 0xf4, 0xde,
    0xd4, 0xd6, 0xd4, 0xd6, 0xd4, 0xd6, 0xd5, 0xde, 0x16, 0xdf, 0x17, 0xe7,
    0x18, 0xe7, 0x17, 0xdf, 0xf5, 0xde, 0xd4, 0xd6, 0xd3, 0xd6, 0xb3, 0xd6,
    0xd4, 0xd6, 0xd4, 0xd6, 0xd4, 0xd6, 0xd4, 0xd6, 0xd4, 0xd6, 0xd3, 0xd6,
    0xb3, 0xd6, 0xb4, 0xd6, 0xd4, 0xd6, 0xd4, 0xd6, 0xb4, 0xd6, 0xb4, 0xd6,
    0xb3, 0xd6, 0xb4, 0xd6, 0xf5, 0xde, 0x37, 0xe7, 0x57, 0xef, 0x57, 0xe7,
    0x37, 0xe7, 0x37, 0xef, 0x37, 0xe7, 0x37, 0xe7, 0x36, 0xe7, 0x16, 0xe7,
    0x36, 0xe7, 0x36, 0xe7, 0x36, 0xe7, 0x36, 0xe7, 0x16, 0xe7, 0x36, 0xe7,
    0x36, 0xe7, 0x16, 0xe7, 0x16, 0xe7, 0x9a, 0xf7, 0x99, 0xf7, 0x79, 0xf7,
    0x99, 0xf7, 0x79, 0xf7, 0x79, 0xf7, 0x78, 0xef, 0x78, 0xf7, 0x78, 0xf7,
    0x78, 0xef, 0x99, 0xf7, 0x79, 0xf7, 0x99, 0xf7, 0x99, 0xf7, 0x98, 0xf7,
    0x79, 0xf7, 0x79, 0xef, 0x98, 0xf7, 0x98, 0xf7, 0x79, 0xf7, 0x79, 0xf7,
    0x98, 0xef, 0x79, 0xf7, 0x78, 0xf7, 0x98, 0xef, 0x79, 0xf7, 0x78, 0xf7,
    0x99, 0xf7, 0x99, 0xef, 0x79, 0xf7, 0x99, 0xf7, 0x99, 0xf7, 0x79, 0xf7,
    0x99, 0xf7, 0x78, 0xef, 0x79, 0xf7, 0x98, 0xef, 0x78, 0xef, 0x99, 0xf7,
    0x79, 0xf7, 0x79, 0xef, 0x98, 0xef, 0x78, 0xf7, 0x79, 0xf7, 0x79, 0xef,
    0x99, 0xf7, 0x78, 0xef, 0x99, 0xf7, 0x78, 0xef, 0x79, 0xf7, 0x99, 0xf7,
    0x98, 0xef, 0x79, 0xf7, 0x99, 0xf7, 0x99, 0xef, 0x78, 0xf7, 0x78, 0xf7,
    0x79, 0xf7, 0x99, 0xf7, 0x78, 0xef, 0x99, 0xf7, 0x99, 0xf7, 0x78, 0xef,
    0x79, 0xf7, 0x99, 0xf7, 0x98, 0xef, 0x78, 0xf7, 0x79, 0xf7, 0x79, 0xef,
    0x98, 0xf7, 0x99, 0xf7, 0x99, 0xef, 0x78, 0xf7, 0x79, 0xf7, 0x99, 0xef,
    0x98, 0xf7, 0x99, 0xf7, 0x9a, 0xf7, 0x37, 0xe7, 0x15, 0xdf, 0x16, 0xe7,
    0x16, 0xe7, 0x16, 0xe7, 0x16, 0xdf, 0x36, 0xe7, 0x36, 0xe7, 0x36, 0xe7,
    0x36, 0xe7, 0x37, 0xe7, 0x36, 0xe7, 0x37, 0xe7, 0x37, 0xe7, 0x37, 0xe7,
    0x36, 0xe7, 0x37, 0xe7, 0x37, 0xe7, 0xf5, 0xde, 0xd4, 0xd6, 0xb3, 0xd6,
    0xb3, 0xd6, 0xd4, 0xd6, 0xd4, 0xd6, 0xd4, 0xd6, 0xb4, 0xd6, 0xd4, 0xd6,
    0xd3, 0xd6, 0xd4, 0xd6, 0xd4, 0xd6, 0xd4, 0xd6, 0xd4, 0xde, 0xd4, 0xd6,
    0xd4, 0xd6, 0xb4, 0xd6, 0xd4, 0xd6, 0xf5, 0xde, 0x17, 0xe7, 0x37, 0xe7,
    0x17, 0xe7, 0xf5, 0xde, 0xd4, 0xde, 0xd4, 0xd6, 0xd4, 0xde, 0xd4, 0xd6,
    0xf4, 0xd6, 0xd4, 0xde, 0xd4, 0xde, 0xd4, 0xd6, 0xd4, 0xd6, 0xd4, 0xde,
    0xd4, 0xde, 0xd4, 0xde, 0xd4, 0xd6, 0xd3, 0xd6, 0xb4, 0xd6, 0xd5, 0xde,
    0x17, 0xe7, 0x5a, 0xef, 0x9b, 0xf7, 0xbb, 0xf7, 0xbb, 0xf7, 0x9a, 0xf7,
    0x99, 0xf7, 0x98, 0xf7, 0x78, 0xef, 0x78, 0xef, 0x79, 0xf7, 0x99, 0xf7,
    0x98, 0xef, 0x79, 0xef, 0x78, 0xf7, 0x98, 0xef, 0x79, 0xef, 0x79, 0xf7,
    0x78, 0xef, 0x79, 0xf7, 0x78, 0xef, 0x78, 0xef, 0x78, 0xf7, 0x78, 0xef,
    0x78, 0xf7, 0x98, 0xf7, 0x98, 0xef, 0x98, 0xef, 0x98, 0xf7, 0x78, 0xef,
    0x98, 0xef, 0x78, 0xf7, 0x78, 0xef, 0x98, 0xef, 0x78, 0xf7, 0x78, 0xef,
    0x98, 0xf7, 0x99, 0xf7, 0x99, 0xf7, 0xba, 0xf7, 0xbb, 0xf7, 0xbc, 0xff,
    0xbc, 0xf7, 0x9b, 0xf7, 0x79, 0xef, 0x37, 0xe7, 0xf5, 0xde, 0xd4, 0xd6,
    0xd4, 0xde, 0xf5, 0xde, 0xf5, 0xde, 0xf5, 0xde, 0xf5, 0xde, 0xf5, 0xd6,
    0xf5, 0xde, 0xf4, 0xd6, 0xf5, 0xde, 0xd4, 0xde, 0xd4, 0xd6, 0xd4, 0xd6,
    0xf5, 0xde, 0x16, 0xdf, 0x37, 0xe7, 0x38, 0xe7, 0x17, 0xe7, 0xf5, 0xde,
    0xd4, 0xd6, 0xd4, 0xd6, 0xd4, 0xd6, 0xd4, 0xd6, 0xd4, 0xd6, 0xd4, 0xd6,
    0xd4, 0xde, 0xd4, 0xd6, 0xd4, 0xd6, 0xd4, 0xd6, 0xb4, 0xd6, 0xb3, 0xd6,
    0xb3, 0xd6, 0xb3, 0xce, 0xd4, 0xd6, 0xd4, 0xd6, 0xd5, 0xd6, 0xd5, 0xd6,
    0xd4, 0xd6, 0xd4, 0xd6, 0xb4, 0xd6, 0xd4, 0xd6, 0xf5, 0xde, 0x16, 0xe7,
    0x36, 0xe7, 0x36, 0xe7, 0x37, 0xe7, 0x36, 0xe7, 0x36, 0xe7, 0x37, 0xe7,
    0x36, 0xe7, 0x16, 0xe7, 0x16, 0xe7, 0x36, 0xe7, 0x36, 0xe7, 0x16, 0xe7,
    0x36, 0xe7, 0x16, 0xe7, 0x16, 0xe7, 0x16, 0xe7, 0x7a, 0xef, 0x99, 0xf7,
    0x78, 0xef, 0x99, 0xf7, 0x99, 0xf7, 0x78, 0xef, 0x79, 0xef, 0x79, 0xef,
    0x78, 0xef, 0x78, 0xf7, 0x99, 0xef, 0x78, 0xef, 0x98, 0xef, 0x99, 0xf7,
    0x98, 0xef, 0x79, 0xf7, 0x99, 0xef, 0x99, 0xf7, 0x78, 0xef, 0x98, 0xef,
    0x99, 0xf7, 0x79, 0xf7, 0x98, 0xef, 0x79, 0xef, 0x79, 0xf7, 0x98, 0xef,
    0x78, 0xef, 0x79, 0xf7, 0x79, 0xf7, 0x98, 0xf7, 0x79, 0xef, 0x98, 0xf7,
    0x79, 0xf7, 0x99, 0xf7, 0x99, 0xef, 0x79, 0xf7, 0x98, 0xf7, 0x79, 0xef,
    0x79, 0xf7, 0x99, 0xf7, 0x99, 0xef, 0x79, 0xf7, 0x99, 0xf7, 0x99, 0xf7,
    0x79, 0xf7, 0x99, 0xf7, 0x98, 0xef, 0x79, 0xf7, 0x79, 0xf7, 0x98, 0xef,
    0x79, 0xf7, 0x78, 0xf7, 0x79, 0xef, 0x79, 0xf7, 0x79, 0xef, 0x79, 0xef,
    0x99, 0xf7, 0x78, 0xef, 0x99, 0xf7, 0x79, 0xf7, 0x98, 0xf7, 0x78, 0xef,
    0x79, 0xf7, 0x98, 0xef, 0x78, 0xf7, 0x99, 0xf7, 0x99, 0xef, 0x99, 0xf7,
    0x99, 0xf7, 0x79, 0xf7, 0x99, 0xef, 0x99, 0xf7, 0x79, 0xef, 0x78, 0xf7,
    0x99, 0xf7, 0x9a, 0xf7, 0x37, 0xe7, 0x16, 0xdf, 0x16, 0xe7, 0x16, 0xe7,
    0x16, 0xdf, 0x36, 0xe7, 0x36, 0xe7, 0x16, 0xe7, 0x36, 0xdf, 0x36, 0xe7,
    0x36, 0xe7, 0x36, 0xdf, 0x16, 0xe7, 0x36, 0xe7, 0x37, 0xe7, 0x37, 0xe7,
    0x36, 0xe7, 0x16, 0xdf, 0xd5, 0xd6, 0xd4, 0xd6, 0xd4, 0xd6, 0xd5, 0xd6,
    0xd4, 0xd6, 0xd4, 0xd6, 0xb4, 0xd6, 0xb3, 0xd6, 0xb3, 0xd6, 0xb3, 0xd6,
    0xd4, 0xd6, 0xd4, 0xd6, 0xd4, 0xde, 0xd4, 0xd6, 0xd4, 0xd6, 0xd4, 0xd6,
    0xd4, 0xd6, 0xd4, 0xd6, 0xd4, 0xd6, 0xd4, 0xd6, 0xd4, 0xd6, 0xd4, 0xd6,
    0xf6, 0xde, 0x17, 0xdf, 0x37, 0xe7, 0x17, 0xe7, 0x16, 0xdf, 0xd4, 0xde,
    0xd4, 0xd6, 0xf5, 0xde, 0xd4, 0xd6, 0xd4, 0xd6, 0xd4, 0xde, 0xd4, 0xd6,
    0xf4, 0xde, 0xd4, 0xd6, 0xd4, 0xd6, 0xd4, 0xde, 0xf4, 0xd6, 0xf5, 0xde,
    0xd4, 0xd6, 0xd4, 0xd6, 0xf5, 0xde, 0x17, 0xe7, 0x58, 0xe7, 0x7a, 0xf7,
    0x9b, 0xf7, 0xbb, 0xf7, 0xbb, 0xf7, 0xba, 0xf7, 0x99, 0xf7, 0x99, 0xf7,
    0x99, 0xf7, 0x98, 0xf7, 0x78, 0xef, 0x78, 0xef, 0x78, 0xf7, 0x78, 0xef,
    0x78, 0xef, 0x98, 0xf7, 0x78, 0xf7, 0x79, 0xf7, 0x79, 0xf7, 0x99, 0xf7,
    0x79, 0xef, 0x9a, 0xf7, 0x9a, 0xf7, 0x9a, 0xf7, 0x9a, 0xf7, 0x9a, 0xf7,
    0x9a, 0xf7, 0xba, 0xf7, 0xba, 0xf7, 0xba, 0xf7, 0xbb, 0xf7, 0xbb, 0xf7,
    0xbb, 0xf7, 0xbb, 0xf7, 0x9c, 0xf7, 0x9b, 0xf7, 0x79, 0xef, 0x38, 0xe7,
    0x16, 0xdf, 0xf5, 0xde, 0xf4, 0xde, 0xf5, 0xde, 0xf5, 0xde, 0xf5, 0xde,
    0xf5, 0xde, 0xf5, 0xde, 0xf5, 0xde, 0xf5, 0xde, 0xf5, 0xde, 0xf5, 0xde,
    0xf4, 0xde, 0xf4, 0xde, 0xd4, 0xd6, 0xd4, 0xd6, 0x15, 0xdf, 0x37, 0xe7,
    0x38, 0xe7, 0x38, 0xe7, 0xf6, 0xde, 0xd4, 0xd6, 0xd4, 0xd6, 0xd4, 0xd6,
    0xd4, 0xd6, 0xd4, 0xde, 0xd4, 0xd6, 0xd4, 0xde, 0xd4, 0xd6, 0xd5, 0xd6,
    0xd4, 0xd6, 0xb4, 0xd6, 0xb3, 0xd6, 0xd4, 0xd6, 0xd5, 0xde, 0xf5, 0xde,
    0x17, 0xdf, 0x17, 0xe7, 0x37, 0xe7, 0x38, 0xe7, 0x38, 0xe7, 0x37, 0xe7,
    0x17, 0xdf, 0x16, 0xdf, 0xf6, 0xde, 0x16, 0xdf, 0xf6, 0xde, 0xf6, 0xde,
    0x37, 0xe7, 0x57, 0xef, 0x58, 0xef, 0x57, 0xef, 0x37, 0xe7, 0x36, 0xe7,
    0x37, 0xe7, 0x16, 0xe7, 0x16, 0xe7, 0x36, 0xe7, 0x37, 0xe7, 0x36, 0xe7,
    0x16, 0xe7, 0x36, 0xe7, 0x36, 0xe7, 0x16, 0xe7, 0x16, 0xe7, 0x7a, 0xef,
    0x99, 0xf7, 0x79, 0xef, 0x78, 0xef, 0x78, 0xf7, 0x99, 0xf7, 0x79, 0xef,
    0x78, 0xf7, 0x79, 0xf7, 0x99, 0xf7, 0x79, 0xef, 0x79, 0xf7, 0x79, 0xf7,
    0x98, 0xef, 0x78, 0xef, 0x78, 0xf7, 0x79, 0xf7, 0x98, 0xf7, 0x78, 0xef,
    0x79, 0xf7, 0x98, 0xf7, 0x98, 0xf7, 0x78, 0xef, 0x99, 0xf7, 0x98, 0xf7,
    0x78, 0xef, 0x99, 0xf7, 0x98, 0xf7, 0x79, 0xef, 0x98, 0xef, 0x79, 0xf7,
    0x78, 0xef, 0x78, 0xf7, 0x79, 0xf7, 0x79, 0xef, 0x78, 0xf7, 0x78, 0xf7,
    0x98, 0xef, 0x78, 0xf7, 0x79, 0xf7, 0x78, 0xef, 0x99, 0xef, 0x78, 0xf7,
    0x78, 0xef, 0x99, 0xf7, 0x79, 0xf7, 0x78, 0xef, 0x79, 0xef, 0x78, 0xf7,
    0x79, 0xf7, 0x78, 0xef, 0x98, 0xf7, 0x78, 0xf7, 0x78, 0xef, 0x99, 0xf7,
    0x98, 0xf7, 0x79, 0xef, 0x79, 0xf7, 0x98, 0xef, 0x99, 0xf7, 0x79, 0xf7,
    0x98, 0xef, 0x79, 0xef, 0x79, 0xf7, 0x78, 0xf7, 0x98, 0xf7, 0x99, 0xf7,
    0x78, 0xf7, 0x99, 0xef, 0x78, 0xf7, 0x98, 0xef, 0x99, 0xf7, 0x99, 0xf7,
    0x9b, 0xf7, 0x37, 0xe7, 0x16, 0xdf, 0x16, 0xe7, 0x16, 0xe7, 0x16, 0xe7,
    0x16, 0xdf, 0x36, 0xe7, 0x36, 0xe7, 0x36, 0xdf, 0x16, 0xe7, 0x36, 0xe7,
    0x37, 0xe7, 0x37, 0xe7, 0x57, 0xe7, 0x58, 0xe7, 0x58, 0xe7, 0x16, 0xdf,
    0x16, 0xdf, 0xf6, 0xde, 0xf6, 0xde, 0xf5, 0xde, 0xf6, 0xde, 0xf6, 0xde,
    0x16, 0xdf, 0x17, 0xdf, 0x17, 0xe7, 0x16, 0xdf, 0x16, 0xdf, 0xf6, 0xde,
    0xf5, 0xde, 0xd4, 0xd6, 0xd4, 0xd6, 0xd4, 0xd6, 0xd4, 0xd6, 0xd4, 0xde,
    0xd4, 0xd6, 0xd4, 0xd6, 0xd4, 0xde, 0xd4, 0xde, 0xd4, 0xd6, 0xd4, 0xd6,
    0xd4, 0xde, 0xd4, 0xd6, 0xd4, 0xd6, 0xf6, 0xde, 0x37, 0xe7, 0x37, 0xe7,
    0x17, 0xe7, 0xf5, 0xde, 0xd4, 0xd6, 0xd4, 0xd6, 0xd4, 0xde, 0xd5, 0xd6,
    0xf5, 0xd6, 0xf4, 0xde, 0xd4, 0xde, 0xf5, 0xde, 0xf5, 0xde, 0xf4, 0xde,
    0xf5, 0xde, 0xf5, 0xde, 0xf4, 0xde, 0xf4, 0xde, 0xd4, 0xd6, 0xf4, 0xde,
    0xf5, 0xde, 0x16, 0xe7, 0x58, 0xe7, 0x79, 0xef, 0x7a, 0xf7, 0x9a, 0xf7,
    0x9a, 0xf7, 0x9b, 0xf7, 0x9a, 0xf7, 0x9a, 0xf7, 0xba, 0xf7, 0x9a, 0xf7,
    0x9a, 0xf7, 0x9a, 0xf7, 0x99, 0xef, 0x79, 0xef, 0x79, 0xef, 0x58, 0xef,
    0x16, 0xe7, 0x36, 0xe7, 0x37, 0xe7, 0x57, 0xe7, 0x58, 0xef, 0x78, 0xef,
    0x79, 0xef, 0x79, 0xef, 0x79, 0xef, 0x59, 0xef, 0x58, 0xef, 0x58, 0xe7,
    0x37, 0xe7, 0x36, 0xe7, 0x15, 0xdf, 0xf5, 0xde, 0xf4, 0xde, 0xf5, 0xde,
    0xf5, 0xde, 0xf5, 0xde, 0xf5, 0xde, 0xf5, 0xde, 0xf5, 0xde, 0xf5, 0xde,
    0xf5, 0xde, 0xf5, 0xde, 0xf5, 0xde, 0xf5, 0xde, 0xf5, 0xde, 0xd4, 0xd6,
    0xd4, 0xd6, 0xf5, 0xde, 0x37, 0xe7, 0x38, 0xe7, 0x38, 0xe7, 0x16, 0xdf,
    0xd5, 0xde, 0xd4, 0xd6, 0xd4, 0xd6, 0xd4, 0xde, 0xd4, 0xd6, 0xd4, 0xd6,
    0xd4, 0xde, 0xd4, 0xd6, 0xd4, 0xd6, 0xd4, 0xd6, 0xd4, 0xd6, 0xd4, 0xde,
    0xf5, 0xde, 0x16, 0xe7, 0x17, 0xe7, 0x37, 0xe7, 0x37, 0xe7, 0x17, 0xdf,
    0x16, 0xdf, 0xf5, 0xde, 0xd4, 0xd6, 0xb4, 0xd6, 0xb3, 0xd6, 0xb3, 0xd6,
    0xb3, 0xd6, 0xb3, 0xd6, 0x93, 0xd6, 0x93, 0xce, 0x93, 0xd6, 0xb3, 0xd6,
    0xb3, 0xd6, 0xb4, 0xd6, 0xf5, 0xde, 0x57, 0xe7, 0x58, 0xef, 0x57, 0xef,
    0x37, 0xe7, 0x37, 0xe7, 0x36, 0xe7, 0x16, 0xe7, 0x36, 0xe7, 0x37, 0xe7,
    0x16, 0xe7, 0x16, 0xe7, 0x16, 0xe7, 0x16, 0xe7, 0x16, 0xdf, 0x16, 0xe7,
    0x9a, 0xf7, 0x99, 0xf7, 0x98, 0xf7, 0x79, 0xef, 0x78, 0xf7, 0x98, 0xf7,
    0x79, 0xef, 0x98, 0xf7, 0x98, 0xf7, 0x99, 0xf7, 0x78, 0xf7, 0x98, 0xef,
    0x79, 0xf7, 0x99, 0xf7, 0x78, 0xef, 0x79, 0xf7, 0x98, 0xef, 0x78, 0xef,
    0x79, 0xf7, 0x78, 0xf7, 0x78, 0xef, 0x79, 0xef, 0x99, 0xf7, 0x78, 0xf7,
    0x79, 0xf7, 0x98, 0xef, 0x79, 0xf7, 0x79, 0xf7, 0x78, 0xf7, 0x79, 0xf7,
    0x78, 0xef, 0x99, 0xef, 0x78, 0xf7, 0x99, 0xef, 0x99, 0xf7, 0x79, 0xf7,
    0x79, 0xef, 0x79, 0xf7, 0x78, 0xf7, 0x99, 0xef, 0x78, 0xf7, 0x79, 0xf7,
    0x79, 0xef, 0x98, 0xef, 0x99, 0xf7, 0x79, 0xf7, 0x78, 0xef, 0x99, 0xf7,
    0x78, 0xef, 0x79, 0xf7, 0x99, 0xf7, 0x98, 0xef, 0x99, 0xf7, 0x78, 0xf7,
    0x79, 0xef, 0x79, 0xf7, 0x78, 0xef, 0x78, 0xf7, 0x99, 0xef, 0x79, 0xf7,
    0x78, 0xf7, 0x79, 0xf7, 0x99, 0xef, 0x78, 0xef, 0x79, 0xf7, 0x99, 0xf7,
    0x98, 0xef, 0x99, 0xf7, 0x79, 0xf7, 0x79, 0xf7, 0x99, 0xef, 0x9a, 0xf7,
    0x38, 0xe7, 0x16, 0xdf, 0x16, 0xe7, 0x16, 0xe7, 0x16, 0xdf, 0x36, 0xe7,
    0x16, 0xe7, 0x16, 0xe7, 0x36, 0xe7, 0x37, 0xe7, 0x37, 0xe7, 0x37, 0xe7,
    0x37, 0xe7, 0x37, 0xe7, 0x58, 0xe7, 0x16, 0xe7, 0xb4, 0xd6, 0x93, 0xce,
    0xb3, 0xd6, 0xb3, 0xd6, 0x93, 0xce, 0xb3, 0xd6, 0xb3, 0xce, 0xb3, 0xd6,
    0x93, 0xd6, 0xb3, 0xd6, 0xb4, 0xd6, 0xd4, 0xd6, 0xf5, 0xde, 0x16, 0xdf,
    0x17, 0xe7, 0x38, 0xe7, 0x17, 0xe7, 0xf6, 0xde, 0xd5, 0xde, 0xb4, 0xd6,
    0xd3, 0xd6, 0xd4, 0xd6, 0xd4, 0xde, 0xd4, 0xd6, 0xd4, 0xd6, 0xf5, 0xde,
    0xf4, 0xde, 0xd4, 0xd6, 0xd4, 0xd6, 0xd4, 0xde, 0xd4, 0xd6, 0xd4, 0xd6,
    0xf6, 0xde, 0x17, 0xe7, 0x37, 0xe7, 0x17, 0xe7, 0xf5, 0xde, 0xd4, 0xd6,
    0xd4, 0xd6, 0xf5, 0xde, 0xd5, 0xde, 0xd4, 0xd6, 0xd5, 0xd6, 0xf4, 0xde,
    0xf4, 0xde, 0xf5, 0xde, 0xf5, 0xde, 0xf5, 0xde, 0xf5, 0xde, 0xf5, 0xde,
    0xf5, 0xde, 0xf5, 0xde, 0xf4, 0xde, 0xf4, 0xde, 0xf5, 0xde, 0xf5, 0xde,
    0x16, 0xdf, 0x16, 0xe7, 0x37, 0xe7, 0x37, 0xe7, 0x37, 0xe7, 0x37, 0xe7,
    0x37, 0xe7, 0x37, 0xe7, 0x36, 0xe7, 0x36, 0xe7, 0x36, 0xe7, 0x36, 0xdf,
    0x36, 0xe7, 0x16, 0xdf, 0x16, 0xe7, 0x36, 0xe7, 0x36, 0xe7, 0x15, 0xdf,
    0x15, 0xdf, 0x15, 0xe7, 0x15, 0xdf, 0x15, 0xdf, 0x15, 0xdf, 0x15, 0xdf,
    0x15, 0xdf, 0x16, 0xdf, 0x16, 0xdf, 0x15, 0xdf, 0xf5, 0xde, 0x15, 0xdf,
    0xf5, 0xde, 0x15, 0xdf, 0xf5, 0xde, 0xf5, 0xde, 0xf5, 0xde, 0xf5, 0xd6,
    0xf5, 0xde, 0xf5, 0xde, 0xf4, 0xd6, 0xf4, 0xd6, 0xf5, 0xde, 0x37, 0xe7,
    0x39, 0xe7, 0x59, 0xe7, 0x17, 0xe7, 0xd5, 0xde, 0xd4, 0xd6, 0xd4, 0xde,
    0xd4, 0xde, 0xd4, 0xd6, 0xd4, 0xd6, 0xd5, 0xde, 0xd4, 0xd6, 0xd4, 0xde,
    0xd4, 0xd6, 0xd4, 0xd6, 0xf4, 0xde, 0x16, 0xdf, 0x38, 0xe7, 0x39, 0xe7,
    0x38, 0xe7, 0xf6, 0xde, 0xd5, 0xd6, 0xd4, 0xd6, 0xb3, 0xd6, 0xb3, 0xd6,
    0xd4, 0xd6, 0xd4, 0xd6, 0xb4, 0xd6, 0xb3, 0xd6, 0xb3, 0xd6, 0xb3, 0xd6,
    0xb4, 0xd6, 0xb3, 0xd6, 0xb3, 0xce, 0xb3, 0xd6, 0x93, 0xce, 0xb3, 0xd6,
    0xb3, 0xce, 0x93, 0xce, 0x92, 0xce, 0xb4, 0xd6, 0x16, 0xe7, 0x37, 0xe7,
    0x37, 0xe7, 0x37, 0xe7, 0x37, 0xe7, 0x37, 0xe7, 0x36, 0xe7, 0x36, 0xe7,
    0x16, 0xe7, 0x36, 0xe7, 0x36, 0xe7, 0x36, 0xe7, 0x16, 0xe7, 0x16, 0xe7,
    0x37, 0xe7, 0x9a, 0xf7, 0x99, 0xf7, 0x99, 0xf7, 0x79, 0xef, 0x98, 0xef,
    0x99, 0xf7, 0x79, 0xef, 0x78, 0xef, 0x98, 0xef, 0x79, 0xf7, 0x78, 0xf7,
    0x78, 0xef, 0x78, 0xf7, 0x78, 0xef, 0x99, 0xf7, 0x78, 0xf7, 0x79, 0xef,
    0x79, 0xf7, 0x78, 0xef, 0x79, 0xf7, 0x78, 0xef, 0x99, 0xf7, 0x79, 0xf7,
    0x78, 0xef, 0x78, 0xf7, 0x79, 0xef, 0x78, 0xf7, 0x98, 0xef, 0x79, 0xf7,
    0x78, 0xf7, 0x79, 0xef, 0x98, 0xf7, 0x78, 0xf7, 0x79, 0xef, 0x98, 0xf7,
    0x99, 0xef, 0x79, 0xf7, 0x98, 0xf7, 0x79, 0xef, 0x99, 0xf7, 0x99, 0xf7,
    0x79, 0xf7, 0x98, 0xef, 0x78, 0xef, 0x99, 0xf7, 0x78, 0xef, 0x78, 0xef,
    0x78, 0xf7, 0x99, 0xf7, 0x99, 0xef, 0x78, 0xf7, 0x79, 0xf7, 0x98, 0xef,
    0x78, 0xef, 0x78, 0xf7, 0x78, 0xf7, 0x79, 0xf7, 0x78, 0xef, 0x98, 0xf7,
    0x98, 0xf7, 0x98, 0xef, 0x79, 0xf7, 0x99, 0xf7, 0x78, 0xef, 0x79, 0xf7,
    0x99, 0xf7, 0x78, 0xef, 0x99, 0xf7, 0x79, 0xef, 0x9a, 0xf7, 0x37, 0xe7,
    0x15, 0xe7, 0x16, 0xe7, 0x16, 0xdf, 0x16, 0xe7, 0x36, 0xe7, 0x16, 0xdf,
    0x36, 0xe7, 0x37, 0xe7, 0x37, 0xe7, 0x37, 0xe7, 0x37, 0xe7, 0x16, 0xe7,
    0x36, 0xe7, 0x37, 0xe7, 0xf5, 0xde, 0x93, 0xce, 0xb3, 0xce, 0xb3, 0xd6,
    0xb4, 0xd6, 0xb4, 0xd6, 0xb3, 0xce, 0xb3, 0xd6, 0xb4, 0xd6, 0xb3, 0xd6,
    0xb3, 0xd6, 0xb4, 0xd6, 0xb3, 0xd6, 0xb3, 0xd6, 0xb4, 0xd6, 0xb4, 0xd6,
    0xb4, 0xd6, 0xd4, 0xd6, 0xd5, 0xde, 0xf6, 0xde, 0x17, 0xe7, 0x38, 0xe7,
    0x17, 0xe7, 0xf6, 0xde, 0xd5, 0xde, 0xd4, 0xd6, 0xd4, 0xd6, 0xd4, 0xd6,
    0xd5, 0xd6, 0xd4, 0xde, 0xd4, 0xd6, 0xd4, 0xd6, 0xd4, 0xde, 0xd4, 0xd6,
    0xd4, 0xd6, 0xd3, 0xd6, 0xd5, 0xde, 0x17, 0xdf, 0x38, 0xe7, 0x37, 0xe7,
    0x16, 0xdf, 0xf5, 0xde, 0xf4, 0xd6, 0xf4, 0xde, 0xf5, 0xde, 0xf4, 0xde,
    0xf5, 0xd6, 0xf5, 0xde, 0xf5, 0xde, 0xf5, 0xde, 0xf5, 0xde, 0xf5, 0xde,
    0xf5, 0xde, 0xf5, 0xde, 0xf5, 0xde, 0xf5, 0xde, 0x15, 0xdf, 0x15, 0xdf,
    0x15, 0xdf, 0x15, 0xdf, 0x15, 0xdf, 0x15, 0xdf, 0x15, 0xdf, 0x15, 0xdf,
    0x15, 0xdf, 0x16, 0xdf, 0x16, 0xe7, 0x36, 0xe7, 0x36, 0xe7, 0x36, 0xe7,
    0x16, 0xe7, 0x35, 0xe7, 0x36, 0xe7, 0x36, 0xe7, 0x36, 0xdf, 0x16, 0xe7,
    0x16, 0xe7, 0x16, 0xe7, 0x16, 0xdf, 0x16, 0xe7, 0x15, 0xe7, 0x16, 0xe7,
    0x16, 0xdf, 0x15, 0xe7, 0x15, 0xdf, 0x15, 0xdf, 0xf5, 0xde, 0x15, 0xdf,
    0x15, 0xdf, 0xf5, 0xde, 0x15, 0xdf, 0xf5, 0xde, 0xf5, 0xde, 0xf4, 0xde,
    0xf4, 0xd6, 0xf5, 0xde, 0x37, 0xe7, 0x38, 0xe7, 0x59, 0xe7, 0x38, 0xe7,
    0x16, 0xdf, 0xd4, 0xde, 0xd4, 0xd6, 0xd4, 0xde, 0xf5, 0xde, 0xf5, 0xd6,
    0xd4, 0xde, 0xd4, 0xd6, 0xd5, 0xd6, 0xd4, 0xd6, 0xd4, 0xd6, 0xd4, 0xde,
    0x16, 0xdf, 0x38, 0xe7, 0x59, 0xef, 0x38, 0xe7, 0xf6, 0xde, 0xd4, 0xd6,
    0xd3, 0xd6, 0xb3, 0xd6, 0xd3, 0xd6, 0xb4, 0xd6, 0xd4, 0xd6, 0xd4, 0xd6,
    0xd4, 0xd6, 0xd4, 0xd6, 0xd4, 0xd6, 0xb4, 0xd6, 0xb3, 0xce, 0xb4, 0xd6,
    0xb3, 0xd6, 0xb3, 0xce, 0xb4, 0xd6, 0xb3, 0xd6, 0xb3, 0xd6, 0xb4, 0xce,
    0xb3, 0xd6, 0x93, 0xd6, 0x93, 0xce, 0xb3, 0xd6, 0xb3, 0xce, 0xd4, 0xd6,
    0x36, 0xe7, 0x57, 0xe7, 0x37, 0xe7, 0x37, 0xe7, 0x37, 0xe7, 0x36, 0xe7,
    0x36, 0xe7, 0x36, 0xe7, 0x17, 0xe7, 0x36, 0xe7, 0x16, 0xdf, 0x16, 0xe7,
    0x16, 0xdf, 0x17, 0xe7, 0x9a, 0xf7, 0x79, 0xf7, 0x99, 0xf7, 0x79, 0xf7,
    0x78, 0xef, 0x79, 0xf7, 0x78, 0xf7, 0x99, 0xef, 0x79, 0xf7, 0x78, 0xef,
    0x99, 0xf7, 0x78, 0xef, 0x78, 0xef, 0x79, 0xf7, 0x78, 0xf7, 0x99, 0xef,
    0x78, 0xf7, 0x98, 0xf7, 0x79, 0xf7, 0x78, 0xef, 0x78, 0xef, 0x78, 0xf7,
    0x78, 0xf7, 0x99, 0xef, 0x79, 0xef, 0x78, 0xef, 0x79, 0xef, 0x98, 0xef,
    0x79, 0xf7, 0x78, 0xef, 0x79, 0xf7, 0x79, 0xf7, 0x78, 0xef, 0x98, 0xf7,
    0x78, 0xf7, 0x99, 0xef, 0x79, 0xf7, 0x78, 0xef, 0x98, 0xf7, 0x79, 0xf7,
    0x99, 0xef, 0x79, 0xf7, 0x78, 0xf7, 0x79, 0xef, 0x99, 0xf7, 0x78, 0xf7,
    0x99, 0xf7, 0x99, 0xef, 0x78, 0xf7, 0x78, 0xef, 0x99, 0xf7, 0x79, 0xf7,
    0x78, 0xf7, 0x99, 0xef, 0x98, 0xef, 0x78, 0xef, 0x79, 0xf7, 0x79, 0xef,
    0x99, 0xef, 0x78, 0xf7, 0x78, 0xf7, 0x99, 0xef, 0x99, 0xf7, 0x78, 0xf7,
    0x99, 0xf7, 0x99, 0xef, 0x78, 0xf7, 0x9a, 0xf7, 0x58, 0xef, 0x16, 0xdf,
    0x16, 0xe7, 0x16, 0xe7, 0x16, 0xdf, 0x16, 0xe7, 0x36, 0xe7, 0x37, 0xe7,
    0x37, 0xe7, 0x16, 0xe7, 0x16, 0xdf, 0x36, 0xe7, 0x36, 0xe7, 0x37, 0xe7,
    0x16, 0xdf, 0xb3, 0xd6, 0x93, 0xce, 0x93, 0xce, 0xb3, 0xce, 0xb3, 0xd6,
    0xb3, 0xd6, 0xb3, 0xd6, 0xb3, 0xd6, 0xb3, 0xd6, 0xb3, 0xd6, 0xb4, 0xce,
    0xb3, 0xd6, 0xb4, 0xd6, 0xd4, 0xd6, 0xb3, 0xd6, 0xb4, 0xd6, 0xd4, 0xd6,
    0xd4, 0xd6, 0xd4, 0xd6, 0xb3, 0xd6, 0xb3, 0xd6, 0xb3, 0xd6, 0xd4, 0xd6,
    0xf6, 0xde, 0x17, 0xe7, 0x58, 0xe7, 0x38, 0xe7, 0x16, 0xe7, 0xd4, 0xde,
    0xd4, 0xd6, 0xd4, 0xd6, 0xd4, 0xd6, 0xd4, 0xd6, 0xd4, 0xde, 0xd4, 0xd6,
    0xd4, 0xd6, 0xd4, 0xd6, 0xd4, 0xd6, 0xd4, 0xd6, 0xd4, 0xd6, 0xf5, 0xde,
    0x17, 0xe7, 0x38, 0xe7, 0x38, 0xe7, 0x37, 0xe7, 0xf5, 0xde, 0xf4, 0xd6,
    0xf5, 0xde, 0xf5, 0xde, 0xf4, 0xde, 0xf5, 0xd6, 0xf5, 0xde, 0xf4, 0xde,
    0xf5, 0xde, 0x15, 0xdf, 0x15, 0xdf, 0xf5, 0xde, 0xf5, 0xde, 0x15, 0xdf,
    0x15, 0xdf, 0x15, 0xdf, 0x15, 0xdf, 0x15, 0xdf, 0x15, 0xe7, 0x16, 0xe7,
    0x15, 0xdf, 0x36, 0xe7, 0x16, 0xdf, 0x16, 0xe7, 0x36, 0xe7, 0x36, 0xe7,
    0x16, 0xe7, 0x36, 0xe7, 0x36, 0xdf, 0x36, 0xe7, 0x36, 0xdf, 0x36, 0xe7,
    0x36, 0xe7, 0x36, 0xdf, 0x16, 0xe7, 0x16, 0xdf, 0x16, 0xe7, 0x16, 0xdf,
    0x16, 0xdf, 0x16, 0xe7, 0x15, 0xdf, 0x16, 0xdf, 0xf6, 0xe6, 0xf5, 0xde,
    0x15, 0xdf, 0x15, 0xdf, 0xf5, 0xde, 0xf4, 0xde, 0x15, 0xdf, 0x37, 0xe7,
    0x58, 0xe7, 0x59, 0xef, 0x38, 0xe7, 0x16, 0xe7, 0xf5, 0xde, 0xd4, 0xd6,
    0xf4, 0xde, 0xd5, 0xde, 0xf4, 0xde, 0xf4, 0xd6, 0xd5, 0xd6, 0xf5, 0xde,
    0xd4, 0xd6, 0xd4, 0xd6, 0xd4, 0xde, 0xf6, 0xde, 0x37, 0xe7, 0x38, 0xe7,
    0x37, 0xe7, 0xf6, 0xde, 0xd4, 0xd6, 0xd3, 0xd6, 0xb4, 0xd6, 0xd4, 0xd6,
    0xd4, 0xd6, 0xd4, 0xd6, 0xd4, 0xd6, 0xd4, 0xd6, 0xd4, 0xd6, 0xd4, 0xd6,
    0xb4, 0xd6, 0xd3, 0xd6, 0xb3, 0xd6, 0xb3, 0xd6, 0xb3, 0xce, 0xb3, 0xce,
    0xb3, 0xd6, 0xb3, 0xce, 0xb3, 0xd6, 0xb3, 0xce, 0xb3, 0xce, 0x93, 0xce,
    0x93, 0xce, 0xb3, 0xce, 0x93, 0xce, 0x93, 0xce, 0x93, 0xd6, 0x93, 0xce,
    0x93, 0xce, 0x15, 0xe7, 0x57, 0xef, 0x37, 0xe7, 0x36, 0xe7, 0x36, 0xe7,
    0x37, 0xe7, 0x36, 0xe7, 0x36, 0xe7, 0x16, 0xe7, 0x16, 0xe7, 0x16, 0xe7,
    0x16, 0xe7, 0x16, 0xdf, 0x37, 0xe7, 0x9a, 0xf7, 0x99, 0xf7, 0x98, 0xef,
    0x79, 0xf7, 0x98, 0xef, 0x98, 0xef, 0x78, 0xf7, 0x78, 0xef, 0x79, 0xef,
    0x98, 0xf7, 0x79, 0xf7, 0x79, 0xef, 0x98, 0xef, 0x78, 0xef, 0x78, 0xf7,
    0x99, 0xef, 0x78, 0xef, 0x78, 0xf7, 0x99, 0xf7, 0x78, 0xef, 0x78, 0xef,
    0x99, 0xf7, 0x78, 0xf7, 0x78, 0xf7, 0x99, 0xf7, 0x78, 0xf7, 0x79, 0xef,
    0x98, 0xf7, 0x78, 0xef, 0x78, 0xf7, 0x99, 0xef, 0x98, 0xf7, 0x79, 0xf7,
    0x98, 0xef, 0x78, 0xf7, 0x99, 0xf7, 0x99, 0xef, 0x78, 0xf7, 0x78, 0xef,
    0x99, 0xf7, 0x78, 0xef, 0x78, 0xf7, 0x79, 0xef, 0x78, 0xef, 0x79, 0xf7,
    0x98, 0xf7, 0x79, 0xef, 0x98, 0xf7, 0x99, 0xf7, 0x98, 0xef, 0x79, 0xf7,
    0x98, 0xf7, 0x79, 0xef, 0x78, 0xf7, 0x78, 0xf7, 0x79, 0xf7, 0x99, 0xf7,
    0x78, 0xef, 0x79, 0xf7, 0x99, 0xf7, 0x78, 0xef, 0x99, 0xf7, 0x98, 0xf7,
    0x79, 0xef, 0x98, 0xf7, 0xba, 0xf7, 0x58, 0xef, 0x16, 0xe7, 0x16, 0xdf,
    0x16, 0xe7, 0x16, 0xe7, 0x16, 0xe7, 0x36, 0xe7, 0x36, 0xe7, 0x16, 0xe7,
    0x36, 0xe7, 0x16, 0xdf, 0x16, 0xe7, 0x37, 0xe7, 0x37, 0xe7, 0xd5, 0xd6,
    0x92, 0xce, 0x92, 0xce, 0x93, 0xce, 0x93, 0xce, 0x93, 0xd6, 0x93, 0xce,
    0x93, 0xce, 0xb3, 0xce, 0xb3, 0xce, 0xb3, 0xd6, 0xb3, 0xce, 0xb3, 0xce,
    0xb3, 0xd6, 0xb3, 0xd6, 0xb4, 0xd6, 0xd4, 0xd6, 0xd4, 0xd6, 0xb3, 0xd6,
    0xb3, 0xd6, 0xd4, 0xd6, 0xd4, 0xd6, 0xb4, 0xd6, 0xd4, 0xd6, 0xd4, 0xd6,
    0xd4, 0xd6, 0xb3, 0xd6, 0xd4, 0xd6, 0x16, 0xdf, 0x38, 0xe7, 0x38, 0xe7,
    0x37, 0xe7, 0xf6, 0xde, 0xd4, 0xd6, 0xb3, 0xd6, 0xd4, 0xd6, 0xd4, 0xd6,
    0xd4, 0xde, 0xd4, 0xde, 0xd4, 0xd6, 0xd4, 0xde, 0xf4, 0xde, 0xd4, 0xde,
    0xd4, 0xd6, 0xf4, 0xde, 0x16, 0xdf, 0x37, 0xe7, 0x58, 0xef, 0x58, 0xe7,
    0x37, 0xe7, 0x15, 0xdf, 0xf4, 0xde, 0xf4, 0xd6, 0xf5, 0xde, 0xf5, 0xde,
    0x15, 0xdf, 0x15, 0xdf, 0x15, 0xdf, 0x15, 0xdf, 0x15, 0xdf, 0x15, 0xdf,
    0x16, 0xdf, 0x15, 0xe7, 0x16, 0xe7, 0x16, 0xdf, 0x16, 0xe7, 0x16, 0xdf,
    0x16, 0xe7, 0x36, 0xe7, 0x35, 0xdf, 0x16, 0xdf, 0x16, 0xe7, 0x36, 0xdf,
    0x16, 0xe7, 0x16, 0xdf, 0x16, 0xe7, 0x36, 0xe7, 0x36, 0xe7, 0x16, 0xe7,
    0x36, 0xdf, 0x16, 0xe7, 0x36, 0xe7, 0x15, 0xdf, 0x36, 0xe7, 0x16, 0xe7,
    0x15, 0xdf, 0x15, 0xdf, 0x16, 0xdf, 0x15, 0xe7, 0xf5, 0xde, 0x15, 0xdf,
    0x16, 0xe7, 0x17, 0xe7, 0x58, 0xe7, 0x79, 0xef, 0x59, 0xef, 0x59, 0xe7,
    0x17, 0xdf, 0xf5, 0xde, 0xf4, 0xd6, 0xf5, 0xde, 0xf5, 0xde, 0xf4, 0xde,
    0xd5, 0xde, 0xf5, 0xd6, 0xd5, 0xde, 0xd5, 0xde, 0xd4, 0xd6, 0xd4, 0xd6,
    0xf5, 0xde, 0x17, 0xe7, 0x38, 0xe7, 0x38, 0xe7, 0xf6, 0xde, 0xd4, 0xd6,
    0xb4, 0xd6, 0xd4, 0xd6, 0xd4, 0xd6, 0xd4, 0xd6, 0xd4, 0xd6, 0xd4, 0xd6,
    0xd4, 0xd6, 0xd4, 0xde, 0xd4, 0xd6, 0xd4, 0xd6, 0xb4, 0xd6, 0xb3, 0xd6,
    0xd4, 0xd6, 0xd5, 0xd6, 0xf5, 0xde, 0x16, 0xdf, 0x17, 0xe7, 0x17, 0xdf,
    0x17, 0xe7, 0x17, 0xe7, 0x17, 0xdf, 0x17, 0xe7, 0x17, 0xdf, 0xf6, 0xde,
    0xf6, 0xde, 0xf6, 0xde, 0xf6, 0xde, 0xd5, 0xd6, 0xb4, 0xd6, 0xb3, 0xd6,
    0x93, 0xce, 0x73, 0xce, 0xd4, 0xd6, 0x37, 0xe7, 0x37, 0xef, 0x36, 0xe7,
    0x37, 0xe7, 0x36, 0xe7, 0x36, 0xe7, 0x16, 0xe7, 0x16, 0xdf, 0x36, 0xe7,
    0x16, 0xe7, 0x16, 0xe7, 0x15, 0xdf, 0x37, 0xe7, 0xba, 0xf7, 0x99, 0xf7,
    0x99, 0xf7, 0x99, 0xf7, 0x79, 0xf7, 0x78, 0xef, 0x78, 0xf7, 0x78, 0xef,
    0x78, 0xf7, 0x78, 0xf7, 0x99, 0xef, 0x78, 0xf7, 0x78, 0xf7, 0x78, 0xef,
    0x79, 0xf7, 0x78, 0xef, 0x79, 0xf7, 0x99, 0xf7, 0x78, 0xef, 0x79, 0xf7,
    0x98, 0xef, 0x78, 0xef, 0x78, 0xef, 0x78, 0xf7, 0x78, 0xef, 0x99, 0xf7,
    0x79, 0xef, 0x79, 0xf7, 0x98, 0xf7, 0x98, 0xef, 0x79, 0xf7, 0x79, 0xef,
    0x99, 0xef, 0x78, 0xf7, 0x99, 0xf7, 0x99, 0xef, 0x78, 0xf7, 0x99, 0xf7,
    0x79, 0xef, 0x78, 0xf7, 0x78, 0xef, 0x98, 0xf7, 0x79, 0xf7, 0x98, 0xef,
    0x78, 0xef, 0x79, 0xf7, 0x79, 0xef, 0x78, 0xf7, 0x99, 0xef, 0x78, 0xef,
    0x78, 0xef, 0x78, 0xf7, 0x78, 0xef, 0x98, 0xef, 0x78, 0xef, 0x98, 0xf7,
    0x78, 0xf7, 0x79, 0xef, 0x99, 0xf7, 0x78, 0xf7, 0x78, 0xef, 0x99, 0xf7,
    0x78, 0xf7, 0x9a, 0xf7, 0x79, 0xef, 0x16, 0xdf, 0x16, 0xe7, 0x16, 0xe7,
    0x16, 0xe7, 0x16, 0xe7, 0x16, 0xdf, 0x16, 0xdf, 0x36, 0xe7, 0x37, 0xe7,
    0x16, 0xe7, 0x36, 0xe7, 0x16, 0xe7, 0xf5, 0xde, 0x93, 0xce, 0xb4, 0xce,
    0xb4, 0xd6, 0xd5, 0xd6, 0xd5, 0xd6, 0xf6, 0xde, 0xf6, 0xde, 0xf6, 0xde,
    0xf6, 0xde, 0xf6, 0xde, 0x17, 0xdf, 0x17, 0xdf, 0x17, 0xe7, 0x17, 0xdf,
    0xf6, 0xde, 0xf6, 0xde, 0xf5, 0xd6, 0xd4, 0xd6, 0xb4, 0xd6, 0xb3, 0xd6,
    0xb3, 0xd6, 0xb4, 0xd6, 0xd4, 0xd6, 0xb4, 0xd6, 0xd4, 0xd6, 0xd4, 0xd6,
    0xd4, 0xd6, 0xd4, 0xd6, 0xd4, 0xde, 0xd4, 0xd6, 0xb3, 0xd6, 0xd4, 0xd6,
    0x16, 0xdf, 0x38, 0xef, 0x39, 0xef, 0x17, 0xe7, 0xd4, 0xde, 0xd4, 0xd6,
    0xd4, 0xd6, 0xd4, 0xd6, 0xd4, 0xde, 0xd4, 0xde, 0xd4, 0xd6, 0xf5, 0xde,
    0xf5, 0xde, 0xf4, 0xde, 0xd4, 0xde, 0xd4, 0xd6, 0xd5, 0xde, 0x16, 0xdf,
    0x38, 0xe7, 0x59, 0xef, 0x59, 0xef, 0x58, 0xe7, 0x36, 0xe7, 0x16, 0xdf,
    0xf5, 0xde, 0xf5, 0xde, 0xf5, 0xde, 0xf5, 0xde, 0x15, 0xdf, 0x15, 0xe7,
    0x15, 0xe7, 0x16, 0xdf, 0x16, 0xdf, 0x15, 0xdf, 0x16, 0xdf, 0x15, 0xe7,
    0x15, 0xdf, 0x16, 0xe7, 0x15, 0xe7, 0x15, 0xdf, 0x15, 0xdf, 0x36, 0xe7,
    0x79, 0xef, 0x78, 0xef, 0x57, 0xe7, 0x37, 0xe7, 0x36, 0xe7, 0x36, 0xe7,
    0x36, 0xdf, 0x15, 0xe7, 0x16, 0xdf, 0x16, 0xdf, 0x15, 0xe7, 0x16, 0xdf,
    0x16, 0xe7, 0x16, 0xe7, 0x37, 0xe7, 0x38, 0xe7, 0x58, 0xef, 0x79, 0xef,
    0x7a, 0xef, 0x59, 0xef, 0x58, 0xe7, 0x17, 0xe7, 0xf5, 0xde, 0xd4, 0xde,
    0xf4, 0xde, 0xf5, 0xde, 0xf5, 0xde, 0xf5, 0xde, 0xf5, 0xde, 0xf4, 0xde,
    0xf5, 0xd6, 0xd5, 0xd6, 0xd4, 0xd6, 0xd4, 0xde, 0x16, 0xdf, 0x38, 0xe7,
    0x38, 0xe7, 0x17, 0xe7, 0xf5, 0xde, 0xd3, 0xd6, 0xb4, 0xd6, 0xd4, 0xd6,
    0xd4, 0xd6, 0xd4, 0xd6, 0xd4, 0xde, 0xd4, 0xd6, 0xd4, 0xd6, 0xd3, 0xd6,
    0xb3, 0xd6, 0xd4, 0xd6, 0xd4, 0xde, 0x16, 0xdf, 0x17, 0xe7, 0x38, 0xe7,
    0x38, 0xe7, 0x17, 0xe7, 0x17, 0xdf, 0xf6, 0xde, 0xf6, 0xde, 0xd5, 0xd6,
    0xd4, 0xd6, 0xb4, 0xd6, 0xb4, 0xd6, 0xb4, 0xd6, 0xb4, 0xd6, 0xb3, 0xd6,
    0xb4, 0xd6, 0xb4, 0xd6, 0xd5, 0xde, 0xd5, 0xde, 0xf5, 0xde, 0xf6, 0xde,
    0xf6, 0xde, 0xd5, 0xde, 0xb3, 0xd6, 0x93, 0xce, 0x16, 0xe7, 0x58, 0xef,
    0x37, 0xe7, 0x16, 0xe7, 0x37, 0xe7, 0x16, 0xe7, 0x16, 0xe7, 0x16, 0xdf,
    0x16, 0xdf, 0x16, 0xe7, 0x16, 0xe7, 0x15, 0xdf, 0x58, 0xef, 0xbb, 0xf7,
    0x79, 0xef, 0x99, 0xf7, 0x78, 0xf7, 0x79, 0xef, 0x99, 0xf7, 0x99, 0xf7,
    0x78, 0xef, 0x78, 0xef, 0x79, 0xf7, 0x78, 0xef, 0x99, 0xf7, 0x78, 0xef,
    0x78, 0xf7, 0x98, 0xef, 0x78, 0xef, 0x78, 0xf7, 0x79, 0xf7, 0x78, 0xef,
    0x79, 0xf7, 0x79, 0xef, 0x79, 0xf7, 0x78, 0xef, 0x78, 0xef, 0x78, 0xf7,
    0x79, 0xef, 0x78, 0xef, 0x79, 0xf7, 0x78, 0xef, 0x78, 0xef, 0x98, 0xf7,
    0x99, 0xf7, 0x79, 0xf7, 0x78, 0xef, 0x79, 0xf7, 0x98, 0xf7, 0x79, 0xef,
    0x79, 0xef, 0x78, 0xf7, 0x99, 0xef, 0x78, 0xf7, 0x79, 0xf7, 0x78, 0xef,
    0x78, 0xf7, 0x99, 0xf7, 0x98, 0xef, 0x78, 0xef, 0x79, 0xf7, 0x98, 0xf7,
    0x79, 0xf7, 0x79, 0xef, 0x98, 0xf7, 0x79, 0xef, 0x79, 0xf7, 0x79, 0xef,
    0x78, 0xef, 0x98, 0xf7, 0x99, 0xef, 0x78, 0xf7, 0x99, 0xef, 0x99, 0xf7,
    0x9a, 0xf7, 0x79, 0xef, 0xf5, 0xde, 0x16, 0xdf, 0x16, 0xe7, 0x16, 0xe7,
    0x16, 0xdf, 0x16, 0xe7, 0x16, 0xe7, 0x16, 0xe7, 0x16, 0xe7, 0x36, 0xe7,
    0x37, 0xe7, 0x36, 0xe7, 0xd5, 0xd6, 0xb5, 0xd6, 0xd5, 0xd6, 0xf6, 0xde,
    0xd5, 0xd6, 0xb4, 0xd6, 0xb4, 0xd6, 0xb3, 0xd6, 0xb3, 0xd6, 0xb3, 0xce,
    0xb3, 0xd6, 0xb3, 0xd6, 0xb4, 0xd6, 0xb4, 0xd6, 0xd4, 0xd6, 0xd5, 0xde,
    0xf5, 0xde, 0xf6, 0xde, 0xf6, 0xde, 0x17, 0xe7, 0x38, 0xe7, 0x17, 0xdf,
    0xf6, 0xde, 0xf5, 0xde, 0xb3, 0xd6, 0xd3, 0xd6, 0xd4, 0xd6, 0xd4, 0xd6,
    0xd4, 0xde, 0xd4, 0xd6, 0xd4, 0xd6, 0xd4, 0xd6, 0xd4, 0xd6, 0xd4, 0xd6,
    0xd3, 0xd6, 0xd3, 0xd6, 0xd5, 0xde, 0x17, 0xdf, 0x38, 0xe7, 0x38, 0xef,
    0x16, 0xe7, 0xd5, 0xd6, 0xd4, 0xd6, 0xd4, 0xd6, 0xf5, 0xde, 0xf5, 0xde,
    0xf5, 0xde, 0xd5, 0xde, 0xd4, 0xd6, 0xf5, 0xde, 0xf5, 0xde, 0xf4, 0xde,
    0xd4, 0xd6, 0xd4, 0xde, 0x16, 0xdf, 0x37, 0xe7, 0x58, 0xe7, 0x59, 0xef,
    0x79, 0xef, 0x59, 0xef, 0x58, 0xef, 0x37, 0xe7, 0x37, 0xe7, 0x16, 0xe7,
    0x16, 0xe7, 0x16, 0xdf, 0x16, 0xe7, 0x16, 0xe7, 0x16, 0xe7, 0x36, 0xe7,
    0x36, 0xe7, 0x37, 0xe7, 0x57, 0xe7, 0x58, 0xef, 0x78, 0xef, 0x79, 0xef,
    0x57, 0xe7, 0x58, 0xef, 0x78, 0xef, 0x79, 0xef, 0x79, 0xef, 0x79, 0xef,
    0x79, 0xef, 0x79, 0xef, 0x79, 0xef, 0x79, 0xef, 0x79, 0xef, 0x7a, 0xef,
    0x7a, 0xef, 0x79, 0xef, 0x79, 0xef, 0x59, 0xef, 0x58, 0xe7, 0x17, 0xe7,
    0x15, 0xdf, 0xf4, 0xde, 0xf4, 0xde, 0xf5, 0xde, 0xf5, 0xde, 0xf5, 0xde,
    0xf5, 0xde, 0xf5, 0xde, 0xf5, 0xde, 0xf5, 0xde, 0xf5, 0xd6, 0xd4, 0xde,
    0xd4, 0xd6, 0xf5, 0xde, 0x37, 0xe7, 0x58, 0xe7, 0x38, 0xe7, 0xf6, 0xde,
    0xd4, 0xd6, 0xd4, 0xd6, 0xd4, 0xd6, 0xd4, 0xd6, 0xd4, 0xd6, 0xd4, 0xd6,
    0xd4, 0xd6, 0xd4, 0xd6, 0xd4, 0xde, 0xb3, 0xd6, 0xb3, 0xd6, 0xd4, 0xde,
    0xf6, 0xde, 0x38, 0xe7, 0x59, 0xe7, 0x38, 0xe7, 0x16, 0xdf, 0xf5, 0xde,
    0xd4, 0xd6, 0xb3, 0xd6, 0x93, 0xd6, 0xb3, 0xce, 0xb3, 0xd6, 0xb3, 0xd6,
    0xb3, 0xd6, 0xb3, 0xce, 0xb3, 0xd6, 0xb3, 0xce, 0x93, 0xce, 0x93, 0xd6,
    0x93, 0xce, 0x93, 0xce, 0x92, 0xce, 0x72, 0xce, 0x72, 0xce, 0x93, 0xce,
    0xb4, 0xd6, 0xb4, 0xd6, 0xb4, 0xd6, 0xd5, 0xd6, 0xb4, 0xd6, 0xf6, 0xde,
    0x58, 0xef, 0x36, 0xe7, 0x36, 0xe7, 0x36, 0xe7, 0x36, 0xe7, 0x36, 0xe7,
    0x36, 0xe7, 0x16, 0xe7, 0x16, 0xe7, 0x16, 0xe7, 0x16, 0xdf, 0x79, 0xef,
    0x9a, 0xf7, 0x98, 0xf7, 0x99, 0xf7, 0x99, 0xef, 0x99, 0xf7, 0x98, 0xf7,
    0x79, 0xef, 0x78, 0xf7, 0x98, 0xef, 0x78, 0xf7, 0x78, 0xef, 0x79, 0xf7,
    0x79, 0xf7, 0x78, 0xef, 0x79, 0xef, 0x78, 0xf7, 0x98, 0xef, 0x78, 0xef,
    0x78, 0xf7, 0x98, 0xf7, 0x79, 0xef, 0x99, 0xf7, 0x98, 0xf7, 0x79, 0xf7,
    0x98, 0xef, 0x78, 0xf7, 0x79, 0xf7, 0x79, 0xef, 0x78, 0xf7, 0x78, 0xef,
    0x99, 0xf7, 0x98, 0xef, 0x78, 0xef, 0x99, 0xf7, 0x98, 0xf7, 0x78, 0xf7,
    0x99, 0xf7, 0x98, 0xef, 0x79, 0xf7, 0x99, 0xf7, 0x78, 0xef, 0x99, 0xf7,
    0x79, 0xef, 0x78, 0xf7, 0x99, 0xf7, 0x78, 0xf7, 0x99, 0xf7, 0x78, 0xef,
    0x78, 0xef, 0x99, 0xf7, 0x98, 0xf7, 0x79, 0xf7, 0x79, 0xf7, 0x78, 0xef,
    0x79, 0xf7, 0x99, 0xf7, 0x78, 0xef, 0x99, 0xf7, 0x78, 0xef, 0x99, 0xf7,
    0x9a, 0xf7, 0xf6, 0xde, 0x16, 0xdf, 0x16, 0xe7, 0x16, 0xdf, 0x16, 0xdf,
    0x36, 0xe7, 0x36, 0xe7, 0x16, 0xe7, 0x16, 0xdf, 0x36, 0xe7, 0x37, 0xe7,
    0x17, 0xdf, 0xd5, 0xd6, 0xb4, 0xd6, 0xb3, 0xd6, 0x93, 0xce, 0x72, 0xce,
    0x93, 0xce, 0x93, 0xce, 0x93, 0xce, 0x93, 0xce, 0x93, 0xce, 0x93, 0xce,
    0x93, 0xd6, 0xb3, 0xd6, 0xb3, 0xce, 0xb3, 0xd6, 0xb3, 0xd6, 0xb3, 0xd6,
    0xb3, 0xce, 0x93, 0xce, 0xb3, 0xd6, 0xb3, 0xd6, 0xd4, 0xd6, 0xd5, 0xd6,
    0x16, 0xdf, 0x17, 0xe7, 0x38, 0xe7, 0x17, 0xe7, 0x16, 0xdf, 0xd4, 0xd6,
    0xb3, 0xd6, 0xd4, 0xd6, 0xd4, 0xd6, 0xd4, 0xd6, 0xd4, 0xde, 0xd4, 0xde,
    0xd4, 0xd6, 0xd4, 0xd6, 0xd4, 0xd6, 0xd4, 0xd6, 0xd4, 0xd6, 0x15, 0xdf,
    0x38, 0xe7, 0x59, 0xef, 0x58, 0xe7, 0x16, 0xdf, 0xf4, 0xde, 0xf4, 0xde,
    0xf5, 0xd6, 0xd4, 0xd6, 0xf4, 0xde, 0xf5, 0xde, 0xf5, 0xde, 0xf5, 0xde,
    0xf5, 0xde, 0xf5, 0xde, 0xf5, 0xde, 0xf5, 0xde, 0xf4, 0xde, 0xf5, 0xde,
    0x16, 0xdf, 0x16, 0xe7, 0x57, 0xe7, 0x58, 0xe7, 0x79, 0xef, 0x79, 0xef,
    0x79, 0xef, 0x79, 0xef, 0x79, 0xef, 0x79, 0xef, 0x79, 0xef, 0x79, 0xef,
    0x79, 0xef, 0x58, 0xe7, 0x58, 0xe7, 0x57, 0xe7, 0x37, 0xe7, 0x36, 0xe7,
    0x36, 0xe7, 0x36, 0xe7, 0x15, 0xdf, 0x35, 0xe7, 0x36, 0xe7, 0x36, 0xe7,
    0x36, 0xe7, 0x37, 0xe7, 0x37, 0xe7, 0x36, 0xe7, 0x36, 0xe7, 0x36, 0xe7,
    0x15, 0xdf, 0x15, 0xdf, 0x15, 0xdf, 0xf5, 0xde, 0xf5, 0xde, 0xf5, 0xde,
    0xf5, 0xde, 0xf5, 0xde, 0xf5, 0xde, 0xf5, 0xde, 0xf5, 0xde, 0xf5, 0xde,
    0xf5, 0xde, 0xf5, 0xde, 0xf5, 0xd6, 0xf4, 0xd6, 0xf5, 0xde, 0x16, 0xe7,
    0x38, 0xe7, 0x58, 0xe7, 0x17, 0xe7, 0xf5, 0xde, 0xd4, 0xd6, 0xd4, 0xd6,
    0xf4, 0xde, 0xf5, 0xde, 0xd4, 0xd6, 0xd4, 0xd6, 0xd4, 0xde, 0xd4, 0xd6,
    0xd4, 0xd6, 0xb3, 0xd6, 0xd4, 0xd6, 0xf6, 0xde, 0x38, 0xe7, 0x38, 0xe7,
    0x17, 0xe7, 0xf5, 0xde, 0xd4, 0xd6, 0xb3, 0xd6, 0xb3, 0xd6, 0xb3, 0xd6,
    0xb4, 0xd6, 0xb4, 0xd6, 0xb3, 0xd6, 0xb3, 0xd6, 0xb3, 0xd6, 0xb4, 0xd6,
    0xb3, 0xd6, 0xb3, 0xd6, 0xb3, 0xce, 0x93, 0xd6, 0xb3, 0xce, 0xb3, 0xd6,
    0x93, 0xce, 0x93, 0xce, 0x93, 0xce, 0x93, 0xce, 0x93, 0xce, 0x93, 0xce,
    0x93, 0xce, 0x93, 0xce, 0x92, 0xce, 0x93, 0xce, 0x93, 0xce, 0xb4, 0xce,
    0xf6, 0xde, 0x58, 0xef, 0x37, 0xe7, 0x36, 0xe7, 0x16, 0xe7, 0x36, 0xe7,
    0x36, 0xe7, 0x36, 0xe7, 0x16, 0xe7, 0x16, 0xe7, 0x16, 0xe7, 0x16, 0xe7,
    0x7a, 0xef, 0x9a, 0xf7, 0x78, 0xf7, 0x79, 0xf7, 0x78, 0xef, 0x79, 0xf7,
    0x99, 0xf7, 0x78, 0xef, 0x79, 0xf7, 0x79, 0xef, 0x78, 0xef, 0x78, 0xf7,
    0x99, 0xef, 0x78, 0xf7, 0x79, 0xf7, 0x79, 0xef, 0x98, 0xf7, 0x79, 0xf7,
    0x78, 0xef, 0x98, 0xef, 0x78, 0xef, 0x78, 0xf7, 0x79, 0xef, 0x78, 0xef,
    0x78, 0xf7, 0x99, 0xef, 0x98, 0xef, 0x78, 0xf7, 0x79, 0xf7, 0x79, 0xef,
    0x78, 0xef, 0x99, 0xf7, 0x79, 0xef, 0x78, 0xef, 0x79, 0xef, 0x78, 0xef,
    0x98, 0xf7, 0x79, 0xf7, 0x78, 0xef, 0x78, 0xef, 0x78, 0xef, 0x78, 0xf7,
    0x78, 0xef, 0x78, 0xef, 0x79, 0xef, 0x79, 0xf7, 0x78, 0xf7, 0x78, 0xef,
    0x79, 0xef, 0x98, 0xf7, 0x98, 0xef, 0x79, 0xf7, 0x78, 0xf7, 0x98, 0xef,
    0x99, 0xf7, 0x78, 0xef, 0x98, 0xf7, 0x79, 0xf7, 0x99, 0xf7, 0x9b, 0xf7,
    0x16, 0xdf, 0xf5, 0xde, 0x16, 0xe7, 0x16, 0xe7, 0x16, 0xdf, 0x16, 0xdf,
    0x16, 0xe7, 0x16, 0xdf, 0x36, 0xe7, 0x37, 0xe7, 0x37, 0xe7, 0xd4, 0xd6,
    0x93, 0xce, 0x73, 0xce, 0x92, 0xce, 0x93, 0xce, 0x93, 0xce, 0x92, 0xce,
    0x93, 0xce, 0x93, 0xd6, 0x93, 0xce, 0x93, 0xce, 0x93, 0xd6, 0xb3, 0xce,
    0xb3, 0xd6, 0xb3, 0xd6, 0xb3, 0xce, 0x93, 0xd6, 0xb3, 0xd6, 0xb3, 0xd6,
    0xb3, 0xd6, 0xb3, 0xd6, 0xb3, 0xd6, 0xb3, 0xd6, 0xb3, 0xd6, 0xb3, 0xd6,
    0xb3, 0xd6, 0xb3, 0xd6, 0xd4, 0xd6, 0xf6, 0xde, 0x17, 0xe7, 0x38, 0xe7,
    0x37, 0xe7, 0xf5, 0xde, 0xb4, 0xd6, 0xb3, 0xd6, 0xd4, 0xd6, 0xd4, 0xde,
    0xd4, 0xd6, 0xd4, 0xd6, 0xd4, 0xde, 0xf4, 0xde, 0xd4, 0xde, 0xd4, 0xd6,
    0xd3, 0xd6, 0xd4, 0xde, 0x16, 0xe7, 0x38, 0xe7, 0x59, 0xef, 0x37, 0xe7,
    0xf5, 0xde, 0xd4, 0xd6, 0xd4, 0xd6, 0xf5, 0xde, 0xf5, 0xde, 0xf5, 0xde,
    0xf5, 0xde, 0xf4, 0xd6, 0xf5, 0xde, 0xf5, 0xde, 0xf5, 0xde, 0xf5, 0xde,
    0xf5, 0xde, 0xf5, 0xde, 0xf5, 0xde, 0xf5, 0xde, 0xf5, 0xde, 0x15, 0xdf,
    0x15, 0xdf, 0x15, 0xdf, 0x15, 0xdf, 0x15, 0xdf, 0x15, 0xdf, 0x15, 0xdf,
    0x15, 0xdf, 0x16, 0xdf, 0x15, 0xe7, 0x15, 0xe7, 0x16, 0xe7, 0x36, 0xdf,
    0x36, 0xe7, 0x36, 0xe7, 0x36, 0xe7, 0x36, 0xe7, 0x16, 0xe7, 0x16, 0xdf,
    0x36, 0xe7, 0x35, 0xdf, 0x15, 0xdf, 0x15, 0xe7, 0x15, 0xdf, 0x15, 0xdf,
    0x15, 0xdf, 0x15, 0xe7, 0x15, 0xdf, 0x15, 0xdf, 0x15, 0xdf, 0x15, 0xdf,
    0xf5, 0xde, 0xf5, 0xde, 0xf5, 0xde, 0xf5, 0xde, 0xf5, 0xde, 0xf5, 0xde,
    0xf4, 0xd6, 0xf5, 0xde, 0x16, 0xdf, 0x38, 0xe7, 0x59, 0xef, 0x38, 0xe7,
    0xf6, 0xde, 0xd4, 0xd6, 0xd4, 0xd6, 0xf4, 0xde, 0xf5, 0xde, 0xd4, 0xde,
    0xd5, 0xd6, 0xd5, 0xde, 0xf5, 0xde, 0xf4, 0xde, 0xd4, 0xd6, 0xd5, 0xde,
    0x16, 0xdf, 0x38, 0xe7, 0x38, 0xe7, 0x17, 0xe7, 0xf5, 0xde, 0xd4, 0xd6,
    0xb4, 0xd6, 0xd4, 0xd6, 0xb4, 0xd6, 0xb4, 0xd6, 0xd4, 0xd6, 0xb4, 0xd6,
    0xb3, 0xd6, 0xb3, 0xd6, 0xb4, 0xd6, 0xb3, 0xd6, 0xb4, 0xd6, 0xb3, 0xd6,
    0xb4, 0xce, 0xb3, 0xd6, 0xb3, 0xd6, 0x93, 0xce, 0x93, 0xd6, 0xb3, 0xd6,
    0x93, 0xce, 0x93, 0xd6, 0x93, 0xd6, 0x93, 0xce, 0x93, 0xce, 0x93, 0xce,
    0x93, 0xce, 0x93, 0xce, 0x93, 0xce, 0x93, 0xce, 0x93, 0xce, 0x93, 0xce,
    0x72, 0xce, 0x93, 0xce, 0xf7, 0xde, 0x58, 0xef, 0x37, 0xe7, 0x17, 0xe7,
    0x16, 0xdf, 0x36, 0xe7, 0x36, 0xe7, 0x16, 0xdf, 0x16, 0xe7, 0x16, 0xe7,
    0x16, 0xe7, 0x9a, 0xf7, 0x99, 0xf7, 0x99, 0xf7, 0x79, 0xef, 0x98, 0xf7,
    0x99, 0xf7, 0x78, 0xef, 0x79, 0xf7, 0x98, 0xf7, 0x78, 0xef, 0x79, 0xf7,
    0x78, 0xf7, 0x78, 0xef, 0x78, 0xf7, 0x78, 0xef, 0x79, 0xef, 0x78, 0xf7,
    0x79, 0xf7, 0x79, 0xef, 0x78, 0xf7, 0x78, 0xf7, 0x78, 0xef, 0x78, 0xf7,
    0x79, 0xf7, 0x78, 0xef, 0x78, 0xef, 0x98, 0xf7, 0x78, 0xef, 0x78, 0xf7,
    0x79, 0xf7, 0x78, 0xf7, 0x78, 0xf7, 0x78, 0xf7, 0x79, 0xef, 0x79, 0xf7,
    0x98, 0xef, 0x99, 0xf7, 0x78, 0xef, 0x78, 0xf7, 0x99, 0xef, 0x78, 0xf7,
    0x98, 0xf7, 0x79, 0xf7, 0x78, 0xef, 0x99, 0xf7, 0x98, 0xf7, 0x99, 0xf7,
    0x99, 0xf7, 0x78, 0xef, 0x79, 0xf7, 0x99, 0xf7, 0x99, 0xef, 0x98, 0xf7,
    0x79, 0xef, 0x99, 0xef, 0x99, 0xef, 0x78, 0xf7, 0x9a, 0xf7, 0x37, 0xe7,
    0xf5, 0xde, 0x16, 0xe7, 0x15, 0xdf, 0x16, 0xe7, 0x15, 0xe7, 0x36, 0xe7,
    0x36, 0xe7, 0x36, 0xe7, 0x37, 0xe7, 0x16, 0xdf, 0x93, 0xce, 0x72, 0xce,
    0x93, 0xce, 0x93, 0xce, 0x93, 0xce, 0x93, 0xce, 0x93, 0xce, 0x92, 0xce,
    0x73, 0xd6, 0x93, 0xce, 0x93, 0xce, 0x93, 0xd6, 0x93, 0xce, 0xb3, 0xd6,
    0xb3, 0xd6, 0xb3, 0xce, 0x93, 0xd6, 0xb4, 0xce, 0xb3, 0xd6, 0xb3, 0xd6,
    0xb4, 0xd6, 0xb3, 0xce, 0xb4, 0xd6, 0xb4, 0xd6, 0xb3, 0xd6, 0xb4, 0xd6,
    0xb4, 0xd6, 0xb4, 0xd6, 0xb3, 0xd6, 0xb3, 0xd6, 0xb3, 0xd6, 0xb4, 0xd6,
    0xf6, 0xde, 0x38, 0xe7, 0x38, 0xe7, 0x17, 0xe7, 0xd5, 0xde, 0xb4, 0xd6,
    0xd4, 0xd6, 0xd4, 0xd6, 0xd4, 0xde, 0xf4, 0xd6, 0xd4, 0xde, 0xd4, 0xd6,
    0xd4, 0xd6, 0xd4, 0xd6, 0xb4, 0xd6, 0xd4, 0xd6, 0xd5, 0xde, 0x17, 0xe7,
    0x59, 0xef, 0x59, 0xef, 0x17, 0xe7, 0xf5, 0xde, 0xd4, 0xd6, 0xf4, 0xd6,
    0xf5, 0xde, 0xf5, 0xde, 0xf5, 0xde, 0xf5, 0xde, 0x15, 0xdf, 0x15, 0xdf,
    0xf5, 0xde, 0x15, 0xdf, 0x15, 0xdf, 0x15, 0xdf, 0x15, 0xdf, 0x15, 0xe7,
    0x15, 0xdf, 0x15, 0xdf, 0x15, 0xe7, 0x15, 0xe7, 0x16, 0xe7, 0x16, 0xe7,
    0x36, 0xe7, 0x36, 0xe7, 0x36, 0xe7, 0x36, 0xe7, 0x36, 0xdf, 0x36, 0xe7,
    0x36, 0xe7, 0x16, 0xe7, 0x36, 0xdf, 0x16, 0xdf, 0x36, 0xe7, 0x36, 0xe7,
    0x36, 0xe7, 0x16, 0xe7, 0x16, 0xdf, 0x15, 0xdf, 0x16, 0xe7, 0x16, 0xdf,
    0x15, 0xdf, 0x15, 0xe7, 0xf5, 0xde, 0x15, 0xdf, 0x15, 0xdf, 0xf5, 0xde,
    0x15, 0xdf, 0x15, 0xdf, 0x15, 0xdf, 0xf4, 0xd6, 0xf5, 0xde, 0x36, 0xdf,
    0x58, 0xe7, 0x79, 0xef, 0x59, 0xef, 0x16, 0xe7, 0xf5, 0xde, 0xd4, 0xd6,
    0xd4, 0xde, 0xf4, 0xde, 0xf4, 0xd6, 0xd5, 0xde, 0xf5, 0xd6, 0xf4, 0xde,
    0xd4, 0xd6, 0xd4, 0xd6, 0xd4, 0xd6, 0xf5, 0xde, 0x38, 0xe7, 0x59, 0xef,
    0x38, 0xe7, 0xf6, 0xde, 0xd4, 0xd6, 0xb4, 0xd6, 0xd4, 0xd6, 0xd4, 0xd6,
    0xd4, 0xd6, 0xd4, 0xd6, 0xb4, 0xd6, 0xb3, 0xd6, 0xd4, 0xd6, 0xb3, 0xd6,
    0xb3, 0xd6, 0xb4, 0xd6, 0xb3, 0xd6, 0xb3, 0xce, 0xb3, 0xd6, 0xb3, 0xd6,
    0xb3, 0xce, 0xb3, 0xd6, 0x93, 0xd6, 0x93, 0xce, 0xb3, 0xce, 0x93, 0xce,
    0x93, 0xd6, 0x93, 0xce, 0x93, 0xce, 0x93, 0xd6, 0x93, 0xce, 0x92, 0xce,
    0x92, 0xce, 0x93, 0xce, 0x93, 0xd6, 0x93, 0xce, 0x93, 0xce, 0x92, 0xce,
    0x72, 0xce, 0x72, 0xce, 0x72, 0xc6, 0xd5, 0xd6, 0x58, 0xef, 0x57, 0xe7,
    0x37, 0xe7, 0x36, 0xe7, 0x16, 0xe7, 0x16, 0xe7, 0x16, 0xdf, 0x16, 0xe7,
    0x16, 0xdf, 0x17, 0xe7, 0x9b, 0xf7, 0x99, 0xf7, 0x99, 0xf7, 0x79, 0xf7,
    0x98, 0xef, 0x99, 0xf7, 0x78, 0xf7, 0x78, 0xef, 0x99, 0xef, 0x78, 0xf7,
    0x78, 0xef, 0x79, 0xef, 0x78, 0xf7, 0x78, 0xf7, 0x98, 0xef, 0x78, 0xef,
    0x98, 0xf7, 0x79, 0xef, 0x99, 0xf7, 0x98, 0xf7, 0x79, 0xef, 0x99, 0xf7,
    0x98, 0xf7, 0x79, 0xef, 0x79, 0xf7, 0x99, 0xf7, 0x98, 0xef, 0x78, 0xef,
    0x99, 0xf7, 0x79, 0xef, 0x78, 0xef, 0x78, 0xef, 0x78, 0xf7, 0x98, 0xf7,
    0x79, 0xef, 0x78, 0xef, 0x78, 0xf7, 0x79, 0xf7, 0x78, 0xef, 0x79, 0xf7,
    0x99, 0xf7, 0x98, 0xef, 0x99, 0xf7, 0x98, 0xf7, 0x79, 0xef, 0x78, 0xf7,
    0x99, 0xf7, 0x78, 0xef, 0x98, 0xf7, 0x79, 0xef, 0x99, 0xf7, 0x79, 0xf7,
    0x78, 0xf7, 0x99, 0xf7, 0x79, 0xef, 0xba, 0xf7, 0x58, 0xe7, 0xf5, 0xde,
    0x16, 0xe7, 0x16, 0xdf, 0x16, 0xe7, 0x36, 0xdf, 0x36, 0xe7, 0x36, 0xe7,
    0x36, 0xe7, 0x36, 0xe7, 0xd5, 0xd6, 0x93, 0xce, 0x73, 0xce, 0x73, 0xce,
    0x72, 0xce, 0x92, 0xce, 0x93, 0xce, 0x93, 0xd6, 0x92, 0xce, 0x92, 0xce,
    0x93, 0xce, 0x92, 0xd6, 0x93, 0xce, 0xb3, 0xd6, 0x93, 0xce, 0x93, 0xce,
    0x93, 0xd6, 0x93, 0xd6, 0xb3, 0xce, 0xb3, 0xd6, 0xb3, 0xd6, 0xb3, 0xce,
    0xb4, 0xd6, 0xb3, 0xd6, 0xb3, 0xd6, 0xb4, 0xd6, 0xb3, 0xd6, 0xb3, 0xd6,
    0xb4, 0xd6, 0xb4, 0xd6, 0xd4, 0xd6, 0xd4, 0xd6, 0xb4, 0xd6, 0xb4, 0xd6,
    0xb3, 0xd6, 0xb3, 0xd6, 0xd4, 0xd6, 0x16, 0xdf, 0x38, 0xe7, 0x38, 0xe7,
    0x16, 0xe7, 0xd5, 0xde, 0xd4, 0xd6, 0xd4, 0xd6, 0xd4, 0xde, 0xd4, 0xd6,
    0xd4, 0xde, 0xd4, 0xd6, 0xd4, 0xd6, 0xd4, 0xd6, 0xd4, 0xd6, 0xd3, 0xd6,
    0xd4, 0xd6, 0xf6, 0xde, 0x38, 0xe7, 0x59, 0xe7, 0x58, 0xef, 0x37, 0xe7,
    0x16, 0xdf, 0xf5, 0xde, 0xf5, 0xde, 0xf5, 0xde, 0x15, 0xdf, 0xf5, 0xde,
    0x15, 0xdf, 0xf5, 0xde, 0xf5, 0xde, 0x15, 0xdf, 0xf5, 0xde, 0x15, 0xdf,
    0x15, 0xe7, 0x16, 0xdf, 0x15, 0xe7, 0x16, 0xdf, 0x36, 0xdf, 0x15, 0xe7,
    0x16, 0xdf, 0x35, 0xdf, 0x16, 0xe7, 0x16, 0xdf, 0x36, 0xe7, 0x36, 0xe7,
    0x16, 0xe7, 0x15, 0xdf, 0x15, 0xdf, 0x36, 0xe7, 0x36, 0xe7, 0x36, 0xdf,
    0x35, 0xe7, 0x16, 0xe7, 0x16, 0xdf, 0x15, 0xdf, 0x16, 0xe7, 0x16, 0xdf,
    0x15, 0xdf, 0x16, 0xe7, 0xf5, 0xde, 0x15, 0xdf, 0x15, 0xdf, 0xf5, 0xde,
    0xf5, 0xde, 0x15, 0xdf, 0x37, 0xe7, 0x58, 0xef, 0x79, 0xef, 0x7a, 0xef,
    0x38, 0xe7, 0xf5, 0xde, 0xf4, 0xd6, 0xf4, 0xd6, 0xf4, 0xde, 0xf5, 0xde,
    0xf5, 0xde, 0xf4, 0xd6, 0xd5, 0xde, 0xd5, 0xde, 0xd4, 0xd6, 0xd4, 0xd6,
    0xf4, 0xde, 0x17, 0xdf, 0x38, 0xe7, 0x38, 0xe7, 0x16, 0xdf, 0xd4, 0xd6,
    0xb3, 0xd6, 0xd4, 0xd6, 0xd4, 0xde, 0xd4, 0xd6, 0xd4, 0xd6, 0xd4, 0xd6,
    0xd4, 0xd6, 0xd4, 0xd6, 0xb3, 0xd6, 0xb3, 0xd6, 0xb4, 0xd6, 0xb4, 0xd6,
    0xb3, 0xd6, 0xd4, 0xd6, 0xb4, 0xd6, 0xb3, 0xd6, 0xb3, 0xce, 0xb4, 0xd6,
    0xb3, 0xd6, 0xb3, 0xce, 0xb3, 0xd6, 0x93, 0xd6, 0xb3, 0xce, 0x93, 0xce,
    0x93, 0xd6, 0xb3, 0xce, 0x93, 0xce, 0x93, 0xce, 0x93, 0xce, 0x92, 0xce,
    0x93, 0xce, 0x92, 0xce, 0x93, 0xce, 0x92, 0xce, 0x92, 0xce, 0x73, 0xce,
    0x92, 0xce, 0x73, 0xce, 0x72, 0xce, 0x72, 0xce, 0x93, 0xce, 0x37, 0xe7,
    0x37, 0xe7, 0x36, 0xe7, 0x16, 0xe7, 0x36, 0xe7, 0x16, 0xe7, 0x16, 0xe7,
    0x16, 0xe7, 0x15, 0xdf, 0x37, 0xe7, 0xbb, 0xf7, 0x79, 0xf7, 0x78, 0xef,
    0x99, 0xef, 0x79, 0xf7, 0x98, 0xf7, 0x99, 0xef, 0x78, 0xf7, 0x78, 0xf7,
    0x79, 0xef, 0x78, 0xef, 0x79, 0xf7, 0x79, 0xf7, 0x78, 0xef, 0x79, 0xf7,
    0x79, 0xef, 0x78, 0xf7, 0x98, 0xf7, 0x98, 0xef, 0x79, 0xef, 0x78, 0xef,
    0x98, 0xf7, 0x78, 0xef, 0x78, 0xf7, 0x79, 0xf7, 0x78, 0xef, 0x78, 0xf7,
    0x79, 0xef, 0x99, 0xef, 0x78, 0xf7, 0x78, 0xef, 0x98, 0xef, 0x79, 0xf7,
    0x78, 0xf7, 0x78, 0xef, 0x98, 0xf7, 0x78, 0xef, 0x79, 0xef, 0x78, 0xf7,
    0x78, 0xef, 0x99, 0xef, 0x78, 0xf7, 0x79, 0xf7, 0x98, 0xef, 0x78, 0xef,
    0x78, 0xf7, 0x99, 0xf7, 0x98, 0xef, 0x79, 0xf7, 0x99, 0xf7, 0x99, 0xf7,
    0x99, 0xef, 0x78, 0xf7, 0x9a, 0xf7, 0x59, 0xef, 0xf5, 0xde, 0x16, 0xe7,
    0x16, 0xe7, 0x16, 0xe7, 0x16, 0xe7, 0x16, 0xe7, 0x16, 0xdf, 0x36, 0xe7,
    0x16, 0xdf, 0xb4, 0xd6, 0x72, 0xce, 0x72, 0xce, 0x93, 0xce, 0x92, 0xce,
    0x73, 0xce, 0x72, 0xce, 0x92, 0xce, 0x93, 0xce, 0x93, 0xce, 0x92, 0xce,
    0x93, 0xce, 0x93, 0xd6, 0x93, 0xce, 0x93, 0xce, 0xb3, 0xd6, 0xb3, 0xce,
    0x93, 0xce, 0x93, 0xd6, 0xb3, 0xce, 0x93, 0xd6, 0xb3, 0xce, 0xb3, 0xce,
    0xb3, 0xd6, 0xb3, 0xd6, 0xb3, 0xce, 0xb3, 0xce, 0xb3, 0xd6, 0xb3, 0xd6,
    0xd3, 0xd6, 0xd3, 0xd6, 0xb3, 0xd6, 0xb3, 0xd6, 0xb4, 0xd6, 0xd4, 0xd6,
    0xd4, 0xd6, 0xd4, 0xd6, 0xd4, 0xde, 0xb3, 0xd6, 0xd4, 0xd6, 0xf5, 0xde,
    0x17, 0xe7, 0x38, 0xe7, 0x37, 0xe7, 0xf5, 0xde, 0xd4, 0xd6, 0xd4, 0xd6,
    0xd4, 0xde, 0xd4, 0xde, 0xd4, 0xd6, 0xd4, 0xde, 0xd4, 0xd6, 0xd4, 0xd6,
    0xd4, 0xd6, 0xd4, 0xd6, 0xd4, 0xd6, 0xd4, 0xde, 0xf5, 0xde, 0x38, 0xe7,
    0x79, 0xef, 0x79, 0xef, 0x58, 0xef, 0x37, 0xe7, 0x15, 0xdf, 0xf5, 0xde,
    0xf5, 0xde, 0xf5, 0xde, 0xf5, 0xde, 0x15, 0xdf, 0xf5, 0xde, 0x16, 0xdf,
    0x15, 0xdf, 0x16, 0xe7, 0x16, 0xdf, 0x16, 0xdf, 0x15, 0xe7, 0x15, 0xdf,
    0x15, 0xdf, 0x15, 0xe7, 0x15, 0xdf, 0x15, 0xdf, 0x36, 0xe7, 0x36, 0xe7,
    0x58, 0xef, 0x58, 0xe7, 0x57, 0xe7, 0x36, 0xe7, 0x36, 0xe7, 0x16, 0xdf,
    0x16, 0xdf, 0x15, 0xe7, 0x15, 0xdf, 0x15, 0xe7, 0x15, 0xdf, 0x15, 0xdf,
    0xf5, 0xde, 0x15, 0xdf, 0x16, 0xe7, 0x16, 0xe7, 0x37, 0xe7, 0x58, 0xef,
    0x59, 0xef, 0x79, 0xef, 0x79, 0xef, 0x37, 0xe7, 0x16, 0xdf, 0xf4, 0xde,
    0xd4, 0xde, 0xf5, 0xde, 0xf5, 0xde, 0xf5, 0xde, 0xf5, 0xd6, 0xf4, 0xde,
    0xf5, 0xd6, 0xf5, 0xde, 0xd4, 0xd6, 0xd4, 0xde, 0xf5, 0xde, 0x38, 0xe7,
    0x59, 0xef, 0x38, 0xe7, 0xf6, 0xde, 0xd4, 0xd6, 0xd4, 0xd6, 0xd4, 0xde,
    0xd4, 0xd6, 0xd4, 0xd6, 0xd4, 0xd6, 0xd4, 0xde, 0xd4, 0xd6, 0xd4, 0xde,
    0xd4, 0xd6, 0xd4, 0xd6, 0xd4, 0xd6, 0xb4, 0xd6, 0xd4, 0xd6, 0xb3, 0xd6,
    0xb3, 0xd6, 0xd3, 0xd6, 0xb4, 0xd6, 0xb3, 0xd6, 0xb3, 0xd6, 0xb3, 0xd6,
    0xb3, 0xce, 0x93, 0xd6, 0x93, 0xce, 0xb3, 0xd6, 0x93, 0xce, 0x93, 0xce,
    0x93, 0xd6, 0xb3, 0xce, 0x92, 0xd6, 0x92, 0xce, 0x93, 0xce, 0x93, 0xce,
    0x92, 0xd6, 0x93, 0xce, 0x93, 0xce, 0x72, 0xce, 0x72, 0xce, 0x72, 0xce,
    0x73, 0xce, 0x72, 0xce, 0x92, 0xce, 0x72, 0xce, 0x72, 0xce, 0x73, 0xce,
    0x16, 0xdf, 0x37, 0xe7, 0x36, 0xe7, 0x36, 0xe7, 0x36, 0xe7, 0x16, 0xe7,
    0x36, 0xe7, 0x16, 0xe7, 0x15, 0xdf, 0x58, 0xef, 0x9a, 0xf7, 0x78, 0xef,
    0x99, 0xf7, 0x79, 0xef, 0x78, 0xf7, 0x78, 0xef, 0x79, 0xf7, 0x78, 0xf7,
    0x98, 0xef, 0x78, 0xf7, 0x78, 0xef, 0x98, 0xef, 0x79, 0xf7, 0x79, 0xf7,
    0x98, 0xf7, 0x79, 0xef, 0x78, 0xf7, 0x78, 0xef, 0x78, 0xf7, 0x78, 0xf7,
    0x79, 0xef, 0x78, 0xef, 0x78, 0xef, 0x99, 0xf7, 0x78, 0xef, 0x78, 0xf7,
    0x78, 0xf7, 0x98, 0xf7, 0x78, 0xf7, 0x79, 0xef, 0x78, 0xef, 0x79, 0xf7,
    0x98, 0xf7, 0x79, 0xef, 0x78, 0xf7, 0x99, 0xef, 0x78, 0xf7, 0x98, 0xf7,
    0x98, 0xf7, 0x79, 0xef, 0x79, 0xf7, 0x98, 0xf7, 0x99, 0xf7, 0x98, 0xef,
    0x79, 0xf7, 0x79, 0xf7, 0x99, 0xef, 0x98, 0xf7, 0x78, 0xef, 0x99, 0xef,
    0x99, 0xf7, 0x9a, 0xf7, 0x7a, 0xef, 0xf5, 0xde, 0x16, 0xe7, 0x16, 0xe7,
    0x16, 0xe7, 0x36, 0xdf, 0x16, 0xdf, 0x16, 0xe7, 0x36, 0xe7, 0xf6, 0xde,
    0x93, 0xce, 0x72, 0xce, 0x72, 0xce, 0x72, 0xce, 0x72, 0xce, 0x92, 0xce,
    0x93, 0xce, 0x72, 0xce, 0x72, 0xce, 0x72, 0xce, 0x92, 0xce, 0x93, 0xce,
    0x92, 0xce, 0x93, 0xce, 0x93, 0xd6, 0x92, 0xce, 0x93, 0xce, 0x93, 0xd6,
    0xb3, 0xd6, 0xb3, 0xce, 0x93, 0xce, 0x93, 0xd6, 0xb3, 0xd6, 0xb3, 0xd6,
    0xb3, 0xce, 0xb3, 0xd6, 0xb3, 0xd6, 0xb4, 0xd6, 0xb3, 0xd6, 0xb3, 0xce,
    0xb4, 0xd6, 0xb3, 0xd6, 0xb3, 0xd6, 0xb4, 0xd6, 0xb3, 0xd6, 0xd3, 0xd6,
    0xd4, 0xd6, 0xd4, 0xd6, 0xd4, 0xd6, 0xd4, 0xd6, 0xd4, 0xd6, 0xd4, 0xd6,
    0xb3, 0xd6, 0xd4, 0xd6, 0xf6, 0xde, 0x38, 0xe7, 0x38, 0xe7, 0x17, 0xe7,
    0xd4, 0xd6, 0xd4, 0xd6, 0xd4, 0xd6, 0xd4, 0xde, 0xf5, 0xde, 0xd4, 0xde,
    0xd4, 0xde, 0xd4, 0xde, 0xd4, 0xde, 0xf4, 0xde, 0xd4, 0xd6, 0xd4, 0xd6,
    0xf4, 0xde, 0xf6, 0xde, 0x17, 0xe7, 0x58, 0xe7, 0x79, 0xef, 0x79, 0xef,
    0x58, 0xef, 0x58, 0xef, 0x37, 0xe7, 0x16, 0xe7, 0x16, 0xe7, 0x16, 0xe7,
    0x16, 0xdf, 0x15, 0xdf, 0x15, 0xe7, 0x16, 0xe7, 0x16, 0xe7, 0x36, 0xe7,
    0x36, 0xe7, 0x57, 0xe7, 0x58, 0xe7, 0x58, 0xef, 0x78, 0xef, 0x58, 0xef,
    0x36, 0xe7, 0x37, 0xe7, 0x58, 0xef, 0x58, 0xef, 0x58, 0xef, 0x58, 0xef,
    0x58, 0xef, 0x58, 0xef, 0x58, 0xef, 0x58, 0xef, 0x58, 0xef, 0x58, 0xef,
    0x59, 0xef, 0x59, 0xef, 0x79, 0xef, 0x59, 0xef, 0x58, 0xef, 0x37, 0xe7,
    0x16, 0xdf, 0x15, 0xdf, 0xf5, 0xde, 0xf5, 0xde, 0xf5, 0xde, 0xf5, 0xde,
    0xf5, 0xde, 0xf5, 0xde, 0xf5, 0xde, 0xf5, 0xde, 0xf5, 0xde, 0xd4, 0xde,
    0xd4, 0xd6, 0xf5, 0xde, 0x16, 0xdf, 0x58, 0xe7, 0x59, 0xe7, 0x17, 0xe7,
    0xf5, 0xde, 0xd4, 0xd6, 0xd4, 0xde, 0xd4, 0xde, 0xd4, 0xde, 0xd4, 0xd6,
    0xd4, 0xde, 0xd4, 0xd6, 0xd4, 0xd6, 0xd4, 0xd6, 0xd4, 0xd6, 0x93, 0xd6,
    0xb4, 0xd6, 0xd4, 0xd6, 0xb4, 0xd6, 0xd4, 0xd6, 0xd3, 0xd6, 0xb4, 0xd6,
    0xb3, 0xd6, 0xb3, 0xd6, 0xb3, 0xce, 0xb3, 0xd6, 0xb4, 0xce, 0xb3, 0xce,
    0xb3, 0xd6, 0x93, 0xd6, 0xb3, 0xce, 0xb3, 0xce, 0x93, 0xd6, 0x93, 0xce,
    0xb3, 0xd6, 0x93, 0xce, 0x93, 0xce, 0x93, 0xd6, 0x92, 0xce, 0x93, 0xce,
    0x92, 0xce, 0x92, 0xce, 0x93, 0xce, 0x72, 0xce, 0x72, 0xce, 0x92, 0xce,
    0x72, 0xce, 0x72, 0xce, 0x92, 0xce, 0x92, 0xce, 0x73, 0xce, 0x72, 0xce,
    0x72, 0xc6, 0xd5, 0xde, 0x37, 0xe7, 0x36, 0xe7, 0x16, 0xdf, 0x36, 0xe7,
    0x36, 0xe7, 0x16, 0xdf, 0x16, 0xe7, 0x15, 0xdf, 0x79, 0xef, 0x9a, 0xf7,
    0x79, 0xf7, 0x99, 0xf7, 0x79, 0xef, 0x78, 0xf7, 0x79, 0xf7, 0x79, 0xef,
    0x78, 0xef, 0x79, 0xf7, 0x78, 0xf7, 0x98, 0xef, 0x79, 0xf7, 0x78, 0xef,
    0x98, 0xef, 0x78, 0xf7, 0x79, 0xef, 0x79, 0xf7, 0x78, 0xf7, 0x98, 0xef,
    0x79, 0xf7, 0x79, 0xf7, 0x98, 0xef, 0x79, 0xf7, 0x78, 0xef, 0x78, 0xef,
    0x79, 0xef, 0x78, 0xf7, 0x98, 0xef, 0x78, 0xf7, 0x79, 0xf7, 0x98, 0xef,
    0x78, 0xef, 0x79, 0xf7, 0x78, 0xef, 0x78, 0xf7, 0x78, 0xef, 0x99, 0xf7,
    0x98, 0xf7, 0x79, 0xef, 0x98, 0xf7, 0x99, 0xf7, 0x79, 0xf7, 0x78, 0xef,
    0x98, 0xf7, 0x79, 0xef, 0x79, 0xf7, 0x99, 0xf7, 0x99, 0xf7, 0x78, 0xf7,
    0x99, 0xf7, 0x9b, 0xf7, 0x16, 0xdf, 0x15, 0xdf, 0x16, 0xdf, 0x16, 0xe7,
    0x16, 0xdf, 0x16, 0xdf, 0x16, 0xe7, 0x36, 0xe7, 0xf5, 0xde, 0x72, 0xce,
    0x72, 0xce, 0x72, 0xce, 0x72, 0xce, 0x72, 0xce, 0x72, 0xce, 0x72, 0xce,
    0x92, 0xce, 0x93, 0xce, 0x92, 0xce, 0x92, 0xce, 0x92, 0xce, 0x72, 0xd6,
    0x93, 0xce, 0x92, 0xce, 0x92, 0xce, 0x93, 0xd6, 0x93, 0xce, 0xb3, 0xce,
    0xb3, 0xce, 0x93, 0xd6, 0xb3, 0xd6, 0x93, 0xce, 0x93, 0xce, 0x93, 0xd6,
    0x93, 0xd6, 0xb3, 0xce, 0xb3, 0xd6, 0xb4, 0xd6, 0xb3, 0xd6, 0xb3, 0xce,
    0xb3, 0xd6, 0xb3, 0xd6, 0xb4, 0xd6, 0xd3, 0xd6, 0xb4, 0xd6, 0xb4, 0xd6,
    0xb4, 0xd6, 0xd4, 0xd6, 0xd4, 0xd6, 0xb4, 0xde, 0xd4, 0xd6, 0xd4, 0xd6,
    0xd4, 0xde, 0xd4, 0xd6, 0xd4, 0xd6, 0xb4, 0xd6, 0xf5, 0xde, 0x37, 0xe7,
    0x38, 0xe7, 0x38, 0xe7, 0xf6, 0xde, 0xd4, 0xd6, 0xd4, 0xd6, 0xd4, 0xde,
    0xf5, 0xd6, 0xd4, 0xd6, 0xd4, 0xd6, 0xf4, 0xde, 0xf5, 0xde, 0xf5, 0xde,
    0xd4, 0xde, 0xf4, 0xde, 0xd4, 0xd6, 0xd4, 0xde, 0xf5, 0xde, 0x16, 0xdf,
    0x36, 0xe7, 0x58, 0xe7, 0x59, 0xe7, 0x59, 0xef, 0x59, 0xef, 0x59, 0xef,
    0x59, 0xef, 0x79, 0xef, 0x78, 0xef, 0x58, 0xe7, 0x59, 0xef, 0x59, 0xef,
    0x78, 0xef, 0x58, 0xef, 0x58, 0xe7, 0x37, 0xe7, 0x16, 0xe7, 0x15, 0xdf,
    0x36, 0xe7, 0x16, 0xe7, 0x16, 0xdf, 0x15, 0xdf, 0x16, 0xe7, 0x36, 0xe7,
    0x36, 0xe7, 0x37, 0xe7, 0x37, 0xe7, 0x37, 0xe7, 0x37, 0xe7, 0x36, 0xe7,
    0x16, 0xe7, 0x16, 0xdf, 0x15, 0xdf, 0x15, 0xdf, 0xf4, 0xde, 0xf5, 0xde,
    0xf5, 0xde, 0xf5, 0xde, 0xf5, 0xde, 0xf5, 0xde, 0xf4, 0xde, 0xf4, 0xd6,
    0xf5, 0xde, 0xd4, 0xd6, 0xf4, 0xd6, 0xf4, 0xd6, 0xd4, 0xde, 0xf5, 0xde,
    0x17, 0xe7, 0x59, 0xe7, 0x58, 0xe7, 0x16, 0xdf, 0xd4, 0xde, 0xd4, 0xd6,
    0xd4, 0xd6, 0xd4, 0xd6, 0xf4, 0xde, 0xd4, 0xd6, 0xd4, 0xd6, 0xf4, 0xd6,
    0xd4, 0xde, 0xd4, 0xd6, 0xd4, 0xd6, 0xd4, 0xde, 0x73, 0xce, 0xcf, 0xb5,
    0x11, 0xbe, 0xb4, 0xd6, 0xb4, 0xd6, 0xd3, 0xd6, 0xb4, 0xd6, 0xd4, 0xd6,
    0xb4, 0xd6, 0xb3, 0xd6, 0xb3, 0xd6, 0xb3, 0xd6, 0xb4, 0xd6, 0xb3, 0xd6,
    0xb3, 0xce, 0x93, 0xce, 0x93, 0xd6, 0xb3, 0xd6, 0x93, 0xce, 0xd4, 0xd6,
    0x58, 0xe7, 0xf6, 0xde, 0x93, 0xce, 0x93, 0xce, 0x93, 0xce, 0x92, 0xce,
    0x93, 0xce, 0x93, 0xce, 0x72, 0xce, 0x92, 0xce, 0x72, 0xce, 0x72, 0xce,
    0x72, 0xce, 0x72, 0xce, 0x92, 0xce, 0x72, 0xc6, 0x72, 0xce, 0x72, 0xce,
    0x72, 0xc6, 0x51, 0xc6, 0xb4, 0xd6, 0x37, 0xe7, 0x37, 0xe7, 0x16, 0xe7,
    0x16, 0xe7, 0x16, 0xdf, 0x16, 0xe7, 0x16, 0xe7, 0x15, 0xdf, 0x79, 0xef,
    0x9a, 0xf7, 0x78, 0xf7, 0x99, 0xf7, 0x78, 0xef, 0x98, 0xf7, 0x79, 0xef,
    0x78, 0xf7, 0x99, 0xf7, 0x99, 0xf7, 0x98, 0xf7, 0x79, 0xef, 0x79, 0xef,
    0x78, 0xf7, 0x78, 0xf7, 0x79, 0xef, 0x98, 0xef, 0x78, 0xef, 0x78, 0xf7,
    0x98, 0xef, 0x78, 0xf7, 0x78, 0xf7, 0x78, 0xef, 0x78, 0xf7, 0x78, 0xf7,
    0x78, 0xef, 0x78, 0xef, 0x78, 0xef, 0x78, 0xf7, 0x79, 0xef, 0x78, 0xef,
    0x98, 0xf7, 0x79, 0xef, 0x98, 0xf7, 0x78, 0xef, 0x79, 0xef, 0x78, 0xef,
    0x78, 0xef, 0x98, 0xf7, 0x79, 0xef, 0x78, 0xef, 0x98, 0xf7, 0x79, 0xf7,
    0x98, 0xf7, 0x99, 0xef, 0x78, 0xf7, 0x99, 0xef, 0x79, 0xf7, 0x99, 0xf7,
    0x9a, 0xf7, 0x16, 0xdf, 0xf5, 0xe6, 0x15, 0xe7, 0x16, 0xdf, 0x16, 0xe7,
    0x16, 0xe7, 0x16, 0xe7, 0x16, 0xe7, 0xb4, 0xd6, 0x72, 0xc6, 0x72, 0xc6,
    0x72, 0xce, 0x72, 0xc6, 0x72, 0xce, 0x72, 0xc6, 0x72, 0xc6, 0x72, 0xce,
    0x72, 0xce, 0x72, 0xce, 0x72, 0xce, 0x72, 0xce, 0x93, 0xce, 0x92, 0xce,
    0x93, 0xce, 0x92, 0xce, 0xb3, 0xd6, 0x37, 0xe7, 0x16, 0xdf, 0x92, 0xd6,
    0x93, 0xce, 0xb3, 0xce, 0x93, 0xd6, 0xb3, 0xce, 0xb3, 0xce, 0x93, 0xd6,
    0xb3, 0xce, 0xb3, 0xd6, 0xb3, 0xd6, 0xb3, 0xce, 0xb3, 0xd6, 0xb3, 0xd6,
    0xb3, 0xd6, 0xb3, 0xce, 0xb3, 0xd6, 0xb3, 0xd6, 0xd4, 0xd6, 0xd3, 0xd6,
    0xb3, 0xd6, 0xb3, 0xd6, 0xb4, 0xd6, 0xd3, 0xd6, 0xd4, 0xd6, 0xd4, 0xde,
    0xd4, 0xd6, 0xd4, 0xd6, 0xd4, 0xde, 0xd4, 0xd6, 0xd4, 0xd6, 0xb3, 0xd6,
    0xd4, 0xd6, 0x16, 0xe7, 0x58, 0xe7, 0x58, 0xef, 0x37, 0xe7, 0xf5, 0xde,
    0xd4, 0xd6, 0xd4, 0xd6, 0xd4, 0xde, 0xf5, 0xde, 0xf5, 0xde, 0xf4, 0xd6,
    0xf5, 0xde, 0xd4, 0xde, 0xf4, 0xd6, 0xf5, 0xde, 0xf5, 0xde, 0xf4, 0xde,
    0xf4, 0xd6, 0xf4, 0xde, 0xd4, 0xde, 0xf4, 0xde, 0xf5, 0xde, 0xf5, 0xde,
    0x15, 0xdf, 0x15, 0xdf, 0x16, 0xdf, 0x15, 0xdf, 0x15, 0xdf, 0x15, 0xdf,
    0x15, 0xdf, 0x15, 0xdf, 0x15, 0xdf, 0x15, 0xdf, 0x16, 0xdf, 0x16, 0xe7,
    0x36, 0xe7, 0x16, 0xe7, 0x36, 0xe7, 0x36, 0xe7, 0x16, 0xdf, 0x16, 0xdf,
    0x15, 0xdf, 0x15, 0xdf, 0x15, 0xdf, 0x15, 0xdf, 0xf5, 0xde, 0x15, 0xdf,
    0x15, 0xdf, 0x15, 0xdf, 0x15, 0xdf, 0x15, 0xdf, 0x15, 0xdf, 0x15, 0xdf,
    0x15, 0xdf, 0xf5, 0xde, 0xf5, 0xde, 0xf4, 0xde, 0xf5, 0xde, 0xf5, 0xde,
    0xf4, 0xde, 0xd4, 0xde, 0xf5, 0xde, 0x16, 0xdf, 0x38, 0xe7, 0x58, 0xe7,
    0x37, 0xe7, 0xf5, 0xde, 0xd4, 0xde, 0xd4, 0xd6, 0xd5, 0xde, 0xf4, 0xde,
    0xd4, 0xd6, 0xd4, 0xde, 0xd4, 0xd6, 0xf4, 0xd6, 0xd4, 0xde, 0xd4, 0xd6,
    0xd4, 0xd6, 0xd4, 0xd6, 0xd4, 0xd6, 0xd5, 0xde, 0x52, 0xc6, 0xae, 0xb5,
    0x10, 0xbe, 0xb3, 0xd6, 0xd4, 0xd6, 0xb3, 0xd6, 0xd4, 0xd6, 0xb3, 0xd6,
    0xb3, 0xd6, 0xb3, 0xd6, 0xb4, 0xce, 0xb3, 0xd6, 0xb3, 0xd6, 0xb3, 0xce,
    0xb3, 0xd6, 0x93, 0xce, 0x93, 0xd6, 0xb3, 0xce, 0x93, 0xce, 0xd5, 0xde,
    0x79, 0xef, 0x36, 0xe7, 0x92, 0xce, 0x93, 0xce, 0x93, 0xd6, 0x92, 0xce,
    0x93, 0xce, 0x72, 0xce, 0x72, 0xce, 0x93, 0xce, 0x73, 0xce, 0x72, 0xce,
    0x92, 0xce, 0x93, 0xce, 0x72, 0xce, 0x72, 0xce, 0x72, 0xce, 0x72, 0xce,
    0x72, 0xc6, 0x72, 0xce, 0x51, 0xc6, 0x73, 0xce, 0x16, 0xdf, 0x36, 0xe7,
    0x16, 0xe7, 0x36, 0xe7, 0x16, 0xe7, 0x16, 0xe7, 0x16, 0xdf, 0x16, 0xdf,
    0x9a, 0xf7, 0x99, 0xf7, 0x79, 0xf7, 0x99, 0xef, 0x78, 0xf7, 0x79, 0xf7,
    0x78, 0xef, 0x98, 0xef, 0x78, 0xf7, 0x79, 0xf7, 0x78, 0xef, 0x78, 0xf7,
    0x99, 0xf7, 0x79, 0xef, 0x78, 0xef, 0x78, 0xf7, 0x79, 0xf7, 0x78, 0xef,
    0x98, 0xef, 0x79, 0xef, 0x79, 0xef, 0x98, 0xf7, 0x79, 0xef, 0x78, 0xef,
    0x79, 0xf7, 0x98, 0xf7, 0x78, 0xf7, 0x99, 0xef, 0x78, 0xf7, 0x78, 0xf7,
    0x79, 0xef, 0x78, 0xef, 0x78, 0xf7, 0x78, 0xf7, 0x78, 0xef, 0x78, 0xef,
    0x78, 0xf7, 0x99, 0xf7, 0x78, 0xf7, 0x98, 0xef, 0x98, 0xf7, 0x79, 0xf7,
    0x99, 0xef, 0x78, 0xf7, 0x99, 0xf7, 0x79, 0xef, 0x99, 0xf7, 0xbb, 0xf7,
    0x17, 0xe7, 0xf5, 0xde, 0x16, 0xe7, 0x16, 0xe7, 0x16, 0xdf, 0x16, 0xe7,
    0x36, 0xe7, 0x15, 0xdf, 0x93, 0xce, 0x52, 0xc6, 0x52, 0xc6, 0x72, 0xc6,
    0x72, 0xce, 0x72, 0xce, 0x72, 0xce, 0x72, 0xc6, 0x72, 0xce, 0x72, 0xce,
    0x72, 0xce, 0x72, 0xce, 0x72, 0xce, 0x72, 0xce, 0x72, 0xce, 0x73, 0xce,
    0x92, 0xce, 0x92, 0xce, 0xd4, 0xd6, 0x79, 0xef, 0x37, 0xe7, 0x92, 0xce,
    0x93, 0xd6, 0x93, 0xce, 0xb3, 0xd6, 0x93, 0xd6, 0x93, 0xce, 0xb3, 0xce,
    0xb3, 0xd6, 0x93, 0xd6, 0xb3, 0xd6, 0xb3, 0xce, 0xb3, 0xd6, 0xb3, 0xd6,
    0xb3, 0xce, 0xb3, 0xd6, 0xb4, 0xd6, 0xb4, 0xd6, 0xb3, 0xd6, 0xd4, 0xd6,
    0xd4, 0xd6, 0xd4, 0xd6, 0xd4, 0xd6, 0xd4, 0xd6, 0xd4, 0xd6, 0xd4, 0xde,
    0xd4, 0xd6, 0xb4, 0xd6, 0xd4, 0xd6, 0xd4, 0xd6, 0xd4, 0xd6, 0xd4, 0xde,
    0xd4, 0xd6, 0xd4, 0xd6, 0xd4, 0xd6, 0xf5, 0xde, 0x37, 0xe7, 0x59, 0xef,
    0x58, 0xe7, 0x17, 0xe7, 0xf5, 0xde, 0xd4, 0xd6, 0xd4, 0xd6, 0xd4, 0xde,
    0xf5, 0xd6, 0xd5, 0xde, 0xf5, 0xde, 0xf5, 0xd6, 0xf5, 0xde, 0xf5, 0xde,
    0xf5, 0xde, 0xf5, 0xde, 0xf5, 0xde, 0xf5, 0xde, 0xf5, 0xde, 0xf5, 0xde,
    0x15, 0xdf, 0xf5, 0xde, 0xf5, 0xde, 0x15, 0xdf, 0x15, 0xdf, 0x16, 0xdf,
    0x16, 0xdf, 0x16, 0xe7, 0x15, 0xdf, 0x15, 0xe7, 0x15, 0xe7, 0x16, 0xdf,
    0x36, 0xe7, 0x16, 0xdf, 0x36, 0xe7, 0x16, 0xe7, 0x16, 0xe7, 0x16, 0xdf,
    0x16, 0xe7, 0x15, 0xe7, 0x15, 0xdf, 0x15, 0xdf, 0x15, 0xdf, 0x15, 0xdf,
    0x15, 0xdf, 0xf5, 0xde, 0x15, 0xdf, 0x15, 0xdf, 0xf5, 0xde, 0x15, 0xdf,
    0x15, 0xdf, 0xf5, 0xde, 0xf5, 0xde, 0xf5, 0xde, 0xf4, 0xd6, 0xf5, 0xde,
    0xf6, 0xde, 0x37, 0xe7, 0x38, 0xe7, 0x38, 0xe7, 0x16, 0xe7, 0xf5, 0xde,
    0xf4, 0xde, 0xd5, 0xde, 0xf5, 0xde, 0xf4, 0xd6, 0xd4, 0xd6, 0xd4, 0xde,
    0xd5, 0xd6, 0xd4, 0xd6, 0xd4, 0xde, 0xd4, 0xd6, 0xd4, 0xde, 0xd4, 0xd6,
    0xd4, 0xd6, 0xd4, 0xde, 0xd4, 0xd6, 0xd4, 0xd6, 0xb4, 0xd6, 0x72, 0xc6,
    0x93, 0xce, 0xd4, 0xd6, 0xb4, 0xd6, 0xb4, 0xd6, 0xb3, 0xd6, 0xb4, 0xd6,
    0xb3, 0xd6, 0xb4, 0xd6, 0xb3, 0xce, 0xb3, 0xd6, 0xb3, 0xce, 0x93, 0xce,
    0x93, 0xd6, 0xb3, 0xd6, 0xb3, 0xce, 0x93, 0xd6, 0xb3, 0xce, 0x93, 0xd6,
    0xd4, 0xd6, 0xb3, 0xd6, 0x93, 0xce, 0x93, 0xce, 0x92, 0xd6, 0x93, 0xce,
    0x92, 0xce, 0x92, 0xce, 0x72, 0xce, 0x72, 0xce, 0x72, 0xce, 0x92, 0xce,
    0x92, 0xce, 0x72, 0xce, 0x72, 0xce, 0x72, 0xc6, 0x72, 0xce, 0x72, 0xce,
    0x72, 0xce, 0x72, 0xce, 0x72, 0xce, 0x72, 0xc6, 0x72, 0xce, 0xd4, 0xd6,
    0x36, 0xe7, 0x36, 0xe7, 0x16, 0xdf, 0x16, 0xe7, 0x16, 0xe7, 0x16, 0xdf,
    0x16, 0xe7, 0x9a, 0xf7, 0x99, 0xf7, 0x99, 0xef, 0x99, 0xf7, 0x79, 0xf7,
    0x78, 0xef, 0x79, 0xef, 0x78, 0xf7, 0x79, 0xef, 0x79, 0xef, 0x98, 0xf7,
    0x79, 0xef, 0x78, 0xef, 0x98, 0xf7, 0x79, 0xf7, 0x79, 0xef, 0x98, 0xf7,
    0x78, 0xf7, 0x78, 0xf7, 0x78, 0xef, 0x78, 0xef, 0x78, 0xf7, 0x78, 0xef,
    0x78, 0xef, 0x79, 0xef, 0x78, 0xef, 0x78, 0xf7, 0x98, 0xef, 0x78, 0xf7,
    0x78, 0xf7, 0x98, 0xef, 0x79, 0xef, 0x78, 0xf7, 0x78, 0xf7, 0x79, 0xef,
    0x78, 0xf7, 0x79, 0xef, 0x79, 0xef, 0x98, 0xf7, 0x79, 0xf7, 0x78, 0xef,
    0x99, 0xef, 0x99, 0xf7, 0x79, 0xf7, 0x98, 0xf7, 0xbb, 0xf7, 0x58, 0xe7,
    0xf5, 0xde, 0x16, 0xe7, 0x15, 0xdf, 0x16, 0xdf, 0x16, 0xe7, 0x16, 0xe7,
    0xf5, 0xde, 0x72, 0xc6, 0x52, 0xc6, 0x72, 0xc6, 0x52, 0xc6, 0x72, 0xce,
    0x72, 0xce, 0x72, 0xc6, 0x72, 0xce, 0x72, 0xce, 0x72, 0xc6, 0x72, 0xce,
    0x72, 0xc6, 0x72, 0xce, 0x72, 0xce, 0x72, 0xce, 0x92, 0xce, 0x92, 0xce,
    0x93, 0xce, 0x93, 0xce, 0x93, 0xce, 0xb4, 0xd6, 0xb3, 0xd6, 0x92, 0xce,
    0x93, 0xce, 0xb3, 0xce, 0x92, 0xd6, 0x93, 0xd6, 0xb3, 0xce, 0x93, 0xd6,
    0x93, 0xd6, 0xb3, 0xce, 0xb3, 0xce, 0x93, 0xd6, 0xb3, 0xd6, 0xb3, 0xce,
    0xb3, 0xd6, 0xb4, 0xd6, 0xb3, 0xd6, 0xd4, 0xd6, 0xd3, 0xd6, 0xb3, 0xd6,
    0xb4, 0xd6, 0xb3, 0xd6, 0xb4, 0xd6, 0xd4, 0xd6, 0xd4, 0xd6, 0xd4, 0xde,
    0xd4, 0xd6, 0xd4, 0xd6, 0xd4, 0xde, 0xd4, 0xd6, 0xd4, 0xd6, 0xd4, 0xde,
    0xd4, 0xde, 0xd4, 0xd6, 0xd4, 0xde, 0xd5, 0xd6, 0xd4, 0xd6, 0xd4, 0xd6,
    0x16, 0xdf, 0x38, 0xe7, 0x59, 0xef, 0x58, 0xef, 0x17, 0xe7, 0xf5, 0xde,
    0xd4, 0xd6, 0xf4, 0xd6, 0xf4, 0xde, 0xf5, 0xde, 0xf5, 0xde, 0xf5, 0xde,
    0xf5, 0xde, 0xf5, 0xde, 0xf5, 0xde, 0x15, 0xdf, 0xf5, 0xde, 0x15, 0xdf,
    0x15, 0xdf, 0xf5, 0xde, 0x15, 0xdf, 0x15, 0xe7, 0x16, 0xdf, 0x15, 0xe7,
    0x16, 0xe7, 0x16, 0xdf, 0x15, 0xdf, 0x16, 0xe7, 0x16, 0xdf, 0x35, 0xdf,
    0x36, 0xe7, 0x36, 0xe7, 0x16, 0xdf, 0x35, 0xdf, 0x36, 0xe7, 0x36, 0xe7,
    0x16, 0xdf, 0x16, 0xdf, 0x15, 0xe7, 0x16, 0xdf, 0x15, 0xdf, 0xf5, 0xe6,
    0x16, 0xe7, 0x15, 0xdf, 0xf5, 0xde, 0x15, 0xe7, 0x15, 0xdf, 0xf5, 0xde,
    0xf5, 0xde, 0xf4, 0xde, 0x15, 0xdf, 0x16, 0xdf, 0x37, 0xe7, 0x38, 0xe7,
    0x38, 0xe7, 0x16, 0xdf, 0xf5, 0xde, 0xd4, 0xde, 0xf4, 0xd6, 0xf5, 0xde,
    0xf5, 0xde, 0xd4, 0xd6, 0xf5, 0xde, 0xf4, 0xd6, 0xd5, 0xde, 0xd4, 0xd6,
    0xd4, 0xd6, 0xd4, 0xde, 0xd4, 0xd6, 0xd4, 0xd6, 0xd4, 0xd6, 0xd4, 0xd6,
    0xd4, 0xd6, 0xd4, 0xd6, 0xd4, 0xd6, 0xb4, 0xd6, 0xd4, 0xd6, 0xd4, 0xd6,
    0xd4, 0xd6, 0xb4, 0xd6, 0xd3, 0xd6, 0xb3, 0xd6, 0xb4, 0xd6, 0xb3, 0xd6,
    0xb4, 0xd6, 0xb3, 0xd6, 0xb3, 0xd6, 0xb3, 0xd6, 0xb3, 0xd6, 0x93, 0xce,
    0xb3, 0xd6, 0xb3, 0xce, 0x93, 0xce, 0x93, 0xce, 0x93, 0xd6, 0x93, 0xce,
    0x93, 0xce, 0x93, 0xce, 0x93, 0xce, 0x93, 0xce, 0x92, 0xce, 0x93, 0xce,
    0x93, 0xce, 0x72, 0xce, 0x92, 0xce, 0x92, 0xce, 0x72, 0xce, 0x92, 0xce,
    0x72, 0xce, 0x92, 0xce, 0x72, 0xce, 0x72, 0xc6, 0x72, 0xce, 0x92, 0xce,
    0x72, 0xc6, 0x72, 0xc6, 0x72, 0xce, 0x72, 0xce, 0x72, 0xce, 0x72, 0xc6,
    0x93, 0xd6, 0x16, 0xdf, 0x36, 0xe7, 0x36, 0xe7, 0x16, 0xe7, 0x16, 0xe7,
    0x15, 0xdf, 0x16, 0xdf, 0x9a, 0xf7, 0x79, 0xf7, 0x98, 0xef, 0x99, 0xef,
    0x99, 0xf7, 0x78, 0xf7, 0x99, 0xf7, 0x99, 0xf7, 0x78, 0xef, 0x78, 0xf7,
    0x78, 0xf7, 0x78, 0xef, 0x98, 0xf7, 0x79, 0xef, 0x78, 0xef, 0x79, 0xf7,
    0x79, 0xef, 0x78, 0xf7, 0x78, 0xef, 0x79, 0xef, 0x78, 0xf7, 0x78, 0xf7,
    0x78, 0xef, 0x78, 0xef, 0x78, 0xf7, 0x79, 0xef, 0x78, 0xef, 0x79, 0xef,
    0x98, 0xef, 0x78, 0xf7, 0x79, 0xef, 0x78, 0xef, 0x78, 0xf7, 0x98, 0xef,
    0x79, 0xf7, 0x98, 0xef, 0x98, 0xf7, 0x79, 0xf7, 0x99, 0xef, 0x78, 0xf7,
    0x99, 0xf7, 0x99, 0xf7, 0x98, 0xef, 0xbb, 0xf7, 0x58, 0xef, 0xf4, 0xde,
    0xf5, 0xde, 0x16, 0xe7, 0x15, 0xdf, 0x16, 0xe7, 0x16, 0xe7, 0xb4, 0xd6,
    0x51, 0xc6, 0x52, 0xc6, 0x72, 0xce, 0x52, 0xc6, 0x71, 0xce, 0x72, 0xc6,
    0x52, 0xc6, 0x72, 0xc6, 0x72, 0xce, 0x72, 0xce, 0x72, 0xc6, 0x72, 0xce,
    0x72, 0xce, 0x72, 0xc6, 0x72, 0xce, 0x72, 0xce, 0x72, 0xce, 0x92, 0xce,
    0x72, 0xce, 0x92, 0xce, 0x93, 0xce, 0x92, 0xce, 0x93, 0xce, 0x93, 0xce,
    0x93, 0xd6, 0x93, 0xce, 0xb2, 0xce, 0x93, 0xce, 0xb3, 0xd6, 0x93, 0xce,
    0xb3, 0xce, 0xb3, 0xd6, 0xb3, 0xd6, 0x93, 0xd6, 0xb3, 0xce, 0xb3, 0xd6,
    0xb4, 0xd6, 0xb3, 0xce, 0xb3, 0xd6, 0xd4, 0xd6, 0xb3, 0xd6, 0xd4, 0xd6,
    0xd4, 0xd6, 0xb3, 0xd6, 0xd3, 0xd6, 0xd4, 0xd6, 0xd4, 0xde, 0xb3, 0xd6,
    0xd4, 0xd6, 0xd4, 0xde, 0xb3, 0xd6, 0xd4, 0xd6, 0xd4, 0xd6, 0xd4, 0xde,
    0xd4, 0xd6, 0xd4, 0xd6, 0xd4, 0xde, 0xf4, 0xde, 0xd5, 0xde, 0xf4, 0xde,
    0xd4, 0xde, 0xd4, 0xd6, 0xf4, 0xde, 0x16, 0xdf, 0x38, 0xe7, 0x58, 0xef,
    0x38, 0xe7, 0x37, 0xe7, 0x15, 0xdf, 0xf5, 0xde, 0xf4, 0xde, 0xf4, 0xd6,
    0xf5, 0xde, 0xf5, 0xde, 0xf5, 0xde, 0x15, 0xdf, 0x15, 0xdf, 0xf5, 0xde,
    0xf5, 0xde, 0x15, 0xdf, 0x15, 0xdf, 0x15, 0xdf, 0x15, 0xdf, 0x15, 0xdf,
    0x15, 0xe7, 0x15, 0xdf, 0x15, 0xdf, 0x15, 0xdf, 0x36, 0xe7, 0x37, 0xe7,
    0x37, 0xe7, 0x37, 0xe7, 0x36, 0xe7, 0x36, 0xe7, 0x16, 0xdf, 0x35, 0xe7,
    0x15, 0xdf, 0x15, 0xe7, 0x15, 0xdf, 0x15, 0xdf, 0x15, 0xdf, 0xf5, 0xde,
    0xf5, 0xde, 0x15, 0xdf, 0x15, 0xe7, 0x15, 0xdf, 0x16, 0xdf, 0x16, 0xe7,
    0x37, 0xe7, 0x37, 0xe7, 0x38, 0xe7, 0x37, 0xe7, 0x16, 0xe7, 0xf5, 0xde,
    0xf4, 0xde, 0xd4, 0xd6, 0xf5, 0xde, 0xf5, 0xde, 0xf4, 0xd6, 0xf5, 0xde,
    0xd4, 0xd6, 0xd4, 0xd6, 0xf4, 0xde, 0xd5, 0xde, 0xd4, 0xd6, 0xf4, 0xd6,
    0xd5, 0xde, 0xd4, 0xd6, 0xd4, 0xd6, 0xd4, 0xd6, 0xd4, 0xd6, 0xd4, 0xde,
    0xb4, 0xd6, 0xd4, 0xd6, 0xd4, 0xde, 0xd4, 0xd6, 0xd4, 0xd6, 0xb4, 0xd6,
    0xd4, 0xd6, 0xd4, 0xd6, 0xb4, 0xd6, 0xb3, 0xd6, 0xd3, 0xd6, 0xb4, 0xd6,
    0xb3, 0xd6, 0xb3, 0xce, 0xb4, 0xd6, 0xb3, 0xd6, 0xb3, 0xce, 0x93, 0xd6,
    0x93, 0xce, 0xb3, 0xce, 0x92, 0xd6, 0x92, 0xce, 0x93, 0xce, 0x93, 0xce,
    0xb3, 0xd6, 0x93, 0xd6, 0x93, 0xce, 0x92, 0xce, 0x92, 0xce, 0x92, 0xce,
    0x93, 0xce, 0x72, 0xce, 0x92, 0xce, 0x72, 0xce, 0x72, 0xce, 0x93, 0xce,
    0x72, 0xce, 0x72, 0xc6, 0x72, 0xce, 0x72, 0xce, 0x92, 0xc6, 0x72, 0xce,
    0x72, 0xce, 0x72, 0xc6, 0x72, 0xce, 0x72, 0xce, 0x72, 0xce, 0x72, 0xce,
    0x72, 0xc6, 0x72, 0xce, 0xf5, 0xde, 0x36, 0xe7, 0x36, 0xdf, 0x15, 0xe7,
    0x16, 0xdf, 0x15, 0xdf, 0x17, 0xe7, 0x9a, 0xf7, 0x99, 0xf7, 0x78, 0xf7,
    0x79, 0xf7, 0x78, 0xef, 0x78, 0xef, 0x79, 0xf7, 0x78, 0xf7, 0x99, 0xef,
    0x78, 0xef, 0x78, 0xef, 0x78, 0xf7, 0x78, 0xef, 0x78, 0xf7, 0x98, 0xef,
    0x78, 0xef, 0x79, 0xf7, 0x79, 0xf7, 0x78, 0xef, 0x78, 0xef, 0x78, 0xf7,
    0x78, 0xef, 0x78, 0xf7, 0x78, 0xef, 0x78, 0xf7, 0x78, 0xf7, 0x78, 0xef,
    0x79, 0xf7, 0x78, 0xf7, 0x98, 0xef, 0x79, 0xf7, 0x78, 0xef, 0x79, 0xef,
    0x78, 0xef, 0x78, 0xef, 0x78, 0xf7, 0x99, 0xf7, 0x98, 0xef, 0x79, 0xf7,
    0x99, 0xf7, 0x78, 0xef, 0xbb, 0xf7, 0x59, 0xef, 0xf5, 0xde, 0xf5, 0xde,
    0xf5, 0xde, 0x16, 0xe7, 0x16, 0xe7, 0x16, 0xdf, 0x93, 0xce, 0x51, 0xc6,
    0x51, 0xc6, 0x72, 0xc6, 0x52, 0xce, 0x51, 0xce, 0x72, 0xc6, 0x51, 0xc6,
    0x52, 0xce, 0x72, 0xce, 0x71, 0xc6, 0x72, 0xce, 0x72, 0xce, 0x72, 0xc6,
    0x72, 0xce, 0x72, 0xce, 0x72, 0xc6, 0x72, 0xce, 0x72, 0xce, 0x72, 0xce,
    0x72, 0xce, 0x92, 0xce, 0x93, 0xce, 0x73, 0xce, 0x93, 0xce, 0x93, 0xce,
    0x92, 0xce, 0x93, 0xd6, 0x92, 0xce, 0xb3, 0xce, 0x93, 0xd6, 0x92, 0xce,
    0x93, 0xce, 0x93, 0xd6, 0xb3, 0xd6, 0xb3, 0xce, 0xb3, 0xd6, 0x93, 0xd6,
    0xb3, 0xce, 0xb4, 0xd6, 0xb4, 0xd6, 0xb3, 0xd6, 0xb4, 0xd6, 0xb3, 0xd6,
    0xb3, 0xd6, 0xd4, 0xd6, 0xd4, 0xd6, 0xd4, 0xd6, 0xd3, 0xd6, 0xd4, 0xde,
    0xd4, 0xd6, 0xd4, 0xde, 0xb4, 0xd6, 0xd4, 0xd6, 0xd4, 0xd6, 0xd4, 0xd6,
    0xd4, 0xde, 0xd4, 0xd6, 0xd4, 0xd6, 0xd4, 0xde, 0xf4, 0xd6, 0xd4, 0xd6,
    0xd4, 0xde, 0xf4, 0xd6, 0xd4, 0xde, 0xd4, 0xd6, 0xd4, 0xd6, 0xf5, 0xde,
    0x16, 0xdf, 0x38, 0xe7, 0x58, 0xef, 0x59, 0xef, 0x58, 0xe7, 0x37, 0xe7,
    0x36, 0xe7, 0x16, 0xdf, 0x15, 0xdf, 0x15, 0xdf, 0xf5, 0xde, 0x15, 0xdf,
    0x15, 0xdf, 0xf5, 0xde, 0x15, 0xdf, 0x15, 0xdf, 0xf5, 0xde, 0x16, 0xe7,
    0x16, 0xdf, 0x36, 0xe7, 0x37, 0xe7, 0x37, 0xe7, 0x37, 0xe7, 0x37, 0xe7,
    0x16, 0xdf, 0x36, 0xe7, 0x36, 0xe7, 0x37, 0xe7, 0x37, 0xe7, 0x37, 0xe7,
    0x37, 0xe7, 0x37, 0xe7, 0x37, 0xe7, 0x36, 0xe7, 0x37, 0xe7, 0x37, 0xe7,
    0x37, 0xe7, 0x37, 0xe7, 0x37, 0xe7, 0x57, 0xe7, 0x37, 0xe7, 0x37, 0xe7,
    0x37, 0xe7, 0x16, 0xdf, 0xf5, 0xde, 0xf4, 0xde, 0xf4, 0xde, 0xf5, 0xde,
    0xf4, 0xde, 0xd4, 0xde, 0xd4, 0xd6, 0xd4, 0xde, 0xd5, 0xde, 0xf4, 0xde,
    0xd4, 0xde, 0xf5, 0xde, 0xd4, 0xd6, 0xd4, 0xd6, 0xd4, 0xd6, 0xd4, 0xde,
    0xd4, 0xd6, 0xd4, 0xd6, 0xd4, 0xde, 0xb4, 0xd6, 0xd4, 0xd6, 0xb4, 0xd6,
    0xd4, 0xd6, 0xb4, 0xd6, 0xb4, 0xd6, 0xb4, 0xd6, 0xb4, 0xd6, 0xb4, 0xd6,
    0xb3, 0xd6, 0xb3, 0xd6, 0xb3, 0xd6, 0xb3, 0xd6, 0xb4, 0xd6, 0xb3, 0xd6,
    0xb3, 0xd6, 0xb3, 0xce, 0xb3, 0xd6, 0xb3, 0xd6, 0xb3, 0xce, 0x93, 0xd6,
    0xb3, 0xd6, 0x93, 0xce, 0x92, 0xd6, 0x93, 0xce, 0xb3, 0xce, 0x92, 0xce,
    0x92, 0xce, 0x93, 0xce, 0x92, 0xce, 0x93, 0xce, 0x92, 0xce, 0x92, 0xce,
    0x72, 0xce, 0x93, 0xce, 0x72, 0xce, 0x72, 0xce, 0x72, 0xce, 0x72, 0xce,
    0x72, 0xce, 0x72, 0xce, 0x92, 0xce, 0x72, 0xce, 0x72, 0xce, 0x72, 0xce,
    0x72, 0xce, 0x72, 0xc6, 0x72, 0xce, 0x72, 0xc6, 0x72, 0xc6, 0x72, 0xce,
    0x72, 0xce, 0x72, 0xc6, 0x72, 0xce, 0xd4, 0xd6, 0x16, 0xdf, 0x36, 0xe7,
    0x16, 0xe7, 0x16, 0xdf, 0xf5, 0xde, 0x16, 0xe7, 0x9a, 0xf7, 0x99, 0xf7,
    0x98, 0xef, 0x99, 0xf7, 0x98, 0xf7, 0x99, 0xef, 0x79, 0xf7, 0x78, 0xf7,
    0x78, 0xef, 0x79, 0xf7, 0x78, 0xef, 0x78, 0xf7, 0x78, 0xf7, 0x78, 0xef,
    0x78, 0xf7, 0x98, 0xf7, 0x78, 0xef, 0x78, 0xf7, 0x78, 0xef, 0x78, 0xef,
    0x79, 0xf7, 0x78, 0xef, 0x78, 0xef, 0x78, 0xf7, 0x98, 0xf7, 0x78, 0xef,
    0x78, 0xf7, 0x98, 0xef, 0x78, 0xef, 0x78, 0xf7, 0x98, 0xf7, 0x79, 0xf7,
    0x78, 0xf7, 0x99, 0xef, 0x79, 0xf7, 0x78, 0xf7, 0x99, 0xef, 0x79, 0xf7,
    0x78, 0xef, 0xba, 0xf7, 0x59, 0xef, 0xf5, 0xde, 0xf5, 0xde, 0x15, 0xdf,
    0x16, 0xdf, 0x16, 0xe7, 0xf5, 0xde, 0x72, 0xce, 0x51, 0xc6, 0x51, 0xc6,
    0x52, 0xc6, 0x52, 0xc6, 0x71, 0xc6, 0x51, 0xc6, 0x72, 0xc6, 0x51, 0xce,
    0x72, 0xc6, 0x72, 0xc6, 0x52, 0xc6, 0x72, 0xce, 0x52, 0xce, 0x71, 0xc6,
    0x72, 0xce, 0x72, 0xce, 0x72, 0xce, 0x72, 0xc6, 0x72, 0xce, 0x73, 0xce,
    0x92, 0xce, 0x72, 0xce, 0x72, 0xce, 0x92, 0xce, 0x92, 0xce, 0x93, 0xd6,
    0x93, 0xce, 0x92, 0xce, 0x93, 0xce, 0x92, 0xce, 0x92, 0xce, 0x93, 0xce,
    0x93, 0xce, 0x93, 0xce, 0x93, 0xce, 0xb3, 0xce, 0xb3, 0xd6, 0xb3, 0xd6,
    0xb3, 0xce, 0xb3, 0xd6, 0xb3, 0xd6, 0xb3, 0xd6, 0xb3, 0xd6, 0xb3, 0xd6,
    0xb4, 0xd6, 0xb4, 0xd6, 0xb3, 0xd6, 0xb4, 0xd6, 0xd4, 0xd6, 0xd4, 0xd6,
    0xb4, 0xd6, 0xd4, 0xd6, 0xd4, 0xde, 0xd4, 0xd6, 0xd4, 0xd6, 0xd4, 0xd6,
    0xd4, 0xde, 0xd4, 0xd6, 0xd4, 0xd6, 0xd4, 0xde, 0xd5, 0xd6, 0xd4, 0xd6,
    0xf4, 0xde, 0xd5, 0xde, 0xf4, 0xde, 0xf4, 0xde, 0xd4, 0xde, 0xf4, 0xde,
    0xd4, 0xde, 0xd4, 0xd6, 0xd4, 0xd6, 0xf5, 0xde, 0x16, 0xdf, 0x37, 0xe7,
    0x38, 0xe7, 0x58, 0xe7, 0x58, 0xef, 0x57, 0xe7, 0x58, 0xef, 0x57, 0xef,
    0x37, 0xe7, 0x37, 0xe7, 0x37, 0xe7, 0x37, 0xef, 0x37, 0xe7, 0x37, 0xe7,
    0x37, 0xe7, 0x36, 0xe7, 0x16, 0xe7, 0x16, 0xe7, 0x15, 0xdf, 0x15, 0xdf,
    0x16, 0xdf, 0x15, 0xe7, 0x15, 0xdf, 0x16, 0xdf, 0x16, 0xe7, 0x16, 0xe7,
    0x16, 0xdf, 0x36, 0xe7, 0x16, 0xe7, 0x16, 0xe7, 0x16, 0xe7, 0x16, 0xe7,
    0x16, 0xdf, 0x16, 0xe7, 0x15, 0xdf, 0x15, 0xdf, 0xf5, 0xde, 0xf5, 0xde,
    0xf5, 0xde, 0xf4, 0xde, 0xf5, 0xde, 0xf5, 0xde, 0xf5, 0xde, 0xf5, 0xde,
    0xf5, 0xde, 0xf4, 0xd6, 0xf4, 0xde, 0xd5, 0xd6, 0xf4, 0xd6, 0xd4, 0xde,
    0xf5, 0xd6, 0xd4, 0xd6, 0xd4, 0xde, 0xd4, 0xde, 0xf4, 0xd6, 0xd4, 0xde,
    0xd4, 0xd6, 0xd4, 0xd6, 0xd4, 0xde, 0xd4, 0xd6, 0xb4, 0xd6, 0xd4, 0xd6,
    0xb4, 0xd6, 0xb4, 0xd6, 0xd4, 0xd6, 0xd4, 0xd6, 0xb4, 0xd6, 0xb4, 0xd6,
    0xb3, 0xd6, 0xb3, 0xd6, 0xb3, 0xd6, 0xb3, 0xd6, 0xb3, 0xd6, 0xb4, 0xd6,
    0xb3, 0xd6, 0xb4, 0xd6, 0xb3, 0xce, 0xb3, 0xd6, 0xb3, 0xd6, 0x93, 0xce,
    0xb3, 0xce, 0x93, 0xce, 0x93, 0xd6, 0x92, 0xce, 0x93, 0xce, 0x92, 0xd6,
    0x92, 0xce, 0x93, 0xce, 0x92, 0xd6, 0x92, 0xce, 0x93, 0xce, 0x72, 0xce,
    0x92, 0xce, 0x72, 0xce, 0x72, 0xce, 0x72, 0xce, 0x72, 0xce, 0x72, 0xc6,
    0x72, 0xc6, 0x72, 0xce, 0x72, 0xce, 0x72, 0xc6, 0x72, 0xc6, 0x71, 0xce,
    0x72, 0xc6, 0x72, 0xce, 0x71, 0xce, 0x72, 0xce, 0x72, 0xc6, 0x72, 0xce,
    0x72, 0xce, 0x92, 0xce, 0x92, 0xce, 0x72, 0xce, 0x93, 0xce, 0x15, 0xdf,
    0x16, 0xe7, 0x15, 0xe7, 0x15, 0xdf, 0xf5, 0xde, 0x17, 0xdf, 0x9a, 0xf7,
    0x99, 0xf7, 0x79, 0xf7, 0x79, 0xef, 0x98, 0xf7, 0x78, 0xf7, 0x78, 0xef,
    0x78, 0xf7, 0x79, 0xef, 0x78, 0xef, 0x78, 0xf7, 0x79, 0xef, 0x79, 0xef,
    0x78, 0xef, 0x79, 0xf7, 0x79, 0xef, 0x78, 0xf7, 0x98, 0xef, 0x78, 0xf7,
    0x79, 0xef, 0x78, 0xef, 0x78, 0xef, 0x79, 0xf7, 0x78, 0xef, 0x79, 0xef,
    0x78, 0xf7, 0x78, 0xf7, 0x79, 0xef, 0x78, 0xef, 0x98, 0xf7, 0x78, 0xef,
    0x79, 0xf7, 0x99, 0xf7, 0x98, 0xef, 0x99, 0xf7, 0x79, 0xf7, 0x98, 0xef,
    0xba, 0xf7, 0x59, 0xef, 0xf5, 0xde, 0xf5, 0xde, 0xf5, 0xde, 0x16, 0xdf,
    0x16, 0xe7, 0xb4, 0xd6, 0x51, 0xc6, 0x51, 0xc6, 0x52, 0xce, 0x51, 0xc6,
    0x51, 0xc6, 0x52, 0xce, 0x51, 0xc6, 0x51, 0xc6, 0x51, 0xc6, 0x71, 0xce,
    0x51, 0xc6, 0x72, 0xce, 0x51, 0xce, 0x72, 0xc6, 0x52, 0xc6, 0x72, 0xc6,
    0x72, 0xce, 0x72, 0xc6, 0x72, 0xce, 0x72, 0xce, 0x72, 0xce, 0x92, 0xce,
    0x93, 0xce, 0x72, 0xce, 0x92, 0xce, 0x92, 0xce, 0x92, 0xce, 0x93, 0xce,
    0x93, 0xd6, 0x92, 0xce, 0x93, 0xd6, 0x93, 0xce, 0xb3, 0xd6, 0x92, 0xce,
    0x93, 0xce, 0xb3, 0xd6, 0x93, 0xce, 0x93, 0xd6, 0x93, 0xce, 0x93, 0xce,
    0xb3, 0xd6, 0xb3, 0xd6, 0xb3, 0xce, 0xb4, 0xd6, 0xd3, 0xd6, 0xb4, 0xd6,
    0xb3, 0xd6, 0xd3, 0xd6, 0xd4, 0xd6, 0xb3, 0xd6, 0xb3, 0xd6, 0xb4, 0xd6,
    0xd4, 0xd6, 0xd3, 0xd6, 0xd3, 0xd6, 0xb4, 0xde, 0xd4, 0xd6, 0xd4, 0xde,
    0xd4, 0xd6, 0xd4, 0xd6, 0xd4, 0xde, 0xd4, 0xd6, 0xd4, 0xde, 0xd4, 0xde,
    0xd4, 0xd6, 0xd5, 0xd6, 0xf4, 0xde, 0xd4, 0xd6, 0xd5, 0xde, 0xf4, 0xde,
    0xf4, 0xde, 0xf4, 0xde, 0xf5, 0xde, 0xf5, 0xde, 0xd4, 0xde, 0xf4, 0xde,
    0xf4, 0xde, 0xf4, 0xde, 0xf5, 0xde, 0xf5, 0xde, 0xf5, 0xde, 0x16, 0xdf,
    0x16, 0xdf, 0x16, 0xdf, 0x16, 0xe7, 0x15, 0xdf, 0x15, 0xdf, 0x15, 0xdf,
    0xf5, 0xde, 0xf5, 0xde, 0x15, 0xdf, 0x15, 0xdf, 0x15, 0xdf, 0x15, 0xdf,
    0x16, 0xe7, 0x15, 0xdf, 0x15, 0xe7, 0x15, 0xdf, 0x35, 0xe7, 0x15, 0xdf,
    0x15, 0xdf, 0x15, 0xdf, 0x15, 0xdf, 0xf5, 0xde, 0x15, 0xdf, 0x15, 0xdf,
    0xf5, 0xde, 0x15, 0xdf, 0xf5, 0xde, 0xf5, 0xde, 0x15, 0xdf, 0xf5, 0xde,
    0xf4, 0xde, 0xf5, 0xde, 0xf4, 0xde, 0xf4, 0xde, 0xf4, 0xd6, 0xf4, 0xde,
    0xf4, 0xd6, 0xd4, 0xde, 0xf5, 0xde, 0xd5, 0xd6, 0xd4, 0xd6, 0xd4, 0xde,
    0xd4, 0xd6, 0xd4, 0xd6, 0xd4, 0xde, 0xf4, 0xd6, 0xd4, 0xd6, 0xd4, 0xde,
    0xd4, 0xd6, 0xd4, 0xd6, 0xd4, 0xd6, 0xd4, 0xd6, 0xb4, 0xd6, 0xd4, 0xde,
    0xd3, 0xd6, 0xb4, 0xd6, 0xb4, 0xde, 0xd3, 0xd6, 0xd4, 0xd6, 0xb3, 0xd6,
    0xd4, 0xd6, 0xd4, 0xd6, 0xb3, 0xd6, 0xb4, 0xd6, 0xb3, 0xce, 0xb3, 0xce,
    0x93, 0xd6, 0xb3, 0xce, 0xb3, 0xd6, 0xb3, 0xce, 0x93, 0xce, 0x93, 0xce,
    0xb3, 0xce, 0x92, 0xce, 0x93, 0xd6, 0xb2, 0xce, 0x93, 0xce, 0x92, 0xd6,
    0x92, 0xce, 0x93, 0xce, 0x92, 0xce, 0x92, 0xce, 0x93, 0xce, 0x72, 0xce,
    0x92, 0xce, 0x92, 0xce, 0x72, 0xce, 0x72, 0xce, 0x72, 0xce, 0x72, 0xce,
    0x72, 0xce, 0x92, 0xce, 0x72, 0xce, 0x71, 0xc6, 0x72, 0xce, 0x72, 0xce,
    0x71, 0xc6, 0x72, 0xce, 0x72, 0xce, 0x72, 0xc6, 0x72, 0xce, 0x72, 0xce,
    0x72, 0xce, 0x72, 0xc6, 0x92, 0xce, 0x92, 0xce, 0x72, 0xce, 0x72, 0xce,
    0xd4, 0xd6, 0x15, 0xdf, 0x15, 0xdf, 0xf5, 0xde, 0xf5, 0xde, 0x16, 0xdf,
    0x9a, 0xf7, 0x99, 0xf7, 0x78, 0xef, 0x79, 0xf7, 0x99, 0xef, 0x78, 0xf7,
    0x99, 0xef, 0x78, 0xf7, 0x78, 0xf7, 0x79, 0xef, 0x78, 0xef, 0x78, 0xef,
    0x78, 0xf7, 0x79, 0xef, 0x78, 0xf7, 0x78, 0xef, 0x78, 0xef, 0x79, 0xf7,
    0x78, 0xf7, 0x78, 0xef, 0x78, 0xf7, 0x98, 0xf7, 0x78, 0xef, 0x78, 0xf7,
    0x99, 0xef, 0x79, 0xf7, 0x78, 0xf7, 0x98, 0xef, 0x79, 0xf7, 0x78, 0xef,
    0x78, 0xf7, 0x98, 0xf7, 0x79, 0xef, 0x99, 0xf7, 0x78, 0xf7, 0xba, 0xf7,
    0x79, 0xef, 0xf5, 0xde, 0xf5, 0xde, 0xf5, 0xde, 0x16, 0xdf, 0xf5, 0xde,
    0x73, 0xce, 0x51, 0xc6, 0x72, 0xc6, 0x52, 0xc6, 0x51, 0xc6, 0x72, 0xce,
    0x71, 0xce, 0x52, 0xc6, 0x52, 0xce, 0x71, 0xc6, 0x72, 0xc6, 0x52, 0xce,
    0x71, 0xce, 0x72, 0xc6, 0x51, 0xce, 0x71, 0xc6, 0x72, 0xce, 0x52, 0xce,
    0x71, 0xc6, 0x72, 0xce, 0x72, 0xc6, 0x72, 0xce, 0x72, 0xce, 0x72, 0xce,
    0x93, 0xce, 0x72, 0xce, 0x73, 0xce, 0x92, 0xce, 0x92, 0xce, 0x93, 0xce,
    0x92, 0xce, 0x92, 0xce, 0x93, 0xce, 0x92, 0xce, 0x93, 0xce, 0x92, 0xce,
    0x92, 0xd6, 0x93, 0xce, 0xb3, 0xd6, 0xb3, 0xd6, 0x93, 0xce, 0x93, 0xce,
    0xb3, 0xd6, 0xb3, 0xd6, 0xb3, 0xd6, 0xb3, 0xd6, 0xb4, 0xd6, 0xd4, 0xd6,
    0xb3, 0xd6, 0xb4, 0xd6, 0xb4, 0xd6, 0xb4, 0xd6, 0xd3, 0xd6, 0xb4, 0xde,
    0xd4, 0xd6, 0xd4, 0xd6, 0xd4, 0xde, 0xb4, 0xd6, 0xd4, 0xd6, 0xd4, 0xd6,
    0xd4, 0xd6, 0xd4, 0xde, 0xd4, 0xd6, 0xd4, 0xd6, 0xd4, 0xd6, 0xd4, 0xde,
    0xd4, 0xd6, 0xd4, 0xd6, 0xd5, 0xde, 0xd4, 0xd6, 0xf4, 0xd6, 0xd5, 0xd6,
    0xd4, 0xde, 0xf4, 0xd6, 0xf5, 0xde, 0xf4, 0xde, 0xf5, 0xde, 0xf5, 0xde,
    0xf5, 0xde, 0xf4, 0xde, 0xf5, 0xde, 0xf5, 0xde, 0xf4, 0xde, 0xf5, 0xde,
    0xf5, 0xde, 0xf4, 0xde, 0xf5, 0xde, 0xf5, 0xde, 0xf5, 0xde, 0xf5, 0xde,
    0x15, 0xdf, 0xf5, 0xde, 0x15, 0xdf, 0x16, 0xdf, 0xf5, 0xde, 0x16, 0xe7,
    0x15, 0xdf, 0x16, 0xe7, 0x16, 0xdf, 0x16, 0xe7, 0x15, 0xdf, 0x15, 0xdf,
    0x15, 0xe7, 0x15, 0xdf, 0xf5, 0xde, 0x15, 0xdf, 0xf5, 0xde, 0x15, 0xdf,
    0xf5, 0xde, 0xf5, 0xde, 0x15, 0xdf, 0xf5, 0xde, 0xf5, 0xde, 0xf5, 0xde,
    0xf5, 0xde, 0xf4, 0xde, 0xf5, 0xde, 0xf4, 0xde, 0xf5, 0xde, 0xf4, 0xde,
    0xd4, 0xd6, 0xd4, 0xd6, 0xd4, 0xde, 0xd4, 0xde, 0xd4, 0xde, 0xf4, 0xde,
    0xd5, 0xde, 0xd4, 0xd6, 0xd4, 0xde, 0xd5, 0xd6, 0xd4, 0xd6, 0xd4, 0xde,
    0xd4, 0xde, 0xd4, 0xd6, 0xd4, 0xd6, 0xd4, 0xd6, 0xb4, 0xd6, 0xd3, 0xde,
    0xd4, 0xd6, 0xb4, 0xd6, 0xb4, 0xd6, 0xb3, 0xd6, 0xb4, 0xd6, 0xb3, 0xd6,
    0xb3, 0xd6, 0xb3, 0xd6, 0xb3, 0xd6, 0xb3, 0xce, 0xb4, 0xd6, 0xb3, 0xd6,
    0xb3, 0xce, 0xb3, 0xce, 0x93, 0xd6, 0x93, 0xd6, 0x93, 0xce, 0xb3, 0xd6,
    0xb3, 0xd6, 0x92, 0xce, 0x93, 0xce, 0x92, 0xce, 0x93, 0xce, 0x92, 0xce,
    0x92, 0xce, 0x93, 0xce, 0x92, 0xd6, 0x92, 0xce, 0x72, 0xce, 0x93, 0xce,
    0x72, 0xce, 0x72, 0xce, 0x72, 0xce, 0x92, 0xc6, 0x72, 0xce, 0x72, 0xce,
    0x72, 0xc6, 0x72, 0xce, 0x71, 0xce, 0x71, 0xc6, 0x72, 0xce, 0x72, 0xce,
    0x71, 0xc6, 0x72, 0xce, 0x72, 0xc6, 0x72, 0xce, 0x71, 0xc6, 0x72, 0xce,
    0x72, 0xce, 0x72, 0xc6, 0x72, 0xce, 0x72, 0xce, 0x72, 0xce, 0x72, 0xce,
    0x72, 0xce, 0x93, 0xce, 0xf5, 0xde, 0x16, 0xe7, 0xf6, 0xde, 0xf5, 0xde,
    0xf6, 0xde, 0x79, 0xef, 0x99, 0xf7, 0x78, 0xf7, 0x99, 0xf7, 0x99, 0xef,
    0x78, 0xef, 0x78, 0xf7, 0x79, 0xef, 0x78, 0xef, 0x78, 0xf7, 0x78, 0xf7,
    0x78, 0xef, 0x78, 0xef, 0x79, 0xf7, 0x78, 0xef, 0x78, 0xef, 0x78, 0xef,
    0x78, 0xef, 0x78, 0xef, 0x79, 0xef, 0x78, 0xf7, 0x78, 0xef, 0x78, 0xef,
    0x99, 0xef, 0x78, 0xf7, 0x78, 0xef, 0x78, 0xf7, 0x79, 0xef, 0x98, 0xef,
    0x78, 0xef, 0x79, 0xf7, 0x98, 0xef, 0x98, 0xf7, 0x9b, 0xf7, 0x59, 0xef,
    0xf5, 0xde, 0xf5, 0xde, 0xf5, 0xde, 0xf5, 0xde, 0xb3, 0xd6, 0x51, 0xc6,
    0x51, 0xc6, 0x72, 0xce, 0x52, 0xce, 0x72, 0xc6, 0x51, 0xce, 0x72, 0xc6,
    0x51, 0xc6, 0x51, 0xc6, 0x51, 0xce, 0x72, 0xc6, 0x72, 0xc6, 0x52, 0xc6,
    0x71, 0xc6, 0x52, 0xc6, 0x72, 0xce, 0x71, 0xc6, 0x72, 0xce, 0x51, 0xc6,
    0x72, 0xc6, 0x72, 0xce, 0x72, 0xce, 0x72, 0xce, 0x72, 0xce, 0x72, 0xce,
    0x72, 0xce, 0x92, 0xce, 0x72, 0xce, 0x72, 0xce, 0x93, 0xce, 0x92, 0xce,
    0x92, 0xd6, 0x93, 0xce, 0x92, 0xce, 0x93, 0xd6, 0x92, 0xce, 0x93, 0xce,
    0x93, 0xce, 0x92, 0xce, 0xb3, 0xce, 0xb3, 0xd6, 0xb3, 0xd6, 0xb3, 0xd6,
    0x93, 0xce, 0xb3, 0xce, 0xb3, 0xd6, 0xb3, 0xd6, 0xb3, 0xd6, 0xb3, 0xd6,
    0xd3, 0xd6, 0xb3, 0xd6, 0xb3, 0xd6, 0xb3, 0xd6, 0xb4, 0xd6, 0xd3, 0xd6,
    0xd4, 0xd6, 0xd4, 0xd6, 0xb4, 0xd6, 0xd3, 0xd6, 0xd3, 0xde, 0xb4, 0xd6,
    0xd4, 0xde, 0xd4, 0xd6, 0xd4, 0xde, 0xd4, 0xd6, 0xd4, 0xd6, 0xf4, 0xde,
    0xd5, 0xde, 0xd4, 0xde, 0xd4, 0xd6, 0xf4, 0xde, 0xf4, 0xde, 0xd4, 0xde,
    0xd4, 0xd6, 0xd4, 0xde, 0xd4, 0xd6, 0xd5, 0xde, 0xf4, 0xde, 0xf5, 0xd6,
    0xf5, 0xde, 0xd4, 0xd6, 0xf5, 0xde, 0xf5, 0xde, 0xf5, 0xde, 0xf5, 0xde,
    0xf4, 0xde, 0xf5, 0xde, 0xf5, 0xde, 0xf5, 0xde, 0xf5, 0xde, 0x15, 0xdf,
    0xf5, 0xde, 0xf5, 0xde, 0xf5, 0xe6, 0xf5, 0xde, 0x15, 0xdf, 0x15, 0xdf,
    0x15, 0xdf, 0x16, 0xe7, 0x36, 0xe7, 0x15, 0xdf, 0x16, 0xdf, 0x15, 0xe7,
    0x15, 0xdf, 0x15, 0xdf, 0xf5, 0xde, 0xf5, 0xde, 0x15, 0xdf, 0xf5, 0xde,
    0xf5, 0xde, 0x15, 0xdf, 0x15, 0xe7, 0x15, 0xdf, 0xf5, 0xde, 0xf4, 0xde,
    0xf5, 0xde, 0xf4, 0xde, 0xf5, 0xde, 0xf5, 0xd6, 0xd5, 0xde, 0xd4, 0xde,
    0xf4, 0xde, 0xd4, 0xd6, 0xf5, 0xde, 0xf4, 0xd6, 0xd4, 0xd6, 0xd4, 0xd6,
    0xf5, 0xde, 0xf4, 0xde, 0xd4, 0xd6, 0xd4, 0xd6, 0xd4, 0xde, 0xd4, 0xd6,
    0xd4, 0xd6, 0xd4, 0xd6, 0xd4, 0xde, 0xd4, 0xd6, 0xd3, 0xd6, 0xd4, 0xd6,
    0xd4, 0xd6, 0xb4, 0xd6, 0xd3, 0xd6, 0xd4, 0xd6, 0xb4, 0xd6, 0xd3, 0xd6,
    0xb4, 0xd6, 0xb3, 0xd6, 0xb3, 0xd6, 0xb3, 0xd6, 0xb3, 0xd6, 0x93, 0xd6,
    0x93, 0xd6, 0x93, 0xd6, 0xb3, 0xce, 0x93, 0xce, 0x93, 0xd6, 0x92, 0xce,
    0x92, 0xce, 0x93, 0xce, 0x92, 0xd6, 0x93, 0xce, 0x93, 0xce, 0x93, 0xce,
    0x93, 0xce, 0x92, 0xce, 0x92, 0xce, 0x72, 0xce, 0x92, 0xce, 0x92, 0xce,
    0x73, 0xce, 0x72, 0xce, 0x72, 0xce, 0x72, 0xce, 0x72, 0xc6, 0x72, 0xce,
    0x72, 0xc6, 0x72, 0xce, 0x72, 0xc6, 0x72, 0xce, 0x71, 0xc6, 0x72, 0xc6,
    0x72, 0xce, 0x71, 0xce, 0x72, 0xc6, 0x71, 0xce, 0x71, 0xce, 0x72, 0xc6,
    0x71, 0xce, 0x72, 0xce, 0x72, 0xc6, 0x72, 0xce, 0x92, 0xce, 0x72, 0xc6,
    0x72, 0xce, 0x72, 0xce, 0x72, 0xce, 0xb4, 0xd6, 0xf5, 0xde, 0xf5, 0xde,
    0xf5, 0xde, 0xf5, 0xde, 0x79, 0xef, 0x9a, 0xf7, 0x78, 0xf7, 0x99, 0xf7,
    0x99, 0xf7, 0x78, 0xef, 0x78, 0xf7, 0x78, 0xef, 0x78, 0xef, 0x78, 0xf7,
    0x79, 0xf7, 0x78, 0xef, 0x78, 0xef, 0x78, 0xf7, 0x78, 0xf7, 0x78, 0xef,
    0x78, 0xf7, 0x78, 0xef, 0x78, 0xef, 0x79, 0xf7, 0x78, 0xf7, 0x78, 0xef,
    0x79, 0xf7, 0x78, 0xf7, 0x99, 0xef, 0x99, 0xf7, 0x98, 0xf7, 0x99, 0xf7,
    0x79, 0xef, 0x78, 0xf7, 0x99, 0xf7, 0x9b, 0xf7, 0x38, 0xe7, 0xf4, 0xde,
    0xf5, 0xde, 0x15, 0xdf, 0xd5, 0xde, 0x93, 0xce, 0x51, 0xc6, 0x71, 0xce,
    0x52, 0xce, 0x72, 0xc6, 0x51, 0xc6, 0x71, 0xce, 0x52, 0xc6, 0x51, 0xc6,
    0x52, 0xc6, 0x52, 0xce, 0x72, 0xc6, 0x51, 0xce, 0x52, 0xce, 0x71, 0xc6,
    0x51, 0xc6, 0x52, 0xce, 0x52, 0xc6, 0x71, 0xc6, 0x71, 0xce, 0x72, 0xce,
    0x51, 0xc6, 0x72, 0xce, 0x72, 0xce, 0x72, 0xce, 0x92, 0xce, 0x92, 0xce,
    0x92, 0xce, 0x92, 0xce, 0x92, 0xce, 0x72, 0xce, 0x92, 0xce, 0x92, 0xce,
    0x93, 0xce, 0x93, 0xce, 0x92, 0xd6, 0x93, 0xce, 0x93, 0xce, 0x93, 0xd6,
    0x93, 0xce, 0x92, 0xd6, 0xb3, 0xce, 0x93, 0xce, 0x93, 0xd6, 0xb3, 0xd6,
    0x93, 0xce, 0x93, 0xce, 0xb3, 0xd6, 0xb4, 0xd6, 0xb3, 0xd6, 0xb3, 0xce,
    0xd4, 0xd6, 0xb3, 0xd6, 0xd3, 0xd6, 0xd4, 0xd6, 0xd3, 0xd6, 0xb3, 0xd6,
    0xb4, 0xd6, 0xb3, 0xd6, 0xb3, 0xd6, 0xd4, 0xde, 0xd4, 0xd6, 0xd4, 0xd6,
    0xd4, 0xd6, 0xd4, 0xde, 0xd4, 0xd6, 0xd4, 0xde, 0xd4, 0xd6, 0xd4, 0xd6,
    0xd4, 0xd6, 0xd4, 0xde, 0xf4, 0xd6, 0xd4, 0xde, 0xf5, 0xde, 0xf4, 0xd6,
    0xd5, 0xde, 0xf4, 0xd6, 0xf4, 0xde, 0xf5, 0xde, 0xf4, 0xde, 0xf4, 0xde,
    0xf5, 0xde, 0xf5, 0xde, 0xf4, 0xd6, 0xf4, 0xde, 0xf5, 0xde, 0xf5, 0xde,
    0xf5, 0xde, 0xf5, 0xde, 0xf5, 0xde, 0xf5, 0xde, 0xf5, 0xde, 0xf5, 0xde,
    0xf5, 0xde, 0xf5, 0xde, 0xf5, 0xde, 0x15, 0xdf, 0xf5, 0xde, 0x15, 0xdf,
    0x15, 0xdf, 0x15, 0xe7, 0x15, 0xdf, 0x15, 0xe7, 0x16, 0xdf, 0x15, 0xdf,
    0xf5, 0xde, 0x15, 0xdf, 0x15, 0xe7, 0xf5, 0xde, 0x15, 0xdf, 0x15, 0xdf,
    0xf5, 0xde, 0xf5, 0xde, 0x15, 0xdf, 0xf5, 0xde, 0xf5, 0xde, 0xf4, 0xde,
    0xf5, 0xde, 0xf4, 0xde, 0xf4, 0xde, 0xf5, 0xd6, 0xd4, 0xd6, 0xf4, 0xde,
    0xf5, 0xde, 0xd4, 0xd6, 0xf4, 0xde, 0xd4, 0xde, 0xd4, 0xd6, 0xd4, 0xd6,
    0xd4, 0xd6, 0xf4, 0xde, 0xd5, 0xde, 0xd4, 0xd6, 0xd4, 0xd6, 0xd4, 0xde,
    0xd4, 0xd6, 0xd4, 0xd6, 0xd4, 0xd6, 0xd4, 0xde, 0xd4, 0xde, 0xd4, 0xd6,
    0xd4, 0xde, 0xd3, 0xd6, 0xd4, 0xd6, 0xd4, 0xd6, 0xb3, 0xd6, 0xd4, 0xd6,
    0xb3, 0xd6, 0xb3, 0xd6, 0xb3, 0xd6, 0xb3, 0xce, 0xb3, 0xce, 0xb3, 0xd6,
    0x93, 0xce, 0xb3, 0xce, 0xb3, 0xd6, 0xb3, 0xd6, 0x93, 0xce, 0x93, 0xce,
    0x92, 0xd6, 0xb3, 0xd6, 0x92, 0xce, 0xb3, 0xce, 0x92, 0xd6, 0x92, 0xce,
    0x92, 0xd6, 0x93, 0xce, 0x72, 0xce, 0x92, 0xce, 0x73, 0xce, 0x92, 0xce,
    0x92, 0xce, 0x72, 0xce, 0x72, 0xce, 0x72, 0xce, 0x72, 0xc6, 0x72, 0xce,
    0x72, 0xce, 0x72, 0xc6, 0x71, 0xce, 0x72, 0xce, 0x72, 0xc6, 0x71, 0xc6,
    0x72, 0xce, 0x71, 0xce, 0x72, 0xc6, 0x72, 0xce, 0x72, 0xce, 0x72, 0xc6,
    0x72, 0xc6, 0x71, 0xce, 0x72, 0xce, 0x72, 0xce, 0x72, 0xc6, 0x72, 0xce,
    0x72, 0xc6, 0x72, 0xce, 0x72, 0xc6, 0x72, 0xc6, 0x72, 0xce, 0xb4, 0xd6,
    0xf5, 0xde, 0xf5, 0xde, 0xd5, 0xde, 0x59, 0xe7, 0xba, 0xf7, 0x99, 0xf7,
    0x78, 0xf7, 0x79, 0xef, 0x98, 0xf7, 0x78, 0xf7, 0x78, 0xef, 0x78, 0xef,
    0x78, 0xf7, 0x78, 0xef, 0x78, 0xef, 0x78, 0xf7, 0x78, 0xef, 0x78, 0xef,
    0x78, 0xf7, 0x79, 0xf7, 0x78, 0xef, 0x78, 0xf7, 0x78, 0xef, 0x98, 0xef,
    0x79, 0xf7, 0x98, 0xf7, 0x78, 0xef, 0x79, 0xf7, 0x99, 0xef, 0x78, 0xf7,
    0x78, 0xef, 0x99, 0xf7, 0x9a, 0xf7, 0x16, 0xdf, 0xf4, 0xd6, 0x15, 0xdf,
    0xd5, 0xde, 0x93, 0xce, 0x52, 0xc6, 0x51, 0xc6, 0x72, 0xce, 0x72, 0xc6,
    0x51, 0xce, 0x52, 0xc6, 0x72, 0xc6, 0x72, 0xce, 0x52, 0xce, 0x51, 0xc6,
    0x51, 0xce, 0x71, 0xc6, 0x72, 0xc6, 0x52, 0xc6, 0x71, 0xce, 0x72, 0xc6,
    0x51, 0xce, 0x71, 0xc6, 0x71, 0xc6, 0x51, 0xc6, 0x72, 0xce, 0x72, 0xc6,
    0x71, 0xce, 0x72, 0xc6, 0x72, 0xce, 0x72, 0xce, 0x72, 0xc6, 0x72, 0xce,
    0x72, 0xce, 0x92, 0xce, 0x93, 0xce, 0x72, 0xce, 0x92, 0xce, 0x92, 0xce,
    0x92, 0xce, 0x92, 0xce, 0x93, 0xce, 0x92, 0xce, 0x92, 0xce, 0xb3, 0xce,
    0x92, 0xd6, 0x93, 0xce, 0x93, 0xce, 0xb3, 0xd6, 0x93, 0xce, 0xb3, 0xd6,
    0xb3, 0xd6, 0xb3, 0xce, 0xb3, 0xd6, 0xb3, 0xd6, 0xb4, 0xd6, 0xb3, 0xd6,
    0xb3, 0xd6, 0xb4, 0xd6, 0xb4, 0xd6, 0xd3, 0xd6, 0xb3, 0xd6, 0xd4, 0xd6,
    0xd3, 0xd6, 0xd4, 0xd6, 0xd3, 0xd6, 0xd4, 0xd6, 0xd4, 0xd6, 0xd4, 0xd6,
    0xd4, 0xde, 0xd4, 0xd6, 0xd4, 0xd6, 0xd4, 0xde, 0xd4, 0xd6, 0xd4, 0xd6,
    0xd4, 0xde, 0xd4, 0xd6, 0xd4, 0xd6, 0xd4, 0xd6, 0xd4, 0xde, 0xf4, 0xde,
    0xd5, 0xde, 0xd4, 0xd6, 0xf4, 0xde, 0xf5, 0xde, 0xd4, 0xd6, 0xf4, 0xde,
    0xf5, 0xde, 0xf4, 0xde, 0xf5, 0xde, 0xf4, 0xde, 0xf4, 0xde, 0xf4, 0xde,
    0xf5, 0xde, 0xf5, 0xde, 0xf4, 0xde, 0xf5, 0xde, 0xf5, 0xde, 0xf5, 0xde,
    0xf5, 0xde, 0x15, 0xdf, 0xf5, 0xde, 0xf5, 0xde, 0x15, 0xdf, 0x15, 0xdf,
    0x15, 0xdf, 0x15, 0xdf, 0x16, 0xdf, 0x15, 0xdf, 0x15, 0xdf, 0x15, 0xe7,
    0x15, 0xdf, 0xf5, 0xde, 0x15, 0xdf, 0xf5, 0xde, 0xf5, 0xde, 0xf5, 0xde,
    0x14, 0xdf, 0xf5, 0xde, 0xf5, 0xde, 0xf5, 0xde, 0xf5, 0xde, 0xf4, 0xde,
    0xf5, 0xde, 0xf5, 0xd6, 0xd4, 0xde, 0xf4, 0xde, 0xd4, 0xde, 0xf4, 0xd6,
    0xd5, 0xde, 0xd4, 0xd6, 0xd4, 0xd6, 0xd4, 0xde, 0xd4, 0xd6, 0xd4, 0xde,
    0xd4, 0xd6, 0xd4, 0xd6, 0xd4, 0xde, 0xf4, 0xde, 0xd4, 0xd6, 0xd4, 0xd6,
    0xd4, 0xd6, 0xd4, 0xd6, 0xd4, 0xde, 0xd4, 0xd6, 0xd4, 0xd6, 0xb3, 0xd6,
    0xd4, 0xd6, 0xd4, 0xd6, 0xd3, 0xd6, 0xb4, 0xd6, 0xb3, 0xd6, 0xb3, 0xd6,
    0xb4, 0xd6, 0xb3, 0xd6, 0xb3, 0xd6, 0xb3, 0xce, 0xb3, 0xd6, 0xb3, 0xd6,
    0x93, 0xce, 0xb3, 0xce, 0x93, 0xd6, 0x93, 0xce, 0x92, 0xce, 0xb2, 0xd6,
    0x93, 0xce, 0x93, 0xce, 0xb2, 0xce, 0x92, 0xce, 0x93, 0xce, 0x92, 0xce,
    0x92, 0xce, 0x92, 0xce, 0x93, 0xce, 0x72, 0xce, 0x72, 0xce, 0x72, 0xce,
    0x72, 0xce, 0x72, 0xc6, 0x72, 0xce, 0x72, 0xc6, 0x72, 0xce, 0x72, 0xce,
    0x72, 0xce, 0x71, 0xc6, 0x72, 0xc6, 0x71, 0xce, 0x71, 0xce, 0x72, 0xc6,
    0x72, 0xc6, 0x72, 0xce, 0x72, 0xce, 0x71, 0xc6, 0x52, 0xce, 0x72, 0xce,
    0x72, 0xc6, 0x72, 0xce, 0x71, 0xce, 0x72, 0xc6, 0x72, 0xce, 0x72, 0xce,
    0x72, 0xce, 0x72, 0xc6, 0x72, 0xce, 0x72, 0xce, 0x72, 0xc6, 0x71, 0xc6,
    0x72, 0xce, 0xd4, 0xd6, 0xf5, 0xde, 0xd5, 0xde, 0x17, 0xe7, 0x9a, 0xf7,
    0x9a, 0xf7, 0x78, 0xf7, 0x78, 0xef, 0x98, 0xef, 0x79, 0xef, 0x78, 0xf7,
    0x78, 0xf7, 0x78, 0xef, 0x78, 0xef, 0x79, 0xf7, 0x78, 0xef, 0x78, 0xef,
    0x78, 0xef, 0x78, 0xf7, 0x79, 0xf7, 0x78, 0xef, 0x78, 0xf7, 0x79, 0xef,
    0x78, 0xf7, 0x78, 0xf7, 0x98, 0xef, 0x79, 0xf7, 0x98, 0xf7, 0x99, 0xf7,
    0x9a, 0xf7, 0x79, 0xef, 0xf6, 0xde, 0xf5, 0xde, 0xd5, 0xde, 0xb3, 0xce,
    0x52, 0xce, 0x51, 0xc6, 0x51, 0xc6, 0x52, 0xce, 0x72, 0xce, 0x51, 0xc6,
    0x71, 0xc6, 0x71, 0xce, 0x52, 0xce, 0x52, 0xc6, 0x71, 0xc6, 0x52, 0xce,
    0x51, 0xc6, 0x51, 0xc6, 0x72, 0xce, 0x51, 0xc6, 0x71, 0xc6, 0x52, 0xce,
    0x72, 0xc6, 0x71, 0xce, 0x52, 0xc6, 0x52, 0xce, 0x71, 0xc6, 0x72, 0xce,
    0x72, 0xce, 0x72, 0xce, 0x72, 0xc6, 0x72, 0xce, 0x72, 0xce, 0x92, 0xce,
    0x72, 0xce, 0x72, 0xce, 0x93, 0xce, 0x72, 0xce, 0x72, 0xce, 0x92, 0xce,
    0x92, 0xce, 0x93, 0xce, 0x92, 0xce, 0x93, 0xce, 0x92, 0xd6, 0x92, 0xce,
    0x93, 0xce, 0x92, 0xce, 0xb2, 0xd6, 0xb3, 0xd6, 0x93, 0xce, 0xb3, 0xce,
    0xb3, 0xd6, 0x93, 0xd6, 0xb3, 0xce, 0xb3, 0xce, 0xb3, 0xd6, 0xb4, 0xd6,
    0xb3, 0xd6, 0xb3, 0xd6, 0xb3, 0xd6, 0xb3, 0xd6, 0xb4, 0xd6, 0xb3, 0xd6,
    0xd4, 0xd6, 0xb4, 0xde, 0xb3, 0xd6, 0xb4, 0xd6, 0xb4, 0xd6, 0xd3, 0xde,
    0xd4, 0xd6, 0xd4, 0xd6, 0xd4, 0xde, 0xd4, 0xd6, 0xd4, 0xde, 0xd4, 0xd6,
    0xd4, 0xd6, 0xd4, 0xd6, 0xd4, 0xde, 0xd4, 0xde, 0xf4, 0xd6, 0xd4, 0xde,
    0xf4, 0xd6, 0xd4, 0xd6, 0xd4, 0xd6, 0xd5, 0xde, 0xf4, 0xd6, 0xf4, 0xde,
    0xd4, 0xd6, 0xd5, 0xde, 0xf4, 0xde, 0xf5, 0xde, 0xf5, 0xd6, 0xf4, 0xd6,
    0xf4, 0xde, 0xf5, 0xde, 0xf4, 0xde, 0xf4, 0xde, 0xf5, 0xde, 0xf5, 0xde,
    0xf5, 0xde, 0xf5, 0xde, 0xf5, 0xde, 0xf5, 0xde, 0xf5, 0xde, 0xf5, 0xde,
    0x16, 0xdf, 0x15, 0xdf, 0xf5, 0xe6, 0xf5, 0xde, 0x15, 0xdf, 0x15, 0xe7,
    0x16, 0xdf, 0x15, 0xe7, 0xf5, 0xde, 0xf5, 0xde, 0xf5, 0xde, 0xf5, 0xde,
    0xf5, 0xde, 0xf5, 0xde, 0x14, 0xdf, 0xf5, 0xde, 0xf5, 0xde, 0xf4, 0xde,
    0xf4, 0xde, 0xf5, 0xde, 0xf5, 0xde, 0xf4, 0xde, 0xd4, 0xd6, 0xf4, 0xde,
    0xd4, 0xd6, 0xd4, 0xde, 0xf4, 0xd6, 0xd4, 0xd6, 0xd4, 0xde, 0xf4, 0xde,
    0xd4, 0xd6, 0xd4, 0xde, 0xf4, 0xd6, 0xd4, 0xde, 0xd4, 0xd6, 0xd4, 0xde,
    0xd4, 0xde, 0xd4, 0xd6, 0xd4, 0xde, 0xd4, 0xd6, 0xd3, 0xd6, 0xd4, 0xde,
    0xb4, 0xd6, 0xb4, 0xd6, 0xd3, 0xde, 0xd4, 0xd6, 0xd4, 0xd6, 0xb3, 0xd6,
    0xb4, 0xd6, 0xb3, 0xd6, 0xb3, 0xd6, 0xb3, 0xce, 0xb3, 0xd6, 0xb3, 0xd6,
    0xb3, 0xd6, 0x93, 0xd6, 0xb3, 0xce, 0x93, 0xce, 0xb3, 0xd6, 0xb3, 0xce,
    0x93, 0xce, 0x92, 0xce, 0x93, 0xd6, 0x92, 0xce, 0x93, 0xce, 0x93, 0xd6,
    0x92, 0xce, 0x92, 0xce, 0x72, 0xce, 0x92, 0xce, 0x92, 0xce, 0x72, 0xce,
    0x72, 0xce, 0x92, 0xce, 0x72, 0xce, 0x72, 0xce, 0x72, 0xce, 0x72, 0xc6,
    0x71, 0xce, 0x72, 0xce, 0x72, 0xce, 0x72, 0xc6, 0x51, 0xc6, 0x51, 0xce,
    0x71, 0xc6, 0x52, 0xce, 0x71, 0xc6, 0x72, 0xc6, 0x71, 0xc6, 0x71, 0xce,
    0x72, 0xce, 0x72, 0xc6, 0x71, 0xce, 0x71, 0xc6, 0x72, 0xce, 0x72, 0xce,
    0x71, 0xc6, 0x72, 0xc6, 0x71, 0xce, 0x72, 0xce, 0x72, 0xce, 0x72, 0xce,
    0x72, 0xc6, 0x72, 0xc6, 0x93, 0xce, 0xb4, 0xd6, 0xd4, 0xd6, 0xf5, 0xde,
    0x79, 0xef, 0x9a, 0xf7, 0x99, 0xf7, 0x78, 0xef, 0x79, 0xf7, 0x78, 0xef,
    0x79, 0xf7, 0x78, 0xf7, 0x78, 0xef, 0x78, 0xef, 0x79, 0xf7, 0x79, 0xf7,
    0x78, 0xef, 0x79, 0xef, 0x98, 0xf7, 0x79, 0xef, 0x79, 0xf7, 0x99, 0xef,
    0x79, 0xf7, 0x98, 0xf7, 0x98, 0xef, 0x99, 0xf7, 0x9a, 0xf7, 0x9a, 0xef,
    0x37, 0xe7, 0xf5, 0xde, 0xd4, 0xd6, 0x93, 0xd6, 0x72, 0xc6, 0x51, 0xc6,
    0x52, 0xc6, 0x52, 0xc6, 0x51, 0xc6, 0x72, 0xce, 0x71, 0xc6, 0x52, 0xce,
    0x72, 0xc6, 0x51, 0xc6, 0x51, 0xc6, 0x71, 0xc6, 0x72, 0xc6, 0x52, 0xc6,
    0x51, 0xc6, 0x51, 0xc6, 0x52, 0xc6, 0x72, 0xce, 0x51, 0xce, 0x51, 0xc6,
    0x52, 0xc6, 0x71, 0xc6, 0x52, 0xce, 0x51, 0xc6, 0x51, 0xc6, 0x72, 0xc6,
    0x72, 0xce, 0x72, 0xce, 0x71, 0xc6, 0x72, 0xce, 0x72, 0xce, 0x92, 0xce,
    0x92, 0xce, 0x72, 0xce, 0x92, 0xce, 0x92, 0xce, 0x92, 0xce, 0x93, 0xce,
    0x72, 0xce, 0x92, 0xce, 0x92, 0xce, 0x93, 0xce, 0x92, 0xce, 0x93, 0xd6,
    0x93, 0xce, 0x93, 0xce, 0xb3, 0xce, 0x92, 0xd6, 0xb3, 0xce, 0xb3, 0xd6,
    0xb3, 0xd6, 0x93, 0xce, 0xb3, 0xd6, 0xb3, 0xd6, 0xb3, 0xce, 0xb3, 0xd6,
    0xb3, 0xd6, 0xb3, 0xd6, 0xb4, 0xd6, 0xb4, 0xd6, 0xb3, 0xd6, 0xd3, 0xd6,
    0xd4, 0xd6, 0xd3, 0xd6, 0xd4, 0xd6, 0xb4, 0xde, 0xd4, 0xd6, 0xd4, 0xd6,
    0xd3, 0xd6, 0xd4, 0xd6, 0xd4, 0xd6, 0xd4, 0xde, 0xd4, 0xd6, 0xd4, 0xde,
    0xd4, 0xd6, 0xd4, 0xde, 0xd4, 0xd6, 0xd4, 0xd6, 0xd5, 0xde, 0xd4, 0xd6,
    0xf4, 0xde, 0xf5, 0xde, 0xd4, 0xde, 0xd4, 0xd6, 0xf4, 0xde, 0xf5, 0xde,
    0xd4, 0xde, 0xf5, 0xd6, 0xd4, 0xd6, 0xd4, 0xde, 0xf5, 0xde, 0xf5, 0xde,
    0xf5, 0xde, 0xf5, 0xde, 0xf5, 0xde, 0xf4, 0xde, 0xf5, 0xde, 0xf5, 0xde,
    0xf4, 0xde, 0xf5, 0xde, 0xf5, 0xde, 0xf5, 0xde, 0xf5, 0xde, 0xf5, 0xde,
    0xf5, 0xde, 0xf5, 0xde, 0x15, 0xe7, 0xf5, 0xde, 0xf5, 0xde, 0xf5, 0xde,
    0xf5, 0xde, 0x15, 0xdf, 0x15, 0xdf, 0xf5, 0xde, 0xf5, 0xde, 0x14, 0xdf,
    0xf5, 0xde, 0xf5, 0xde, 0xf5, 0xde, 0xf4, 0xde, 0xf5, 0xde, 0xf5, 0xde,
    0xf4, 0xde, 0xd4, 0xd6, 0xf5, 0xde, 0xf5, 0xde, 0xd4, 0xd6, 0xf4, 0xde,
    0xd4, 0xde, 0xd4, 0xd6, 0xd4, 0xd6, 0xd4, 0xd6, 0xd4, 0xd6, 0xd4, 0xd6,
    0xd5, 0xde, 0xd4, 0xd6, 0xd4, 0xde, 0xd4, 0xd6, 0xd4, 0xd6, 0xd4, 0xde,
    0xd4, 0xd6, 0xd4, 0xd6, 0xd3, 0xd6, 0xb4, 0xd6, 0xd4, 0xd6, 0xb3, 0xd6,
    0xd4, 0xd6, 0xb3, 0xd6, 0xb4, 0xd6, 0xd4, 0xd6, 0xb4, 0xd6, 0xb3, 0xd6,
    0xb3, 0xd6, 0xb3, 0xd6, 0xb3, 0xd6, 0xb3, 0xce, 0xb3, 0xce, 0xb3, 0xd6,
    0xb3, 0xd6, 0xb3, 0xd6, 0x93, 0xce, 0xb3, 0xd6, 0x93, 0xd6, 0xb3, 0xce,
    0x92, 0xd6, 0x93, 0xce, 0x92, 0xce, 0x92, 0xce, 0x92, 0xd6, 0x93, 0xce,
    0x92, 0xce, 0x92, 0xce, 0x73, 0xce, 0x72, 0xce, 0x92, 0xce, 0x92, 0xce,
    0x72, 0xce, 0x72, 0xc6, 0x72, 0xce, 0x92, 0xce, 0x72, 0xc6, 0x72, 0xc6,
    0x72, 0xce, 0x72, 0xce, 0x72, 0xc6, 0x52, 0xce, 0x51, 0xce, 0x71, 0xc6,
    0x51, 0xc6, 0x52, 0xce, 0x72, 0xce, 0x71, 0xc6, 0x51, 0xce, 0x72, 0xce,
    0x72, 0xc6, 0x71, 0xc6, 0x72, 0xce, 0x72, 0xce, 0x72, 0xc6, 0x72, 0xce,
    0x72, 0xce, 0x72, 0xc6, 0x72, 0xc6, 0x71, 0xc6, 0x72, 0xce, 0x72, 0xce,
    0x72, 0xc6, 0x72, 0xce, 0x72, 0xce, 0x52, 0xc6, 0x72, 0xce, 0x93, 0xce,
    0xb3, 0xd6, 0x16, 0xdf, 0x79, 0xef, 0x9a, 0xf7, 0x99, 0xf7, 0x99, 0xf7,
    0x78, 0xef, 0x78, 0xef, 0x78, 0xef, 0x79, 0xf7, 0x78, 0xf7, 0x78, 0xf7,
    0x79, 0xef, 0x98, 0xf7, 0x78, 0xf7, 0x78, 0xef, 0x98, 0xef, 0x78, 0xf7,
    0x78, 0xef, 0x99, 0xf7, 0x9a, 0xf7, 0x9a, 0xf7, 0x38, 0xe7, 0xd5, 0xde,
    0xb4, 0xd6, 0x93, 0xce, 0x52, 0xc6, 0x72, 0xc6, 0x52, 0xce, 0x71, 0xce,
    0x52, 0xc6, 0x72, 0xce, 0x51, 0xc6, 0x71, 0xc6, 0x72, 0xc6, 0x72, 0xce,
    0x52, 0xce, 0x72, 0xc6, 0x51, 0xce, 0x51, 0xc6, 0x52, 0xce, 0x51, 0xc6,
    0x52, 0xc6, 0x51, 0xce, 0x52, 0xc6, 0x72, 0xc6, 0x71, 0xce, 0x72, 0xc6,
    0x52, 0xc6, 0x72, 0xce, 0x71, 0xc6, 0x72, 0xce, 0x51, 0xc6, 0x71, 0xce,
    0x72, 0xc6, 0x72, 0xc6, 0x71, 0xce, 0x72, 0xc6, 0x72, 0xce, 0x92, 0xce,
    0x72, 0xce, 0x92, 0xce, 0x72, 0xce, 0x72, 0xce, 0x93, 0xce, 0x92, 0xce,
    0x92, 0xce, 0x72, 0xce, 0x72, 0xce, 0x93, 0xce, 0x92, 0xce, 0x92, 0xce,
    0x92, 0xd6, 0xb3, 0xce, 0x93, 0xce, 0x93, 0xce, 0x92, 0xd6, 0xb3, 0xd6,
    0xb3, 0xce, 0x93, 0xd6, 0xb3, 0xd6, 0xb3, 0xd6, 0xb3, 0xd6, 0xb3, 0xce,
    0xb3, 0xd6, 0xd3, 0xce, 0xb4, 0xd6, 0xd3, 0xd6, 0xb3, 0xd6, 0xd3, 0xd6,
    0xb3, 0xd6, 0xb4, 0xd6, 0xd4, 0xd6, 0xd3, 0xd6, 0xb3, 0xd6, 0xd4, 0xd6,
    0xd4, 0xde, 0xd3, 0xd6, 0xd4, 0xd6, 0xd4, 0xde, 0xd4, 0xde, 0xd4, 0xd6,
    0xd4, 0xd6, 0xd4, 0xde, 0xd4, 0xde, 0xd4, 0xd6, 0xd4, 0xde, 0xd4, 0xd6,
    0xf5, 0xd6, 0xd4, 0xde, 0xd4, 0xde, 0xd4, 0xd6, 0xf4, 0xd6, 0xf4, 0xde,
    0xd5, 0xde, 0xf4, 0xde, 0xf4, 0xde, 0xd4, 0xd6, 0xf5, 0xde, 0xf5, 0xde,
    0xf5, 0xde, 0xf4, 0xd6, 0xf5, 0xde, 0xf5, 0xde, 0xf5, 0xde, 0xf4, 0xde,
    0xf4, 0xde, 0xf5, 0xde, 0x15, 0xdf, 0xf5, 0xde, 0xf5, 0xde, 0x15, 0xdf,
    0x15, 0xdf, 0x15, 0xdf, 0x15, 0xdf, 0xf5, 0xde, 0x15, 0xdf, 0x15, 0xe7,
    0xf5, 0xde, 0xf5, 0xde, 0x15, 0xdf, 0xf5, 0xde, 0xf5, 0xde, 0xf5, 0xde,
    0xf4, 0xde, 0xf5, 0xde, 0xf5, 0xde, 0xf4, 0xde, 0xf5, 0xde, 0xf5, 0xde,
    0xf4, 0xde, 0xd4, 0xd6, 0xd5, 0xde, 0xf4, 0xde, 0xf4, 0xd6, 0xd5, 0xde,
    0xd4, 0xd6, 0xd4, 0xd6, 0xd4, 0xde, 0xd4, 0xde, 0xd4, 0xd6, 0xd4, 0xd6,
    0xd4, 0xd6, 0xd4, 0xde, 0xd4, 0xd6, 0xd4, 0xde, 0xd4, 0xd6, 0xd4, 0xd6,
    0xd4, 0xd6, 0xd3, 0xd6, 0xd4, 0xde, 0xd4, 0xd6, 0xb3, 0xd6, 0xb4, 0xd6,
    0xd4, 0xd6, 0xd3, 0xd6, 0xb3, 0xd6, 0xd3, 0xd6, 0xb3, 0xd6, 0xb4, 0xd6,
    0xd4, 0xd6, 0xb4, 0xd6, 0xb3, 0xd6, 0xb4, 0xd6, 0xb3, 0xd6, 0x93, 0xce,
    0x93, 0xce, 0x93, 0xce, 0xb3, 0xd6, 0x93, 0xce, 0xb3, 0xce, 0x92, 0xd6,
    0xb3, 0xce, 0x93, 0xce, 0x92, 0xd6, 0x93, 0xce, 0x92, 0xce, 0x92, 0xce,
    0x93, 0xce, 0x92, 0xce, 0x72, 0xce, 0x72, 0xce, 0x93, 0xce, 0x72, 0xce,
    0x72, 0xce, 0x72, 0xc6, 0x72, 0xce, 0x72, 0xce, 0x72, 0xce, 0x72, 0xc6,
    0x72, 0xce, 0x71, 0xc6, 0x71, 0xce, 0x72, 0xc6, 0x52, 0xce, 0x71, 0xc6,
    0x72, 0xc6, 0x71, 0xce, 0x72, 0xc6, 0x71, 0xce, 0x72, 0xc6, 0x72, 0xce,
    0x71, 0xce, 0x72, 0xc6, 0x72, 0xce, 0x71, 0xce, 0x72, 0xc6, 0x72, 0xce,
    0x71, 0xc6, 0x72, 0xce, 0x72, 0xce, 0x52, 0xc6, 0x72, 0xc6, 0x72, 0xc6,
    0x72, 0xce, 0x72, 0xce, 0x72, 0xc6, 0x71, 0xc6, 0x72, 0xc6, 0x51, 0xc6,
    0x72, 0xc6, 0x72, 0xce, 0x93, 0xce, 0xf6, 0xde, 0x59, 0xef, 0x9a, 0xf7,
    0xba, 0xf7, 0x99, 0xf7, 0x99, 0xf7, 0x99, 0xf7, 0x99, 0xef, 0x99, 0xf7,
    0x99, 0xf7, 0x99, 0xef, 0x79, 0xf7, 0x98, 0xf7, 0x99, 0xf7, 0xba, 0xf7,
    0xba, 0xf7, 0x7a, 0xef, 0x17, 0xe7, 0xb4, 0xd6, 0x72, 0xce, 0x72, 0xc6,
    0x52, 0xc6, 0x72, 0xc6, 0x52, 0xce, 0x72, 0xc6, 0x71, 0xce, 0x52, 0xc6,
    0x71, 0xc6, 0x71, 0xce, 0x52, 0xce, 0x51, 0xc6, 0x72, 0xce, 0x71, 0xc6,
    0x51, 0xce, 0x72, 0xc6, 0x72, 0xc6, 0x52, 0xce, 0x72, 0xc6, 0x72, 0xc6,
    0x52, 0xce, 0x51, 0xc6, 0x51, 0xc6, 0x72, 0xce, 0x52, 0xce, 0x71, 0xc6,
    0x51, 0xce, 0x52, 0xc6, 0x71, 0xc6, 0x52, 0xce, 0x72, 0xc6, 0x51, 0xce,
    0x51, 0xc6, 0x72, 0xce, 0x72, 0xce, 0x72, 0xc6, 0x72, 0xc6, 0x72, 0xce,
    0x72, 0xce, 0x72, 0xce, 0x92, 0xce, 0x72, 0xce, 0x72, 0xce, 0x92, 0xce,
    0x72, 0xce, 0x93, 0xce, 0x92, 0xce, 0x92, 0xce, 0x93, 0xd6, 0x93, 0xce,
    0x92, 0xce, 0x92, 0xd6, 0x93, 0xd6, 0x92, 0xce, 0xb3, 0xd6, 0x93, 0xce,
    0x93, 0xd6, 0xb3, 0xce, 0xb3, 0xce, 0xb3, 0xd6, 0xb3, 0xce, 0xb3, 0xd6,
    0xb3, 0xd6, 0xb3, 0xd6, 0xd3, 0xd6, 0xb4, 0xd6, 0xb3, 0xd6, 0xd4, 0xd6,
    0xb4, 0xd6, 0xb3, 0xd6, 0xd3, 0xd6, 0xb4, 0xd6, 0xb4, 0xd6, 0xb3, 0xd6,
    0xd4, 0xde, 0xd4, 0xd6, 0xd4, 0xd6, 0xd4, 0xd6, 0xd4, 0xd6, 0xd4, 0xde,
    0xd4, 0xde, 0xd4, 0xd6, 0xd4, 0xd6, 0xf4, 0xd6, 0xd4, 0xde, 0xd4, 0xd6,
    0xd4, 0xd6, 0xd4, 0xde, 0xd4, 0xd6, 0xd4, 0xd6, 0xf5, 0xde, 0xf4, 0xd6,
    0xd4, 0xd6, 0xf5, 0xde, 0xd5, 0xde, 0xf4, 0xd6, 0xf4, 0xde, 0xf4, 0xde,
    0xf4, 0xd6, 0xf4, 0xde, 0xf5, 0xde, 0xf5, 0xde, 0xf4, 0xd6, 0xf5, 0xde,
    0xf5, 0xde, 0xf4, 0xde, 0xf5, 0xde, 0xf5, 0xde, 0xf5, 0xde, 0x15, 0xdf,
    0xf5, 0xde, 0xf5, 0xde, 0xf5, 0xde, 0x15, 0xdf, 0xf5, 0xde, 0xf5, 0xde,
    0x15, 0xdf, 0xf5, 0xde, 0xf5, 0xde, 0xf5, 0xde, 0xf4, 0xde, 0xf5, 0xde,
    0xf4, 0xde, 0xf5, 0xde, 0xf4, 0xde, 0xf5, 0xde, 0xf5, 0xde, 0xf4, 0xde,
    0xf5, 0xde, 0xd4, 0xde, 0xf4, 0xd6, 0xd4, 0xde, 0xd4, 0xd6, 0xd5, 0xd6,
    0xd4, 0xde, 0xf4, 0xd6, 0xd4, 0xde, 0xd4, 0xde, 0xd4, 0xd6, 0xd4, 0xd6,
    0xd4, 0xd6, 0xd4, 0xd6, 0xd4, 0xd6, 0xd4, 0xde, 0xd4, 0xd6, 0xd4, 0xd6,
    0xd4, 0xd6, 0xb3, 0xd6, 0xd4, 0xd6, 0xb4, 0xde, 0xb3, 0xd6, 0xd4, 0xd6,
    0xb4, 0xd6, 0xd4, 0xd6, 0xb3, 0xd6, 0xb3, 0xd6, 0xb3, 0xd6, 0xb3, 0xd6,
    0xb3, 0xd6, 0xb3, 0xd6, 0xb3, 0xce, 0xb3, 0xd6, 0xb3, 0xd6, 0x93, 0xce,
    0xb3, 0xd6, 0xb3, 0xd6, 0x93, 0xce, 0x93, 0xd6, 0x92, 0xce, 0x92, 0xce,
    0x93, 0xce, 0xb3, 0xce, 0x93, 0xd6, 0x92, 0xce, 0x93, 0xce, 0x92, 0xce,
    0x72, 0xce, 0x72, 0xce, 0x72, 0xce, 0x92, 0xce, 0x72, 0xce, 0x72, 0xce,
    0x72, 0xce, 0x92, 0xce, 0x92, 0xce, 0x72, 0xce, 0x72, 0xce, 0x72, 0xce,
    0x72, 0xc6, 0x72, 0xce, 0x71, 0xce, 0x72, 0xc6, 0x52, 0xc6, 0x51, 0xce,
    0x52, 0xce, 0x72, 0xc6, 0x72, 0xce, 0x51, 0xc6, 0x51, 0xc6, 0x72, 0xce,
    0x72, 0xc6, 0x51, 0xce, 0x72, 0xce, 0x72, 0xc6, 0x71, 0xce, 0x71, 0xc6,
    0x72, 0xc6, 0x71, 0xce, 0x72, 0xce, 0x72, 0xc6, 0x71, 0xce, 0x52, 0xc6,
    0x72, 0xce, 0x52, 0xc6, 0x52, 0xc6, 0x71, 0xce, 0x72, 0xce, 0x72, 0xc6,
    0x72, 0xce, 0x72, 0xc6, 0x52, 0xc6, 0x52, 0xc6, 0x52, 0xc6, 0x93, 0xce,
    0xd5, 0xd6, 0x17, 0xe7, 0x58, 0xef, 0x78, 0xef, 0x79, 0xef, 0x79, 0xef,
    0x78, 0xf7, 0x79, 0xef, 0x79, 0xef, 0x58, 0xef, 0x38, 0xe7, 0x17, 0xdf,
    0xb4, 0xd6, 0x72, 0xce, 0x51, 0xc6, 0x51, 0xc6, 0x51, 0xc6, 0x51, 0xc6,
    0x51, 0xc6, 0x71, 0xce, 0x72, 0xc6, 0x72, 0xc6, 0x51, 0xc6, 0x52, 0xc6,
    0x72, 0xce, 0x52, 0xc6, 0x72, 0xc6, 0x72, 0xce, 0x71, 0xce, 0x52, 0xc6,
    0x52, 0xc6, 0x51, 0xce, 0x71, 0xc6, 0x51, 0xc6, 0x51, 0xce, 0x71, 0xc6,
    0x52, 0xc6, 0x51, 0xc6, 0x71, 0xc6, 0x52, 0xc6, 0x72, 0xc6, 0x51, 0xce,
    0x72, 0xc6, 0x71, 0xc6, 0x52, 0xce, 0x52, 0xce, 0x71, 0xc6, 0x72, 0xc6,
    0x52, 0xc6, 0x51, 0xc6, 0x72, 0xce, 0x71, 0xce, 0x72, 0xce, 0x72, 0xc6,
    0x72, 0xce, 0x72, 0xce, 0x72, 0xce, 0x92, 0xce, 0x92, 0xce, 0x72, 0xce,
    0x73, 0xce, 0x92, 0xce, 0x93, 0xce, 0x92, 0xce, 0x92, 0xce, 0x93, 0xce,
    0x93, 0xce, 0x93, 0xce, 0xb3, 0xce, 0x93, 0xce, 0xb3, 0xd6, 0xb3, 0xce,
    0xb3, 0xd6, 0xb3, 0xd6, 0xb3, 0xce, 0xb3, 0xd6, 0xb3, 0xd6, 0xb4, 0xd6,
    0xb4, 0xd6, 0xb3, 0xd6, 0xb3, 0xd6, 0xb3, 0xd6, 0xb4, 0xd6, 0xb3, 0xd6,
    0xb3, 0xd6, 0xd4, 0xd6, 0xd3, 0xd6, 0xd4, 0xde, 0xd4, 0xd6, 0xd3, 0xd6,
    0xd4, 0xd6, 0xb4, 0xd6, 0xd4, 0xd6, 0xd4, 0xd6, 0xd4, 0xde, 0xd4, 0xd6,
    0xd4, 0xde, 0xd4, 0xd6, 0xd4, 0xde, 0xd4, 0xde, 0xd4, 0xd6, 0xd4, 0xde,
    0xd4, 0xd6, 0xf4, 0xde, 0xd5, 0xde, 0xd4, 0xd6, 0xf4, 0xde, 0xd5, 0xde,
    0xd4, 0xd6, 0xf4, 0xde, 0xd5, 0xd6, 0xf5, 0xde, 0xd4, 0xd6, 0xd5, 0xde,
    0xf5, 0xde, 0xf4, 0xd6, 0xf5, 0xde, 0xf5, 0xde, 0xf4, 0xd6, 0xf4, 0xde,
    0xf5, 0xd6, 0xf5, 0xde, 0x15, 0xdf, 0xf5, 0xde, 0xf4, 0xde, 0xf5, 0xde,
    0xf5, 0xde, 0xf5, 0xde, 0x15, 0xe7, 0xf5, 0xde, 0x15, 0xdf, 0xf5, 0xde,
    0xf5, 0xde, 0xf5, 0xde, 0xf5, 0xde, 0x15, 0xdf, 0xf4, 0xde, 0xf5, 0xde,
    0xf4, 0xde, 0xf5, 0xde, 0xf5, 0xde, 0xf4, 0xde, 0xf4, 0xd6, 0xd4, 0xd6,
    0xd5, 0xde, 0xf4, 0xd6, 0xf5, 0xde, 0xd4, 0xde, 0xf4, 0xd6, 0xd4, 0xde,
    0xd4, 0xde, 0xd4, 0xd6, 0xd4, 0xd6, 0xd4, 0xd6, 0xd4, 0xd6, 0xd4, 0xde,
    0xd4, 0xd6, 0xd4, 0xd6, 0xd4, 0xd6, 0xd4, 0xd6, 0xd4, 0xd6, 0xd4, 0xde,
    0xd3, 0xde, 0xd4, 0xd6, 0xd3, 0xd6, 0xb4, 0xd6, 0xd3, 0xd6, 0xd3, 0xd6,
    0xb4, 0xd6, 0xb4, 0xd6, 0xb3, 0xd6, 0xb4, 0xd6, 0xd4, 0xd6, 0xb3, 0xd6,
    0xb4, 0xd6, 0xb3, 0xce, 0xb4, 0xd6, 0xb3, 0xce, 0xb3, 0xd6, 0x93, 0xce,
    0xb3, 0xd6, 0xb3, 0xce, 0x93, 0xd6, 0x93, 0xce, 0xb3, 0xd6, 0x93, 0xd6,
    0x92, 0xce, 0x92, 0xce, 0x93, 0xce, 0x93, 0xce, 0x92, 0xce, 0x92, 0xce,
    0x72, 0xce, 0x92, 0xce, 0x72, 0xce, 0x72, 0xce, 0x72, 0xce, 0x92, 0xce,
    0x72, 0xce, 0x72, 0xce, 0x92, 0xce, 0x72, 0xc6, 0x72, 0xce, 0x72, 0xce,
    0x72, 0xc6, 0x72, 0xce, 0x72, 0xce, 0x71, 0xc6, 0x72, 0xce, 0x52, 0xc6,
    0x72, 0xce, 0x72, 0xc6, 0x72, 0xce, 0x72, 0xce, 0x51, 0xc6, 0x51, 0xc6,
    0x52, 0xce, 0x71, 0xc6, 0x72, 0xc6, 0x72, 0xc6, 0x71, 0xce, 0x72, 0xce,
    0x52, 0xc6, 0x71, 0xc6, 0x72, 0xce, 0x72, 0xce, 0x71, 0xce, 0x72, 0xce,
    0x71, 0xce, 0x72, 0xc6, 0x71, 0xce, 0x52, 0xce, 0x72, 0xc6, 0x72, 0xce,
    0x72, 0xce, 0x72, 0xc6, 0x72, 0xce, 0x72, 0xce, 0x52, 0xc6, 0x51, 0xc6,
    0x51, 0xc6, 0x51, 0xc6, 0x51, 0xc6, 0x72, 0xce, 0x72, 0xce, 0x93, 0xce,
    0x92, 0xce, 0x72, 0xce, 0x72, 0xce, 0x52, 0xc6, 0x51, 0xc6, 0x31, 0xc6,
    0x31, 0xc6, 0x51, 0xc6, 0x52, 0xc6, 0x51, 0xc6, 0x52, 0xc6, 0x52, 0xc6,
    0x71, 0xce, 0x52, 0xc6, 0x52, 0xce, 0x71, 0xc6, 0x72, 0xce, 0x52, 0xce,
    0x71, 0xc6, 0x71, 0xce, 0x72, 0xc6, 0x72, 0xce, 0x51, 0xc6, 0x72, 0xce,
    0x72, 0xc6, 0x52, 0xc6, 0x71, 0xce, 0x52, 0xc6, 0x52, 0xc6, 0x71, 0xce,
    0x52, 0xc6, 0x51, 0xc6, 0x72, 0xce, 0x71, 0xce, 0x52, 0xc6, 0x72, 0xc6,
    0x52, 0xce, 0x72, 0xce, 0x71, 0xc6, 0x72, 0xce, 0x52, 0xc6, 0x71, 0xce,
    0x51, 0xc6, 0x72, 0xc6, 0x51, 0xce, 0x72, 0xce, 0x72, 0xc6, 0x72, 0xce,
    0x72, 0xce, 0x72, 0xce, 0x92, 0xce, 0x92, 0xce, 0x72, 0xce, 0x92, 0xce,
    0x92, 0xce, 0x93, 0xce, 0x72, 0xce, 0x93, 0xce, 0x92, 0xce, 0x92, 0xce,
    0x92, 0xd6, 0x93, 0xce, 0x93, 0xce, 0x92, 0xd6, 0xb3, 0xce, 0xb3, 0xd6,
    0xb3, 0xd6, 0x93, 0xd6, 0xb3, 0xce, 0xb3, 0xd6, 0xb3, 0xd6, 0xb3, 0xce,
    0xb3, 0xce, 0xb4, 0xd6, 0xb4, 0xd6, 0xd3, 0xd6, 0xb3, 0xd6, 0xb3, 0xd6,
    0xd3, 0xd6, 0xd4, 0xd6, 0xb3, 0xd6, 0xb3, 0xd6, 0xb4, 0xd6, 0xd4, 0xd6,
    0xb3, 0xd6, 0xd4, 0xd6, 0xd3, 0xd6, 0xd4, 0xde, 0xd4, 0xd6, 0xd4, 0xd6,
    0xf4, 0xde, 0xd4, 0xd6, 0xf4, 0xde, 0xd4, 0xde, 0xd4, 0xd6, 0xd4, 0xd6,
    0xd4, 0xd6, 0xd4, 0xd6, 0xd4, 0xd6, 0xd4, 0xd6, 0xf5, 0xde, 0xd4, 0xd6,
    0xf5, 0xde, 0xf4, 0xde, 0xd4, 0xde, 0xf5, 0xde, 0xf5, 0xd6, 0xf4, 0xde,
    0xd5, 0xde, 0xf4, 0xde, 0xf5, 0xde, 0xf5, 0xde, 0xf4, 0xde, 0xf5, 0xde,
    0xf5, 0xde, 0xf4, 0xde, 0xf4, 0xde, 0x15, 0xdf, 0xf5, 0xde, 0xf5, 0xde,
    0x15, 0xdf, 0x15, 0xdf, 0xf5, 0xde, 0xf5, 0xde, 0x15, 0xdf, 0xf5, 0xe6,
    0xf5, 0xde, 0x15, 0xdf, 0xf5, 0xde, 0xf5, 0xde, 0xf5, 0xde, 0xf4, 0xde,
    0xf5, 0xde, 0xf5, 0xde, 0xf4, 0xde, 0xf4, 0xde, 0xd4, 0xd6, 0xd5, 0xde,
    0xf4, 0xde, 0xd4, 0xd6, 0xd4, 0xde, 0xd5, 0xd6, 0xd4, 0xde, 0xf4, 0xd6,
    0xd4, 0xde, 0xd4, 0xd6, 0xd4, 0xd6, 0xd4, 0xde, 0xd4, 0xd6, 0xd4, 0xd6,
    0xb4, 0xde, 0xd4, 0xd6, 0xd4, 0xde, 0xd4, 0xd6, 0xd4, 0xd6, 0xd3, 0xd6,
    0xd4, 0xd6, 0xd4, 0xd6, 0xd4, 0xd6, 0xb3, 0xd6, 0xb4, 0xd6, 0xd4, 0xd6,
    0xb3, 0xd6, 0xb3, 0xd6, 0xd3, 0xd6, 0xb4, 0xd6, 0xb3, 0xd6, 0xb3, 0xd6,
    0xb3, 0xd6, 0xb3, 0xd6, 0xb3, 0xce, 0xb3, 0xd6, 0xb3, 0xd6, 0x93, 0xce,
    0x93, 0xce, 0x93, 0xd6, 0x92, 0xce, 0x93, 0xce, 0x93, 0xce, 0x93, 0xd6,
    0x93, 0xce, 0x92, 0xce, 0x92, 0xce, 0x92, 0xce, 0x72, 0xce, 0x93, 0xce,
    0x92, 0xce, 0x72, 0xce, 0x72, 0xce, 0x72, 0xce, 0x92, 0xce, 0x72, 0xc6,
    0x72, 0xce, 0x72, 0xce, 0x92, 0xce, 0x72, 0xc6, 0x72, 0xc6, 0x72, 0xce,
    0x72, 0xce, 0x72, 0xce, 0x72, 0xc6, 0x72, 0xce, 0x72, 0xc6, 0x72, 0xce,
    0x72, 0xc6, 0x52, 0xc6, 0x51, 0xce, 0x72, 0xce, 0x72, 0xc6, 0x71, 0xc6,
    0x51, 0xce, 0x72, 0xce, 0x71, 0xc6, 0x72, 0xce, 0x72, 0xc6, 0x72, 0xce,
    0x72, 0xce, 0x72, 0xc6, 0x72, 0xce, 0x72, 0xc6, 0x72, 0xc6, 0x72, 0xce,
    0x52, 0xc6, 0x51, 0xc6, 0x72, 0xce, 0x71, 0xc6, 0x72, 0xc6, 0x72, 0xce,
    0x72, 0xc6, 0x72, 0xc6, 0x72, 0xce, 0x71, 0xc6, 0x51, 0xc6, 0x72, 0xce,
    0x72, 0xce, 0x72, 0xc6, 0x71, 0xc6, 0x52, 0xc6, 0x51, 0xc6, 0x51, 0xc6,
    0x51, 0xc6, 0x51, 0xc6, 0x51, 0xc6, 0x51, 0xc6, 0x52, 0xc6, 0x51, 0xc6,
    0x51, 0xc6, 0x52, 0xc6, 0x51, 0xc6, 0x51, 0xc6, 0x71, 0xc6, 0x72, 0xce,
    0x71, 0xc6, 0x72, 0xce, 0x52, 0xc6, 0x71, 0xce, 0x51, 0xc6, 0x72, 0xc6,
    0x51, 0xc6, 0x71, 0xce, 0x72, 0xce, 0x71, 0xc6, 0x72, 0xc6, 0x71, 0xce,
    0x51, 0xc6, 0x72, 0xc6, 0x52, 0xce, 0x51, 0xc6, 0x52, 0xc6, 0x51, 0xc6,
    0x72, 0xc6, 0x72, 0xce, 0x72, 0xc6, 0x51, 0xc6, 0x51, 0xce, 0x71, 0xc6,
    0x72, 0xc6, 0x72, 0xc6, 0x51, 0xc6, 0x51, 0xc6, 0x72, 0xce, 0x51, 0xce,
    0x71, 0xc6, 0x52, 0xce, 0x71, 0xc6, 0x71, 0xc6, 0x72, 0xce, 0x72, 0xce,
    0x72, 0xc6, 0x72, 0xce, 0x92, 0xce, 0x72, 0xce, 0x93, 0xce, 0x92, 0xce,
    0x92, 0xce, 0x72, 0xce, 0x72, 0xce, 0x93, 0xce, 0x93, 0xd6, 0x92, 0xce,
    0x92, 0xce, 0x93, 0xd6, 0x93, 0xd6, 0xb2, 0xce, 0xb3, 0xce, 0x93, 0xce,
    0x93, 0xce, 0x93, 0xce, 0x93, 0xd6, 0xb3, 0xce, 0xb3, 0xd6, 0xb4, 0xd6,
    0xb3, 0xd6, 0xb3, 0xd6, 0xb3, 0xd6, 0xb3, 0xce, 0xd3, 0xd6, 0xb3, 0xd6,
    0xb3, 0xd6, 0xd4, 0xd6, 0xb4, 0xd6, 0xd3, 0xd6, 0xb3, 0xd6, 0xb4, 0xd6,
    0xb4, 0xd6, 0xd4, 0xd6, 0xd3, 0xde, 0xd4, 0xd6, 0xd4, 0xd6, 0xd4, 0xde,
    0xd4, 0xd6, 0xd4, 0xd6, 0xd4, 0xd6, 0xd4, 0xd6, 0xd4, 0xd6, 0xd4, 0xde,
    0xf4, 0xde, 0xd5, 0xd6, 0xd4, 0xde, 0xd4, 0xd6, 0xd4, 0xde, 0xd5, 0xd6,
    0xd4, 0xde, 0xf4, 0xd6, 0xd4, 0xd6, 0xf5, 0xde, 0xd4, 0xde, 0xd4, 0xd6,
    0xf5, 0xd6, 0xf4, 0xd6, 0xf4, 0xde, 0xd5, 0xd6, 0xf4, 0xde, 0xf4, 0xde,
    0xf5, 0xd6, 0xf5, 0xde, 0xf4, 0xde, 0xf5, 0xde, 0xf4, 0xde, 0xf5, 0xde,
    0xf5, 0xde, 0xf5, 0xde, 0xf5, 0xde, 0xf5, 0xde, 0xf5, 0xde, 0xf5, 0xde,
    0xf5, 0xde, 0xf5, 0xde, 0xf5, 0xde, 0xf5, 0xde, 0xf5, 0xde, 0xf4, 0xde,
    0xf5, 0xde, 0xf4, 0xde, 0xf5, 0xd6, 0xd5, 0xde, 0xd4, 0xde, 0xd4, 0xde,
    0xd4, 0xd6, 0xf5, 0xde, 0xd4, 0xd6, 0xf4, 0xde, 0xf5, 0xde, 0xd4, 0xd6,
    0xd4, 0xd6, 0xd4, 0xde, 0xd4, 0xd6, 0xd4, 0xde, 0xd4, 0xd6, 0xd4, 0xd6,
    0xd4, 0xd6, 0xb4, 0xd6, 0xd4, 0xd6, 0xb4, 0xd6, 0xd4, 0xd6, 0xd4, 0xd6,
    0xb3, 0xd6, 0xb3, 0xd6, 0xb4, 0xd6, 0xd4, 0xd6, 0xb3, 0xd6, 0xd3, 0xd6,
    0xd4, 0xd6, 0xb3, 0xd6, 0xb3, 0xd6, 0xd3, 0xd6, 0xb4, 0xd6, 0xb3, 0xd6,
    0xd3, 0xce, 0xb3, 0xd6, 0xb3, 0xd6, 0x93, 0xce, 0xb3, 0xce, 0xb3, 0xd6,
    0xb3, 0xd6, 0xb3, 0xce, 0xb3, 0xd6, 0x93, 0xce, 0x92, 0xce, 0x92, 0xce,
    0x93, 0xce, 0x92, 0xce, 0x92, 0xce, 0x72, 0xce, 0x72, 0xce, 0x92, 0xce,
    0x72, 0xce, 0x72, 0xce, 0x72, 0xce, 0x92, 0xc6, 0x72, 0xce, 0x72, 0xce,
    0x72, 0xc6, 0x92, 0xce, 0x72, 0xce, 0x72, 0xc6, 0x72, 0xce, 0x71, 0xce,
    0x71, 0xc6, 0x72, 0xc6, 0x52, 0xce, 0x72, 0xce, 0x72, 0xc6, 0x72, 0xce,
    0x72, 0xce, 0x72, 0xce, 0x71, 0xc6, 0x72, 0xc6, 0x72, 0xce, 0x51, 0xc6,
    0x71, 0xc6, 0x72, 0xc6, 0x72, 0xce, 0x51, 0xc6, 0x51, 0xc6, 0x51, 0xc6,
    0x72, 0xce, 0x72, 0xc6, 0x72, 0xce, 0x71, 0xce, 0x71, 0xc6, 0x72, 0xce,
    0x72, 0xc6, 0x52, 0xce, 0x72, 0xc6, 0x72, 0xc6, 0x52, 0xce, 0x71, 0xce,
    0x52, 0xc6, 0x52, 0xc6, 0x51, 0xce, 0x72, 0xc6, 0x51, 0xc6, 0x71, 0xc6,
    0x52, 0xce, 0x51, 0xce, 0x72, 0xc6, 0x72, 0xc6, 0x72, 0xc6, 0x51, 0xc6,
    0x72, 0xc6, 0x51, 0xc6, 0x52, 0xc6, 0x51, 0xc6, 0x72, 0xc6, 0x51, 0xc6,
    0x51, 0xc6, 0x51, 0xc6, 0x52, 0xc6, 0x72, 0xc6, 0x71, 0xc6, 0x51, 0xce,
    0x72, 0xc6, 0x71, 0xc6, 0x51, 0xc6, 0x52, 0xc6, 0x71, 0xce, 0x51, 0xc6,
    0x52, 0xc6, 0x52, 0xc6, 0x52, 0xc6, 0x51, 0xc6, 0x52, 0xce, 0x51, 0xc6,
    0x51, 0xc6, 0x52, 0xce, 0x71, 0xc6, 0x71, 0xce, 0x52, 0xce, 0x51, 0xc6,
    0x51, 0xce, 0x71, 0xc6, 0x72, 0xce, 0x52, 0xc6, 0x71, 0xc6, 0x52, 0xce,
    0x52, 0xc6, 0x71, 0xce, 0x51, 0xce, 0x51, 0xc6, 0x72, 0xc6, 0x72, 0xce,
    0x72, 0xc6, 0x71, 0xce, 0x72, 0xce, 0x72, 0xc6, 0x72, 0xce, 0x72, 0xce,
    0x72, 0xc6, 0x72, 0xce, 0x72, 0xce, 0x92, 0xce, 0x93, 0xce, 0x73, 0xce,
    0x72, 0xce, 0x92, 0xce, 0x92, 0xce, 0x92, 0xce, 0x93, 0xce, 0x93, 0xd6,
    0x92, 0xce, 0x93, 0xce, 0x93, 0xce, 0x93, 0xd6, 0xb3, 0xd6, 0x93, 0xd6,
    0xb3, 0xce, 0xb3, 0xd6, 0x93, 0xce, 0x93, 0xd6, 0xb3, 0xce, 0xb3, 0xd6,
    0xb4, 0xd6, 0xb3, 0xd6, 0xb3, 0xd6, 0xb3, 0xd6, 0xb3, 0xd6, 0xb3, 0xd6,
    0xb3, 0xd6, 0xb3, 0xd6, 0xb4, 0xd6, 0xb3, 0xd6, 0xd3, 0xd6, 0xd4, 0xd6,
    0xb3, 0xd6, 0xb4, 0xd6, 0xd4, 0xd6, 0xd4, 0xd6, 0xd4, 0xd6, 0xd4, 0xd6,
    0xd4, 0xde, 0xd4, 0xd6, 0xd4, 0xd6, 0xd4, 0xde, 0xd4, 0xd6, 0xd4, 0xd6,
    0xd4, 0xd6, 0xd4, 0xde, 0xf5, 0xde, 0xd4, 0xd6, 0xd4, 0xd6, 0xd4, 0xde,
    0xf5, 0xde, 0xd4, 0xd6, 0xf5, 0xde, 0xd4, 0xde, 0xf4, 0xde, 0xf4, 0xde,
    0xd5, 0xde, 0xf4, 0xde, 0xf5, 0xde, 0xf4, 0xde, 0xf5, 0xd6, 0xf5, 0xde,
    0xf4, 0xde, 0xf5, 0xde, 0xf4, 0xde, 0xf5, 0xde, 0xf5, 0xde, 0xf5, 0xde,
    0xf5, 0xde, 0xf4, 0xde, 0xf5, 0xde, 0x15, 0xdf, 0xf5, 0xde, 0x15, 0xdf,
    0xf5, 0xde, 0xf5, 0xde, 0x15, 0xdf, 0xf4, 0xde, 0xf4, 0xde, 0xf5, 0xde,
    0xf5, 0xde, 0xf4, 0xd6, 0xf4, 0xde, 0xd5, 0xd6, 0xf5, 0xde, 0xf4, 0xd6,
    0xd4, 0xd6, 0xd4, 0xde, 0xf4, 0xde, 0xf4, 0xd6, 0xd4, 0xd6, 0xd4, 0xde,
    0xd4, 0xd6, 0xd4, 0xd6, 0xd4, 0xde, 0xd4, 0xd6, 0xd4, 0xd6, 0xd4, 0xd6,
    0xd4, 0xd6, 0xb3, 0xd6, 0xb3, 0xd6, 0xd4, 0xd6, 0xd4, 0xde, 0xd4, 0xd6,
    0xd3, 0xd6, 0xb4, 0xde, 0xd4, 0xd6, 0xb3, 0xd6, 0xb3, 0xd6, 0xb3, 0xd6,
    0xb4, 0xd6, 0xb4, 0xd6, 0xb3, 0xd6, 0xb3, 0xd6, 0xd4, 0xd6, 0xb4, 0xd6,
    0xb3, 0xce, 0xb3, 0xd6, 0xb4, 0xd6, 0x93, 0xce, 0xb3, 0xd6, 0xb3, 0xd6,
    0xb3, 0xce, 0xb3, 0xce, 0xb3, 0xd6, 0x93, 0xd6, 0x92, 0xce, 0x93, 0xce,
    0x93, 0xce, 0x92, 0xd6, 0x93, 0xce, 0x72, 0xce, 0x92, 0xce, 0x92, 0xce,
    0x72, 0xce, 0x72, 0xce, 0x92, 0xce, 0x72, 0xce, 0x72, 0xce, 0x72, 0xce,
    0x72, 0xc6, 0x72, 0xce, 0x72, 0xce, 0x72, 0xc6, 0x72, 0xce, 0x72, 0xc6,
    0x52, 0xc6, 0x51, 0xc6, 0x72, 0xc6, 0x72, 0xce, 0x51, 0xc6, 0x72, 0xc6,
    0x72, 0xce, 0x72, 0xce, 0x72, 0xc6, 0x52, 0xce, 0x51, 0xc6, 0x52, 0xce,
    0x72, 0xc6, 0x71, 0xc6, 0x52, 0xce, 0x72, 0xc6, 0x71, 0xc6, 0x72, 0xce,
    0x51, 0xc6, 0x72, 0xce, 0x72, 0xce, 0x72, 0xce, 0x52, 0xc6, 0x71, 0xce,
    0x52, 0xce, 0x72, 0xc6, 0x71, 0xce, 0x72, 0xc6, 0x72, 0xc6, 0x71, 0xce,
    0x51, 0xc6, 0x52, 0xc6, 0x51, 0xc6, 0x51, 0xce, 0x52, 0xc6, 0x72, 0xc6,
    0x71, 0xc6, 0x52, 0xc6, 0x52, 0xce, 0x71, 0xc6, 0x51, 0xce, 0x52, 0xc6,
    0x72, 0xce, 0x71, 0xc6, 0x52, 0xc6, 0x52, 0xce, 0x51, 0xc6, 0x51, 0xc6,
    0x52, 0xc6, 0x51, 0xc6, 0x52, 0xce, 0x72, 0xc6, 0x52, 0xce, 0x52, 0xce,
    0x71, 0xc6, 0x52, 0xce, 0x72, 0xce, 0x71, 0xc6, 0x52, 0xc6, 0x51, 0xce,
    0x52, 0xce, 0x51, 0xc6, 0x72, 0xc6, 0x72, 0xce, 0x51, 0xc6, 0x71, 0xce,
    0x72, 0xc6, 0x52, 0xc6, 0x72, 0xc6, 0x51, 0xc6, 0x52, 0xc6, 0x72, 0xce,
    0x52, 0xc6, 0x71, 0xce, 0x52, 0xc6, 0x71, 0xce, 0x72, 0xc6, 0x72, 0xc6,
    0x51, 0xce, 0x72, 0xc6, 0x72, 0xc6, 0x52, 0xce, 0x72, 0xc6, 0x51, 0xc6,
    0x72, 0xce, 0x72, 0xce, 0x51, 0xc6, 0x72, 0xce, 0x72, 0xce, 0x72, 0xce,
    0x72, 0xce, 0x72, 0xce, 0x92, 0xce, 0x72, 0xc6, 0x72, 0xce, 0x92, 0xce,
    0x72, 0xce, 0x93, 0xce, 0x92, 0xce, 0x92, 0xce, 0x92, 0xce, 0x93, 0xce,
    0x93, 0xce, 0x93, 0xd6, 0x92, 0xce, 0x93, 0xce, 0xb3, 0xd6, 0xb2, 0xd6,
    0xb3, 0xd6, 0x93, 0xce, 0xb3, 0xd6, 0x93, 0xd6, 0xb3, 0xd6, 0xb3, 0xce,
    0xb3, 0xd6, 0xb4, 0xd6, 0xb3, 0xd6, 0xb4, 0xd6, 0xb4, 0xd6, 0xd3, 0xd6,
    0xb3, 0xd6, 0xb4, 0xd6, 0xd3, 0xd6, 0xb3, 0xd6, 0xd4, 0xd6, 0xd4, 0xd6,
    0xb3, 0xd6, 0xd3, 0xd6, 0xd3, 0xd6, 0xb3, 0xd6, 0xd4, 0xde, 0xd4, 0xd6,
    0xd4, 0xde, 0xd4, 0xd6, 0xd4, 0xde, 0xd4, 0xd6, 0xd4, 0xd6, 0xd4, 0xd6,
    0xd4, 0xd6, 0xd4, 0xd6, 0xd4, 0xd6, 0xf4, 0xde, 0xf4, 0xde, 0xd5, 0xd6,
    0xd4, 0xd6, 0xd4, 0xde, 0xf5, 0xde, 0xf4, 0xd6, 0xd4, 0xd6, 0xf5, 0xde,
    0xd4, 0xd6, 0xd4, 0xd6, 0xd4, 0xde, 0xf4, 0xd6, 0xd4, 0xde, 0xf5, 0xde,
    0xd4, 0xd6, 0xf5, 0xde, 0xf4, 0xde, 0xf4, 0xd6, 0xf4, 0xd6, 0xf4, 0xde,
    0xde, 0xff, 0x59, 0xef, 0x15, 0xdf, 0xf4, 0xde, 0xf4, 0xde, 0x15, 0xdf,
    0x15, 0xdf, 0xf5, 0xde, 0xf5, 0xde, 0xf5, 0xde, 0xf4, 0xde, 0xf5, 0xde,
    0xf5, 0xde, 0xf5, 0xde, 0xf4, 0xde, 0xd4, 0xde, 0xf4, 0xd6, 0xd4, 0xde,
    0xd5, 0xd6, 0xd4, 0xde, 0xd4, 0xd6, 0xd5, 0xd6, 0xd4, 0xde, 0xd4, 0xd6,
    0xf4, 0xd6, 0xd4, 0xde, 0xd4, 0xd6, 0xd4, 0xd6, 0xd4, 0xd6, 0xd4, 0xde,
    0xd4, 0xd6, 0xd4, 0xd6, 0xd4, 0xd6, 0xd3, 0xd6, 0xb4, 0xde, 0xd4, 0xd6,
    0xb3, 0xd6, 0xb4, 0xd6, 0xd3, 0xd6, 0xd3, 0xd6, 0xb4, 0xd6, 0xd3, 0xd6,
    0xb3, 0xd6, 0xb3, 0xd6, 0xd4, 0xd6, 0xb3, 0xd6, 0xb3, 0xce, 0xb3, 0xd6,
    0xb3, 0xd6, 0xb3, 0xce, 0xb3, 0xce, 0xb3, 0xd6, 0xb3, 0xce, 0x93, 0xd6,
    0xb3, 0xce, 0x93, 0xd6, 0x93, 0xce, 0xb3, 0xce, 0x93, 0xd6, 0x93, 0xce,
    0x92, 0xce, 0x92, 0xce, 0x73, 0xce, 0x92, 0xce, 0x73, 0xce, 0x72, 0xce,
    0x72, 0xce, 0x93, 0xce, 0x92, 0xce, 0x92, 0xce, 0x72, 0xce, 0x92, 0xce,
    0x72, 0xce, 0x72, 0xc6, 0x72, 0xce, 0x72, 0xce, 0x71, 0xce, 0x72, 0xce,
    0x52, 0xce, 0x72, 0xce, 0x72, 0xc6, 0x72, 0xce, 0x71, 0xce, 0x72, 0xc6,
    0x72, 0xce, 0x72, 0xce, 0x71, 0xc6, 0x51, 0xce, 0x71, 0xc6, 0x72, 0xc6,
    0x71, 0xce, 0x72, 0xce, 0x52, 0xce, 0x71, 0xc6, 0x72, 0xce, 0x72, 0xc6,
    0x71, 0xc6, 0x52, 0xce, 0x72, 0xc6, 0x72, 0xc6, 0x72, 0xce, 0x72, 0xce,
    0x71, 0xc6, 0x72, 0xc6, 0x52, 0xce, 0x71, 0xce, 0x72, 0xc6, 0x52, 0xc6,
    0x72, 0xce, 0x51, 0xc6, 0x71, 0xc6, 0x51, 0xc6, 0x72, 0xce, 0x51, 0xce,
    0x71, 0xc6, 0x72, 0xc6, 0x51, 0xc6, 0x51, 0xc6, 0x51, 0xc6, 0x51, 0xce,
    0x51, 0xc6, 0x72, 0xce, 0x72, 0xce, 0x51, 0xc6, 0x51, 0xc6, 0x51, 0xc6,
    0x52, 0xc6, 0x71, 0xce, 0x51, 0xc6, 0x52, 0xc6, 0x71, 0xc6, 0x72, 0xc6,
    0x72, 0xc6, 0x52, 0xc6, 0x51, 0xce, 0x72, 0xc6, 0x52, 0xc6, 0x51, 0xc6,
    0x52, 0xce, 0x72, 0xc6, 0x51, 0xc6, 0x52, 0xce, 0x72, 0xc6, 0x51, 0xc6,
    0x72, 0xce, 0x51, 0xce, 0x51, 0xc6, 0x52, 0xc6, 0x51, 0xc6, 0x72, 0xc6,
    0x72, 0xc6, 0x72, 0xce, 0x72, 0xce, 0x51, 0xc6, 0x52, 0xce, 0x72, 0xc6,
    0x51, 0xce, 0x72, 0xce, 0x72, 0xc6, 0x51, 0xc6, 0x51, 0xce, 0x72, 0xc6,
    0x71, 0xc6, 0x52, 0xce, 0x72, 0xc6, 0x72, 0xce, 0x72, 0xce, 0x72, 0xc6,
    0x92, 0xce, 0x92, 0xce, 0x92, 0xce, 0x73, 0xce, 0x92, 0xce, 0x93, 0xce,
    0x93, 0xce, 0x92, 0xce, 0x93, 0xce, 0x93, 0xce, 0x92, 0xce, 0x92, 0xce,
    0x92, 0xd6, 0xb3, 0xce, 0x93, 0xce, 0x92, 0xce, 0x93, 0xce, 0x93, 0xce,
    0x92, 0xce, 0x93, 0xd6, 0xb3, 0xce, 0xb3, 0xd6, 0xb3, 0xce, 0xb3, 0xd6,
    0xb3, 0xd6, 0xb3, 0xce, 0xb3, 0xce, 0xb4, 0xd6, 0xb3, 0xd6, 0xb3, 0xd6,
    0xb4, 0xd6, 0xb3, 0xd6, 0xb3, 0xd6, 0xb4, 0xd6, 0xb3, 0xd6, 0xb4, 0xd6,
    0xd4, 0xd6, 0xd3, 0xd6, 0xd4, 0xd6, 0xd4, 0xd6, 0xd3, 0xd6, 0xd4, 0xd6,
    0xd3, 0xd6, 0xd4, 0xd6, 0xd4, 0xde, 0xd4, 0xd6, 0xd4, 0xd6, 0xd4, 0xde,
    0xd4, 0xde, 0xd4, 0xd6, 0xd4, 0xde, 0xd4, 0xd6, 0xd4, 0xd6, 0xd4, 0xde,
    0xd4, 0xde, 0xd4, 0xd6, 0xf5, 0xde, 0xf4, 0xde, 0xf5, 0xd6, 0xd5, 0xde,
    0xf4, 0xde, 0xd5, 0xd6, 0xf5, 0xde, 0xf4, 0xd6, 0xf5, 0xde, 0xf4, 0xde,
    0xf5, 0xd6, 0xf4, 0xd6, 0xd4, 0xd6, 0xd3, 0xd6, 0x16, 0xe7, 0x9b, 0xf7,
    0xff, 0xff, 0xff, 0xff, 0xde, 0xff, 0x7a, 0xef, 0x16, 0xe7, 0xf4, 0xde,
    0xf4, 0xde, 0xf4, 0xde, 0xf5, 0xde, 0xf5, 0xde, 0xf4, 0xde, 0xf4, 0xd6,
    0xf5, 0xde, 0xd5, 0xde, 0xf5, 0xde, 0xd4, 0xd6, 0xd4, 0xde, 0xf4, 0xde,
    0xd5, 0xde, 0xd4, 0xd6, 0xd4, 0xde, 0xd4, 0xde, 0xd5, 0xde, 0xf4, 0xde,
    0xd4, 0xd6, 0xd4, 0xd6, 0xd4, 0xde, 0xd4, 0xd6, 0xd4, 0xde, 0xd4, 0xd6,
    0xd4, 0xd6, 0xd4, 0xde, 0xd4, 0xde, 0xb4, 0xd6, 0xd4, 0xd6, 0xd4, 0xd6,
    0xb3, 0xd6, 0xd4, 0xd6, 0xb4, 0xd6, 0xb3, 0xd6, 0xd4, 0xd6, 0xb3, 0xd6,
    0xb3, 0xd6, 0xb4, 0xd6, 0xd3, 0xd6, 0xb4, 0xd6, 0xb3, 0xd6, 0xb3, 0xd6,
    0xb4, 0xd6, 0xb3, 0xd6, 0x93, 0xce, 0xb3, 0xd6, 0xb3, 0xd6, 0x93, 0xce,
    0xb3, 0xd6, 0xb3, 0xd6, 0x93, 0xce, 0x93, 0xce, 0x93, 0xd6, 0x93, 0xd6,
    0x93, 0xce, 0x92, 0xce, 0x92, 0xce, 0x72, 0xce, 0x92, 0xce, 0x93, 0xce,
    0x72, 0xce, 0x92, 0xce, 0x93, 0xce, 0x72, 0xce, 0x92, 0xce, 0x92, 0xce,
    0x92, 0xce, 0x72, 0xce, 0x72, 0xc6, 0x72, 0xc6, 0x72, 0xce, 0x72, 0xc6,
    0x71, 0xc6, 0x72, 0xce, 0x72, 0xce, 0x72, 0xc6, 0x72, 0xce, 0x72, 0xc6,
    0x72, 0xc6, 0x72, 0xce, 0x72, 0xc6, 0x52, 0xce, 0x52, 0xc6, 0x72, 0xc6,
    0x51, 0xc6, 0x52, 0xc6, 0x72, 0xce, 0x51, 0xc6, 0x72, 0xc6, 0x72, 0xce,
    0x71, 0xce, 0x72, 0xc6, 0x51, 0xc6, 0x71, 0xce, 0x72, 0xc6, 0x52, 0xc6,
    0x72, 0xce, 0x72, 0xc6, 0x72, 0xce, 0x52, 0xc6, 0x51, 0xc6, 0x51, 0xc6,
    0x51, 0xc6, 0x52, 0xce, 0x72, 0xc6, 0x72, 0xc6, 0x51, 0xc6, 0x52, 0xce,
    0x72, 0xce, 0x72, 0xce, 0x71, 0xce, 0x52, 0xc6, 0x52, 0xc6, 0x52, 0xc6,
    0x51, 0xc6, 0x51, 0xc6, 0x52, 0xc6, 0x51, 0xc6, 0x51, 0xc6, 0x52, 0xc6,
    0x51, 0xc6, 0x52, 0xc6, 0x51, 0xc6, 0x71, 0xc6, 0x72, 0xce, 0x71, 0xce,
    0x72, 0xc6, 0x71, 0xc6, 0x51, 0xce, 0x72, 0xc6, 0x71, 0xc6, 0x51, 0xc6,
    0x72, 0xc6, 0x71, 0xce, 0x51, 0xc6, 0x52, 0xc6, 0x72, 0xce, 0x51, 0xc6,
    0x52, 0xc6, 0x51, 0xce, 0x72, 0xce, 0x52, 0xc6, 0x71, 0xce, 0x51, 0xce,
    0x52, 0xc6, 0x72, 0xce, 0x72, 0xce, 0x72, 0xc6, 0x72, 0xce, 0x71, 0xc6,
    0x72, 0xc6, 0x71, 0xce, 0x72, 0xce, 0x72, 0xc6, 0x51, 0xce, 0x72, 0xce,
    0x72, 0xc6, 0x72, 0xce, 0x72, 0xce, 0x72, 0xce, 0x72, 0xce, 0x72, 0xce,
    0x72, 0xc6, 0x92, 0xce, 0x72, 0xce, 0x93, 0xce, 0x92, 0xce, 0x93, 0xce,
    0x72, 0xce, 0x92, 0xce, 0x92, 0xce, 0x93, 0xce, 0x93, 0xd6, 0x93, 0xce,
    0x92, 0xce, 0xb2, 0xce, 0x93, 0xd6, 0x93, 0xd6, 0xb3, 0xce, 0xb3, 0xd6,
    0x93, 0xd6, 0xb3, 0xce, 0xb3, 0xd6, 0xb3, 0xd6, 0xb3, 0xd6, 0xb3, 0xd6,
    0xb4, 0xd6, 0xb3, 0xd6, 0xb3, 0xd6, 0xb3, 0xd6, 0xb4, 0xd6, 0xb3, 0xce,
    0xd4, 0xd6, 0xb4, 0xd6, 0xd4, 0xd6, 0xb3, 0xd6, 0xb3, 0xd6, 0xd4, 0xd6,
    0xb4, 0xd6, 0xd4, 0xd6, 0xd4, 0xde, 0xd4, 0xd6, 0xb4, 0xd6, 0xd4, 0xde,
    0xd4, 0xd6, 0xd4, 0xd6, 0xd4, 0xd6, 0xd4, 0xde, 0xd4, 0xd6, 0xd4, 0xde,
    0xd4, 0xd6, 0xd4, 0xd6, 0xd4, 0xde, 0xd4, 0xde, 0xf4, 0xd6, 0xd5, 0xde,
    0xf4, 0xd6, 0xd4, 0xd6, 0xd4, 0xde, 0xd4, 0xde, 0xd4, 0xd6, 0xf4, 0xde,
    0xf4, 0xde, 0xd5, 0xde, 0xd4, 0xd6, 0xd4, 0xde, 0xd4, 0xd6, 0xd4, 0xd6,
    0xd4, 0xd6, 0xf5, 0xde, 0x37, 0xe7, 0xbc, 0xf7, 0xff, 0xff, 0xff, 0xff,
    0xff, 0xff, 0xff, 0xff, 0xff, 0xff, 0xff, 0xff, 0xff, 0xff, 0xbd, 0xf7,
    0x79, 0xef, 0x37, 0xe7, 0xf5, 0xde, 0xf4, 0xde, 0xd4, 0xd6, 0xd4, 0xd6,
    0xd4, 0xd6, 0xd3, 0xd6, 0xd4, 0xd6, 0xd4, 0xd6, 0xd4, 0xd6, 0xd3, 0xd6,
    0xd4, 0xd6, 0xd4, 0xd6, 0xd3, 0xd6, 0xd4, 0xd6, 0xd4, 0xd6, 0xd3, 0xd6,
    0xd4, 0xd6, 0xd3, 0xd6, 0xd3, 0xd6, 0xb3, 0xd6, 0xb3, 0xd6, 0xb3, 0xd6,
    0xb3, 0xd6, 0xb3, 0xd6, 0xb3, 0xd6, 0xb3, 0xd6, 0xb3, 0xd6, 0xb3, 0xd6,
    0xb3, 0xd6, 0xb2, 0xd6, 0xb3, 0xd6, 0xb3, 0xd6, 0xb2, 0xd6, 0xb3, 0xd6,
    0xb3, 0xce, 0xb3, 0xd6, 0xb3, 0xce, 0xb2, 0xce, 0xb3, 0xce, 0xb3, 0xce,
    0x92, 0xce, 0x92, 0xce, 0x92, 0xce, 0x92, 0xce, 0x93, 0xce, 0x92, 0xce,
    0x92, 0xce, 0x92, 0xce, 0x92, 0xce, 0x92, 0xce, 0x92, 0xce, 0x92, 0xce,
    0x92, 0xce, 0x72, 0xce, 0x72, 0xce, 0x71, 0xce, 0x72, 0xc6, 0x71, 0xc6,
    0x71, 0xce, 0x72, 0xc6, 0x71, 0xc6, 0x72, 0xc6, 0x72, 0xc6, 0x71, 0xc6,
    0x71, 0xc6, 0x71, 0xc6, 0x71, 0xc6, 0x51, 0xc6, 0x51, 0xc6, 0x51, 0xc6,
    0x51, 0xc6, 0x51, 0xc6, 0x51, 0xc6, 0x51, 0xc6, 0x51, 0xc6, 0x51, 0xc6,
    0x51, 0xc6, 0x51, 0xc6, 0x50, 0xc6, 0x51, 0xc6, 0x51, 0xc6, 0x51, 0xc6,
    0x50, 0xc6, 0x51, 0xc6, 0x51, 0xc6, 0x51, 0xc6, 0x31, 0xc6, 0x51, 0xc6,
    0x51, 0xc6, 0x51, 0xc6, 0x51, 0xc6, 0x51, 0xc6, 0x51, 0xc6, 0x51, 0xc6,
    0x51, 0xc6, 0x51, 0xc6, 0x50, 0xc6, 0x51, 0xc6, 0x51, 0xc6, 0x50, 0xc6,
    0x51, 0xc6, 0x30, 0xc6, 0x31, 0xc6, 0x50, 0xc6, 0x50, 0xc6, 0x51, 0xc6,
    0x51, 0xc6, 0x50, 0xc6, 0x50, 0xc6, 0x51, 0xc6, 0x51, 0xc6, 0x51, 0xc6,
    0x50, 0xc6, 0x51, 0xc6, 0x51, 0xc6, 0x50, 0xc6, 0x51, 0xc6, 0x30, 0xc6,
    0x30, 0xc6, 0x31, 0xc6, 0x50, 0xc6, 0x31, 0xc6, 0x51, 0xc6, 0x51, 0xc6,
    0x30, 0xc6, 0x51, 0xc6, 0x51, 0xc6, 0x51, 0xc6, 0x51, 0xc6, 0x51, 0xc6,
    0x51, 0xc6, 0x51, 0xc6, 0x31, 0xc6, 0x50, 0xc6, 0x51, 0xc6, 0x51, 0xc6,
    0x50, 0xc6, 0x51, 0xc6, 0x51, 0xc6, 0x50, 0xc6, 0x51, 0xc6, 0x51, 0xc6,
    0x51, 0xc6, 0x51, 0xc6, 0x51, 0xc6, 0x51, 0xc6, 0x51, 0xc6, 0x51, 0xc6,
    0x51, 0xc6, 0x51, 0xc6, 0x50, 0xc6, 0x51, 0xc6, 0x51, 0xc6, 0x51, 0xc6,
    0x51, 0xc6, 0x51, 0xc6, 0x70, 0xc6, 0x71, 0xc6, 0x71, 0xc6, 0x71, 0xc6,
    0x71, 0xc6, 0x71, 0xc6, 0x71, 0xc6, 0x71, 0xce, 0x72, 0xce, 0x72, 0xce,
    0x72, 0xce, 0x72, 0xce, 0x71, 0xce, 0x72, 0xce, 0x92, 0xce, 0x92, 0xce,
    0x72, 0xce, 0x92, 0xce, 0x92, 0xce, 0x91, 0xce, 0x92, 0xce, 0x92, 0xce,
    0x92, 0xce, 0x92, 0xce, 0x92, 0xce, 0x92, 0xce, 0x93, 0xce, 0xb2, 0xce,
    0xb3, 0xce, 0xb3, 0xce, 0xb3, 0xce, 0xb3, 0xce, 0xb3, 0xd6, 0xb3, 0xce,
    0xb3, 0xce, 0xb2, 0xd6, 0xb3, 0xce, 0xb3, 0xce, 0xb2, 0xd6, 0xb3, 0xd6,
    0xb2, 0xd6, 0xb2, 0xd6, 0xb3, 0xd6, 0xb3, 0xd6, 0xb3, 0xd6, 0xb3, 0xd6,
    0xb3, 0xd6, 0xb3, 0xd6, 0xb3, 0xd6, 0xd3, 0xd6, 0xd3, 0xd6, 0xd3, 0xd6,
    0xd3, 0xd6, 0xd4, 0xd6, 0xd4, 0xd6, 0xd4, 0xd6, 0xd3, 0xd6, 0xd3, 0xd6,
    0xd4, 0xd6, 0xd4, 0xd6, 0xd4, 0xd6, 0xd4, 0xd6, 0xd4, 0xd6, 0xd4, 0xd6,
    0xd3, 0xd6, 0xd4, 0xd6, 0xd4, 0xd6, 0xf4, 0xde, 0x16, 0xdf, 0x38, 0xe7,
    0x7b, 0xf7, 0xde, 0xff, 0xff, 0xff, 0xff, 0xff, 0xff, 0xff, 0xff, 0xff,
    0xff, 0xff, 0xff, 0xff, 0xff, 0xff, 0xff, 0xff, 0xff, 0xff, 0xff, 0xff,
    0xff, 0xff, 0xff, 0xff, 0xff, 0xff, 0xbd, 0xf7, 0x9b, 0xf7, 0x7a, 0xef,
    0x59, 0xef, 0x59, 0xef, 0x59, 0xef, 0x59, 0xef, 0x59, 0xef, 0x59, 0xe7,
    0x59, 0xef, 0x59, 0xef, 0x59, 0xef, 0x59, 0xe7, 0x59, 0xef, 0x59, 0xef,
    0x59, 0xef, 0x59, 0xef, 0x59, 0xef, 0x59, 0xef, 0x59, 0xe7, 0x59, 0xef,
    0x58, 0xe7, 0x58, 0xe7, 0x59, 0xef, 0x58, 0xe7, 0x38, 0xe7, 0x38, 0xe7,
    0x58, 0xe7, 0x38, 0xe7, 0x38, 0xe7, 0x38, 0xe7, 0x38, 0xe7, 0x58, 0xe7,
    0x58, 0xe7, 0x38, 0xe7, 0x38, 0xe7, 0x38, 0xe7, 0x38, 0xe7, 0x38, 0xe7,
    0x38, 0xe7, 0x38, 0xe7, 0x38, 0xe7, 0x38, 0xe7, 0x38, 0xe7, 0x38, 0xe7,
    0x38, 0xe7, 0x38, 0xe7, 0x38, 0xe7, 0x38, 0xe7, 0x38, 0xe7, 0x38, 0xe7,
    0x37, 0xe7, 0x38, 0xe7, 0x38, 0xe7, 0x18, 0xe7, 0x17, 0xe7, 0x17, 0xe7,
    0x18, 0xe7, 0x17, 0xe7, 0x17, 0xe7, 0x17, 0xe7, 0x18, 0xe7, 0x18, 0xe7,
    0x17, 0xdf, 0x17, 0xe7, 0x17, 0xe7, 0x17, 0xdf, 0x17, 0xdf, 0x17, 0xe7,
    0xf7, 0xde, 0xf7, 0xde, 0xf7, 0xde, 0x17, 0xdf, 0x17, 0xe7, 0x17, 0xe7,
    0x17, 0xdf, 0x17, 0xe7, 0x17, 0xdf, 0xf7, 0xde, 0xf7, 0xe6, 0x17, 0xe7,
    0xf7, 0xde, 0xf7, 0xde, 0x17, 0xe7, 0x17, 0xdf, 0x17, 0xdf, 0xf7, 0xde,
    0xf7, 0xde, 0xf7, 0xde, 0xf7, 0xe6, 0x17, 0xdf, 0x17, 0xe7, 0x17, 0xdf,
    0x17, 0xdf, 0x17, 0xe7, 0xf7, 0xde, 0xf7, 0xde, 0x17, 0xdf, 0xf7, 0xde,
    0x17, 0xdf, 0x17, 0xdf, 0xf7, 0xde, 0xf7, 0xde, 0xf7, 0xde, 0xf7, 0xde,
    0xf7, 0xde, 0xf7, 0xde, 0xf7, 0xde, 0xf7, 0xde, 0x17, 0xdf, 0x17, 0xdf,
    0xf7, 0xde, 0xf7, 0xde, 0xf7, 0xde, 0xf7, 0xde, 0xf7, 0xde, 0xf7, 0xde,
    0xf7, 0xde, 0xf7, 0xde, 0xf7, 0xde, 0x17, 0xdf, 0xf7, 0xde, 0xf7, 0xde,
    0xf7, 0xde, 0x17, 0xdf, 0xf7, 0xde, 0xf7, 0xde, 0x17, 0xdf, 0xf7, 0xe6,
    0x17, 0xdf, 0x17, 0xdf, 0xf7, 0xde, 0xf7, 0xde, 0x17, 0xdf, 0xf7, 0xde,
    0xf7, 0xde, 0xf7, 0xde, 0xf7, 0xde, 0xf7, 0xde, 0xf7, 0xde, 0x17, 0xdf,
    0x17, 0xdf, 0x17, 0xdf, 0x17, 0xdf, 0x17, 0xe7, 0x17, 0xdf, 0xf7, 0xde,
    0x17, 0xe7, 0x17, 0xdf, 0x17, 0xdf, 0x17, 0xe7, 0x17, 0xdf, 0x17, 0xdf,
    0x17, 0xe7, 0x17, 0xdf, 0x17, 0xdf, 0x17, 0xe7, 0x17, 0xe7, 0x17, 0xe7,
    0x17, 0xe7, 0x18, 0xe7, 0x18, 0xe7, 0x17, 0xdf, 0x38, 0xdf, 0x17, 0xe7,
    0x18, 0xe7, 0x38, 0xe7, 0x17, 0xe7, 0x18, 0xe7, 0x38, 0xe7, 0x17, 0xe7,
    0x37, 0xe7, 0x38, 0xe7, 0x38, 0xe7, 0x38, 0xe7, 0x17, 0xe7, 0x38, 0xe7,
    0x38, 0xe7, 0x38, 0xe7, 0x38, 0xe7, 0x38, 0xe7, 0x38, 0xe7, 0x38, 0xe7,
    0x38, 0xe7, 0x38, 0xe7, 0x38, 0xe7, 0x38, 0xe7, 0x38, 0xe7, 0x38, 0xe7,
    0x38, 0xe7, 0x38, 0xe7, 0x38, 0xe7, 0x38, 0xe7, 0x38, 0xe7, 0x38, 0xe7,
    0x38, 0xe7, 0x38, 0xe7, 0x38, 0xe7, 0x58, 0xe7, 0x38, 0xe7, 0x38, 0xe7,
    0x58, 0xe7, 0x38, 0xe7, 0x58, 0xe7, 0x58, 0xef, 0x59, 0xef, 0x59, 0xe7,
    0x58, 0xef, 0x59, 0xef, 0x59, 0xe7, 0x59, 0xef, 0x59, 0xef, 0x59, 0xe7,
    0x59, 0xef, 0x59, 0xef, 0x59, 0xef, 0x59, 0xef, 0x59, 0xef, 0x59, 0xef,
    0x5a, 0xef, 0x9b, 0xef, 0x9c, 0xf7, 0xdd, 0xff, 0xff, 0xff, 0xff, 0xff,
    0xff, 0xff, 0xff, 0xff, 0xff, 0xff, 0xff, 0xff, 0xff, 0xff, 0xff, 0xff,
    0xff, 0xff, 0xff, 0xff, 0xff, 0xff, 0xff, 0xff, 0xff, 0xff, 0xff, 0xff,
    0xff, 0xff, 0xff, 0xff, 0xff, 0xff, 0xff, 0xff, 0xff, 0xff, 0xff, 0xff,
    0xff, 0xff, 0xff, 0xff, 0xff, 0xff, 0xff, 0xff, 0xff, 0xff, 0xff, 0xff,
    0xff, 0xff, 0xff, 0xff, 0xff, 0xff, 0xff, 0xff, 0xff, 0xff, 0xff, 0xff,
    0xff, 0xff, 0xff, 0xff, 0xff, 0xff, 0xff, 0xff, 0xff, 0xff, 0xff, 0xff,
    0xff, 0xff, 0xff, 0xff, 0xff, 0xff, 0xff, 0xff, 0xff, 0xff, 0xff, 0xff,
    0xff, 0xff, 0xff, 0xff, 0xff, 0xff, 0xff, 0xff, 0xff, 0xff, 0xff, 0xff,
    0xff, 0xff, 0xff, 0xff, 0xff, 0xff, 0xff, 0xff, 0xff, 0xff, 0xff, 0xff,
    0xff, 0xff, 0xff, 0xff, 0xff, 0xff, 0xff, 0xff, 0xff, 0xff, 0xff, 0xff,
    0xff, 0xff, 0xff, 0xff, 0xff, 0xff, 0xff, 0xff, 0xff, 0xff, 0xff, 0xff,
    0xff, 0xff, 0xff, 0xff, 0xff, 0xff, 0xff, 0xff, 0xff, 0xff, 0xff, 0xff,
    0xff, 0xff, 0xff, 0xff, 0xff, 0xff, 0xff, 0xff, 0xff, 0xff, 0xff, 0xff,
    0xff, 0xff, 0xff, 0xff, 0xff, 0xff, 0xff, 0xff, 0xff, 0xff, 0xff, 0xff,
    0xff, 0xff, 0xff, 0xff, 0xff, 0xff, 0xff, 0xff, 0xff, 0xff, 0xff, 0xff,
    0xff, 0xff, 0xff, 0xff, 0xff, 0xff, 0xff, 0xff, 0xff, 0xff, 0xff, 0xff,
    0xff, 0xff, 0xff, 0xff, 0xff, 0xff, 0xff, 0xff, 0xff, 0xff, 0xff, 0xff,
    0xff, 0xff, 0xff, 0xff, 0xff, 0xff, 0xff, 0xff, 0xff, 0xff, 0xff, 0xff,
    0xff, 0xff, 0xff, 0xff, 0xff, 0xff, 0xff, 0xff, 0xff, 0xff, 0xff, 0xff,
    0xff, 0xff, 0xff, 0xff, 0xff, 0xff, 0xff, 0xff, 0xff, 0xff, 0xff, 0xff,
    0xff, 0xff, 0xff, 0xff, 0xff, 0xff, 0xff, 0xff, 0xff, 0xff, 0xff, 0xff,
    0xff, 0xff, 0xff, 0xff, 0xff, 0xff, 0xff, 0xff, 0xff, 0xff, 0xff, 0xff,
    0xff, 0xff, 0xff, 0xff, 0xff, 0xff, 0xff, 0xff, 0xff, 0xff, 0xff, 0xff,
    0xff, 0xff, 0xff, 0xff, 0xff, 0xff, 0xff, 0xff, 0xff, 0xff, 0xff, 0xff,
    0xff, 0xff, 0xff, 0xff, 0xff, 0xff, 0xff, 0xff, 0xff, 0xff, 0xff, 0xff,
    0xff, 0xff, 0xff, 0xff, 0xff, 0xff, 0xff, 0xff, 0xff, 0xff, 0xff, 0xff,
    0xff, 0xff, 0xff, 0xff, 0xff, 0xff, 0xff, 0xff, 0xff, 0xff, 0xff, 0xff,
    0xff, 0xff, 0xff, 0xff, 0xff, 0xff, 0xff, 0xff, 0xff, 0xff, 0xff, 0xff,
    0xff, 0xff, 0xff, 0xff, 0xff, 0xff, 0xff, 0xff, 0xff, 0xff, 0xff, 0xff,
    0xff, 0xff, 0xff, 0xff, 0xff, 0xff, 0xff, 0xff, 0xff, 0xff, 0xff, 0xff,
    0xff, 0xff, 0xff, 0xff, 0xff, 0xff, 0xff, 0xff, 0xff, 0xff, 0xff, 0xff,
    0xff, 0xff, 0xff, 0xff, 0xff, 0xff, 0xff, 0xff, 0xff, 0xff, 0xff, 0xff,
    0xff, 0xff, 0xff, 0xff, 0xff, 0xff, 0xff, 0xff, 0xff, 0xff, 0xff, 0xff,
    0xff, 0xff, 0xff, 0xff, 0xff, 0xff, 0xff, 0xff, 0xff, 0xff, 0xff, 0xff,
    0xff, 0xff, 0xff, 0xff, 0xff, 0xff, 0xff, 0xff, 0xff, 0xff, 0xff, 0xff,
    0xff, 0xff, 0xff, 0xff, 0xff, 0xff, 0xff, 0xff, 0xff, 0xff, 0xff, 0xff,
    0xff, 0xff, 0xff, 0xff, 0xff, 0xff, 0xff, 0xff, 0xff, 0xff, 0xff, 0xff,
    0xff, 0xff, 0xff, 0xff, 0xff, 0xff, 0xff, 0xff, 0xff, 0xff, 0xff, 0xff,
    0xff, 0xff, 0xff, 0xff, 0xff, 0xff, 0xff, 0xff, 0xff, 0xff, 0xff, 0xff,
    0xff, 0xff, 0xff, 0xff, 0xff, 0xff, 0xff, 0xff, 0xff, 0xff, 0xff, 0xff,
    0xff, 0xff, 0xff, 0xff, 0xff, 0xff, 0xff, 0xff, 0xff, 0xff, 0xff, 0xff,
    0xff, 0xff, 0xff, 0xff, 0xff, 0xff, 0xff, 0xff, 0xff, 0xff, 0xff, 0xff,
    0xff, 0xff, 0xff, 0xff, 0xff, 0xff, 0xff, 0xff, 0xff, 0xff, 0xff, 0xff,
    0xff, 0xff, 0xff, 0xff, 0xff, 0xff, 0xff, 0xff, 0xff, 0xff, 0xff, 0xff,
    0xff, 0xff, 0xff, 0xff, 0xff, 0xff, 0xff, 0xff, 0xff, 0xff, 0xff, 0xff,
    0xff, 0xff, 0xff, 0xff, 0xff, 0xff, 0xff, 0xff, 0xff, 0xff, 0xff, 0xff,
    0xff, 0xff, 0xff, 0xff, 0xff, 0xff, 0xff, 0xff, 0xff, 0xff, 0xff, 0xff,
    0xff, 0xff, 0xff, 0xff, 0xff, 0xff, 0xff, 0xff, 0xff, 0xff, 0xff, 0xff,
    0xff, 0xff, 0xff, 0xff, 0xff, 0xff, 0xff, 0xff, 0xff, 0xff, 0xff, 0xff,
    0xff, 0xff, 0xff, 0xff, 0xff, 0xff, 0xff, 0xff, 0xff, 0xff, 0xff, 0xff,
    0xff, 0xff, 0xff, 0xff, 0xff, 0xff, 0xff, 0xff, 0xff, 0xff, 0xff, 0xff,
    0xff, 0xff, 0xff, 0xff, 0xff, 0xff, 0xff, 0xff, 0xff, 0xff, 0xff, 0xff,
    0xff, 0xff, 0xff, 0xff, 0xff, 0xff, 0xff, 0xff, 0xff, 0xff, 0xff, 0xff,
    0xff, 0xff, 0xff, 0xff, 0xff, 0xff, 0xff, 0xff, 0xff, 0xff, 0xff, 0xff,
    0xff, 0xff, 0xff, 0xff, 0xff, 0xff, 0xff, 0xff, 0xff, 0xff, 0xff, 0xff,
    0xff, 0xff, 0xff, 0xff, 0xff, 0xff, 0xff, 0xff, 0xff, 0xff, 0xff, 0xff,
    0xff, 0xff, 0xff, 0xff, 0xff, 0xff, 0xff, 0xff, 0xff, 0xff, 0xff, 0xff,
    0xff, 0xff, 0xff, 0xff, 0xff, 0xff, 0xff, 0xff, 0xff, 0xff, 0xff, 0xff,
    0xff, 0xff, 0xff, 0xff, 0xff, 0xff, 0xff, 0xff, 0xff, 0xff, 0xff, 0xff,
    0xff, 0xff, 0xff, 0xff, 0xff, 0xff, 0xff, 0xff, 0xff, 0xff, 0xff, 0xff,
    0xff, 0xff, 0xff, 0xff, 0xff, 0xff, 0xff, 0xff, 0xff, 0xff, 0xff, 0xff,
    0xff, 0xff, 0xff, 0xff, 0xff, 0xff, 0xff, 0xff, 0xff, 0xff, 0xff, 0xff,
    0xff, 0xff, 0xff, 0xff, 0xff, 0xff, 0xff, 0xff, 0xff, 0xff, 0xff, 0xff,
    0xff, 0xff, 0xff, 0xff, 0xff, 0xff, 0xff, 0xff, 0xff, 0xff, 0xff, 0xff,
    0xff, 0xff, 0xff, 0xff, 0xff, 0xff, 0xff, 0xff, 0xff, 0xff, 0xff, 0xff,
    0xff, 0xff, 0xff, 0xff, 0xff, 0xff, 0xff, 0xff, 0xff, 0xff, 0xff, 0xff,
    0xff, 0xff, 0xff, 0xff, 0xff, 0xff, 0xff, 0xff, 0xff, 0xff, 0xff, 0xff,
    0xff, 0xff, 0xff, 0xff, 0xff, 0xff, 0xff, 0xff, 0xff, 0xff, 0xff, 0xff,
    0xff, 0xff, 0xff, 0xff, 0xff, 0xff, 0xff, 0xff, 0xff, 0xff, 0xff, 0xff,
    0xff, 0xff, 0xff, 0xff, 0xff, 0xff, 0xff, 0xff, 0xff, 0xff, 0xff, 0xff,
    0xff, 0xff, 0xff, 0xff, 0xff, 0xff, 0xff, 0xff, 0xff, 0xff, 0xff, 0xff,
    0xff, 0xff, 0xff, 0xff, 0xff, 0xff, 0xff, 0xff, 0xff, 0xff, 0xff, 0xff,
    0xff, 0xff, 0xff, 0xff, 0xff, 0xff, 0xff, 0xff, 0xff, 0xff, 0xff, 0xff,
    0xff, 0xff, 0xff, 0xff, 0xff, 0xff, 0xff, 0xff, 0xff, 0xff, 0xff, 0xff,
    0xff, 0xff, 0xff, 0xff, 0xff, 0xff, 0xff, 0xff, 0xff, 0xff, 0xff, 0xff,
    0xff, 0xff, 0xff, 0xff, 0xff, 0xff, 0xff, 0xff, 0xff, 0xff, 0xff, 0xff,
    0xff, 0xff, 0xff, 0xff, 0xff, 0xff, 0xff, 0xff, 0xff, 0xff, 0xff, 0xff,
    0xff, 0xff, 0xff, 0xff, 0xff, 0xff, 0xff, 0xff, 0xff, 0xff, 0xff, 0xff,
    0xff, 0xff, 0xff, 0xff, 0xff, 0xff, 0xff, 0xff, 0xff, 0xff, 0xff, 0xff,
    0xff, 0xff, 0xff, 0xff, 0xff, 0xff, 0xff, 0xff, 0xff, 0xff, 0xff, 0xff,
    0xff, 0xff, 0xff, 0xff, 0xff, 0xff, 0xff, 0xff, 0xff, 0xff, 0xff, 0xff,
    0xff, 0xff, 0xff, 0xff, 0xff, 0xff, 0xff, 0xff, 0xff, 0xff, 0xff, 0xff,
    0xff, 0xff, 0xff, 0xff, 0xff, 0xff, 0xff, 0xff, 0xff, 0xff, 0xff, 0xff,
    0xff, 0xff, 0xff, 0xff, 0xff, 0xff, 0xff, 0xff, 0xff, 0xff, 0xff, 0xff,
    0xff, 0xff, 0xff, 0xff, 0xff, 0xff, 0xff, 0xff, 0xff, 0xff, 0xff, 0xff,
    0xff, 0xff, 0xff, 0xff, 0xff, 0xff, 0xff, 0xff, 0xff, 0xff, 0xff, 0xff,
    0xff, 0xff, 0xff, 0xff, 0xff, 0xff, 0xff, 0xff, 0xff, 0xff, 0xff, 0xff,
    0xff, 0xff, 0xff, 0xff, 0xff, 0xff, 0xff, 0xff, 0xff, 0xff, 0xff, 0xff,
    0xff, 0xff, 0xff, 0xff, 0xff, 0xff, 0xff, 0xff, 0xff, 0xff, 0xff, 0xff,
    0xff, 0xff, 0xff, 0xff, 0xff, 0xff, 0xff, 0xff, 0xff, 0xff, 0xff, 0xff,
    0xff, 0xff, 0xff, 0xff, 0xff, 0xff, 0xff, 0xff, 0xff, 0xff, 0xff, 0xff,
    0xff, 0xff, 0xff, 0xff, 0xff, 0xff, 0xff, 0xff, 0xff, 0xff, 0xff, 0xff,
    0xff, 0xff, 0xff, 0xff, 0xff, 0xff, 0xff, 0xff, 0xff, 0xff, 0xff, 0xff,
    0xff, 0xff, 0xff, 0xff, 0xff, 0xff, 0xff, 0xff, 0xff, 0xff, 0xff, 0xff,
    0xff, 0xff, 0xff, 0xff, 0xff, 0xff, 0xff, 0xff, 0xff, 0xff, 0xff, 0xff,
    0xff, 0xff, 0xff, 0xff, 0xff, 0xff, 0xff, 0xff, 0xff, 0xff, 0xff, 0xff,
    0xff, 0xff, 0xff, 0xff, 0xff, 0xff, 0xff, 0xff, 0xff, 0xff, 0xff, 0xff,
    0xff, 0xff, 0xff, 0xff, 0xff, 0xff, 0xff, 0xff, 0xff, 0xff, 0xff, 0xff,
    0xff, 0xff, 0xff, 0xff, 0xff, 0xff, 0xff, 0xff, 0xff, 0xff, 0xff, 0xff,
    0xff, 0xff, 0xff, 0xff, 0xff, 0xff, 0xff, 0xff, 0xff, 0xff, 0xff, 0xff,
    0xff, 0xff, 0xff, 0xff, 0xff, 0xff, 0xff, 0xff, 0xff, 0xff, 0xff, 0xff,
    0xff, 0xff, 0xff, 0xff, 0xff, 0xff, 0xff, 0xff, 0xff, 0xff, 0xff, 0xff,
    0xff, 0xff, 0xff, 0xff, 0xff, 0xff, 0xff, 0xff, 0xff, 0xff, 0xff, 0xff,
    0xff, 0xff, 0xff, 0xff, 0xff, 0xff, 0xff, 0xff, 0xff, 0xff, 0xff, 0xff,
    0xff, 0xff, 0xff, 0xff, 0xff, 0xff, 0xff, 0xff, 0xff, 0xff, 0xff, 0xff,
    0xff, 0xff, 0xff, 0xff, 0xff, 0xff, 0xff, 0xff, 0xff, 0xff, 0xff, 0xff,
    0xff, 0xff, 0xff, 0xff, 0xff, 0xff, 0xff, 0xff, 0xff, 0xff, 0xff, 0xff,
    0xff, 0xff, 0xff, 0xff, 0xff, 0xff, 0xff, 0xff, 0xff, 0xff, 0xff, 0xff,
    0xff, 0xff, 0xff, 0xff, 0xff, 0xff, 0xff, 0xff, 0xff, 0xff, 0xff, 0xff,
    0xff, 0xff, 0xff, 0xff, 0xff, 0xff, 0xff, 0xff, 0xff, 0xff, 0xff, 0xff,
    0xff, 0xff, 0xff, 0xff, 0xff, 0xff, 0xff, 0xff, 0xff, 0xff, 0xff, 0xff,
    0xff, 0xff, 0xff, 0xff, 0xff, 0xff, 0xff, 0xff, 0xff, 0xff, 0xff, 0xff,
    0xff, 0xff, 0xff, 0xff, 0xff, 0xff, 0xff, 0xff, 0xff, 0xff, 0xff, 0xff,
    0xff, 0xff, 0xff, 0xff, 0xff, 0xff, 0xff, 0xff, 0xff, 0xff, 0xff, 0xff,
    0xff, 0xff, 0xff, 0xff, 0xff, 0xff, 0xff, 0xff, 0xff, 0xff, 0xff, 0xff,
    0xff, 0xff, 0xff, 0xff, 0xff, 0xff, 0xff, 0xff, 0xff, 0xff, 0xff, 0xff,
    0xff, 0xff, 0xff, 0xff, 0xff, 0xff, 0xff, 0xff, 0xff, 0xff, 0xff, 0xff,
    0xff, 0xff, 0xff, 0xff, 0xff, 0xff, 0xff, 0xff, 0xff, 0xff, 0xff, 0xff,
    0xff, 0xff, 0xff, 0xff, 0xff, 0xff, 0xff, 0xff, 0xff, 0xff, 0xff, 0xff,
    0xff, 0xff, 0xff, 0xff, 0xff, 0xff, 0xff, 0xff, 0xff, 0xff, 0xff, 0xff,
    0xff, 0xff, 0xff, 0xff, 0xff, 0xff, 0xff, 0xff, 0xff, 0xff, 0xff, 0xff,
    0xff, 0xff, 0xff, 0xff, 0xff, 0xff, 0xff, 0xff, 0xff, 0xff, 0xff, 0xff,
    0xff, 0xff, 0xff, 0xff, 0xff, 0xff, 0xff, 0xff, 0xff, 0xff, 0xff, 0xff,
    0xff, 0xff, 0xff, 0xff, 0xff, 0xff, 0xff, 0xff, 0xff, 0xff, 0xff, 0xff,
    0xff, 0xff, 0xff, 0xff, 0xff, 0xff, 0xff, 0xff, 0xff, 0xff, 0xff, 0xff,
    0xff, 0xff, 0xff, 0xff, 0xff, 0xff, 0xff, 0xff, 0xff, 0xff, 0xff, 0xff,
    0xff, 0xff, 0xff, 0xff, 0xff, 0xff, 0xff, 0xff, 0xff, 0xff, 0xff, 0xff,
    0xff, 0xff, 0xff, 0xff, 0xff, 0xff, 0xff, 0xff, 0xff, 0xff, 0xff, 0xff,
    0xff, 0xff, 0xff, 0xff, 0xff, 0xff, 0xff, 0xff, 0xff, 0xff, 0xff, 0xff,
    0xff, 0xff, 0xff, 0xff, 0xff, 0xff, 0xff, 0xff, 0xff, 0xff, 0xff, 0xff,
    0xff, 0xff, 0xff, 0xff, 0xff, 0xff, 0xff, 0xff, 0xff, 0xff, 0xff, 0xff,
    0xff, 0xff, 0xff, 0xff, 0xff, 0xff, 0xff, 0xff, 0xff, 0xff, 0xff, 0xff,
    0xff, 0xff, 0xff, 0xff, 0xff, 0xff, 0xff, 0xff, 0xff, 0xff, 0xff, 0xff,
    0xff, 0xff, 0xff, 0xff, 0xff, 0xff, 0xff, 0xff, 0xff, 0xff, 0xff, 0xff,
    0xff, 0xff, 0xff, 0xff, 0xff, 0xff, 0xff, 0xff, 0xff, 0xff, 0xff, 0xff,
    0xff, 0xff, 0xff, 0xff, 0xff, 0xff, 0xff, 0xff, 0xff, 0xff, 0xff, 0xff,
    0xff, 0xff, 0xff, 0xff, 0xff, 0xff, 0xff, 0xff, 0xff, 0xff, 0xff, 0xff,
    0xff, 0xff, 0xff, 0xff, 0xff, 0xff, 0xff, 0xff, 0xff, 0xff, 0xff, 0xff,
    0xff, 0xff, 0xff, 0xff, 0xff, 0xff, 0xff, 0xff, 0xff, 0xff, 0xff, 0xff,
    0xff, 0xff, 0xff, 0xff, 0xff, 0xff, 0xff, 0xff, 0xff, 0xff, 0xff, 0xff,
    0xff, 0xff, 0xff, 0xff, 0xff, 0xff, 0xff, 0xff, 0xff, 0xff, 0xff, 0xff,
    0xff, 0xff, 0xff, 0xff, 0xff, 0xff, 0xff, 0xff, 0xff, 0xff, 0xff, 0xff,
    0xff, 0xff, 0xff, 0xff, 0xff, 0xff, 0xff, 0xff, 0xff, 0xff, 0xff, 0xff,
    0xff, 0xff, 0xff, 0xff, 0xff, 0xff, 0xff, 0xff, 0xff, 0xff, 0xff, 0xff,
    0xff, 0xff, 0xff, 0xff, 0xff, 0xff, 0xff, 0xff, 0xff, 0xff, 0xff, 0xff,
    0xff, 0xff, 0xff, 0xff, 0xff, 0xff, 0xff, 0xff, 0xff, 0xff, 0xff, 0xff,
    0xff, 0xff, 0xff, 0xff, 0xff, 0xff, 0xff, 0xff, 0xff, 0xff, 0xff, 0xff,
    0xff, 0xff, 0xff, 0xff, 0xff, 0xff, 0xff, 0xff, 0xff, 0xff, 0xff, 0xff,
    0xff, 0xff, 0xff, 0xff, 0xff, 0xff, 0xff, 0xff, 0xff, 0xff, 0xff, 0xff,
    0xff, 0xff, 0xff, 0xff, 0xff, 0xff, 0xff, 0xff, 0xff, 0xff, 0xff, 0xff,
    0xff, 0xff, 0xff, 0xff, 0xff, 0xff, 0xff, 0xff, 0xff, 0xff, 0xff, 0xff,
    0xff, 0xff, 0xff, 0xff, 0xff, 0xff, 0xff, 0xff, 0xff, 0xff, 0xff, 0xff,
    0xff, 0xff, 0xff, 0xff, 0xff, 0xff, 0xff, 0xff, 0xff, 0xff, 0xff, 0xff,
    0xff, 0xff, 0xff, 0xff, 0xff, 0xff, 0xff, 0xff, 0xff, 0xff, 0xff, 0xff,
    0xff, 0xff, 0xff, 0xff, 0xff, 0xff, 0xff, 0xff, 0xff, 0xff, 0xff, 0xff,
    0xff, 0xff, 0xff, 0xff, 0xff, 0xff, 0xff, 0xff, 0xff, 0xff, 0xff, 0xff,
    0xff, 0xff, 0xff, 0xff, 0xff, 0xff, 0xff, 0xff, 0xff, 0xff, 0xff, 0xff,
    0xff, 0xff, 0xff, 0xff, 0xff, 0xff, 0xff, 0xff, 0xff, 0xff, 0xff, 0xff,
    0xff, 0xff, 0xff, 0xff, 0xff, 0xff, 0xff, 0xff, 0xff, 0xff, 0xff, 0xff,
    0xff, 0xff, 0xff, 0xff, 0xff, 0xff, 0xff, 0xff, 0xff, 0xff, 0xff, 0xff,
    0xff, 0xff, 0xff, 0xff, 0xff, 0xff, 0xff, 0xff, 0xff, 0xff, 0xff, 0xff,
    0xff, 0xff, 0xff, 0xff, 0xff, 0xff, 0xff, 0xff, 0xff, 0xff, 0xff, 0xff,
    0xff, 0xff, 0xff, 0xff, 0xff, 0xff, 0xff, 0xff, 0xff, 0xff, 0xff, 0xff,
    0xff, 0xff, 0xff, 0xff, 0xff, 0xff, 0xff, 0xff, 0xff, 0xff, 0xff, 0xff,
    0xff, 0xff, 0xff, 0xff, 0xff, 0xff, 0xff, 0xff, 0xff, 0xff, 0xff, 0xff,
    0xff, 0xff, 0xff, 0xff, 0xff, 0xff, 0xff, 0xff, 0xff, 0xff, 0xff, 0xff,
    0xff, 0xff, 0xff, 0xff, 0xff, 0xff, 0xff, 0xff, 0xff, 0xff, 0xff, 0xff,
    0xff, 0xff, 0xff, 0xff, 0xff, 0xff, 0xff, 0xff, 0xff, 0xff, 0xff, 0xff,
    0xff, 0xff, 0xff, 0xff, 0xff, 0xff, 0xff, 0xff, 0xff, 0xff, 0xff, 0xff,
    0xff, 0xff, 0xff, 0xff, 0xff, 0xff, 0xff, 0xff, 0xff, 0xff, 0xff, 0xff,
    0xff, 0xff, 0xff, 0xff, 0xff, 0xff, 0xff, 0xff, 0xff, 0xff, 0xff, 0xff,
    0xff, 0xff, 0xff, 0xff, 0xff, 0xff, 0xff, 0xff, 0xff, 0xff, 0xff, 0xff,
    0xff, 0xff, 0xff, 0xff, 0xff, 0xff, 0xff, 0xff, 0xff, 0xff, 0xff, 0xff,
    0xff, 0xff, 0xff, 0xff, 0xff, 0xff, 0xff, 0xff, 0xff, 0xff, 0xff, 0xff,
    0xff, 0xff, 0xff, 0xff, 0xff, 0xff, 0xff, 0xff, 0xff, 0xff, 0xff, 0xff,
    0xff, 0xff, 0xff, 0xff, 0xff, 0xff, 0xff, 0xff, 0xff, 0xff, 0xff, 0xff,
    0xff, 0xff, 0xff, 0xff, 0xff, 0xff, 0xff, 0xff, 0xff, 0xff, 0xff, 0xff,
    0xff, 0xff, 0xff, 0xff, 0xff, 0xff, 0xff, 0xff, 0xff, 0xff, 0xff, 0xff,
    0xff, 0xff, 0xff, 0xff, 0xff, 0xff, 0xff, 0xff, 0xff, 0xff, 0xff, 0xff,
    0xff, 0xff, 0xff, 0xff, 0xff, 0xff, 0xff, 0xff, 0xff, 0xff, 0xff, 0xff,
    0xff, 0xff, 0xff, 0xff, 0xff, 0xff, 0xff, 0xff, 0xff, 0xff, 0xff, 0xff,
    0xff, 0xff, 0xff, 0xff, 0xff, 0xff, 0xff, 0xff, 0xff, 0xff, 0xff, 0xff,
    0xff, 0xff, 0xff, 0xff, 0xff, 0xff, 0xff, 0xff, 0xff, 0xff, 0xff, 0xff,
    0xff, 0xff, 0xff, 0xff, 0xff, 0xff, 0xff, 0xff, 0xff, 0xff, 0xff, 0xff,
    0xff, 0xff, 0xff, 0xff, 0xff, 0xff, 0xff, 0xff, 0xff, 0xff, 0xff, 0xff,
    0xff, 0xff, 0xff, 0xff, 0xff, 0xff, 0xff, 0xff, 0xff, 0xff, 0xff, 0xff,
    0xff, 0xff, 0xff, 0xff, 0xff, 0xff, 0xff, 0xff, 0xff, 0xff, 0xff, 0xff,
    0xff, 0xff, 0xff, 0xff, 0xff, 0xff, 0xff, 0xff, 0xff, 0xff, 0xff, 0xff,
    0xff, 0xff, 0xff, 0xff, 0xff, 0xff, 0xff, 0xff, 0xff, 0xff, 0xff, 0xff,
    0xff, 0xff, 0xff, 0xff, 0xff, 0xff, 0xff, 0xff, 0xff, 0xff, 0xff, 0xff,
    0xff, 0xff, 0xff, 0xff, 0xff, 0xff, 0xff, 0xff, 0xff, 0xff, 0xff, 0xff,
    0xff, 0xff, 0xff, 0xff, 0xff, 0xff, 0xff, 0xff, 0xff, 0xff, 0xff, 0xff,
    0xff, 0xff, 0xff, 0xff, 0xff, 0xff, 0xff, 0xff, 0xff, 0xff, 0xff, 0xff,
    0xff, 0xff, 0xff, 0xff, 0xff, 0xff, 0xff, 0xff, 0xff, 0xff, 0xff, 0xff,
    0xff, 0xff, 0xff, 0xff, 0xff, 0xff, 0xff, 0xff, 0xff, 0xff, 0xff, 0xff,
    0xff, 0xff, 0xff, 0xff, 0xff, 0xff, 0xff, 0xff, 0xff, 0xff, 0xff, 0xff,
    0xff, 0xff, 0xff, 0xff, 0xff, 0xff, 0xff, 0xff, 0xff, 0xff, 0xff, 0xff,
    0xff, 0xff, 0xff, 0xff, 0xff, 0xff, 0xff, 0xff, 0xff, 0xff, 0xff, 0xff,
    0xff, 0xff, 0xff, 0xff, 0xff, 0xff, 0xff, 0xff, 0xff, 0xff, 0xff, 0xff,
    0xff, 0xff, 0xff, 0xff, 0xff, 0xff, 0xff, 0xff, 0xff, 0xff, 0xff, 0xff,
    0xff, 0xff, 0xff, 0xff, 0xff, 0xff, 0xff, 0xff, 0xff, 0xff, 0xff, 0xff,
    0xff, 0xff, 0xff, 0xff, 0xff, 0xff, 0xff, 0xff, 0xff, 0xff, 0xff, 0xff,
    0xff, 0xff, 0xff, 0xff, 0xff, 0xff, 0xff, 0xff, 0xff, 0xff, 0xff, 0xff,
    0xff, 0xff, 0xff, 0xff, 0xff, 0xff, 0xff, 0xff, 0xff, 0xff, 0xff, 0xff,
    0xff, 0xff, 0xff, 0xff, 0xff, 0xff, 0xff, 0xff, 0xff, 0xff, 0xff, 0xff,
    0xff, 0xff, 0xff, 0xff, 0xff, 0xff, 0xff, 0xff, 0xff, 0xff, 0xff, 0xff,
    0xff, 0xff, 0xff, 0xff, 0xff, 0xff, 0xff, 0xff, 0xff, 0xff, 0xff, 0xff,
    0xff, 0xff, 0xff, 0xff, 0xff, 0xff, 0xff, 0xff, 0xff, 0xff, 0xff, 0xff,
    0xff, 0xff, 0xff, 0xff, 0xff, 0xff, 0xff, 0xff, 0xff, 0xff, 0xff, 0xff,
    0xff, 0xff, 0xff, 0xff, 0xff, 0xff, 0xff, 0xff, 0xff, 0xff, 0xff, 0xff,
    0xff, 0xff, 0xff, 0xff, 0xff, 0xff, 0xff, 0xff, 0xff, 0xff, 0xff, 0xff,
    0xff, 0xff, 0xff, 0xff, 0xff, 0xff, 0xff, 0xff, 0xff, 0xff, 0xff, 0xff,
    0xff, 0xff, 0xff, 0xff, 0xff, 0xff, 0xff, 0xff, 0xff, 0xff, 0xff, 0xff,
    0xff, 0xff, 0xff, 0xff, 0xff, 0xff, 0xff, 0xff, 0xff, 0xff, 0xff, 0xff,
    0xff, 0xff, 0xff, 0xff, 0xff, 0xff, 0xff, 0xff, 0xff, 0xff, 0xff, 0xff,
    0xff, 0xff, 0xff, 0xff, 0xff, 0xff, 0xff, 0xff, 0xff, 0xff, 0xff, 0xff,
    0xff, 0xff, 0xff, 0xff, 0xff, 0xff, 0xff, 0xff, 0xff, 0xff, 0xff, 0xff,
    0xff, 0xff, 0xff, 0xff, 0xff, 0xff, 0xff, 0xff, 0xff, 0xff, 0xff, 0xff,
    0xff, 0xff, 0xff, 0xff, 0xff, 0xff, 0xff, 0xff, 0xff, 0xff, 0xff, 0xff,
    0xff, 0xff, 0xff, 0xff, 0xff, 0xff, 0xff, 0xff, 0xff, 0xff, 0xff, 0xff,
    0xff, 0xff, 0xff, 0xff, 0xff, 0xff, 0xff, 0xff, 0xff, 0xff, 0xff, 0xff,
    0xff, 0xff, 0xff, 0xff, 0xff, 0xff, 0xff, 0xff, 0xff, 0xff, 0xff, 0xff,
    0xff, 0xff, 0xff, 0xff, 0xff, 0xff, 0xff, 0xff, 0xff, 0xff, 0xff, 0xff,
    0xff, 0xff, 0xff, 0xff, 0xff, 0xff, 0xff, 0xff, 0xff, 0xff, 0xff, 0xff,
    0xff, 0xff, 0xff, 0xff, 0xff, 0xff, 0xff, 0xff, 0xff, 0xff, 0xff, 0xff,
    0xff, 0xff, 0xff, 0xff, 0xff, 0xff, 0xff, 0xff, 0xff, 0xff, 0xff, 0xff,
    0xff, 0xff, 0xff, 0xff, 0xff, 0xff, 0xff, 0xff, 0xff, 0xff, 0xff, 0xff,
    0xff, 0xff, 0xff, 0xff, 0xff, 0xff, 0xff, 0xff, 0xff, 0xff, 0xff, 0xff,
    0xff, 0xff, 0xff, 0xff, 0xff, 0xff, 0xff, 0xff, 0xff, 0xff, 0xff, 0xff,
    0xff, 0xff, 0xff, 0xff, 0xff, 0xff, 0xff, 0xff, 0xff, 0xff, 0xff, 0xff,
    0xff, 0xff, 0xff, 0xff, 0xff, 0xff, 0xff, 0xff, 0xff, 0xff, 0xff, 0xff,
    0xff, 0xff, 0xff, 0xff, 0xff, 0xff, 0xff, 0xff, 0xff, 0xff, 0xff, 0xff,
    0xff, 0xff, 0xff, 0xff, 0xff, 0xff, 0xff, 0xff, 0xff, 0xff, 0xff, 0xff,
    0xff, 0xff, 0xff, 0xff, 0xff, 0xff, 0xff, 0xff, 0xff, 0xff, 0xff, 0xff,
    0xff, 0xff, 0xff, 0xff, 0xff, 0xff, 0xff, 0xff, 0xff, 0xff, 0xff, 0xff,
    0xff, 0xff, 0xff, 0xff, 0xff, 0xff, 0xff, 0xff, 0xff, 0xff, 0xff, 0xff,
    0xff, 0xff, 0xff, 0xff, 0xff, 0xff, 0xff, 0xff, 0xff, 0xff, 0xff, 0xff,
    0xff, 0xff, 0xff, 0xff, 0xff, 0xff, 0xff, 0xff, 0xff, 0xff, 0xff, 0xff,
    0xff, 0xff, 0xff, 0xff, 0xff, 0xff, 0xff, 0xff, 0xff, 0xff, 0xff, 0xff,
    0xff, 0xff, 0xff, 0xff, 0xff, 0xff, 0xff, 0xff, 0xff, 0xff, 0xff, 0xff,
    0xff, 0xff, 0xff, 0xff, 0xff, 0xff, 0xff, 0xff, 0xff, 0xff, 0xff, 0xff
};
