// 4.26.1 0xc8325e90 D2 R0 FRGB565 U565 N0 SExtFlashSection
// Generated by imageconverter. Please, do not edit!

#include <touchgfx/hal/Config.hpp>

LOCATION_PRAGMA("ExtFlashSection")
KEEP extern const unsigned char image_sport_bg[] LOCATION_ATTRIBUTE("ExtFlashSection") = { // 240x280 RGB565 pixels.
    0xff, 0xff, 0xff, 0xff, 0xff, 0xff, 0xff, 0xff, 0xff, 0xff, 0xff, 0xff,
    0xff, 0xff, 0xff, 0xff, 0xff, 0xff, 0xff, 0xff, 0xff, 0xff, 0xff, 0xff,
    0xff, 0xff, 0xff, 0xff, 0xff, 0xff, 0xff, 0xff, 0xff, 0xff, 0xff, 0xff,
    0xff, 0xff, 0xff, 0xff, 0xff, 0xff, 0xff, 0xff, 0xff, 0xff, 0xff, 0xff,
    0xff, 0xff, 0xff, 0xff, 0xff, 0xff, 0xff, 0xff, 0xff, 0xff, 0xff, 0xff,
    0xff, 0xff, 0xff, 0xff, 0xff, 0xff, 0xff, 0xff, 0xff, 0xff, 0xff, 0xff,
    0xff, 0xff, 0xff, 0xff, 0xff, 0xff, 0xff, 0xff, 0xff, 0xff, 0xff, 0xff,
    0xff, 0xff, 0xff, 0xff, 0xff, 0xff, 0xff, 0xff, 0xff, 0xff, 0xff, 0xff,
    0xff, 0xff, 0xff, 0xff, 0xff, 0xff, 0xff, 0xff, 0xff, 0xff, 0xff, 0xff,
    0xff, 0xff, 0xff, 0xff, 0xff, 0xff, 0xff, 0xff, 0xff, 0xff, 0xff, 0xff,
    0xff, 0xff, 0xff, 0xff, 0xff, 0xff, 0xff, 0xff, 0xff, 0xff, 0xff, 0xff,
    0xff, 0xff, 0xff, 0xff, 0xff, 0xff, 0xff, 0xff, 0xff, 0xff, 0xff, 0xff,
    0xff, 0xff, 0xff, 0xff, 0xff, 0xff, 0xff, 0xff, 0xff, 0xff, 0xff, 0xff,
    0xff, 0xff, 0xff, 0xff, 0xff, 0xff, 0xff, 0xff, 0xff, 0xff, 0xff, 0xff,
    0xff, 0xff, 0xff, 0xff, 0xff, 0xff, 0xff, 0xff, 0xff, 0xff, 0xff, 0xff,
    0xff, 0xff, 0xff, 0xff, 0xff, 0xff, 0xff, 0xff, 0xff, 0xff, 0xff, 0xff,
    0xff, 0xff, 0xff, 0xff, 0xff, 0xff, 0xff, 0xff, 0xff, 0xff, 0xff, 0xff,
    0xff, 0xff, 0xff, 0xff, 0xff, 0xff, 0xff, 0xff, 0xff, 0xff, 0xff, 0xff,
    0xff, 0xff, 0xff, 0xff, 0xff, 0xff, 0xff, 0xff, 0xff, 0xff, 0xff, 0xff,
    0xff, 0xff, 0xff, 0xff, 0xff, 0xff, 0xff, 0xff, 0xff, 0xff, 0xff, 0xff,
    0xff, 0xff, 0xff, 0xff, 0xff, 0xff, 0xff, 0xff, 0xff, 0xff, 0xff, 0xff,
    0xff, 0xff, 0xff, 0xff, 0xff, 0xff, 0xff, 0xff, 0xff, 0xff, 0xff, 0xff,
    0xff, 0xff, 0xff, 0xff, 0xff, 0xff, 0xff, 0xff, 0xff, 0xff, 0xff, 0xff,
    0xff, 0xff, 0xff, 0xff, 0xff, 0xff, 0xff, 0xff, 0xff, 0xff, 0xff, 0xff,
    0xff, 0xff, 0xff, 0xff, 0xff, 0xff, 0xff, 0xff, 0xff, 0xff, 0xff, 0xff,
    0xff, 0xff, 0xff, 0xff, 0xff, 0xff, 0xff, 0xff, 0xff, 0xff, 0xff, 0xff,
    0xff, 0xff, 0xff, 0xff, 0xff, 0xff, 0xff, 0xff, 0xff, 0xff, 0xff, 0xff,
    0xff, 0xff, 0xff, 0xff, 0xff, 0xff, 0xff, 0xff, 0xff, 0xff, 0xff, 0xff,
    0xff, 0xff, 0xff, 0xff, 0xff, 0xff, 0xff, 0xff, 0xff, 0xff, 0xff, 0xff,
    0xff, 0xff, 0xff, 0xff, 0xff, 0xff, 0xff, 0xff, 0xff, 0xff, 0xff, 0xff,
    0xff, 0xff, 0xff, 0xff, 0xff, 0xff, 0xff, 0xff, 0xff, 0xff, 0xff, 0xff,
    0xff, 0xff, 0xff, 0xff, 0xff, 0xff, 0xff, 0xff, 0xff, 0xff, 0xff, 0xff,
    0xff, 0xff, 0xff, 0xff, 0xff, 0xff, 0xff, 0xff, 0xff, 0xff, 0xff, 0xff,
    0xff, 0xff, 0xff, 0xff, 0xff, 0xff, 0xff, 0xff, 0xff, 0xff, 0xff, 0xff,
    0xff, 0xff, 0xff, 0xff, 0xff, 0xff, 0xff, 0xff, 0xff, 0xff, 0xff, 0xff,
    0xff, 0xff, 0xff, 0xff, 0xff, 0xff, 0xff, 0xff, 0xff, 0xff, 0xff, 0xff,
    0xff, 0xff, 0xff, 0xff, 0xff, 0xff, 0xff, 0xff, 0xff, 0xff, 0xff, 0xff,
    0xff, 0xff, 0xff, 0xff, 0xff, 0xff, 0xff, 0xff, 0xff, 0xff, 0xff, 0xff,
    0xff, 0xff, 0xff, 0xff, 0xff, 0xff, 0xff, 0xff, 0xff, 0xff, 0xff, 0xff,
    0xff, 0xff, 0xff, 0xff, 0xff, 0xff, 0xff, 0xff, 0xff, 0xff, 0xff, 0xff,
    0xff, 0xff, 0xff, 0xff, 0xff, 0xff, 0xff, 0xff, 0xff, 0xff, 0xff, 0xff,
    0xff, 0xff, 0xff, 0xff, 0xff, 0xff, 0xff, 0xff, 0xff, 0xff, 0xff, 0xff,
    0xff, 0xff, 0xff, 0xff, 0xff, 0xff, 0xff, 0xff, 0xff, 0xff, 0xff, 0xff,
    0xff, 0xff, 0xff, 0xff, 0xff, 0xff, 0xff, 0xff, 0xff, 0xff, 0xff, 0xff,
    0xff, 0xff, 0xff, 0xff, 0xff, 0xff, 0xff, 0xff, 0xff, 0xff, 0xff, 0xff,
    0xff, 0xff, 0xff, 0xff, 0xff, 0xff, 0xff, 0xff, 0xff, 0xff, 0xff, 0xff,
    0xff, 0xff, 0xff, 0xff, 0xff, 0xff, 0xff, 0xff, 0xff, 0xff, 0xff, 0xff,
    0xff, 0xff, 0xff, 0xff, 0xff, 0xff, 0xff, 0xff, 0xff, 0xff, 0xff, 0xff,
    0xff, 0xff, 0xff, 0xff, 0xff, 0xff, 0xff, 0xff, 0xff, 0xff, 0xff, 0xff,
    0xff, 0xff, 0xff, 0xff, 0xff, 0xff, 0xff, 0xff, 0xff, 0xff, 0xff, 0xff,
    0xff, 0xff, 0xff, 0xff, 0xff, 0xff, 0xff, 0xff, 0xff, 0xff, 0xff, 0xff,
    0xff, 0xff, 0xff, 0xff, 0xff, 0xff, 0xff, 0xff, 0xff, 0xff, 0xff, 0xff,
    0xff, 0xff, 0xff, 0xff, 0xff, 0xff, 0xff, 0xff, 0xff, 0xff, 0xff, 0xff,
    0xff, 0xff, 0xff, 0xff, 0xff, 0xff, 0xff, 0xff, 0xff, 0xff, 0xff, 0xff,
    0xff, 0xff, 0xff, 0xff, 0xff, 0xff, 0xff, 0xff, 0xff, 0xff, 0xff, 0xff,
    0xff, 0xff, 0xff, 0xff, 0xff, 0xff, 0xff, 0xff, 0xff, 0xff, 0xff, 0xff,
    0xff, 0xff, 0xff, 0xff, 0xff, 0xff, 0xff, 0xff, 0xff, 0xff, 0xff, 0xff,
    0xff, 0xff, 0xff, 0xff, 0xff, 0xff, 0xff, 0xff, 0xff, 0xff, 0xff, 0xff,
    0xff, 0xff, 0xff, 0xff, 0xff, 0xff, 0xff, 0xff, 0xff, 0xff, 0xff, 0xff,
    0xff, 0xff, 0xff, 0xff, 0xff, 0xff, 0xff, 0xff, 0xff, 0xff, 0xff, 0xff,
    0xff, 0xff, 0xff, 0xff, 0xff, 0xff, 0xff, 0xff, 0xff, 0xff, 0xff, 0xff,
    0xff, 0xff, 0xff, 0xff, 0xff, 0xff, 0xff, 0xff, 0xff, 0xff, 0xff, 0xff,
    0xff, 0xff, 0xff, 0xff, 0xff, 0xff, 0xff, 0xff, 0xff, 0xff, 0xff, 0xff,
    0xff, 0xff, 0xff, 0xff, 0xff, 0xff, 0xff, 0xff, 0xff, 0xff, 0xff, 0xff,
    0xff, 0xff, 0xff, 0xff, 0xff, 0xff, 0xff, 0xff, 0xff, 0xff, 0xff, 0xff,
    0xff, 0xff, 0xff, 0xff, 0xff, 0xff, 0xff, 0xff, 0xff, 0xff, 0xff, 0xff,
    0xff, 0xff, 0xff, 0xff, 0xff, 0xff, 0xff, 0xff, 0xff, 0xff, 0xff, 0xff,
    0xff, 0xff, 0xff, 0xff, 0xff, 0xff, 0xff, 0xff, 0xff, 0xff, 0xff, 0xff,
    0xff, 0xff, 0xff, 0xff, 0xff, 0xff, 0xff, 0xff, 0xff, 0xff, 0xff, 0xff,
    0xff, 0xff, 0xff, 0xff, 0xff, 0xff, 0xff, 0xff, 0xff, 0xff, 0xff, 0xff,
    0xff, 0xff, 0xff, 0xff, 0xff, 0xff, 0xff, 0xff, 0xff, 0xff, 0xff, 0xff,
    0xff, 0xff, 0xff, 0xff, 0xff, 0xff, 0xff, 0xff, 0xff, 0xff, 0xff, 0xff,
    0xff, 0xff, 0xff, 0xff, 0xff, 0xff, 0xff, 0xff, 0xff, 0xff, 0xff, 0xff,
    0xff, 0xff, 0xff, 0xff, 0xff, 0xff, 0xff, 0xff, 0xff, 0xff, 0xff, 0xff,
    0xff, 0xff, 0xff, 0xff, 0xff, 0xff, 0xff, 0xff, 0xff, 0xff, 0xff, 0xff,
    0xff, 0xff, 0xff, 0xff, 0xff, 0xff, 0xff, 0xff, 0xff, 0xff, 0xff, 0xff,
    0xff, 0xff, 0xff, 0xff, 0xff, 0xff, 0xff, 0xff, 0xff, 0xff, 0xff, 0xff,
    0xff, 0xff, 0xff, 0xff, 0xff, 0xff, 0xff, 0xff, 0xff, 0xff, 0xff, 0xff,
    0xff, 0xff, 0xff, 0xff, 0xff, 0xff, 0xff, 0xff, 0xff, 0xff, 0xff, 0xff,
    0xff, 0xff, 0xff, 0xff, 0xff, 0xff, 0xff, 0xff, 0xff, 0xff, 0xff, 0xff,
    0xff, 0xff, 0xff, 0xff, 0xff, 0xff, 0xff, 0xff, 0xff, 0xff, 0xff, 0xff,
    0xff, 0xff, 0xff, 0xff, 0xff, 0xff, 0xff, 0xff, 0xff, 0xff, 0xff, 0xff,
    0xff, 0xff, 0xff, 0xff, 0xff, 0xff, 0xff, 0xff, 0xff, 0xff, 0xff, 0xff,
    0xff, 0xff, 0xff, 0xff, 0xff, 0xff, 0xff, 0xff, 0xff, 0xff, 0xff, 0xff,
    0xff, 0xff, 0xff, 0xff, 0xff, 0xff, 0xff, 0xff, 0xff, 0xff, 0xff, 0xff,
    0xff, 0xff, 0xff, 0xff, 0xff, 0xff, 0xff, 0xff, 0xff, 0xff, 0xff, 0xff,
    0xff, 0xff, 0xff, 0xff, 0xff, 0xff, 0xff, 0xff, 0xff, 0xff, 0xff, 0xff,
    0xff, 0xff, 0xff, 0xff, 0xff, 0xff, 0xff, 0xff, 0xff, 0xff, 0xff, 0xff,
    0xff, 0xff, 0xff, 0xff, 0xff, 0xff, 0xff, 0xff, 0xff, 0xff, 0xff, 0xff,
    0xff, 0xff, 0xff, 0xff, 0xff, 0xff, 0xff, 0xff, 0xff, 0xff, 0xff, 0xff,
    0xff, 0xff, 0xff, 0xff, 0xff, 0xff, 0xff, 0xff, 0xff, 0xff, 0xff, 0xff,
    0xff, 0xff, 0xff, 0xff, 0xff, 0xff, 0xff, 0xff, 0xff, 0xff, 0xff, 0xff,
    0xff, 0xff, 0xff, 0xff, 0xff, 0xff, 0xff, 0xff, 0xff, 0xff, 0xff, 0xff,
    0xff, 0xff, 0xff, 0xff, 0xff, 0xff, 0xff, 0xff, 0xff, 0xff, 0xff, 0xff,
    0xff, 0xff, 0xff, 0xff, 0xff, 0xff, 0xff, 0xff, 0xff, 0xff, 0xff, 0xff,
    0xff, 0xff, 0xff, 0xff, 0xff, 0xff, 0xff, 0xff, 0xff, 0xff, 0xff, 0xff,
    0xff, 0xff, 0xff, 0xff, 0xff, 0xff, 0xff, 0xff, 0xff, 0xff, 0xff, 0xff,
    0xff, 0xff, 0xff, 0xff, 0xff, 0xff, 0xff, 0xff, 0xff, 0xff, 0xff, 0xff,
    0xff, 0xff, 0xff, 0xff, 0xff, 0xff, 0xff, 0xff, 0xff, 0xff, 0xff, 0xff,
    0xff, 0xff, 0xff, 0xff, 0xff, 0xff, 0xff, 0xff, 0xff, 0xff, 0xff, 0xff,
    0xff, 0xff, 0xff, 0xff, 0xff, 0xff, 0xff, 0xff, 0xff, 0xff, 0xff, 0xff,
    0xff, 0xff, 0xff, 0xff, 0xff, 0xff, 0xff, 0xff, 0xff, 0xff, 0xff, 0xff,
    0xff, 0xff, 0xff, 0xff, 0xff, 0xff, 0xff, 0xff, 0xff, 0xff, 0xff, 0xff,
    0xff, 0xff, 0xff, 0xff, 0xff, 0xff, 0xff, 0xff, 0xff, 0xff, 0xff, 0xff,
    0xff, 0xff, 0xff, 0xff, 0xff, 0xff, 0xff, 0xff, 0xff, 0xff, 0xff, 0xff,
    0xff, 0xff, 0xff, 0xff, 0xff, 0xff, 0xff, 0xff, 0xff, 0xff, 0xff, 0xff,
    0xff, 0xff, 0xff, 0xff, 0xff, 0xff, 0xff, 0xff, 0xff, 0xff, 0xff, 0xff,
    0xff, 0xff, 0xff, 0xff, 0xff, 0xff, 0xff, 0xff, 0xff, 0xff, 0xff, 0xff,
    0xff, 0xff, 0xff, 0xff, 0xff, 0xff, 0xff, 0xff, 0xff, 0xff, 0xff, 0xff,
    0xff, 0xff, 0xff, 0xff, 0xff, 0xff, 0xff, 0xff, 0xff, 0xff, 0xff, 0xff,
    0xff, 0xff, 0xff, 0xff, 0xff, 0xff, 0xff, 0xff, 0xff, 0xff, 0xff, 0xff,
    0xff, 0xff, 0xff, 0xff, 0xff, 0xff, 0xff, 0xff, 0xff, 0xff, 0xff, 0xff,
    0xff, 0xff, 0xff, 0xff, 0xff, 0xff, 0xff, 0xff, 0xff, 0xff, 0xff, 0xff,
    0xff, 0xff, 0xff, 0xff, 0xff, 0xff, 0xff, 0xff, 0xff, 0xff, 0xff, 0xff,
    0xff, 0xff, 0xff, 0xff, 0xff, 0xff, 0xff, 0xff, 0xff, 0xff, 0xff, 0xff,
    0xff, 0xff, 0xff, 0xff, 0xff, 0xff, 0xff, 0xff, 0xff, 0xff, 0xff, 0xff,
    0xff, 0xff, 0xff, 0xff, 0xff, 0xff, 0xff, 0xff, 0xff, 0xff, 0xff, 0xff,
    0xff, 0xff, 0xff, 0xff, 0xff, 0xff, 0xff, 0xff, 0xff, 0xff, 0xff, 0xff,
    0xff, 0xff, 0xff, 0xff, 0xff, 0xff, 0xff, 0xff, 0xff, 0xff, 0xff, 0xff,
    0xff, 0xff, 0xff, 0xff, 0xff, 0xff, 0xff, 0xff, 0xff, 0xff, 0xff, 0xff,
    0xff, 0xff, 0xff, 0xff, 0xff, 0xff, 0xff, 0xff, 0xff, 0xff, 0xff, 0xff,
    0xff, 0xff, 0xff, 0xff, 0xff, 0xff, 0xff, 0xff, 0xff, 0xff, 0xff, 0xff,
    0xff, 0xff, 0xff, 0xff, 0xff, 0xff, 0xff, 0xff, 0xff, 0xff, 0xff, 0xff,
    0xff, 0xff, 0xff, 0xff, 0xff, 0xff, 0xff, 0xff, 0xff, 0xff, 0xff, 0xff,
    0xff, 0xff, 0xff, 0xff, 0xff, 0xff, 0xff, 0xff, 0xff, 0xff, 0xff, 0xff,
    0xff, 0xff, 0xff, 0xff, 0xff, 0xff, 0xff, 0xff, 0xff, 0xff, 0xff, 0xff,
    0xff, 0xff, 0xff, 0xff, 0xff, 0xff, 0xff, 0xff, 0xff, 0xff, 0xff, 0xff,
    0xff, 0xff, 0xff, 0xff, 0xff, 0xff, 0xff, 0xff, 0xff, 0xff, 0xff, 0xff,
    0xff, 0xff, 0xff, 0xff, 0xff, 0xff, 0xff, 0xff, 0xff, 0xff, 0xff, 0xff,
    0xff, 0xff, 0xff, 0xff, 0xff, 0xff, 0xff, 0xff, 0xff, 0xff, 0xff, 0xff,
    0xff, 0xff, 0xff, 0xff, 0xff, 0xff, 0xff, 0xff, 0xff, 0xff, 0xff, 0xff,
    0xff, 0xff, 0xff, 0xff, 0xff, 0xff, 0xff, 0xff, 0xff, 0xff, 0xff, 0xff,
    0xff, 0xff, 0xff, 0xff, 0xff, 0xff, 0xff, 0xff, 0xff, 0xff, 0xff, 0xff,
    0xff, 0xff, 0xff, 0xff, 0xff, 0xff, 0xff, 0xff, 0xff, 0xff, 0xff, 0xff,
    0xff, 0xff, 0xff, 0xff, 0xff, 0xff, 0xff, 0xff, 0xff, 0xff, 0xff, 0xff,
    0xff, 0xff, 0xff, 0xff, 0xff, 0xff, 0xff, 0xff, 0xff, 0xff, 0xff, 0xff,
    0xff, 0xff, 0xff, 0xff, 0xff, 0xff, 0xff, 0xff, 0xff, 0xff, 0xff, 0xff,
    0xff, 0xff, 0xff, 0xff, 0xff, 0xff, 0xff, 0xff, 0xff, 0xff, 0xff, 0xff,
    0xff, 0xff, 0xff, 0xff, 0xff, 0xff, 0xff, 0xff, 0xff, 0xff, 0xff, 0xff,
    0xff, 0xff, 0xff, 0xff, 0xff, 0xff, 0xff, 0xff, 0xff, 0xff, 0xff, 0xff,
    0xff, 0xff, 0xff, 0xff, 0xff, 0xff, 0xff, 0xff, 0xff, 0xff, 0xff, 0xff,
    0xff, 0xff, 0xff, 0xff, 0xff, 0xff, 0xff, 0xff, 0xff, 0xff, 0xff, 0xff,
    0xff, 0xff, 0xff, 0xff, 0xff, 0xff, 0xff, 0xff, 0xff, 0xff, 0xff, 0xff,
    0xff, 0xff, 0xff, 0xff, 0xff, 0xff, 0xff, 0xff, 0xff, 0xff, 0xff, 0xff,
    0xff, 0xff, 0xff, 0xff, 0xff, 0xff, 0xff, 0xff, 0xff, 0xff, 0xff, 0xff,
    0xff, 0xff, 0xff, 0xff, 0xff, 0xff, 0xff, 0xff, 0xff, 0xff, 0xff, 0xff,
    0xff, 0xff, 0xff, 0xff, 0xff, 0xff, 0xff, 0xff, 0xff, 0xff, 0xff, 0xff,
    0xff, 0xff, 0xff, 0xff, 0xff, 0xff, 0xff, 0xff, 0xff, 0xff, 0xff, 0xff,
    0xff, 0xff, 0xff, 0xff, 0xff, 0xff, 0xff, 0xff, 0xff, 0xff, 0xff, 0xff,
    0xff, 0xff, 0xff, 0xff, 0xff, 0xff, 0xff, 0xff, 0xff, 0xff, 0xff, 0xff,
    0xff, 0xff, 0xff, 0xff, 0xff, 0xff, 0xff, 0xff, 0xff, 0xff, 0xff, 0xff,
    0xff, 0xff, 0xff, 0xff, 0xff, 0xff, 0xff, 0xff, 0xff, 0xff, 0xff, 0xff,
    0xff, 0xff, 0xff, 0xff, 0xff, 0xff, 0xff, 0xff, 0xff, 0xff, 0xff, 0xff,
    0xff, 0xff, 0xff, 0xff, 0xff, 0xff, 0xff, 0xff, 0xff, 0xff, 0xff, 0xff,
    0xff, 0xff, 0xff, 0xff, 0xff, 0xff, 0xff, 0xff, 0xff, 0xff, 0xff, 0xff,
    0xff, 0xff, 0xff, 0xff, 0xff, 0xff, 0xff, 0xff, 0xff, 0xff, 0xff, 0xff,
    0xff, 0xff, 0xff, 0xff, 0xff, 0xff, 0xff, 0xff, 0xff, 0xff, 0xff, 0xff,
    0xff, 0xff, 0xff, 0xff, 0xff, 0xff, 0xff, 0xff, 0xff, 0xff, 0xff, 0xff,
    0xff, 0xff, 0xff, 0xff, 0xff, 0xff, 0xff, 0xff, 0xff, 0xff, 0xff, 0xff,
    0xff, 0xff, 0xff, 0xff, 0xff, 0xff, 0xff, 0xff, 0xff, 0xff, 0xff, 0xff,
    0xff, 0xff, 0xff, 0xff, 0xff, 0xff, 0xff, 0xff, 0xff, 0xff, 0xff, 0xff,
    0xff, 0xff, 0xff, 0xff, 0xff, 0xff, 0xff, 0xff, 0xff, 0xff, 0xff, 0xff,
    0xff, 0xff, 0xff, 0xff, 0xff, 0xff, 0xff, 0xff, 0xff, 0xff, 0xff, 0xff,
    0xff, 0xff, 0xff, 0xff, 0xff, 0xff, 0xff, 0xff, 0xff, 0xff, 0xff, 0xff,
    0xff, 0xff, 0xff, 0xff, 0xff, 0xff, 0xff, 0xff, 0xff, 0xff, 0xff, 0xff,
    0xff, 0xff, 0xff, 0xff, 0xff, 0xff, 0xff, 0xff, 0xff, 0xff, 0xff, 0xff,
    0xff, 0xff, 0xff, 0xff, 0xff, 0xff, 0xff, 0xff, 0xff, 0xff, 0xff, 0xff,
    0xff, 0xff, 0xff, 0xff, 0xff, 0xff, 0xff, 0xff, 0xff, 0xff, 0xff, 0xff,
    0xff, 0xff, 0xff, 0xff, 0xff, 0xff, 0xff, 0xff, 0xff, 0xff, 0xff, 0xff,
    0xff, 0xff, 0xff, 0xff, 0xff, 0xff, 0xff, 0xff, 0xff, 0xff, 0xff, 0xff,
    0xff, 0xff, 0xff, 0xff, 0xff, 0xff, 0xff, 0xff, 0xff, 0xff, 0xff, 0xff,
    0xff, 0xff, 0xff, 0xff, 0xff, 0xff, 0xff, 0xff, 0xff, 0xff, 0xff, 0xff,
    0xff, 0xff, 0xff, 0xff, 0xff, 0xff, 0xff, 0xff, 0xff, 0xff, 0xff, 0xff,
    0xff, 0xff, 0xff, 0xff, 0xff, 0xff, 0xff, 0xff, 0xff, 0xff, 0xff, 0xff,
    0xff, 0xff, 0xff, 0xff, 0xff, 0xff, 0xff, 0xff, 0xff, 0xff, 0xff, 0xff,
    0xff, 0xff, 0xff, 0xff, 0xff, 0xff, 0xff, 0xff, 0xff, 0xff, 0xff, 0xff,
    0xff, 0xff, 0xff, 0xff, 0xff, 0xff, 0xff, 0xff, 0xff, 0xff, 0xff, 0xff,
    0xff, 0xff, 0xff, 0xff, 0xff, 0xff, 0xff, 0xff, 0xff, 0xff, 0xff, 0xff,
    0xff, 0xff, 0xff, 0xff, 0xff, 0xff, 0xff, 0xff, 0xff, 0xff, 0xff, 0xff,
    0xff, 0xff, 0xff, 0xff, 0xff, 0xff, 0xff, 0xff, 0xff, 0xff, 0xff, 0xff,
    0xff, 0xff, 0xff, 0xff, 0xff, 0xff, 0xff, 0xff, 0xff, 0xff, 0xff, 0xff,
    0xff, 0xff, 0xff, 0xff, 0xff, 0xff, 0xff, 0xff, 0xff, 0xff, 0xff, 0xff,
    0xff, 0xff, 0xff, 0xff, 0xff, 0xff, 0xff, 0xff, 0xff, 0xff, 0xff, 0xff,
    0xff, 0xff, 0xff, 0xff, 0xff, 0xff, 0xff, 0xff, 0xff, 0xff, 0xff, 0xff,
    0xff, 0xff, 0xff, 0xff, 0xff, 0xff, 0xff, 0xff, 0xff, 0xff, 0xff, 0xff,
    0xff, 0xff, 0xff, 0xff, 0xff, 0xff, 0xff, 0xff, 0xff, 0xff, 0xff, 0xff,
    0xff, 0xff, 0xff, 0xff, 0xff, 0xff, 0xff, 0xff, 0xff, 0xff, 0xff, 0xff,
    0xff, 0xff, 0xff, 0xff, 0xff, 0xff, 0xff, 0xff, 0xff, 0xff, 0xff, 0xff,
    0xff, 0xff, 0xff, 0xff, 0xff, 0xff, 0xff, 0xff, 0xff, 0xff, 0xff, 0xff,
    0xff, 0xff, 0xff, 0xff, 0xff, 0xff, 0xff, 0xff, 0xff, 0xff, 0xff, 0xff,
    0xff, 0xff, 0xff, 0xff, 0xff, 0xff, 0xff, 0xff, 0xff, 0xff, 0xff, 0xff,
    0xff, 0xff, 0xff, 0xff, 0xff, 0xff, 0xff, 0xff, 0xff, 0xff, 0xff, 0xff,
    0xff, 0xff, 0xff, 0xff, 0xff, 0xff, 0xff, 0xff, 0xff, 0xff, 0xff, 0xff,
    0xff, 0xff, 0xff, 0xff, 0xff, 0xff, 0xff, 0xff, 0xff, 0xff, 0xff, 0xff,
    0xff, 0xff, 0xff, 0xff, 0xff, 0xff, 0xff, 0xff, 0xff, 0xff, 0xff, 0xff,
    0xff, 0xff, 0xff, 0xff, 0xff, 0xff, 0xff, 0xff, 0xff, 0xff, 0xff, 0xff,
    0xff, 0xff, 0xff, 0xff, 0xff, 0xff, 0xff, 0xff, 0xff, 0xff, 0xff, 0xff,
    0xff, 0xff, 0xff, 0xff, 0xff, 0xff, 0xff, 0xff, 0xff, 0xff, 0xff, 0xff,
    0xff, 0xff, 0xff, 0xff, 0xff, 0xff, 0xff, 0xff, 0xff, 0xff, 0xff, 0xff,
    0xff, 0xff, 0xff, 0xff, 0xff, 0xff, 0xff, 0xff, 0xff, 0xff, 0xff, 0xff,
    0xff, 0xff, 0xff, 0xff, 0xff, 0xff, 0xff, 0xff, 0xff, 0xff, 0xff, 0xff,
    0xff, 0xff, 0xff, 0xff, 0xff, 0xff, 0xff, 0xff, 0xff, 0xff, 0xff, 0xff,
    0xff, 0xff, 0xff, 0xff, 0xff, 0xff, 0xff, 0xff, 0xff, 0xff, 0xff, 0xff,
    0xff, 0xff, 0xff, 0xff, 0xff, 0xff, 0xdf, 0xf7, 0x9f, 0xef, 0x7f, 0xdf,
    0x5f, 0xd7, 0x3f, 0xcf, 0x3f, 0xcf, 0x3f, 0xcf, 0x3f, 0xd7, 0x3f, 0xcf,
    0x3f, 0xcf, 0x3f, 0xcf, 0x3f, 0xcf, 0x3f, 0xd7, 0x3f, 0xcf, 0x3f, 0xd7,
    0x3f, 0xcf, 0x3f, 0xd7, 0x3f, 0xcf, 0x3f, 0xcf, 0x3f, 0xd7, 0x3f, 0xd7,
    0x3f, 0xcf, 0x3f, 0xd7, 0x3f, 0xd7, 0x3f, 0xcf, 0x3f, 0xd7, 0x3f, 0xd7,
    0x3f, 0xd7, 0x3f, 0xd7, 0x3f, 0xd7, 0x3f, 0xd7, 0x3f, 0xd7, 0x3f, 0xd7,
    0x3f, 0xd7, 0x5f, 0xd7, 0x3f, 0xd7, 0x3f, 0xd7, 0x3f, 0xd7, 0x3f, 0xd7,
    0x3f, 0xd7, 0x3f, 0xd7, 0x5f, 0xd7, 0x3f, 0xd7, 0x3f, 0xd7, 0x5f, 0xd7,
    0x3f, 0xd7, 0x3f, 0xd7, 0x5f, 0xd7, 0x3f, 0xd7, 0x3f, 0xd7, 0x5f, 0xd7,
    0x3f, 0xd7, 0x3f, 0xd7, 0x5f, 0xd7, 0x3f, 0xd7, 0x3f, 0xd7, 0x3f, 0xd7,
    0x3f, 0xd7, 0x5f, 0xd7, 0x3f, 0xd7, 0x3f, 0xd7, 0x5f, 0xd7, 0x3f, 0xd7,
    0x3f, 0xd7, 0x3f, 0xd7, 0x5f, 0xd7, 0x3f, 0xd7, 0x3f, 0xd7, 0x5f, 0xd7,
    0x3f, 0xd7, 0x5f, 0xd7, 0x5f, 0xd7, 0x5f, 0xd7, 0x5f, 0xd7, 0x5f, 0xd7,
    0x5f, 0xd7, 0x5f, 0xd7, 0x5f, 0xd7, 0x3f, 0xd7, 0x3f, 0xd7, 0x3f, 0xd7,
    0x5f, 0xd7, 0x5f, 0xd7, 0x3f, 0xd7, 0x3f, 0xd7, 0x3f, 0xcf, 0x3f, 0xd7,
    0x3f, 0xcf, 0x3f, 0xd7, 0x3f, 0xd7, 0x3f, 0xcf, 0x3f, 0xcf, 0x3f, 0xd7,
    0x3f, 0xcf, 0x3f, 0xcf, 0x3f, 0xcf, 0x3f, 0xcf, 0x3f, 0xcf, 0x3f, 0xd7,
    0x3f, 0xd7, 0x5f, 0xd7, 0x5f, 0xd7, 0x5f, 0xd7, 0x5f, 0xd7, 0x3f, 0xd7,
    0x3f, 0xd7, 0x3f, 0xd7, 0x3f, 0xd7, 0x5f, 0xd7, 0x5f, 0xd7, 0x5f, 0xd7,
    0x5f, 0xd7, 0x5f, 0xd7, 0x5f, 0xd7, 0x5f, 0xd7, 0x3f, 0xd7, 0x3f, 0xd7,
    0x3f, 0xd7, 0x5f, 0xd7, 0x3f, 0xd7, 0x3f, 0xd7, 0x5f, 0xd7, 0x3f, 0xd7,
    0x3f, 0xd7, 0x5f, 0xd7, 0x3f, 0xd7, 0x3f, 0xd7, 0x5f, 0xd7, 0x3f, 0xd7,
    0x3f, 0xd7, 0x5f, 0xd7, 0x3f, 0xd7, 0x3f, 0xd7, 0x5f, 0xd7, 0x3f, 0xd7,
    0x3f, 0xcf, 0x3f, 0xd7, 0x3f, 0xd7, 0x3f, 0xcf, 0x3f, 0xd7, 0x3f, 0xd7,
    0x3f, 0xd7, 0x3f, 0xd7, 0x3f, 0xd7, 0x3f, 0xd7, 0x3f, 0xcf, 0x3f, 0xd7,
    0x3f, 0xd7, 0x3f, 0xcf, 0x3f, 0xcf, 0x3f, 0xcf, 0x3f, 0xd7, 0x3f, 0xcf,
    0x3f, 0xcf, 0x3f, 0xcf, 0x3f, 0xcf, 0x3f, 0xcf, 0x3f, 0xcf, 0x3f, 0xcf,
    0x3f, 0xcf, 0x3f, 0xcf, 0x3f, 0xcf, 0x3f, 0xcf, 0x3f, 0xcf, 0x3f, 0xcf,
    0x3f, 0xcf, 0x3f, 0xcf, 0x3f, 0xcf, 0x3f, 0xcf, 0x3f, 0xcf, 0x3f, 0xcf,
    0x3f, 0xcf, 0x3f, 0xcf, 0x3f, 0xcf, 0x3f, 0xcf, 0x3f, 0xcf, 0x3f, 0xcf,
    0x3f, 0xcf, 0x3f, 0xcf, 0x3f, 0xcf, 0x3f, 0xcf, 0x3f, 0xcf, 0x3f, 0xcf,
    0x3f, 0xcf, 0x3f, 0xcf, 0x3f, 0xcf, 0x3f, 0xcf, 0x3f, 0xcf, 0x3f, 0xcf,
    0x3f, 0xcf, 0x3f, 0xcf, 0x3f, 0xcf, 0x3f, 0xcf, 0x3f, 0xd7, 0x3f, 0xd7,
    0x5f, 0xdf, 0x7f, 0xe7, 0xbf, 0xef, 0xff, 0xff, 0xff, 0xff, 0xff, 0xff,
    0xff, 0xff, 0xff, 0xff, 0xff, 0xff, 0xff, 0xff, 0xff, 0xff, 0xff, 0xff,
    0xff, 0xff, 0xff, 0xff, 0xff, 0xff, 0xff, 0xff, 0xff, 0xff, 0xff, 0xff,
    0xff, 0xff, 0xff, 0xff, 0xff, 0xff, 0xff, 0xff, 0xff, 0xff, 0xff, 0xff,
    0xff, 0xff, 0xff, 0xff, 0xff, 0xff, 0xff, 0xff, 0xff, 0xff, 0xff, 0xff,
    0xff, 0xff, 0xff, 0xff, 0xff, 0xff, 0xff, 0xff, 0xff, 0xff, 0xff, 0xff,
    0xff, 0xff, 0xff, 0xff, 0xff, 0xff, 0xff, 0xff, 0xff, 0xff, 0xff, 0xff,
    0xff, 0xff, 0x9f, 0xe7, 0x3f, 0xd7, 0x1f, 0xc7, 0xff, 0xc6, 0xff, 0xc6,
    0xff, 0xc6, 0xff, 0xc6, 0xfe, 0xc6, 0xff, 0xc6, 0xff, 0xc6, 0xff, 0xc6,
    0xff, 0xc6, 0xff, 0xc6, 0x1f, 0xc7, 0x1f, 0xc7, 0x1f, 0xc7, 0x1f, 0xc7,
    0x1f, 0xc7, 0x1f, 0xc7, 0x1f, 0xc7, 0x1f, 0xc7, 0x1f, 0xc7, 0x1f, 0xc7,
    0x1f, 0xc7, 0x1f, 0xc7, 0x1f, 0xc7, 0x1f, 0xc7, 0x1f, 0xc7, 0x1f, 0xc7,
    0x1f, 0xc7, 0x1f, 0xc7, 0x1f, 0xc7, 0x1f, 0xc7, 0x1f, 0xc7, 0x1f, 0xc7,
    0x1f, 0xc7, 0x1f, 0xc7, 0x1f, 0xc7, 0x1f, 0xc7, 0x1f, 0xc7, 0x1f, 0xc7,
    0x1f, 0xc7, 0x1f, 0xc7, 0x1f, 0xc7, 0x1f, 0xc7, 0x1f, 0xcf, 0x1f, 0xcf,
    0x1f, 0xc7, 0x1f, 0xc7, 0x1f, 0xcf, 0x1f, 0xc7, 0x1f, 0xc7, 0x1f, 0xcf,
    0x1f, 0xc7, 0x1f, 0xc7, 0x1f, 0xc7, 0x1f, 0xc7, 0x1f, 0xc7, 0x1f, 0xc7,
    0x1f, 0xcf, 0x1f, 0xc7, 0x1f, 0xc7, 0x1f, 0xc7, 0x1f, 0xcf, 0x1f, 0xc7,
    0x1f, 0xc7, 0x1f, 0xc7, 0x1f, 0xc7, 0x1f, 0xcf, 0x1f, 0xc7, 0x1f, 0xc7,
    0x1f, 0xcf, 0x1f, 0xcf, 0x1f, 0xc7, 0x1f, 0xcf, 0x1f, 0xcf, 0x1f, 0xcf,
    0x1f, 0xcf, 0x1f, 0xcf, 0x1f, 0xc7, 0x1f, 0xc7, 0x1f, 0xcf, 0x3f, 0xcf,
    0x1f, 0xcf, 0x1f, 0xc7, 0x1f, 0xc7, 0x1f, 0xc7, 0x1f, 0xc7, 0x1f, 0xc7,
    0x1f, 0xc7, 0x1f, 0xc7, 0x1f, 0xc7, 0x1f, 0xc7, 0x1f, 0xc7, 0x1f, 0xc7,
    0xff, 0xc6, 0xff, 0xc6, 0xff, 0xc6, 0x1f, 0xc7, 0x1f, 0xcf, 0x1f, 0xc7,
    0x1f, 0xc7, 0x1f, 0xcf, 0x1f, 0xcf, 0x1f, 0xc7, 0x1f, 0xc7, 0x1f, 0xc7,
    0x1f, 0xc7, 0x1f, 0xcf, 0x3f, 0xcf, 0x1f, 0xcf, 0x1f, 0xcf, 0x1f, 0xcf,
    0x1f, 0xcf, 0x3f, 0xcf, 0x1f, 0xcf, 0x1f, 0xcf, 0x1f, 0xcf, 0x1f, 0xcf,
    0x1f, 0xcf, 0x1f, 0xcf, 0x1f, 0xcf, 0x1f, 0xcf, 0x1f, 0xcf, 0x1f, 0xcf,
    0x1f, 0xc7, 0x1f, 0xcf, 0x1f, 0xc7, 0x1f, 0xc7, 0x1f, 0xc7, 0x1f, 0xc7,
    0x1f, 0xc7, 0x1f, 0xc7, 0x1f, 0xc7, 0x1f, 0xc7, 0x1f, 0xc7, 0x1f, 0xc7,
    0x1f, 0xc7, 0x1f, 0xc7, 0x1f, 0xc7, 0x1f, 0xc7, 0x1f, 0xc7, 0x1f, 0xc7,
    0x1f, 0xc7, 0x1f, 0xc7, 0x1f, 0xc7, 0x1f, 0xc7, 0x1f, 0xc7, 0x1f, 0xc7,
    0x1f, 0xc7, 0x1f, 0xc7, 0x1f, 0xc7, 0x1f, 0xc7, 0x1f, 0xc7, 0x1f, 0xc7,
    0xff, 0xc6, 0xff, 0xc6, 0x1f, 0xc7, 0xff, 0xc6, 0xff, 0xc6, 0x1f, 0xc7,
    0xff, 0xc6, 0xff, 0xc6, 0x1f, 0xc7, 0xff, 0xc6, 0x1f, 0xc7, 0xff, 0xc6,
    0xff, 0xc6, 0x1f, 0xc7, 0xff, 0xc6, 0xff, 0xc6, 0x1f, 0xc7, 0xff, 0xc6,
    0xff, 0xc6, 0xff, 0xc6, 0xff, 0xc6, 0xff, 0xc6, 0xff, 0xc6, 0xff, 0xc6,
    0x1f, 0xc7, 0xff, 0xc6, 0xff, 0xbe, 0xff, 0xc6, 0xff, 0xc6, 0xff, 0xc6,
    0xff, 0xbe, 0xff, 0xc6, 0xff, 0xc6, 0xff, 0xc6, 0xff, 0xc6, 0xff, 0xc6,
    0xff, 0xc6, 0xff, 0xc6, 0xff, 0xc6, 0x1f, 0xc7, 0xff, 0xc6, 0x1f, 0xc7,
    0xff, 0xbe, 0xfe, 0xbe, 0xff, 0xc6, 0x1f, 0xcf, 0x7f, 0xdf, 0xbf, 0xf7,
    0xff, 0xff, 0xff, 0xff, 0xff, 0xff, 0xff, 0xff, 0xff, 0xff, 0xff, 0xff,
    0xff, 0xff, 0xff, 0xff, 0xff, 0xff, 0xff, 0xff, 0xff, 0xff, 0xff, 0xff,
    0xff, 0xff, 0xff, 0xff, 0xff, 0xff, 0xff, 0xff, 0xff, 0xff, 0xff, 0xff,
    0xff, 0xff, 0xff, 0xff, 0xff, 0xff, 0xff, 0xff, 0xff, 0xff, 0xff, 0xff,
    0xff, 0xff, 0xff, 0xff, 0xff, 0xff, 0xff, 0xff, 0xff, 0xff, 0xff, 0xff,
    0xff, 0xff, 0xff, 0xff, 0xff, 0xff, 0xff, 0xff, 0xff, 0xff, 0x7f, 0xe7,
    0x1f, 0xc7, 0xff, 0xbe, 0xff, 0xc6, 0x1f, 0xc7, 0xfe, 0xc6, 0xfe, 0xc6,
    0x1f, 0xc7, 0x1f, 0xc7, 0xff, 0xc6, 0x1f, 0xc7, 0x1e, 0xc7, 0x1f, 0xc7,
    0x1f, 0xc7, 0x1e, 0xc7, 0x1f, 0xc7, 0x1f, 0xcf, 0x1f, 0xcf, 0x1f, 0xc7,
    0x1f, 0xcf, 0x1e, 0xcf, 0x1f, 0xcf, 0x1f, 0xc7, 0x1e, 0xc7, 0x1f, 0xcf,
    0x1f, 0xcf, 0x1e, 0xcf, 0x1f, 0xcf, 0x1f, 0xcf, 0x1f, 0xc7, 0x1f, 0xc7,
    0x1f, 0xcf, 0x1f, 0xc7, 0x1f, 0xc7, 0x1f, 0xcf, 0x1f, 0xc7, 0x1f, 0xcf,
    0x1f, 0xcf, 0x3f, 0xcf, 0x1f, 0xcf, 0x1f, 0xc7, 0x1f, 0xc7, 0x1f, 0xcf,
    0x3f, 0xcf, 0x1f, 0xcf, 0x1f, 0xcf, 0x3f, 0xcf, 0x3f, 0xcf, 0x1f, 0xcf,
    0x3f, 0xcf, 0x1f, 0xcf, 0x1f, 0xcf, 0x1f, 0xcf, 0x1f, 0xcf, 0x1f, 0xcf,
    0x1f, 0xcf, 0x1f, 0xcf, 0x1f, 0xcf, 0x1f, 0xcf, 0x1f, 0xcf, 0x1f, 0xcf,
    0x1f, 0xcf, 0x1f, 0xcf, 0x1f, 0xcf, 0x1f, 0xcf, 0x1f, 0xcf, 0x1f, 0xcf,
    0x1f, 0xcf, 0x1f, 0xcf, 0x1f, 0xcf, 0x1f, 0xcf, 0x1f, 0xcf, 0x3f, 0xcf,
    0x3f, 0xcf, 0x1f, 0xcf, 0x1f, 0xcf, 0x3f, 0xcf, 0x1f, 0xcf, 0x1f, 0xcf,
    0x3f, 0xcf, 0x1f, 0xcf, 0x3f, 0xcf, 0x3f, 0xcf, 0x3f, 0xcf, 0x3f, 0xcf,
    0x1f, 0xcf, 0x3f, 0xcf, 0x1f, 0xcf, 0x1f, 0xcf, 0x1f, 0xcf, 0x1f, 0xcf,
    0x1f, 0xcf, 0x1f, 0xcf, 0x1f, 0xc7, 0x1f, 0xcf, 0x1f, 0xcf, 0x1f, 0xc7,
    0x1f, 0xc7, 0x1f, 0xcf, 0x1f, 0xcf, 0x1f, 0xcf, 0x1f, 0xcf, 0x3f, 0xcf,
    0x3f, 0xcf, 0x3f, 0xcf, 0x1f, 0xcf, 0x1f, 0xcf, 0x3f, 0xcf, 0x3f, 0xcf,
    0x3f, 0xcf, 0x3f, 0xcf, 0x3f, 0xcf, 0x3f, 0xcf, 0x3f, 0xcf, 0x3f, 0xcf,
    0x3f, 0xcf, 0x3f, 0xcf, 0x3f, 0xcf, 0x1f, 0xcf, 0x3f, 0xcf, 0x3f, 0xcf,
    0x3f, 0xcf, 0x3f, 0xcf, 0x3f, 0xcf, 0x3f, 0xcf, 0x3f, 0xcf, 0x3f, 0xcf,
    0x3f, 0xcf, 0x3f, 0xcf, 0x1f, 0xcf, 0x3f, 0xcf, 0x1f, 0xcf, 0x1f, 0xcf,
    0x1f, 0xcf, 0x1f, 0xcf, 0x1f, 0xcf, 0x1f, 0xcf, 0x1f, 0xc7, 0x1f, 0xcf,
    0x1f, 0xcf, 0x1f, 0xc7, 0x1f, 0xc7, 0x1f, 0xcf, 0x1f, 0xc7, 0x1f, 0xc7,
    0x1f, 0xc7, 0x1f, 0xcf, 0x1f, 0xc7, 0x1f, 0xcf, 0x1f, 0xcf, 0x1f, 0xc7,
    0x1f, 0xcf, 0x1f, 0xcf, 0x1f, 0xc7, 0x1f, 0xc7, 0x1f, 0xc7, 0x1f, 0xc7,
    0x1f, 0xc7, 0x1e, 0xc7, 0x1f, 0xc7, 0xff, 0xc6, 0x1f, 0xc7, 0x1f, 0xc7,
    0x1f, 0xc7, 0x1f, 0xc7, 0x1f, 0xc7, 0x1f, 0xc7, 0x1f, 0xc7, 0x1f, 0xc7,
    0x1f, 0xc7, 0x1f, 0xc7, 0xff, 0xc6, 0x1f, 0xc7, 0x1f, 0xc7, 0x1f, 0xc7,
    0x1f, 0xc7, 0x1f, 0xc7, 0x1f, 0xc7, 0x1f, 0xc7, 0x1f, 0xc7, 0xff, 0xc6,
    0x1f, 0xc7, 0xff, 0xc6, 0xff, 0xc6, 0x1e, 0xc7, 0xff, 0xc6, 0xff, 0xc6,
    0x1e, 0xc7, 0xff, 0xc6, 0x1f, 0xc7, 0x1f, 0xc7, 0x1f, 0xc7, 0x1f, 0xc7,
    0xff, 0xc6, 0x1f, 0xc7, 0x1f, 0xc7, 0xff, 0xc6, 0x1f, 0xc7, 0x1f, 0xc7,
    0x1f, 0xc7, 0x1f, 0xc7, 0x1f, 0xc7, 0xff, 0xc6, 0xff, 0xbe, 0xff, 0xbe,
    0x3f, 0xd7, 0xbf, 0xef, 0xff, 0xff, 0xff, 0xff, 0xff, 0xff, 0xff, 0xff,
    0xff, 0xff, 0xff, 0xff, 0xff, 0xff, 0xff, 0xff, 0xff, 0xff, 0xff, 0xff,
    0xff, 0xff, 0xff, 0xff, 0xff, 0xff, 0xff, 0xff, 0xff, 0xff, 0xff, 0xff,
    0xff, 0xff, 0xff, 0xff, 0xff, 0xff, 0xff, 0xff, 0xff, 0xff, 0xff, 0xff,
    0xff, 0xff, 0xff, 0xff, 0xff, 0xff, 0xff, 0xff, 0xff, 0xff, 0xff, 0xff,
    0xff, 0xff, 0xff, 0xff, 0xff, 0xff, 0xbf, 0xef, 0x1f, 0xcf, 0xff, 0xbe,
    0xff, 0xbe, 0x1f, 0xc7, 0xfe, 0xc6, 0x1f, 0xc7, 0x1f, 0xc7, 0xff, 0xc6,
    0x1f, 0xc7, 0x1e, 0xc7, 0xff, 0xc6, 0x1f, 0xc7, 0xfe, 0xc6, 0xff, 0xc6,
    0x1f, 0xc7, 0x1e, 0xc7, 0x1f, 0xc7, 0x1f, 0xcf, 0x1f, 0xcf, 0x1f, 0xcf,
    0x1f, 0xc7, 0x1e, 0xc7, 0x1f, 0xc7, 0xff, 0xc6, 0x1e, 0xcf, 0x1f, 0xc7,
    0x1f, 0xc7, 0x1f, 0xcf, 0x1e, 0xcf, 0x1f, 0xc7, 0x1e, 0xcf, 0x1f, 0xcf,
    0x1f, 0xcf, 0x1e, 0xcf, 0x1f, 0xc7, 0x1f, 0xc7, 0x1f, 0xcf, 0x1f, 0xcf,
    0x1f, 0xc7, 0x1f, 0xc7, 0x1f, 0xcf, 0x3f, 0xcf, 0x1f, 0xcf, 0x1e, 0xcf,
    0x1f, 0xcf, 0x3f, 0xcf, 0x1f, 0xcf, 0x3f, 0xcf, 0x1f, 0xcf, 0x1f, 0xc7,
    0x3f, 0xcf, 0x1f, 0xcf, 0x1f, 0xcf, 0x3e, 0xc7, 0x1f, 0xc7, 0x1f, 0xc7,
    0x3e, 0xcf, 0x1f, 0xcf, 0x1f, 0xc7, 0x1f, 0xcf, 0x3f, 0xcf, 0x1f, 0xcf,
    0x1f, 0xc7, 0x3f, 0xcf, 0x1f, 0xcf, 0x1f, 0xcf, 0x3f, 0xcf, 0x1f, 0xcf,
    0x3f, 0xcf, 0x1f, 0xcf, 0x3f, 0xcf, 0x1f, 0xcf, 0x1f, 0xcf, 0x3f, 0xcf,
    0x1f, 0xc7, 0x3f, 0xcf, 0x3f, 0xcf, 0x3f, 0xcf, 0x1f, 0xcf, 0x3f, 0xc7,
    0x3f, 0xcf, 0x3f, 0xcf, 0x3f, 0xcf, 0x3f, 0xcf, 0x1f, 0xc7, 0x1f, 0xcf,
    0x3f, 0xcf, 0x3f, 0xc7, 0x1f, 0xcf, 0x3f, 0xcf, 0x3f, 0xcf, 0x1f, 0xc7,
    0x1f, 0xcf, 0x1f, 0xcf, 0x1f, 0xc7, 0x1f, 0xcf, 0x1f, 0xcf, 0x1f, 0xcf,
    0x1e, 0xcf, 0x1f, 0xcf, 0x3f, 0xcf, 0x1f, 0xcf, 0x1f, 0xcf, 0x3f, 0xcf,
    0x3f, 0xcf, 0x3f, 0xcf, 0x3f, 0xcf, 0x3f, 0xcf, 0x3f, 0xcf, 0x3f, 0xd7,
    0x3f, 0xcf, 0x3f, 0xd7, 0x3f, 0xcf, 0x3f, 0xcf, 0x3f, 0xd7, 0x3f, 0xcf,
    0x3f, 0xcf, 0x3f, 0xcf, 0x3f, 0xcf, 0x1f, 0xcf, 0x3f, 0xcf, 0x1f, 0xcf,
    0x1f, 0xcf, 0x3f, 0xcf, 0x1f, 0xcf, 0x1f, 0xcf, 0x3f, 0xcf, 0x1f, 0xcf,
    0x3f, 0xcf, 0x1f, 0xcf, 0x1f, 0xcf, 0x1f, 0xcf, 0x1f, 0xcf, 0x3f, 0xc7,
    0x1f, 0xcf, 0x1f, 0xcf, 0x3f, 0xc7, 0x1f, 0xcf, 0x1f, 0xc7, 0x1f, 0xcf,
    0x1f, 0xcf, 0x1e, 0xc7, 0x1f, 0xcf, 0x1f, 0xcf, 0x1f, 0xc7, 0x1f, 0xc7,
    0x1e, 0xcf, 0x1f, 0xc7, 0x1f, 0xcf, 0x1f, 0xc7, 0x1f, 0xcf, 0x1f, 0xc7,
    0x1f, 0xcf, 0x1f, 0xc7, 0x1f, 0xc7, 0x1f, 0xcf, 0x1f, 0xc7, 0xfe, 0xc6,
    0x1f, 0xc7, 0x1f, 0xc7, 0x1f, 0xc7, 0x1f, 0xc7, 0x1f, 0xc7, 0x1f, 0xc7,
    0xff, 0xc6, 0x1f, 0xc7, 0x1f, 0xc7, 0xff, 0xc6, 0x1f, 0xc7, 0x1f, 0xc7,
    0xff, 0xc6, 0x1f, 0xc7, 0x1f, 0xc7, 0x1f, 0xc7, 0x1f, 0xc7, 0x1f, 0xc7,
    0x1f, 0xc7, 0x1f, 0xc7, 0x1f, 0xc7, 0x1f, 0xc7, 0x1e, 0xc7, 0xff, 0xc6,
    0xfe, 0xbe, 0x1f, 0xbf, 0xff, 0xc6, 0x1f, 0xc7, 0x1e, 0xbf, 0xff, 0xc6,
    0x1f, 0xc7, 0x1f, 0xc7, 0xfe, 0xc6, 0xff, 0xc6, 0x1f, 0xc7, 0xfe, 0xbe,
    0xff, 0xc6, 0xff, 0xbe, 0xfe, 0xc6, 0xff, 0xc6, 0xfe, 0xc6, 0xff, 0xc6,
    0xff, 0xc6, 0xff, 0xc6, 0x1f, 0xc7, 0xff, 0xc6, 0xff, 0xc6, 0x1f, 0xc7,
    0xff, 0xbe, 0xff, 0xbe, 0x5f, 0xd7, 0xff, 0xff, 0xff, 0xff, 0xff, 0xff,
    0xff, 0xff, 0xff, 0xff, 0xff, 0xff, 0xff, 0xff, 0xff, 0xff, 0xff, 0xff,
    0xff, 0xff, 0xff, 0xff, 0xff, 0xff, 0xff, 0xff, 0xff, 0xff, 0xff, 0xff,
    0xff, 0xff, 0xff, 0xff, 0xff, 0xff, 0xff, 0xff, 0xff, 0xff, 0xff, 0xff,
    0xff, 0xff, 0xff, 0xff, 0xff, 0xff, 0xff, 0xff, 0xff, 0xff, 0xff, 0xff,
    0xff, 0xff, 0xff, 0xff, 0x5f, 0xdf, 0xff, 0xc6, 0xff, 0xbe, 0xff, 0xc6,
    0x1f, 0xc7, 0x1f, 0xc7, 0x1f, 0xcf, 0x1f, 0xc7, 0xff, 0xc6, 0x1f, 0xc7,
    0x1f, 0xcf, 0x1e, 0xc7, 0x1f, 0xc7, 0xff, 0xc6, 0x1f, 0xc7, 0x1f, 0xc7,
    0x1f, 0xc7, 0x1f, 0xc7, 0x1f, 0xcf, 0x3f, 0xcf, 0x1e, 0xc7, 0x1f, 0xc7,
    0x1f, 0xcf, 0x1f, 0xcf, 0x1f, 0xc7, 0x1f, 0xc7, 0x1f, 0xcf, 0x1f, 0xcf,
    0x1f, 0xc7, 0x1f, 0xcf, 0x1f, 0xc7, 0x1f, 0xc7, 0x3f, 0xcf, 0x1f, 0xc7,
    0x1f, 0xcf, 0x3f, 0xcf, 0x3f, 0xcf, 0x1f, 0xc7, 0x3f, 0xcf, 0x1e, 0xc7,
    0x3f, 0xcf, 0x1f, 0xcf, 0x1e, 0xc7, 0x3f, 0xcf, 0x3f, 0xcf, 0x1f, 0xc7,
    0x1e, 0xcf, 0x3f, 0xc7, 0x3f, 0xcf, 0x1e, 0xcf, 0x1f, 0xcf, 0x3f, 0xcf,
    0x3f, 0xcf, 0x3f, 0xcf, 0x1f, 0xc7, 0x1f, 0xcf, 0x3f, 0xcf, 0x1f, 0xc7,
    0x1f, 0xcf, 0x1e, 0xc7, 0x1f, 0xc7, 0x3f, 0xcf, 0x1e, 0xcf, 0x1f, 0xc7,
    0x3f, 0xc7, 0x1f, 0xcf, 0x1e, 0xcf, 0x3f, 0xc7, 0x3f, 0xc7, 0x1f, 0xcf,
    0x3f, 0xc7, 0x1f, 0xcf, 0x1e, 0xc7, 0x3f, 0xc7, 0x1f, 0xcf, 0x1f, 0xc7,
    0x3f, 0xcf, 0x1f, 0xcf, 0x1f, 0xcf, 0x3f, 0xcf, 0x1f, 0xc7, 0x3f, 0xcf,
    0x3f, 0xcf, 0x3f, 0xcf, 0x1f, 0xcf, 0x1f, 0xcf, 0x3f, 0xcf, 0x1f, 0xc7,
    0x1f, 0xc7, 0x3f, 0xcf, 0x1f, 0xcf, 0x1f, 0xc7, 0x1f, 0xc7, 0x1f, 0xcf,
    0x1f, 0xc7, 0x1e, 0xc7, 0x1f, 0xcf, 0x3f, 0xcf, 0x1f, 0xcf, 0x3f, 0xcf,
    0x1e, 0xcf, 0x1f, 0xcf, 0x1f, 0xcf, 0x3f, 0xcf, 0x1f, 0xcf, 0x1f, 0xcf,
    0x3f, 0xcf, 0x3f, 0xcf, 0x3f, 0xcf, 0x3f, 0xcf, 0x3f, 0xcf, 0x3f, 0xcf,
    0x3f, 0xd7, 0x3f, 0xd7, 0x3f, 0xcf, 0x3f, 0xcf, 0x3f, 0xcf, 0x1f, 0xd7,
    0x3f, 0xcf, 0x3f, 0xcf, 0x3f, 0xcf, 0x1f, 0xcf, 0x3f, 0xcf, 0x1f, 0xcf,
    0x1f, 0xcf, 0x3f, 0xcf, 0x1f, 0xcf, 0x1f, 0xcf, 0x3f, 0xcf, 0x1f, 0xcf,
    0x1f, 0xcf, 0x3f, 0xcf, 0x3f, 0xcf, 0x1f, 0xc7, 0x1f, 0xcf, 0x1f, 0xc7,
    0x3f, 0xcf, 0x3f, 0xcf, 0x3f, 0xc7, 0x1f, 0xcf, 0x1e, 0xcf, 0x1f, 0xc7,
    0x1f, 0xc7, 0x1f, 0xcf, 0x1f, 0xc7, 0x1f, 0xcf, 0x1f, 0xcf, 0x1f, 0xcf,
    0x1f, 0xc7, 0x1e, 0xc7, 0x1f, 0xcf, 0x1f, 0xc7, 0x1f, 0xc7, 0x1f, 0xcf,
    0x1f, 0xc7, 0x1f, 0xcf, 0x1f, 0xc7, 0x1f, 0xc7, 0x1f, 0xcf, 0x1f, 0xc7,
    0x1f, 0xc7, 0x1f, 0xcf, 0xff, 0xce, 0x1e, 0xc7, 0x1e, 0xc7, 0xff, 0xc6,
    0xfe, 0xc6, 0x1e, 0xc7, 0x1f, 0xcf, 0x1f, 0xcf, 0x1e, 0xcf, 0x1f, 0xcf,
    0x1f, 0xcf, 0x1e, 0xcf, 0x3f, 0xcf, 0x1f, 0xcf, 0x1f, 0xcf, 0x3f, 0xcf,
    0x1f, 0xcf, 0x1f, 0xcf, 0x1f, 0xcf, 0x1f, 0xcf, 0x3f, 0xcf, 0x1f, 0xc7,
    0x1f, 0xcf, 0x1f, 0xcf, 0x1f, 0xc7, 0x1f, 0xc7, 0x1f, 0xc7, 0xff, 0xc6,
    0xff, 0xc6, 0x1f, 0xc7, 0xff, 0xc6, 0xff, 0xc6, 0x1f, 0xbf, 0xfe, 0xc6,
    0x1f, 0xc7, 0xff, 0xc6, 0xff, 0xc6, 0x1f, 0xc7, 0x1f, 0xc7, 0x1e, 0xc7,
    0xff, 0xc6, 0x1f, 0xc7, 0xfe, 0xbe, 0xff, 0xc6, 0x1f, 0xc7, 0x1f, 0xc7,
    0xff, 0xc6, 0xff, 0xc6, 0xff, 0xbe, 0x1f, 0xc7, 0xbf, 0xf7, 0xff, 0xff,
    0xff, 0xff, 0xff, 0xff, 0xff, 0xff, 0xff, 0xff, 0xff, 0xff, 0xff, 0xff,
    0xff, 0xff, 0xff, 0xff, 0xff, 0xff, 0xff, 0xff, 0xff, 0xff, 0xff, 0xff,
    0xff, 0xff, 0xff, 0xff, 0xff, 0xff, 0xff, 0xff, 0xff, 0xff, 0xff, 0xff,
    0xff, 0xff, 0xff, 0xff, 0xff, 0xff, 0xff, 0xff, 0xff, 0xff, 0xff, 0xff,
    0xff, 0xff, 0x3f, 0xcf, 0xff, 0xbe, 0x5f, 0xd7, 0x1e, 0xc7, 0xff, 0xc6,
    0xfe, 0xc6, 0x3f, 0xcf, 0x5f, 0xd7, 0xfe, 0xc6, 0x1f, 0xbf, 0x1f, 0xc7,
    0x5f, 0xd7, 0x3f, 0xcf, 0x1f, 0xc7, 0x1f, 0xc7, 0x5f, 0xd7, 0x3f, 0xcf,
    0xfe, 0xc6, 0x1f, 0xc7, 0x3f, 0xcf, 0x3f, 0xd7, 0x1f, 0xc7, 0x1e, 0xc7,
    0x1f, 0xc7, 0x5f, 0xd7, 0x1f, 0xcf, 0x1e, 0xcf, 0x1f, 0xc7, 0x5f, 0xd7,
    0x3f, 0xcf, 0x1f, 0xc7, 0x1f, 0xcf, 0x3f, 0xcf, 0x3f, 0xcf, 0x1e, 0xc7,
    0x3f, 0xcf, 0x3f, 0xcf, 0x3f, 0xcf, 0x3f, 0xcf, 0x1f, 0xc7, 0x1f, 0xc7,
    0x3f, 0xcf, 0x3f, 0xcf, 0x1f, 0xc7, 0x1f, 0xc7, 0x3f, 0xcf, 0x3f, 0xcf,
    0x3f, 0xcf, 0x1f, 0xcf, 0x3f, 0xcf, 0x1f, 0xcf, 0x3f, 0xcf, 0x1f, 0xcf,
    0x1e, 0xcf, 0x3f, 0xcf, 0x1f, 0xcf, 0x1f, 0xcf, 0x1f, 0xcf, 0x1f, 0xcf,
    0x1f, 0xcf, 0x1f, 0xcf, 0x3f, 0xcf, 0x3f, 0xcf, 0x1e, 0xcf, 0x1f, 0xc7,
    0x1f, 0xcf, 0x3f, 0xcf, 0x1f, 0xcf, 0x1f, 0xcf, 0x3f, 0xcf, 0x1e, 0xcf,
    0x3f, 0xcf, 0x3f, 0xcf, 0x1f, 0xcf, 0x1f, 0xcf, 0x1f, 0xcf, 0x1f, 0xcf,
    0x3f, 0xcf, 0x1f, 0xcf, 0x3f, 0xcf, 0x1f, 0xc7, 0x3f, 0xcf, 0x3f, 0xcf,
    0x3f, 0xcf, 0x1f, 0xc7, 0x1f, 0xcf, 0x3f, 0xcf, 0x3f, 0xcf, 0x1f, 0xcf,
    0x1f, 0xcf, 0x3f, 0xcf, 0x1f, 0xc7, 0x1f, 0xcf, 0x3f, 0xcf, 0x1f, 0xcf,
    0x1f, 0xcf, 0x3f, 0xcf, 0x3f, 0xcf, 0x1e, 0xc7, 0x3f, 0xcf, 0x3f, 0xcf,
    0x3f, 0xc7, 0x3f, 0xcf, 0x3e, 0xcf, 0x1f, 0xcf, 0x3f, 0xcf, 0x3f, 0xcf,
    0x3f, 0xcf, 0x3f, 0xcf, 0x3f, 0xd7, 0x3f, 0xcf, 0x3f, 0xd7, 0x3f, 0xd7,
    0x3f, 0xcf, 0x3f, 0xcf, 0x3f, 0xd7, 0x3f, 0xcf, 0x3f, 0xcf, 0x3f, 0xcf,
    0x1f, 0xcf, 0x3f, 0xcf, 0x1f, 0xcf, 0x1f, 0xcf, 0x3f, 0xcf, 0x3f, 0xcf,
    0x3f, 0xcf, 0x3f, 0xcf, 0x1f, 0xcf, 0x3f, 0xcf, 0x3f, 0xcf, 0x1f, 0xcf,
    0x3f, 0xc7, 0x3f, 0xcf, 0x1f, 0xcf, 0x3f, 0xcf, 0x3f, 0xcf, 0x1e, 0xcf,
    0x3f, 0xcf, 0x1f, 0xcf, 0x1f, 0xcf, 0x1f, 0xc7, 0x1f, 0xcf, 0x1f, 0xcf,
    0x1f, 0xcf, 0x1f, 0xc7, 0x1f, 0xc7, 0x1e, 0xc7, 0x1f, 0xc7, 0x1f, 0xcf,
    0x1f, 0xc7, 0x1f, 0xc7, 0x1f, 0xcf, 0x1f, 0xc7, 0x1e, 0xcf, 0x1f, 0xcf,
    0x1f, 0xc7, 0x1f, 0xcf, 0x1f, 0xc7, 0x1f, 0xc7, 0x1f, 0xc7, 0x1f, 0xc7,
    0x1f, 0xc7, 0x1f, 0xc7, 0x1f, 0xcf, 0x1f, 0xcf, 0x1f, 0xcf, 0x1f, 0xcf,
    0x3f, 0xcf, 0x1f, 0xcf, 0x3f, 0xcf, 0x3f, 0xcf, 0x3f, 0xcf, 0x1f, 0xcf,
    0x3f, 0xcf, 0x1f, 0xc7, 0x1f, 0xc7, 0x1f, 0xc7, 0x1f, 0xc7, 0x1e, 0xc7,
    0x1f, 0xc7, 0xfe, 0xc6, 0x1f, 0xc7, 0x1f, 0xc7, 0x1f, 0xc7, 0x1f, 0xc7,
    0x1f, 0xc7, 0x1f, 0xc7, 0x1f, 0xc7, 0x1f, 0xcf, 0x1f, 0xcf, 0x1f, 0xc7,
    0x1f, 0xc7, 0x1e, 0xc7, 0x1f, 0xc7, 0x1f, 0xc7, 0x1f, 0xc7, 0x1f, 0xc7,
    0xff, 0xc6, 0x1e, 0xbf, 0x1f, 0xc7, 0xff, 0xc6, 0x1f, 0xc7, 0x1f, 0xc7,
    0xff, 0xc6, 0x1e, 0xbf, 0x1f, 0xc7, 0xff, 0xc6, 0xff, 0xbe, 0x1e, 0xc7,
    0x1f, 0xc7, 0xff, 0xc6, 0xff, 0xc6, 0xff, 0xbe, 0xff, 0xbe, 0x9f, 0xe7,
    0xff, 0xff, 0xff, 0xff, 0xff, 0xff, 0xff, 0xff, 0xff, 0xff, 0xff, 0xff,
    0xff, 0xff, 0xff, 0xff, 0xff, 0xff, 0xff, 0xff, 0xff, 0xff, 0xff, 0xff,
    0xff, 0xff, 0xff, 0xff, 0xff, 0xff, 0xff, 0xff, 0xff, 0xff, 0xff, 0xff,
    0xff, 0xff, 0xff, 0xff, 0xff, 0xff, 0xff, 0xff, 0xff, 0xff, 0xff, 0xff,
    0x1f, 0xcf, 0xde, 0xbe, 0xff, 0xc6, 0xff, 0xc6, 0x1e, 0xc7, 0xff, 0xc6,
    0x1f, 0xc7, 0x1f, 0xc7, 0xff, 0xc6, 0xff, 0xbe, 0x1e, 0xc7, 0x1f, 0xc7,
    0x1f, 0xc7, 0x1f, 0xc7, 0x1e, 0xc7, 0x1f, 0xc7, 0x1f, 0xc7, 0x1e, 0xc7,
    0x1f, 0xc7, 0x1f, 0xcf, 0x1e, 0xc7, 0x1f, 0xc7, 0x1f, 0xcf, 0x1f, 0xc7,
    0x1f, 0xc7, 0x1e, 0xc7, 0x1f, 0xcf, 0x1f, 0xcf, 0x1f, 0xcf, 0x1f, 0xc7,
    0x1f, 0xcf, 0x3f, 0xcf, 0x1e, 0xc7, 0x1f, 0xc7, 0x1f, 0xcf, 0x3f, 0xcf,
    0x1f, 0xcf, 0x1e, 0xc7, 0x1f, 0xc7, 0x1f, 0xcf, 0x1f, 0xcf, 0x1f, 0xcf,
    0x1f, 0xc7, 0x1f, 0xcf, 0x1f, 0xcf, 0x1f, 0xc7, 0x3f, 0xcf, 0x3f, 0xcf,
    0x1f, 0xcf, 0x1f, 0xcf, 0x3f, 0xcf, 0x1f, 0xc7, 0x3f, 0xcf, 0x1f, 0xcf,
    0x3f, 0xc7, 0x1f, 0xcf, 0x3f, 0xcf, 0x3f, 0xcf, 0x3f, 0xcf, 0x1e, 0xcf,
    0x1f, 0xc7, 0x3f, 0xcf, 0x1f, 0xcf, 0x1f, 0xcf, 0x1f, 0xcf, 0x1f, 0xcf,
    0x1f, 0xcf, 0x1f, 0xcf, 0x3f, 0xcf, 0x3f, 0xcf, 0x1f, 0xcf, 0x1f, 0xcf,
    0x1f, 0xcf, 0x3f, 0xcf, 0x3f, 0xcf, 0x3f, 0xcf, 0x3f, 0xcf, 0x3e, 0xcf,
    0x3f, 0xcf, 0x1f, 0xcf, 0x3f, 0xcf, 0x3f, 0xcf, 0x3f, 0xcf, 0x1f, 0xcf,
    0x1f, 0xcf, 0x3f, 0xcf, 0x3f, 0xcf, 0x3f, 0xcf, 0x3f, 0xcf, 0x1f, 0xcf,
    0x1f, 0xc7, 0x3f, 0xcf, 0x3f, 0xcf, 0x3e, 0xcf, 0x3f, 0xcf, 0x1f, 0xcf,
    0x3f, 0xcf, 0x3f, 0xcf, 0x1f, 0xcf, 0x1f, 0xcf, 0x3f, 0xcf, 0x3f, 0xcf,
    0x3f, 0xcf, 0x3f, 0xcf, 0x3f, 0xcf, 0x3f, 0xcf, 0x3f, 0xcf, 0x3f, 0xcf,
    0x3f, 0xcf, 0x3f, 0xd7, 0x3f, 0xcf, 0x3f, 0xd7, 0x3f, 0xd7, 0x3f, 0xcf,
    0x3f, 0xcf, 0x3f, 0xd7, 0x3f, 0xcf, 0x3f, 0xcf, 0x3f, 0xd7, 0x3f, 0xcf,
    0x3f, 0xcf, 0x3f, 0xd7, 0x3f, 0xcf, 0x1f, 0xcf, 0x1f, 0xcf, 0x3f, 0xcf,
    0x1f, 0xcf, 0x1f, 0xcf, 0x3f, 0xcf, 0x3f, 0xcf, 0x1f, 0xcf, 0x1f, 0xcf,
    0x3f, 0xcf, 0x1f, 0xcf, 0x1f, 0xcf, 0x3f, 0xcf, 0x1f, 0xcf, 0x3f, 0xc7,
    0x1f, 0xcf, 0x3f, 0xcf, 0x3f, 0xc7, 0x1f, 0xcf, 0x1f, 0xcf, 0x3f, 0xc7,
    0x1e, 0xcf, 0x1f, 0xcf, 0x1f, 0xcf, 0x1f, 0xc7, 0x1f, 0xc7, 0x1f, 0xc7,
    0x1f, 0xcf, 0x1f, 0xcf, 0x1f, 0xc7, 0x1f, 0xc7, 0x1f, 0xcf, 0x1f, 0xc7,
    0x3f, 0xcf, 0x1f, 0xc7, 0x1f, 0xcf, 0x1f, 0xcf, 0x3f, 0xcf, 0x3f, 0xcf,
    0x3f, 0xcf, 0x1f, 0xcf, 0x3f, 0xcf, 0x1f, 0xcf, 0x1f, 0xcf, 0x1f, 0xcf,
    0x1f, 0xc7, 0x1f, 0xc7, 0x1f, 0xc7, 0x1f, 0xc7, 0x1f, 0xc7, 0x1f, 0xc7,
    0x1f, 0xc7, 0x1f, 0xc7, 0x1f, 0xc7, 0x1f, 0xcf, 0x1f, 0xc7, 0x1f, 0xc7,
    0x1f, 0xc7, 0x1f, 0xc7, 0x1f, 0xc7, 0x1f, 0xc7, 0x1f, 0xc7, 0x1f, 0xc7,
    0x1f, 0xc7, 0x1f, 0xc7, 0xff, 0xc6, 0x1e, 0xc7, 0x1e, 0xc7, 0x1f, 0xc7,
    0x1f, 0xc7, 0x1f, 0xc7, 0x1f, 0xc7, 0x1f, 0xcf, 0x1f, 0xc7, 0x1f, 0xcf,
    0x1f, 0xc7, 0x1f, 0xc7, 0x1f, 0xc7, 0xff, 0xc6, 0xfe, 0xc6, 0xff, 0xc6,
    0xff, 0xbe, 0x1f, 0xc7, 0xff, 0xc6, 0x1f, 0xc7, 0xfe, 0xbe, 0xff, 0xc6,
    0x1f, 0xc7, 0xfe, 0xbe, 0xff, 0xc6, 0xff, 0xc6, 0xff, 0xbe, 0xff, 0xbe,
    0x7f, 0xe7, 0xff, 0xff, 0xff, 0xff, 0xff, 0xff, 0xff, 0xff, 0xff, 0xff,
    0xff, 0xff, 0xff, 0xff, 0xff, 0xff, 0xff, 0xff, 0xff, 0xff, 0xff, 0xff,
    0xff, 0xff, 0xff, 0xff, 0xff, 0xff, 0xff, 0xff, 0xff, 0xff, 0xff, 0xff,
    0xff, 0xff, 0xff, 0xff, 0xff, 0xff, 0xff, 0xff, 0xff, 0xff, 0x1f, 0xcf,
    0xdf, 0xbe, 0xff, 0xc6, 0xff, 0xbe, 0xff, 0xbe, 0x1f, 0xc7, 0xff, 0xc6,
    0x1f, 0xc7, 0xfe, 0xbe, 0xff, 0xbe, 0xff, 0xc6, 0xff, 0xc6, 0x1e, 0xc7,
    0xff, 0xc6, 0xff, 0xc6, 0x1f, 0xc7, 0x1f, 0xcf, 0x1f, 0xc7, 0x1f, 0xc7,
    0x1f, 0xc7, 0x1f, 0xcf, 0x1f, 0xc7, 0x1f, 0xc7, 0x1e, 0xc7, 0x1f, 0xc7,
    0x1f, 0xc7, 0x1f, 0xcf, 0x1f, 0xcf, 0x3f, 0xc7, 0x3f, 0xcf, 0x1f, 0xc7,
    0x1f, 0xc7, 0x1f, 0xc7, 0x3f, 0xcf, 0x1f, 0xcf, 0x1f, 0xc7, 0x3f, 0xcf,
    0x1f, 0xcf, 0x1f, 0xc7, 0x1e, 0xcf, 0x1f, 0xcf, 0x3f, 0xcf, 0x3f, 0xcf,
    0x1e, 0xcf, 0x1f, 0xcf, 0x3f, 0xcf, 0x3f, 0xcf, 0x1f, 0xcf, 0x1f, 0xcf,
    0x3f, 0xcf, 0x1e, 0xcf, 0x3f, 0xcf, 0x3f, 0xcf, 0x1e, 0xcf, 0x3f, 0xcf,
    0x1f, 0xc7, 0x1f, 0xcf, 0x3e, 0xcf, 0x1f, 0xc7, 0x3f, 0xcf, 0x3f, 0xcf,
    0x3f, 0xcf, 0x1f, 0xc7, 0x1f, 0xcf, 0x1f, 0xc7, 0x3e, 0xcf, 0x3f, 0xcf,
    0x1f, 0xcf, 0x3e, 0xcf, 0x1f, 0xcf, 0x1f, 0xcf, 0x3f, 0xcf, 0x1f, 0xcf,
    0x1f, 0xcf, 0x3f, 0xcf, 0x1f, 0xcf, 0x3f, 0xcf, 0x3f, 0xcf, 0x1f, 0xcf,
    0x1f, 0xcf, 0x3f, 0xcf, 0x3f, 0xcf, 0x3f, 0xcf, 0x1f, 0xcf, 0x1f, 0xcf,
    0x3f, 0xcf, 0x1f, 0xcf, 0x3f, 0xcf, 0x3f, 0xcf, 0x1f, 0xcf, 0x1f, 0xc7,
    0x1f, 0xcf, 0x1f, 0xc7, 0x1f, 0xc7, 0x1f, 0xcf, 0x3f, 0xcf, 0x3f, 0xcf,
    0x3f, 0xcf, 0x3f, 0xcf, 0x1f, 0xcf, 0x3f, 0xcf, 0x1f, 0xcf, 0x1f, 0xcf,
    0x3f, 0xcf, 0x3f, 0xcf, 0x3f, 0xd7, 0x3f, 0xcf, 0x3f, 0xd7, 0x3f, 0xd7,
    0x3f, 0xd7, 0x3f, 0xcf, 0x3f, 0xcf, 0x3f, 0xd7, 0x3f, 0xd7, 0x3f, 0xcf,
    0x3f, 0xcf, 0x3f, 0xd7, 0x3f, 0xcf, 0x3f, 0xcf, 0x1f, 0xd7, 0x1f, 0xcf,
    0x3f, 0xcf, 0x3f, 0xd7, 0x3f, 0xcf, 0x1f, 0xcf, 0x3f, 0xcf, 0x1f, 0xcf,
    0x1f, 0xcf, 0x3f, 0xcf, 0x1f, 0xcf, 0x3f, 0xcf, 0x1f, 0xcf, 0x3f, 0xcf,
    0x1f, 0xcf, 0x3f, 0xcf, 0x3f, 0xc7, 0x1f, 0xcf, 0x1e, 0xcf, 0x1f, 0xc7,
    0x3f, 0xcf, 0x1f, 0xcf, 0x3e, 0xcf, 0x3f, 0xcf, 0x1f, 0xcf, 0x1f, 0xc7,
    0x1f, 0xc7, 0x1f, 0xcf, 0x1f, 0xcf, 0x1f, 0xcf, 0x1f, 0xc7, 0x1f, 0xc7,
    0x1f, 0xcf, 0x1f, 0xc7, 0x1f, 0xc7, 0x1f, 0xcf, 0x1f, 0xc7, 0x3f, 0xc7,
    0x3f, 0xcf, 0x3f, 0xcf, 0x3f, 0xcf, 0x3f, 0xd7, 0x3f, 0xcf, 0x3f, 0xcf,
    0x1f, 0xcf, 0x1f, 0xc7, 0xff, 0xc6, 0x1f, 0xc7, 0x1f, 0xc7, 0x1f, 0xc7,
    0x1f, 0xc7, 0x1f, 0xcf, 0x1f, 0xc7, 0x1f, 0xcf, 0x1f, 0xc7, 0x1f, 0xc7,
    0x1f, 0xc7, 0x1f, 0xc7, 0x1f, 0xcf, 0x1f, 0xc7, 0x1f, 0xc7, 0x1f, 0xc7,
    0x1f, 0xc7, 0x1f, 0xc7, 0x1f, 0xc7, 0x1f, 0xc7, 0x1f, 0xc7, 0x1f, 0xc7,
    0x1f, 0xc7, 0xff, 0xc6, 0xff, 0xc6, 0x1f, 0xc7, 0xff, 0xc6, 0xff, 0xc6,
    0x1e, 0xc7, 0xff, 0xc6, 0x1f, 0xc7, 0x1f, 0xc7, 0xff, 0xc6, 0x1f, 0xc7,
    0x1f, 0xc7, 0x1f, 0xc7, 0x1f, 0xc7, 0x1f, 0xc7, 0x1f, 0xc7, 0x1f, 0xc7,
    0xfe, 0xc6, 0xff, 0xc6, 0xff, 0xbe, 0xfe, 0xc6, 0xff, 0xc6, 0xff, 0xbe,
    0xff, 0xc6, 0xfe, 0xbe, 0xff, 0xc6, 0x1e, 0xc7, 0xff, 0xc6, 0xff, 0xc6,
    0xff, 0xbe, 0x9f, 0xe7, 0xff, 0xff, 0xff, 0xff, 0xff, 0xff, 0xff, 0xff,
    0xff, 0xff, 0xff, 0xff, 0xff, 0xff, 0xff, 0xff, 0xff, 0xff, 0xff, 0xff,
    0xff, 0xff, 0xff, 0xff, 0xff, 0xff, 0xff, 0xff, 0xff, 0xff, 0xff, 0xff,
    0xff, 0xff, 0xff, 0xff, 0xff, 0xff, 0xff, 0xff, 0x5f, 0xdf, 0xfe, 0xbe,
    0xfe, 0xbe, 0xff, 0xbe, 0xfe, 0xbe, 0x1f, 0xc7, 0x1e, 0xc7, 0x1f, 0xc7,
    0xff, 0xc6, 0xfe, 0xbe, 0x1f, 0xc7, 0x1f, 0xc7, 0x1f, 0xc7, 0x1f, 0xc7,
    0x1f, 0xc7, 0x1e, 0xc7, 0x1f, 0xc7, 0x1e, 0xc7, 0x1f, 0xcf, 0x1f, 0xcf,
    0x1f, 0xc7, 0x1f, 0xc7, 0x1f, 0xc7, 0x1f, 0xcf, 0x1f, 0xc7, 0x1e, 0xc7,
    0x1f, 0xcf, 0x3f, 0xcf, 0x3f, 0xc7, 0x1f, 0xc7, 0x1e, 0xcf, 0x3f, 0xcf,
    0x1f, 0xcf, 0x1e, 0xc7, 0x3f, 0xcf, 0x3f, 0xcf, 0x1e, 0xcf, 0x1f, 0xc7,
    0x1f, 0xc7, 0x1f, 0xcf, 0x3f, 0xcf, 0x1f, 0xcf, 0x1f, 0xc7, 0x1f, 0xcf,
    0x1f, 0xc7, 0x1e, 0xcf, 0x3f, 0xcf, 0x3f, 0xcf, 0x1f, 0xcf, 0x3f, 0xcf,
    0x3f, 0xc7, 0x1f, 0xcf, 0x1f, 0xcf, 0x3f, 0xcf, 0x1f, 0xcf, 0x1f, 0xcf,
    0x3f, 0xcf, 0x3f, 0xcf, 0x1f, 0xcf, 0x1f, 0xcf, 0x1f, 0xcf, 0x3f, 0xcf,
    0x1f, 0xcf, 0x1f, 0xcf, 0x1f, 0xcf, 0x1f, 0xcf, 0x3f, 0xcf, 0x3f, 0xcf,
    0x1f, 0xc7, 0x3f, 0xcf, 0x3f, 0xcf, 0x1f, 0xcf, 0x3f, 0xcf, 0x3e, 0xcf,
    0x3f, 0xcf, 0x1f, 0xcf, 0x3f, 0xcf, 0x3f, 0xcf, 0x3f, 0xcf, 0x1f, 0xcf,
    0x3f, 0xcf, 0x3f, 0xcf, 0x3f, 0xcf, 0x1f, 0xcf, 0x1f, 0xcf, 0x3f, 0xc7,
    0x3f, 0xcf, 0x3f, 0xcf, 0x3f, 0xcf, 0x1f, 0xc7, 0x1f, 0xcf, 0x3f, 0xcf,
    0x1e, 0xcf, 0x3f, 0xcf, 0x3f, 0xcf, 0x3f, 0xcf, 0x3f, 0xcf, 0x3f, 0xcf,
    0x3f, 0xcf, 0x1f, 0xcf, 0x3f, 0xcf, 0x3e, 0xcf, 0x1f, 0xcf, 0x3f, 0xcf,
    0x3f, 0xcf, 0x3f, 0xd7, 0x3f, 0xd7, 0x3f, 0xcf, 0x3f, 0xd7, 0x3f, 0xd7,
    0x3f, 0xcf, 0x3f, 0xcf, 0x3f, 0xd7, 0x3f, 0xcf, 0x3f, 0xcf, 0x3f, 0xd7,
    0x3f, 0xcf, 0x3f, 0xd7, 0x3f, 0xcf, 0x3f, 0xcf, 0x3f, 0xcf, 0x3f, 0xcf,
    0x3f, 0xcf, 0x1f, 0xcf, 0x3f, 0xcf, 0x1f, 0xcf, 0x3f, 0xcf, 0x3f, 0xcf,
    0x3e, 0xcf, 0x1f, 0xcf, 0x3f, 0xcf, 0x1f, 0xcf, 0x3f, 0xcf, 0x1f, 0xc7,
    0x1f, 0xcf, 0x3f, 0xcf, 0x1f, 0xcf, 0x3f, 0xcf, 0x3f, 0xcf, 0x1f, 0xcf,
    0x1f, 0xcf, 0x3f, 0xcf, 0x1f, 0xc7, 0x1f, 0xcf, 0x3f, 0xcf, 0x1e, 0xcf,
    0x1f, 0xc7, 0x3f, 0xcf, 0x1f, 0xc7, 0x1e, 0xcf, 0x1f, 0xcf, 0x1f, 0xcf,
    0x1e, 0xc7, 0x1f, 0xc7, 0x1f, 0xcf, 0x3f, 0xcf, 0x3f, 0xcf, 0x3f, 0xcf,
    0x3f, 0xd7, 0x3f, 0xcf, 0x3f, 0xcf, 0x1f, 0xcf, 0x1f, 0xc7, 0x1f, 0xc7,
    0x1e, 0xcf, 0x1e, 0xc7, 0x1f, 0xcf, 0x1f, 0xc7, 0x1f, 0xc7, 0x1f, 0xc7,
    0x1f, 0xc7, 0x1f, 0xc7, 0x1f, 0xcf, 0x1f, 0xc7, 0x1f, 0xc7, 0x1f, 0xcf,
    0x1f, 0xcf, 0x1f, 0xc7, 0x1f, 0xcf, 0x1f, 0xcf, 0x1f, 0xc7, 0x1f, 0xc7,
    0x1e, 0xcf, 0x1f, 0xc7, 0xff, 0xc6, 0x1e, 0xc7, 0xfe, 0xc6, 0x1f, 0xc7,
    0x1f, 0xc7, 0xfe, 0xc6, 0x1f, 0xc7, 0xff, 0xc6, 0xff, 0xc6, 0x1f, 0xc7,
    0xff, 0xc6, 0xfe, 0xc6, 0x1f, 0xc7, 0x1f, 0xc7, 0x1e, 0xc7, 0xff, 0xc6,
    0xff, 0xc6, 0xfe, 0xc6, 0x1f, 0xc7, 0xff, 0xc6, 0x1f, 0xc7, 0x1e, 0xc7,
    0x1f, 0xc7, 0xff, 0xc6, 0xff, 0xc6, 0xff, 0xbe, 0x1f, 0xc7, 0xff, 0xc6,
    0xff, 0xc6, 0x1f, 0xc7, 0xfe, 0xc6, 0xff, 0xbe, 0xff, 0xc6, 0xff, 0xc6,
    0xff, 0xbe, 0xff, 0xbe, 0xbf, 0xf7, 0xff, 0xff, 0xff, 0xff, 0xff, 0xff,
    0xff, 0xff, 0xff, 0xff, 0xff, 0xff, 0xff, 0xff, 0xff, 0xff, 0xff, 0xff,
    0xff, 0xff, 0xff, 0xff, 0xff, 0xff, 0xff, 0xff, 0xff, 0xff, 0xff, 0xff,
    0xff, 0xff, 0xff, 0xff, 0xff, 0xff, 0x7f, 0xe7, 0x5f, 0xd7, 0x5f, 0xd7,
    0xff, 0xbe, 0xfe, 0xbe, 0xfe, 0xbe, 0x7f, 0xe7, 0x3f, 0xd7, 0x1f, 0xc7,
    0xff, 0xbe, 0x1f, 0xc7, 0x7f, 0xdf, 0x1e, 0xc7, 0x1e, 0xc7, 0xff, 0xc6,
    0x7f, 0xdf, 0x1f, 0xcf, 0xfe, 0xc6, 0x1f, 0xc7, 0x5f, 0xd7, 0x5f, 0xdf,
    0x1e, 0xc7, 0x1f, 0xc7, 0x1f, 0xcf, 0x5f, 0xd7, 0xfe, 0xc6, 0x1f, 0xc7,
    0x1f, 0xcf, 0x7f, 0xdf, 0x1f, 0xcf, 0x1f, 0xc7, 0x1f, 0xc7, 0x5f, 0xd7,
    0x5f, 0xd7, 0x1f, 0xcf, 0x3f, 0xcf, 0x3f, 0xcf, 0x3f, 0xd7, 0x1f, 0xc7,
    0x1f, 0xcf, 0x3f, 0xcf, 0x5f, 0xd7, 0x3f, 0xcf, 0x1f, 0xc7, 0x1f, 0xcf,
    0x5f, 0xd7, 0x3f, 0xcf, 0x3f, 0xcf, 0x3f, 0xcf, 0x3f, 0xd7, 0x3f, 0xcf,
    0x1f, 0xcf, 0x3f, 0xc7, 0x3f, 0xcf, 0x3f, 0xcf, 0x3f, 0xcf, 0x1e, 0xc7,
    0x3f, 0xcf, 0x3f, 0xcf, 0x3f, 0xcf, 0x1f, 0xcf, 0x3f, 0xcf, 0x3f, 0xcf,
    0x3f, 0xcf, 0x3f, 0xcf, 0x3f, 0xcf, 0x3f, 0xcf, 0x1f, 0xcf, 0x3f, 0xcf,
    0x3f, 0xcf, 0x3f, 0xcf, 0x1f, 0xcf, 0x3f, 0xcf, 0x1f, 0xcf, 0x3f, 0xcf,
    0x3f, 0xcf, 0x3f, 0xcf, 0x3f, 0xcf, 0x1f, 0xcf, 0x3f, 0xcf, 0x3f, 0xcf,
    0x3f, 0xcf, 0x1f, 0xcf, 0x3f, 0xcf, 0x3f, 0xcf, 0x1f, 0xcf, 0x3f, 0xcf,
    0x3f, 0xcf, 0x3f, 0xcf, 0x1f, 0xcf, 0x1f, 0xcf, 0x1f, 0xc7, 0x3f, 0xcf,
    0x3f, 0xcf, 0x3f, 0xcf, 0x3f, 0xcf, 0x3f, 0xcf, 0x1f, 0xcf, 0x3f, 0xcf,
    0x3f, 0xcf, 0x1f, 0xcf, 0x3f, 0xcf, 0x3f, 0xcf, 0x3f, 0xcf, 0x3f, 0xd7,
    0x3f, 0xd7, 0x3f, 0xd7, 0x3f, 0xcf, 0x3f, 0xcf, 0x3f, 0xcf, 0x3f, 0xcf,
    0x3f, 0xcf, 0x3f, 0xd7, 0x3f, 0xd7, 0x3f, 0xcf, 0x3f, 0xd7, 0x3f, 0xd7,
    0x3f, 0xcf, 0x3f, 0xcf, 0x3f, 0xd7, 0x3f, 0xd7, 0x3f, 0xd7, 0x3f, 0xcf,
    0x3f, 0xcf, 0x3f, 0xd7, 0x3f, 0xcf, 0x3f, 0xcf, 0x3f, 0xcf, 0x3f, 0xcf,
    0x3f, 0xcf, 0x1f, 0xcf, 0x3f, 0xcf, 0x1f, 0xcf, 0x3f, 0xcf, 0x1e, 0xcf,
    0x3f, 0xcf, 0x1f, 0xcf, 0x3f, 0xcf, 0x3e, 0xcf, 0x1f, 0xcf, 0x3f, 0xcf,
    0x3f, 0xcf, 0x1f, 0xcf, 0x3f, 0xc7, 0x1f, 0xcf, 0x3f, 0xc7, 0x1f, 0xcf,
    0x1f, 0xcf, 0x3e, 0xc7, 0x1f, 0xcf, 0x1f, 0xc7, 0x3f, 0xc7, 0x1f, 0xcf,
    0x3f, 0xcf, 0x3f, 0xcf, 0x3f, 0xd7, 0x3f, 0xcf, 0x3f, 0xcf, 0x3f, 0xcf,
    0x1f, 0xc7, 0x1f, 0xc7, 0x1f, 0xcf, 0x1f, 0xcf, 0x1f, 0xcf, 0x1f, 0xcf,
    0x1f, 0xc7, 0x1f, 0xcf, 0x1f, 0xcf, 0x1f, 0xcf, 0x1e, 0xcf, 0x1f, 0xcf,
    0x1f, 0xcf, 0x1f, 0xcf, 0x3f, 0xcf, 0x3f, 0xcf, 0x3f, 0xcf, 0x3f, 0xcf,
    0x3f, 0xcf, 0x3e, 0xcf, 0x1f, 0xcf, 0x3f, 0xcf, 0x3f, 0xcf, 0x1f, 0xcf,
    0x1f, 0xcf, 0x1f, 0xcf, 0x1f, 0xcf, 0x1f, 0xcf, 0x1f, 0xcf, 0x1f, 0xc7,
    0x1f, 0xcf, 0x1f, 0xc7, 0x1f, 0xc7, 0x1f, 0xc7, 0x1e, 0xc7, 0x1f, 0xc7,
    0xff, 0xc6, 0x1f, 0xc7, 0xff, 0xc6, 0xff, 0xc6, 0x1f, 0xc7, 0x1f, 0xc7,
    0xfe, 0xc6, 0x1f, 0xc7, 0xff, 0xc6, 0xfe, 0xc6, 0xff, 0xc6, 0xff, 0xc6,
    0x1f, 0xc7, 0x1f, 0xc7, 0x1f, 0xc7, 0x1f, 0xc7, 0x1f, 0xc7, 0x1e, 0xc7,
    0x1f, 0xbf, 0x1f, 0xc7, 0xfe, 0xbe, 0xff, 0xbe, 0x1f, 0xc7, 0xfe, 0xc6,
    0xfe, 0xbe, 0xff, 0xbe, 0x1f, 0xc7, 0xff, 0xff, 0xff, 0xff, 0xff, 0xff,
    0xff, 0xff, 0xff, 0xff, 0xff, 0xff, 0xff, 0xff, 0xff, 0xff, 0xff, 0xff,
    0xff, 0xff, 0xff, 0xff, 0xff, 0xff, 0xff, 0xff, 0xff, 0xff, 0xff, 0xff,
    0xff, 0xff, 0xff, 0xff, 0xdf, 0xf7, 0xff, 0xbe, 0x1f, 0xc7, 0x1f, 0xc7,
    0xff, 0xc6, 0xff, 0xc6, 0xff, 0xbe, 0x1f, 0xcf, 0x1f, 0xc7, 0x1f, 0xc7,
    0xff, 0xc6, 0xff, 0xbe, 0x1f, 0xc7, 0x1f, 0xc7, 0x1f, 0xc7, 0xfe, 0xbe,
    0x1f, 0xc7, 0xff, 0xc6, 0x1f, 0xc7, 0x1f, 0xc7, 0x1f, 0xc7, 0x1f, 0xcf,
    0x1f, 0xc7, 0x1f, 0xc7, 0x1f, 0xcf, 0x1e, 0xcf, 0x1f, 0xc7, 0x1f, 0xc7,
    0x1f, 0xc7, 0x3f, 0xcf, 0x1f, 0xcf, 0x1f, 0xc7, 0x1e, 0xc7, 0x1f, 0xcf,
    0x3f, 0xcf, 0x3f, 0xcf, 0x1f, 0xc7, 0x1f, 0xcf, 0x3f, 0xcf, 0x3f, 0xcf,
    0x3f, 0xcf, 0x1f, 0xcf, 0x3f, 0xcf, 0x3f, 0xcf, 0x1e, 0xc7, 0x1f, 0xcf,
    0x3f, 0xcf, 0x3f, 0xcf, 0x1f, 0xcf, 0x1f, 0xcf, 0x3e, 0xcf, 0x3f, 0xcf,
    0x3f, 0xcf, 0x1e, 0xcf, 0x3f, 0xcf, 0x3f, 0xcf, 0x3f, 0xcf, 0x3f, 0xcf,
    0x3f, 0xcf, 0x1f, 0xcf, 0x3e, 0xcf, 0x3f, 0xcf, 0x3f, 0xcf, 0x3f, 0xcf,
    0x1e, 0xcf, 0x3f, 0xcf, 0x3f, 0xcf, 0x3f, 0xcf, 0x3f, 0xcf, 0x1f, 0xcf,
    0x1f, 0xcf, 0x3e, 0xcf, 0x3f, 0xcf, 0x3f, 0xcf, 0x3f, 0xcf, 0x3f, 0xcf,
    0x3f, 0xcf, 0x3f, 0xcf, 0x3f, 0xcf, 0x3f, 0xcf, 0x3f, 0xcf, 0x3f, 0xcf,
    0x3f, 0xcf, 0x1f, 0xcf, 0x1f, 0xcf, 0x3f, 0xcf, 0x3f, 0xcf, 0x3f, 0xcf,
    0x1f, 0xcf, 0x1f, 0xcf, 0x3f, 0xcf, 0x1f, 0xcf, 0x3f, 0xcf, 0x3f, 0xcf,
    0x3f, 0xcf, 0x3f, 0xcf, 0x3f, 0xcf, 0x3f, 0xcf, 0x1f, 0xcf, 0x3f, 0xcf,
    0x3f, 0xcf, 0x1e, 0xcf, 0x3f, 0xcf, 0x3f, 0xd7, 0x3f, 0xd7, 0x3f, 0xcf,
    0x3f, 0xd7, 0x3f, 0xd7, 0x3f, 0xcf, 0x3f, 0xd7, 0x3f, 0xd7, 0x3f, 0xd7,
    0x3f, 0xcf, 0x3e, 0xd7, 0x3f, 0xcf, 0x3f, 0xcf, 0x3f, 0xd7, 0x3f, 0xd7,
    0x3f, 0xcf, 0x3f, 0xcf, 0x3f, 0xd7, 0x3f, 0xcf, 0x3f, 0xcf, 0x3f, 0xcf,
    0x3f, 0xd7, 0x3f, 0xcf, 0x3f, 0xcf, 0x3f, 0xcf, 0x1f, 0xcf, 0x1f, 0xcf,
    0x3f, 0xcf, 0x3f, 0xcf, 0x1f, 0xcf, 0x3f, 0xcf, 0x1f, 0xcf, 0x3f, 0xcf,
    0x3f, 0xcf, 0x3f, 0xcf, 0x3f, 0xcf, 0x3f, 0xcf, 0x3f, 0xcf, 0x1f, 0xcf,
    0x1f, 0xcf, 0x3f, 0xcf, 0x1e, 0xcf, 0x1f, 0xcf, 0x1f, 0xc7, 0x3f, 0xcf,
    0x3f, 0xcf, 0x1f, 0xc7, 0x1f, 0xcf, 0x3f, 0xcf, 0x3f, 0xcf, 0x5f, 0xd7,
    0x3f, 0xd7, 0x3f, 0xcf, 0x3f, 0xcf, 0x1f, 0xc7, 0x1f, 0xcf, 0x1f, 0xcf,
    0x1f, 0xc7, 0x1f, 0xcf, 0x1f, 0xcf, 0x3f, 0xc7, 0x1f, 0xcf, 0x3f, 0xcf,
    0x3f, 0xcf, 0x1f, 0xcf, 0x1f, 0xc7, 0x3f, 0xcf, 0x3f, 0xcf, 0x3f, 0xcf,
    0x3f, 0xcf, 0x1f, 0xcf, 0x1f, 0xc7, 0x1f, 0xcf, 0x1f, 0xcf, 0x1f, 0xc7,
    0x1f, 0xc7, 0x1f, 0xc7, 0x1f, 0xc7, 0x1f, 0xc7, 0x1e, 0xc7, 0x1f, 0xc7,
    0x1f, 0xc7, 0x1f, 0xc7, 0x1f, 0xc7, 0x1f, 0xcf, 0x1f, 0xc7, 0x1f, 0xc7,
    0x1f, 0xcf, 0x1f, 0xcf, 0x1f, 0xcf, 0x1f, 0xcf, 0x3f, 0xcf, 0x1f, 0xc7,
    0x1f, 0xc7, 0x1f, 0xc7, 0x1f, 0xc7, 0xff, 0xc6, 0x1f, 0xc7, 0x1f, 0xc7,
    0xff, 0xc6, 0xff, 0xc6, 0xff, 0xc6, 0x1e, 0xc7, 0xff, 0xc6, 0x1f, 0xc7,
    0xfe, 0xc6, 0xff, 0xc6, 0x1e, 0xc7, 0xff, 0xc6, 0x1f, 0xc7, 0x1f, 0xc7,
    0x1f, 0xc7, 0xff, 0xc6, 0x1f, 0xc7, 0xff, 0xc6, 0xff, 0xbe, 0xff, 0xbe,
    0xff, 0xc6, 0xff, 0xc6, 0xff, 0xbe, 0x5f, 0xd7, 0xff, 0xff, 0xff, 0xff,
    0xff, 0xff, 0xff, 0xff, 0xff, 0xff, 0xff, 0xff, 0xff, 0xff, 0xff, 0xff,
    0xff, 0xff, 0xff, 0xff, 0xff, 0xff, 0xff, 0xff, 0xff, 0xff, 0xff, 0xff,
    0xff, 0xff, 0xff, 0xff, 0x3f, 0xd7, 0xde, 0xbe, 0xfe, 0xbe, 0xff, 0xc6,
    0xfe, 0xc6, 0xff, 0xc6, 0x1f, 0xc7, 0xfe, 0xbe, 0xff, 0xc6, 0x1f, 0xc7,
    0xfe, 0xc6, 0xff, 0xbe, 0xfe, 0xc6, 0x1f, 0xc7, 0xff, 0xc6, 0xff, 0xc6,
    0xfe, 0xbe, 0x1f, 0xc7, 0x1f, 0xc7, 0x1e, 0xc7, 0xff, 0xc6, 0x1f, 0xc7,
    0x1f, 0xcf, 0x1f, 0xc7, 0x1e, 0xc7, 0xff, 0xc6, 0x1f, 0xc7, 0x1f, 0xc7,
    0x1e, 0xc7, 0x1f, 0xc7, 0x1f, 0xcf, 0x1e, 0xcf, 0x1f, 0xcf, 0x3f, 0xcf,
    0x1f, 0xcf, 0x1f, 0xcf, 0x1f, 0xc7, 0x3f, 0xcf, 0x1f, 0xcf, 0x1f, 0xcf,
    0x3f, 0xc7, 0x1f, 0xcf, 0x1f, 0xc7, 0x1f, 0xc7, 0x3f, 0xcf, 0x3f, 0xcf,
    0x3f, 0xcf, 0x1f, 0xcf, 0x3f, 0xcf, 0x3f, 0xcf, 0x3f, 0xcf, 0x3f, 0xcf,
    0x3f, 0xcf, 0x1f, 0xcf, 0x3f, 0xcf, 0x3f, 0xcf, 0x1f, 0xcf, 0x3f, 0xcf,
    0x3f, 0xcf, 0x1f, 0xcf, 0x1f, 0xcf, 0x3f, 0xcf, 0x3f, 0xcf, 0x1f, 0xcf,
    0x1f, 0xcf, 0x3f, 0xcf, 0x3f, 0xcf, 0x3f, 0xcf, 0x3f, 0xcf, 0x1f, 0xcf,
    0x3f, 0xcf, 0x3f, 0xcf, 0x3f, 0xcf, 0x1f, 0xcf, 0x3f, 0xcf, 0x3f, 0xcf,
    0x1f, 0xcf, 0x3f, 0xcf, 0x3f, 0xcf, 0x3f, 0xd7, 0x3f, 0xcf, 0x1f, 0xcf,
    0x3f, 0xcf, 0x3f, 0xcf, 0x1f, 0xcf, 0x3f, 0xcf, 0x3f, 0xcf, 0x1f, 0xcf,
    0x3f, 0xcf, 0x3f, 0xc7, 0x1f, 0xcf, 0x3f, 0xcf, 0x3f, 0xcf, 0x3f, 0xcf,
    0x3f, 0xd7, 0x3f, 0xcf, 0x3f, 0xcf, 0x1f, 0xd7, 0x3f, 0xcf, 0x1f, 0xcf,
    0x3f, 0xcf, 0x5f, 0xd7, 0x3f, 0xd7, 0x5f, 0xd7, 0x3f, 0xd7, 0x3f, 0xd7,
    0x3f, 0xcf, 0x3f, 0xd7, 0x3f, 0xcf, 0x3e, 0xd7, 0x3f, 0xd7, 0x3f, 0xcf,
    0x3f, 0xd7, 0x3f, 0xd7, 0x3f, 0xd7, 0x3f, 0xcf, 0x3f, 0xcf, 0x3f, 0xcf,
    0x3f, 0xcf, 0x3f, 0xd7, 0x3f, 0xd7, 0x3f, 0xcf, 0x3f, 0xcf, 0x3f, 0xd7,
    0x3f, 0xcf, 0x1f, 0xcf, 0x3f, 0xd7, 0x3f, 0xcf, 0x3f, 0xcf, 0x3f, 0xcf,
    0x3f, 0xcf, 0x3f, 0xcf, 0x3f, 0xcf, 0x1f, 0xcf, 0x3f, 0xcf, 0x3f, 0xcf,
    0x1f, 0xcf, 0x1f, 0xcf, 0x1f, 0xcf, 0x1f, 0xcf, 0x3f, 0xcf, 0x3f, 0xcf,
    0x3f, 0xcf, 0x1f, 0xcf, 0x3f, 0xcf, 0x1f, 0xcf, 0x3f, 0xcf, 0x1e, 0xc7,
    0x3f, 0xcf, 0x3f, 0xcf, 0x3f, 0xd7, 0x5f, 0xd7, 0x3f, 0xcf, 0x3f, 0xcf,
    0x1f, 0xcf, 0x3f, 0xcf, 0x1f, 0xcf, 0x1f, 0xc7, 0x1f, 0xcf, 0x3f, 0xcf,
    0x3f, 0xcf, 0x3f, 0xcf, 0x3f, 0xcf, 0x3f, 0xcf, 0x3f, 0xcf, 0x1f, 0xcf,
    0x3f, 0xcf, 0x3f, 0xcf, 0x1f, 0xcf, 0x3f, 0xc7, 0x1f, 0xcf, 0x1f, 0xcf,
    0x3f, 0xc7, 0x3f, 0xcf, 0x1f, 0xcf, 0x3f, 0xcf, 0x3f, 0xcf, 0x1f, 0xcf,
    0x1f, 0xcf, 0x3f, 0xcf, 0x1f, 0xcf, 0x1f, 0xcf, 0x1f, 0xcf, 0x1e, 0xcf,
    0x1f, 0xc7, 0x1f, 0xcf, 0x1f, 0xcf, 0x1f, 0xc7, 0x1f, 0xc7, 0x1f, 0xc7,
    0x1f, 0xc7, 0x1e, 0xc7, 0x1f, 0xc7, 0x1f, 0xc7, 0x1f, 0xc7, 0x1f, 0xcf,
    0x1f, 0xcf, 0x3f, 0xcf, 0x1f, 0xcf, 0x1e, 0xcf, 0x1f, 0xc7, 0x1f, 0xc7,
    0x1e, 0xc7, 0x1f, 0xc7, 0xfe, 0xc6, 0xff, 0xc6, 0xff, 0xc6, 0x1f, 0xc7,
    0xff, 0xc6, 0xfe, 0xc6, 0x1f, 0xc7, 0xff, 0xc6, 0xff, 0xc6, 0x1f, 0xc7,
    0xff, 0xc6, 0x1f, 0xc7, 0xff, 0xc6, 0xfe, 0xc6, 0xff, 0xbe, 0xff, 0xc6,
    0xff, 0xc6, 0xff, 0xbe, 0xff, 0xc6, 0xfe, 0xbe, 0xbf, 0xf7, 0xff, 0xff,
    0xff, 0xff, 0xff, 0xff, 0xff, 0xff, 0xff, 0xff, 0xff, 0xff, 0xff, 0xff,
    0xff, 0xff, 0xff, 0xff, 0xff, 0xff, 0xff, 0xff, 0xff, 0xff, 0xff, 0xff,
    0xff, 0xff, 0xbf, 0xef, 0xdf, 0xbe, 0xff, 0xbe, 0xff, 0xbe, 0x1e, 0xc7,
    0x1f, 0xc7, 0xfe, 0xc6, 0x1f, 0xc7, 0x1f, 0xc7, 0xfe, 0xbe, 0xff, 0xc6,
    0x1f, 0xc7, 0x1f, 0xc7, 0x1f, 0xc7, 0x1e, 0xc7, 0xff, 0xc6, 0x1f, 0xc7,
    0x1f, 0xc7, 0x1f, 0xc7, 0xfe, 0xc6, 0xff, 0xc6, 0x1f, 0xc7, 0x3f, 0xcf,
    0x1f, 0xc7, 0x1e, 0xcf, 0x1f, 0xc7, 0x1f, 0xc7, 0x1f, 0xc7, 0x1f, 0xcf,
    0x1e, 0xc7, 0x3f, 0xcf, 0x1f, 0xc7, 0x3f, 0xcf, 0x3f, 0xcf, 0x3f, 0xcf,
    0x1f, 0xc7, 0x1f, 0xc7, 0x3e, 0xcf, 0x3f, 0xcf, 0x3f, 0xcf, 0x3e, 0xc7,
    0x1f, 0xcf, 0x3f, 0xcf, 0x3e, 0xcf, 0x1f, 0xcf, 0x3f, 0xcf, 0x3f, 0xcf,
    0x1f, 0xcf, 0x1e, 0xcf, 0x3f, 0xcf, 0x3f, 0xcf, 0x3f, 0xcf, 0x3f, 0xcf,
    0x3f, 0xcf, 0x3f, 0xcf, 0x3f, 0xcf, 0x3f, 0xcf, 0x3f, 0xcf, 0x3f, 0xcf,
    0x3f, 0xcf, 0x1f, 0xcf, 0x3f, 0xcf, 0x3f, 0xcf, 0x3f, 0xcf, 0x3f, 0xcf,
    0x3f, 0xcf, 0x3f, 0xcf, 0x3f, 0xcf, 0x1f, 0xcf, 0x3f, 0xcf, 0x3f, 0xcf,
    0x3f, 0xcf, 0x3f, 0xcf, 0x1f, 0xcf, 0x3f, 0xcf, 0x3f, 0xcf, 0x3f, 0xcf,
    0x1f, 0xcf, 0x3f, 0xcf, 0x3f, 0xd7, 0x3f, 0xcf, 0x3f, 0xcf, 0x1f, 0xcf,
    0x1f, 0xcf, 0x3f, 0xcf, 0x3f, 0xcf, 0x3f, 0xcf, 0x1f, 0xcf, 0x3f, 0xcf,
    0x1f, 0xc7, 0x3f, 0xcf, 0x3f, 0xcf, 0x3f, 0xcf, 0x1f, 0xcf, 0x3f, 0xcf,
    0x3f, 0xcf, 0x1f, 0xcf, 0x3f, 0xd7, 0x3f, 0xcf, 0x3f, 0xcf, 0x3f, 0xd7,
    0x3f, 0xd7, 0x3f, 0xd7, 0x3f, 0xd7, 0x5f, 0xcf, 0x3f, 0xd7, 0x3f, 0xd7,
    0x3f, 0xcf, 0x3f, 0xd7, 0x3f, 0xd7, 0x3f, 0xcf, 0x3f, 0xcf, 0x3f, 0xd7,
    0x3f, 0xcf, 0x3f, 0xd7, 0x3f, 0xd7, 0x3f, 0xcf, 0x3f, 0xd7, 0x3f, 0xd7,
    0x3f, 0xcf, 0x3f, 0xd7, 0x3f, 0xcf, 0x3f, 0xcf, 0x3f, 0xd7, 0x3f, 0xcf,
    0x3f, 0xcf, 0x3f, 0xcf, 0x3f, 0xd7, 0x3f, 0xcf, 0x3f, 0xcf, 0x3f, 0xd7,
    0x1f, 0xcf, 0x1f, 0xcf, 0x3f, 0xcf, 0x3f, 0xcf, 0x3f, 0xcf, 0x3f, 0xcf,
    0x1f, 0xcf, 0x3f, 0xcf, 0x1f, 0xcf, 0x3f, 0xcf, 0x3f, 0xcf, 0x3f, 0xcf,
    0x3f, 0xcf, 0x1f, 0xcf, 0x3f, 0xc7, 0x1f, 0xc7, 0x1f, 0xcf, 0x3f, 0xcf,
    0x3f, 0xd7, 0x5f, 0xd7, 0x3f, 0xcf, 0x1f, 0xcf, 0x3f, 0xcf, 0x3f, 0xcf,
    0x1f, 0xcf, 0x3f, 0xcf, 0x3f, 0xcf, 0x1e, 0xcf, 0x3f, 0xcf, 0x3f, 0xcf,
    0x3f, 0xcf, 0x3f, 0xcf, 0x1f, 0xcf, 0x3f, 0xcf, 0x3f, 0xcf, 0x3f, 0xcf,
    0x1e, 0xcf, 0x1f, 0xc7, 0x1f, 0xcf, 0x1f, 0xc7, 0x1f, 0xc7, 0x1f, 0xc7,
    0x1f, 0xc7, 0x3f, 0xcf, 0x3f, 0xc7, 0x1f, 0xc7, 0x1f, 0xc7, 0x1f, 0xc7,
    0x1f, 0xc7, 0x1f, 0xc7, 0x1f, 0xc7, 0x1f, 0xc7, 0x1f, 0xc7, 0x1f, 0xc7,
    0x1f, 0xc7, 0x1f, 0xcf, 0x1e, 0xc7, 0x1f, 0xc7, 0x1f, 0xcf, 0x3f, 0xcf,
    0x1f, 0xcf, 0x1f, 0xc7, 0x1f, 0xc7, 0x1f, 0xc7, 0x1f, 0xc7, 0x1f, 0xc7,
    0x1f, 0xc7, 0x1f, 0xc7, 0x1f, 0xc7, 0x1f, 0xc7, 0x1f, 0xc7, 0x1f, 0xcf,
    0x1f, 0xcf, 0x1f, 0xc7, 0x1f, 0xc7, 0x1f, 0xc7, 0xff, 0xbe, 0x1f, 0xc7,
    0x1f, 0xc7, 0xff, 0xc6, 0x1f, 0xc7, 0x1f, 0xc7, 0xff, 0xc6, 0xfe, 0xc6,
    0x1f, 0xc7, 0x1f, 0xc7, 0x1f, 0xc7, 0x1f, 0xc7, 0xfe, 0xc6, 0xfe, 0xbe,
    0xff, 0xc6, 0xff, 0xc6, 0xff, 0xbe, 0xff, 0xbe, 0x3f, 0xd7, 0xff, 0xff,
    0xff, 0xff, 0xff, 0xff, 0xff, 0xff, 0xff, 0xff, 0xff, 0xff, 0xff, 0xff,
    0xff, 0xff, 0xff, 0xff, 0xff, 0xff, 0xff, 0xff, 0xff, 0xff, 0xff, 0xff,
    0xff, 0xff, 0x5f, 0xd7, 0xde, 0xbe, 0xdf, 0xbe, 0x3f, 0xcf, 0x7f, 0xdf,
    0xff, 0xc6, 0x1e, 0xc7, 0x1f, 0xc7, 0x9f, 0xe7, 0x1f, 0xc7, 0xfe, 0xbe,
    0x1f, 0xc7, 0x5f, 0xd7, 0x9f, 0xe7, 0xff, 0xc6, 0x1f, 0xc7, 0xfe, 0xc6,
    0x9f, 0xe7, 0x3f, 0xd7, 0xfe, 0xc6, 0x1f, 0xc7, 0x5f, 0xd7, 0x7f, 0xdf,
    0x1e, 0xc7, 0x1f, 0xc7, 0x3f, 0xcf, 0x7f, 0xdf, 0x1f, 0xcf, 0x1f, 0xc7,
    0x1f, 0xcf, 0x7f, 0xdf, 0x3f, 0xcf, 0x1f, 0xcf, 0x1f, 0xc7, 0x5f, 0xd7,
    0x5f, 0xd7, 0x1e, 0xcf, 0x3f, 0xcf, 0x5f, 0xcf, 0x5f, 0xd7, 0x3f, 0xcf,
    0x3f, 0xcf, 0x3f, 0xcf, 0x5f, 0xd7, 0x3f, 0xcf, 0x1f, 0xcf, 0x3f, 0xcf,
    0x5f, 0xd7, 0x3f, 0xcf, 0x3f, 0xcf, 0x3f, 0xcf, 0x3f, 0xd7, 0x3f, 0xcf,
    0x3f, 0xcf, 0x3f, 0xcf, 0x5f, 0xd7, 0x3f, 0xd7, 0x3f, 0xcf, 0x3f, 0xcf,
    0x3f, 0xcf, 0x3f, 0xd7, 0x3f, 0xcf, 0x3f, 0xcf, 0x3f, 0xcf, 0x5f, 0xd7,
    0x3f, 0xcf, 0x3f, 0xcf, 0x3f, 0xcf, 0x5f, 0xd7, 0x3f, 0xd7, 0x3f, 0xcf,
    0x3f, 0xcf, 0x3f, 0xd7, 0x3f, 0xcf, 0x3f, 0xd7, 0x3f, 0xcf, 0x3f, 0xd7,
    0x3f, 0xd7, 0x5f, 0xd7, 0x3f, 0xcf, 0x1f, 0xcf, 0x3f, 0xcf, 0x1f, 0xc7,
    0x3f, 0xcf, 0x3f, 0xcf, 0x3f, 0xcf, 0x1f, 0xcf, 0x3f, 0xcf, 0x1f, 0xcf,
    0x3f, 0xcf, 0x3f, 0xd7, 0x3f, 0xcf, 0x1f, 0xcf, 0x3f, 0xcf, 0x3f, 0xcf,
    0x3f, 0xcf, 0x1f, 0xcf, 0x3f, 0xcf, 0x3f, 0xd7, 0x3f, 0xd7, 0x3f, 0xd7,
    0x3f, 0xd7, 0x3f, 0xd7, 0x3f, 0xd7, 0x3f, 0xd7, 0x3f, 0xcf, 0x5f, 0xd7,
    0x3f, 0xcf, 0x3f, 0xd7, 0x3f, 0xd7, 0x3f, 0xcf, 0x3f, 0xd7, 0x3f, 0xd7,
    0x3f, 0xcf, 0x3f, 0xcf, 0x3f, 0xcf, 0x3f, 0xd7, 0x3f, 0xd7, 0x3e, 0xcf,
    0x3f, 0xd7, 0x3f, 0xcf, 0x3f, 0xcf, 0x3f, 0xd7, 0x3f, 0xcf, 0x3f, 0xd7,
    0x1f, 0xcf, 0x3f, 0xcf, 0x3f, 0xcf, 0x1f, 0xcf, 0x3f, 0xcf, 0x3f, 0xcf,
    0x1f, 0xcf, 0x3e, 0xcf, 0x3f, 0xcf, 0x1f, 0xcf, 0x3f, 0xcf, 0x1f, 0xcf,
    0x1f, 0xcf, 0x1f, 0xcf, 0x3f, 0xcf, 0x3f, 0xcf, 0x3f, 0xcf, 0x3f, 0xcf,
    0x1f, 0xcf, 0x1f, 0xc7, 0x3f, 0xcf, 0x5f, 0xd7, 0x5f, 0xd7, 0x3f, 0xcf,
    0x3f, 0xcf, 0x3f, 0xcf, 0x3f, 0xcf, 0x3f, 0xcf, 0x3f, 0xcf, 0x3f, 0xcf,
    0x1f, 0xcf, 0x1f, 0xcf, 0x3f, 0xcf, 0x3f, 0xcf, 0x3f, 0xcf, 0x3f, 0xcf,
    0x3f, 0xcf, 0x1f, 0xcf, 0x3f, 0xcf, 0x1f, 0xc7, 0x3f, 0xcf, 0x3f, 0xcf,
    0x3f, 0xcf, 0x5f, 0xd7, 0x5f, 0xd7, 0x7f, 0xdf, 0x7f, 0xdf, 0x7f, 0xdf,
    0x7f, 0xe7, 0x9f, 0xe7, 0x7f, 0xe7, 0x9f, 0xe7, 0x9f, 0xe7, 0x9f, 0xe7,
    0x9f, 0xe7, 0x7f, 0xe7, 0x7f, 0xdf, 0x7f, 0xdf, 0x7f, 0xdf, 0x5f, 0xd7,
    0x3f, 0xd7, 0x3f, 0xcf, 0x3f, 0xcf, 0x1f, 0xcf, 0x1f, 0xc7, 0x1e, 0xc7,
    0x1f, 0xc7, 0x1f, 0xcf, 0x1f, 0xc7, 0x1f, 0xcf, 0x1e, 0xcf, 0x1f, 0xc7,
    0x1f, 0xc7, 0x1e, 0xc7, 0x1f, 0xc7, 0x1f, 0xc7, 0x1f, 0xc7, 0x1f, 0xc7,
    0x1f, 0xc7, 0x1f, 0xc7, 0x1f, 0xcf, 0x1f, 0xc7, 0x1f, 0xc7, 0x1e, 0xc7,
    0xff, 0xc6, 0xff, 0xc6, 0x1f, 0xc7, 0xff, 0xc6, 0x1f, 0xc7, 0xff, 0xc6,
    0xff, 0xc6, 0x1f, 0xc7, 0xff, 0xc6, 0xff, 0xc6, 0x1f, 0xc7, 0x1f, 0xc7,
    0xfe, 0xbe, 0xff, 0xbe, 0xff, 0xc6, 0xff, 0xc6, 0xff, 0xbe, 0xdf, 0xf7,
    0xff, 0xff, 0xff, 0xff, 0xff, 0xff, 0xff, 0xff, 0xff, 0xff, 0xff, 0xff,
    0xff, 0xff, 0xff, 0xff, 0xff, 0xff, 0xff, 0xff, 0xff, 0xff, 0xff, 0xff,
    0xdf, 0xff, 0x1f, 0xc7, 0xfe, 0xbe, 0xff, 0xbe, 0xfe, 0xc6, 0x1f, 0xcf,
    0x1f, 0xc7, 0xff, 0xc6, 0xfe, 0xc6, 0x1f, 0xc7, 0xff, 0xbe, 0xff, 0xc6,
    0x1f, 0xc7, 0x1f, 0xcf, 0x3f, 0xcf, 0x1f, 0xc7, 0xff, 0xc6, 0x1f, 0xc7,
    0x1f, 0xc7, 0x1f, 0xc7, 0x1e, 0xc7, 0x1f, 0xc7, 0x1f, 0xc7, 0x1f, 0xcf,
    0x1f, 0xc7, 0x1f, 0xc7, 0x1f, 0xcf, 0x3f, 0xcf, 0x1e, 0xc7, 0x1f, 0xc7,
    0x1f, 0xc7, 0x3f, 0xcf, 0x1e, 0xcf, 0x3f, 0xcf, 0x1f, 0xcf, 0x3f, 0xcf,
    0x3f, 0xcf, 0x1f, 0xcf, 0x3f, 0xcf, 0x3f, 0xcf, 0x3f, 0xcf, 0x3f, 0xcf,
    0x3f, 0xcf, 0x3f, 0xcf, 0x3f, 0xcf, 0x3f, 0xcf, 0x3f, 0xcf, 0x1f, 0xcf,
    0x3f, 0xcf, 0x3f, 0xcf, 0x3f, 0xcf, 0x3f, 0xcf, 0x3f, 0xcf, 0x3f, 0xcf,
    0x3f, 0xcf, 0x3f, 0xcf, 0x3f, 0xd7, 0x3f, 0xd7, 0x3f, 0xcf, 0x3f, 0xcf,
    0x3f, 0xcf, 0x3f, 0xd7, 0x3f, 0xcf, 0x3f, 0xcf, 0x3f, 0xcf, 0x3f, 0xd7,
    0x1f, 0xcf, 0x3f, 0xcf, 0x3f, 0xcf, 0x3f, 0xcf, 0x3f, 0xcf, 0x3f, 0xd7,
    0x3f, 0xcf, 0x3f, 0xcf, 0x3f, 0xcf, 0x3f, 0xcf, 0x3f, 0xcf, 0x3f, 0xd7,
    0x5f, 0xd7, 0x3f, 0xcf, 0x1f, 0xcf, 0x3f, 0xcf, 0x1f, 0xcf, 0x3f, 0xcf,
    0x3f, 0xcf, 0x3f, 0xcf, 0x1f, 0xcf, 0x3f, 0xcf, 0x3f, 0xcf, 0x3f, 0xcf,
    0x3f, 0xcf, 0x3f, 0xcf, 0x1f, 0xcf, 0x3f, 0xcf, 0x3f, 0xcf, 0x3f, 0xd7,
    0x1f, 0xcf, 0x3f, 0xcf, 0x3f, 0xd7, 0x5f, 0xd7, 0x5f, 0xd7, 0x5f, 0xd7,
    0x5f, 0xd7, 0x3f, 0xd7, 0x3f, 0xcf, 0x3f, 0xd7, 0x3f, 0xd7, 0x3f, 0xcf,
    0x5f, 0xd7, 0x3f, 0xcf, 0x3f, 0xd7, 0x3f, 0xd7, 0x3f, 0xd7, 0x3f, 0xd7,
    0x3f, 0xcf, 0x3f, 0xd7, 0x3f, 0xcf, 0x3f, 0xcf, 0x3f, 0xcf, 0x3f, 0xd7,
    0x3f, 0xcf, 0x3f, 0xd7, 0x3f, 0xd7, 0x3f, 0xcf, 0x3f, 0xcf, 0x3f, 0xd7,
    0x3f, 0xcf, 0x3f, 0xcf, 0x3f, 0xd7, 0x1f, 0xcf, 0x3f, 0xcf, 0x3f, 0xd7,
    0x3f, 0xcf, 0x3f, 0xcf, 0x3f, 0xcf, 0x3f, 0xcf, 0x3f, 0xcf, 0x1f, 0xcf,
    0x3f, 0xcf, 0x3f, 0xcf, 0x1f, 0xcf, 0x3f, 0xcf, 0x1f, 0xcf, 0x1f, 0xcf,
    0x3f, 0xcf, 0x5f, 0xd7, 0x5f, 0xd7, 0x3f, 0xd7, 0x3f, 0xcf, 0x3f, 0xcf,
    0x3f, 0xcf, 0x3f, 0xcf, 0x3f, 0xcf, 0x3f, 0xcf, 0x3f, 0xcf, 0x3f, 0xcf,
    0x3f, 0xcf, 0x3f, 0xcf, 0x3f, 0xcf, 0x3f, 0xcf, 0x3f, 0xcf, 0x3f, 0xcf,
    0x3f, 0xcf, 0x5f, 0xd7, 0x5f, 0xdf, 0x7f, 0xdf, 0x9f, 0xe7, 0x9f, 0xef,
    0xbf, 0xef, 0xbf, 0xef, 0xbf, 0xef, 0xbf, 0xef, 0xbf, 0xef, 0xbf, 0xef,
    0xbf, 0xef, 0xbf, 0xef, 0xbf, 0xef, 0xbf, 0xef, 0xbf, 0xef, 0xbf, 0xef,
    0xbf, 0xef, 0xbf, 0xef, 0xbf, 0xef, 0x9f, 0xef, 0xbf, 0xf7, 0xbf, 0xef,
    0xbf, 0xef, 0xbf, 0xef, 0xbf, 0xef, 0x9f, 0xef, 0x9f, 0xe7, 0x7f, 0xdf,
    0x5f, 0xd7, 0x3f, 0xd7, 0x3f, 0xcf, 0x1f, 0xc7, 0x1f, 0xc7, 0x1f, 0xc7,
    0x1f, 0xc7, 0x1f, 0xc7, 0x1f, 0xcf, 0x1f, 0xc7, 0x1f, 0xc7, 0x1f, 0xcf,
    0x1f, 0xc7, 0x1f, 0xc7, 0x1f, 0xc7, 0x1f, 0xc7, 0x1f, 0xc7, 0x1f, 0xcf,
    0x1f, 0xc7, 0x1e, 0xc7, 0xfe, 0xc6, 0x1f, 0xc7, 0x1f, 0xc7, 0xff, 0xc6,
    0x1e, 0xc7, 0xff, 0xc6, 0x1e, 0xc7, 0xff, 0xc6, 0x1f, 0xc7, 0xff, 0xc6,
    0x1f, 0xc7, 0x1f, 0xc7, 0xff, 0xc6, 0x1e, 0xc7, 0xff, 0xbe, 0x5f, 0xd7,
    0xff, 0xff, 0xff, 0xff, 0xff, 0xff, 0xff, 0xff, 0xff, 0xff, 0xff, 0xff,
    0xff, 0xff, 0xff, 0xff, 0xff, 0xff, 0xff, 0xff, 0xff, 0xff, 0xff, 0xff,
    0x9f, 0xe7, 0xff, 0xc6, 0x1f, 0xc7, 0xff, 0xc6, 0xfe, 0xc6, 0xff, 0xc6,
    0x1f, 0xc7, 0x1f, 0xc7, 0xff, 0xc6, 0xfe, 0xbe, 0xfe, 0xc6, 0x1f, 0xc7,
    0x1f, 0xc7, 0x1e, 0xc7, 0xfe, 0xc6, 0x1f, 0xc7, 0xfe, 0xc6, 0x1f, 0xc7,
    0x1e, 0xc7, 0x1f, 0xc7, 0xff, 0xc6, 0xfe, 0xc6, 0x1e, 0xc7, 0x1f, 0xc7,
    0x1f, 0xc7, 0x1e, 0xc7, 0x1f, 0xcf, 0x1f, 0xcf, 0x3f, 0xcf, 0x1f, 0xcf,
    0x3f, 0xcf, 0x1e, 0xcf, 0x3f, 0xcf, 0x1f, 0xc7, 0x1f, 0xc7, 0x1f, 0xcf,
    0x3f, 0xcf, 0x3f, 0xcf, 0x1f, 0xcf, 0x1f, 0xcf, 0x1f, 0xcf, 0x3f, 0xcf,
    0x3f, 0xcf, 0x1f, 0xcf, 0x1f, 0xcf, 0x3f, 0xcf, 0x3f, 0xcf, 0x1f, 0xcf,
    0x1f, 0xcf, 0x3f, 0xcf, 0x3f, 0xcf, 0x3f, 0xcf, 0x3f, 0xcf, 0x3f, 0xd7,
    0x3f, 0xcf, 0x3f, 0xcf, 0x3f, 0xcf, 0x3f, 0xd7, 0x3f, 0xcf, 0x3f, 0xcf,
    0x3f, 0xd7, 0x3f, 0xd7, 0x3f, 0xcf, 0x3f, 0xcf, 0x3f, 0xcf, 0x3f, 0xd7,
    0x3f, 0xcf, 0x1f, 0xcf, 0x3f, 0xd7, 0x3f, 0xcf, 0x3f, 0xcf, 0x1f, 0xcf,
    0x3f, 0xcf, 0x3f, 0xcf, 0x3f, 0xd7, 0x3f, 0xcf, 0x3f, 0xd7, 0x5f, 0xd7,
    0x3f, 0xcf, 0x3f, 0xcf, 0x3f, 0xcf, 0x3f, 0xcf, 0x5f, 0xd7, 0x3f, 0xcf,
    0x3f, 0xcf, 0x1f, 0xcf, 0x3f, 0xcf, 0x1f, 0xcf, 0x3f, 0xcf, 0x3f, 0xcf,
    0x1f, 0xcf, 0x3f, 0xcf, 0x3f, 0xcf, 0x3f, 0xcf, 0x3f, 0xcf, 0x1f, 0xcf,
    0x3f, 0xd7, 0x3f, 0xd7, 0x5f, 0xd7, 0x5f, 0xd7, 0x3f, 0xd7, 0x3f, 0xd7,
    0x3f, 0xd7, 0x3f, 0xd7, 0x5f, 0xd7, 0x3f, 0xd7, 0x3f, 0xcf, 0x3f, 0xcf,
    0x3f, 0xd7, 0x3f, 0xcf, 0x3f, 0xd7, 0x3f, 0xcf, 0x3f, 0xcf, 0x3f, 0xd7,
    0x3f, 0xd7, 0x3f, 0xcf, 0x3f, 0xd7, 0x3f, 0xd7, 0x3f, 0xcf, 0x3f, 0xd7,
    0x3f, 0xcf, 0x3f, 0xd7, 0x3f, 0xd7, 0x3f, 0xcf, 0x3f, 0xcf, 0x3f, 0xd7,
    0x3f, 0xcf, 0x3f, 0xcf, 0x3f, 0xd7, 0x3f, 0xcf, 0x1f, 0xcf, 0x3f, 0xd7,
    0x3f, 0xcf, 0x1f, 0xcf, 0x3f, 0xd7, 0x3f, 0xd7, 0x3f, 0xcf, 0x3f, 0xcf,
    0x3f, 0xcf, 0x3f, 0xcf, 0x1f, 0xcf, 0x1f, 0xcf, 0x5f, 0xcf, 0x5f, 0xd7,
    0x5f, 0xd7, 0x3f, 0xd7, 0x3f, 0xcf, 0x3f, 0xcf, 0x3f, 0xcf, 0x3f, 0xcf,
    0x3f, 0xd7, 0x3f, 0xcf, 0x3f, 0xcf, 0x3f, 0xcf, 0x1f, 0xcf, 0x3f, 0xcf,
    0x1f, 0xcf, 0x3f, 0xcf, 0x3f, 0xd7, 0x5f, 0xd7, 0x7f, 0xdf, 0x9f, 0xe7,
    0xbf, 0xef, 0xbf, 0xef, 0xbf, 0xef, 0xbf, 0xef, 0x9f, 0xef, 0x9f, 0xef,
    0x9f, 0xef, 0x9f, 0xef, 0x9f, 0xef, 0x9f, 0xef, 0x9f, 0xef, 0x9f, 0xef,
    0x9f, 0xef, 0x9f, 0xef, 0x9f, 0xef, 0x9f, 0xef, 0x9f, 0xef, 0x9f, 0xef,
    0x9f, 0xef, 0x9f, 0xef, 0xbf, 0xef, 0x9f, 0xef, 0x9f, 0xef, 0xbf, 0xef,
    0x9f, 0xef, 0xbf, 0xef, 0xbf, 0xef, 0x9f, 0xef, 0xbf, 0xef, 0xbf, 0xf7,
    0xbf, 0xef, 0xbf, 0xef, 0x9f, 0xef, 0x9f, 0xe7, 0x7f, 0xdf, 0x3f, 0xd7,
    0x1f, 0xcf, 0x1f, 0xc7, 0x1f, 0xc7, 0x1f, 0xc7, 0x1f, 0xcf, 0x1f, 0xcf,
    0x1f, 0xcf, 0x1f, 0xc7, 0x1f, 0xc7, 0x1e, 0xcf, 0x1f, 0xc7, 0x1f, 0xc7,
    0x1f, 0xc7, 0x1f, 0xc7, 0x1f, 0xc7, 0x1f, 0xc7, 0xfe, 0xc6, 0x1f, 0xc7,
    0x1f, 0xc7, 0xff, 0xc6, 0x1f, 0xc7, 0x1e, 0xc7, 0xff, 0xc6, 0xff, 0xc6,
    0x1e, 0xc7, 0x1f, 0xc7, 0xff, 0xc6, 0xff, 0xc6, 0xfe, 0xbe, 0x1f, 0xc7,
    0xff, 0xff, 0xff, 0xff, 0xff, 0xff, 0xff, 0xff, 0xff, 0xff, 0xff, 0xff,
    0xff, 0xff, 0xff, 0xff, 0xff, 0xff, 0xff, 0xff, 0xff, 0xff, 0xff, 0xff,
    0x3f, 0xd7, 0xff, 0xbe, 0x1f, 0xc7, 0x1f, 0xc7, 0x1e, 0xc7, 0xfe, 0xbe,
    0xff, 0xbe, 0x1f, 0xc7, 0xff, 0xbe, 0xfe, 0xc6, 0x1f, 0xc7, 0x1f, 0xc7,
    0x1f, 0xc7, 0x1f, 0xc7, 0x1e, 0xc7, 0x1f, 0xc7, 0x1f, 0xc7, 0xfe, 0xc6,
    0x1f, 0xc7, 0x1f, 0xc7, 0x1f, 0xc7, 0x1e, 0xc7, 0xff, 0xc6, 0x1f, 0xc7,
    0x1f, 0xc7, 0x1f, 0xc7, 0x1e, 0xc7, 0x3f, 0xcf, 0x3f, 0xcf, 0x1f, 0xcf,
    0x3f, 0xcf, 0x3f, 0xc7, 0x1f, 0xc7, 0x1f, 0xcf, 0x3f, 0xcf, 0x3e, 0xcf,
    0x3f, 0xcf, 0x3f, 0xcf, 0x1f, 0xcf, 0x3f, 0xcf, 0x3f, 0xcf, 0x3f, 0xcf,
    0x3f, 0xcf, 0x3f, 0xcf, 0x3e, 0xcf, 0x3f, 0xcf, 0x3f, 0xcf, 0x1f, 0xcf,
    0x3f, 0xcf, 0x3f, 0xcf, 0x3f, 0xcf, 0x3f, 0xcf, 0x3f, 0xcf, 0x3e, 0xd7,
    0x3f, 0xd7, 0x3f, 0xcf, 0x3f, 0xcf, 0x3f, 0xcf, 0x3f, 0xcf, 0x3f, 0xcf,
    0x3f, 0xcf, 0x3f, 0xcf, 0x3e, 0xcf, 0x3f, 0xcf, 0x1f, 0xcf, 0x3f, 0xcf,
    0x3f, 0xcf, 0x3f, 0xcf, 0x3f, 0xd7, 0x3f, 0xcf, 0x3f, 0xcf, 0x3f, 0xcf,
    0x3f, 0xcf, 0x3f, 0xd7, 0x3f, 0xcf, 0x5f, 0xd7, 0x5f, 0xd7, 0x3f, 0xcf,
    0x3f, 0xcf, 0x3f, 0xcf, 0x3f, 0xcf, 0x5f, 0xd7, 0x3f, 0xcf, 0x1f, 0xcf,
    0x3f, 0xcf, 0x3f, 0xcf, 0x3f, 0xcf, 0x3f, 0xd7, 0x3f, 0xcf, 0x3f, 0xcf,
    0x1f, 0xcf, 0x3f, 0xcf, 0x3f, 0xcf, 0x3f, 0xcf, 0x3f, 0xcf, 0x3f, 0xd7,
    0x5f, 0xd7, 0x5f, 0xd7, 0x5f, 0xd7, 0x3f, 0xd7, 0x3f, 0xd7, 0x5f, 0xd7,
    0x3f, 0xd7, 0x3f, 0xd7, 0x3f, 0xcf, 0x5f, 0xd7, 0x3f, 0xd7, 0x3f, 0xd7,
    0x3f, 0xd7, 0x3f, 0xd7, 0x3f, 0xcf, 0x3f, 0xcf, 0x3f, 0xd7, 0x3f, 0xd7,
    0x3f, 0xcf, 0x3f, 0xcf, 0x3f, 0xd7, 0x3f, 0xd7, 0x3f, 0xd7, 0x3f, 0xd7,
    0x3f, 0xcf, 0x3f, 0xcf, 0x3f, 0xd7, 0x3f, 0xd7, 0x3f, 0xcf, 0x3f, 0xd7,
    0x3f, 0xcf, 0x3f, 0xcf, 0x3f, 0xd7, 0x3f, 0xcf, 0x3e, 0xcf, 0x3f, 0xcf,
    0x1f, 0xcf, 0x3f, 0xd7, 0x3f, 0xcf, 0x3f, 0xcf, 0x3f, 0xcf, 0x3f, 0xcf,
    0x3f, 0xcf, 0x3f, 0xcf, 0x3f, 0xd7, 0x5f, 0xdf, 0x5f, 0xd7, 0x5f, 0xd7,
    0x3f, 0xcf, 0x3f, 0xcf, 0x3f, 0xd7, 0x3f, 0xcf, 0x3f, 0xd7, 0x3f, 0xd7,
    0x3f, 0xcf, 0x3f, 0xcf, 0x3f, 0xcf, 0x3f, 0xcf, 0x3f, 0xd7, 0x5f, 0xdf,
    0x7f, 0xdf, 0x9f, 0xe7, 0x9f, 0xef, 0xbf, 0xef, 0x9f, 0xef, 0x9f, 0xe7,
    0x9f, 0xe7, 0x9f, 0xe7, 0x9f, 0xe7, 0x9f, 0xef, 0x9f, 0xe7, 0x9f, 0xe7,
    0x9f, 0xef, 0x9f, 0xef, 0x9f, 0xe7, 0x9f, 0xef, 0x9f, 0xef, 0x9f, 0xef,
    0x9f, 0xef, 0x9f, 0xef, 0x9f, 0xef, 0xbf, 0xef, 0xbf, 0xef, 0x9f, 0xef,
    0xbf, 0xef, 0xbf, 0xef, 0x9f, 0xef, 0xbf, 0xef, 0xbf, 0xef, 0x9f, 0xef,
    0x9f, 0xef, 0xbf, 0xef, 0xbf, 0xef, 0xbf, 0xef, 0xbf, 0xef, 0x9f, 0xef,
    0xbf, 0xef, 0xbf, 0xef, 0xbf, 0xef, 0xbf, 0xef, 0xbf, 0xf7, 0xbf, 0xef,
    0x9f, 0xef, 0x7f, 0xe7, 0x5f, 0xd7, 0x3e, 0xcf, 0x1f, 0xc7, 0x1f, 0xc7,
    0x3e, 0xc7, 0x1f, 0xcf, 0x1f, 0xcf, 0x1f, 0xc7, 0x1f, 0xcf, 0x1f, 0xc7,
    0x1e, 0xc7, 0x1f, 0xc7, 0x1f, 0xc7, 0x1f, 0xc7, 0x1f, 0xc7, 0x1f, 0xc7,
    0xff, 0xc6, 0xff, 0xc6, 0x1f, 0xc7, 0x1f, 0xc7, 0xff, 0xc6, 0x1f, 0xc7,
    0xff, 0xc6, 0xfe, 0xc6, 0x1f, 0xc7, 0xff, 0xc6, 0xff, 0xc6, 0xff, 0xbe,
    0xbf, 0xef, 0xff, 0xff, 0xff, 0xff, 0xff, 0xff, 0xff, 0xff, 0xff, 0xff,
    0xff, 0xff, 0xff, 0xff, 0xff, 0xff, 0xff, 0xff, 0xff, 0xff, 0xff, 0xff,
    0x5f, 0xdf, 0xfe, 0xc6, 0x1f, 0xc7, 0x1f, 0xc7, 0x7f, 0xe7, 0x7f, 0xdf,
    0xde, 0xbe, 0xfe, 0xbe, 0xff, 0xbe, 0x9f, 0xe7, 0x5f, 0xdf, 0x1f, 0xc7,
    0x1e, 0xc7, 0x3f, 0xcf, 0x9f, 0xe7, 0x1f, 0xc7, 0x1f, 0xc7, 0x1f, 0xc7,
    0x7f, 0xe7, 0x5f, 0xd7, 0xfe, 0xc6, 0xff, 0xc6, 0x5f, 0xd7, 0x7f, 0xdf,
    0xfe, 0xc6, 0x1f, 0xc7, 0x3f, 0xcf, 0x7f, 0xe7, 0x3f, 0xcf, 0x1f, 0xc7,
    0x3f, 0xcf, 0x7f, 0xdf, 0x3f, 0xcf, 0x1f, 0xc7, 0x1f, 0xcf, 0x7f, 0xdf,
    0x5f, 0xd7, 0x1f, 0xcf, 0x3e, 0xcf, 0x3f, 0xcf, 0x5f, 0xdf, 0x3f, 0xcf,
    0x3f, 0xcf, 0x3f, 0xcf, 0x7f, 0xdf, 0x3f, 0xd7, 0x3f, 0xcf, 0x1e, 0xcf,
    0x5f, 0xd7, 0x3f, 0xd7, 0x3f, 0xcf, 0x3f, 0xcf, 0x5f, 0xdf, 0x5f, 0xd7,
    0x3f, 0xd7, 0x3f, 0xcf, 0x3f, 0xd7, 0x3f, 0xd7, 0x3f, 0xcf, 0x3f, 0xd7,
    0x3f, 0xd7, 0x5f, 0xd7, 0x3f, 0xcf, 0x3f, 0xd7, 0x3f, 0xd7, 0x3f, 0xd7,
    0x3f, 0xcf, 0x3f, 0xd7, 0x3f, 0xd7, 0x5f, 0xd7, 0x3f, 0xcf, 0x3f, 0xd7,
    0x3f, 0xd7, 0x5f, 0xd7, 0x5f, 0xd7, 0x3f, 0xd7, 0x3f, 0xcf, 0x3f, 0xcf,
    0x3f, 0xcf, 0x3f, 0xd7, 0x5f, 0xd7, 0x3f, 0xcf, 0x3f, 0xcf, 0x3f, 0xcf,
    0x3f, 0xcf, 0x3f, 0xcf, 0x3f, 0xd7, 0x3f, 0xcf, 0x1f, 0xcf, 0x3f, 0xcf,
    0x3f, 0xcf, 0x3f, 0xcf, 0x3f, 0xcf, 0x1f, 0xcf, 0x3f, 0xd7, 0x5f, 0xd7,
    0x5f, 0xd7, 0x5f, 0xd7, 0x3f, 0xd7, 0x3f, 0xd7, 0x3f, 0xd7, 0x5f, 0xd7,
    0x5f, 0xd7, 0x3f, 0xd7, 0x3f, 0xcf, 0x3f, 0xd7, 0x3f, 0xd7, 0x3f, 0xcf,
    0x5f, 0xd7, 0x3f, 0xd7, 0x3f, 0xd7, 0x3f, 0xd7, 0x3f, 0xd7, 0x3f, 0xd7,
    0x3f, 0xd7, 0x3f, 0xcf, 0x3f, 0xcf, 0x3f, 0xcf, 0x3f, 0xcf, 0x3f, 0xd7,
    0x3f, 0xcf, 0x3f, 0xcf, 0x3f, 0xd7, 0x3f, 0xcf, 0x3f, 0xcf, 0x3f, 0xd7,
    0x3f, 0xcf, 0x3f, 0xd7, 0x3f, 0xcf, 0x3f, 0xcf, 0x3f, 0xd7, 0x3f, 0xcf,
    0x3f, 0xd7, 0x3f, 0xcf, 0x3f, 0xcf, 0x3f, 0xd7, 0x3f, 0xcf, 0x1f, 0xcf,
    0x5f, 0xd7, 0x5f, 0xdf, 0x5f, 0xd7, 0x3f, 0xcf, 0x3f, 0xcf, 0x3f, 0xd7,
    0x3f, 0xcf, 0x3f, 0xd7, 0x5f, 0xd7, 0x3f, 0xd7, 0x3f, 0xd7, 0x3f, 0xcf,
    0x3f, 0xcf, 0x3f, 0xd7, 0x5f, 0xdf, 0x7f, 0xe7, 0x9f, 0xef, 0xbf, 0xef,
    0x9f, 0xef, 0x9f, 0xe7, 0x9f, 0xe7, 0x9f, 0xe7, 0x9f, 0xe7, 0x9f, 0xef,
    0x9f, 0xef, 0x9f, 0xef, 0x9f, 0xe7, 0x9f, 0xef, 0x9f, 0xe7, 0x9f, 0xe7,
    0xbf, 0xef, 0x9f, 0xe7, 0xbf, 0xe7, 0x9f, 0xe7, 0xbf, 0xef, 0x9f, 0xe7,
    0xbf, 0xe7, 0xbf, 0xef, 0xbf, 0xef, 0x9f, 0xef, 0xbf, 0xef, 0xbf, 0xef,
    0x9f, 0xef, 0x9f, 0xef, 0xbf, 0xef, 0x9f, 0xef, 0xbf, 0xef, 0xbf, 0xef,
    0xbf, 0xef, 0xbf, 0xef, 0xbf, 0xef, 0x9f, 0xef, 0x9f, 0xef, 0x9f, 0xef,
    0xbf, 0xef, 0xbf, 0xef, 0xbf, 0xef, 0x9f, 0xef, 0x9f, 0xef, 0xbf, 0xef,
    0xbf, 0xef, 0xbf, 0xef, 0xbf, 0xf7, 0xbf, 0xef, 0x7f, 0xdf, 0x5f, 0xd7,
    0x1f, 0xcf, 0x1f, 0xc7, 0x1f, 0xc7, 0x1f, 0xc7, 0x1f, 0xc7, 0x1f, 0xcf,
    0x1f, 0xc7, 0x1f, 0xcf, 0x1f, 0xcf, 0x1f, 0xc7, 0x1f, 0xc7, 0x1f, 0xc7,
    0x1f, 0xc7, 0x1f, 0xc7, 0xff, 0xbe, 0xfe, 0xc6, 0x1f, 0xc7, 0x1f, 0xc7,
    0xff, 0xc6, 0xff, 0xbe, 0x1f, 0xc7, 0x1f, 0xc7, 0x1f, 0xc7, 0xff, 0xbe,
    0x7f, 0xe7, 0xff, 0xff, 0xff, 0xff, 0xff, 0xff, 0xff, 0xff, 0xff, 0xff,
    0xff, 0xff, 0xff, 0xff, 0xff, 0xff, 0xff, 0xff, 0xff, 0xff, 0xdf, 0xf7,
    0x1f, 0xc7, 0xff, 0xc6, 0x1e, 0xc7, 0x1f, 0xc7, 0x3f, 0xcf, 0x3f, 0xcf,
    0xff, 0xc6, 0xff, 0xc6, 0x1f, 0xc7, 0x5f, 0xd7, 0x3f, 0xcf, 0x1f, 0xcf,
    0xfe, 0xc6, 0xff, 0xc6, 0x3f, 0xcf, 0x1f, 0xc7, 0x1e, 0xcf, 0x1f, 0xc7,
    0x3f, 0xcf, 0x1f, 0xcf, 0x1e, 0xc7, 0x1f, 0xc7, 0x3f, 0xcf, 0x3f, 0xcf,
    0x1f, 0xc7, 0x1f, 0xc7, 0x1f, 0xcf, 0x5f, 0xd7, 0x1f, 0xcf, 0x3e, 0xcf,
    0x1f, 0xcf, 0x3f, 0xcf, 0x1e, 0xc7, 0x1f, 0xcf, 0x3f, 0xcf, 0x3f, 0xcf,
    0x3f, 0xd7, 0x3f, 0xcf, 0x3f, 0xcf, 0x3f, 0xcf, 0x3f, 0xcf, 0x3f, 0xcf,
    0x3f, 0xcf, 0x3f, 0xcf, 0x5f, 0xd7, 0x3f, 0xd7, 0x3f, 0xcf, 0x3f, 0xcf,
    0x3f, 0xcf, 0x3f, 0xcf, 0x3f, 0xcf, 0x3f, 0xcf, 0x3f, 0xd7, 0x3f, 0xd7,
    0x3f, 0xcf, 0x3f, 0xcf, 0x3f, 0xd7, 0x3f, 0xcf, 0x3f, 0xcf, 0x3f, 0xd7,
    0x5f, 0xd7, 0x3f, 0xd7, 0x3f, 0xcf, 0x3f, 0xcf, 0x3f, 0xcf, 0x3f, 0xd7,
    0x3f, 0xcf, 0x3f, 0xcf, 0x3f, 0xd7, 0x3f, 0xcf, 0x3f, 0xcf, 0x3f, 0xcf,
    0x3f, 0xcf, 0x5f, 0xd7, 0x3f, 0xd7, 0x3f, 0xcf, 0x3f, 0xcf, 0x3f, 0xcf,
    0x3f, 0xd7, 0x5f, 0xd7, 0x3f, 0xcf, 0x3f, 0xcf, 0x3f, 0xcf, 0x3f, 0xcf,
    0x3f, 0xd7, 0x3f, 0xd7, 0x1e, 0xcf, 0x3f, 0xcf, 0x3f, 0xcf, 0x3f, 0xcf,
    0x3f, 0xcf, 0x3f, 0xd7, 0x3f, 0xcf, 0x3f, 0xd7, 0x5f, 0xdf, 0x5f, 0xd7,
    0x3f, 0xd7, 0x5f, 0xd7, 0x5f, 0xd7, 0x5f, 0xd7, 0x3f, 0xd7, 0x3f, 0xd7,
    0x5f, 0xd7, 0x3f, 0xd7, 0x3f, 0xd7, 0x5f, 0xd7, 0x3f, 0xcf, 0x3f, 0xd7,
    0x3f, 0xcf, 0x3f, 0xcf, 0x3f, 0xd7, 0x3f, 0xcf, 0x3f, 0xcf, 0x3f, 0xd7,
    0x3f, 0xd7, 0x3f, 0xd7, 0x3f, 0xd7, 0x3f, 0xcf, 0x3f, 0xd7, 0x3f, 0xd7,
    0x3f, 0xcf, 0x3f, 0xd7, 0x3f, 0xcf, 0x3f, 0xcf, 0x3f, 0xd7, 0x3f, 0xcf,
    0x3f, 0xcf, 0x3f, 0xd7, 0x3f, 0xcf, 0x3f, 0xcf, 0x3f, 0xd7, 0x3f, 0xcf,
    0x3f, 0xcf, 0x3f, 0xd7, 0x3f, 0xcf, 0x3f, 0xcf, 0x5f, 0xd7, 0x5f, 0xdf,
    0x5f, 0xdf, 0x3f, 0xd7, 0x3f, 0xcf, 0x3f, 0xcf, 0x3f, 0xd7, 0x3f, 0xcf,
    0x3f, 0xd7, 0x3f, 0xd7, 0x3f, 0xcf, 0x3f, 0xcf, 0x5f, 0xd7, 0x7f, 0xdf,
    0x7f, 0xe7, 0x9f, 0xef, 0x9f, 0xef, 0x9f, 0xe7, 0x9f, 0xe7, 0x7f, 0xe7,
    0x9f, 0xe7, 0x9f, 0xe7, 0x9f, 0xe7, 0x9f, 0xe7, 0x9f, 0xe7, 0x9f, 0xe7,
    0x9f, 0xe7, 0x9f, 0xef, 0x9f, 0xef, 0x9f, 0xe7, 0xbf, 0xef, 0x9f, 0xef,
    0x9f, 0xef, 0x9f, 0xe7, 0x9f, 0xef, 0xbf, 0xef, 0xbf, 0xef, 0xbf, 0xef,
    0x9f, 0xe7, 0x9f, 0xef, 0xbf, 0xe7, 0x9f, 0xe7, 0xbf, 0xef, 0x9f, 0xef,
    0x9f, 0xef, 0xbf, 0xef, 0x9f, 0xe7, 0x9f, 0xe7, 0xbf, 0xef, 0xbf, 0xef,
    0x9f, 0xe7, 0x9f, 0xef, 0xbf, 0xef, 0x9f, 0xe7, 0x9f, 0xef, 0xbf, 0xef,
    0x9f, 0xe7, 0x9f, 0xef, 0xbf, 0xef, 0x9f, 0xef, 0x9f, 0xe7, 0xbf, 0xef,
    0xbf, 0xef, 0x7f, 0xe7, 0xbf, 0xef, 0xbf, 0xef, 0x9f, 0xef, 0x7f, 0xe7,
    0xbf, 0xef, 0x5f, 0xdf, 0x1f, 0xcf, 0x1e, 0xc7, 0x1f, 0xc7, 0x1f, 0xc7,
    0x1f, 0xcf, 0x1f, 0xc7, 0x1f, 0xcf, 0x1f, 0xc7, 0x1f, 0xc7, 0x1f, 0xc7,
    0x1e, 0xc7, 0x1f, 0xc7, 0x1f, 0xc7, 0xff, 0xc6, 0x1f, 0xc7, 0xff, 0xc6,
    0xfe, 0xc6, 0x1f, 0xbf, 0xff, 0xc6, 0xfe, 0xc6, 0x1f, 0xc7, 0xff, 0xbe,
    0x5f, 0xd7, 0xff, 0xff, 0xff, 0xff, 0xff, 0xff, 0xff, 0xff, 0xff, 0xff,
    0xff, 0xff, 0xff, 0xff, 0xff, 0xff, 0xff, 0xff, 0xff, 0xff, 0xbf, 0xef,
    0xfe, 0xbe, 0xff, 0xc6, 0xff, 0xc6, 0xff, 0xc6, 0x1f, 0xc7, 0x1f, 0xc7,
    0x1f, 0xc7, 0x1f, 0xc7, 0x1e, 0xc7, 0x1f, 0xc7, 0x1f, 0xc7, 0x1f, 0xc7,
    0xff, 0xc6, 0x1f, 0xc7, 0xff, 0xc6, 0x1f, 0xc7, 0x1f, 0xc7, 0x1e, 0xc7,
    0xff, 0xc6, 0x1f, 0xc7, 0x1e, 0xc7, 0x1f, 0xc7, 0x1f, 0xc7, 0x1e, 0xc7,
    0x1f, 0xc7, 0x1f, 0xcf, 0x1f, 0xc7, 0x1f, 0xc7, 0x3e, 0xcf, 0x3f, 0xcf,
    0x1f, 0xcf, 0x1f, 0xc7, 0x1f, 0xc7, 0x1f, 0xcf, 0x3f, 0xcf, 0x3f, 0xcf,
    0x3f, 0xcf, 0x3f, 0xcf, 0x3f, 0xcf, 0x3f, 0xcf, 0x3f, 0xcf, 0x3f, 0xcf,
    0x3f, 0xcf, 0x3f, 0xcf, 0x3f, 0xcf, 0x3f, 0xcf, 0x3f, 0xcf, 0x3f, 0xcf,
    0x3f, 0xcf, 0x3f, 0xcf, 0x3f, 0xcf, 0x3f, 0xcf, 0x3f, 0xcf, 0x5f, 0xd7,
    0x3f, 0xcf, 0x3f, 0xcf, 0x3f, 0xcf, 0x3f, 0xcf, 0x3f, 0xcf, 0x3f, 0xcf,
    0x3f, 0xd7, 0x3f, 0xcf, 0x3f, 0xcf, 0x3f, 0xd7, 0x3f, 0xcf, 0x3f, 0xcf,
    0x3f, 0xcf, 0x3f, 0xcf, 0x3f, 0xd7, 0x3f, 0xcf, 0x3f, 0xcf, 0x3f, 0xd7,
    0x5f, 0xd7, 0x3f, 0xcf, 0x3f, 0xcf, 0x3f, 0xcf, 0x3f, 0xcf, 0x3f, 0xd7,
    0x3f, 0xd7, 0x1e, 0xcf, 0x3f, 0xcf, 0x1f, 0xcf, 0x1f, 0xcf, 0x5f, 0xd7,
    0x3f, 0xd7, 0x3f, 0xcf, 0x3f, 0xcf, 0x1e, 0xcf, 0x3f, 0xcf, 0x3f, 0xcf,
    0x1f, 0xcf, 0x3f, 0xcf, 0x5f, 0xd7, 0x5f, 0xdf, 0x5f, 0xd7, 0x5f, 0xd7,
    0x5f, 0xd7, 0x3f, 0xd7, 0x3f, 0xd7, 0x5f, 0xd7, 0x3f, 0xd7, 0x5f, 0xd7,
    0x3f, 0xd7, 0x3f, 0xd7, 0x3f, 0xcf, 0x5f, 0xd7, 0x3f, 0xd7, 0x3f, 0xd7,
    0x5f, 0xd7, 0x3f, 0xd7, 0x3f, 0xcf, 0x5f, 0xd7, 0x3f, 0xd7, 0x5f, 0xcf,
    0x5f, 0xd7, 0x3f, 0xcf, 0x3f, 0xd7, 0x3f, 0xd7, 0x3f, 0xcf, 0x3f, 0xcf,
    0x3f, 0xd7, 0x3f, 0xd7, 0x3f, 0xcf, 0x3f, 0xcf, 0x3f, 0xd7, 0x3f, 0xcf,
    0x3f, 0xcf, 0x3f, 0xcf, 0x3f, 0xcf, 0x3f, 0xcf, 0x3f, 0xd7, 0x3f, 0xcf,
    0x3f, 0xcf, 0x3f, 0xcf, 0x5f, 0xd7, 0x5f, 0xdf, 0x5f, 0xdf, 0x3f, 0xd7,
    0x3f, 0xcf, 0x3f, 0xcf, 0x3f, 0xd7, 0x5f, 0xd7, 0x5f, 0xd7, 0x3f, 0xd7,
    0x3f, 0xcf, 0x5f, 0xd7, 0x7f, 0xdf, 0x7f, 0xe7, 0x9f, 0xe7, 0x9f, 0xe7,
    0x9f, 0xe7, 0x9f, 0xe7, 0x9f, 0xe7, 0x9f, 0xe7, 0x7f, 0xe7, 0x9f, 0xe7,
    0x9f, 0xe7, 0x9f, 0xe7, 0x9f, 0xe7, 0x9f, 0xef, 0x9f, 0xef, 0x9f, 0xe7,
    0x9f, 0xe7, 0x9f, 0xef, 0x9f, 0xef, 0xbf, 0xe7, 0x9f, 0xef, 0x9f, 0xef,
    0x9f, 0xe7, 0xbf, 0xef, 0x9f, 0xef, 0x9f, 0xef, 0x9f, 0xe7, 0xbf, 0xef,
    0x9f, 0xef, 0x9f, 0xef, 0xbf, 0xef, 0x9f, 0xef, 0x9f, 0xef, 0xbf, 0xef,
    0xbf, 0xef, 0xbf, 0xef, 0x9f, 0xef, 0xbf, 0xef, 0xbf, 0xef, 0x9f, 0xef,
    0xbf, 0xef, 0xbf, 0xef, 0xbf, 0xef, 0xbf, 0xef, 0x9f, 0xef, 0xbf, 0xef,
    0xbf, 0xef, 0xbf, 0xef, 0xbf, 0xef, 0xbf, 0xef, 0xbf, 0xef, 0xbf, 0xef,
    0xbf, 0xf7, 0xbf, 0xef, 0xbf, 0xef, 0xbf, 0xef, 0xbf, 0xef, 0xbf, 0xef,
    0xbf, 0xef, 0xbf, 0xf7, 0x9f, 0xef, 0x7f, 0xdf, 0x3f, 0xcf, 0x1f, 0xc7,
    0x1f, 0xc7, 0x1e, 0xc7, 0x1f, 0xc7, 0x1f, 0xcf, 0x1f, 0xc7, 0x1f, 0xcf,
    0x1f, 0xcf, 0x1f, 0xc7, 0x1f, 0xcf, 0x1f, 0xc7, 0x1f, 0xc7, 0x1f, 0xc7,
    0xff, 0xc6, 0x1f, 0xc7, 0x1f, 0xc7, 0xff, 0xc6, 0x1f, 0xc7, 0xff, 0xc6,
    0x3f, 0xcf, 0xff, 0xff, 0xff, 0xff, 0xff, 0xff, 0xff, 0xff, 0xff, 0xff,
    0xff, 0xff, 0xff, 0xff, 0xff, 0xff, 0xff, 0xff, 0xff, 0xff, 0xbf, 0xef,
    0xff, 0xc6, 0x1f, 0xc7, 0xfe, 0xc6, 0xff, 0xc6, 0xfe, 0xbe, 0xfe, 0xc6,
    0x1f, 0xc7, 0x1e, 0xc7, 0x1f, 0xc7, 0xfe, 0xc6, 0xfe, 0xc6, 0x1f, 0xc7,
    0x1f, 0xc7, 0x1e, 0xc7, 0x1f, 0xc7, 0x1f, 0xc7, 0xff, 0xc6, 0x1e, 0xc7,
    0x1f, 0xc7, 0x1f, 0xc7, 0x1f, 0xc7, 0x1f, 0xc7, 0x1f, 0xc7, 0x1f, 0xcf,
    0x1e, 0xcf, 0x1f, 0xc7, 0x1e, 0xcf, 0x1f, 0xc7, 0x3f, 0xc7, 0x1f, 0xcf,
    0x3f, 0xcf, 0x1e, 0xc7, 0x3f, 0xcf, 0x3f, 0xcf, 0x1e, 0xcf, 0x1f, 0xcf,
    0x3f, 0xcf, 0x3f, 0xcf, 0x3f, 0xcf, 0x3f, 0xcf, 0x3f, 0xcf, 0x3f, 0xcf,
    0x1f, 0xcf, 0x3f, 0xcf, 0x3f, 0xcf, 0x3f, 0xcf, 0x3f, 0xcf, 0x3f, 0xd7,
    0x3f, 0xcf, 0x3f, 0xcf, 0x1f, 0xcf, 0x3f, 0xcf, 0x3f, 0xcf, 0x3f, 0xcf,
    0x3f, 0xd7, 0x3f, 0xcf, 0x3f, 0xcf, 0x3f, 0xd7, 0x3f, 0xcf, 0x3f, 0xcf,
    0x3f, 0xd7, 0x3f, 0xcf, 0x3f, 0xcf, 0x3f, 0xd7, 0x3f, 0xd7, 0x3f, 0xcf,
    0x3f, 0xd7, 0x3f, 0xcf, 0x3f, 0xcf, 0x3f, 0xcf, 0x5f, 0xd7, 0x5f, 0xd7,
    0x3f, 0xcf, 0x3f, 0xcf, 0x3f, 0xd7, 0x3f, 0xcf, 0x5f, 0xd7, 0x3f, 0xd7,
    0x1f, 0xcf, 0x3f, 0xcf, 0x1f, 0xcf, 0x3f, 0xcf, 0x5f, 0xd7, 0x3f, 0xd7,
    0x3f, 0xcf, 0x3f, 0xcf, 0x3f, 0xcf, 0x3f, 0xcf, 0x3f, 0xcf, 0x1f, 0xcf,
    0x3f, 0xd7, 0x5f, 0xd7, 0x5f, 0xdf, 0x5f, 0xd7, 0x5f, 0xd7, 0x5f, 0xd7,
    0x5f, 0xd7, 0x5f, 0xd7, 0x3f, 0xd7, 0x3f, 0xd7, 0x5f, 0xd7, 0x5f, 0xd7,
    0x3f, 0xd7, 0x3f, 0xd7, 0x3f, 0xcf, 0x3f, 0xd7, 0x3f, 0xd7, 0x5f, 0xcf,
    0x3f, 0xd7, 0x3f, 0xd7, 0x5f, 0xd7, 0x3f, 0xd7, 0x3f, 0xd7, 0x3f, 0xd7,
    0x3f, 0xd7, 0x3f, 0xcf, 0x3f, 0xd7, 0x3f, 0xd7, 0x3f, 0xcf, 0x3f, 0xcf,
    0x3f, 0xd7, 0x3f, 0xd7, 0x3f, 0xcf, 0x3f, 0xd7, 0x3f, 0xd7, 0x3f, 0xd7,
    0x3f, 0xcf, 0x3f, 0xd7, 0x3f, 0xcf, 0x3f, 0xcf, 0x3f, 0xcf, 0x3f, 0xcf,
    0x5f, 0xd7, 0x7f, 0xdf, 0x7f, 0xdf, 0x3f, 0xd7, 0x3f, 0xd7, 0x5f, 0xd7,
    0x3f, 0xd7, 0x3f, 0xd7, 0x5f, 0xcf, 0x3f, 0xcf, 0x3f, 0xd7, 0x5f, 0xd7,
    0x7f, 0xe7, 0x9f, 0xe7, 0x9f, 0xe7, 0x9f, 0xe7, 0x9f, 0xe7, 0x9f, 0xe7,
    0x9f, 0xe7, 0x9f, 0xe7, 0x9f, 0xe7, 0x9f, 0xe7, 0x7f, 0xe7, 0x9f, 0xe7,
    0x9f, 0xe7, 0x9f, 0xe7, 0x9f, 0xe7, 0x9f, 0xef, 0x9f, 0xe7, 0x9f, 0xe7,
    0x9f, 0xef, 0x9f, 0xe7, 0xbf, 0xef, 0x9f, 0xef, 0x9f, 0xef, 0x9f, 0xef,
    0xbf, 0xe7, 0x9f, 0xef, 0x9f, 0xe7, 0x9f, 0xef, 0x9f, 0xef, 0xbf, 0xef,
    0x9f, 0xef, 0x9f, 0xef, 0x9f, 0xef, 0xbf, 0xef, 0xbf, 0xef, 0x9f, 0xef,
    0xbf, 0xef, 0x9f, 0xef, 0xbf, 0xef, 0xbf, 0xef, 0x9f, 0xef, 0x9f, 0xef,
    0xbf, 0xef, 0xbf, 0xf7, 0x9f, 0xef, 0x9f, 0xef, 0xbf, 0xef, 0xbf, 0xef,
    0xbf, 0xef, 0xbf, 0xf7, 0xbf, 0xef, 0xbf, 0xef, 0xbf, 0xef, 0xbf, 0xf7,
    0xbf, 0xf7, 0xbf, 0xef, 0xbf, 0xef, 0xbf, 0xf7, 0xbf, 0xf7, 0xbf, 0xef,
    0xbf, 0xef, 0xbf, 0xef, 0xbf, 0xef, 0xbf, 0xef, 0xbf, 0xef, 0x7f, 0xe7,
    0x3f, 0xcf, 0x1f, 0xc7, 0x1f, 0xc7, 0x1e, 0xcf, 0x1f, 0xc7, 0x1f, 0xc7,
    0x1f, 0xcf, 0x1f, 0xc7, 0x1f, 0xc7, 0x1f, 0xc7, 0x1f, 0xc7, 0x1f, 0xc7,
    0xff, 0xc6, 0x1f, 0xc7, 0x1f, 0xc7, 0x1f, 0xc7, 0x1f, 0xc7, 0xff, 0xc6,
    0x1f, 0xcf, 0xff, 0xff, 0xff, 0xff, 0xff, 0xff, 0xff, 0xff, 0xff, 0xff,
    0xff, 0xff, 0xff, 0xff, 0xff, 0xff, 0xff, 0xff, 0xff, 0xff, 0xbf, 0xef,
    0x3f, 0xd7, 0x1f, 0xc7, 0xfe, 0xc6, 0xff, 0xbe, 0x1f, 0xc7, 0x3f, 0xcf,
    0x1f, 0xc7, 0x1f, 0xc7, 0x1f, 0xcf, 0x5f, 0xd7, 0x1f, 0xc7, 0xff, 0xc6,
    0x1e, 0xc7, 0x3f, 0xcf, 0x7f, 0xdf, 0x1f, 0xcf, 0x1e, 0xc7, 0xff, 0xc6,
    0x5f, 0xd7, 0x3f, 0xd7, 0x1e, 0xcf, 0x1f, 0xc7, 0x3f, 0xcf, 0x5f, 0xd7,
    0x1f, 0xcf, 0x1f, 0xc7, 0x3f, 0xcf, 0x5f, 0xd7, 0x1f, 0xcf, 0x1f, 0xcf,
    0x3f, 0xc7, 0x5f, 0xd7, 0x3f, 0xd7, 0x3f, 0xcf, 0x1f, 0xc7, 0x3f, 0xcf,
    0x3f, 0xcf, 0x3f, 0xcf, 0x3f, 0xcf, 0x3f, 0xcf, 0x3f, 0xd7, 0x3f, 0xcf,
    0x3f, 0xcf, 0x3f, 0xcf, 0x5f, 0xd7, 0x3f, 0xcf, 0x1f, 0xcf, 0x3f, 0xd7,
    0x5f, 0xd7, 0x3f, 0xcf, 0x3f, 0xcf, 0x3f, 0xcf, 0x5f, 0xd7, 0x3f, 0xd7,
    0x3f, 0xcf, 0x5f, 0xd7, 0x3f, 0xd7, 0x3f, 0xd7, 0x3f, 0xcf, 0x5f, 0xd7,
    0x3f, 0xd7, 0x5f, 0xd7, 0x3f, 0xd7, 0x5f, 0xcf, 0x3f, 0xd7, 0x5f, 0xd7,
    0x3f, 0xd7, 0x3f, 0xcf, 0x3f, 0xd7, 0x5f, 0xdf, 0x5f, 0xd7, 0x3f, 0xcf,
    0x3f, 0xcf, 0x3f, 0xcf, 0x1f, 0xcf, 0x5f, 0xdf, 0x3f, 0xd7, 0x1f, 0xcf,
    0x3f, 0xcf, 0x3f, 0xcf, 0x3f, 0xcf, 0x5f, 0xd7, 0x3f, 0xd7, 0x3f, 0xcf,
    0x3f, 0xcf, 0x3f, 0xcf, 0x3f, 0xcf, 0x3f, 0xcf, 0x1f, 0xcf, 0x3f, 0xd7,
    0x5f, 0xd7, 0x5f, 0xdf, 0x5f, 0xd7, 0x5f, 0xd7, 0x3f, 0xdf, 0x5f, 0xdf,
    0x5f, 0xd7, 0x3f, 0xd7, 0x5f, 0xd7, 0x5f, 0xd7, 0x3f, 0xd7, 0x3f, 0xd7,
    0x3f, 0xd7, 0x5f, 0xd7, 0x5f, 0xd7, 0x5f, 0xd7, 0x3f, 0xd7, 0x3f, 0xd7,
    0x3f, 0xcf, 0x3f, 0xd7, 0x3f, 0xd7, 0x3f, 0xcf, 0x5f, 0xd7, 0x3f, 0xd7,
    0x3f, 0xd7, 0x3f, 0xcf, 0x3f, 0xd7, 0x3f, 0xcf, 0x3f, 0xd7, 0x3f, 0xd7,
    0x3f, 0xd7, 0x3f, 0xcf, 0x3f, 0xcf, 0x3f, 0xd7, 0x3f, 0xd7, 0x3f, 0xd7,
    0x3f, 0xcf, 0x3f, 0xd7, 0x3f, 0xd7, 0x3f, 0xcf, 0x3f, 0xd7, 0x7f, 0xdf,
    0x7f, 0xe7, 0x5f, 0xd7, 0x3f, 0xd7, 0x3f, 0xd7, 0x5f, 0xd7, 0x5f, 0xcf,
    0x5f, 0xd7, 0x3f, 0xd7, 0x5f, 0xd7, 0x7f, 0xdf, 0x7f, 0xe7, 0x9f, 0xe7,
    0x9f, 0xe7, 0x9f, 0xe7, 0x7f, 0xe7, 0x7f, 0xe7, 0x9f, 0xe7, 0x9f, 0xe7,
    0x9f, 0xe7, 0x9f, 0xe7, 0x9f, 0xe7, 0x9f, 0xe7, 0x9f, 0xe7, 0x9f, 0xe7,
    0x7f, 0xe7, 0x9f, 0xef, 0x9f, 0xe7, 0x9f, 0xe7, 0x9f, 0xef, 0x9f, 0xe7,
    0x9f, 0xef, 0x9f, 0xe7, 0x9f, 0xef, 0x9f, 0xef, 0xbf, 0xe7, 0x9f, 0xef,
    0x9f, 0xef, 0x9f, 0xe7, 0x9f, 0xef, 0x9f, 0xe7, 0x9f, 0xef, 0x9f, 0xe7,
    0xbf, 0xef, 0xbf, 0xef, 0x9f, 0xef, 0xbf, 0xef, 0x9f, 0xef, 0xbf, 0xef,
    0x9f, 0xef, 0x9f, 0xef, 0xbf, 0xef, 0xbf, 0xef, 0xbf, 0xef, 0xbf, 0xef,
    0xbf, 0xf7, 0xbf, 0xef, 0xbf, 0xef, 0xbf, 0xef, 0xbf, 0xef, 0xbf, 0xef,
    0xbf, 0xf7, 0x9f, 0xef, 0xbf, 0xef, 0x9f, 0xef, 0xbf, 0xf7, 0xbf, 0xf7,
    0xbf, 0xef, 0xdf, 0xf7, 0xbf, 0xf7, 0xbf, 0xef, 0xbf, 0xef, 0xbf, 0xf7,
    0xbf, 0xef, 0xbf, 0xf7, 0xbf, 0xf7, 0xbf, 0xef, 0xbf, 0xf7, 0xbf, 0xf7,
    0xbf, 0xef, 0x7f, 0xdf, 0x1f, 0xcf, 0x1f, 0xc7, 0x1f, 0xcf, 0x1f, 0xc7,
    0x1e, 0xc7, 0x1f, 0xc7, 0x1f, 0xcf, 0x1f, 0xc7, 0x1f, 0xc7, 0x1e, 0xc7,
    0x1f, 0xc7, 0xff, 0xc6, 0x1e, 0xc7, 0x1f, 0xc7, 0x1f, 0xc7, 0xfe, 0xc6,
    0x1f, 0xc7, 0xdf, 0xf7, 0xff, 0xff, 0xff, 0xff, 0xff, 0xff, 0xff, 0xff,
    0xff, 0xff, 0xff, 0xff, 0xff, 0xff, 0xff, 0xff, 0xff, 0xff, 0xbf, 0xf7,
    0x5f, 0xdf, 0x1f, 0xc7, 0x1f, 0xc7, 0xfe, 0xc6, 0x7f, 0xdf, 0x9f, 0xe7,
    0xfe, 0xc6, 0x1f, 0xc7, 0x1f, 0xc7, 0xbf, 0xef, 0x5f, 0xd7, 0x1f, 0xc7,
    0x1e, 0xc7, 0x3f, 0xcf, 0xbf, 0xef, 0x1f, 0xcf, 0x1f, 0xc7, 0xff, 0xc6,
    0x9f, 0xe7, 0x7f, 0xdf, 0x1e, 0xc7, 0x1f, 0xc7, 0x5f, 0xdf, 0x9f, 0xe7,
    0x3f, 0xcf, 0x1f, 0xcf, 0x5f, 0xcf, 0x9f, 0xe7, 0x1f, 0xc7, 0x1f, 0xc7,
    0x3f, 0xcf, 0x9f, 0xe7, 0x5f, 0xd7, 0x3f, 0xcf, 0x3f, 0xcf, 0x5f, 0xd7,
    0x5f, 0xd7, 0x3f, 0xcf, 0x3f, 0xcf, 0x3f, 0xd7, 0x5f, 0xdf, 0x3e, 0xcf,
    0x3f, 0xcf, 0x1f, 0xcf, 0x7f, 0xdf, 0x3f, 0xd7, 0x3f, 0xcf, 0x3f, 0xcf,
    0x5f, 0xdf, 0x5f, 0xd7, 0x3f, 0xcf, 0x3f, 0xcf, 0x5f, 0xd7, 0x5f, 0xd7,
    0x3f, 0xcf, 0x3f, 0xd7, 0x5f, 0xd7, 0x5f, 0xd7, 0x3f, 0xcf, 0x3f, 0xcf,
    0x5f, 0xd7, 0x5f, 0xd7, 0x3f, 0xcf, 0x3f, 0xd7, 0x5f, 0xd7, 0x5f, 0xd7,
    0x3f, 0xcf, 0x3f, 0xcf, 0x5f, 0xd7, 0x7f, 0xdf, 0x3f, 0xcf, 0x3f, 0xcf,
    0x3f, 0xcf, 0x3f, 0xd7, 0x5f, 0xdf, 0x3f, 0xd7, 0x3e, 0xcf, 0x3f, 0xcf,
    0x1f, 0xcf, 0x3f, 0xcf, 0x5f, 0xd7, 0x3f, 0xd7, 0x3f, 0xcf, 0x3f, 0xcf,
    0x3f, 0xcf, 0x3f, 0xcf, 0x3f, 0xcf, 0x3f, 0xcf, 0x3f, 0xd7, 0x5f, 0xdf,
    0x5f, 0xdf, 0x5f, 0xd7, 0x5f, 0xd7, 0x5f, 0xd7, 0x3f, 0xd7, 0x5f, 0xd7,
    0x5f, 0xdf, 0x3f, 0xd7, 0x3f, 0xd7, 0x5f, 0xd7, 0x3f, 0xd7, 0x5f, 0xd7,
    0x5f, 0xd7, 0x3f, 0xd7, 0x5f, 0xd7, 0x5f, 0xd7, 0x5f, 0xd7, 0x3f, 0xd7,
    0x3f, 0xd7, 0x5f, 0xd7, 0x3f, 0xd7, 0x3f, 0xd7, 0x5f, 0xd7, 0x3f, 0xd7,
    0x5f, 0xcf, 0x5f, 0xd7, 0x3f, 0xd7, 0x3f, 0xcf, 0x3f, 0xcf, 0x3f, 0xd7,
    0x5f, 0xd7, 0x3f, 0xcf, 0x3f, 0xd7, 0x5f, 0xd7, 0x3f, 0xcf, 0x3f, 0xcf,
    0x3f, 0xd7, 0x3f, 0xcf, 0x3f, 0xcf, 0x5f, 0xdf, 0x7f, 0xdf, 0x5f, 0xdf,
    0x3f, 0xd7, 0x3f, 0xd7, 0x3f, 0xd7, 0x5f, 0xd7, 0x3f, 0xcf, 0x3f, 0xcf,
    0x3f, 0xd7, 0x7f, 0xdf, 0x9f, 0xe7, 0x9f, 0xe7, 0x9f, 0xe7, 0x9f, 0xe7,
    0x9f, 0xe7, 0x9f, 0xe7, 0x7f, 0xe7, 0x7f, 0xe7, 0x7f, 0xe7, 0x9f, 0xe7,
    0x7f, 0xe7, 0x9f, 0xe7, 0x7f, 0xe7, 0x9f, 0xe7, 0x9f, 0xe7, 0x9f, 0xe7,
    0x9f, 0xe7, 0x7f, 0xef, 0x9f, 0xe7, 0x9f, 0xef, 0x9f, 0xe7, 0x9f, 0xe7,
    0x9f, 0xef, 0xbf, 0xe7, 0x9f, 0xef, 0x9f, 0xef, 0xbf, 0xef, 0x9f, 0xe7,
    0x9f, 0xef, 0xbf, 0xef, 0x9f, 0xef, 0x9f, 0xe7, 0xbf, 0xef, 0xbf, 0xef,
    0x9f, 0xe7, 0xbf, 0xef, 0xbf, 0xe7, 0x9f, 0xef, 0x9f, 0xef, 0xbf, 0xe7,
    0x9f, 0xef, 0xbf, 0xef, 0xbf, 0xef, 0x9f, 0xef, 0xbf, 0xef, 0xbf, 0xef,
    0x9f, 0xef, 0xbf, 0xef, 0xbf, 0xef, 0x9f, 0xef, 0x9f, 0xef, 0xbf, 0xef,
    0x9f, 0xef, 0x9f, 0xef, 0xbf, 0xef, 0x9f, 0xef, 0x9f, 0xe7, 0xbf, 0xef,
    0xbf, 0xf7, 0x9f, 0xe7, 0xbf, 0xef, 0xbf, 0xef, 0x9f, 0xef, 0x9f, 0xe7,
    0xbf, 0xef, 0xbf, 0xf7, 0x7f, 0xe7, 0x9f, 0xef, 0xbf, 0xef, 0x9f, 0xef,
    0x7f, 0xdf, 0xdf, 0xf7, 0xbf, 0xef, 0x3f, 0xcf, 0xfe, 0xc6, 0xff, 0xc6,
    0x1f, 0xc7, 0x1f, 0xc7, 0x1f, 0xcf, 0x1f, 0xcf, 0x1f, 0xc7, 0x1f, 0xcf,
    0x1f, 0xc7, 0x1e, 0xc7, 0x1f, 0xc7, 0x1f, 0xc7, 0x1f, 0xc7, 0x1f, 0xc7,
    0x1f, 0xc7, 0xdf, 0xf7, 0xff, 0xff, 0xff, 0xff, 0xff, 0xff, 0xff, 0xff,
    0xff, 0xff, 0xff, 0xff, 0xff, 0xff, 0xff, 0xff, 0xff, 0xff, 0x9f, 0xe7,
    0xff, 0xbe, 0x1f, 0xc7, 0x1f, 0xc7, 0x1f, 0xc7, 0x1f, 0xc7, 0x1f, 0xc7,
    0xfe, 0xc6, 0xff, 0xc6, 0x1f, 0xc7, 0x1e, 0xc7, 0x1f, 0xcf, 0x1f, 0xcf,
    0x1f, 0xc7, 0xff, 0xc6, 0xff, 0xc6, 0x1f, 0xc7, 0x1e, 0xc7, 0x1f, 0xc7,
    0x1f, 0xc7, 0x1f, 0xc7, 0x1f, 0xcf, 0x1f, 0xcf, 0x1e, 0xcf, 0x3f, 0xcf,
    0x1f, 0xcf, 0x3f, 0xcf, 0x3f, 0xcf, 0x1f, 0xc7, 0x1e, 0xc7, 0x1f, 0xcf,
    0x1f, 0xcf, 0x3f, 0xcf, 0x3f, 0xcf, 0x3f, 0xcf, 0x1f, 0xcf, 0x3f, 0xcf,
    0x3e, 0xcf, 0x3f, 0xcf, 0x3f, 0xcf, 0x3f, 0xd7, 0x3f, 0xcf, 0x3f, 0xcf,
    0x3f, 0xcf, 0x3f, 0xcf, 0x1f, 0xcf, 0x3f, 0xcf, 0x3e, 0xcf, 0x3f, 0xcf,
    0x3f, 0xcf, 0x3f, 0xcf, 0x3f, 0xd7, 0x3f, 0xd7, 0x3f, 0xcf, 0x3f, 0xcf,
    0x3f, 0xcf, 0x3f, 0xd7, 0x5f, 0xcf, 0x3f, 0xd7, 0x3f, 0xcf, 0x3f, 0xcf,
    0x3f, 0xcf, 0x3f, 0xcf, 0x3f, 0xd7, 0x3f, 0xcf, 0x5f, 0xd7, 0x3f, 0xcf,
    0x3f, 0xcf, 0x5f, 0xd7, 0x5f, 0xd7, 0x3f, 0xcf, 0x3f, 0xcf, 0x3f, 0xcf,
    0x3f, 0xd7, 0x5f, 0xdf, 0x3f, 0xcf, 0x1f, 0xcf, 0x3f, 0xcf, 0x3f, 0xcf,
    0x3f, 0xd7, 0x5f, 0xd7, 0x3f, 0xcf, 0x3f, 0xcf, 0x3f, 0xcf, 0x3f, 0xcf,
    0x3f, 0xd7, 0x3f, 0xcf, 0x3f, 0xcf, 0x5f, 0xdf, 0x5f, 0xdf, 0x5f, 0xd7,
    0x5f, 0xd7, 0x5f, 0xd7, 0x5f, 0xdf, 0x3f, 0xd7, 0x5f, 0xd7, 0x5f, 0xd7,
    0x5f, 0xd7, 0x5f, 0xdf, 0x3f, 0xd7, 0x5f, 0xd7, 0x3f, 0xd7, 0x5f, 0xd7,
    0x3f, 0xd7, 0x3f, 0xd7, 0x3f, 0xd7, 0x3f, 0xd7, 0x5f, 0xcf, 0x5f, 0xd7,
    0x5f, 0xd7, 0x5f, 0xcf, 0x3f, 0xd7, 0x3f, 0xd7, 0x3f, 0xcf, 0x3f, 0xd7,
    0x3f, 0xd7, 0x5f, 0xcf, 0x3f, 0xd7, 0x3f, 0xd7, 0x5f, 0xcf, 0x3e, 0xd7,
    0x3f, 0xd7, 0x5f, 0xcf, 0x3f, 0xd7, 0x3f, 0xd7, 0x5f, 0xcf, 0x3f, 0xcf,
    0x3f, 0xcf, 0x5f, 0xdf, 0x7f, 0xe7, 0x7f, 0xdf, 0x5f, 0xd7, 0x5f, 0xd7,
    0x5f, 0xd7, 0x3f, 0xd7, 0x5f, 0xd7, 0x3f, 0xd7, 0x5f, 0xd7, 0x7f, 0xdf,
    0x9f, 0xe7, 0x9f, 0xe7, 0x7f, 0xe7, 0x9f, 0xe7, 0x7f, 0xe7, 0x7f, 0xe7,
    0x9f, 0xe7, 0x7f, 0xe7, 0x9f, 0xe7, 0x9f, 0xdf, 0x7f, 0xe7, 0x7f, 0xe7,
    0x9f, 0xe7, 0x7f, 0xe7, 0x9f, 0xe7, 0x9f, 0xe7, 0x9f, 0xef, 0x9f, 0xe7,
    0x9f, 0xe7, 0x9f, 0xef, 0x9f, 0xef, 0x9f, 0xe7, 0x9f, 0xe7, 0x9f, 0xef,
    0x9f, 0xef, 0x9f, 0xe7, 0xbf, 0xef, 0x9f, 0xef, 0x9f, 0xe7, 0x9f, 0xef,
    0x9f, 0xe7, 0xbf, 0xef, 0x9f, 0xef, 0x9f, 0xe7, 0x9f, 0xef, 0x9f, 0xef,
    0x9f, 0xef, 0x9f, 0xef, 0xbf, 0xef, 0x9f, 0xe7, 0xbf, 0xef, 0xbf, 0xef,
    0x9f, 0xe7, 0xbf, 0xef, 0xbf, 0xef, 0x9f, 0xef, 0x9f, 0xef, 0xbf, 0xef,
    0x9f, 0xe7, 0xbf, 0xef, 0xbf, 0xef, 0x9f, 0xef, 0x9f, 0xef, 0xbf, 0xef,
    0x9f, 0xe7, 0x9f, 0xef, 0xbf, 0xef, 0xbf, 0xef, 0x9f, 0xe7, 0xbf, 0xf7,
    0xbf, 0xf7, 0x9f, 0xe7, 0x9f, 0xef, 0xbf, 0xef, 0x9f, 0xef, 0x9f, 0xe7,
    0xbf, 0xef, 0xbf, 0xef, 0x9f, 0xe7, 0x9f, 0xef, 0xbf, 0xef, 0xbf, 0xef,
    0x7f, 0xe7, 0xbf, 0xf7, 0xbf, 0xf7, 0x9f, 0xe7, 0x5f, 0xdf, 0x1f, 0xcf,
    0xff, 0xc6, 0x1f, 0xc7, 0x1e, 0xc7, 0x1f, 0xc7, 0x1f, 0xcf, 0x1e, 0xc7,
    0x1f, 0xc7, 0x1f, 0xc7, 0x1f, 0xcf, 0x1f, 0xc7, 0xff, 0xc6, 0x1f, 0xc7,
    0x1f, 0xc7, 0xdf, 0xff, 0xff, 0xff, 0xff, 0xff, 0xff, 0xff, 0xff, 0xff,
    0xff, 0xff, 0xff, 0xff, 0xff, 0xff, 0xff, 0xff, 0xff, 0xff, 0x9f, 0xe7,
    0xff, 0xc6, 0x1e, 0xcf, 0x1f, 0xcf, 0x1f, 0xcf, 0x1e, 0xc7, 0x1f, 0xc7,
    0x1f, 0xc7, 0xff, 0xc6, 0x1f, 0xc7, 0x1e, 0xc7, 0x1f, 0xc7, 0x1f, 0xcf,
    0x1f, 0xc7, 0x1e, 0xc7, 0xfe, 0xc6, 0x1f, 0xc7, 0x1f, 0xc7, 0x1e, 0xcf,
    0x1f, 0xc7, 0x1f, 0xc7, 0x1e, 0xc7, 0x3f, 0xcf, 0x3f, 0xcf, 0x1f, 0xc7,
    0x1e, 0xc7, 0x3f, 0xcf, 0x3f, 0xcf, 0x1f, 0xcf, 0x3f, 0xcf, 0x3f, 0xcf,
    0x1e, 0xcf, 0x3f, 0xcf, 0x3f, 0xcf, 0x1e, 0xcf, 0x1f, 0xcf, 0x3f, 0xcf,
    0x3f, 0xcf, 0x3f, 0xcf, 0x3f, 0xcf, 0x3f, 0xcf, 0x3f, 0xcf, 0x3f, 0xcf,
    0x3f, 0xcf, 0x3f, 0xcf, 0x1f, 0xcf, 0x3f, 0xcf, 0x3f, 0xcf, 0x3f, 0xcf,
    0x3f, 0xcf, 0x3f, 0xd7, 0x3f, 0xd7, 0x3f, 0xcf, 0x3f, 0xcf, 0x3f, 0xcf,
    0x3f, 0xcf, 0x3f, 0xcf, 0x5f, 0xd7, 0x5f, 0xd7, 0x3f, 0xd7, 0x3f, 0xcf,
    0x3f, 0xcf, 0x5f, 0xd7, 0x5f, 0xcf, 0x3f, 0xcf, 0x5f, 0xd7, 0x3f, 0xcf,
    0x5f, 0xd7, 0x3f, 0xd7, 0x3f, 0xcf, 0x3f, 0xcf, 0x3e, 0xcf, 0x3f, 0xd7,
    0x5f, 0xdf, 0x3f, 0xcf, 0x3f, 0xcf, 0x3f, 0xcf, 0x3f, 0xcf, 0x5f, 0xd7,
    0x5f, 0xd7, 0x3f, 0xcf, 0x3f, 0xcf, 0x3f, 0xd7, 0x3f, 0xcf, 0x3f, 0xcf,
    0x3f, 0xcf, 0x3f, 0xd7, 0x5f, 0xdf, 0x5f, 0xd7, 0x5f, 0xd7, 0x5f, 0xd7,
    0x5f, 0xdf, 0x5f, 0xd7, 0x5f, 0xdf, 0x5f, 0xdf, 0x5f, 0xd7, 0x5f, 0xd7,
    0x5f, 0xd7, 0x5f, 0xd7, 0x3f, 0xd7, 0x5f, 0xd7, 0x5f, 0xd7, 0x3f, 0xd7,
    0x5f, 0xd7, 0x5f, 0xd7, 0x5f, 0xd7, 0x3f, 0xd7, 0x3f, 0xd7, 0x3f, 0xd7,
    0x3f, 0xd7, 0x3f, 0xd7, 0x5f, 0xcf, 0x3f, 0xd7, 0x3f, 0xd7, 0x5f, 0xd7,
    0x3f, 0xd7, 0x3f, 0xd7, 0x3f, 0xd7, 0x5f, 0xd7, 0x5f, 0xd7, 0x3f, 0xcf,
    0x3f, 0xd7, 0x3f, 0xcf, 0x3f, 0xcf, 0x3f, 0xcf, 0x3f, 0xcf, 0x5f, 0xd7,
    0x7f, 0xe7, 0x7f, 0xdf, 0x5f, 0xd7, 0x5f, 0xd7, 0x5f, 0xd7, 0x5f, 0xd7,
    0x5f, 0xd7, 0x3f, 0xd7, 0x5f, 0xd7, 0x7f, 0xdf, 0x9f, 0xef, 0x9f, 0xef,
    0x9f, 0xe7, 0x7f, 0xe7, 0x7f, 0xe7, 0x9f, 0xe7, 0x9f, 0xe7, 0x7f, 0xe7,
    0x7f, 0xe7, 0x9f, 0xe7, 0x7f, 0xe7, 0x9f, 0xe7, 0x9f, 0xe7, 0x7f, 0xe7,
    0x9f, 0xe7, 0x9f, 0xe7, 0x9f, 0xe7, 0x7f, 0xe7, 0x9f, 0xef, 0x9f, 0xe7,
    0x9f, 0xe7, 0x9f, 0xe7, 0x9f, 0xe7, 0x9f, 0xef, 0x9f, 0xef, 0xbf, 0xe7,
    0x9f, 0xe7, 0x9f, 0xef, 0x9f, 0xe7, 0x9f, 0xef, 0xbf, 0xef, 0x9f, 0xe7,
    0x9f, 0xef, 0x9f, 0xef, 0x9f, 0xe7, 0x9f, 0xef, 0xbf, 0xef, 0xbf, 0xef,
    0x9f, 0xef, 0xbf, 0xef, 0xbf, 0xef, 0x9f, 0xef, 0x9f, 0xef, 0xbf, 0xef,
    0xbf, 0xef, 0x9f, 0xef, 0xbf, 0xef, 0xbf, 0xef, 0xbf, 0xef, 0xbf, 0xef,
    0xbf, 0xef, 0xbf, 0xef, 0xbf, 0xef, 0xbf, 0xef, 0xbf, 0xef, 0xbf, 0xef,
    0xbf, 0xef, 0xbf, 0xef, 0xbf, 0xef, 0xbf, 0xef, 0xbf, 0xf7, 0xbf, 0xef,
    0xbf, 0xef, 0xbf, 0xef, 0xbf, 0xef, 0xbf, 0xef, 0xbf, 0xef, 0xbf, 0xf7,
    0xbf, 0xef, 0xbf, 0xef, 0xbf, 0xf7, 0xbf, 0xef, 0xbf, 0xf7, 0xbf, 0xf7,
    0xdf, 0xf7, 0xbf, 0xef, 0xbf, 0xef, 0xbf, 0xef, 0xbf, 0xef, 0xbf, 0xef,
    0x5f, 0xdf, 0x1f, 0xc7, 0x1e, 0xc7, 0x1f, 0xcf, 0x1f, 0xc7, 0x1f, 0xc7,
    0x1f, 0xcf, 0x1f, 0xcf, 0x1f, 0xc7, 0x1f, 0xc7, 0x1f, 0xc7, 0x1f, 0xc7,
    0x1f, 0xc7, 0xdf, 0xff, 0xff, 0xff, 0xff, 0xff, 0xff, 0xff, 0xff, 0xff,
    0xff, 0xff, 0xff, 0xff, 0xff, 0xff, 0xff, 0xff, 0xff, 0xff, 0x7f, 0xe7,
    0xfe, 0xbe, 0x1f, 0xc7, 0x1f, 0xc7, 0x1e, 0xcf, 0x1e, 0xc7, 0x1f, 0xc7,
    0x1e, 0xcf, 0x1f, 0xc7, 0xff, 0xc6, 0xfe, 0xc6, 0x1f, 0xc7, 0x1f, 0xc7,
    0x1f, 0xcf, 0x1e, 0xc7, 0xff, 0xc6, 0xff, 0xc6, 0x1f, 0xc7, 0x1f, 0xcf,
    0x1f, 0xcf, 0x1e, 0xc7, 0x1f, 0xcf, 0x1f, 0xcf, 0x3f, 0xc7, 0x3f, 0xcf,
    0x3f, 0xcf, 0x3f, 0xcf, 0x1f, 0xcf, 0x1f, 0xc7, 0x1f, 0xcf, 0x3f, 0xcf,
    0x1f, 0xcf, 0x1f, 0xcf, 0x3f, 0xcf, 0x3f, 0xcf, 0x3f, 0xcf, 0x3f, 0xcf,
    0x3f, 0xcf, 0x3f, 0xcf, 0x3f, 0xcf, 0x3f, 0xcf, 0x3f, 0xd7, 0x3f, 0xd7,
    0x3f, 0xcf, 0x3f, 0xcf, 0x3f, 0xcf, 0x3f, 0xcf, 0x3f, 0xd7, 0x3f, 0xcf,
    0x3f, 0xcf, 0x3f, 0xcf, 0x3f, 0xd7, 0x3f, 0xcf, 0x3e, 0xcf, 0x3f, 0xcf,
    0x3f, 0xd7, 0x5f, 0xd7, 0x3f, 0xd7, 0x5f, 0xcf, 0x3f, 0xd7, 0x3f, 0xcf,
    0x3f, 0xd7, 0x3f, 0xd7, 0x3f, 0xcf, 0x3f, 0xd7, 0x3f, 0xcf, 0x5f, 0xd7,
    0x5f, 0xd7, 0x3f, 0xcf, 0x3f, 0xcf, 0x1f, 0xcf, 0x3f, 0xd7, 0x5f, 0xdf,
    0x3f, 0xcf, 0x3e, 0xcf, 0x3f, 0xcf, 0x3f, 0xcf, 0x5f, 0xd7, 0x5f, 0xd7,
    0x1f, 0xcf, 0x3f, 0xcf, 0x3e, 0xcf, 0x1f, 0xd7, 0x3f, 0xcf, 0x3f, 0xcf,
    0x3f, 0xd7, 0x5f, 0xdf, 0x5f, 0xd7, 0x5f, 0xd7, 0x5f, 0xdf, 0x5f, 0xd7,
    0x5f, 0xd7, 0x5f, 0xd7, 0x5f, 0xd7, 0x5f, 0xdf, 0x5f, 0xdf, 0x3f, 0xd7,
    0x5f, 0xd7, 0x5f, 0xd7, 0x5f, 0xdf, 0x3f, 0xd7, 0x5f, 0xd7, 0x3f, 0xd7,
    0x5f, 0xd7, 0x5f, 0xd7, 0x3f, 0xd7, 0x5f, 0xd7, 0x5f, 0xd7, 0x3f, 0xd7,
    0x5f, 0xd7, 0x5f, 0xd7, 0x5f, 0xd7, 0x3f, 0xd7, 0x3f, 0xd7, 0x5f, 0xcf,
    0x3f, 0xd7, 0x5f, 0xd7, 0x5f, 0xd7, 0x3f, 0xcf, 0x3f, 0xd7, 0x3f, 0xd7,
    0x3f, 0xd7, 0x3f, 0xcf, 0x3f, 0xcf, 0x5f, 0xd7, 0x7f, 0xdf, 0x7f, 0xe7,
    0x5f, 0xdf, 0x5f, 0xd7, 0x5f, 0xd7, 0x5f, 0xd7, 0x5f, 0xd7, 0x5f, 0xd7,
    0x5f, 0xd7, 0x7f, 0xe7, 0x9f, 0xe7, 0x9f, 0xe7, 0x7f, 0xe7, 0x9f, 0xe7,
    0x7f, 0xe7, 0x9f, 0xe7, 0x7f, 0xe7, 0x7f, 0xe7, 0x9f, 0xe7, 0x9f, 0xdf,
    0x9f, 0xe7, 0x7f, 0xdf, 0x7f, 0xe7, 0x9f, 0xe7, 0x7f, 0xe7, 0x9f, 0xe7,
    0x9f, 0xe7, 0x9f, 0xe7, 0x9f, 0xe7, 0x9f, 0xe7, 0x9f, 0xe7, 0x9f, 0xef,
    0x9f, 0xe7, 0x9f, 0xef, 0x9f, 0xef, 0x9f, 0xe7, 0x9f, 0xef, 0x9f, 0xe7,
    0xbf, 0xef, 0x9f, 0xef, 0x9f, 0xe7, 0xbf, 0xef, 0x9f, 0xef, 0x9f, 0xe7,
    0xbf, 0xef, 0x9f, 0xef, 0x9f, 0xe7, 0x9f, 0xef, 0xbf, 0xef, 0x9f, 0xe7,
    0xbf, 0xef, 0x9f, 0xef, 0xbf, 0xef, 0xbf, 0xef, 0xbf, 0xef, 0x9f, 0xef,
    0x9f, 0xef, 0xbf, 0xef, 0xbf, 0xef, 0xbf, 0xef, 0xbf, 0xef, 0xbf, 0xef,
    0x9f, 0xef, 0xbf, 0xef, 0xbf, 0xef, 0xbf, 0xef, 0xbf, 0xf7, 0xbf, 0xef,
    0xbf, 0xef, 0xbf, 0xef, 0xbf, 0xf7, 0xbf, 0xef, 0xbf, 0xef, 0xbf, 0xef,
    0xbf, 0xef, 0xbf, 0xf7, 0xbf, 0xef, 0xbf, 0xf7, 0xbf, 0xf7, 0xbf, 0xf7,
    0xbf, 0xef, 0xbf, 0xef, 0xbf, 0xf7, 0xbf, 0xf7, 0xdf, 0xef, 0xbf, 0xef,
    0xbf, 0xf7, 0xbf, 0xf7, 0xbf, 0xef, 0xbf, 0xf7, 0xdf, 0xf7, 0xbf, 0xf7,
    0xbf, 0xf7, 0x7f, 0xdf, 0x1f, 0xc7, 0xff, 0xc6, 0x1f, 0xcf, 0x1f, 0xc7,
    0x1f, 0xcf, 0x1f, 0xc7, 0x1f, 0xc7, 0x1e, 0xc7, 0x1f, 0xc7, 0x1f, 0xc7,
    0x1f, 0xc7, 0xdf, 0xff, 0xff, 0xff, 0xff, 0xff, 0xff, 0xff, 0xff, 0xff,
    0xff, 0xff, 0xff, 0xff, 0xff, 0xff, 0xff, 0xff, 0xff, 0xff, 0xbf, 0xf7,
    0x7f, 0xdf, 0x1f, 0xc7, 0x1f, 0xc7, 0xfe, 0xc6, 0x7f, 0xdf, 0x9f, 0xef,
    0x1f, 0xc7, 0x1e, 0xc7, 0x1f, 0xc7, 0x9f, 0xef, 0x3f, 0xcf, 0x1f, 0xc7,
    0x1f, 0xc7, 0x3f, 0xd7, 0xbf, 0xef, 0x1f, 0xc7, 0x1e, 0xc7, 0x1f, 0xc7,
    0x9f, 0xe7, 0x7f, 0xdf, 0x1f, 0xcf, 0x1f, 0xc7, 0x7f, 0xdf, 0x9f, 0xe7,
    0x3f, 0xcf, 0x1e, 0xcf, 0x3f, 0xcf, 0x9f, 0xe7, 0x3f, 0xcf, 0x3f, 0xcf,
    0x3f, 0xcf, 0x9f, 0xe7, 0x3f, 0xd7, 0x3f, 0xcf, 0x3f, 0xcf, 0x7f, 0xdf,
    0x7f, 0xdf, 0x3f, 0xcf, 0x3f, 0xcf, 0x3f, 0xd7, 0x7f, 0xe7, 0x5f, 0xd7,
    0x3f, 0xcf, 0x3f, 0xcf, 0x7f, 0xdf, 0x5f, 0xd7, 0x3f, 0xcf, 0x3f, 0xcf,
    0x5f, 0xdf, 0x7f, 0xdf, 0x3f, 0xd7, 0x3f, 0xcf, 0x5f, 0xdf, 0x5f, 0xdf,
    0x3f, 0xcf, 0x3f, 0xcf, 0x5f, 0xdf, 0x5f, 0xd7, 0x3f, 0xcf, 0x3f, 0xd7,
    0x5f, 0xd7, 0x5f, 0xd7, 0x3f, 0xcf, 0x3f, 0xd7, 0x7f, 0xdf, 0x5f, 0xd7,
    0x3f, 0xcf, 0x3f, 0xd7, 0x3f, 0xcf, 0x3f, 0xd7, 0x5f, 0xdf, 0x3f, 0xcf,
    0x1f, 0xcf, 0x3f, 0xcf, 0x3f, 0xcf, 0x5f, 0xdf, 0x3f, 0xd7, 0x1e, 0xcf,
    0x3f, 0xd7, 0x3f, 0xcf, 0x3f, 0xcf, 0x3f, 0xcf, 0x3f, 0xcf, 0x5f, 0xd7,
    0x5f, 0xdf, 0x5f, 0xdf, 0x5f, 0xd7, 0x5f, 0xdf, 0x5f, 0xdf, 0x3f, 0xd7,
    0x5f, 0xdf, 0x5f, 0xdf, 0x5f, 0xd7, 0x5f, 0xd7, 0x5f, 0xdf, 0x5f, 0xd7,
    0x3f, 0xd7, 0x5f, 0xdf, 0x5f, 0xd7, 0x5f, 0xd7, 0x5f, 0xd7, 0x5f, 0xd7,
    0x5f, 0xd7, 0x5f, 0xd7, 0x3f, 0xd7, 0x3f, 0xd7, 0x5f, 0xd7, 0x5f, 0xd7,
    0x3f, 0xd7, 0x3f, 0xd7, 0x5f, 0xd7, 0x5f, 0xd7, 0x3f, 0xd7, 0x3f, 0xd7,
    0x3f, 0xd7, 0x3f, 0xd7, 0x3f, 0xd7, 0x5f, 0xd7, 0x3f, 0xd7, 0x3f, 0xd7,
    0x3f, 0xcf, 0x5f, 0xd7, 0x7f, 0xdf, 0x7f, 0xe7, 0x7f, 0xdf, 0x5f, 0xd7,
    0x5f, 0xd7, 0x5f, 0xd7, 0x5f, 0xd7, 0x5f, 0xd7, 0x5f, 0xdf, 0x7f, 0xe7,
    0x9f, 0xef, 0x9f, 0xe7, 0x7f, 0xe7, 0x7f, 0xe7, 0x9f, 0xe7, 0x7f, 0xdf,
    0x7f, 0xe7, 0x9f, 0xe7, 0x9f, 0xe7, 0x7f, 0xe7, 0x7f, 0xdf, 0x9f, 0xe7,
    0x7f, 0xe7, 0x9f, 0xe7, 0x9f, 0xdf, 0x7f, 0xe7, 0x7f, 0xe7, 0x9f, 0xe7,
    0x9f, 0xe7, 0x7f, 0xe7, 0x9f, 0xe7, 0x9f, 0xe7, 0x9f, 0xe7, 0x9f, 0xe7,
    0x9f, 0xef, 0x9f, 0xe7, 0x9f, 0xe7, 0x9f, 0xef, 0x9f, 0xe7, 0x9f, 0xef,
    0x9f, 0xef, 0x9f, 0xe7, 0x9f, 0xef, 0x9f, 0xe7, 0x9f, 0xef, 0x9f, 0xe7,
    0xbf, 0xef, 0x9f, 0xef, 0xbf, 0xef, 0x9f, 0xef, 0xbf, 0xef, 0x9f, 0xef,
    0x9f, 0xe7, 0xbf, 0xef, 0x9f, 0xef, 0xbf, 0xef, 0xbf, 0xef, 0x9f, 0xef,
    0xbf, 0xef, 0xbf, 0xef, 0x9f, 0xef, 0x9f, 0xef, 0xbf, 0xef, 0xbf, 0xef,
    0x9f, 0xef, 0xbf, 0xef, 0xbf, 0xef, 0x9f, 0xef, 0x9f, 0xef, 0xbf, 0xef,
    0x9f, 0xef, 0x9f, 0xef, 0xbf, 0xf7, 0xbf, 0xef, 0x9f, 0xef, 0xbf, 0xf7,
    0xbf, 0xef, 0x7f, 0xe7, 0xbf, 0xef, 0xdf, 0xf7, 0xbf, 0xef, 0x9f, 0xe7,
    0xdf, 0xf7, 0xbf, 0xf7, 0x5f, 0xdf, 0x9f, 0xe7, 0xbf, 0xf7, 0x9f, 0xe7,
    0x5f, 0xdf, 0xbf, 0xef, 0xbf, 0xef, 0x5f, 0xdf, 0x9f, 0xe7, 0xdf, 0xf7,
    0x9f, 0xe7, 0x5f, 0xd7, 0x9f, 0xe7, 0x3f, 0xcf, 0x1f, 0xcf, 0x1f, 0xcf,
    0x1f, 0xc7, 0x1f, 0xc7, 0x1f, 0xcf, 0x1f, 0xc7, 0x1f, 0xc7, 0x1f, 0xcf,
    0x1f, 0xcf, 0xdf, 0xf7, 0xff, 0xff, 0xff, 0xff, 0xff, 0xff, 0xff, 0xff,
    0xff, 0xff, 0xff, 0xff, 0xff, 0xff, 0xff, 0xff, 0xff, 0xff, 0xbf, 0xf7,
    0x5f, 0xd7, 0xfe, 0xc6, 0xff, 0xc6, 0xff, 0xc6, 0x5f, 0xd7, 0x7f, 0xdf,
    0x1f, 0xcf, 0x1f, 0xcf, 0x3f, 0xcf, 0x9f, 0xe7, 0x3f, 0xcf, 0x1e, 0xc7,
    0x1f, 0xc7, 0x3f, 0xcf, 0x9f, 0xe7, 0x1f, 0xcf, 0x1f, 0xc7, 0x1e, 0xc7,
    0x7f, 0xdf, 0x5f, 0xdf, 0x3f, 0xcf, 0x1f, 0xc7, 0x5f, 0xd7, 0x7f, 0xdf,
    0x3f, 0xcf, 0x1f, 0xcf, 0x3f, 0xcf, 0x7f, 0xdf, 0x3e, 0xcf, 0x3e, 0xcf,
    0x3f, 0xcf, 0x5f, 0xd7, 0x3f, 0xcf, 0x3f, 0xcf, 0x3f, 0xcf, 0x7f, 0xdf,
    0x5f, 0xdf, 0x3f, 0xcf, 0x3f, 0xcf, 0x5f, 0xd7, 0x7f, 0xdf, 0x5f, 0xd7,
    0x3f, 0xcf, 0x3e, 0xcf, 0x5f, 0xdf, 0x5f, 0xd7, 0x3f, 0xcf, 0x3f, 0xcf,
    0x5f, 0xd7, 0x5f, 0xd7, 0x3f, 0xd7, 0x3f, 0xcf, 0x5f, 0xd7, 0x5f, 0xd7,
    0x3f, 0xcf, 0x3f, 0xd7, 0x5f, 0xd7, 0x5f, 0xd7, 0x3f, 0xd7, 0x5f, 0xd7,
    0x5f, 0xd7, 0x5f, 0xd7, 0x3f, 0xcf, 0x7f, 0xdf, 0x5f, 0xd7, 0x3f, 0xcf,
    0x3f, 0xcf, 0x3f, 0xcf, 0x5f, 0xd7, 0x5f, 0xd7, 0x3f, 0xcf, 0x3f, 0xcf,
    0x3f, 0xcf, 0x3f, 0xcf, 0x5f, 0xdf, 0x3f, 0xd7, 0x3f, 0xcf, 0x3f, 0xcf,
    0x3f, 0xd7, 0x3f, 0xcf, 0x1f, 0xcf, 0x3f, 0xd7, 0x5f, 0xdf, 0x5f, 0xdf,
    0x5f, 0xd7, 0x5f, 0xdf, 0x5f, 0xd7, 0x5f, 0xd7, 0x5f, 0xdf, 0x5f, 0xd7,
    0x5f, 0xdf, 0x5f, 0xdf, 0x5f, 0xd7, 0x5f, 0xdf, 0x5f, 0xd7, 0x5f, 0xd7,
    0x5f, 0xd7, 0x3f, 0xd7, 0x5f, 0xd7, 0x3f, 0xd7, 0x3f, 0xd7, 0x5f, 0xd7,
    0x3f, 0xd7, 0x3f, 0xd7, 0x5f, 0xd7, 0x3f, 0xd7, 0x3f, 0xd7, 0x5f, 0xd7,
    0x3f, 0xd7, 0x3f, 0xd7, 0x5f, 0xd7, 0x3f, 0xd7, 0x5f, 0xd7, 0x5f, 0xd7,
    0x3f, 0xd7, 0x3f, 0xcf, 0x3f, 0xd7, 0x3f, 0xd7, 0x3f, 0xcf, 0x3f, 0xcf,
    0x5f, 0xdf, 0x7f, 0xe7, 0x7f, 0xdf, 0x5f, 0xd7, 0x5f, 0xd7, 0x5f, 0xd7,
    0x5f, 0xd7, 0x5f, 0xd7, 0x5f, 0xdf, 0x9f, 0xe7, 0x9f, 0xef, 0x9f, 0xe7,
    0x7f, 0xe7, 0x7f, 0xdf, 0x9f, 0xe7, 0x7f, 0xe7, 0x9f, 0xe7, 0x7f, 0xdf,
    0x7f, 0xe7, 0x9f, 0xdf, 0x9f, 0xe7, 0x7f, 0xe7, 0x9f, 0xe7, 0x7f, 0xe7,
    0x7f, 0xe7, 0x9f, 0xe7, 0x9f, 0xe7, 0x7f, 0xe7, 0x9f, 0xe7, 0x7f, 0xe7,
    0x7f, 0xe7, 0x9f, 0xe7, 0x9f, 0xe7, 0x7f, 0xe7, 0x9f, 0xef, 0x9f, 0xe7,
    0x9f, 0xe7, 0x9f, 0xe7, 0x9f, 0xef, 0x9f, 0xe7, 0x9f, 0xe7, 0xbf, 0xef,
    0x9f, 0xef, 0x9f, 0xe7, 0xbf, 0xef, 0x9f, 0xe7, 0x9f, 0xe7, 0xbf, 0xef,
    0x9f, 0xe7, 0x9f, 0xef, 0x9f, 0xef, 0x9f, 0xe7, 0xbf, 0xef, 0xbf, 0xef,
    0x9f, 0xe7, 0xbf, 0xef, 0xbf, 0xef, 0x9f, 0xef, 0xbf, 0xef, 0x9f, 0xef,
    0x9f, 0xef, 0xbf, 0xef, 0xbf, 0xef, 0x9f, 0xe7, 0xbf, 0xef, 0xbf, 0xef,
    0x9f, 0xef, 0x9f, 0xef, 0xbf, 0xef, 0x9f, 0xef, 0x9f, 0xef, 0xbf, 0xef,
    0x9f, 0xe7, 0x9f, 0xef, 0xbf, 0xef, 0xbf, 0xef, 0x9f, 0xe7, 0xbf, 0xef,
    0xbf, 0xef, 0x7f, 0xdf, 0xbf, 0xef, 0xbf, 0xf7, 0xbf, 0xef, 0x9f, 0xe7,
    0xbf, 0xf7, 0xbf, 0xef, 0x7f, 0xdf, 0x9f, 0xe7, 0xbf, 0xef, 0x9f, 0xef,
    0x7f, 0xdf, 0xbf, 0xef, 0xbf, 0xf7, 0x9f, 0xe7, 0x9f, 0xef, 0xbf, 0xef,
    0x9f, 0xe7, 0x5f, 0xdf, 0xbf, 0xf7, 0xbf, 0xef, 0x3f, 0xd7, 0x1e, 0xc7,
    0x1f, 0xc7, 0xff, 0xc6, 0x1f, 0xcf, 0x1f, 0xcf, 0x1f, 0xc7, 0x1f, 0xc7,
    0x1f, 0xc7, 0xff, 0xff, 0xff, 0xff, 0xff, 0xff, 0xff, 0xff, 0xff, 0xff,
    0xff, 0xff, 0xff, 0xff, 0xff, 0xff, 0xff, 0xff, 0xff, 0xff, 0xbf, 0xef,
    0xff, 0xc6, 0x1e, 0xc7, 0x1f, 0xc7, 0x1f, 0xc7, 0x1e, 0xc7, 0xff, 0xc6,
    0x1f, 0xcf, 0x1e, 0xcf, 0x3f, 0xcf, 0x1e, 0xc7, 0x1f, 0xc7, 0x1f, 0xcf,
    0x1e, 0xc7, 0x1f, 0xc7, 0x1f, 0xc7, 0x1f, 0xcf, 0x1f, 0xcf, 0x1f, 0xc7,
    0x1f, 0xc7, 0x1f, 0xcf, 0x3f, 0xcf, 0x3e, 0xcf, 0x1e, 0xcf, 0x1f, 0xc7,
    0x3f, 0xcf, 0x1e, 0xcf, 0x3f, 0xc7, 0x1f, 0xcf, 0x3f, 0xcf, 0x3f, 0xcf,
    0x3f, 0xcf, 0x1e, 0xc7, 0x1f, 0xcf, 0x3f, 0xcf, 0x3f, 0xd7, 0x3f, 0xcf,
    0x3f, 0xcf, 0x3f, 0xcf, 0x3f, 0xcf, 0x3f, 0xcf, 0x3f, 0xcf, 0x3f, 0xd7,
    0x3f, 0xcf, 0x3f, 0xcf, 0x3f, 0xcf, 0x3f, 0xd7, 0x3f, 0xd7, 0x3f, 0xcf,
    0x3f, 0xcf, 0x3f, 0xcf, 0x3f, 0xd7, 0x3f, 0xcf, 0x3f, 0xd7, 0x3f, 0xd7,
    0x3f, 0xcf, 0x3f, 0xcf, 0x3f, 0xcf, 0x3f, 0xd7, 0x3f, 0xcf, 0x3f, 0xd7,
    0x3f, 0xcf, 0x3f, 0xd7, 0x5f, 0xd7, 0x3f, 0xcf, 0x3f, 0xcf, 0x3f, 0xcf,
    0x3f, 0xcf, 0x5f, 0xdf, 0x5f, 0xd7, 0x3f, 0xcf, 0x3f, 0xcf, 0x3f, 0xcf,
    0x3f, 0xd7, 0x5f, 0xdf, 0x3f, 0xcf, 0x3f, 0xcf, 0x3f, 0xcf, 0x3f, 0xcf,
    0x3f, 0xd7, 0x3f, 0xcf, 0x3f, 0xcf, 0x5f, 0xdf, 0x5f, 0xdf, 0x5f, 0xd7,
    0x5f, 0xdf, 0x5f, 0xd7, 0x5f, 0xdf, 0x5f, 0xdf, 0x5f, 0xdf, 0x5f, 0xd7,
    0x5f, 0xd7, 0x5f, 0xd7, 0x5f, 0xdf, 0x5f, 0xdf, 0x5f, 0xd7, 0x5f, 0xdf,
    0x5f, 0xdf, 0x5f, 0xd7, 0x5f, 0xd7, 0x3f, 0xd7, 0x3f, 0xd7, 0x5f, 0xd7,
    0x3f, 0xd7, 0x5f, 0xd7, 0x5f, 0xd7, 0x3f, 0xd7, 0x5f, 0xd7, 0x5f, 0xd7,
    0x3f, 0xd7, 0x5f, 0xd7, 0x5f, 0xd7, 0x3f, 0xd7, 0x3f, 0xd7, 0x5f, 0xd7,
    0x5f, 0xd7, 0x3f, 0xd7, 0x3f, 0xcf, 0x3f, 0xcf, 0x5f, 0xd7, 0x9f, 0xe7,
    0x7f, 0xdf, 0x5f, 0xd7, 0x5f, 0xdf, 0x5f, 0xdf, 0x5f, 0xd7, 0x5f, 0xd7,
    0x5f, 0xdf, 0x7f, 0xe7, 0x9f, 0xe7, 0x9f, 0xe7, 0x7f, 0xe7, 0x7f, 0xdf,
    0x7f, 0xe7, 0x9f, 0xe7, 0x7f, 0xdf, 0x7f, 0xe7, 0x7f, 0xe7, 0x9f, 0xe7,
    0x7f, 0xe7, 0x7f, 0xe7, 0x7f, 0xe7, 0x9f, 0xdf, 0x9f, 0xe7, 0x7f, 0xe7,
    0x9f, 0xe7, 0x7f, 0xe7, 0x7f, 0xe7, 0x9f, 0xe7, 0x9f, 0xe7, 0x9f, 0xe7,
    0x7f, 0xe7, 0x9f, 0xe7, 0x9f, 0xe7, 0x9f, 0xe7, 0x7f, 0xef, 0x9f, 0xe7,
    0x9f, 0xef, 0x9f, 0xef, 0x9f, 0xef, 0x9f, 0xe7, 0x9f, 0xef, 0x9f, 0xef,
    0x9f, 0xe7, 0xbf, 0xef, 0x9f, 0xef, 0x9f, 0xef, 0x9f, 0xef, 0x9f, 0xef,
    0x9f, 0xef, 0xbf, 0xef, 0x9f, 0xe7, 0xbf, 0xef, 0xbf, 0xef, 0x9f, 0xef,
    0xbf, 0xef, 0xbf, 0xef, 0x9f, 0xef, 0xbf, 0xef, 0xbf, 0xef, 0xbf, 0xef,
    0xbf, 0xef, 0xbf, 0xef, 0xbf, 0xef, 0xbf, 0xef, 0xbf, 0xef, 0x9f, 0xef,
    0xbf, 0xef, 0xbf, 0xef, 0xbf, 0xef, 0xbf, 0xef, 0xbf, 0xef, 0xbf, 0xf7,
    0xbf, 0xef, 0xbf, 0xef, 0xbf, 0xef, 0xbf, 0xef, 0xbf, 0xf7, 0xbf, 0xef,
    0xbf, 0xef, 0xbf, 0xf7, 0xbf, 0xef, 0xbf, 0xf7, 0xbf, 0xf7, 0xdf, 0xf7,
    0xbf, 0xef, 0xbf, 0xef, 0xbf, 0xef, 0xbf, 0xef, 0xbf, 0xf7, 0xbf, 0xef,
    0xbf, 0xf7, 0xbf, 0xef, 0xbf, 0xef, 0xdf, 0xf7, 0xdf, 0xf7, 0xbf, 0xef,
    0xbf, 0xf7, 0xbf, 0xf7, 0xbf, 0xef, 0xbf, 0xef, 0x9f, 0xef, 0x5f, 0xd7,
    0x1f, 0xc7, 0x1f, 0xc7, 0x1e, 0xc7, 0x1f, 0xc7, 0x1f, 0xcf, 0x1f, 0xc7,
    0x1f, 0xc7, 0xdf, 0xff, 0xff, 0xff, 0xff, 0xff, 0xff, 0xff, 0xff, 0xff,
    0xff, 0xff, 0xff, 0xff, 0xff, 0xff, 0xff, 0xff, 0xff, 0xff, 0xbf, 0xef,
    0x1f, 0xc7, 0x1f, 0xcf, 0x1f, 0xc7, 0x1f, 0xc7, 0x1f, 0xc7, 0x1f, 0xcf,
    0x1e, 0xc7, 0x1f, 0xc7, 0x1f, 0xcf, 0x1e, 0xcf, 0x3f, 0xcf, 0x1f, 0xcf,
    0x1f, 0xcf, 0x1e, 0xcf, 0x1f, 0xcf, 0x3f, 0xcf, 0x1f, 0xcf, 0x1e, 0xcf,
    0x1f, 0xc7, 0x3f, 0xcf, 0x3f, 0xcf, 0x3f, 0xcf, 0x3f, 0xcf, 0x1f, 0xcf,
    0x1f, 0xcf, 0x3e, 0xcf, 0x3f, 0xcf, 0x3f, 0xcf, 0x3f, 0xcf, 0x3f, 0xd7,
    0x3f, 0xcf, 0x3f, 0xcf, 0x3f, 0xcf, 0x3f, 0xcf, 0x3e, 0xcf, 0x3f, 0xd7,
    0x3f, 0xd7, 0x3f, 0xcf, 0x3f, 0xcf, 0x3e, 0xd7, 0x3f, 0xcf, 0x3f, 0xcf,
    0x3f, 0xd7, 0x3f, 0xd7, 0x3f, 0xcf, 0x3f, 0xcf, 0x3f, 0xd7, 0x3f, 0xd7,
    0x3f, 0xd7, 0x3f, 0xd7, 0x3f, 0xcf, 0x3f, 0xd7, 0x5f, 0xd7, 0x3f, 0xd7,
    0x3f, 0xcf, 0x3f, 0xcf, 0x5f, 0xcf, 0x5f, 0xd7, 0x3f, 0xd7, 0x3f, 0xcf,
    0x5f, 0xd7, 0x5f, 0xd7, 0x3f, 0xd7, 0x3f, 0xcf, 0x3f, 0xd7, 0x3f, 0xd7,
    0x5f, 0xdf, 0x5f, 0xd7, 0x3f, 0xcf, 0x3f, 0xcf, 0x3f, 0xcf, 0x5f, 0xd7,
    0x5f, 0xdf, 0x3f, 0xcf, 0x3f, 0xd7, 0x3f, 0xcf, 0x3f, 0xd7, 0x3f, 0xcf,
    0x3f, 0xcf, 0x3f, 0xd7, 0x7f, 0xdf, 0x5f, 0xdf, 0x5f, 0xd7, 0x5f, 0xd7,
    0x5f, 0xdf, 0x5f, 0xdf, 0x5f, 0xd7, 0x5f, 0xdf, 0x5f, 0xdf, 0x5f, 0xdf,
    0x5f, 0xd7, 0x5f, 0xd7, 0x5f, 0xdf, 0x5f, 0xd7, 0x5f, 0xd7, 0x5f, 0xdf,
    0x5f, 0xd7, 0x5f, 0xd7, 0x5f, 0xdf, 0x5f, 0xd7, 0x5f, 0xd7, 0x3f, 0xd7,
    0x5f, 0xd7, 0x3f, 0xd7, 0x3f, 0xd7, 0x5f, 0xd7, 0x3f, 0xd7, 0x5f, 0xd7,
    0x3f, 0xd7, 0x5f, 0xd7, 0x5f, 0xd7, 0x5f, 0xd7, 0x5f, 0xd7, 0x5f, 0xd7,
    0x3f, 0xd7, 0x3f, 0xcf, 0x5f, 0xd7, 0x7f, 0xdf, 0x9f, 0xe7, 0x7f, 0xdf,
    0x5f, 0xdf, 0x5f, 0xd7, 0x7f, 0xdf, 0x5f, 0xd7, 0x5f, 0xdf, 0x7f, 0xe7,
    0x9f, 0xe7, 0x9f, 0xe7, 0x7f, 0xe7, 0x7f, 0xdf, 0x7f, 0xe7, 0x7f, 0xe7,
    0x7f, 0xdf, 0x9f, 0xe7, 0x7f, 0xe7, 0x7f, 0xe7, 0x9f, 0xdf, 0x7f, 0xe7,
    0x9f, 0xe7, 0x7f, 0xe7, 0x9f, 0xe7, 0x7f, 0xe7, 0x7f, 0xdf, 0x9f, 0xe7,
    0x9f, 0xe7, 0x7f, 0xdf, 0x9f, 0xe7, 0x9f, 0xe7, 0x9f, 0xe7, 0x9f, 0xe7,
    0x9f, 0xe7, 0x9f, 0xe7, 0x9f, 0xef, 0x9f, 0xe7, 0x9f, 0xe7, 0x9f, 0xe7,
    0x9f, 0xe7, 0x9f, 0xef, 0x9f, 0xe7, 0x9f, 0xe7, 0x9f, 0xef, 0xbf, 0xef,
    0x9f, 0xe7, 0x9f, 0xef, 0x9f, 0xef, 0xbf, 0xe7, 0x9f, 0xef, 0x9f, 0xe7,
    0xbf, 0xef, 0x9f, 0xe7, 0xbf, 0xef, 0x9f, 0xef, 0x9f, 0xef, 0x9f, 0xef,
    0xbf, 0xef, 0x9f, 0xef, 0x9f, 0xef, 0xbf, 0xef, 0xbf, 0xef, 0xbf, 0xef,
    0xbf, 0xef, 0x9f, 0xef, 0xbf, 0xef, 0xbf, 0xef, 0xbf, 0xef, 0xbf, 0xef,
    0xbf, 0xef, 0xbf, 0xef, 0xbf, 0xef, 0xbf, 0xef, 0xbf, 0xef, 0xbf, 0xef,
    0xbf, 0xf7, 0xbf, 0xef, 0xbf, 0xef, 0xbf, 0xef, 0xbf, 0xf7, 0xbf, 0xef,
    0xbf, 0xef, 0xbf, 0xf7, 0xbf, 0xef, 0xbf, 0xf7, 0xdf, 0xf7, 0xbf, 0xf7,
    0xbf, 0xf7, 0xbf, 0xf7, 0xdf, 0xf7, 0xdf, 0xf7, 0xbf, 0xef, 0xbf, 0xef,
    0xbf, 0xef, 0xbf, 0xef, 0xbf, 0xf7, 0xdf, 0xf7, 0xbf, 0xef, 0xbf, 0xef,
    0xdf, 0xf7, 0xdf, 0xf7, 0xbf, 0xef, 0x9f, 0xef, 0xbf, 0xef, 0xbf, 0xef,
    0x5f, 0xd7, 0x1f, 0xc7, 0x1f, 0xcf, 0x1f, 0xcf, 0x1f, 0xc7, 0x1f, 0xc7,
    0x1f, 0xcf, 0xdf, 0xff, 0xff, 0xff, 0xff, 0xff, 0xff, 0xff, 0xff, 0xff,
    0xff, 0xff, 0xff, 0xff, 0xff, 0xff, 0xff, 0xff, 0xff, 0xff, 0x9f, 0xef,
    0x3f, 0xcf, 0x3f, 0xcf, 0x1e, 0xcf, 0x1e, 0xcf, 0x1f, 0xc7, 0x1f, 0xc7,
    0x1f, 0xc7, 0x1f, 0xc7, 0x1e, 0xc7, 0x3f, 0xcf, 0x3f, 0xcf, 0x3f, 0xcf,
    0x3f, 0xcf, 0x3f, 0xcf, 0x1e, 0xcf, 0x1f, 0xc7, 0x3f, 0xcf, 0x3e, 0xcf,
    0x1f, 0xcf, 0x1e, 0xcf, 0x1f, 0xcf, 0x3f, 0xcf, 0x3f, 0xcf, 0x1f, 0xcf,
    0x1f, 0xcf, 0x3f, 0xcf, 0x3f, 0xcf, 0x3f, 0xcf, 0x3f, 0xcf, 0x3f, 0xcf,
    0x3f, 0xd7, 0x3f, 0xd7, 0x3f, 0xd7, 0x3f, 0xcf, 0x3f, 0xcf, 0x3f, 0xcf,
    0x3f, 0xd7, 0x5f, 0xd7, 0x3f, 0xcf, 0x3f, 0xcf, 0x3f, 0xd7, 0x3f, 0xd7,
    0x5f, 0xd7, 0x5f, 0xd7, 0x3f, 0xd7, 0x3f, 0xcf, 0x3f, 0xcf, 0x5f, 0xd7,
    0x5f, 0xd7, 0x5f, 0xd7, 0x3f, 0xcf, 0x3f, 0xcf, 0x5f, 0xd7, 0x3f, 0xcf,
    0x3f, 0xcf, 0x3f, 0xd7, 0x5f, 0xd7, 0x3f, 0xd7, 0x3f, 0xcf, 0x7f, 0xd7,
    0x5f, 0xd7, 0x3f, 0xd7, 0x3f, 0xcf, 0x3e, 0xcf, 0x3f, 0xd7, 0x7f, 0xdf,
    0x5f, 0xd7, 0x3f, 0xcf, 0x3f, 0xd7, 0x3f, 0xcf, 0x5f, 0xdf, 0x5f, 0xd7,
    0x3f, 0xcf, 0x3f, 0xcf, 0x3f, 0xcf, 0x3f, 0xd7, 0x3f, 0xcf, 0x3f, 0xcf,
    0x3f, 0xd7, 0x7f, 0xdf, 0x5f, 0xdf, 0x5f, 0xdf, 0x5f, 0xdf, 0x5f, 0xdf,
    0x5f, 0xdf, 0x5f, 0xd7, 0x5f, 0xdf, 0x5f, 0xd7, 0x5f, 0xd7, 0x5f, 0xdf,
    0x5f, 0xdf, 0x5f, 0xdf, 0x5f, 0xd7, 0x5f, 0xdf, 0x5f, 0xd7, 0x5f, 0xd7,
    0x5f, 0xdf, 0x5f, 0xd7, 0x5f, 0xd7, 0x5f, 0xd7, 0x5f, 0xd7, 0x3f, 0xd7,
    0x5f, 0xd7, 0x3f, 0xd7, 0x5f, 0xd7, 0x5f, 0xd7, 0x3f, 0xd7, 0x5f, 0xd7,
    0x5f, 0xd7, 0x5f, 0xd7, 0x5f, 0xd7, 0x5f, 0xd7, 0x5f, 0xd7, 0x5f, 0xd7,
    0x5f, 0xd7, 0x5f, 0xdf, 0x9f, 0xe7, 0x7f, 0xdf, 0x5f, 0xdf, 0x7f, 0xdf,
    0x7f, 0xdf, 0x5f, 0xdf, 0x5f, 0xd7, 0x7f, 0xdf, 0x9f, 0xe7, 0x9f, 0xe7,
    0x7f, 0xe7, 0x7f, 0xdf, 0x7f, 0xe7, 0x9f, 0xe7, 0x7f, 0xdf, 0x9f, 0xe7,
    0x9f, 0xe7, 0x7f, 0xdf, 0x7f, 0xe7, 0x7f, 0xe7, 0x7f, 0xe7, 0x9f, 0xe7,
    0x7f, 0xe7, 0x7f, 0xdf, 0x9f, 0xe7, 0x9f, 0xe7, 0x7f, 0xe7, 0x7f, 0xe7,
    0x9f, 0xe7, 0x7f, 0xe7, 0x9f, 0xe7, 0x9f, 0xe7, 0x9f, 0xe7, 0x9f, 0xe7,
    0x9f, 0xe7, 0x7f, 0xe7, 0x9f, 0xe7, 0x9f, 0xef, 0x9f, 0xef, 0x9f, 0xe7,
    0x9f, 0xe7, 0x9f, 0xef, 0x9f, 0xe7, 0x9f, 0xef, 0xbf, 0xe7, 0x9f, 0xef,
    0x9f, 0xef, 0x9f, 0xe7, 0xbf, 0xe7, 0x9f, 0xef, 0x9f, 0xe7, 0xbf, 0xef,
    0x9f, 0xef, 0x9f, 0xef, 0x9f, 0xe7, 0x9f, 0xef, 0xbf, 0xef, 0xbf, 0xe7,
    0x9f, 0xef, 0xbf, 0xef, 0xbf, 0xef, 0x9f, 0xef, 0xbf, 0xef, 0x9f, 0xef,
    0x9f, 0xef, 0xbf, 0xef, 0xbf, 0xef, 0x9f, 0xef, 0xbf, 0xef, 0xbf, 0xef,
    0x9f, 0xef, 0x9f, 0xef, 0xbf, 0xf7, 0x9f, 0xef, 0xbf, 0xef, 0xbf, 0xef,
    0x9f, 0xe7, 0x9f, 0xef, 0xbf, 0xf7, 0x9f, 0xef, 0x7f, 0xdf, 0xbf, 0xef,
    0xbf, 0xf7, 0x7f, 0xdf, 0x9f, 0xe7, 0xdf, 0xf7, 0x9f, 0xe7, 0x7f, 0xdf,
    0xdf, 0xf7, 0xdf, 0xf7, 0x5f, 0xdf, 0x9f, 0xe7, 0xbf, 0xf7, 0x7f, 0xdf,
    0x1e, 0xcf, 0xbf, 0xf7, 0xdf, 0xf7, 0x1f, 0xcf, 0x5f, 0xd7, 0xbf, 0xf7,
    0x9f, 0xef, 0x1f, 0xcf, 0x9f, 0xe7, 0xbf, 0xf7, 0x5f, 0xdf, 0x3f, 0xcf,
    0xbf, 0xf7, 0x5f, 0xdf, 0x1f, 0xc7, 0x1f, 0xcf, 0x1f, 0xc7, 0x1f, 0xc7,
    0x1f, 0xc7, 0xdf, 0xf7, 0xff, 0xff, 0xff, 0xff, 0xff, 0xff, 0xff, 0xff,
    0xff, 0xff, 0xff, 0xff, 0xff, 0xff, 0xff, 0xff, 0xff, 0xff, 0xdf, 0xf7,
    0xbf, 0xef, 0x3f, 0xd7, 0x3f, 0xcf, 0x1f, 0xc7, 0x7f, 0xe7, 0x9f, 0xe7,
    0x1f, 0xc7, 0x1e, 0xcf, 0x3f, 0xcf, 0xdf, 0xf7, 0x7f, 0xdf, 0x1f, 0xcf,
    0x1f, 0xcf, 0x7f, 0xd7, 0xdf, 0xf7, 0x1f, 0xc7, 0x3f, 0xcf, 0x3f, 0xcf,
    0xbf, 0xef, 0x9f, 0xe7, 0x1f, 0xc7, 0x1e, 0xc7, 0x9f, 0xe7, 0x9f, 0xe7,
    0x1e, 0xc7, 0x1f, 0xcf, 0x5f, 0xd7, 0xbf, 0xf7, 0x3e, 0xd7, 0x3f, 0xcf,
    0x3f, 0xcf, 0xdf, 0xf7, 0x7f, 0xdf, 0x3f, 0xcf, 0x1f, 0xcf, 0x7f, 0xdf,
    0x9f, 0xe7, 0x3f, 0xcf, 0x3f, 0xcf, 0x5f, 0xd7, 0x9f, 0xef, 0x5f, 0xd7,
    0x3f, 0xcf, 0x3f, 0xcf, 0x9f, 0xef, 0x7f, 0xdf, 0x3f, 0xcf, 0x3f, 0xcf,
    0x7f, 0xdf, 0x9f, 0xe7, 0x3f, 0xcf, 0x3f, 0xcf, 0x7f, 0xdf, 0x7f, 0xdf,
    0x3f, 0xcf, 0x3f, 0xd7, 0x7f, 0xdf, 0x5f, 0xdf, 0x5f, 0xd7, 0x5f, 0xd7,
    0x5f, 0xd7, 0x3f, 0xd7, 0x3f, 0xcf, 0x3f, 0xd7, 0x7f, 0xdf, 0x3f, 0xd7,
    0x3f, 0xcf, 0x3f, 0xcf, 0x3f, 0xd7, 0x5f, 0xdf, 0x5f, 0xd7, 0x3f, 0xcf,
    0x3f, 0xd7, 0x3f, 0xd7, 0x3f, 0xcf, 0x3f, 0xd7, 0x3f, 0xcf, 0x5f, 0xd7,
    0x7f, 0xdf, 0x5f, 0xdf, 0x5f, 0xdf, 0x5f, 0xd7, 0x5f, 0xdf, 0x5f, 0xd7,
    0x5f, 0xdf, 0x7f, 0xdf, 0x5f, 0xdf, 0x5f, 0xdf, 0x7f, 0xd7, 0x5f, 0xdf,
    0x5f, 0xdf, 0x5f, 0xd7, 0x5f, 0xdf, 0x5f, 0xd7, 0x5f, 0xdf, 0x5f, 0xd7,
    0x5f, 0xdf, 0x5f, 0xdf, 0x3f, 0xd7, 0x5f, 0xd7, 0x3f, 0xd7, 0x5f, 0xd7,
    0x5f, 0xd7, 0x3f, 0xd7, 0x5f, 0xd7, 0x5f, 0xd7, 0x5f, 0xd7, 0x5f, 0xd7,
    0x5f, 0xd7, 0x3f, 0xd7, 0x3f, 0xd7, 0x5f, 0xd7, 0x3f, 0xd7, 0x5f, 0xdf,
    0x7f, 0xe7, 0x9f, 0xe7, 0x7f, 0xdf, 0x5f, 0xdf, 0x7f, 0xdf, 0x7f, 0xdf,
    0x5f, 0xd7, 0x7f, 0xdf, 0x9f, 0xe7, 0x9f, 0xe7, 0x7f, 0xe7, 0x7f, 0xe7,
    0x7f, 0xdf, 0x7f, 0xe7, 0x7f, 0xe7, 0x9f, 0xdf, 0x7f, 0xe7, 0x9f, 0xe7,
    0x9f, 0xdf, 0x7f, 0xe7, 0x7f, 0xdf, 0x7f, 0xe7, 0x7f, 0xdf, 0x9f, 0xe7,
    0x9f, 0xe7, 0x7f, 0xdf, 0x9f, 0xe7, 0x7f, 0xe7, 0x9f, 0xe7, 0x7f, 0xdf,
    0x7f, 0xe7, 0x9f, 0xe7, 0x7f, 0xe7, 0x9f, 0xe7, 0x7f, 0xe7, 0x9f, 0xe7,
    0x9f, 0xe7, 0x7f, 0xe7, 0x9f, 0xe7, 0x9f, 0xe7, 0x9f, 0xe7, 0x9f, 0xe7,
    0x9f, 0xef, 0x9f, 0xe7, 0x9f, 0xe7, 0x9f, 0xe7, 0x9f, 0xe7, 0x9f, 0xef,
    0x9f, 0xef, 0xbf, 0xe7, 0x9f, 0xef, 0x9f, 0xef, 0xbf, 0xef, 0x9f, 0xef,
    0x9f, 0xe7, 0x9f, 0xef, 0xbf, 0xef, 0xbf, 0xef, 0xbf, 0xef, 0x9f, 0xef,
    0x9f, 0xef, 0xbf, 0xef, 0xbf, 0xef, 0x9f, 0xef, 0x9f, 0xef, 0x9f, 0xef,
    0x9f, 0xef, 0xbf, 0xef, 0xbf, 0xef, 0x9f, 0xef, 0x9f, 0xef, 0xbf, 0xef,
    0x9f, 0xef, 0x9f, 0xef, 0xbf, 0xef, 0x9f, 0xef, 0xbf, 0xef, 0xbf, 0xef,
    0x9f, 0xe7, 0x9f, 0xef, 0xbf, 0xf7, 0x9f, 0xe7, 0x7f, 0xe7, 0xbf, 0xef,
    0xbf, 0xf7, 0x9f, 0xe7, 0x9f, 0xef, 0xbf, 0xef, 0x9f, 0xef, 0x7f, 0xe7,
    0xdf, 0xf7, 0xdf, 0xf7, 0x7f, 0xdf, 0x9f, 0xe7, 0xbf, 0xf7, 0x9f, 0xef,
    0x7f, 0xdf, 0xdf, 0xf7, 0xdf, 0xf7, 0x5f, 0xdf, 0x7f, 0xdf, 0xbf, 0xef,
    0xbf, 0xef, 0x5f, 0xd7, 0x9f, 0xe7, 0xbf, 0xef, 0x9f, 0xe7, 0x9f, 0xe7,
    0xbf, 0xef, 0xbf, 0xef, 0x5f, 0xd7, 0xff, 0xc6, 0x1e, 0xc7, 0x1f, 0xc7,
    0x1f, 0xc7, 0xdf, 0xff, 0xff, 0xff, 0xff, 0xff, 0xff, 0xff, 0xff, 0xff,
    0xff, 0xff, 0xff, 0xff, 0xff, 0xff, 0xff, 0xff, 0xff, 0xff, 0xbf, 0xef,
    0x3f, 0xd7, 0x3f, 0xcf, 0x3f, 0xcf, 0x1f, 0xcf, 0x5f, 0xd7, 0x5f, 0xd7,
    0x1f, 0xc7, 0x1f, 0xcf, 0x1f, 0xcf, 0x7f, 0xdf, 0x3f, 0xcf, 0x3f, 0xcf,
    0x3f, 0xcf, 0x3f, 0xcf, 0x5f, 0xd7, 0x1f, 0xc7, 0x1f, 0xcf, 0x3f, 0xcf,
    0x7f, 0xdf, 0x5f, 0xd7, 0x3f, 0xcf, 0x1f, 0xcf, 0x5f, 0xd7, 0x5f, 0xd7,
    0x3f, 0xcf, 0x3f, 0xcf, 0x3f, 0xd7, 0x5f, 0xdf, 0x3f, 0xcf, 0x3f, 0xcf,
    0x3f, 0xcf, 0x5f, 0xdf, 0x5f, 0xd7, 0x3f, 0xcf, 0x3f, 0xcf, 0x3f, 0xd7,
    0x5f, 0xd7, 0x3f, 0xcf, 0x3f, 0xd7, 0x3f, 0xd7, 0x5f, 0xd7, 0x3f, 0xcf,
    0x3f, 0xcf, 0x3f, 0xcf, 0x7f, 0xdf, 0x5f, 0xd7, 0x5f, 0xd7, 0x3f, 0xd7,
    0x5f, 0xd7, 0x5f, 0xd7, 0x3f, 0xd7, 0x3f, 0xd7, 0x5f, 0xd7, 0x5f, 0xd7,
    0x3f, 0xcf, 0x3f, 0xcf, 0x5f, 0xd7, 0x7f, 0xdf, 0x5f, 0xd7, 0x3f, 0xcf,
    0x3f, 0xcf, 0x3f, 0xcf, 0x3f, 0xd7, 0x5f, 0xd7, 0x3f, 0xd7, 0x3f, 0xcf,
    0x3f, 0xcf, 0x3f, 0xd7, 0x5f, 0xdf, 0x5f, 0xd7, 0x3f, 0xcf, 0x3f, 0xd7,
    0x3f, 0xd7, 0x3f, 0xcf, 0x3f, 0xcf, 0x3f, 0xcf, 0x7f, 0xdf, 0x7f, 0xe7,
    0x5f, 0xdf, 0x5f, 0xdf, 0x5f, 0xd7, 0x7f, 0xdf, 0x5f, 0xd7, 0x5f, 0xdf,
    0x5f, 0xd7, 0x5f, 0xdf, 0x5f, 0xd7, 0x5f, 0xdf, 0x5f, 0xdf, 0x7f, 0xd7,
    0x5f, 0xdf, 0x5f, 0xdf, 0x5f, 0xd7, 0x5f, 0xdf, 0x5f, 0xdf, 0x5f, 0xd7,
    0x5f, 0xd7, 0x5f, 0xd7, 0x5f, 0xdf, 0x5f, 0xdf, 0x5f, 0xd7, 0x5f, 0xdf,
    0x5f, 0xd7, 0x5f, 0xd7, 0x5f, 0xd7, 0x5f, 0xd7, 0x5f, 0xd7, 0x3f, 0xd7,
    0x3f, 0xd7, 0x5f, 0xd7, 0x3f, 0xd7, 0x5f, 0xd7, 0x7f, 0xdf, 0x7f, 0xdf,
    0x7f, 0xdf, 0x7f, 0xd7, 0x7f, 0xdf, 0x7f, 0xdf, 0x5f, 0xdf, 0x7f, 0xdf,
    0x9f, 0xe7, 0x9f, 0xe7, 0x9f, 0xe7, 0x7f, 0xe7, 0x7f, 0xdf, 0x7f, 0xe7,
    0x7f, 0xe7, 0x9f, 0xdf, 0x9f, 0xe7, 0x7f, 0xe7, 0x9f, 0xe7, 0x7f, 0xe7,
    0x7f, 0xe7, 0x7f, 0xdf, 0x9f, 0xe7, 0x7f, 0xdf, 0x9f, 0xe7, 0x7f, 0xe7,
    0x7f, 0xe7, 0x9f, 0xe7, 0x7f, 0xe7, 0x7f, 0xe7, 0x9f, 0xe7, 0x9f, 0xe7,
    0x7f, 0xdf, 0x9f, 0xe7, 0x7f, 0xe7, 0x7f, 0xe7, 0x9f, 0xe7, 0x9f, 0xe7,
    0x9f, 0xe7, 0x9f, 0xe7, 0x9f, 0xef, 0x9f, 0xe7, 0x9f, 0xe7, 0x9f, 0xef,
    0x9f, 0xe7, 0x9f, 0xef, 0x9f, 0xef, 0x9f, 0xef, 0x9f, 0xe7, 0xbf, 0xef,
    0x9f, 0xef, 0x9f, 0xef, 0x9f, 0xef, 0xbf, 0xef, 0xbf, 0xef, 0xbf, 0xe7,
    0x9f, 0xef, 0x9f, 0xef, 0xbf, 0xef, 0xbf, 0xef, 0xbf, 0xef, 0x9f, 0xef,
    0xbf, 0xef, 0xbf, 0xef, 0xbf, 0xef, 0xbf, 0xef, 0xbf, 0xef, 0xbf, 0xef,
    0xbf, 0xef, 0xbf, 0xef, 0xbf, 0xef, 0xbf, 0xef, 0xbf, 0xef, 0xbf, 0xef,
    0xbf, 0xef, 0xbf, 0xef, 0xbf, 0xef, 0xbf, 0xef, 0x9f, 0xef, 0xbf, 0xf7,
    0xbf, 0xef, 0xbf, 0xef, 0xbf, 0xef, 0xbf, 0xef, 0xbf, 0xef, 0xbf, 0xef,
    0xbf, 0xf7, 0xdf, 0xf7, 0xbf, 0xef, 0xbf, 0xef, 0xbf, 0xef, 0xbf, 0xf7,
    0xbf, 0xef, 0xbf, 0xef, 0xbf, 0xf7, 0xbf, 0xef, 0xbf, 0xef, 0xdf, 0xf7,
    0xdf, 0xf7, 0xbf, 0xf7, 0xbf, 0xef, 0xbf, 0xef, 0xdf, 0xf7, 0xbf, 0xef,
    0xbf, 0xef, 0xbf, 0xef, 0xbf, 0xef, 0xbf, 0xef, 0xbf, 0xf7, 0xdf, 0xf7,
    0xbf, 0xef, 0xbf, 0xef, 0xbf, 0xf7, 0x5f, 0xd7, 0xff, 0xc6, 0x1f, 0xc7,
    0x1f, 0xc7, 0xdf, 0xff, 0xff, 0xff, 0xff, 0xff, 0xff, 0xff, 0xff, 0xff,
    0xff, 0xff, 0xff, 0xff, 0xff, 0xff, 0xff, 0xff, 0xff, 0xff, 0x9f, 0xe7,
    0x1f, 0xc7, 0x3f, 0xcf, 0x1e, 0xcf, 0x1f, 0xcf, 0x1e, 0xcf, 0x1f, 0xc7,
    0x3f, 0xcf, 0x3f, 0xcf, 0x1e, 0xcf, 0x1f, 0xc7, 0x3f, 0xcf, 0x3f, 0xcf,
    0x1e, 0xcf, 0x1f, 0xcf, 0x1e, 0xcf, 0x3f, 0xcf, 0x3f, 0xcf, 0x3f, 0xcf,
    0x3f, 0xcf, 0x3f, 0xcf, 0x3f, 0xcf, 0x3f, 0xcf, 0x1f, 0xcf, 0x3f, 0xcf,
    0x3f, 0xcf, 0x5f, 0xd7, 0x3f, 0xcf, 0x3f, 0xcf, 0x3f, 0xd7, 0x3f, 0xd7,
    0x3f, 0xd7, 0x3f, 0xcf, 0x3f, 0xcf, 0x3f, 0xd7, 0x3f, 0xd7, 0x3f, 0xcf,
    0x3f, 0xcf, 0x3f, 0xcf, 0x3f, 0xcf, 0x3f, 0xd7, 0x3f, 0xcf, 0x3f, 0xd7,
    0x3f, 0xd7, 0x3f, 0xd7, 0x3f, 0xcf, 0x5f, 0xd7, 0x3f, 0xd7, 0x3f, 0xcf,
    0x3f, 0xcf, 0x3f, 0xcf, 0x5f, 0xd7, 0x5f, 0xd7, 0x3f, 0xd7, 0x3f, 0xcf,
    0x3f, 0xd7, 0x5f, 0xd7, 0x5f, 0xdf, 0x3f, 0xd7, 0x3f, 0xcf, 0x3f, 0xd7,
    0x3f, 0xcf, 0x5f, 0xd7, 0x5f, 0xd7, 0x3f, 0xcf, 0x3f, 0xcf, 0x3f, 0xd7,
    0x5f, 0xd7, 0x5f, 0xdf, 0x3f, 0xcf, 0x3f, 0xcf, 0x3f, 0xcf, 0x3f, 0xcf,
    0x3f, 0xd7, 0x3f, 0xcf, 0x3f, 0xd7, 0x7f, 0xdf, 0x7f, 0xdf, 0x5f, 0xdf,
    0x5f, 0xdf, 0x5f, 0xd7, 0x5f, 0xdf, 0x5f, 0xdf, 0x5f, 0xdf, 0x7f, 0xd7,
    0x5f, 0xdf, 0x5f, 0xdf, 0x7f, 0xd7, 0x5f, 0xdf, 0x5f, 0xdf, 0x5f, 0xdf,
    0x7f, 0xdf, 0x5f, 0xd7, 0x5f, 0xd7, 0x5f, 0xdf, 0x5f, 0xd7, 0x5f, 0xdf,
    0x5f, 0xd7, 0x5f, 0xd7, 0x5f, 0xd7, 0x5f, 0xdf, 0x5f, 0xd7, 0x3f, 0xd7,
    0x5f, 0xd7, 0x5f, 0xdf, 0x3f, 0xd7, 0x5f, 0xd7, 0x5f, 0xdf, 0x5f, 0xd7,
    0x3f, 0xd7, 0x5f, 0xdf, 0x7f, 0xdf, 0x9f, 0xe7, 0x7f, 0xdf, 0x7f, 0xdf,
    0x7f, 0xdf, 0x7f, 0xdf, 0x5f, 0xdf, 0x7f, 0xdf, 0x7f, 0xdf, 0x9f, 0xe7,
    0x9f, 0xe7, 0x7f, 0xdf, 0x7f, 0xe7, 0x7f, 0xdf, 0x7f, 0xdf, 0x7f, 0xe7,
    0x7f, 0xe7, 0x9f, 0xe7, 0x7f, 0xdf, 0x7f, 0xdf, 0x7f, 0xdf, 0x7f, 0xe7,
    0x7f, 0xdf, 0x7f, 0xdf, 0x7f, 0xe7, 0x7f, 0xe7, 0x9f, 0xe7, 0x9f, 0xdf,
    0x7f, 0xe7, 0x9f, 0xdf, 0x9f, 0xe7, 0x7f, 0xe7, 0x7f, 0xe7, 0x9f, 0xe7,
    0x9f, 0xe7, 0x9f, 0xe7, 0x7f, 0xe7, 0x9f, 0xe7, 0x9f, 0xe7, 0x9f, 0xe7,
    0x9f, 0xef, 0x9f, 0xef, 0x9f, 0xe7, 0x7f, 0xe7, 0x9f, 0xef, 0x9f, 0xe7,
    0x9f, 0xe7, 0x9f, 0xe7, 0x9f, 0xef, 0x9f, 0xe7, 0x9f, 0xe7, 0x9f, 0xef,
    0xbf, 0xef, 0x9f, 0xe7, 0xbf, 0xef, 0x9f, 0xef, 0x9f, 0xe7, 0x9f, 0xef,
    0xbf, 0xef, 0xbf, 0xef, 0x9f, 0xef, 0x9f, 0xef, 0xbf, 0xef, 0xbf, 0xef,
    0xbf, 0xef, 0xbf, 0xef, 0xbf, 0xef, 0xbf, 0xef, 0xbf, 0xef, 0xbf, 0xef,
    0xbf, 0xef, 0x9f, 0xef, 0x9f, 0xef, 0xbf, 0xef, 0xbf, 0xf7, 0xbf, 0xef,
    0xbf, 0xef, 0xbf, 0xef, 0xbf, 0xef, 0x9f, 0xef, 0x9f, 0xef, 0xbf, 0xef,
    0xbf, 0xef, 0xbf, 0xef, 0xbf, 0xf7, 0xbf, 0xf7, 0xbf, 0xef, 0xbf, 0xf7,
    0xbf, 0xf7, 0xbf, 0xf7, 0xbf, 0xf7, 0xbf, 0xef, 0xbf, 0xef, 0x9f, 0xef,
    0xbf, 0xef, 0xbf, 0xef, 0xbf, 0xf7, 0xdf, 0xf7, 0xdf, 0xf7, 0xbf, 0xef,
    0xbf, 0xef, 0xbf, 0xf7, 0xbf, 0xef, 0xbf, 0xef, 0xdf, 0xf7, 0xbf, 0xf7,
    0x9f, 0xef, 0x7f, 0xe7, 0x9f, 0xef, 0xbf, 0xef, 0xbf, 0xef, 0xbf, 0xef,
    0xbf, 0xf7, 0xbf, 0xef, 0x9f, 0xef, 0xbf, 0xef, 0x3f, 0xcf, 0xff, 0xc6,
    0x1f, 0xcf, 0xdf, 0xff, 0xff, 0xff, 0xff, 0xff, 0xff, 0xff, 0xff, 0xff,
    0xff, 0xff, 0xff, 0xff, 0xff, 0xff, 0xff, 0xff, 0xff, 0xff, 0x9f, 0xef,
    0xff, 0xc6, 0x1e, 0xcf, 0x1f, 0xcf, 0x3f, 0xcf, 0x3f, 0xcf, 0x1e, 0xcf,
    0x3f, 0xcf, 0x3f, 0xcf, 0x1e, 0xcf, 0x1f, 0xc7, 0x3f, 0xcf, 0x1f, 0xcf,
    0x1f, 0xcf, 0x3f, 0xcf, 0x3f, 0xcf, 0x3f, 0xcf, 0x3f, 0xcf, 0x3f, 0xcf,
    0x1e, 0xc7, 0x1f, 0xcf, 0x3f, 0xcf, 0x3f, 0xcf, 0x3f, 0xcf, 0x3f, 0xcf,
    0x3f, 0xcf, 0x3f, 0xd7, 0x3f, 0xd7, 0x3f, 0xcf, 0x5f, 0xd7, 0x3f, 0xd7,
    0x3f, 0xcf, 0x3f, 0xcf, 0x3f, 0xcf, 0x3f, 0xcf, 0x5f, 0xd7, 0x3f, 0xcf,
    0x3f, 0xcf, 0x3f, 0xd7, 0x3f, 0xcf, 0x5f, 0xcf, 0x3f, 0xcf, 0x3f, 0xd7,
    0x5f, 0xd7, 0x5f, 0xd7, 0x3f, 0xcf, 0x3f, 0xcf, 0x3f, 0xd7, 0x3f, 0xcf,
    0x3f, 0xcf, 0x3f, 0xcf, 0x3f, 0xd7, 0x5f, 0xd7, 0x5f, 0xd7, 0x5f, 0xd7,
    0x5f, 0xdf, 0x5f, 0xd7, 0x5f, 0xcf, 0x3f, 0xd7, 0x5f, 0xd7, 0x5f, 0xcf,
    0x3f, 0xd7, 0x5f, 0xd7, 0x3f, 0xd7, 0x3f, 0xcf, 0x3f, 0xcf, 0x5f, 0xdf,
    0x5f, 0xd7, 0x3f, 0xcf, 0x3f, 0xcf, 0x3e, 0xcf, 0x3f, 0xcf, 0x3f, 0xcf,
    0x3f, 0xcf, 0x5f, 0xd7, 0x7f, 0xe7, 0x5f, 0xdf, 0x5f, 0xdf, 0x5f, 0xdf,
    0x5f, 0xdf, 0x5f, 0xd7, 0x5f, 0xdf, 0x5f, 0xd7, 0x5f, 0xdf, 0x5f, 0xdf,
    0x7f, 0xdf, 0x5f, 0xd7, 0x5f, 0xdf, 0x7f, 0xd7, 0x5f, 0xd7, 0x5f, 0xdf,
    0x5f, 0xdf, 0x7f, 0xdf, 0x7f, 0xdf, 0x5f, 0xd7, 0x5f, 0xd7, 0x5f, 0xdf,
    0x5f, 0xdf, 0x5f, 0xd7, 0x5f, 0xd7, 0x5f, 0xd7, 0x5f, 0xdf, 0x5f, 0xd7,
    0x3f, 0xd7, 0x5f, 0xd7, 0x5f, 0xd7, 0x3f, 0xd7, 0x5f, 0xd7, 0x3f, 0xd7,
    0x5f, 0xdf, 0x9f, 0xe7, 0x7f, 0xe7, 0x7f, 0xdf, 0x5f, 0xdf, 0x7f, 0xdf,
    0x7f, 0xdf, 0x7f, 0xdf, 0x7f, 0xdf, 0x9f, 0xe7, 0x7f, 0xe7, 0x7f, 0xdf,
    0x7f, 0xdf, 0x7f, 0xe7, 0x7f, 0xdf, 0x7f, 0xe7, 0x9f, 0xe7, 0x9f, 0xdf,
    0x9f, 0xdf, 0x7f, 0xe7, 0x7f, 0xe7, 0x7f, 0xe7, 0x7f, 0xe7, 0x9f, 0xdf,
    0x7f, 0xe7, 0x9f, 0xe7, 0x7f, 0xdf, 0x7f, 0xe7, 0x9f, 0xe7, 0x9f, 0xe7,
    0x7f, 0xe7, 0x7f, 0xe7, 0x9f, 0xdf, 0x7f, 0xe7, 0x7f, 0xe7, 0x9f, 0xe7,
    0x7f, 0xe7, 0x9f, 0xe7, 0x9f, 0xe7, 0x9f, 0xe7, 0x9f, 0xe7, 0x7f, 0xe7,
    0x9f, 0xef, 0x9f, 0xe7, 0x9f, 0xe7, 0x9f, 0xe7, 0x9f, 0xe7, 0x9f, 0xef,
    0x9f, 0xe7, 0x9f, 0xe7, 0x9f, 0xef, 0x9f, 0xef, 0x9f, 0xe7, 0x9f, 0xef,
    0x9f, 0xe7, 0x9f, 0xe7, 0xbf, 0xef, 0x9f, 0xef, 0x9f, 0xef, 0x9f, 0xef,
    0xbf, 0xe7, 0xbf, 0xef, 0x9f, 0xef, 0x9f, 0xe7, 0xbf, 0xef, 0xbf, 0xef,
    0x9f, 0xef, 0x9f, 0xef, 0x9f, 0xef, 0x9f, 0xef, 0xbf, 0xef, 0x9f, 0xef,
    0x9f, 0xef, 0xbf, 0xef, 0xbf, 0xef, 0x9f, 0xef, 0xbf, 0xef, 0x9f, 0xef,
    0x7f, 0xe7, 0x9f, 0xef, 0xbf, 0xf7, 0x9f, 0xe7, 0x9f, 0xef, 0xbf, 0xf7,
    0x9f, 0xe7, 0x9f, 0xef, 0xbf, 0xef, 0x9f, 0xef, 0x7f, 0xdf, 0xbf, 0xf7,
    0xbf, 0xef, 0x5f, 0xd7, 0xbf, 0xef, 0xdf, 0xf7, 0x7f, 0xe7, 0x3f, 0xcf,
    0xbf, 0xef, 0xbf, 0xef, 0x5f, 0xd7, 0x9f, 0xef, 0xdf, 0xff, 0x7f, 0xe7,
    0x1e, 0xc7, 0xbf, 0xef, 0xdf, 0xf7, 0x3f, 0xd7, 0x7f, 0xdf, 0xdf, 0xf7,
    0x7f, 0xdf, 0xde, 0xbe, 0x9f, 0xe7, 0xbf, 0xf7, 0x5f, 0xdf, 0x3f, 0xcf,
    0xdf, 0xf7, 0xbf, 0xef, 0x3f, 0xcf, 0x5f, 0xd7, 0xbf, 0xef, 0x3f, 0xcf,
    0x1f, 0xc7, 0xdf, 0xff, 0xff, 0xff, 0xff, 0xff, 0xff, 0xff, 0xff, 0xff,
    0xff, 0xff, 0xff, 0xff, 0xff, 0xff, 0xff, 0xff, 0xff, 0xff, 0xbf, 0xef,
    0x5f, 0xd7, 0x3f, 0xcf, 0x1f, 0xc7, 0x1f, 0xc7, 0x5f, 0xd7, 0x7f, 0xdf,
    0x3f, 0xcf, 0x3f, 0xcf, 0x3f, 0xcf, 0x5f, 0xdf, 0x3f, 0xcf, 0x1f, 0xcf,
    0x3f, 0xcf, 0x3f, 0xcf, 0x7f, 0xdf, 0x3f, 0xcf, 0x3f, 0xcf, 0x3f, 0xcf,
    0x5f, 0xd7, 0x3f, 0xcf, 0x3f, 0xcf, 0x3e, 0xcf, 0x5f, 0xdf, 0x7f, 0xdf,
    0x3f, 0xcf, 0x3f, 0xcf, 0x5f, 0xd7, 0x7f, 0xdf, 0x3f, 0xcf, 0x3f, 0xcf,
    0x3f, 0xcf, 0x5f, 0xdf, 0x3f, 0xd7, 0x3f, 0xcf, 0x3f, 0xd7, 0x7f, 0xdf,
    0x7f, 0xdf, 0x3f, 0xcf, 0x3f, 0xd7, 0x5f, 0xd7, 0x5f, 0xdf, 0x3e, 0xcf,
    0x3f, 0xcf, 0x3f, 0xcf, 0x5f, 0xdf, 0x5f, 0xd7, 0x3f, 0xcf, 0x3f, 0xcf,
    0x5f, 0xd7, 0x5f, 0xdf, 0x3f, 0xcf, 0x3f, 0xd7, 0x5f, 0xd7, 0x7f, 0xdf,
    0x5f, 0xd7, 0x3f, 0xcf, 0x5f, 0xd7, 0x3f, 0xcf, 0x3f, 0xcf, 0x5f, 0xd7,
    0x5f, 0xd7, 0x3f, 0xd7, 0x3f, 0xcf, 0x5f, 0xd7, 0x5f, 0xdf, 0x3f, 0xd7,
    0x3f, 0xcf, 0x3f, 0xcf, 0x3f, 0xd7, 0x3f, 0xd7, 0x3f, 0xd7, 0x3f, 0xcf,
    0x5f, 0xd7, 0x7f, 0xe7, 0x7f, 0xdf, 0x5f, 0xd7, 0x5f, 0xdf, 0x5f, 0xdf,
    0x7f, 0xd7, 0x5f, 0xdf, 0x5f, 0xdf, 0x5f, 0xd7, 0x5f, 0xd7, 0x5f, 0xdf,
    0x5f, 0xdf, 0x5f, 0xd7, 0x5f, 0xdf, 0x5f, 0xdf, 0x5f, 0xd7, 0x5f, 0xdf,
    0x5f, 0xdf, 0x5f, 0xdf, 0x5f, 0xdf, 0x5f, 0xdf, 0x5f, 0xd7, 0x5f, 0xdf,
    0x5f, 0xd7, 0x5f, 0xdf, 0x5f, 0xd7, 0x5f, 0xdf, 0x5f, 0xd7, 0x5f, 0xdf,
    0x5f, 0xd7, 0x5f, 0xd7, 0x5f, 0xdf, 0x5f, 0xd7, 0x5f, 0xdf, 0x7f, 0xe7,
    0x9f, 0xe7, 0x7f, 0xdf, 0x5f, 0xdf, 0x7f, 0xdf, 0x7f, 0xdf, 0x7f, 0xdf,
    0x7f, 0xdf, 0x9f, 0xe7, 0x9f, 0xe7, 0x7f, 0xdf, 0x7f, 0xdf, 0x7f, 0xe7,
    0x7f, 0xe7, 0x7f, 0xdf, 0x7f, 0xe7, 0x9f, 0xe7, 0x7f, 0xe7, 0x9f, 0xdf,
    0x7f, 0xe7, 0x7f, 0xe7, 0x7f, 0xdf, 0x9f, 0xe7, 0x7f, 0xe7, 0x9f, 0xe7,
    0x7f, 0xe7, 0x7f, 0xe7, 0x7f, 0xdf, 0x7f, 0xdf, 0x9f, 0xe7, 0x7f, 0xe7,
    0x9f, 0xe7, 0x9f, 0xe7, 0x7f, 0xe7, 0x9f, 0xe7, 0x9f, 0xe7, 0x9f, 0xe7,
    0x7f, 0xe7, 0x7f, 0xe7, 0x9f, 0xe7, 0x9f, 0xe7, 0x9f, 0xe7, 0x9f, 0xe7,
    0x9f, 0xe7, 0x9f, 0xef, 0x9f, 0xef, 0x9f, 0xe7, 0x9f, 0xef, 0x9f, 0xef,
    0x9f, 0xef, 0x9f, 0xe7, 0x9f, 0xef, 0x9f, 0xe7, 0x9f, 0xef, 0x9f, 0xef,
    0x9f, 0xe7, 0x9f, 0xef, 0x9f, 0xe7, 0x9f, 0xef, 0xbf, 0xef, 0xbf, 0xe7,
    0x9f, 0xef, 0x9f, 0xef, 0xbf, 0xef, 0xbf, 0xef, 0x9f, 0xef, 0x9f, 0xef,
    0xbf, 0xef, 0xbf, 0xef, 0xbf, 0xef, 0x9f, 0xef, 0x9f, 0xef, 0xbf, 0xef,
    0xbf, 0xef, 0xbf, 0xef, 0xbf, 0xef, 0x9f, 0xef, 0x9f, 0xef, 0xbf, 0xef,
    0x9f, 0xef, 0xbf, 0xef, 0xbf, 0xef, 0x9f, 0xef, 0xbf, 0xef, 0xbf, 0xef,
    0xbf, 0xef, 0x9f, 0xef, 0x9f, 0xef, 0xbf, 0xef, 0xbf, 0xef, 0xbf, 0xf7,
    0xbf, 0xef, 0x9f, 0xe7, 0xbf, 0xef, 0xbf, 0xef, 0x9f, 0xef, 0x9f, 0xe7,
    0x9f, 0xef, 0xbf, 0xef, 0xbf, 0xef, 0xdf, 0xf7, 0xbf, 0xf7, 0xbf, 0xef,
    0x9f, 0xe7, 0xbf, 0xef, 0xbf, 0xf7, 0xdf, 0xf7, 0xbf, 0xf7, 0xbf, 0xef,
    0x9f, 0xef, 0x9f, 0xe7, 0xbf, 0xef, 0xbf, 0xf7, 0xbf, 0xef, 0xbf, 0xef,
    0xbf, 0xef, 0x9f, 0xef, 0x9f, 0xe7, 0x9f, 0xe7, 0xbf, 0xef, 0xbf, 0xef,
    0x3f, 0xcf, 0xdf, 0xf7, 0xff, 0xff, 0xff, 0xff, 0xff, 0xff, 0xff, 0xff,
    0xff, 0xff, 0xff, 0xff, 0xff, 0xff, 0xff, 0xff, 0xff, 0xff, 0xdf, 0xf7,
    0x9f, 0xe7, 0x3f, 0xcf, 0x1e, 0xcf, 0x1f, 0xc7, 0x9f, 0xe7, 0xbf, 0xef,
    0x3f, 0xcf, 0x3f, 0xcf, 0x3f, 0xcf, 0xbf, 0xef, 0x5f, 0xd7, 0x1f, 0xc7,
    0x3e, 0xcf, 0x5f, 0xd7, 0xbf, 0xf7, 0x3f, 0xd7, 0x3f, 0xcf, 0x1f, 0xcf,
    0x9f, 0xef, 0x5f, 0xdf, 0x3f, 0xcf, 0x3f, 0xcf, 0x9f, 0xe7, 0x9f, 0xe7,
    0x3f, 0xcf, 0x3e, 0xcf, 0x5f, 0xd7, 0xbf, 0xef, 0x3f, 0xcf, 0x3f, 0xcf,
    0x3e, 0xcf, 0xbf, 0xef, 0x5f, 0xd7, 0x3f, 0xcf, 0x3f, 0xcf, 0x9f, 0xe7,
    0x9f, 0xe7, 0x3f, 0xcf, 0x3f, 0xd7, 0x5f, 0xd7, 0x9f, 0xe7, 0x3f, 0xd7,
    0x3f, 0xcf, 0x3f, 0xcf, 0x9f, 0xe7, 0x7f, 0xdf, 0x3f, 0xcf, 0x3f, 0xcf,
    0x7f, 0xdf, 0x7f, 0xdf, 0x3f, 0xcf, 0x5f, 0xd7, 0x7f, 0xdf, 0x5f, 0xd7,
    0x3f, 0xcf, 0x3f, 0xd7, 0x5f, 0xd7, 0x3f, 0xd7, 0x3f, 0xd7, 0x5f, 0xd7,
    0x3f, 0xd7, 0x3f, 0xcf, 0x5f, 0xdf, 0x7f, 0xdf, 0x5f, 0xcf, 0x3f, 0xcf,
    0x3f, 0xd7, 0x3f, 0xcf, 0x3f, 0xcf, 0x3f, 0xcf, 0x3f, 0xcf, 0x5f, 0xdf,
    0x7f, 0xe7, 0x5f, 0xdf, 0x5f, 0xdf, 0x5f, 0xdf, 0x5f, 0xdf, 0x5f, 0xdf,
    0x5f, 0xd7, 0x5f, 0xdf, 0x7f, 0xdf, 0x5f, 0xdf, 0x5f, 0xd7, 0x7f, 0xdf,
    0x5f, 0xdf, 0x7f, 0xdf, 0x5f, 0xd7, 0x5f, 0xdf, 0x7f, 0xdf, 0x5f, 0xdf,
    0x7f, 0xd7, 0x5f, 0xd7, 0x5f, 0xdf, 0x7f, 0xdf, 0x5f, 0xd7, 0x5f, 0xd7,
    0x5f, 0xd7, 0x5f, 0xdf, 0x5f, 0xdf, 0x5f, 0xd7, 0x5f, 0xd7, 0x5f, 0xdf,
    0x5f, 0xdf, 0x3f, 0xd7, 0x5f, 0xd7, 0x7f, 0xe7, 0x9f, 0xe7, 0x7f, 0xdf,
    0x7f, 0xdf, 0x7f, 0xdf, 0x7f, 0xdf, 0x7f, 0xdf, 0x7f, 0xdf, 0x9f, 0xe7,
    0x9f, 0xe7, 0x7f, 0xdf, 0x7f, 0xdf, 0x7f, 0xe7, 0x7f, 0xe7, 0x7f, 0xdf,
    0x7f, 0xe7, 0x7f, 0xdf, 0x7f, 0xe7, 0x7f, 0xdf, 0x7f, 0xdf, 0x7f, 0xe7,
    0x9f, 0xe7, 0x9f, 0xdf, 0x7f, 0xdf, 0x7f, 0xe7, 0x7f, 0xdf, 0x7f, 0xdf,
    0x7f, 0xe7, 0x9f, 0xe7, 0x7f, 0xe7, 0x9f, 0xe7, 0x9f, 0xe7, 0x7f, 0xe7,
    0x9f, 0xe7, 0x9f, 0xe7, 0x9f, 0xe7, 0x9f, 0xe7, 0x7f, 0xe7, 0x7f, 0xe7,
    0x9f, 0xe7, 0x9f, 0xe7, 0x9f, 0xe7, 0x9f, 0xe7, 0x9f, 0xe7, 0x9f, 0xef,
    0x9f, 0xe7, 0x9f, 0xe7, 0x9f, 0xef, 0x9f, 0xe7, 0x9f, 0xe7, 0x9f, 0xe7,
    0x9f, 0xe7, 0x9f, 0xef, 0x9f, 0xe7, 0x9f, 0xe7, 0x9f, 0xef, 0x9f, 0xe7,
    0x9f, 0xef, 0xbf, 0xef, 0x9f, 0xe7, 0xbf, 0xef, 0xbf, 0xef, 0x9f, 0xef,
    0x9f, 0xef, 0xbf, 0xef, 0x9f, 0xef, 0xbf, 0xef, 0x9f, 0xef, 0x9f, 0xef,
    0xbf, 0xef, 0x9f, 0xef, 0xbf, 0xef, 0xbf, 0xef, 0x9f, 0xef, 0xbf, 0xef,
    0xbf, 0xef, 0xbf, 0xef, 0xbf, 0xef, 0xbf, 0xef, 0x9f, 0xef, 0xbf, 0xef,
    0xbf, 0xef, 0xbf, 0xef, 0x9f, 0xef, 0xbf, 0xef, 0xbf, 0xf7, 0xbf, 0xef,
    0xbf, 0xef, 0xbf, 0xf7, 0xbf, 0xef, 0xbf, 0xef, 0xbf, 0xf7, 0xbf, 0xf7,
    0xbf, 0xef, 0xbf, 0xef, 0xbf, 0xef, 0xbf, 0xef, 0xbf, 0xef, 0xdf, 0xf7,
    0xbf, 0xf7, 0xbf, 0xef, 0xbf, 0xf7, 0xbf, 0xef, 0xbf, 0xef, 0xdf, 0xf7,
    0xdf, 0xf7, 0xbf, 0xf7, 0xbf, 0xf7, 0xdf, 0xf7, 0xbf, 0xef, 0xbf, 0xef,
    0xbf, 0xf7, 0xdf, 0xf7, 0xbf, 0xf7, 0xbf, 0xef, 0xbf, 0xef, 0xbf, 0xef,
    0x9f, 0xef, 0x9f, 0xef, 0xbf, 0xef, 0xbf, 0xef, 0xbf, 0xef, 0xbf, 0xf7,
    0x9f, 0xe7, 0xdf, 0xf7, 0xff, 0xff, 0xff, 0xff, 0xff, 0xff, 0xff, 0xff,
    0xff, 0xff, 0xff, 0xff, 0xff, 0xff, 0xff, 0xff, 0xff, 0xff, 0x9f, 0xef,
    0x1f, 0xc7, 0x1f, 0xcf, 0x3f, 0xcf, 0x3f, 0xcf, 0x1f, 0xcf, 0x3f, 0xcf,
    0x3f, 0xd7, 0x3e, 0xcf, 0x1f, 0xcf, 0x1f, 0xcf, 0x1f, 0xcf, 0x3f, 0xcf,
    0x3f, 0xcf, 0x3f, 0xcf, 0x3f, 0xcf, 0x3f, 0xcf, 0x3e, 0xcf, 0x1f, 0xcf,
    0x3e, 0xcf, 0x3f, 0xcf, 0x3f, 0xcf, 0x3f, 0xcf, 0x3f, 0xcf, 0x3f, 0xd7,
    0x3f, 0xd7, 0x3f, 0xd7, 0x3f, 0xd7, 0x3f, 0xcf, 0x3f, 0xcf, 0x3f, 0xcf,
    0x3f, 0xcf, 0x3f, 0xd7, 0x3f, 0xd7, 0x3f, 0xcf, 0x3e, 0xd7, 0x3f, 0xd7,
    0x5f, 0xd7, 0x5f, 0xd7, 0x3f, 0xcf, 0x3f, 0xcf, 0x3f, 0xcf, 0x5f, 0xd7,
    0x3f, 0xcf, 0x3f, 0xcf, 0x3e, 0xcf, 0x3f, 0xd7, 0x5f, 0xd7, 0x5f, 0xd7,
    0x3f, 0xd7, 0x5f, 0xd7, 0x7f, 0xdf, 0x5f, 0xd7, 0x3f, 0xcf, 0x3f, 0xd7,
    0x5f, 0xd7, 0x3f, 0xcf, 0x3f, 0xd7, 0x5f, 0xd7, 0x5f, 0xd7, 0x3f, 0xcf,
    0x5f, 0xd7, 0x7f, 0xdf, 0x5f, 0xd7, 0x3f, 0xcf, 0x3f, 0xd7, 0x3f, 0xd7,
    0x5f, 0xcf, 0x3f, 0xd7, 0x3f, 0xcf, 0x3f, 0xd7, 0x7f, 0xdf, 0x7f, 0xdf,
    0x5f, 0xdf, 0x5f, 0xdf, 0x5f, 0xd7, 0x7f, 0xdf, 0x5f, 0xdf, 0x7f, 0xd7,
    0x5f, 0xdf, 0x5f, 0xdf, 0x5f, 0xdf, 0x5f, 0xdf, 0x7f, 0xdf, 0x5f, 0xd7,
    0x5f, 0xdf, 0x5f, 0xdf, 0x7f, 0xdf, 0x5f, 0xd7, 0x5f, 0xdf, 0x5f, 0xd7,
    0x5f, 0xdf, 0x7f, 0xdf, 0x5f, 0xdf, 0x5f, 0xd7, 0x5f, 0xdf, 0x5f, 0xdf,
    0x5f, 0xd7, 0x5f, 0xd7, 0x5f, 0xdf, 0x5f, 0xd7, 0x5f, 0xdf, 0x5f, 0xd7,
    0x5f, 0xd7, 0x5f, 0xdf, 0x7f, 0xe7, 0x7f, 0xe7, 0x7f, 0xdf, 0x7f, 0xdf,
    0x7f, 0xdf, 0x7f, 0xdf, 0x7f, 0xdf, 0x7f, 0xdf, 0x9f, 0xe7, 0x7f, 0xe7,
    0x7f, 0xdf, 0x7f, 0xdf, 0x7f, 0xdf, 0x7f, 0xe7, 0x7f, 0xdf, 0x7f, 0xdf,
    0x9f, 0xe7, 0x7f, 0xdf, 0x9f, 0xe7, 0x9f, 0xe7, 0x7f, 0xdf, 0x7f, 0xe7,
    0x9f, 0xe7, 0x7f, 0xe7, 0x7f, 0xe7, 0x7f, 0xe7, 0x9f, 0xdf, 0x9f, 0xe7,
    0x9f, 0xe7, 0x7f, 0xdf, 0x7f, 0xe7, 0x7f, 0xe7, 0x9f, 0xdf, 0x7f, 0xe7,
    0x7f, 0xe7, 0x7f, 0xe7, 0x9f, 0xdf, 0x9f, 0xe7, 0x9f, 0xe7, 0x9f, 0xe7,
    0x9f, 0xe7, 0x9f, 0xe7, 0x9f, 0xe7, 0x7f, 0xe7, 0x9f, 0xe7, 0x9f, 0xe7,
    0x9f, 0xe7, 0x9f, 0xef, 0x9f, 0xe7, 0x9f, 0xe7, 0x9f, 0xef, 0x9f, 0xe7,
    0x9f, 0xe7, 0x9f, 0xef, 0x9f, 0xef, 0x9f, 0xe7, 0x9f, 0xe7, 0x9f, 0xef,
    0x9f, 0xe7, 0x9f, 0xef, 0x9f, 0xef, 0x9f, 0xef, 0x9f, 0xe7, 0xbf, 0xef,
    0xbf, 0xef, 0x9f, 0xef, 0xbf, 0xe7, 0x9f, 0xef, 0xbf, 0xef, 0xbf, 0xef,
    0x9f, 0xe7, 0x9f, 0xef, 0xbf, 0xef, 0xbf, 0xef, 0xbf, 0xef, 0xbf, 0xef,
    0x9f, 0xef, 0xbf, 0xef, 0xbf, 0xef, 0xbf, 0xef, 0xbf, 0xef, 0xbf, 0xef,
    0x9f, 0xef, 0xbf, 0xef, 0xbf, 0xef, 0xbf, 0xef, 0xbf, 0xef, 0xbf, 0xf7,
    0x9f, 0xef, 0xbf, 0xef, 0xbf, 0xf7, 0xbf, 0xef, 0x9f, 0xe7, 0xbf, 0xef,
    0xbf, 0xf7, 0x9f, 0xe7, 0x9f, 0xe7, 0xbf, 0xef, 0xbf, 0xef, 0xbf, 0xef,
    0xbf, 0xf7, 0xdf, 0xf7, 0x9f, 0xe7, 0x9f, 0xe7, 0xbf, 0xf7, 0xbf, 0xef,
    0x9f, 0xe7, 0xdf, 0xf7, 0xbf, 0xef, 0x5f, 0xdf, 0x7f, 0xdf, 0xbf, 0xef,
    0xdf, 0xf7, 0x7f, 0xe7, 0xdf, 0xf7, 0xdf, 0xf7, 0x9f, 0xe7, 0x5f, 0xd7,
    0x9f, 0xef, 0xbf, 0xef, 0x7f, 0xdf, 0x9f, 0xe7, 0xbf, 0xf7, 0x9f, 0xef,
    0x5f, 0xdf, 0xff, 0xff, 0xff, 0xff, 0xff, 0xff, 0xff, 0xff, 0xff, 0xff,
    0xff, 0xff, 0xff, 0xff, 0xff, 0xff, 0xff, 0xff, 0xff, 0xff, 0x9f, 0xef,
    0x1f, 0xcf, 0x3f, 0xcf, 0x3f, 0xcf, 0x3f, 0xcf, 0x3f, 0xcf, 0x3f, 0xcf,
    0x3f, 0xcf, 0x3f, 0xcf, 0x3f, 0xcf, 0x3f, 0xcf, 0x3e, 0xcf, 0x3f, 0xcf,
    0x3f, 0xcf, 0x3f, 0xcf, 0x3f, 0xcf, 0x3f, 0xcf, 0x3f, 0xcf, 0x3f, 0xcf,
    0x3f, 0xd7, 0x3f, 0xd7, 0x3f, 0xcf, 0x3f, 0xcf, 0x3e, 0xcf, 0x3f, 0xd7,
    0x3f, 0xd7, 0x5f, 0xd7, 0x3f, 0xcf, 0x3f, 0xcf, 0x3e, 0xcf, 0x3f, 0xd7,
    0x3f, 0xcf, 0x3f, 0xcf, 0x3f, 0xd7, 0x5f, 0xd7, 0x3f, 0xcf, 0x3f, 0xcf,
    0x3f, 0xd7, 0x5f, 0xd7, 0x3f, 0xd7, 0x3f, 0xd7, 0x3f, 0xd7, 0x5f, 0xd7,
    0x3f, 0xd7, 0x3f, 0xcf, 0x3f, 0xd7, 0x3f, 0xd7, 0x3f, 0xcf, 0x5f, 0xd7,
    0x5f, 0xd7, 0x5f, 0xd7, 0x5f, 0xd7, 0x3f, 0xcf, 0x3f, 0xd7, 0x3f, 0xcf,
    0x3f, 0xd7, 0x3f, 0xd7, 0x5f, 0xd7, 0x3f, 0xd7, 0x3f, 0xcf, 0x5f, 0xdf,
    0x5f, 0xdf, 0x3f, 0xcf, 0x3f, 0xcf, 0x3f, 0xcf, 0x3f, 0xd7, 0x3f, 0xd7,
    0x3f, 0xcf, 0x3f, 0xcf, 0x5f, 0xd7, 0x7f, 0xe7, 0x7f, 0xdf, 0x5f, 0xdf,
    0x7f, 0xdf, 0x5f, 0xdf, 0x5f, 0xd7, 0x5f, 0xdf, 0x7f, 0xdf, 0x5f, 0xdf,
    0x5f, 0xdf, 0x7f, 0xd7, 0x7f, 0xdf, 0x7f, 0xdf, 0x5f, 0xdf, 0x5f, 0xdf,
    0x5f, 0xd7, 0x5f, 0xdf, 0x5f, 0xd7, 0x7f, 0xdf, 0x5f, 0xdf, 0x5f, 0xdf,
    0x5f, 0xdf, 0x5f, 0xd7, 0x7f, 0xdf, 0x5f, 0xdf, 0x5f, 0xdf, 0x5f, 0xdf,
    0x5f, 0xd7, 0x5f, 0xdf, 0x5f, 0xd7, 0x5f, 0xdf, 0x5f, 0xd7, 0x5f, 0xdf,
    0x7f, 0xe7, 0x9f, 0xe7, 0x7f, 0xdf, 0x7f, 0xdf, 0x7f, 0xdf, 0x7f, 0xdf,
    0x7f, 0xdf, 0x9f, 0xe7, 0x9f, 0xe7, 0x9f, 0xe7, 0x7f, 0xdf, 0x7f, 0xdf,
    0x7f, 0xe7, 0x7f, 0xe7, 0x7f, 0xdf, 0x7f, 0xdf, 0x7f, 0xe7, 0x9f, 0xe7,
    0x7f, 0xdf, 0x7f, 0xe7, 0x7f, 0xe7, 0x7f, 0xe7, 0x7f, 0xdf, 0x7f, 0xe7,
    0x7f, 0xdf, 0x7f, 0xdf, 0x9f, 0xe7, 0x9f, 0xe7, 0x9f, 0xe7, 0x7f, 0xe7,
    0x9f, 0xe7, 0x9f, 0xdf, 0x7f, 0xe7, 0x9f, 0xe7, 0x7f, 0xe7, 0x9f, 0xe7,
    0x9f, 0xe7, 0x9f, 0xe7, 0x9f, 0xe7, 0x7f, 0xe7, 0x9f, 0xe7, 0x9f, 0xe7,
    0x7f, 0xe7, 0x9f, 0xe7, 0x9f, 0xe7, 0x9f, 0xe7, 0x9f, 0xef, 0x7f, 0xe7,
    0x9f, 0xe7, 0x9f, 0xe7, 0x9f, 0xe7, 0x7f, 0xef, 0x9f, 0xe7, 0x9f, 0xef,
    0x9f, 0xef, 0x9f, 0xe7, 0x9f, 0xef, 0x9f, 0xef, 0x9f, 0xe7, 0x9f, 0xef,
    0x9f, 0xe7, 0x9f, 0xef, 0xbf, 0xef, 0xbf, 0xe7, 0x9f, 0xef, 0x9f, 0xef,
    0xbf, 0xef, 0x9f, 0xef, 0x9f, 0xef, 0x9f, 0xe7, 0xbf, 0xef, 0x9f, 0xef,
    0x9f, 0xe7, 0xbf, 0xef, 0x9f, 0xef, 0x9f, 0xe7, 0xbf, 0xef, 0xbf, 0xef,
    0x9f, 0xef, 0x9f, 0xef, 0x9f, 0xef, 0x9f, 0xef, 0xbf, 0xef, 0xbf, 0xf7,
    0x9f, 0xe7, 0xbf, 0xef, 0xbf, 0xf7, 0x9f, 0xe7, 0xbf, 0xef, 0xbf, 0xef,
    0x9f, 0xe7, 0x9f, 0xef, 0xbf, 0xf7, 0x9f, 0xe7, 0x7f, 0xdf, 0xbf, 0xef,
    0xbf, 0xf7, 0x5f, 0xdf, 0x9f, 0xe7, 0xbf, 0xf7, 0x9f, 0xe7, 0x7f, 0xdf,
    0xdf, 0xf7, 0xdf, 0xf7, 0x5f, 0xd7, 0x7f, 0xdf, 0xbf, 0xf7, 0x9f, 0xe7,
    0x5f, 0xd7, 0xdf, 0xf7, 0xbf, 0xef, 0x3f, 0xcf, 0x5f, 0xdf, 0xdf, 0xf7,
    0xbf, 0xef, 0x5f, 0xd7, 0xbf, 0xef, 0xbf, 0xf7, 0x7f, 0xdf, 0x1f, 0xcf,
    0x9f, 0xef, 0xbf, 0xef, 0x5f, 0xd7, 0x7f, 0xe7, 0xbf, 0xf7, 0x9f, 0xe7,
    0x3f, 0xcf, 0xdf, 0xff, 0xff, 0xff, 0xff, 0xff, 0xff, 0xff, 0xff, 0xff,
    0xff, 0xff, 0xff, 0xff, 0xff, 0xff, 0xff, 0xff, 0xff, 0xff, 0x9f, 0xef,
    0x1f, 0xcf, 0x3f, 0xcf, 0x3f, 0xcf, 0x3f, 0xd7, 0x3e, 0xcf, 0x3f, 0xcf,
    0x3f, 0xcf, 0x3f, 0xcf, 0x3f, 0xcf, 0x3f, 0xcf, 0x3f, 0xd7, 0x5f, 0xd7,
    0x3f, 0xd7, 0x3f, 0xcf, 0x3f, 0xcf, 0x3f, 0xcf, 0x3f, 0xcf, 0x3f, 0xd7,
    0x3f, 0xcf, 0x3f, 0xd7, 0x3f, 0xcf, 0x3f, 0xcf, 0x3f, 0xcf, 0x3f, 0xcf,
    0x3f, 0xd7, 0x5f, 0xd7, 0x3f, 0xd7, 0x3f, 0xcf, 0x3f, 0xd7, 0x3f, 0xd7,
    0x3f, 0xcf, 0x3f, 0xcf, 0x3f, 0xd7, 0x3f, 0xd7, 0x5f, 0xd7, 0x3f, 0xcf,
    0x3f, 0xcf, 0x5f, 0xd7, 0x5f, 0xd7, 0x3f, 0xcf, 0x3f, 0xcf, 0x3f, 0xcf,
    0x3f, 0xd7, 0x3f, 0xd7, 0x3f, 0xcf, 0x3f, 0xcf, 0x5f, 0xd7, 0x7f, 0xdf,
    0x5f, 0xd7, 0x3f, 0xd7, 0x3f, 0xcf, 0x5f, 0xd7, 0x5f, 0xd7, 0x3f, 0xcf,
    0x3f, 0xcf, 0x5f, 0xd7, 0x5f, 0xd7, 0x5f, 0xd7, 0x5f, 0xdf, 0x5f, 0xd7,
    0x3f, 0xcf, 0x3f, 0xcf, 0x3f, 0xd7, 0x3f, 0xd7, 0x5f, 0xcf, 0x3f, 0xcf,
    0x3f, 0xcf, 0x7f, 0xdf, 0x7f, 0xe7, 0x5f, 0xdf, 0x5f, 0xdf, 0x7f, 0xdf,
    0x7f, 0xdf, 0x5f, 0xdf, 0x5f, 0xdf, 0x7f, 0xdf, 0x5f, 0xd7, 0x5f, 0xdf,
    0x7f, 0xdf, 0x7f, 0xdf, 0x5f, 0xdf, 0x7f, 0xdf, 0x7f, 0xdf, 0x7f, 0xdf,
    0x5f, 0xdf, 0x5f, 0xd7, 0x5f, 0xdf, 0x5f, 0xdf, 0x7f, 0xd7, 0x7f, 0xdf,
    0x5f, 0xdf, 0x5f, 0xd7, 0x5f, 0xd7, 0x5f, 0xdf, 0x5f, 0xd7, 0x5f, 0xd7,
    0x5f, 0xdf, 0x7f, 0xdf, 0x5f, 0xd7, 0x5f, 0xdf, 0x7f, 0xdf, 0x9f, 0xe7,
    0x7f, 0xdf, 0x7f, 0xdf, 0x7f, 0xdf, 0x7f, 0xdf, 0x7f, 0xdf, 0x7f, 0xdf,
    0x9f, 0xe7, 0x9f, 0xe7, 0x7f, 0xe7, 0x7f, 0xdf, 0x7f, 0xdf, 0x7f, 0xdf,
    0x7f, 0xdf, 0x7f, 0xe7, 0x7f, 0xe7, 0x7f, 0xdf, 0x7f, 0xe7, 0x9f, 0xe7,
    0x7f, 0xdf, 0x7f, 0xe7, 0x9f, 0xdf, 0x7f, 0xdf, 0x9f, 0xe7, 0x9f, 0xe7,
    0x7f, 0xdf, 0x9f, 0xe7, 0x9f, 0xe7, 0x9f, 0xe7, 0x9f, 0xe7, 0x7f, 0xdf,
    0x7f, 0xe7, 0x7f, 0xe7, 0x9f, 0xe7, 0x7f, 0xe7, 0x7f, 0xe7, 0x9f, 0xe7,
    0x7f, 0xe7, 0x7f, 0xe7, 0x9f, 0xe7, 0x9f, 0xe7, 0x9f, 0xe7, 0x9f, 0xe7,
    0x7f, 0xe7, 0x9f, 0xe7, 0x9f, 0xe7, 0x9f, 0xe7, 0x9f, 0xe7, 0x9f, 0xef,
    0x9f, 0xe7, 0x9f, 0xe7, 0x9f, 0xe7, 0x9f, 0xef, 0x9f, 0xe7, 0x9f, 0xe7,
    0x9f, 0xef, 0x9f, 0xe7, 0xbf, 0xe7, 0x9f, 0xef, 0x9f, 0xef, 0x9f, 0xef,
    0xbf, 0xe7, 0x9f, 0xef, 0x9f, 0xef, 0xbf, 0xef, 0x9f, 0xef, 0x9f, 0xe7,
    0xbf, 0xef, 0xbf, 0xef, 0x9f, 0xef, 0xbf, 0xef, 0x9f, 0xef, 0xbf, 0xef,
    0xbf, 0xef, 0xbf, 0xef, 0xbf, 0xef, 0xbf, 0xef, 0xbf, 0xef, 0xbf, 0xef,
    0xbf, 0xef, 0x9f, 0xef, 0xbf, 0xef, 0xbf, 0xef, 0xbf, 0xef, 0xbf, 0xef,
    0xbf, 0xf7, 0xbf, 0xf7, 0xbf, 0xef, 0xbf, 0xf7, 0xbf, 0xef, 0xbf, 0xef,
    0xbf, 0xf7, 0xbf, 0xef, 0xbf, 0xef, 0xbf, 0xef, 0xbf, 0xef, 0xbf, 0xef,
    0xbf, 0xef, 0xbf, 0xf7, 0xbf, 0xf7, 0xbf, 0xef, 0xbf, 0xf7, 0xdf, 0xf7,
    0xbf, 0xf7, 0xbf, 0xf7, 0xbf, 0xf7, 0xbf, 0xef, 0xbf, 0xef, 0xbf, 0xef,
    0xbf, 0xf7, 0xbf, 0xf7, 0xbf, 0xef, 0xbf, 0xef, 0xbf, 0xef, 0xbf, 0xf7,
    0xdf, 0xf7, 0xdf, 0xf7, 0xbf, 0xef, 0xbf, 0xef, 0xbf, 0xef, 0xbf, 0xef,
    0x9f, 0xef, 0xbf, 0xef, 0xdf, 0xf7, 0xbf, 0xef, 0xbf, 0xef, 0xbf, 0xef,
    0xbf, 0xef, 0xff, 0xff, 0xff, 0xff, 0xff, 0xff, 0xff, 0xff, 0xff, 0xff,
    0xff, 0xff, 0xff, 0xff, 0xff, 0xff, 0xff, 0xff, 0xff, 0xff, 0xbf, 0xef,
    0x3f, 0xcf, 0x3f, 0xcf, 0x3f, 0xcf, 0x3f, 0xd7, 0x5f, 0xd7, 0x3f, 0xd7,
    0x3f, 0xcf, 0x1e, 0xcf, 0x3f, 0xd7, 0x5f, 0xdf, 0x5f, 0xd7, 0x3f, 0xd7,
    0x3f, 0xcf, 0x5f, 0xd7, 0x5f, 0xd7, 0x3f, 0xd7, 0x3f, 0xd7, 0x3f, 0xcf,
    0x5f, 0xd7, 0x3f, 0xd7, 0x3f, 0xcf, 0x3f, 0xcf, 0x5f, 0xd7, 0x3f, 0xd7,
    0x3f, 0xcf, 0x3f, 0xcf, 0x3f, 0xd7, 0x5f, 0xd7, 0x3f, 0xd7, 0x3f, 0xd7,
    0x3f, 0xcf, 0x5f, 0xd7, 0x3f, 0xd7, 0x5f, 0xd7, 0x5f, 0xd7, 0x5f, 0xd7,
    0x5f, 0xd7, 0x3f, 0xcf, 0x3f, 0xd7, 0x5f, 0xd7, 0x5f, 0xd7, 0x3f, 0xd7,
    0x3f, 0xcf, 0x5f, 0xcf, 0x5f, 0xd7, 0x7f, 0xdf, 0x5f, 0xd7, 0x3f, 0xcf,
    0x3f, 0xd7, 0x5f, 0xd7, 0x3f, 0xd7, 0x3f, 0xcf, 0x3f, 0xcf, 0x5f, 0xd7,
    0x5f, 0xd7, 0x5f, 0xd7, 0x5f, 0xd7, 0x5f, 0xd7, 0x3f, 0xd7, 0x3f, 0xcf,
    0x3f, 0xd7, 0x3f, 0xd7, 0x3f, 0xcf, 0x5f, 0xd7, 0x3f, 0xcf, 0x5f, 0xd7,
    0x7f, 0xe7, 0x7f, 0xe7, 0x7f, 0xdf, 0x5f, 0xdf, 0x7f, 0xdf, 0x5f, 0xdf,
    0x7f, 0xdf, 0x7f, 0xdf, 0x5f, 0xdf, 0x7f, 0xdf, 0x5f, 0xdf, 0x7f, 0xdf,
    0x5f, 0xdf, 0x5f, 0xdf, 0x5f, 0xdf, 0x5f, 0xd7, 0x5f, 0xd7, 0x7f, 0xdf,
    0x5f, 0xdf, 0x7f, 0xdf, 0x5f, 0xd7, 0x5f, 0xdf, 0x5f, 0xd7, 0x5f, 0xdf,
    0x7f, 0xdf, 0x5f, 0xdf, 0x5f, 0xdf, 0x5f, 0xd7, 0x5f, 0xd7, 0x5f, 0xdf,
    0x5f, 0xdf, 0x5f, 0xd7, 0x7f, 0xdf, 0x9f, 0xe7, 0x7f, 0xe7, 0x7f, 0xdf,
    0x7f, 0xdf, 0x7f, 0xdf, 0x7f, 0xdf, 0x7f, 0xdf, 0x9f, 0xe7, 0x9f, 0xe7,
    0x7f, 0xe7, 0x7f, 0xdf, 0x7f, 0xdf, 0x7f, 0xe7, 0x7f, 0xdf, 0x7f, 0xe7,
    0x7f, 0xdf, 0x7f, 0xe7, 0x7f, 0xe7, 0x7f, 0xdf, 0x9f, 0xdf, 0x9f, 0xe7,
    0x7f, 0xe7, 0x9f, 0xdf, 0x7f, 0xe7, 0x7f, 0xe7, 0x7f, 0xe7, 0x9f, 0xdf,
    0x7f, 0xe7, 0x7f, 0xe7, 0x7f, 0xdf, 0x7f, 0xe7, 0x7f, 0xe7, 0x9f, 0xdf,
    0x7f, 0xe7, 0x9f, 0xe7, 0x7f, 0xe7, 0x9f, 0xe7, 0x9f, 0xe7, 0x9f, 0xe7,
    0x9f, 0xe7, 0x9f, 0xe7, 0x9f, 0xe7, 0x9f, 0xe7, 0x7f, 0xe7, 0x9f, 0xe7,
    0x9f, 0xe7, 0x7f, 0xe7, 0x9f, 0xe7, 0x7f, 0xe7, 0x9f, 0xe7, 0x9f, 0xe7,
    0x9f, 0xef, 0x9f, 0xef, 0x9f, 0xe7, 0x9f, 0xe7, 0x9f, 0xef, 0x9f, 0xef,
    0x9f, 0xe7, 0x9f, 0xef, 0x9f, 0xe7, 0x9f, 0xe7, 0x9f, 0xef, 0x9f, 0xe7,
    0x9f, 0xe7, 0x9f, 0xe7, 0x9f, 0xef, 0xbf, 0xef, 0x9f, 0xe7, 0xbf, 0xef,
    0x9f, 0xef, 0x9f, 0xef, 0xbf, 0xef, 0xbf, 0xef, 0x9f, 0xef, 0x9f, 0xef,
    0x9f, 0xef, 0xbf, 0xef, 0xbf, 0xef, 0xbf, 0xef, 0x9f, 0xef, 0xbf, 0xef,
    0xbf, 0xef, 0x9f, 0xef, 0xbf, 0xef, 0xbf, 0xef, 0xbf, 0xef, 0xbf, 0xef,
    0xbf, 0xef, 0xbf, 0xf7, 0xbf, 0xef, 0xbf, 0xef, 0xbf, 0xf7, 0xbf, 0xf7,
    0xbf, 0xf7, 0xbf, 0xef, 0xbf, 0xef, 0xbf, 0xf7, 0xbf, 0xf7, 0xbf, 0xef,
    0xbf, 0xef, 0xbf, 0xef, 0xbf, 0xf7, 0xdf, 0xf7, 0xbf, 0xf7, 0xbf, 0xf7,
    0xbf, 0xef, 0xbf, 0xef, 0xdf, 0xf7, 0xdf, 0xf7, 0xbf, 0xf7, 0xbf, 0xef,
    0xbf, 0xef, 0xbf, 0xef, 0xbf, 0xf7, 0xdf, 0xf7, 0xdf, 0xf7, 0xbf, 0xf7,
    0xbf, 0xef, 0xbf, 0xef, 0x9f, 0xef, 0xbf, 0xef, 0xbf, 0xef, 0xbf, 0xf7,
    0xbf, 0xef, 0xbf, 0xef, 0xbf, 0xef, 0x9f, 0xef, 0xbf, 0xef, 0xbf, 0xef,
    0xbf, 0xef, 0xff, 0xff, 0xff, 0xff, 0xff, 0xff, 0xff, 0xff, 0xff, 0xff,
    0xff, 0xff, 0xff, 0xff, 0xff, 0xff, 0xff, 0xff, 0xff, 0xff, 0x9f, 0xe7,
    0x1f, 0xcf, 0x3f, 0xcf, 0x3f, 0xcf, 0x3f, 0xcf, 0x3f, 0xd7, 0x3f, 0xd7,
    0x3f, 0xcf, 0x3f, 0xd7, 0x3f, 0xcf, 0x5f, 0xd7, 0x3f, 0xd7, 0x3f, 0xcf,
    0x3f, 0xcf, 0x5f, 0xd7, 0x5f, 0xd7, 0x3f, 0xd7, 0x3f, 0xd7, 0x3f, 0xcf,
    0x5f, 0xd7, 0x3f, 0xd7, 0x3f, 0xcf, 0x3f, 0xd7, 0x5f, 0xd7, 0x5f, 0xd7,
    0x3f, 0xcf, 0x3f, 0xcf, 0x3f, 0xd7, 0x5f, 0xd7, 0x3f, 0xd7, 0x3f, 0xd7,
    0x3f, 0xcf, 0x5f, 0xd7, 0x5f, 0xd7, 0x3f, 0xcf, 0x3f, 0xd7, 0x5f, 0xd7,
    0x3f, 0xd7, 0x3f, 0xcf, 0x3f, 0xcf, 0x5f, 0xd7, 0x5f, 0xd7, 0x3f, 0xd7,
    0x5f, 0xd7, 0x5f, 0xdf, 0x5f, 0xd7, 0x3f, 0xd7, 0x3f, 0xcf, 0x3f, 0xd7,
    0x3f, 0xcf, 0x3f, 0xcf, 0x3f, 0xd7, 0x3f, 0xcf, 0x5f, 0xd7, 0x5f, 0xd7,
    0x5f, 0xd7, 0x3f, 0xd7, 0x3f, 0xd7, 0x3f, 0xcf, 0x3f, 0xd7, 0x3f, 0xd7,
    0x5f, 0xcf, 0x3f, 0xd7, 0x3f, 0xcf, 0x3f, 0xcf, 0x7f, 0xdf, 0x9f, 0xe7,
    0x7f, 0xdf, 0x5f, 0xdf, 0x7f, 0xdf, 0x7f, 0xdf, 0x5f, 0xdf, 0x5f, 0xdf,
    0x7f, 0xdf, 0x5f, 0xd7, 0x7f, 0xdf, 0x5f, 0xdf, 0x7f, 0xd7, 0x7f, 0xdf,
    0x7f, 0xdf, 0x5f, 0xdf, 0x7f, 0xdf, 0x5f, 0xdf, 0x5f, 0xdf, 0x5f, 0xdf,
    0x5f, 0xdf, 0x5f, 0xd7, 0x5f, 0xdf, 0x5f, 0xdf, 0x5f, 0xd7, 0x5f, 0xdf,
    0x5f, 0xd7, 0x7f, 0xdf, 0x5f, 0xdf, 0x5f, 0xdf, 0x5f, 0xdf, 0x5f, 0xd7,
    0x7f, 0xdf, 0x9f, 0xe7, 0x9f, 0xe7, 0x7f, 0xdf, 0x7f, 0xdf, 0x7f, 0xdf,
    0x7f, 0xdf, 0x7f, 0xdf, 0x7f, 0xe7, 0x9f, 0xe7, 0x7f, 0xe7, 0x7f, 0xdf,
    0x7f, 0xdf, 0x7f, 0xdf, 0x7f, 0xdf, 0x7f, 0xe7, 0x7f, 0xdf, 0x7f, 0xe7,
    0x7f, 0xdf, 0x7f, 0xdf, 0x9f, 0xe7, 0x9f, 0xe7, 0x7f, 0xe7, 0x7f, 0xdf,
    0x7f, 0xe7, 0x9f, 0xe7, 0x7f, 0xdf, 0x7f, 0xdf, 0x7f, 0xe7, 0x7f, 0xe7,
    0x7f, 0xdf, 0x7f, 0xe7, 0x7f, 0xe7, 0x9f, 0xe7, 0x9f, 0xe7, 0x7f, 0xe7,
    0x9f, 0xdf, 0x7f, 0xe7, 0x9f, 0xe7, 0x7f, 0xe7, 0x9f, 0xe7, 0x9f, 0xe7,
    0x9f, 0xe7, 0x9f, 0xe7, 0x7f, 0xe7, 0x7f, 0xe7, 0x7f, 0xe7, 0x9f, 0xe7,
    0x9f, 0xe7, 0x9f, 0xe7, 0x9f, 0xe7, 0x9f, 0xe7, 0x7f, 0xe7, 0x7f, 0xe7,
    0x9f, 0xe7, 0x9f, 0xe7, 0x9f, 0xe7, 0x9f, 0xef, 0x9f, 0xe7, 0x9f, 0xe7,
    0x9f, 0xef, 0x9f, 0xef, 0x9f, 0xe7, 0x9f, 0xef, 0xbf, 0xe7, 0x9f, 0xef,
    0x9f, 0xef, 0xbf, 0xef, 0x9f, 0xe7, 0x9f, 0xef, 0xbf, 0xef, 0xbf, 0xef,
    0x9f, 0xef, 0x9f, 0xef, 0xbf, 0xe7, 0x9f, 0xef, 0xbf, 0xef, 0x9f, 0xef,
    0xbf, 0xef, 0xbf, 0xef, 0x9f, 0xef, 0xbf, 0xef, 0xbf, 0xef, 0xbf, 0xef,
    0x9f, 0xef, 0x9f, 0xef, 0xbf, 0xef, 0x9f, 0xef, 0xbf, 0xef, 0xbf, 0xef,
    0xbf, 0xef, 0xbf, 0xef, 0xbf, 0xef, 0x9f, 0xef, 0xbf, 0xef, 0xbf, 0xef,
    0x9f, 0xef, 0xbf, 0xef, 0xbf, 0xef, 0xbf, 0xef, 0x9f, 0xef, 0xbf, 0xf7,
    0xbf, 0xef, 0x7f, 0xe7, 0xbf, 0xef, 0xdf, 0xf7, 0xbf, 0xef, 0x7f, 0xdf,
    0xbf, 0xef, 0xbf, 0xef, 0x5f, 0xdf, 0xbf, 0xef, 0xdf, 0xf7, 0x9f, 0xef,
    0x3f, 0xd7, 0xbf, 0xef, 0xdf, 0xf7, 0x7f, 0xdf, 0x9f, 0xe7, 0xdf, 0xf7,
    0x9f, 0xe7, 0x1f, 0xcf, 0x9f, 0xe7, 0xbf, 0xf7, 0x7f, 0xe7, 0x5f, 0xdf,
    0xdf, 0xf7, 0xbf, 0xef, 0x3f, 0xd7, 0x5f, 0xdf, 0xbf, 0xef, 0x9f, 0xef,
    0x3f, 0xd7, 0xdf, 0xf7, 0xff, 0xff, 0xff, 0xff, 0xff, 0xff, 0xff, 0xff,
    0xff, 0xff, 0xff, 0xff, 0xff, 0xff, 0xff, 0xff, 0xff, 0xff, 0xbf, 0xef,
    0x3f, 0xcf, 0x3f, 0xd7, 0x3f, 0xcf, 0x3f, 0xcf, 0x3f, 0xcf, 0x3f, 0xcf,
    0x3f, 0xd7, 0x3f, 0xcf, 0x3f, 0xcf, 0x3f, 0xcf, 0x3f, 0xcf, 0x3f, 0xcf,
    0x3f, 0xcf, 0x3f, 0xcf, 0x3f, 0xcf, 0x3f, 0xd7, 0x3f, 0xcf, 0x3f, 0xcf,
    0x3f, 0xcf, 0x3e, 0xcf, 0x3f, 0xcf, 0x3f, 0xcf, 0x3f, 0xd7, 0x3f, 0xd7,
    0x3f, 0xcf, 0x3f, 0xd7, 0x3f, 0xcf, 0x3f, 0xcf, 0x3f, 0xcf, 0x3f, 0xd7,
    0x3f, 0xd7, 0x3f, 0xd7, 0x3f, 0xd7, 0x3f, 0xcf, 0x3f, 0xcf, 0x3f, 0xd7,
    0x3f, 0xd7, 0x3f, 0xcf, 0x3f, 0xcf, 0x5f, 0xd7, 0x5f, 0xd7, 0x5f, 0xdf,
    0x5f, 0xd7, 0x3f, 0xcf, 0x3f, 0xcf, 0x3f, 0xcf, 0x3f, 0xd7, 0x3f, 0xd7,
    0x5f, 0xcf, 0x3f, 0xcf, 0x3f, 0xd7, 0x5f, 0xd7, 0x5f, 0xd7, 0x5f, 0xd7,
    0x3f, 0xd7, 0x3f, 0xd7, 0x3f, 0xcf, 0x5f, 0xd7, 0x5f, 0xd7, 0x5f, 0xd7,
    0x3f, 0xcf, 0x3f, 0xcf, 0x5f, 0xd7, 0x7f, 0xe7, 0x7f, 0xdf, 0x7f, 0xdf,
    0x5f, 0xdf, 0x5f, 0xdf, 0x5f, 0xdf, 0x7f, 0xdf, 0x5f, 0xdf, 0x7f, 0xdf,
    0x5f, 0xdf, 0x5f, 0xdf, 0x7f, 0xdf, 0x5f, 0xdf, 0x5f, 0xdf, 0x7f, 0xdf,
    0x5f, 0xdf, 0x7f, 0xdf, 0x7f, 0xdf, 0x7f, 0xdf, 0x5f, 0xd7, 0x5f, 0xdf,
    0x5f, 0xdf, 0x7f, 0xd7, 0x5f, 0xdf, 0x7f, 0xdf, 0x7f, 0xdf, 0x5f, 0xd7,
    0x5f, 0xdf, 0x5f, 0xd7, 0x7f, 0xd7, 0x5f, 0xd7, 0x7f, 0xdf, 0x9f, 0xe7,
    0x9f, 0xe7, 0x7f, 0xdf, 0x7f, 0xdf, 0x7f, 0xdf, 0x7f, 0xdf, 0x7f, 0xdf,
    0x7f, 0xe7, 0x9f, 0xe7, 0x9f, 0xe7, 0x7f, 0xdf, 0x7f, 0xdf, 0x7f, 0xe7,
    0x7f, 0xdf, 0x7f, 0xe7, 0x7f, 0xe7, 0x7f, 0xdf, 0x7f, 0xe7, 0x7f, 0xe7,
    0x7f, 0xe7, 0x7f, 0xdf, 0x7f, 0xdf, 0x9f, 0xe7, 0x7f, 0xe7, 0x9f, 0xdf,
    0x9f, 0xe7, 0x7f, 0xe7, 0x9f, 0xe7, 0x7f, 0xdf, 0x9f, 0xe7, 0x9f, 0xe7,
    0x7f, 0xe7, 0x9f, 0xdf, 0x9f, 0xe7, 0x9f, 0xdf, 0x9f, 0xe7, 0x7f, 0xe7,
    0x9f, 0xe7, 0x9f, 0xe7, 0x9f, 0xe7, 0x9f, 0xe7, 0x9f, 0xe7, 0x7f, 0xe7,
    0x9f, 0xe7, 0x9f, 0xe7, 0x9f, 0xe7, 0x9f, 0xe7, 0x9f, 0xe7, 0x7f, 0xe7,
    0x9f, 0xe7, 0x9f, 0xe7, 0x9f, 0xe7, 0x9f, 0xe7, 0x9f, 0xe7, 0x9f, 0xe7,
    0x7f, 0xe7, 0x9f, 0xe7, 0x9f, 0xe7, 0x9f, 0xef, 0x9f, 0xe7, 0x9f, 0xe7,
    0x9f, 0xef, 0x9f, 0xe7, 0x9f, 0xef, 0xbf, 0xe7, 0x9f, 0xef, 0x9f, 0xef,
    0xbf, 0xef, 0x9f, 0xe7, 0xbf, 0xef, 0x9f, 0xef, 0x9f, 0xef, 0xbf, 0xef,
    0xbf, 0xef, 0xbf, 0xef, 0x9f, 0xef, 0x9f, 0xe7, 0xbf, 0xef, 0xbf, 0xe7,
    0x9f, 0xef, 0x9f, 0xef, 0xbf, 0xef, 0x9f, 0xef, 0xbf, 0xef, 0x9f, 0xef,
    0x9f, 0xef, 0xbf, 0xef, 0xbf, 0xef, 0x9f, 0xef, 0xbf, 0xef, 0xbf, 0xef,
    0x9f, 0xef, 0xbf, 0xef, 0xbf, 0xef, 0x9f, 0xef, 0xbf, 0xef, 0xbf, 0xef,
    0x9f, 0xe7, 0x9f, 0xef, 0xbf, 0xf7, 0xbf, 0xef, 0x9f, 0xe7, 0xbf, 0xf7,
    0xdf, 0xf7, 0x9f, 0xe7, 0xbf, 0xef, 0xbf, 0xf7, 0xbf, 0xef, 0x7f, 0xe7,
    0xbf, 0xef, 0xbf, 0xef, 0x5f, 0xd7, 0x9f, 0xe7, 0xdf, 0xf7, 0xbf, 0xef,
    0x5f, 0xdf, 0xbf, 0xef, 0xbf, 0xf7, 0x7f, 0xdf, 0x9f, 0xe7, 0xbf, 0xf7,
    0x9f, 0xef, 0x5f, 0xd7, 0xbf, 0xef, 0xbf, 0xef, 0x9f, 0xe7, 0x7f, 0xdf,
    0xbf, 0xef, 0xbf, 0xef, 0x5f, 0xdf, 0x7f, 0xe7, 0xbf, 0xef, 0xbf, 0xef,
    0x5f, 0xd7, 0xdf, 0xff, 0xff, 0xff, 0xff, 0xff, 0xff, 0xff, 0xff, 0xff,
    0xff, 0xff, 0xff, 0xff, 0xff, 0xff, 0xff, 0xff, 0xff, 0xff, 0x9f, 0xef,
    0x3f, 0xd7, 0x5f, 0xd7, 0x5f, 0xd7, 0x3f, 0xcf, 0x3e, 0xd7, 0x3f, 0xd7,
    0x5f, 0xd7, 0x3f, 0xd7, 0x3f, 0xcf, 0x3f, 0xd7, 0x3f, 0xcf, 0x3f, 0xcf,
    0x3f, 0xd7, 0x3f, 0xd7, 0x3f, 0xcf, 0x3f, 0xcf, 0x3f, 0xcf, 0x3f, 0xcf,
    0x3f, 0xcf, 0x3f, 0xd7, 0x3f, 0xcf, 0x3f, 0xcf, 0x3f, 0xcf, 0x3f, 0xcf,
    0x3f, 0xd7, 0x3f, 0xd7, 0x3f, 0xd7, 0x3f, 0xcf, 0x5f, 0xd7, 0x3f, 0xd7,
    0x5f, 0xcf, 0x3f, 0xd7, 0x3f, 0xd7, 0x3f, 0xcf, 0x3f, 0xcf, 0x3f, 0xcf,
    0x5f, 0xd7, 0x5f, 0xd7, 0x5f, 0xdf, 0x5f, 0xdf, 0x5f, 0xd7, 0x3f, 0xcf,
    0x3f, 0xcf, 0x3f, 0xd7, 0x3f, 0xd7, 0x5f, 0xcf, 0x3f, 0xcf, 0x3f, 0xcf,
    0x3f, 0xd7, 0x5f, 0xd7, 0x5f, 0xd7, 0x5f, 0xd7, 0x5f, 0xd7, 0x3f, 0xd7,
    0x3f, 0xd7, 0x5f, 0xcf, 0x3f, 0xcf, 0x3f, 0xcf, 0x3f, 0xd7, 0x3f, 0xcf,
    0x3f, 0xd7, 0x7f, 0xdf, 0x7f, 0xe7, 0x7f, 0xdf, 0x5f, 0xdf, 0x7f, 0xdf,
    0x5f, 0xdf, 0x7f, 0xdf, 0x5f, 0xdf, 0x5f, 0xd7, 0x7f, 0xdf, 0x7f, 0xdf,
    0x5f, 0xdf, 0x7f, 0xdf, 0x7f, 0xdf, 0x5f, 0xd7, 0x5f, 0xdf, 0x7f, 0xdf,
    0x5f, 0xd7, 0x5f, 0xdf, 0x5f, 0xdf, 0x7f, 0xdf, 0x5f, 0xd7, 0x5f, 0xdf,
    0x7f, 0xdf, 0x5f, 0xdf, 0x7f, 0xd7, 0x7f, 0xdf, 0x7f, 0xdf, 0x5f, 0xdf,
    0x5f, 0xdf, 0x5f, 0xd7, 0x5f, 0xdf, 0x7f, 0xe7, 0x9f, 0xe7, 0x7f, 0xdf,
    0x7f, 0xdf, 0x7f, 0xdf, 0x7f, 0xdf, 0x7f, 0xdf, 0x7f, 0xe7, 0x9f, 0xe7,
    0x9f, 0xe7, 0x7f, 0xe7, 0x7f, 0xdf, 0x7f, 0xdf, 0x7f, 0xdf, 0x7f, 0xe7,
    0x7f, 0xe7, 0x7f, 0xdf, 0x7f, 0xe7, 0x7f, 0xdf, 0x9f, 0xdf, 0x7f, 0xe7,
    0x9f, 0xdf, 0x7f, 0xe7, 0x7f, 0xdf, 0x7f, 0xe7, 0x9f, 0xe7, 0x7f, 0xdf,
    0x7f, 0xe7, 0x9f, 0xdf, 0x9f, 0xe7, 0x7f, 0xe7, 0x9f, 0xdf, 0x7f, 0xdf,
    0x9f, 0xe7, 0x9f, 0xe7, 0x7f, 0xe7, 0x7f, 0xdf, 0x9f, 0xe7, 0x9f, 0xe7,
    0x9f, 0xe7, 0x9f, 0xe7, 0x7f, 0xe7, 0x7f, 0xe7, 0x9f, 0xe7, 0x9f, 0xe7,
    0x7f, 0xe7, 0x9f, 0xe7, 0x9f, 0xe7, 0x9f, 0xe7, 0x9f, 0xe7, 0x9f, 0xe7,
    0x7f, 0xe7, 0x9f, 0xe7, 0x7f, 0xe7, 0x7f, 0xef, 0x9f, 0xe7, 0x9f, 0xe7,
    0x9f, 0xe7, 0x9f, 0xef, 0x9f, 0xe7, 0x9f, 0xe7, 0x9f, 0xef, 0x9f, 0xe7,
    0x9f, 0xe7, 0x9f, 0xef, 0x9f, 0xe7, 0x9f, 0xe7, 0x9f, 0xef, 0x9f, 0xe7,
    0x9f, 0xe7, 0x9f, 0xef, 0xbf, 0xef, 0x9f, 0xe7, 0x9f, 0xe7, 0x9f, 0xef,
    0xbf, 0xef, 0x9f, 0xef, 0xbf, 0xef, 0x9f, 0xef, 0x9f, 0xef, 0xbf, 0xef,
    0xbf, 0xef, 0xbf, 0xef, 0x9f, 0xef, 0xbf, 0xef, 0x9f, 0xef, 0xbf, 0xef,
    0xbf, 0xef, 0xbf, 0xef, 0xbf, 0xef, 0xbf, 0xef, 0xbf, 0xef, 0xbf, 0xef,
    0xbf, 0xef, 0xbf, 0xef, 0xbf, 0xf7, 0xbf, 0xf7, 0xbf, 0xf7, 0xbf, 0xef,
    0xbf, 0xef, 0xbf, 0xef, 0xbf, 0xf7, 0xbf, 0xef, 0xbf, 0xef, 0xbf, 0xef,
    0xbf, 0xf7, 0xdf, 0xf7, 0xbf, 0xef, 0xbf, 0xef, 0xbf, 0xef, 0xdf, 0xf7,
    0xbf, 0xf7, 0xbf, 0xef, 0xbf, 0xef, 0xbf, 0xf7, 0xbf, 0xef, 0xbf, 0xf7,
    0xdf, 0xf7, 0xbf, 0xf7, 0xbf, 0xef, 0xbf, 0xf7, 0xbf, 0xef, 0xbf, 0xef,
    0xbf, 0xef, 0xdf, 0xf7, 0xbf, 0xef, 0xbf, 0xef, 0xbf, 0xef, 0xbf, 0xf7,
    0xbf, 0xef, 0xbf, 0xef, 0xbf, 0xef, 0xbf, 0xef, 0xbf, 0xef, 0xbf, 0xef,
    0xbf, 0xef, 0xff, 0xff, 0xff, 0xff, 0xff, 0xff, 0xff, 0xff, 0xff, 0xff,
    0xff, 0xff, 0xff, 0xff, 0xff, 0xff, 0xff, 0xff, 0xff, 0xff, 0x9f, 0xef,
    0x1e, 0xc7, 0x3f, 0xcf, 0x5f, 0xd7, 0x5f, 0xdf, 0x5f, 0xd7, 0x3f, 0xcf,
    0x3f, 0xcf, 0x3f, 0xcf, 0x5f, 0xd7, 0x3f, 0xcf, 0x3f, 0xd7, 0x3f, 0xcf,
    0x3f, 0xcf, 0x3f, 0xd7, 0x3f, 0xcf, 0x3f, 0xd7, 0x3e, 0xd7, 0x3f, 0xcf,
    0x3f, 0xd7, 0x3f, 0xd7, 0x3f, 0xcf, 0x3e, 0xcf, 0x3f, 0xd7, 0x3f, 0xcf,
    0x3f, 0xcf, 0x3f, 0xd7, 0x5f, 0xcf, 0x3f, 0xd7, 0x3f, 0xcf, 0x3f, 0xd7,
    0x5f, 0xcf, 0x3f, 0xcf, 0x3f, 0xcf, 0x5f, 0xd7, 0x5f, 0xd7, 0x5f, 0xd7,
    0x5f, 0xdf, 0x5f, 0xd7, 0x5f, 0xd7, 0x3f, 0xcf, 0x3f, 0xcf, 0x3f, 0xcf,
    0x3e, 0xcf, 0x3f, 0xd7, 0x3f, 0xcf, 0x3f, 0xcf, 0x3f, 0xcf, 0x3f, 0xd7,
    0x5f, 0xd7, 0x5f, 0xd7, 0x5f, 0xd7, 0x3f, 0xcf, 0x3f, 0xcf, 0x3f, 0xd7,
    0x5f, 0xcf, 0x3f, 0xd7, 0x5f, 0xd7, 0x5f, 0xcf, 0x3f, 0xcf, 0x5f, 0xd7,
    0x7f, 0xe7, 0x7f, 0xdf, 0x7f, 0xdf, 0x5f, 0xdf, 0x7f, 0xdf, 0x5f, 0xdf,
    0x5f, 0xdf, 0x7f, 0xdf, 0x7f, 0xdf, 0x5f, 0xdf, 0x7f, 0xdf, 0x5f, 0xdf,
    0x7f, 0xd7, 0x5f, 0xdf, 0x7f, 0xdf, 0x5f, 0xdf, 0x5f, 0xd7, 0x7f, 0xdf,
    0x7f, 0xdf, 0x5f, 0xdf, 0x5f, 0xdf, 0x7f, 0xdf, 0x7f, 0xdf, 0x5f, 0xdf,
    0x5f, 0xdf, 0x7f, 0xdf, 0x5f, 0xdf, 0x5f, 0xd7, 0x7f, 0xdf, 0x7f, 0xdf,
    0x7f, 0xdf, 0x7f, 0xdf, 0x9f, 0xe7, 0x7f, 0xe7, 0x7f, 0xdf, 0x7f, 0xdf,
    0x7f, 0xdf, 0x7f, 0xe7, 0x7f, 0xe7, 0x9f, 0xe7, 0x9f, 0xe7, 0x7f, 0xe7,
    0x7f, 0xdf, 0x7f, 0xdf, 0x7f, 0xe7, 0x7f, 0xdf, 0x7f, 0xdf, 0x7f, 0xdf,
    0x7f, 0xdf, 0x7f, 0xdf, 0x7f, 0xdf, 0x7f, 0xe7, 0x7f, 0xdf, 0x9f, 0xdf,
    0x7f, 0xe7, 0x9f, 0xdf, 0x7f, 0xe7, 0x7f, 0xdf, 0x7f, 0xe7, 0x9f, 0xe7,
    0x7f, 0xdf, 0x7f, 0xe7, 0x9f, 0xe7, 0x7f, 0xe7, 0x7f, 0xe7, 0x7f, 0xe7,
    0x9f, 0xe7, 0x7f, 0xe7, 0x7f, 0xe7, 0x9f, 0xe7, 0x7f, 0xdf, 0x9f, 0xe7,
    0x9f, 0xe7, 0x9f, 0xe7, 0x9f, 0xe7, 0x9f, 0xe7, 0x9f, 0xe7, 0x9f, 0xe7,
    0x9f, 0xe7, 0x7f, 0xe7, 0x9f, 0xe7, 0x7f, 0xe7, 0x7f, 0xe7, 0x9f, 0xe7,
    0x9f, 0xe7, 0x9f, 0xe7, 0x9f, 0xe7, 0x7f, 0xe7, 0x7f, 0xe7, 0x7f, 0xe7,
    0x7f, 0xe7, 0x9f, 0xe7, 0x9f, 0xe7, 0x9f, 0xe7, 0x9f, 0xef, 0x9f, 0xe7,
    0x9f, 0xe7, 0x9f, 0xef, 0xbf, 0xef, 0x9f, 0xef, 0x9f, 0xef, 0xbf, 0xe7,
    0x9f, 0xef, 0xbf, 0xef, 0x9f, 0xef, 0x9f, 0xe7, 0x9f, 0xef, 0xbf, 0xef,
    0x9f, 0xef, 0x9f, 0xe7, 0xbf, 0xef, 0xbf, 0xef, 0x9f, 0xef, 0x9f, 0xef,
    0xbf, 0xef, 0xbf, 0xef, 0xbf, 0xef, 0xbf, 0xef, 0x9f, 0xef, 0xbf, 0xef,
    0x9f, 0xef, 0xbf, 0xef, 0xbf, 0xef, 0xbf, 0xef, 0xbf, 0xef, 0xbf, 0xef,
    0xbf, 0xf7, 0xbf, 0xef, 0xbf, 0xef, 0xbf, 0xef, 0xbf, 0xef, 0xbf, 0xef,
    0xbf, 0xf7, 0xbf, 0xef, 0xbf, 0xf7, 0xbf, 0xef, 0xbf, 0xef, 0xbf, 0xf7,
    0xdf, 0xf7, 0xdf, 0xf7, 0xbf, 0xef, 0xbf, 0xef, 0xbf, 0xef, 0xbf, 0xf7,
    0xbf, 0xf7, 0xbf, 0xf7, 0xbf, 0xf7, 0xbf, 0xef, 0xbf, 0xef, 0xbf, 0xf7,
    0xdf, 0xf7, 0xbf, 0xf7, 0xbf, 0xf7, 0xbf, 0xef, 0xbf, 0xef, 0xbf, 0xef,
    0xbf, 0xf7, 0xbf, 0xf7, 0xbf, 0xef, 0xbf, 0xef, 0xbf, 0xef, 0xbf, 0xef,
    0xbf, 0xef, 0xbf, 0xef, 0xbf, 0xf7, 0xbf, 0xef, 0x9f, 0xef, 0x9f, 0xef,
    0xbf, 0xef, 0xff, 0xff, 0xff, 0xff, 0xff, 0xff, 0xff, 0xff, 0xff, 0xff,
    0xff, 0xff, 0xff, 0xff, 0xff, 0xff, 0xff, 0xff, 0xff, 0xff, 0x9f, 0xe7,
    0x1f, 0xcf, 0x1f, 0xcf, 0x1f, 0xcf, 0x3f, 0xcf, 0x3f, 0xd7, 0x5f, 0xd7,
    0x5f, 0xd7, 0x5f, 0xd7, 0x5f, 0xcf, 0x3f, 0xcf, 0x3f, 0xcf, 0x3f, 0xd7,
    0x3f, 0xcf, 0x3f, 0xd7, 0x3f, 0xd7, 0x3f, 0xcf, 0x3f, 0xd7, 0x3f, 0xcf,
    0x3f, 0xd7, 0x3f, 0xd7, 0x3f, 0xcf, 0x3f, 0xd7, 0x3f, 0xd7, 0x3f, 0xd7,
    0x3f, 0xcf, 0x3f, 0xcf, 0x3f, 0xd7, 0x3f, 0xd7, 0x3f, 0xcf, 0x3f, 0xcf,
    0x3f, 0xd7, 0x5f, 0xd7, 0x5f, 0xd7, 0x5f, 0xdf, 0x5f, 0xd7, 0x5f, 0xd7,
    0x3f, 0xd7, 0x3f, 0xcf, 0x3f, 0xcf, 0x3f, 0xd7, 0x3f, 0xd7, 0x3f, 0xd7,
    0x3f, 0xd7, 0x5f, 0xcf, 0x3f, 0xcf, 0x3f, 0xd7, 0x5f, 0xd7, 0x5f, 0xd7,
    0x5f, 0xd7, 0x3f, 0xcf, 0x3f, 0xcf, 0x3f, 0xd7, 0x3f, 0xcf, 0x3f, 0xcf,
    0x3f, 0xd7, 0x5f, 0xcf, 0x3f, 0xcf, 0x3f, 0xd7, 0x7f, 0xdf, 0x7f, 0xe7,
    0x7f, 0xdf, 0x7f, 0xdf, 0x7f, 0xdf, 0x5f, 0xdf, 0x7f, 0xdf, 0x7f, 0xdf,
    0x5f, 0xdf, 0x5f, 0xdf, 0x7f, 0xd7, 0x5f, 0xdf, 0x5f, 0xdf, 0x5f, 0xdf,
    0x5f, 0xdf, 0x7f, 0xdf, 0x5f, 0xdf, 0x5f, 0xdf, 0x7f, 0xdf, 0x5f, 0xdf,
    0x5f, 0xdf, 0x7f, 0xdf, 0x7f, 0xd7, 0x5f, 0xdf, 0x7f, 0xdf, 0x7f, 0xdf,
    0x5f, 0xdf, 0x7f, 0xd7, 0x5f, 0xdf, 0x5f, 0xdf, 0x5f, 0xd7, 0x7f, 0xdf,
    0x9f, 0xe7, 0x9f, 0xe7, 0x7f, 0xdf, 0x7f, 0xdf, 0x7f, 0xdf, 0x7f, 0xdf,
    0x7f, 0xdf, 0x9f, 0xe7, 0x9f, 0xe7, 0x9f, 0xe7, 0x7f, 0xdf, 0x7f, 0xdf,
    0x7f, 0xdf, 0x7f, 0xdf, 0x7f, 0xdf, 0x7f, 0xe7, 0x7f, 0xe7, 0x7f, 0xdf,
    0x7f, 0xe7, 0x7f, 0xdf, 0x7f, 0xe7, 0x7f, 0xe7, 0x7f, 0xe7, 0x7f, 0xdf,
    0x7f, 0xdf, 0x7f, 0xe7, 0x7f, 0xdf, 0x7f, 0xe7, 0x7f, 0xdf, 0x9f, 0xe7,
    0x9f, 0xe7, 0x7f, 0xe7, 0x9f, 0xdf, 0x9f, 0xe7, 0x9f, 0xe7, 0x7f, 0xdf,
    0x9f, 0xe7, 0x7f, 0xdf, 0x9f, 0xe7, 0x9f, 0xe7, 0x9f, 0xe7, 0x7f, 0xe7,
    0x7f, 0xe7, 0x9f, 0xe7, 0x9f, 0xe7, 0x7f, 0xe7, 0x9f, 0xe7, 0x9f, 0xe7,
    0x9f, 0xe7, 0x9f, 0xe7, 0x9f, 0xe7, 0x9f, 0xe7, 0x9f, 0xe7, 0x7f, 0xe7,
    0x7f, 0xe7, 0x9f, 0xef, 0x9f, 0xe7, 0x9f, 0xe7, 0x9f, 0xe7, 0x7f, 0xef,
    0x9f, 0xe7, 0x9f, 0xe7, 0x9f, 0xef, 0x9f, 0xef, 0x9f, 0xe7, 0x9f, 0xe7,
    0x9f, 0xef, 0x9f, 0xe7, 0x9f, 0xef, 0x9f, 0xef, 0x9f, 0xe7, 0x9f, 0xef,
    0x9f, 0xe7, 0xbf, 0xef, 0x9f, 0xe7, 0x9f, 0xef, 0xbf, 0xef, 0xbf, 0xef,
    0xbf, 0xe7, 0x9f, 0xef, 0x9f, 0xef, 0xbf, 0xef, 0xbf, 0xef, 0xbf, 0xef,
    0x9f, 0xef, 0x9f, 0xef, 0xbf, 0xef, 0xbf, 0xef, 0xbf, 0xef, 0xbf, 0xef,
    0x9f, 0xef, 0xbf, 0xef, 0x9f, 0xef, 0x9f, 0xef, 0xbf, 0xef, 0xbf, 0xef,
    0x9f, 0xef, 0xbf, 0xef, 0xbf, 0xef, 0x9f, 0xef, 0xbf, 0xef, 0xbf, 0xef,
    0xbf, 0xef, 0xbf, 0xef, 0xbf, 0xef, 0x9f, 0xef, 0x9f, 0xe7, 0xdf, 0xf7,
    0xdf, 0xf7, 0x7f, 0xe7, 0x9f, 0xef, 0xbf, 0xf7, 0x9f, 0xef, 0x5f, 0xd7,
    0xbf, 0xef, 0xdf, 0xf7, 0x5f, 0xdf, 0x9f, 0xe7, 0xbf, 0xf7, 0x9f, 0xe7,
    0x5f, 0xd7, 0xdf, 0xf7, 0xdf, 0xf7, 0x5f, 0xd7, 0x5f, 0xdf, 0xbf, 0xf7,
    0x9f, 0xe7, 0x3f, 0xcf, 0xbf, 0xef, 0xdf, 0xf7, 0x5f, 0xdf, 0x3f, 0xd7,
    0xbf, 0xef, 0xbf, 0xf7, 0x7f, 0xdf, 0x7f, 0xdf, 0xbf, 0xef, 0x9f, 0xe7,
    0x5f, 0xd7, 0xff, 0xff, 0xff, 0xff, 0xff, 0xff, 0xff, 0xff, 0xff, 0xff,
    0xff, 0xff, 0xff, 0xff, 0xff, 0xff, 0xff, 0xff, 0xff, 0xff, 0xbf, 0xef,
    0x3f, 0xcf, 0x1e, 0xcf, 0x3f, 0xcf, 0x3f, 0xcf, 0x3e, 0xcf, 0x1f, 0xcf,
    0x3f, 0xcf, 0x3f, 0xd7, 0x5f, 0xd7, 0x5f, 0xdf, 0x5f, 0xd7, 0x5f, 0xd7,
    0x5f, 0xd7, 0x3f, 0xd7, 0x3f, 0xcf, 0x3f, 0xcf, 0x3f, 0xcf, 0x3f, 0xcf,
    0x3f, 0xcf, 0x3e, 0xcf, 0x3f, 0xcf, 0x3f, 0xcf, 0x3f, 0xd7, 0x3f, 0xd7,
    0x3f, 0xd7, 0x5f, 0xd7, 0x5f, 0xd7, 0x5f, 0xd7, 0x5f, 0xdf, 0x5f, 0xdf,
    0x5f, 0xdf, 0x5f, 0xd7, 0x5f, 0xd7, 0x3f, 0xd7, 0x3f, 0xcf, 0x3f, 0xcf,
    0x3f, 0xcf, 0x3f, 0xd7, 0x3f, 0xd7, 0x3f, 0xcf, 0x5f, 0xd7, 0x3f, 0xcf,
    0x3f, 0xcf, 0x5f, 0xd7, 0x5f, 0xd7, 0x5f, 0xd7, 0x5f, 0xd7, 0x3f, 0xcf,
    0x3f, 0xcf, 0x3f, 0xd7, 0x3f, 0xd7, 0x3f, 0xcf, 0x3f, 0xd7, 0x3f, 0xcf,
    0x3f, 0xcf, 0x3f, 0xd7, 0x7f, 0xdf, 0x7f, 0xe7, 0x7f, 0xdf, 0x5f, 0xdf,
    0x5f, 0xdf, 0x7f, 0xdf, 0x7f, 0xdf, 0x7f, 0xdf, 0x5f, 0xdf, 0x7f, 0xdf,
    0x5f, 0xdf, 0x7f, 0xdf, 0x5f, 0xdf, 0x7f, 0xdf, 0x5f, 0xdf, 0x7f, 0xdf,
    0x7f, 0xdf, 0x7f, 0xdf, 0x5f, 0xdf, 0x7f, 0xdf, 0x7f, 0xdf, 0x5f, 0xdf,
    0x5f, 0xdf, 0x7f, 0xdf, 0x5f, 0xdf, 0x5f, 0xdf, 0x5f, 0xdf, 0x7f, 0xdf,
    0x7f, 0xdf, 0x5f, 0xd7, 0x7f, 0xdf, 0x7f, 0xdf, 0x9f, 0xe7, 0x7f, 0xe7,
    0x7f, 0xdf, 0x7f, 0xdf, 0x7f, 0xdf, 0x7f, 0xdf, 0x7f, 0xdf, 0x7f, 0xe7,
    0x9f, 0xe7, 0x9f, 0xe7, 0x7f, 0xdf, 0x7f, 0xdf, 0x7f, 0xdf, 0x7f, 0xdf,
    0x7f, 0xdf, 0x7f, 0xe7, 0x7f, 0xdf, 0x7f, 0xdf, 0x7f, 0xdf, 0x7f, 0xe7,
    0x7f, 0xdf, 0x7f, 0xdf, 0x7f, 0xdf, 0x7f, 0xdf, 0x7f, 0xe7, 0x7f, 0xdf,
    0x7f, 0xdf, 0x7f, 0xe7, 0x7f, 0xe7, 0x9f, 0xdf, 0x7f, 0xdf, 0x7f, 0xe7,
    0x7f, 0xdf, 0x9f, 0xe7, 0x7f, 0xe7, 0x9f, 0xdf, 0x7f, 0xe7, 0x9f, 0xe7,
    0x7f, 0xe7, 0x9f, 0xdf, 0x9f, 0xe7, 0x9f, 0xe7, 0x9f, 0xe7, 0x9f, 0xe7,
    0x7f, 0xe7, 0x9f, 0xe7, 0x9f, 0xe7, 0x7f, 0xe7, 0x9f, 0xe7, 0x7f, 0xe7,
    0x9f, 0xe7, 0x9f, 0xe7, 0x9f, 0xe7, 0x9f, 0xe7, 0x9f, 0xe7, 0x9f, 0xe7,
    0x7f, 0xe7, 0x9f, 0xe7, 0x9f, 0xef, 0x9f, 0xe7, 0x9f, 0xe7, 0x9f, 0xe7,
    0x9f, 0xef, 0x9f, 0xe7, 0x9f, 0xe7, 0x9f, 0xe7, 0x9f, 0xe7, 0x9f, 0xef,
    0x9f, 0xef, 0x9f, 0xe7, 0x9f, 0xef, 0xbf, 0xe7, 0x9f, 0xe7, 0x9f, 0xef,
    0xbf, 0xe7, 0xbf, 0xef, 0x9f, 0xef, 0x9f, 0xe7, 0x9f, 0xe7, 0x9f, 0xef,
    0xbf, 0xef, 0xbf, 0xef, 0x9f, 0xef, 0x9f, 0xef, 0xbf, 0xef, 0x9f, 0xef,
    0xbf, 0xef, 0x9f, 0xef, 0xbf, 0xef, 0x9f, 0xef, 0xbf, 0xef, 0xbf, 0xef,
    0xbf, 0xef, 0xbf, 0xef, 0xbf, 0xef, 0x9f, 0xef, 0xbf, 0xef, 0x9f, 0xef,
    0x9f, 0xef, 0xbf, 0xef, 0xbf, 0xf7, 0xbf, 0xef, 0xbf, 0xef, 0xbf, 0xf7,
    0xbf, 0xef, 0xbf, 0xef, 0xbf, 0xef, 0xbf, 0xef, 0xbf, 0xef, 0xbf, 0xf7,
    0xbf, 0xef, 0x9f, 0xe7, 0xbf, 0xef, 0xdf, 0xf7, 0xbf, 0xef, 0x7f, 0xdf,
    0xbf, 0xef, 0xbf, 0xf7, 0xbf, 0xef, 0xbf, 0xef, 0xbf, 0xf7, 0x9f, 0xe7,
    0x7f, 0xe7, 0xbf, 0xef, 0xbf, 0xef, 0x9f, 0xe7, 0x9f, 0xef, 0xbf, 0xf7,
    0xbf, 0xef, 0x5f, 0xdf, 0xbf, 0xef, 0xbf, 0xef, 0x7f, 0xe7, 0x7f, 0xdf,
    0xbf, 0xef, 0xbf, 0xf7, 0x9f, 0xe7, 0x9f, 0xe7, 0x9f, 0xef, 0x9f, 0xef,
    0x7f, 0xdf, 0xff, 0xff, 0xff, 0xff, 0xff, 0xff, 0xff, 0xff, 0xff, 0xff,
    0xff, 0xff, 0xff, 0xff, 0xff, 0xff, 0xff, 0xff, 0xff, 0xff, 0x9f, 0xef,
    0x3f, 0xd7, 0x5f, 0xd7, 0x3f, 0xcf, 0x1f, 0xcf, 0x3f, 0xcf, 0x3e, 0xcf,
    0x1f, 0xcf, 0x1f, 0xcf, 0x1e, 0xcf, 0x3f, 0xcf, 0x3f, 0xd7, 0x5f, 0xd7,
    0x5f, 0xd7, 0x5f, 0xd7, 0x5f, 0xd7, 0x5f, 0xd7, 0x5f, 0xdf, 0x5f, 0xdf,
    0x5f, 0xd7, 0x5f, 0xdf, 0x5f, 0xdf, 0x5f, 0xdf, 0x5f, 0xd7, 0x5f, 0xd7,
    0x5f, 0xdf, 0x5f, 0xd7, 0x5f, 0xd7, 0x5f, 0xd7, 0x5f, 0xd7, 0x3f, 0xd7,
    0x3e, 0xcf, 0x3f, 0xcf, 0x3f, 0xcf, 0x3f, 0xd7, 0x3e, 0xd7, 0x3f, 0xcf,
    0x3f, 0xcf, 0x3f, 0xd7, 0x3f, 0xcf, 0x3f, 0xcf, 0x3f, 0xd7, 0x5f, 0xd7,
    0x5f, 0xd7, 0x5f, 0xdf, 0x5f, 0xd7, 0x3f, 0xcf, 0x3f, 0xd7, 0x3f, 0xcf,
    0x3f, 0xcf, 0x3f, 0xd7, 0x3f, 0xcf, 0x3f, 0xcf, 0x3f, 0xcf, 0x3f, 0xcf,
    0x5f, 0xdf, 0x7f, 0xe7, 0x7f, 0xdf, 0x5f, 0xdf, 0x7f, 0xdf, 0x5f, 0xdf,
    0x5f, 0xdf, 0x7f, 0xdf, 0x7f, 0xdf, 0x7f, 0xdf, 0x5f, 0xdf, 0x5f, 0xdf,
    0x5f, 0xdf, 0x7f, 0xdf, 0x7f, 0xdf, 0x5f, 0xdf, 0x5f, 0xd7, 0x5f, 0xdf,
    0x5f, 0xdf, 0x5f, 0xdf, 0x5f, 0xd7, 0x5f, 0xdf, 0x5f, 0xdf, 0x7f, 0xd7,
    0x7f, 0xdf, 0x5f, 0xdf, 0x7f, 0xdf, 0x5f, 0xdf, 0x7f, 0xd7, 0x5f, 0xdf,
    0x7f, 0xdf, 0x7f, 0xdf, 0x9f, 0xe7, 0x9f, 0xe7, 0x7f, 0xdf, 0x7f, 0xdf,
    0x7f, 0xdf, 0x7f, 0xdf, 0x7f, 0xdf, 0x7f, 0xdf, 0x9f, 0xe7, 0x9f, 0xe7,
    0x7f, 0xdf, 0x7f, 0xdf, 0x7f, 0xdf, 0x7f, 0xdf, 0x5f, 0xdf, 0x7f, 0xe7,
    0x7f, 0xe7, 0x7f, 0xdf, 0x7f, 0xdf, 0x7f, 0xe7, 0x7f, 0xdf, 0x7f, 0xdf,
    0x7f, 0xdf, 0x7f, 0xe7, 0x7f, 0xe7, 0x7f, 0xdf, 0x7f, 0xe7, 0x7f, 0xdf,
    0x7f, 0xdf, 0x7f, 0xe7, 0x7f, 0xe7, 0x9f, 0xdf, 0x7f, 0xe7, 0x7f, 0xe7,
    0x7f, 0xdf, 0x7f, 0xe7, 0x9f, 0xe7, 0x7f, 0xe7, 0x9f, 0xe7, 0x7f, 0xe7,
    0x9f, 0xe7, 0x7f, 0xe7, 0x9f, 0xe7, 0x7f, 0xe7, 0x9f, 0xe7, 0x9f, 0xe7,
    0x9f, 0xe7, 0x7f, 0xe7, 0x9f, 0xe7, 0x9f, 0xe7, 0x9f, 0xe7, 0x9f, 0xe7,
    0x7f, 0xe7, 0x9f, 0xe7, 0x7f, 0xe7, 0x9f, 0xe7, 0x9f, 0xe7, 0x9f, 0xef,
    0x9f, 0xe7, 0x9f, 0xe7, 0x7f, 0xe7, 0x7f, 0xef, 0x9f, 0xe7, 0x9f, 0xe7,
    0x7f, 0xe7, 0x9f, 0xe7, 0x9f, 0xef, 0x9f, 0xe7, 0x9f, 0xe7, 0x9f, 0xef,
    0x9f, 0xe7, 0x9f, 0xef, 0x9f, 0xe7, 0x9f, 0xef, 0xbf, 0xef, 0x9f, 0xef,
    0x9f, 0xe7, 0x9f, 0xef, 0x9f, 0xef, 0x9f, 0xe7, 0x9f, 0xef, 0x9f, 0xef,
    0x9f, 0xef, 0xbf, 0xef, 0xbf, 0xef, 0x9f, 0xe7, 0x9f, 0xef, 0xbf, 0xef,
    0x9f, 0xef, 0xbf, 0xef, 0xbf, 0xef, 0xbf, 0xef, 0xbf, 0xef, 0x9f, 0xef,
    0xbf, 0xef, 0xbf, 0xef, 0x9f, 0xef, 0xbf, 0xef, 0xbf, 0xef, 0xbf, 0xf7,
    0xbf, 0xef, 0xbf, 0xf7, 0xbf, 0xef, 0xbf, 0xef, 0xbf, 0xf7, 0xbf, 0xef,
    0xbf, 0xef, 0xbf, 0xef, 0xbf, 0xef, 0xbf, 0xf7, 0xbf, 0xf7, 0xbf, 0xef,
    0xbf, 0xef, 0xbf, 0xef, 0xbf, 0xef, 0xbf, 0xef, 0xbf, 0xf7, 0xdf, 0xf7,
    0xbf, 0xef, 0xbf, 0xef, 0xbf, 0xf7, 0xbf, 0xf7, 0xbf, 0xef, 0xbf, 0xf7,
    0xbf, 0xf7, 0xbf, 0xef, 0xbf, 0xef, 0xdf, 0xf7, 0xbf, 0xf7, 0xbf, 0xef,
    0xbf, 0xf7, 0xbf, 0xf7, 0xbf, 0xef, 0xbf, 0xef, 0xbf, 0xef, 0xbf, 0xf7,
    0xbf, 0xef, 0xbf, 0xef, 0xbf, 0xef, 0xbf, 0xef, 0xbf, 0xef, 0x9f, 0xef,
    0x9f, 0xef, 0xff, 0xff, 0xff, 0xff, 0xff, 0xff, 0xff, 0xff, 0xff, 0xff,
    0xff, 0xff, 0xff, 0xff, 0xff, 0xff, 0xff, 0xff, 0xff, 0xff, 0x9f, 0xe7,
    0x1f, 0xcf, 0x3f, 0xd7, 0x5f, 0xd7, 0x5f, 0xd7, 0x3f, 0xcf, 0x3f, 0xcf,
    0x3f, 0xcf, 0x3f, 0xcf, 0x3f, 0xcf, 0x3f, 0xcf, 0x3f, 0xcf, 0x3f, 0xcf,
    0x1e, 0xcf, 0x3f, 0xcf, 0x3f, 0xcf, 0x3f, 0xd7, 0x3f, 0xd7, 0x5f, 0xd7,
    0x3f, 0xd7, 0x5f, 0xd7, 0x3f, 0xd7, 0x3f, 0xd7, 0x3f, 0xcf, 0x5f, 0xcf,
    0x3f, 0xcf, 0x3f, 0xcf, 0x3f, 0xcf, 0x3e, 0xd7, 0x3f, 0xcf, 0x3f, 0xd7,
    0x3f, 0xd7, 0x3f, 0xcf, 0x3f, 0xd7, 0x3f, 0xcf, 0x3f, 0xcf, 0x3f, 0xcf,
    0x3f, 0xcf, 0x3e, 0xd7, 0x5f, 0xd7, 0x5f, 0xd7, 0x5f, 0xd7, 0x5f, 0xd7,
    0x3f, 0xd7, 0x3f, 0xcf, 0x3e, 0xcf, 0x3f, 0xcf, 0x3f, 0xd7, 0x3f, 0xcf,
    0x3f, 0xcf, 0x3f, 0xcf, 0x3f, 0xcf, 0x3f, 0xcf, 0x5f, 0xd7, 0x7f, 0xdf,
    0x7f, 0xe7, 0x7f, 0xdf, 0x5f, 0xdf, 0x7f, 0xdf, 0x7f, 0xdf, 0x5f, 0xdf,
    0x7f, 0xdf, 0x7f, 0xdf, 0x5f, 0xdf, 0x7f, 0xdf, 0x5f, 0xdf, 0x5f, 0xdf,
    0x7f, 0xdf, 0x5f, 0xdf, 0x7f, 0xdf, 0x5f, 0xdf, 0x5f, 0xdf, 0x5f, 0xdf,
    0x5f, 0xd7, 0x5f, 0xdf, 0x5f, 0xdf, 0x5f, 0xdf, 0x7f, 0xdf, 0x5f, 0xdf,
    0x7f, 0xdf, 0x5f, 0xd7, 0x7f, 0xdf, 0x7f, 0xdf, 0x5f, 0xd7, 0x7f, 0xdf,
    0x9f, 0xe7, 0x7f, 0xe7, 0x7f, 0xdf, 0x7f, 0xdf, 0x7f, 0xdf, 0x7f, 0xdf,
    0x7f, 0xdf, 0x7f, 0xdf, 0x9f, 0xe7, 0x7f, 0xe7, 0x7f, 0xdf, 0x7f, 0xdf,
    0x7f, 0xdf, 0x7f, 0xdf, 0x7f, 0xdf, 0x5f, 0xdf, 0x7f, 0xdf, 0x7f, 0xe7,
    0x7f, 0xdf, 0x7f, 0xdf, 0x7f, 0xe7, 0x7f, 0xdf, 0x7f, 0xe7, 0x7f, 0xdf,
    0x7f, 0xe7, 0x7f, 0xdf, 0x7f, 0xe7, 0x7f, 0xe7, 0x9f, 0xdf, 0x7f, 0xe7,
    0x7f, 0xe7, 0x7f, 0xdf, 0x7f, 0xe7, 0x9f, 0xe7, 0x7f, 0xdf, 0x7f, 0xdf,
    0x7f, 0xe7, 0x7f, 0xdf, 0x7f, 0xe7, 0x9f, 0xe7, 0x9f, 0xe7, 0x7f, 0xdf,
    0x9f, 0xe7, 0x9f, 0xe7, 0x9f, 0xe7, 0x9f, 0xe7, 0x7f, 0xe7, 0x9f, 0xe7,
    0x9f, 0xe7, 0x9f, 0xe7, 0x7f, 0xe7, 0x9f, 0xe7, 0x9f, 0xe7, 0x9f, 0xe7,
    0x9f, 0xe7, 0x9f, 0xe7, 0x7f, 0xe7, 0x9f, 0xe7, 0x7f, 0xe7, 0x9f, 0xe7,
    0x9f, 0xef, 0x9f, 0xe7, 0x9f, 0xe7, 0x9f, 0xe7, 0x9f, 0xe7, 0x7f, 0xef,
    0x9f, 0xe7, 0x9f, 0xe7, 0x9f, 0xef, 0x9f, 0xef, 0x9f, 0xe7, 0x9f, 0xef,
    0x9f, 0xe7, 0x9f, 0xe7, 0x9f, 0xef, 0x9f, 0xe7, 0x9f, 0xe7, 0x9f, 0xef,
    0x9f, 0xef, 0x9f, 0xe7, 0x9f, 0xef, 0xbf, 0xef, 0x9f, 0xef, 0x9f, 0xe7,
    0xbf, 0xef, 0x9f, 0xef, 0xbf, 0xef, 0xbf, 0xef, 0x9f, 0xef, 0xbf, 0xef,
    0x9f, 0xef, 0x9f, 0xef, 0xbf, 0xef, 0x9f, 0xef, 0xbf, 0xef, 0xbf, 0xef,
    0x9f, 0xef, 0xbf, 0xef, 0xbf, 0xef, 0xbf, 0xf7, 0xbf, 0xef, 0xbf, 0xef,
    0xbf, 0xef, 0xbf, 0xef, 0xbf, 0xef, 0xbf, 0xef, 0xbf, 0xf7, 0xbf, 0xef,
    0x9f, 0xef, 0xbf, 0xef, 0xbf, 0xf7, 0xbf, 0xef, 0xbf, 0xef, 0xbf, 0xef,
    0xbf, 0xf7, 0x7f, 0xe7, 0x9f, 0xef, 0xbf, 0xf7, 0x9f, 0xef, 0x9f, 0xe7,
    0xdf, 0xf7, 0xbf, 0xef, 0x3f, 0xd7, 0x9f, 0xe7, 0xdf, 0xf7, 0x9f, 0xef,
    0x5f, 0xdf, 0xbf, 0xef, 0xbf, 0xf7, 0x5f, 0xdf, 0x7f, 0xdf, 0xbf, 0xef,
    0xbf, 0xef, 0x5f, 0xd7, 0xbf, 0xef, 0xbf, 0xef, 0x7f, 0xdf, 0x5f, 0xdf,
    0xbf, 0xf7, 0xbf, 0xef, 0x5f, 0xd7, 0x7f, 0xe7, 0xbf, 0xef, 0x9f, 0xe7,
    0x5f, 0xd7, 0xdf, 0xff, 0xff, 0xff, 0xff, 0xff, 0xff, 0xff, 0xff, 0xff,
    0xff, 0xff, 0xff, 0xff, 0xff, 0xff, 0xff, 0xff, 0xff, 0xff, 0x9f, 0xe7,
    0x1f, 0xcf, 0x3f, 0xcf, 0x3f, 0xcf, 0x3f, 0xd7, 0x5f, 0xd7, 0x5f, 0xd7,
    0x5f, 0xd7, 0x3f, 0xd7, 0x3f, 0xcf, 0x3f, 0xcf, 0x3f, 0xcf, 0x3f, 0xcf,
    0x3f, 0xd7, 0x3f, 0xd7, 0x3f, 0xcf, 0x3f, 0xcf, 0x3f, 0xcf, 0x3f, 0xcf,
    0x3f, 0xcf, 0x3f, 0xcf, 0x3f, 0xcf, 0x3f, 0xcf, 0x3f, 0xcf, 0x3f, 0xd7,
    0x3f, 0xd7, 0x3f, 0xd7, 0x3f, 0xd7, 0x3f, 0xd7, 0x3f, 0xcf, 0x3f, 0xcf,
    0x3f, 0xd7, 0x3f, 0xd7, 0x3f, 0xcf, 0x3f, 0xcf, 0x3f, 0xd7, 0x5f, 0xd7,
    0x5f, 0xd7, 0x5f, 0xd7, 0x5f, 0xd7, 0x5f, 0xd7, 0x3f, 0xcf, 0x3f, 0xcf,
    0x3f, 0xcf, 0x3f, 0xcf, 0x3f, 0xcf, 0x3f, 0xd7, 0x3f, 0xcf, 0x3f, 0xcf,
    0x3f, 0xcf, 0x3f, 0xd7, 0x5f, 0xd7, 0x7f, 0xdf, 0x7f, 0xe7, 0x7f, 0xdf,
    0x7f, 0xdf, 0x5f, 0xdf, 0x7f, 0xdf, 0x5f, 0xdf, 0x5f, 0xdf, 0x7f, 0xdf,
    0x5f, 0xdf, 0x5f, 0xdf, 0x7f, 0xdf, 0x7f, 0xdf, 0x5f, 0xdf, 0x7f, 0xdf,
    0x7f, 0xdf, 0x5f, 0xdf, 0x5f, 0xd7, 0x7f, 0xdf, 0x7f, 0xdf, 0x5f, 0xdf,
    0x7f, 0xdf, 0x5f, 0xd7, 0x7f, 0xdf, 0x7f, 0xdf, 0x5f, 0xdf, 0x5f, 0xdf,
    0x7f, 0xdf, 0x5f, 0xdf, 0x5f, 0xdf, 0x7f, 0xdf, 0x7f, 0xe7, 0x9f, 0xe7,
    0x7f, 0xdf, 0x5f, 0xdf, 0x7f, 0xdf, 0x7f, 0xdf, 0x7f, 0xdf, 0x7f, 0xdf,
    0x9f, 0xe7, 0x9f, 0xe7, 0x7f, 0xe7, 0x7f, 0xdf, 0x5f, 0xdf, 0x7f, 0xdf,
    0x7f, 0xdf, 0x5f, 0xe7, 0x7f, 0xdf, 0x7f, 0xdf, 0x7f, 0xe7, 0x7f, 0xdf,
    0x7f, 0xdf, 0x7f, 0xe7, 0x7f, 0xdf, 0x7f, 0xdf, 0x7f, 0xe7, 0x7f, 0xdf,
    0x7f, 0xe7, 0x7f, 0xdf, 0x7f, 0xdf, 0x7f, 0xe7, 0x7f, 0xdf, 0x9f, 0xdf,
    0x7f, 0xe7, 0x7f, 0xdf, 0x7f, 0xdf, 0x7f, 0xe7, 0x9f, 0xdf, 0x7f, 0xe7,
    0x9f, 0xe7, 0x7f, 0xdf, 0x7f, 0xdf, 0x9f, 0xe7, 0x9f, 0xe7, 0x7f, 0xe7,
    0x7f, 0xe7, 0x9f, 0xe7, 0x9f, 0xe7, 0x9f, 0xe7, 0x9f, 0xe7, 0x9f, 0xe7,
    0x9f, 0xe7, 0x9f, 0xe7, 0x7f, 0xe7, 0x7f, 0xe7, 0x7f, 0xe7, 0x9f, 0xe7,
    0x9f, 0xe7, 0x9f, 0xe7, 0x9f, 0xe7, 0x9f, 0xe7, 0x9f, 0xef, 0x7f, 0xe7,
    0x9f, 0xe7, 0x7f, 0xe7, 0x9f, 0xef, 0x9f, 0xe7, 0x9f, 0xe7, 0x9f, 0xef,
    0x9f, 0xe7, 0x9f, 0xe7, 0x9f, 0xe7, 0x9f, 0xe7, 0x9f, 0xef, 0x9f, 0xe7,
    0x9f, 0xe7, 0x9f, 0xef, 0xbf, 0xef, 0x9f, 0xef, 0xbf, 0xe7, 0x9f, 0xef,
    0xbf, 0xef, 0xbf, 0xef, 0x9f, 0xe7, 0x9f, 0xef, 0x9f, 0xef, 0x9f, 0xe7,
    0xbf, 0xef, 0x9f, 0xef, 0x9f, 0xef, 0xbf, 0xef, 0x9f, 0xef, 0xbf, 0xe7,
    0xbf, 0xef, 0xbf, 0xef, 0x9f, 0xef, 0xbf, 0xef, 0xbf, 0xef, 0x9f, 0xef,
    0x9f, 0xef, 0xbf, 0xef, 0xbf, 0xef, 0x9f, 0xef, 0xbf, 0xef, 0xbf, 0xef,
    0x9f, 0xef, 0xbf, 0xef, 0xbf, 0xf7, 0xbf, 0xef, 0xbf, 0xef, 0xbf, 0xf7,
    0xbf, 0xef, 0xbf, 0xef, 0xbf, 0xef, 0xbf, 0xef, 0x9f, 0xe7, 0xbf, 0xef,
    0xdf, 0xf7, 0xbf, 0xef, 0xbf, 0xef, 0xbf, 0xef, 0xbf, 0xef, 0x9f, 0xe7,
    0xbf, 0xf7, 0xbf, 0xef, 0x9f, 0xe7, 0xbf, 0xef, 0xbf, 0xef, 0xbf, 0xef,
    0x9f, 0xe7, 0xbf, 0xef, 0xbf, 0xf7, 0x9f, 0xe7, 0x9f, 0xef, 0xbf, 0xef,
    0xbf, 0xef, 0x9f, 0xe7, 0xbf, 0xef, 0xbf, 0xf7, 0x9f, 0xe7, 0x9f, 0xe7,
    0xbf, 0xef, 0xbf, 0xef, 0x9f, 0xe7, 0x9f, 0xef, 0xbf, 0xef, 0x9f, 0xef,
    0x9f, 0xe7, 0xff, 0xff, 0xff, 0xff, 0xff, 0xff, 0xff, 0xff, 0xff, 0xff,
    0xff, 0xff, 0xff, 0xff, 0xff, 0xff, 0xff, 0xff, 0xff, 0xff, 0x9f, 0xef,
    0x1e, 0xc7, 0x3f, 0xcf, 0x3f, 0xcf, 0x3f, 0xcf, 0x1e, 0xcf, 0x3f, 0xcf,
    0x3f, 0xd7, 0x5f, 0xd7, 0x5f, 0xd7, 0x3f, 0xd7, 0x3f, 0xd7, 0x3f, 0xd7,
    0x3f, 0xcf, 0x3e, 0xcf, 0x3f, 0xcf, 0x3f, 0xcf, 0x3e, 0xcf, 0x3f, 0xcf,
    0x3f, 0xcf, 0x3f, 0xcf, 0x3f, 0xcf, 0x3f, 0xcf, 0x3f, 0xcf, 0x3f, 0xcf,
    0x3f, 0xcf, 0x3e, 0xcf, 0x3f, 0xcf, 0x3f, 0xd7, 0x3f, 0xcf, 0x5f, 0xcf,
    0x5f, 0xd7, 0x5f, 0xd7, 0x5f, 0xd7, 0x5f, 0xd7, 0x5f, 0xd7, 0x5f, 0xd7,
    0x3f, 0xd7, 0x3f, 0xd7, 0x3f, 0xcf, 0x3f, 0xd7, 0x3f, 0xd7, 0x3f, 0xcf,
    0x3f, 0xd7, 0x3f, 0xcf, 0x3f, 0xd7, 0x3f, 0xcf, 0x3f, 0xcf, 0x3f, 0xd7,
    0x5f, 0xdf, 0x7f, 0xdf, 0x7f, 0xe7, 0x7f, 0xdf, 0x5f, 0xdf, 0x7f, 0xdf,
    0x5f, 0xdf, 0x5f, 0xdf, 0x7f, 0xdf, 0x7f, 0xdf, 0x5f, 0xdf, 0x7f, 0xdf,
    0x7f, 0xdf, 0x5f, 0xdf, 0x5f, 0xdf, 0x7f, 0xdf, 0x5f, 0xdf, 0x7f, 0xdf,
    0x5f, 0xdf, 0x7f, 0xdf, 0x5f, 0xdf, 0x7f, 0xdf, 0x7f, 0xdf, 0x5f, 0xdf,
    0x5f, 0xdf, 0x5f, 0xdf, 0x7f, 0xdf, 0x7f, 0xdf, 0x5f, 0xdf, 0x7f, 0xdf,
    0x7f, 0xdf, 0x7f, 0xdf, 0x7f, 0xdf, 0x9f, 0xe7, 0x7f, 0xdf, 0x5f, 0xdf,
    0x7f, 0xdf, 0x7f, 0xdf, 0x7f, 0xdf, 0x7f, 0xdf, 0x7f, 0xe7, 0x9f, 0xe7,
    0x7f, 0xdf, 0x7f, 0xdf, 0x7f, 0xdf, 0x7f, 0xdf, 0x7f, 0xdf, 0x7f, 0xdf,
    0x7f, 0xe7, 0x7f, 0xdf, 0x7f, 0xdf, 0x7f, 0xe7, 0x7f, 0xdf, 0x7f, 0xdf,
    0x7f, 0xe7, 0x7f, 0xdf, 0x7f, 0xdf, 0x7f, 0xe7, 0x7f, 0xdf, 0x7f, 0xdf,
    0x7f, 0xdf, 0x7f, 0xe7, 0x7f, 0xdf, 0x9f, 0xe7, 0x7f, 0xdf, 0x7f, 0xdf,
    0x9f, 0xe7, 0x7f, 0xe7, 0x7f, 0xdf, 0x7f, 0xdf, 0x7f, 0xe7, 0x9f, 0xe7,
    0x7f, 0xe7, 0x9f, 0xe7, 0x9f, 0xe7, 0x9f, 0xe7, 0x9f, 0xe7, 0x7f, 0xe7,
    0x9f, 0xe7, 0x7f, 0xdf, 0x9f, 0xe7, 0x7f, 0xe7, 0x9f, 0xe7, 0x9f, 0xe7,
    0x7f, 0xe7, 0x9f, 0xe7, 0x9f, 0xe7, 0x7f, 0xe7, 0x7f, 0xe7, 0x9f, 0xe7,
    0x7f, 0xe7, 0x7f, 0xe7, 0x9f, 0xe7, 0x9f, 0xef, 0x9f, 0xe7, 0x9f, 0xe7,
    0x9f, 0xe7, 0x9f, 0xe7, 0x7f, 0xe7, 0x9f, 0xe7, 0x9f, 0xe7, 0x7f, 0xe7,
    0x9f, 0xef, 0x9f, 0xef, 0x9f, 0xe7, 0x9f, 0xe7, 0x9f, 0xef, 0x9f, 0xe7,
    0x9f, 0xef, 0x9f, 0xef, 0x9f, 0xef, 0x9f, 0xe7, 0xbf, 0xef, 0x9f, 0xef,
    0xbf, 0xef, 0xbf, 0xef, 0x9f, 0xe7, 0xbf, 0xef, 0x9f, 0xef, 0x9f, 0xef,
    0xbf, 0xef, 0xbf, 0xef, 0x9f, 0xe7, 0x9f, 0xef, 0xbf, 0xef, 0x9f, 0xef,
    0x9f, 0xef, 0xbf, 0xef, 0xbf, 0xef, 0xbf, 0xef, 0xbf, 0xef, 0xbf, 0xef,
    0xbf, 0xef, 0xbf, 0xef, 0xbf, 0xef, 0xbf, 0xef, 0xbf, 0xef, 0xbf, 0xef,
    0xbf, 0xf7, 0xbf, 0xef, 0xbf, 0xef, 0xbf, 0xf7, 0xbf, 0xef, 0xbf, 0xef,
    0xbf, 0xef, 0xbf, 0xef, 0xbf, 0xef, 0xbf, 0xef, 0xbf, 0xf7, 0xbf, 0xef,
    0xbf, 0xef, 0xdf, 0xf7, 0xbf, 0xef, 0xbf, 0xef, 0xbf, 0xf7, 0xdf, 0xf7,
    0xbf, 0xef, 0xbf, 0xef, 0xbf, 0xf7, 0xbf, 0xf7, 0xbf, 0xef, 0xbf, 0xef,
    0xbf, 0xf7, 0xbf, 0xf7, 0xdf, 0xef, 0xdf, 0xf7, 0xbf, 0xf7, 0xbf, 0xef,
    0xbf, 0xef, 0xbf, 0xf7, 0xbf, 0xef, 0xbf, 0xef, 0xbf, 0xef, 0xbf, 0xf7,
    0xbf, 0xef, 0xbf, 0xef, 0xbf, 0xf7, 0xbf, 0xef, 0xbf, 0xef, 0xbf, 0xef,
    0xbf, 0xef, 0xff, 0xff, 0xff, 0xff, 0xff, 0xff, 0xff, 0xff, 0xff, 0xff,
    0xff, 0xff, 0xff, 0xff, 0xff, 0xff, 0xff, 0xff, 0xff, 0xff, 0xbf, 0xf7,
    0x3f, 0xd7, 0x3f, 0xcf, 0x3f, 0xcf, 0x1e, 0xcf, 0x3f, 0xcf, 0x3f, 0xcf,
    0x3f, 0xcf, 0x1f, 0xcf, 0x3f, 0xcf, 0x3f, 0xd7, 0x5f, 0xd7, 0x5f, 0xd7,
    0x5f, 0xdf, 0x5f, 0xdf, 0x5f, 0xd7, 0x5f, 0xd7, 0x3f, 0xd7, 0x5f, 0xd7,
    0x5f, 0xd7, 0x3f, 0xd7, 0x3f, 0xd7, 0x3f, 0xd7, 0x5f, 0xd7, 0x5f, 0xd7,
    0x5f, 0xd7, 0x5f, 0xd7, 0x5f, 0xd7, 0x5f, 0xd7, 0x5f, 0xdf, 0x5f, 0xd7,
    0x5f, 0xd7, 0x5f, 0xd7, 0x5f, 0xd7, 0x3f, 0xd7, 0x3f, 0xcf, 0x3f, 0xcf,
    0x3f, 0xd7, 0x3f, 0xd7, 0x3f, 0xcf, 0x3f, 0xd7, 0x3f, 0xcf, 0x3e, 0xcf,
    0x3f, 0xd7, 0x3f, 0xcf, 0x3f, 0xcf, 0x3f, 0xd7, 0x5f, 0xdf, 0x7f, 0xdf,
    0x7f, 0xe7, 0x7f, 0xdf, 0x7f, 0xdf, 0x7f, 0xdf, 0x5f, 0xdf, 0x5f, 0xdf,
    0x7f, 0xdf, 0x5f, 0xdf, 0x7f, 0xdf, 0x5f, 0xdf, 0x5f, 0xdf, 0x7f, 0xdf,
    0x5f, 0xdf, 0x7f, 0xdf, 0x5f, 0xdf, 0x5f, 0xdf, 0x5f, 0xdf, 0x5f, 0xdf,
    0x5f, 0xd7, 0x5f, 0xdf, 0x7f, 0xdf, 0x5f, 0xdf, 0x5f, 0xdf, 0x7f, 0xdf,
    0x5f, 0xdf, 0x7f, 0xdf, 0x5f, 0xdf, 0x5f, 0xdf, 0x7f, 0xdf, 0x7f, 0xdf,
    0x7f, 0xdf, 0x9f, 0xe7, 0x7f, 0xdf, 0x7f, 0xdf, 0x7f, 0xdf, 0x7f, 0xdf,
    0x5f, 0xdf, 0x7f, 0xdf, 0x7f, 0xe7, 0x7f, 0xe7, 0x7f, 0xdf, 0x7f, 0xdf,
    0x7f, 0xdf, 0x7f, 0xdf, 0x7f, 0xdf, 0x5f, 0xe7, 0x7f, 0xdf, 0x7f, 0xdf,
    0x5f, 0xdf, 0x7f, 0xdf, 0x7f, 0xdf, 0x7f, 0xdf, 0x7f, 0xdf, 0x7f, 0xdf,
    0x7f, 0xe7, 0x7f, 0xdf, 0x7f, 0xdf, 0x7f, 0xe7, 0x7f, 0xdf, 0x7f, 0xe7,
    0x7f, 0xe7, 0x7f, 0xdf, 0x9f, 0xe7, 0x7f, 0xe7, 0x7f, 0xe7, 0x7f, 0xe7,
    0x7f, 0xe7, 0x9f, 0xdf, 0x9f, 0xe7, 0x7f, 0xe7, 0x9f, 0xe7, 0x9f, 0xdf,
    0x7f, 0xe7, 0x9f, 0xe7, 0x9f, 0xe7, 0x9f, 0xe7, 0x9f, 0xe7, 0x7f, 0xe7,
    0x9f, 0xe7, 0x7f, 0xe7, 0x9f, 0xe7, 0x9f, 0xe7, 0x7f, 0xe7, 0x9f, 0xe7,
    0x9f, 0xe7, 0x9f, 0xe7, 0x9f, 0xe7, 0x9f, 0xe7, 0x9f, 0xe7, 0x9f, 0xe7,
    0x7f, 0xe7, 0x9f, 0xef, 0x9f, 0xe7, 0x7f, 0xe7, 0x9f, 0xef, 0x9f, 0xe7,
    0x9f, 0xef, 0x9f, 0xe7, 0x9f, 0xef, 0x9f, 0xe7, 0x9f, 0xe7, 0x9f, 0xe7,
    0x9f, 0xef, 0x9f, 0xe7, 0x9f, 0xef, 0x9f, 0xe7, 0x9f, 0xe7, 0x9f, 0xef,
    0x9f, 0xe7, 0x9f, 0xe7, 0x9f, 0xef, 0xbf, 0xe7, 0x9f, 0xef, 0x9f, 0xef,
    0xbf, 0xe7, 0x9f, 0xef, 0x9f, 0xef, 0x9f, 0xe7, 0xbf, 0xef, 0x9f, 0xef,
    0xbf, 0xef, 0xbf, 0xef, 0x9f, 0xef, 0xbf, 0xef, 0xbf, 0xef, 0x9f, 0xef,
    0x9f, 0xef, 0xbf, 0xef, 0xbf, 0xef, 0x9f, 0xef, 0xbf, 0xef, 0x9f, 0xef,
    0x9f, 0xef, 0x9f, 0xef, 0x9f, 0xef, 0x9f, 0xef, 0xbf, 0xef, 0xbf, 0xef,
    0xbf, 0xef, 0xbf, 0xf7, 0xbf, 0xef, 0xbf, 0xef, 0xbf, 0xef, 0xbf, 0xef,
    0xbf, 0xef, 0xbf, 0xf7, 0xbf, 0xef, 0x9f, 0xef, 0xbf, 0xef, 0xbf, 0xf7,
    0xbf, 0xef, 0x9f, 0xef, 0xbf, 0xef, 0xbf, 0xf7, 0xbf, 0xef, 0x9f, 0xe7,
    0xbf, 0xef, 0xbf, 0xf7, 0xbf, 0xef, 0xbf, 0xef, 0xbf, 0xef, 0x9f, 0xef,
    0x7f, 0xe7, 0xbf, 0xef, 0xbf, 0xef, 0x9f, 0xe7, 0x9f, 0xef, 0xbf, 0xef,
    0xbf, 0xef, 0x7f, 0xe7, 0xbf, 0xef, 0xbf, 0xef, 0x9f, 0xe7, 0x7f, 0xdf,
    0xbf, 0xef, 0xbf, 0xef, 0x7f, 0xe7, 0x9f, 0xe7, 0xbf, 0xef, 0x9f, 0xef,
    0x7f, 0xdf, 0xff, 0xff, 0xff, 0xff, 0xff, 0xff, 0xff, 0xff, 0xff, 0xff,
    0xff, 0xff, 0xff, 0xff, 0xff, 0xff, 0xff, 0xff, 0xff, 0xff, 0xbf, 0xef,
    0x5f, 0xdf, 0x7f, 0xdf, 0x5f, 0xdf, 0x3f, 0xcf, 0x1f, 0xcf, 0x1f, 0xcf,
    0x3f, 0xcf, 0x3e, 0xcf, 0x3f, 0xcf, 0x3f, 0xcf, 0x3e, 0xcf, 0x3f, 0xcf,
    0x3f, 0xcf, 0x3f, 0xd7, 0x3f, 0xd7, 0x5f, 0xd7, 0x5f, 0xd7, 0x5f, 0xd7,
    0x5f, 0xd7, 0x5f, 0xd7, 0x5f, 0xd7, 0x5f, 0xd7, 0x5f, 0xd7, 0x5f, 0xd7,
    0x5f, 0xd7, 0x5f, 0xd7, 0x5f, 0xd7, 0x3f, 0xd7, 0x3f, 0xd7, 0x3f, 0xd7,
    0x3f, 0xcf, 0x3f, 0xcf, 0x3f, 0xcf, 0x3f, 0xd7, 0x3f, 0xd7, 0x3f, 0xcf,
    0x3f, 0xd7, 0x3f, 0xcf, 0x3f, 0xcf, 0x3f, 0xd7, 0x3f, 0xcf, 0x3f, 0xcf,
    0x3f, 0xcf, 0x5f, 0xd7, 0x7f, 0xdf, 0x7f, 0xe7, 0x7f, 0xdf, 0x7f, 0xdf,
    0x7f, 0xdf, 0x7f, 0xdf, 0x5f, 0xdf, 0x7f, 0xdf, 0x7f, 0xdf, 0x5f, 0xdf,
    0x7f, 0xdf, 0x7f, 0xdf, 0x5f, 0xdf, 0x7f, 0xdf, 0x7f, 0xdf, 0x5f, 0xdf,
    0x5f, 0xdf, 0x7f, 0xdf, 0x7f, 0xdf, 0x7f, 0xd7, 0x5f, 0xdf, 0x5f, 0xdf,
    0x5f, 0xdf, 0x5f, 0xdf, 0x7f, 0xdf, 0x5f, 0xdf, 0x7f, 0xdf, 0x7f, 0xdf,
    0x5f, 0xd7, 0x7f, 0xdf, 0x7f, 0xdf, 0x7f, 0xdf, 0x7f, 0xe7, 0x9f, 0xe7,
    0x7f, 0xdf, 0x5f, 0xdf, 0x7f, 0xdf, 0x7f, 0xdf, 0x7f, 0xdf, 0x7f, 0xdf,
    0x7f, 0xe7, 0x7f, 0xe7, 0x7f, 0xdf, 0x7f, 0xdf, 0x7f, 0xdf, 0x7f, 0xdf,
    0x7f, 0xdf, 0x7f, 0xdf, 0x7f, 0xe7, 0x7f, 0xdf, 0x7f, 0xdf, 0x7f, 0xe7,
    0x7f, 0xdf, 0x7f, 0xe7, 0x7f, 0xe7, 0x5f, 0xdf, 0x7f, 0xe7, 0x7f, 0xdf,
    0x7f, 0xdf, 0x7f, 0xe7, 0x7f, 0xdf, 0x7f, 0xdf, 0x7f, 0xe7, 0x7f, 0xe7,
    0x7f, 0xdf, 0x7f, 0xdf, 0x7f, 0xe7, 0x7f, 0xdf, 0x9f, 0xdf, 0x7f, 0xe7,
    0x9f, 0xdf, 0x9f, 0xe7, 0x7f, 0xe7, 0x9f, 0xe7, 0x7f, 0xe7, 0x7f, 0xe7,
    0x9f, 0xe7, 0x9f, 0xe7, 0x9f, 0xe7, 0x9f, 0xe7, 0x9f, 0xe7, 0x7f, 0xdf,
    0x7f, 0xe7, 0x9f, 0xe7, 0x7f, 0xe7, 0x9f, 0xe7, 0x9f, 0xe7, 0x9f, 0xe7,
    0x7f, 0xe7, 0x9f, 0xe7, 0x9f, 0xe7, 0x7f, 0xe7, 0x9f, 0xe7, 0x9f, 0xe7,
    0x9f, 0xe7, 0x9f, 0xe7, 0x9f, 0xe7, 0x9f, 0xe7, 0x9f, 0xef, 0x9f, 0xef,
    0x9f, 0xe7, 0x7f, 0xe7, 0x9f, 0xe7, 0x9f, 0xef, 0x9f, 0xe7, 0x9f, 0xe7,
    0x9f, 0xe7, 0x9f, 0xef, 0x9f, 0xe7, 0x9f, 0xef, 0x9f, 0xe7, 0x9f, 0xe7,
    0x9f, 0xe7, 0x9f, 0xef, 0x9f, 0xef, 0x9f, 0xe7, 0x9f, 0xef, 0x9f, 0xef,
    0x9f, 0xe7, 0xbf, 0xef, 0xbf, 0xef, 0xbf, 0xef, 0x9f, 0xe7, 0xbf, 0xef,
    0x9f, 0xe7, 0x9f, 0xef, 0xbf, 0xef, 0x9f, 0xef, 0xbf, 0xef, 0x9f, 0xe7,
    0xbf, 0xef, 0xbf, 0xef, 0xbf, 0xef, 0x9f, 0xef, 0xbf, 0xef, 0x9f, 0xef,
    0xbf, 0xef, 0xbf, 0xef, 0x9f, 0xef, 0x9f, 0xef, 0xbf, 0xef, 0xbf, 0xef,
    0x9f, 0xef, 0xbf, 0xef, 0xbf, 0xef, 0x9f, 0xef, 0xbf, 0xef, 0xbf, 0xef,
    0x9f, 0xef, 0xbf, 0xef, 0xbf, 0xef, 0x9f, 0xef, 0x9f, 0xe7, 0xbf, 0xf7,
    0xbf, 0xf7, 0x7f, 0xdf, 0xbf, 0xef, 0xbf, 0xf7, 0x9f, 0xef, 0x7f, 0xdf,
    0xbf, 0xf7, 0xdf, 0xf7, 0x7f, 0xdf, 0x7f, 0xe7, 0xbf, 0xef, 0x9f, 0xe7,
    0x5f, 0xdf, 0xdf, 0xef, 0xbf, 0xef, 0x5f, 0xdf, 0x7f, 0xdf, 0xdf, 0xf7,
    0xbf, 0xef, 0x3f, 0xd7, 0xbf, 0xef, 0xbf, 0xef, 0x5f, 0xdf, 0x3f, 0xd7,
    0xbf, 0xef, 0xbf, 0xef, 0x5f, 0xdf, 0x7f, 0xdf, 0x9f, 0xef, 0x9f, 0xef,
    0x5f, 0xdf, 0xff, 0xff, 0xff, 0xff, 0xff, 0xff, 0xff, 0xff, 0xff, 0xff,
    0xff, 0xff, 0xff, 0xff, 0xff, 0xff, 0xff, 0xff, 0xff, 0xff, 0xbf, 0xef,
    0x5f, 0xd7, 0x5f, 0xdf, 0x5f, 0xdf, 0x7f, 0xdf, 0x7f, 0xdf, 0x3f, 0xd7,
    0x3f, 0xcf, 0x3f, 0xcf, 0x3f, 0xcf, 0x3f, 0xcf, 0x3f, 0xd7, 0x3f, 0xcf,
    0x3f, 0xcf, 0x3f, 0xcf, 0x3f, 0xcf, 0x3f, 0xcf, 0x1f, 0xcf, 0x3f, 0xcf,
    0x3f, 0xcf, 0x3f, 0xcf, 0x3f, 0xcf, 0x1f, 0xcf, 0x3f, 0xcf, 0x3f, 0xcf,
    0x3f, 0xcf, 0x3f, 0xcf, 0x3f, 0xd7, 0x3f, 0xcf, 0x3f, 0xcf, 0x3e, 0xcf,
    0x3f, 0xd7, 0x3f, 0xcf, 0x3f, 0xcf, 0x3f, 0xd7, 0x3f, 0xcf, 0x3f, 0xd7,
    0x3f, 0xcf, 0x3f, 0xcf, 0x3f, 0xcf, 0x3f, 0xd7, 0x5f, 0xd7, 0x5f, 0xdf,
    0x7f, 0xdf, 0x7f, 0xe7, 0x7f, 0xdf, 0x7f, 0xdf, 0x7f, 0xdf, 0x7f, 0xdf,
    0x7f, 0xdf, 0x7f, 0xdf, 0x7f, 0xdf, 0x5f, 0xdf, 0x5f, 0xdf, 0x7f, 0xdf,
    0x7f, 0xdf, 0x7f, 0xdf, 0x5f, 0xdf, 0x5f, 0xdf, 0x7f, 0xdf, 0x5f, 0xdf,
    0x5f, 0xdf, 0x7f, 0xdf, 0x5f, 0xdf, 0x7f, 0xdf, 0x5f, 0xdf, 0x5f, 0xdf,
    0x7f, 0xdf, 0x5f, 0xdf, 0x7f, 0xdf, 0x5f, 0xdf, 0x7f, 0xdf, 0x5f, 0xdf,
    0x7f, 0xdf, 0x7f, 0xdf, 0x9f, 0xe7, 0x7f, 0xdf, 0x7f, 0xdf, 0x7f, 0xdf,
    0x7f, 0xdf, 0x7f, 0xdf, 0x7f, 0xe7, 0x7f, 0xe7, 0x7f, 0xdf, 0x7f, 0xe7,
    0x7f, 0xe7, 0x7f, 0xdf, 0x7f, 0xdf, 0x7f, 0xdf, 0x7f, 0xdf, 0x7f, 0xe7,
    0x5f, 0xdf, 0x7f, 0xdf, 0x7f, 0xdf, 0x5f, 0xdf, 0x7f, 0xdf, 0x7f, 0xe7,
    0x5f, 0xdf, 0x7f, 0xdf, 0x7f, 0xdf, 0x7f, 0xdf, 0x7f, 0xe7, 0x7f, 0xdf,
    0x7f, 0xdf, 0x7f, 0xe7, 0x7f, 0xdf, 0x7f, 0xe7, 0x7f, 0xdf, 0x7f, 0xdf,
    0x9f, 0xe7, 0x7f, 0xdf, 0x7f, 0xe7, 0x9f, 0xdf, 0x7f, 0xdf, 0x9f, 0xe7,
    0x7f, 0xe7, 0x7f, 0xe7, 0x7f, 0xdf, 0x9f, 0xdf, 0x9f, 0xe7, 0x9f, 0xe7,
    0x9f, 0xe7, 0x9f, 0xe7, 0x7f, 0xe7, 0x7f, 0xe7, 0x9f, 0xe7, 0x7f, 0xe7,
    0x9f, 0xe7, 0x9f, 0xe7, 0x9f, 0xe7, 0x9f, 0xe7, 0x9f, 0xe7, 0x9f, 0xe7,
    0x9f, 0xe7, 0x7f, 0xe7, 0x9f, 0xe7, 0x9f, 0xe7, 0x7f, 0xef, 0x9f, 0xe7,
    0x9f, 0xe7, 0x7f, 0xef, 0x9f, 0xe7, 0x9f, 0xe7, 0x9f, 0xe7, 0x9f, 0xe7,
    0x7f, 0xef, 0x9f, 0xe7, 0x9f, 0xe7, 0x9f, 0xef, 0x9f, 0xef, 0x9f, 0xe7,
    0x9f, 0xef, 0x9f, 0xe7, 0x9f, 0xe7, 0x9f, 0xef, 0x9f, 0xef, 0x9f, 0xe7,
    0x9f, 0xef, 0xbf, 0xef, 0xbf, 0xe7, 0x9f, 0xef, 0xbf, 0xe7, 0xbf, 0xef,
    0x9f, 0xef, 0xbf, 0xe7, 0x9f, 0xef, 0x9f, 0xef, 0xbf, 0xef, 0x9f, 0xef,
    0x9f, 0xe7, 0xbf, 0xef, 0x9f, 0xef, 0xbf, 0xef, 0x9f, 0xef, 0x9f, 0xef,
    0xbf, 0xef, 0xbf, 0xef, 0xbf, 0xef, 0xbf, 0xef, 0x9f, 0xef, 0xbf, 0xef,
    0xbf, 0xef, 0xbf, 0xef, 0xbf, 0xef, 0xbf, 0xef, 0xbf, 0xef, 0x9f, 0xef,
    0xbf, 0xef, 0xbf, 0xef, 0xbf, 0xef, 0xbf, 0xef, 0xbf, 0xef, 0xbf, 0xef,
    0xbf, 0xf7, 0xbf, 0xef, 0xbf, 0xef, 0xbf, 0xef, 0xbf, 0xef, 0xbf, 0xef,
    0xbf, 0xef, 0xbf, 0xef, 0xbf, 0xef, 0xbf, 0xef, 0xbf, 0xef, 0xbf, 0xf7,
    0xbf, 0xef, 0xbf, 0xf7, 0xbf, 0xef, 0xbf, 0xef, 0xbf, 0xef, 0xbf, 0xf7,
    0xbf, 0xf7, 0xbf, 0xef, 0xbf, 0xef, 0xbf, 0xef, 0xbf, 0xef, 0xbf, 0xef,
    0xbf, 0xf7, 0xbf, 0xf7, 0xbf, 0xef, 0x9f, 0xef, 0xbf, 0xef, 0xbf, 0xef,
    0xbf, 0xef, 0xbf, 0xef, 0xbf, 0xef, 0xbf, 0xef, 0x9f, 0xef, 0xbf, 0xef,
    0xbf, 0xef, 0xff, 0xff, 0xff, 0xff, 0xff, 0xff, 0xff, 0xff, 0xff, 0xff,
    0xff, 0xff, 0xff, 0xff, 0xff, 0xff, 0xff, 0xff, 0xff, 0xff, 0xbf, 0xef,
    0x5f, 0xd7, 0x5f, 0xdf, 0x5f, 0xdf, 0x5f, 0xdf, 0x5f, 0xdf, 0x7f, 0xdf,
    0x7f, 0xdf, 0x5f, 0xdf, 0x3f, 0xd7, 0x3f, 0xcf, 0x1f, 0xcf, 0x1e, 0xcf,
    0x1f, 0xcf, 0x3f, 0xcf, 0x3f, 0xcf, 0x3f, 0xcf, 0x3f, 0xcf, 0x3f, 0xcf,
    0x3e, 0xcf, 0x3f, 0xcf, 0x3f, 0xd7, 0x3f, 0xd7, 0x3f, 0xd7, 0x3e, 0xd7,
    0x3f, 0xd7, 0x3f, 0xd7, 0x3f, 0xcf, 0x3f, 0xd7, 0x3f, 0xcf, 0x3f, 0xcf,
    0x3f, 0xd7, 0x3f, 0xcf, 0x3e, 0xcf, 0x3f, 0xcf, 0x3f, 0xcf, 0x3f, 0xd7,
    0x5f, 0xd7, 0x5f, 0xd7, 0x7f, 0xdf, 0x7f, 0xe7, 0x7f, 0xe7, 0x7f, 0xdf,
    0x7f, 0xdf, 0x5f, 0xdf, 0x7f, 0xdf, 0x7f, 0xdf, 0x5f, 0xdf, 0x7f, 0xdf,
    0x5f, 0xdf, 0x7f, 0xdf, 0x7f, 0xdf, 0x7f, 0xdf, 0x7f, 0xdf, 0x7f, 0xdf,
    0x7f, 0xdf, 0x7f, 0xdf, 0x7f, 0xdf, 0x5f, 0xdf, 0x7f, 0xdf, 0x7f, 0xdf,
    0x5f, 0xdf, 0x5f, 0xdf, 0x7f, 0xdf, 0x5f, 0xdf, 0x7f, 0xdf, 0x5f, 0xdf,
    0x7f, 0xd7, 0x7f, 0xdf, 0x7f, 0xdf, 0x7f, 0xdf, 0x7f, 0xdf, 0x7f, 0xdf,
    0x7f, 0xe7, 0x7f, 0xe7, 0x7f, 0xdf, 0x5f, 0xdf, 0x7f, 0xdf, 0x7f, 0xdf,
    0x7f, 0xdf, 0x7f, 0xdf, 0x7f, 0xe7, 0x7f, 0xe7, 0x7f, 0xe7, 0x7f, 0xdf,
    0x7f, 0xdf, 0x7f, 0xdf, 0x7f, 0xdf, 0x7f, 0xdf, 0x7f, 0xdf, 0x7f, 0xdf,
    0x7f, 0xe7, 0x7f, 0xdf, 0x7f, 0xe7, 0x7f, 0xdf, 0x7f, 0xdf, 0x7f, 0xdf,
    0x7f, 0xdf, 0x7f, 0xdf, 0x7f, 0xdf, 0x7f, 0xe7, 0x7f, 0xdf, 0x7f, 0xdf,
    0x7f, 0xdf, 0x7f, 0xdf, 0x7f, 0xe7, 0x7f, 0xe7, 0x7f, 0xdf, 0x9f, 0xe7,
    0x7f, 0xe7, 0x7f, 0xdf, 0x9f, 0xe7, 0x7f, 0xe7, 0x7f, 0xdf, 0x7f, 0xe7,
    0x7f, 0xe7, 0x7f, 0xdf, 0x9f, 0xe7, 0x7f, 0xe7, 0x9f, 0xe7, 0x9f, 0xe7,
    0x9f, 0xdf, 0x7f, 0xe7, 0x7f, 0xe7, 0x9f, 0xe7, 0x7f, 0xe7, 0x9f, 0xe7,
    0x9f, 0xe7, 0x9f, 0xe7, 0x7f, 0xe7, 0x7f, 0xe7, 0x7f, 0xe7, 0x9f, 0xe7,
    0x9f, 0xe7, 0x9f, 0xef, 0x9f, 0xe7, 0x9f, 0xe7, 0x9f, 0xe7, 0x9f, 0xef,
    0x7f, 0xe7, 0x9f, 0xe7, 0x9f, 0xef, 0x9f, 0xe7, 0x9f, 0xe7, 0x9f, 0xe7,
    0x9f, 0xef, 0x9f, 0xe7, 0x9f, 0xe7, 0x9f, 0xe7, 0x9f, 0xe7, 0x9f, 0xef,
    0x9f, 0xe7, 0x9f, 0xe7, 0x9f, 0xe7, 0x9f, 0xe7, 0x9f, 0xe7, 0x9f, 0xef,
    0x9f, 0xef, 0xbf, 0xe7, 0x9f, 0xe7, 0x9f, 0xef, 0xbf, 0xef, 0xbf, 0xef,
    0x9f, 0xef, 0x9f, 0xe7, 0xbf, 0xef, 0x9f, 0xe7, 0x9f, 0xef, 0xbf, 0xef,
    0xbf, 0xef, 0x9f, 0xef, 0xbf, 0xef, 0x9f, 0xe7, 0xbf, 0xef, 0x9f, 0xef,
    0x9f, 0xef, 0x9f, 0xef, 0xbf, 0xef, 0xbf, 0xef, 0x9f, 0xef, 0x9f, 0xef,
    0x9f, 0xef, 0xbf, 0xef, 0xbf, 0xef, 0x9f, 0xef, 0xbf, 0xf7, 0xbf, 0xef,
    0xbf, 0xef, 0xbf, 0xef, 0x9f, 0xef, 0xbf, 0xef, 0xbf, 0xf7, 0x9f, 0xef,
    0xbf, 0xef, 0xbf, 0xef, 0xbf, 0xef, 0xbf, 0xf7, 0xbf, 0xf7, 0xbf, 0xef,
    0xbf, 0xef, 0xbf, 0xf7, 0xbf, 0xef, 0xbf, 0xef, 0xbf, 0xef, 0xdf, 0xf7,
    0xbf, 0xf7, 0xbf, 0xef, 0xbf, 0xef, 0xbf, 0xf7, 0xbf, 0xf7, 0xdf, 0xef,
    0xbf, 0xf7, 0xbf, 0xf7, 0xbf, 0xef, 0xbf, 0xf7, 0xbf, 0xf7, 0xbf, 0xef,
    0xbf, 0xef, 0xbf, 0xef, 0x9f, 0xef, 0xbf, 0xef, 0xbf, 0xef, 0xbf, 0xef,
    0xbf, 0xef, 0xbf, 0xef, 0xbf, 0xef, 0x9f, 0xef, 0xbf, 0xef, 0xbf, 0xef,
    0x9f, 0xef, 0xff, 0xff, 0xff, 0xff, 0xff, 0xff, 0xff, 0xff, 0xff, 0xff,
    0xff, 0xff, 0xff, 0xff, 0xff, 0xff, 0xff, 0xff, 0xff, 0xff, 0xbf, 0xf7,
    0x5f, 0xd7, 0x5f, 0xdf, 0x5f, 0xdf, 0x5f, 0xd7, 0x5f, 0xdf, 0x5f, 0xd7,
    0x5f, 0xdf, 0x5f, 0xdf, 0x7f, 0xdf, 0x7f, 0xdf, 0x7f, 0xdf, 0x5f, 0xd7,
    0x3f, 0xd7, 0x3f, 0xcf, 0x3e, 0xcf, 0x1f, 0xcf, 0x3f, 0xcf, 0x3f, 0xcf,
    0x1e, 0xcf, 0x3f, 0xcf, 0x3f, 0xcf, 0x3f, 0xcf, 0x3f, 0xcf, 0x3f, 0xcf,
    0x3f, 0xcf, 0x3f, 0xcf, 0x3e, 0xcf, 0x3f, 0xcf, 0x3f, 0xd7, 0x3f, 0xcf,
    0x3f, 0xd7, 0x3f, 0xd7, 0x5f, 0xd7, 0x5f, 0xdf, 0x7f, 0xdf, 0x7f, 0xdf,
    0x7f, 0xdf, 0x7f, 0xe7, 0x7f, 0xdf, 0x7f, 0xdf, 0x5f, 0xdf, 0x7f, 0xdf,
    0x7f, 0xdf, 0x7f, 0xdf, 0x7f, 0xdf, 0x7f, 0xdf, 0x7f, 0xdf, 0x7f, 0xdf,
    0x7f, 0xdf, 0x5f, 0xdf, 0x7f, 0xdf, 0x7f, 0xdf, 0x7f, 0xdf, 0x5f, 0xdf,
    0x5f, 0xdf, 0x7f, 0xdf, 0x7f, 0xdf, 0x5f, 0xdf, 0x5f, 0xdf, 0x7f, 0xdf,
    0x5f, 0xdf, 0x7f, 0xdf, 0x5f, 0xdf, 0x7f, 0xdf, 0x5f, 0xdf, 0x7f, 0xdf,
    0x5f, 0xdf, 0x5f, 0xdf, 0x7f, 0xdf, 0x7f, 0xdf, 0x7f, 0xe7, 0x7f, 0xdf,
    0x7f, 0xdf, 0x7f, 0xdf, 0x7f, 0xdf, 0x7f, 0xdf, 0x7f, 0xdf, 0x7f, 0xdf,
    0x7f, 0xe7, 0x7f, 0xe7, 0x7f, 0xdf, 0x7f, 0xdf, 0x7f, 0xdf, 0x7f, 0xdf,
    0x7f, 0xdf, 0x7f, 0xdf, 0x7f, 0xe7, 0x7f, 0xdf, 0x5f, 0xdf, 0x7f, 0xe7,
    0x7f, 0xdf, 0x7f, 0xdf, 0x7f, 0xdf, 0x5f, 0xe7, 0x7f, 0xdf, 0x7f, 0xdf,
    0x5f, 0xe7, 0x7f, 0xdf, 0x7f, 0xe7, 0x7f, 0xe7, 0x7f, 0xdf, 0x7f, 0xdf,
    0x7f, 0xe7, 0x7f, 0xdf, 0x7f, 0xdf, 0x7f, 0xe7, 0x7f, 0xdf, 0x7f, 0xdf,
    0x7f, 0xe7, 0x7f, 0xdf, 0x7f, 0xdf, 0x9f, 0xe7, 0x9f, 0xe7, 0x7f, 0xdf,
    0x7f, 0xe7, 0x9f, 0xe7, 0x9f, 0xe7, 0x7f, 0xe7, 0x9f, 0xe7, 0x9f, 0xe7,
    0x7f, 0xe7, 0x9f, 0xe7, 0x9f, 0xe7, 0x7f, 0xdf, 0x9f, 0xe7, 0x7f, 0xe7,
    0x9f, 0xe7, 0x9f, 0xe7, 0x9f, 0xe7, 0x9f, 0xe7, 0x9f, 0xe7, 0x9f, 0xe7,
    0x7f, 0xe7, 0x9f, 0xe7, 0x9f, 0xe7, 0x9f, 0xe7, 0x7f, 0xe7, 0x9f, 0xe7,
    0x9f, 0xef, 0x9f, 0xe7, 0x9f, 0xe7, 0x9f, 0xef, 0x9f, 0xef, 0x9f, 0xe7,
    0x9f, 0xe7, 0x9f, 0xe7, 0x9f, 0xef, 0x9f, 0xe7, 0x9f, 0xe7, 0x9f, 0xef,
    0x9f, 0xe7, 0x9f, 0xef, 0x9f, 0xef, 0x9f, 0xe7, 0x9f, 0xe7, 0xbf, 0xef,
    0x9f, 0xef, 0x9f, 0xe7, 0xbf, 0xef, 0x9f, 0xef, 0x9f, 0xef, 0xbf, 0xe7,
    0x9f, 0xef, 0x9f, 0xef, 0x9f, 0xef, 0xbf, 0xe7, 0x9f, 0xe7, 0xbf, 0xef,
    0x9f, 0xef, 0x9f, 0xe7, 0xbf, 0xef, 0xbf, 0xef, 0x9f, 0xef, 0xbf, 0xef,
    0xbf, 0xef, 0xbf, 0xef, 0x9f, 0xef, 0xbf, 0xef, 0xbf, 0xef, 0xbf, 0xef,
    0xbf, 0xef, 0xbf, 0xef, 0xbf, 0xef, 0xbf, 0xef, 0x9f, 0xef, 0xbf, 0xef,
    0xbf, 0xef, 0x9f, 0xef, 0xbf, 0xef, 0xbf, 0xef, 0xbf, 0xef, 0xbf, 0xef,
    0x9f, 0xef, 0x9f, 0xef, 0xbf, 0xf7, 0xbf, 0xef, 0xbf, 0xef, 0xbf, 0xef,
    0xbf, 0xef, 0xbf, 0xef, 0xbf, 0xef, 0xbf, 0xef, 0xbf, 0xef, 0x9f, 0xef,
    0xbf, 0xef, 0xbf, 0xef, 0x9f, 0xe7, 0xbf, 0xef, 0xbf, 0xf7, 0xbf, 0xef,
    0x9f, 0xe7, 0xbf, 0xef, 0xbf, 0xf7, 0x9f, 0xe7, 0x9f, 0xef, 0xbf, 0xef,
    0x9f, 0xef, 0x7f, 0xdf, 0x9f, 0xef, 0xbf, 0xef, 0x9f, 0xef, 0x9f, 0xef,
    0xbf, 0xf7, 0xbf, 0xef, 0x7f, 0xe7, 0x9f, 0xe7, 0xbf, 0xef, 0x9f, 0xef,
    0x7f, 0xdf, 0xff, 0xff, 0xff, 0xff, 0xff, 0xff, 0xff, 0xff, 0xff, 0xff,
    0xff, 0xff, 0xff, 0xff, 0xff, 0xff, 0xff, 0xff, 0xff, 0xff, 0xbf, 0xef,
    0x5f, 0xd7, 0x5f, 0xdf, 0x5f, 0xdf, 0x5f, 0xd7, 0x5f, 0xd7, 0x5f, 0xdf,
    0x5f, 0xdf, 0x5f, 0xd7, 0x5f, 0xd7, 0x5f, 0xdf, 0x5f, 0xdf, 0x7f, 0xdf,
    0x7f, 0xe7, 0x7f, 0xdf, 0x7f, 0xdf, 0x7f, 0xdf, 0x5f, 0xdf, 0x5f, 0xdf,
    0x5f, 0xd7, 0x5f, 0xd7, 0x3f, 0xd7, 0x5f, 0xd7, 0x5f, 0xd7, 0x3f, 0xd7,
    0x5f, 0xd7, 0x5f, 0xdf, 0x5f, 0xdf, 0x5f, 0xd7, 0x7f, 0xdf, 0x7f, 0xdf,
    0x7f, 0xdf, 0x7f, 0xdf, 0x7f, 0xdf, 0x7f, 0xe7, 0x7f, 0xdf, 0x7f, 0xdf,
    0x5f, 0xdf, 0x7f, 0xdf, 0x5f, 0xdf, 0x7f, 0xdf, 0x7f, 0xdf, 0x5f, 0xdf,
    0x7f, 0xdf, 0x7f, 0xdf, 0x5f, 0xe7, 0x5f, 0xdf, 0x7f, 0xdf, 0x7f, 0xdf,
    0x7f, 0xdf, 0x5f, 0xdf, 0x7f, 0xe7, 0x7f, 0xdf, 0x5f, 0xdf, 0x5f, 0xdf,
    0x7f, 0xdf, 0x7f, 0xdf, 0x7f, 0xdf, 0x7f, 0xdf, 0x5f, 0xdf, 0x7f, 0xdf,
    0x7f, 0xdf, 0x5f, 0xdf, 0x7f, 0xdf, 0x7f, 0xdf, 0x5f, 0xdf, 0x7f, 0xdf,
    0x7f, 0xdf, 0x7f, 0xdf, 0x9f, 0xe7, 0x7f, 0xdf, 0x7f, 0xdf, 0x7f, 0xdf,
    0x7f, 0xdf, 0x7f, 0xdf, 0x7f, 0xdf, 0x7f, 0xdf, 0x7f, 0xdf, 0x7f, 0xe7,
    0x7f, 0xdf, 0x7f, 0xdf, 0x7f, 0xdf, 0x7f, 0xdf, 0x7f, 0xdf, 0x7f, 0xdf,
    0x7f, 0xdf, 0x5f, 0xdf, 0x7f, 0xe7, 0x7f, 0xe7, 0x7f, 0xdf, 0x7f, 0xdf,
    0x5f, 0xdf, 0x7f, 0xdf, 0x7f, 0xdf, 0x7f, 0xdf, 0x7f, 0xe7, 0x5f, 0xdf,
    0x7f, 0xdf, 0x7f, 0xdf, 0x7f, 0xdf, 0x7f, 0xdf, 0x7f, 0xe7, 0x7f, 0xe7,
    0x7f, 0xdf, 0x7f, 0xdf, 0x7f, 0xdf, 0x7f, 0xe7, 0x9f, 0xe7, 0x9f, 0xdf,
    0x7f, 0xe7, 0x7f, 0xe7, 0x7f, 0xe7, 0x9f, 0xdf, 0x9f, 0xe7, 0x7f, 0xe7,
    0x7f, 0xdf, 0x9f, 0xe7, 0x7f, 0xdf, 0x7f, 0xdf, 0x7f, 0xe7, 0x7f, 0xe7,
    0x9f, 0xe7, 0x7f, 0xe7, 0x9f, 0xe7, 0x7f, 0xe7, 0x7f, 0xe7, 0x9f, 0xe7,
    0x9f, 0xe7, 0x7f, 0xe7, 0x9f, 0xe7, 0x9f, 0xe7, 0x9f, 0xe7, 0x9f, 0xe7,
    0x7f, 0xe7, 0x9f, 0xe7, 0x9f, 0xe7, 0x9f, 0xef, 0x9f, 0xe7, 0x9f, 0xe7,
    0x9f, 0xef, 0x9f, 0xe7, 0x9f, 0xe7, 0x9f, 0xe7, 0x9f, 0xe7, 0x9f, 0xef,
    0x9f, 0xe7, 0x9f, 0xe7, 0x9f, 0xef, 0x9f, 0xef, 0x9f, 0xe7, 0x9f, 0xe7,
    0x9f, 0xef, 0x9f, 0xe7, 0x9f, 0xef, 0x9f, 0xe7, 0x9f, 0xef, 0x9f, 0xe7,
    0x9f, 0xe7, 0x9f, 0xef, 0x9f, 0xef, 0xbf, 0xef, 0xbf, 0xe7, 0x9f, 0xe7,
    0x9f, 0xef, 0x9f, 0xef, 0x9f, 0xef, 0xbf, 0xef, 0xbf, 0xef, 0x9f, 0xef,
    0xbf, 0xef, 0x9f, 0xef, 0xbf, 0xef, 0xbf, 0xef, 0x9f, 0xef, 0x9f, 0xef,
    0xbf, 0xef, 0x9f, 0xef, 0x9f, 0xef, 0xbf, 0xef, 0xbf, 0xef, 0x9f, 0xef,
    0x9f, 0xef, 0xbf, 0xef, 0xbf, 0xef, 0x9f, 0xef, 0xbf, 0xef, 0xbf, 0xef,
    0x9f, 0xef, 0xbf, 0xef, 0xbf, 0xf7, 0x9f, 0xef, 0xbf, 0xef, 0xbf, 0xef,
    0x9f, 0xef, 0x9f, 0xef, 0xbf, 0xef, 0xbf, 0xef, 0x9f, 0xe7, 0xbf, 0xef,
    0xbf, 0xf7, 0x9f, 0xe7, 0xbf, 0xef, 0xbf, 0xf7, 0x9f, 0xef, 0x7f, 0xdf,
    0xbf, 0xef, 0xbf, 0xf7, 0x7f, 0xe7, 0x9f, 0xef, 0xbf, 0xef, 0x9f, 0xe7,
    0x5f, 0xdf, 0xbf, 0xef, 0xbf, 0xef, 0x7f, 0xdf, 0x9f, 0xe7, 0xbf, 0xef,
    0x9f, 0xe7, 0x5f, 0xd7, 0xbf, 0xef, 0xbf, 0xf7, 0x9f, 0xe7, 0x7f, 0xe7,
    0xbf, 0xf7, 0xbf, 0xef, 0x5f, 0xdf, 0x7f, 0xe7, 0xbf, 0xef, 0x9f, 0xef,
    0x7f, 0xdf, 0xff, 0xff, 0xff, 0xff, 0xff, 0xff, 0xff, 0xff, 0xff, 0xff,
    0xff, 0xff, 0xff, 0xff, 0xff, 0xff, 0xff, 0xff, 0xff, 0xff, 0xbf, 0xf7,
    0x5f, 0xd7, 0x5f, 0xd7, 0x5f, 0xdf, 0x7f, 0xdf, 0x5f, 0xdf, 0x5f, 0xdf,
    0x7f, 0xdf, 0x5f, 0xdf, 0x5f, 0xdf, 0x5f, 0xdf, 0x5f, 0xdf, 0x5f, 0xdf,
    0x5f, 0xdf, 0x5f, 0xdf, 0x5f, 0xdf, 0x5f, 0xdf, 0x7f, 0xdf, 0x7f, 0xdf,
    0x7f, 0xe7, 0x7f, 0xe7, 0x7f, 0xe7, 0x7f, 0xe7, 0x7f, 0xe7, 0x7f, 0xe7,
    0x7f, 0xe7, 0x7f, 0xe7, 0x7f, 0xdf, 0x7f, 0xdf, 0x7f, 0xdf, 0x7f, 0xdf,
    0x7f, 0xdf, 0x7f, 0xdf, 0x5f, 0xdf, 0x7f, 0xdf, 0x5f, 0xdf, 0x7f, 0xdf,
    0x5f, 0xdf, 0x7f, 0xdf, 0x5f, 0xdf, 0x5f, 0xdf, 0x7f, 0xdf, 0x5f, 0xdf,
    0x7f, 0xdf, 0x7f, 0xdf, 0x5f, 0xdf, 0x7f, 0xe7, 0x7f, 0xdf, 0x7f, 0xdf,
    0x7f, 0xdf, 0x7f, 0xdf, 0x7f, 0xdf, 0x7f, 0xdf, 0x7f, 0xdf, 0x5f, 0xdf,
    0x7f, 0xdf, 0x5f, 0xdf, 0x5f, 0xdf, 0x7f, 0xdf, 0x5f, 0xdf, 0x5f, 0xdf,
    0x7f, 0xdf, 0x5f, 0xdf, 0x7f, 0xdf, 0x7f, 0xdf, 0x7f, 0xdf, 0x9f, 0xe7,
    0x7f, 0xdf, 0x7f, 0xdf, 0x7f, 0xdf, 0x7f, 0xdf, 0x7f, 0xdf, 0x7f, 0xdf,
    0x7f, 0xdf, 0x7f, 0xdf, 0x7f, 0xe7, 0x7f, 0xe7, 0x7f, 0xdf, 0x7f, 0xdf,
    0x7f, 0xdf, 0x7f, 0xdf, 0x7f, 0xe7, 0x7f, 0xdf, 0x7f, 0xdf, 0x5f, 0xe7,
    0x7f, 0xdf, 0x7f, 0xdf, 0x7f, 0xdf, 0x7f, 0xdf, 0x7f, 0xdf, 0x5f, 0xdf,
    0x7f, 0xdf, 0x5f, 0xdf, 0x7f, 0xe7, 0x7f, 0xdf, 0x5f, 0xdf, 0x7f, 0xe7,
    0x7f, 0xdf, 0x7f, 0xdf, 0x7f, 0xdf, 0x7f, 0xdf, 0x7f, 0xdf, 0x7f, 0xe7,
    0x7f, 0xdf, 0x7f, 0xe7, 0x7f, 0xdf, 0x7f, 0xe7, 0x7f, 0xdf, 0x7f, 0xe7,
    0x9f, 0xe7, 0x7f, 0xdf, 0x7f, 0xe7, 0x9f, 0xe7, 0x7f, 0xdf, 0x7f, 0xe7,
    0x9f, 0xe7, 0x7f, 0xe7, 0x9f, 0xe7, 0x9f, 0xe7, 0x9f, 0xe7, 0x9f, 0xe7,
    0x7f, 0xdf, 0x9f, 0xe7, 0x9f, 0xe7, 0x7f, 0xe7, 0x9f, 0xe7, 0x9f, 0xe7,
    0x9f, 0xe7, 0x9f, 0xe7, 0x7f, 0xe7, 0x7f, 0xe7, 0x9f, 0xe7, 0x9f, 0xe7,
    0x9f, 0xe7, 0x7f, 0xe7, 0x9f, 0xef, 0x9f, 0xe7, 0x9f, 0xe7, 0x9f, 0xe7,
    0x9f, 0xe7, 0x9f, 0xe7, 0x9f, 0xe7, 0x9f, 0xe7, 0x9f, 0xe7, 0x9f, 0xe7,
    0x9f, 0xe7, 0x9f, 0xef, 0x9f, 0xe7, 0x9f, 0xe7, 0x9f, 0xef, 0x9f, 0xe7,
    0x9f, 0xe7, 0x9f, 0xef, 0x9f, 0xe7, 0x9f, 0xef, 0x9f, 0xef, 0x9f, 0xef,
    0xbf, 0xef, 0x9f, 0xef, 0x9f, 0xe7, 0xbf, 0xef, 0x9f, 0xef, 0x9f, 0xef,
    0x9f, 0xe7, 0x9f, 0xef, 0xbf, 0xef, 0x9f, 0xe7, 0x9f, 0xef, 0xbf, 0xef,
    0xbf, 0xef, 0x9f, 0xef, 0x9f, 0xef, 0xbf, 0xef, 0xbf, 0xe7, 0x9f, 0xef,
    0xbf, 0xef, 0xbf, 0xef, 0x9f, 0xef, 0x9f, 0xef, 0xbf, 0xef, 0xbf, 0xef,
    0xbf, 0xef, 0xbf, 0xef, 0xbf, 0xef, 0xbf, 0xef, 0x9f, 0xef, 0xbf, 0xef,
    0xbf, 0xf7, 0xbf, 0xef, 0x9f, 0xef, 0xbf, 0xf7, 0xbf, 0xef, 0xbf, 0xef,
    0xbf, 0xef, 0xbf, 0xef, 0xbf, 0xef, 0xbf, 0xf7, 0xbf, 0xef, 0x9f, 0xef,
    0xbf, 0xef, 0xbf, 0xf7, 0xbf, 0xf7, 0xbf, 0xef, 0xbf, 0xef, 0xbf, 0xef,
    0xbf, 0xef, 0xbf, 0xef, 0xbf, 0xf7, 0xbf, 0xef, 0xbf, 0xef, 0xbf, 0xef,
    0xbf, 0xef, 0xbf, 0xf7, 0xbf, 0xef, 0xbf, 0xf7, 0xbf, 0xef, 0xbf, 0xef,
    0xbf, 0xef, 0xbf, 0xef, 0xbf, 0xef, 0xbf, 0xef, 0xdf, 0xf7, 0xbf, 0xef,
    0xbf, 0xef, 0x9f, 0xef, 0xbf, 0xef, 0xbf, 0xef, 0x9f, 0xef, 0xbf, 0xef,
    0x9f, 0xef, 0xff, 0xff, 0xff, 0xff, 0xff, 0xff, 0xff, 0xff, 0xff, 0xff,
    0xff, 0xff, 0xff, 0xff, 0xff, 0xff, 0xff, 0xff, 0xff, 0xff, 0xbf, 0xf7,
    0x7f, 0xdf, 0x7f, 0xdf, 0x5f, 0xdf, 0x5f, 0xd7, 0x5f, 0xdf, 0x5f, 0xdf,
    0x5f, 0xd7, 0x5f, 0xd7, 0x5f, 0xdf, 0x5f, 0xdf, 0x5f, 0xd7, 0x5f, 0xdf,
    0x5f, 0xdf, 0x5f, 0xdf, 0x7f, 0xdf, 0x5f, 0xdf, 0x5f, 0xdf, 0x5f, 0xdf,
    0x5f, 0xdf, 0x5f, 0xdf, 0x5f, 0xdf, 0x5f, 0xdf, 0x5f, 0xdf, 0x5f, 0xdf,
    0x5f, 0xdf, 0x7f, 0xdf, 0x7f, 0xdf, 0x5f, 0xdf, 0x5f, 0xdf, 0x5f, 0xdf,
    0x5f, 0xdf, 0x5f, 0xdf, 0x7f, 0xdf, 0x5f, 0xdf, 0x7f, 0xdf, 0x5f, 0xdf,
    0x7f, 0xdf, 0x7f, 0xdf, 0x5f, 0xdf, 0x7f, 0xdf, 0x5f, 0xdf, 0x5f, 0xdf,
    0x7f, 0xdf, 0x7f, 0xdf, 0x5f, 0xdf, 0x5f, 0xdf, 0x5f, 0xdf, 0x5f, 0xdf,
    0x5f, 0xdf, 0x5f, 0xdf, 0x5f, 0xdf, 0x5f, 0xdf, 0x7f, 0xdf, 0x5f, 0xdf,
    0x7f, 0xdf, 0x7f, 0xdf, 0x5f, 0xdf, 0x7f, 0xdf, 0x7f, 0xdf, 0x7f, 0xdf,
    0x7f, 0xdf, 0x7f, 0xdf, 0x7f, 0xdf, 0x7f, 0xe7, 0x7f, 0xdf, 0x7f, 0xdf,
    0x5f, 0xdf, 0x5f, 0xdf, 0x7f, 0xdf, 0x7f, 0xdf, 0x7f, 0xdf, 0x7f, 0xdf,
    0x7f, 0xdf, 0x7f, 0xdf, 0x7f, 0xdf, 0x7f, 0xdf, 0x7f, 0xdf, 0x7f, 0xdf,
    0x7f, 0xdf, 0x7f, 0xdf, 0x7f, 0xdf, 0x7f, 0xdf, 0x5f, 0xdf, 0x7f, 0xdf,
    0x7f, 0xdf, 0x7f, 0xdf, 0x7f, 0xdf, 0x7f, 0xdf, 0x5f, 0xdf, 0x7f, 0xe7,
    0x7f, 0xdf, 0x5f, 0xdf, 0x7f, 0xe7, 0x7f, 0xdf, 0x7f, 0xdf, 0x7f, 0xdf,
    0x7f, 0xe7, 0x7f, 0xe7, 0x7f, 0xe7, 0x7f, 0xdf, 0x7f, 0xdf, 0x7f, 0xdf,
    0x7f, 0xe7, 0x7f, 0xdf, 0x7f, 0xe7, 0x7f, 0xe7, 0x7f, 0xdf, 0x7f, 0xdf,
    0x9f, 0xdf, 0x7f, 0xe7, 0x7f, 0xdf, 0x9f, 0xe7, 0x9f, 0xdf, 0x7f, 0xdf,
    0x9f, 0xe7, 0x7f, 0xe7, 0x7f, 0xe7, 0x9f, 0xdf, 0x7f, 0xe7, 0x9f, 0xe7,
    0x9f, 0xe7, 0x7f, 0xe7, 0x7f, 0xe7, 0x9f, 0xe7, 0x7f, 0xe7, 0x9f, 0xe7,
    0x7f, 0xe7, 0x7f, 0xe7, 0x9f, 0xe7, 0x9f, 0xe7, 0x7f, 0xe7, 0x9f, 0xe7,
    0x9f, 0xe7, 0x9f, 0xe7, 0x9f, 0xef, 0x7f, 0xe7, 0x9f, 0xe7, 0x9f, 0xef,
    0x9f, 0xe7, 0x7f, 0xef, 0x9f, 0xef, 0x9f, 0xe7, 0x7f, 0xef, 0x9f, 0xe7,
    0x9f, 0xef, 0x9f, 0xe7, 0x9f, 0xef, 0x9f, 0xe7, 0x9f, 0xe7, 0x9f, 0xef,
    0x9f, 0xe7, 0x9f, 0xef, 0x9f, 0xe7, 0x9f, 0xe7, 0x9f, 0xef, 0x9f, 0xef,
    0x9f, 0xe7, 0xbf, 0xe7, 0x9f, 0xef, 0x9f, 0xef, 0x9f, 0xe7, 0x9f, 0xef,
    0xbf, 0xef, 0xbf, 0xe7, 0x9f, 0xef, 0x9f, 0xef, 0xbf, 0xef, 0x9f, 0xef,
    0xbf, 0xe7, 0x9f, 0xef, 0xbf, 0xef, 0x9f, 0xef, 0x9f, 0xef, 0xbf, 0xef,
    0xbf, 0xef, 0xbf, 0xef, 0xbf, 0xef, 0x9f, 0xef, 0xbf, 0xef, 0xbf, 0xef,
    0xbf, 0xef, 0x9f, 0xef, 0xbf, 0xef, 0xbf, 0xef, 0xbf, 0xf7, 0x9f, 0xef,
    0xbf, 0xef, 0xbf, 0xef, 0xbf, 0xef, 0xbf, 0xef, 0xbf, 0xf7, 0xbf, 0xef,
    0xbf, 0xef, 0xbf, 0xf7, 0xbf, 0xef, 0xbf, 0xef, 0xbf, 0xef, 0xbf, 0xef,
    0xbf, 0xef, 0xbf, 0xf7, 0xbf, 0xf7, 0xbf, 0xef, 0xbf, 0xef, 0xbf, 0xef,
    0xbf, 0xef, 0xbf, 0xf7, 0xbf, 0xef, 0xbf, 0xef, 0xbf, 0xef, 0xbf, 0xef,
    0xbf, 0xf7, 0xbf, 0xf7, 0xbf, 0xef, 0xbf, 0xef, 0xbf, 0xef, 0xbf, 0xef,
    0xbf, 0xef, 0xbf, 0xf7, 0xbf, 0xef, 0xbf, 0xef, 0xbf, 0xef, 0xbf, 0xef,
    0x9f, 0xef, 0xbf, 0xef, 0xbf, 0xef, 0xbf, 0xef, 0x9f, 0xef, 0xbf, 0xef,
    0x9f, 0xef, 0xff, 0xff, 0xff, 0xff, 0xff, 0xff, 0xff, 0xff, 0xff, 0xff,
    0xff, 0xff, 0xff, 0xff, 0xff, 0xff, 0xff, 0xff, 0xff, 0xff, 0xbf, 0xf7,
    0x5f, 0xdf, 0x7f, 0xe7, 0x9f, 0xe7, 0x7f, 0xdf, 0x5f, 0xdf, 0x5f, 0xd7,
    0x7f, 0xdf, 0x5f, 0xdf, 0x5f, 0xdf, 0x7f, 0xdf, 0x5f, 0xd7, 0x5f, 0xdf,
    0x5f, 0xdf, 0x5f, 0xdf, 0x5f, 0xd7, 0x7f, 0xdf, 0x7f, 0xdf, 0x7f, 0xdf,
    0x5f, 0xdf, 0x7f, 0xdf, 0x7f, 0xd7, 0x5f, 0xdf, 0x7f, 0xdf, 0x7f, 0xdf,
    0x5f, 0xdf, 0x7f, 0xdf, 0x7f, 0xdf, 0x5f, 0xdf, 0x7f, 0xdf, 0x7f, 0xdf,
    0x5f, 0xdf, 0x7f, 0xdf, 0x7f, 0xdf, 0x5f, 0xdf, 0x7f, 0xdf, 0x5f, 0xdf,
    0x7f, 0xdf, 0x7f, 0xdf, 0x5f, 0xdf, 0x7f, 0xdf, 0x7f, 0xdf, 0x5f, 0xdf,
    0x5f, 0xdf, 0x7f, 0xdf, 0x7f, 0xdf, 0x5f, 0xdf, 0x7f, 0xdf, 0x7f, 0xdf,
    0x5f, 0xdf, 0x7f, 0xe7, 0x7f, 0xdf, 0x5f, 0xdf, 0x5f, 0xdf, 0x7f, 0xdf,
    0x7f, 0xdf, 0x7f, 0xdf, 0x7f, 0xdf, 0x7f, 0xdf, 0x7f, 0xdf, 0x7f, 0xe7,
    0x9f, 0xe7, 0x7f, 0xe7, 0x7f, 0xdf, 0x7f, 0xdf, 0x7f, 0xdf, 0x7f, 0xdf,
    0x7f, 0xdf, 0x5f, 0xdf, 0x7f, 0xdf, 0x7f, 0xdf, 0x7f, 0xdf, 0x7f, 0xe7,
    0x7f, 0xdf, 0x7f, 0xdf, 0x5f, 0xdf, 0x7f, 0xdf, 0x7f, 0xdf, 0x7f, 0xdf,
    0x7f, 0xdf, 0x5f, 0xdf, 0x7f, 0xdf, 0x7f, 0xdf, 0x7f, 0xdf, 0x7f, 0xdf,
    0x5f, 0xe7, 0x7f, 0xdf, 0x7f, 0xe7, 0x7f, 0xdf, 0x7f, 0xdf, 0x7f, 0xe7,
    0x5f, 0xdf, 0x7f, 0xdf, 0x7f, 0xdf, 0x7f, 0xdf, 0x7f, 0xdf, 0x7f, 0xe7,
    0x7f, 0xdf, 0x7f, 0xdf, 0x7f, 0xe7, 0x7f, 0xe7, 0x7f, 0xdf, 0x7f, 0xdf,
    0x7f, 0xdf, 0x7f, 0xdf, 0x7f, 0xe7, 0x7f, 0xdf, 0x9f, 0xe7, 0x7f, 0xe7,
    0x7f, 0xdf, 0x7f, 0xe7, 0x7f, 0xe7, 0x9f, 0xe7, 0x7f, 0xdf, 0x7f, 0xe7,
    0x9f, 0xdf, 0x7f, 0xdf, 0x7f, 0xe7, 0x9f, 0xe7, 0x9f, 0xe7, 0x9f, 0xe7,
    0x9f, 0xe7, 0x7f, 0xdf, 0x9f, 0xe7, 0x9f, 0xe7, 0x7f, 0xe7, 0x9f, 0xe7,
    0x9f, 0xe7, 0x9f, 0xe7, 0x7f, 0xe7, 0x9f, 0xe7, 0x9f, 0xe7, 0x9f, 0xe7,
    0x9f, 0xe7, 0x9f, 0xe7, 0x9f, 0xe7, 0x9f, 0xe7, 0x9f, 0xe7, 0x9f, 0xe7,
    0x9f, 0xe7, 0x9f, 0xe7, 0x9f, 0xe7, 0x9f, 0xe7, 0x9f, 0xe7, 0x9f, 0xef,
    0x9f, 0xe7, 0x9f, 0xe7, 0x9f, 0xef, 0x9f, 0xe7, 0x9f, 0xef, 0x9f, 0xe7,
    0x9f, 0xe7, 0x9f, 0xef, 0x9f, 0xef, 0x9f, 0xe7, 0xbf, 0xef, 0x9f, 0xef,
    0x9f, 0xe7, 0x9f, 0xe7, 0x9f, 0xef, 0xbf, 0xef, 0x9f, 0xef, 0x9f, 0xef,
    0x9f, 0xef, 0xbf, 0xef, 0x9f, 0xef, 0xbf, 0xef, 0xbf, 0xef, 0x9f, 0xef,
    0x9f, 0xef, 0xbf, 0xef, 0x9f, 0xef, 0xbf, 0xef, 0x9f, 0xef, 0x9f, 0xef,
    0x9f, 0xef, 0xbf, 0xef, 0xbf, 0xef, 0x9f, 0xef, 0xbf, 0xef, 0xbf, 0xef,
    0x9f, 0xef, 0xbf, 0xef, 0xbf, 0xef, 0x9f, 0xef, 0xbf, 0xf7, 0xbf, 0xef,
    0xbf, 0xef, 0xbf, 0xf7, 0xbf, 0xef, 0x9f, 0xef, 0xbf, 0xef, 0xbf, 0xef,
    0xbf, 0xef, 0xbf, 0xf7, 0xbf, 0xef, 0xbf, 0xef, 0x9f, 0xef, 0xbf, 0xef,
    0xbf, 0xf7, 0xbf, 0xef, 0xbf, 0xef, 0xbf, 0xef, 0xbf, 0xef, 0x9f, 0xef,
    0xbf, 0xf7, 0xbf, 0xef, 0x9f, 0xef, 0xbf, 0xef, 0xbf, 0xef, 0x9f, 0xef,
    0x9f, 0xef, 0xbf, 0xef, 0xbf, 0xef, 0x9f, 0xef, 0x9f, 0xef, 0xbf, 0xef,
    0xbf, 0xef, 0x9f, 0xef, 0xbf, 0xf7, 0xbf, 0xef, 0x9f, 0xef, 0x9f, 0xe7,
    0x9f, 0xef, 0xbf, 0xef, 0x9f, 0xe7, 0x9f, 0xef, 0xbf, 0xef, 0x9f, 0xef,
    0x9f, 0xe7, 0xff, 0xff, 0xff, 0xff, 0xff, 0xff, 0xff, 0xff, 0xff, 0xff,
    0xff, 0xff, 0xff, 0xff, 0xff, 0xff, 0xff, 0xff, 0xff, 0xff, 0xbf, 0xef,
    0x5f, 0xdf, 0x7f, 0xdf, 0x7f, 0xdf, 0x7f, 0xe7, 0x9f, 0xe7, 0x7f, 0xdf,
    0x7f, 0xdf, 0x5f, 0xdf, 0x5f, 0xdf, 0x7f, 0xdf, 0x5f, 0xdf, 0x5f, 0xd7,
    0x7f, 0xdf, 0x5f, 0xdf, 0x5f, 0xd7, 0x5f, 0xdf, 0x7f, 0xdf, 0x5f, 0xdf,
    0x5f, 0xdf, 0x5f, 0xd7, 0x7f, 0xdf, 0x5f, 0xdf, 0x7f, 0xdf, 0x7f, 0xdf,
    0x5f, 0xdf, 0x5f, 0xdf, 0x7f, 0xdf, 0x5f, 0xdf, 0x7f, 0xdf, 0x7f, 0xdf,
    0x5f, 0xdf, 0x5f, 0xdf, 0x7f, 0xdf, 0x7f, 0xdf, 0x5f, 0xdf, 0x7f, 0xdf,
    0x5f, 0xdf, 0x5f, 0xdf, 0x7f, 0xdf, 0x5f, 0xdf, 0x5f, 0xdf, 0x5f, 0xdf,
    0x7f, 0xdf, 0x5f, 0xdf, 0x5f, 0xdf, 0x7f, 0xdf, 0x7f, 0xdf, 0x5f, 0xdf,
    0x7f, 0xdf, 0x7f, 0xdf, 0x7f, 0xdf, 0x7f, 0xdf, 0x7f, 0xdf, 0x7f, 0xdf,
    0x7f, 0xe7, 0x7f, 0xe7, 0x7f, 0xe7, 0x7f, 0xe7, 0x7f, 0xe7, 0x7f, 0xdf,
    0x7f, 0xdf, 0x5f, 0xdf, 0x7f, 0xdf, 0x7f, 0xdf, 0x5f, 0xdf, 0x7f, 0xdf,
    0x7f, 0xdf, 0x7f, 0xdf, 0x7f, 0xdf, 0x7f, 0xe7, 0x5f, 0xdf, 0x5f, 0xdf,
    0x7f, 0xdf, 0x7f, 0xdf, 0x7f, 0xdf, 0x5f, 0xdf, 0x7f, 0xe7, 0x7f, 0xdf,
    0x5f, 0xdf, 0x7f, 0xe7, 0x5f, 0xe7, 0x7f, 0xdf, 0x7f, 0xdf, 0x5f, 0xdf,
    0x7f, 0xe7, 0x7f, 0xdf, 0x5f, 0xdf, 0x7f, 0xe7, 0x7f, 0xdf, 0x7f, 0xdf,
    0x5f, 0xdf, 0x7f, 0xdf, 0x7f, 0xe7, 0x7f, 0xdf, 0x7f, 0xdf, 0x7f, 0xdf,
    0x7f, 0xdf, 0x7f, 0xdf, 0x7f, 0xdf, 0x7f, 0xdf, 0x7f, 0xe7, 0x7f, 0xe7,
    0x7f, 0xdf, 0x7f, 0xe7, 0x7f, 0xdf, 0x7f, 0xdf, 0x7f, 0xe7, 0x7f, 0xdf,
    0x7f, 0xe7, 0x9f, 0xdf, 0x7f, 0xdf, 0x7f, 0xdf, 0x7f, 0xe7, 0x9f, 0xe7,
    0x7f, 0xe7, 0x9f, 0xe7, 0x7f, 0xe7, 0x7f, 0xe7, 0x9f, 0xe7, 0x9f, 0xe7,
    0x9f, 0xdf, 0x9f, 0xe7, 0x7f, 0xe7, 0x7f, 0xe7, 0x9f, 0xe7, 0x9f, 0xe7,
    0x9f, 0xe7, 0x9f, 0xe7, 0x9f, 0xe7, 0x9f, 0xe7, 0x9f, 0xe7, 0x9f, 0xe7,
    0x9f, 0xef, 0x9f, 0xe7, 0x7f, 0xe7, 0x9f, 0xef, 0x9f, 0xe7, 0x9f, 0xe7,
    0x9f, 0xef, 0x9f, 0xe7, 0x9f, 0xef, 0x9f, 0xe7, 0x9f, 0xe7, 0x9f, 0xef,
    0x9f, 0xe7, 0x9f, 0xe7, 0x9f, 0xef, 0x9f, 0xe7, 0x9f, 0xef, 0x9f, 0xe7,
    0x9f, 0xe7, 0x9f, 0xe7, 0x9f, 0xef, 0x9f, 0xef, 0x9f, 0xe7, 0xbf, 0xef,
    0x9f, 0xef, 0xbf, 0xef, 0x9f, 0xe7, 0x9f, 0xef, 0xbf, 0xe7, 0x9f, 0xef,
    0x9f, 0xe7, 0x9f, 0xef, 0xbf, 0xe7, 0x9f, 0xe7, 0xbf, 0xef, 0x9f, 0xef,
    0x9f, 0xe7, 0xbf, 0xef, 0xbf, 0xef, 0x9f, 0xe7, 0xbf, 0xef, 0xbf, 0xef,
    0x9f, 0xef, 0xbf, 0xef, 0xbf, 0xef, 0x9f, 0xef, 0xbf, 0xef, 0xbf, 0xef,
    0xbf, 0xef, 0xbf, 0xf7, 0xbf, 0xef, 0xbf, 0xef, 0xbf, 0xef, 0xbf, 0xef,
    0x9f, 0xef, 0xbf, 0xef, 0xbf, 0xef, 0x9f, 0xef, 0xbf, 0xef, 0xbf, 0xef,
    0x9f, 0xef, 0xbf, 0xef, 0xbf, 0xef, 0x9f, 0xef, 0x9f, 0xe7, 0xbf, 0xf7,
    0xbf, 0xef, 0x9f, 0xe7, 0xbf, 0xef, 0xbf, 0xef, 0xbf, 0xef, 0x9f, 0xe7,
    0xbf, 0xf7, 0xbf, 0xef, 0x7f, 0xe7, 0x9f, 0xef, 0xbf, 0xef, 0x9f, 0xef,
    0x7f, 0xe7, 0xbf, 0xef, 0xbf, 0xef, 0x7f, 0xe7, 0x9f, 0xe7, 0xbf, 0xf7,
    0xbf, 0xef, 0x7f, 0xe7, 0xbf, 0xf7, 0xbf, 0xef, 0x9f, 0xe7, 0x7f, 0xdf,
    0xbf, 0xef, 0xbf, 0xef, 0x9f, 0xe7, 0x9f, 0xe7, 0xbf, 0xef, 0x9f, 0xef,
    0x7f, 0xdf, 0xff, 0xff, 0xff, 0xff, 0xff, 0xff, 0xff, 0xff, 0xff, 0xff,
    0xff, 0xff, 0xff, 0xff, 0xff, 0xff, 0xff, 0xff, 0xff, 0xff, 0xbf, 0xef,
    0x5f, 0xdf, 0x7f, 0xdf, 0x7f, 0xdf, 0x5f, 0xdf, 0x7f, 0xdf, 0x7f, 0xe7,
    0x9f, 0xe7, 0x7f, 0xdf, 0x7f, 0xdf, 0x5f, 0xdf, 0x5f, 0xdf, 0x5f, 0xdf,
    0x5f, 0xdf, 0x7f, 0xdf, 0x5f, 0xdf, 0x5f, 0xdf, 0x7f, 0xdf, 0x7f, 0xdf,
    0x5f, 0xdf, 0x7f, 0xdf, 0x5f, 0xdf, 0x5f, 0xdf, 0x5f, 0xdf, 0x5f, 0xd7,
    0x7f, 0xdf, 0x5f, 0xdf, 0x5f, 0xdf, 0x7f, 0xdf, 0x5f, 0xdf, 0x5f, 0xdf,
    0x5f, 0xdf, 0x7f, 0xdf, 0x5f, 0xdf, 0x5f, 0xdf, 0x7f, 0xdf, 0x5f, 0xdf,
    0x5f, 0xdf, 0x7f, 0xdf, 0x5f, 0xdf, 0x5f, 0xdf, 0x5f, 0xdf, 0x5f, 0xdf,
    0x7f, 0xdf, 0x5f, 0xdf, 0x5f, 0xdf, 0x7f, 0xdf, 0x5f, 0xdf, 0x5f, 0xdf,
    0x5f, 0xdf, 0x5f, 0xdf, 0x7f, 0xdf, 0x7f, 0xe7, 0x7f, 0xe7, 0x7f, 0xe7,
    0x7f, 0xe7, 0x7f, 0xdf, 0x7f, 0xdf, 0x7f, 0xdf, 0x7f, 0xdf, 0x7f, 0xdf,
    0x5f, 0xdf, 0x7f, 0xdf, 0x5f, 0xdf, 0x7f, 0xdf, 0x7f, 0xdf, 0x7f, 0xdf,
    0x7f, 0xdf, 0x7f, 0xe7, 0x7f, 0xdf, 0x7f, 0xdf, 0x5f, 0xdf, 0x7f, 0xdf,
    0x7f, 0xe7, 0x5f, 0xdf, 0x7f, 0xdf, 0x7f, 0xdf, 0x5f, 0xdf, 0x7f, 0xdf,
    0x7f, 0xdf, 0x7f, 0xdf, 0x7f, 0xdf, 0x5f, 0xe7, 0x5f, 0xdf, 0x7f, 0xdf,
    0x7f, 0xdf, 0x5f, 0xdf, 0x5f, 0xdf, 0x7f, 0xdf, 0x7f, 0xdf, 0x5f, 0xdf,
    0x7f, 0xdf, 0x7f, 0xe7, 0x7f, 0xdf, 0x7f, 0xdf, 0x7f, 0xe7, 0x7f, 0xdf,
    0x7f, 0xdf, 0x7f, 0xe7, 0x7f, 0xdf, 0x7f, 0xe7, 0x7f, 0xe7, 0x7f, 0xdf,
    0x7f, 0xdf, 0x7f, 0xe7, 0x7f, 0xe7, 0x7f, 0xdf, 0x7f, 0xdf, 0x9f, 0xe7,
    0x7f, 0xdf, 0x7f, 0xe7, 0x7f, 0xdf, 0x7f, 0xe7, 0x7f, 0xe7, 0x9f, 0xdf,
    0x7f, 0xe7, 0x9f, 0xe7, 0x9f, 0xdf, 0x7f, 0xe7, 0x7f, 0xe7, 0x7f, 0xe7,
    0x9f, 0xe7, 0x9f, 0xe7, 0x9f, 0xe7, 0x7f, 0xe7, 0x9f, 0xe7, 0x9f, 0xe7,
    0x7f, 0xe7, 0x9f, 0xe7, 0x9f, 0xe7, 0x9f, 0xe7, 0x9f, 0xe7, 0x9f, 0xe7,
    0x7f, 0xe7, 0x9f, 0xe7, 0x9f, 0xe7, 0x9f, 0xef, 0x7f, 0xe7, 0x9f, 0xe7,
    0x9f, 0xef, 0x9f, 0xe7, 0x9f, 0xe7, 0x9f, 0xef, 0x9f, 0xe7, 0x9f, 0xef,
    0x9f, 0xe7, 0x9f, 0xef, 0x9f, 0xef, 0x9f, 0xe7, 0x9f, 0xef, 0x9f, 0xef,
    0x9f, 0xe7, 0x9f, 0xef, 0x9f, 0xef, 0xbf, 0xe7, 0x9f, 0xef, 0x9f, 0xef,
    0x9f, 0xe7, 0xbf, 0xef, 0x9f, 0xef, 0xbf, 0xe7, 0x9f, 0xef, 0xbf, 0xef,
    0x9f, 0xef, 0x9f, 0xe7, 0xbf, 0xef, 0x9f, 0xef, 0xbf, 0xef, 0x9f, 0xef,
    0x9f, 0xef, 0xbf, 0xef, 0x9f, 0xef, 0x9f, 0xef, 0xbf, 0xef, 0xbf, 0xef,
    0xbf, 0xef, 0xbf, 0xef, 0xbf, 0xef, 0xbf, 0xef, 0xbf, 0xef, 0x9f, 0xef,
    0xbf, 0xef, 0x9f, 0xef, 0xbf, 0xef, 0xbf, 0xf7, 0xbf, 0xef, 0xbf, 0xef,
    0xbf, 0xef, 0xbf, 0xef, 0xbf, 0xf7, 0xbf, 0xef, 0xbf, 0xef, 0xbf, 0xf7,
    0xbf, 0xf7, 0xbf, 0xef, 0xbf, 0xef, 0xbf, 0xef, 0xbf, 0xef, 0xbf, 0xef,
    0xbf, 0xef, 0xbf, 0xef, 0xbf, 0xef, 0xbf, 0xef, 0xbf, 0xf7, 0xbf, 0xf7,
    0xbf, 0xef, 0xbf, 0xef, 0xbf, 0xef, 0xbf, 0xef, 0xbf, 0xef, 0xbf, 0xef,
    0xbf, 0xef, 0xbf, 0xef, 0xbf, 0xef, 0xbf, 0xef, 0xbf, 0xef, 0xbf, 0xf7,
    0xbf, 0xf7, 0xdf, 0xf7, 0xbf, 0xef, 0xbf, 0xef, 0xbf, 0xef, 0xbf, 0xef,
    0xbf, 0xef, 0xbf, 0xef, 0xbf, 0xf7, 0xbf, 0xef, 0xbf, 0xef, 0xbf, 0xef,
    0x9f, 0xef, 0xdf, 0xff, 0xff, 0xff, 0xff, 0xff, 0xff, 0xff, 0xff, 0xff,
    0xff, 0xff, 0xff, 0xff, 0xff, 0xff, 0xff, 0xff, 0xff, 0xff, 0xbf, 0xf7,
    0x7f, 0xdf, 0x7f, 0xdf, 0x7f, 0xdf, 0x7f, 0xdf, 0x7f, 0xdf, 0x5f, 0xdf,
    0x7f, 0xdf, 0x7f, 0xdf, 0x9f, 0xe7, 0x9f, 0xe7, 0x7f, 0xdf, 0x7f, 0xdf,
    0x7f, 0xdf, 0x5f, 0xd7, 0x5f, 0xdf, 0x7f, 0xd7, 0x5f, 0xdf, 0x7f, 0xdf,
    0x5f, 0xd7, 0x7f, 0xdf, 0x7f, 0xdf, 0x5f, 0xdf, 0x5f, 0xdf, 0x5f, 0xdf,
    0x5f, 0xdf, 0x7f, 0xdf, 0x7f, 0xdf, 0x5f, 0xdf, 0x7f, 0xdf, 0x7f, 0xdf,
    0x7f, 0xdf, 0x5f, 0xdf, 0x7f, 0xdf, 0x5f, 0xdf, 0x7f, 0xdf, 0x5f, 0xdf,
    0x7f, 0xdf, 0x7f, 0xdf, 0x5f, 0xdf, 0x5f, 0xdf, 0x7f, 0xdf, 0x7f, 0xdf,
    0x5f, 0xdf, 0x7f, 0xdf, 0x5f, 0xdf, 0x5f, 0xdf, 0x7f, 0xdf, 0x7f, 0xdf,
    0x7f, 0xdf, 0x7f, 0xe7, 0x7f, 0xe7, 0x7f, 0xe7, 0x7f, 0xdf, 0x7f, 0xdf,
    0x7f, 0xdf, 0x7f, 0xdf, 0x7f, 0xdf, 0x7f, 0xdf, 0x7f, 0xdf, 0x7f, 0xdf,
    0x7f, 0xdf, 0x7f, 0xdf, 0x7f, 0xdf, 0x7f, 0xdf, 0x7f, 0xe7, 0x7f, 0xdf,
    0x7f, 0xdf, 0x5f, 0xdf, 0x7f, 0xdf, 0x5f, 0xdf, 0x7f, 0xdf, 0x7f, 0xdf,
    0x7f, 0xdf, 0x7f, 0xdf, 0x7f, 0xe7, 0x7f, 0xdf, 0x7f, 0xdf, 0x5f, 0xdf,
    0x7f, 0xe7, 0x7f, 0xdf, 0x5f, 0xdf, 0x5f, 0xdf, 0x7f, 0xdf, 0x7f, 0xe7,
    0x7f, 0xdf, 0x7f, 0xdf, 0x7f, 0xdf, 0x7f, 0xdf, 0x7f, 0xe7, 0x7f, 0xdf,
    0x7f, 0xdf, 0x7f, 0xdf, 0x7f, 0xdf, 0x5f, 0xdf, 0x7f, 0xdf, 0x7f, 0xe7,
    0x7f, 0xdf, 0x7f, 0xdf, 0x7f, 0xe7, 0x7f, 0xdf, 0x7f, 0xdf, 0x7f, 0xe7,
    0x7f, 0xdf, 0x7f, 0xdf, 0x7f, 0xdf, 0x7f, 0xe7, 0x7f, 0xe7, 0x9f, 0xe7,
    0x9f, 0xe7, 0x7f, 0xe7, 0x7f, 0xe7, 0x9f, 0xe7, 0x9f, 0xe7, 0x9f, 0xe7,
    0x7f, 0xdf, 0x9f, 0xe7, 0x9f, 0xe7, 0x9f, 0xe7, 0x7f, 0xe7, 0x9f, 0xe7,
    0x9f, 0xe7, 0x9f, 0xe7, 0x9f, 0xe7, 0x9f, 0xe7, 0x9f, 0xe7, 0x9f, 0xe7,
    0x9f, 0xe7, 0x9f, 0xe7, 0x7f, 0xe7, 0x7f, 0xe7, 0x9f, 0xe7, 0x9f, 0xe7,
    0x9f, 0xe7, 0x7f, 0xef, 0x9f, 0xe7, 0x9f, 0xe7, 0x9f, 0xe7, 0x9f, 0xe7,
    0x9f, 0xe7, 0x9f, 0xe7, 0x7f, 0xe7, 0x9f, 0xef, 0x9f, 0xe7, 0x9f, 0xe7,
    0x9f, 0xe7, 0x9f, 0xe7, 0x9f, 0xef, 0x9f, 0xe7, 0x9f, 0xe7, 0x9f, 0xef,
    0x9f, 0xef, 0x9f, 0xe7, 0xbf, 0xef, 0x9f, 0xe7, 0x9f, 0xef, 0x9f, 0xe7,
    0xbf, 0xef, 0xbf, 0xef, 0x9f, 0xef, 0x9f, 0xef, 0x9f, 0xe7, 0xbf, 0xef,
    0xbf, 0xef, 0x9f, 0xe7, 0xbf, 0xef, 0x9f, 0xef, 0xbf, 0xef, 0xbf, 0xe7,
    0x9f, 0xef, 0xbf, 0xef, 0x9f, 0xef, 0xbf, 0xef, 0x9f, 0xef, 0x9f, 0xef,
    0x9f, 0xef, 0xbf, 0xef, 0xbf, 0xef, 0x9f, 0xef, 0x9f, 0xef, 0xbf, 0xef,
    0xbf, 0xef, 0x9f, 0xef, 0x9f, 0xef, 0xbf, 0xef, 0x9f, 0xf7, 0xbf, 0xef,
    0xbf, 0xf7, 0xbf, 0xef, 0xbf, 0xef, 0xbf, 0xef, 0xbf, 0xef, 0xbf, 0xef,
    0xbf, 0xef, 0x9f, 0xef, 0xbf, 0xf7, 0xbf, 0xf7, 0xbf, 0xef, 0xbf, 0xef,
    0xbf, 0xf7, 0xbf, 0xf7, 0xbf, 0xef, 0xbf, 0xef, 0xbf, 0xf7, 0xbf, 0xef,
    0xbf, 0xef, 0xbf, 0xef, 0xbf, 0xef, 0xbf, 0xf7, 0xbf, 0xf7, 0xbf, 0xef,
    0xbf, 0xf7, 0xbf, 0xef, 0xbf, 0xf7, 0xbf, 0xef, 0xbf, 0xef, 0xbf, 0xef,
    0xbf, 0xef, 0xbf, 0xef, 0xbf, 0xef, 0xbf, 0xef, 0xbf, 0xef, 0xbf, 0xef,
    0xbf, 0xef, 0xbf, 0xef, 0xbf, 0xef, 0xbf, 0xef, 0x9f, 0xef, 0xbf, 0xef,
    0xbf, 0xef, 0xff, 0xff, 0xff, 0xff, 0xff, 0xff, 0xff, 0xff, 0xff, 0xff,
    0xff, 0xff, 0xff, 0xff, 0xff, 0xff, 0xff, 0xff, 0xff, 0xff, 0xbf, 0xef,
    0x7f, 0xdf, 0x7f, 0xdf, 0x7f, 0xdf, 0x7f, 0xdf, 0x5f, 0xdf, 0x7f, 0xdf,
    0x5f, 0xdf, 0x5f, 0xdf, 0x7f, 0xdf, 0x7f, 0xdf, 0x7f, 0xdf, 0x9f, 0xe7,
    0x9f, 0xe7, 0x9f, 0xe7, 0x7f, 0xe7, 0x7f, 0xdf, 0x7f, 0xdf, 0x5f, 0xdf,
    0x5f, 0xd7, 0x7f, 0xdf, 0x7f, 0xdf, 0x7f, 0xdf, 0x7f, 0xdf, 0x7f, 0xdf,
    0x5f, 0xdf, 0x7f, 0xdf, 0x5f, 0xdf, 0x5f, 0xdf, 0x7f, 0xdf, 0x5f, 0xdf,
    0x5f, 0xdf, 0x7f, 0xdf, 0x7f, 0xdf, 0x5f, 0xdf, 0x5f, 0xdf, 0x7f, 0xdf,
    0x7f, 0xdf, 0x5f, 0xdf, 0x5f, 0xdf, 0x5f, 0xdf, 0x7f, 0xdf, 0x5f, 0xdf,
    0x7f, 0xdf, 0x7f, 0xdf, 0x7f, 0xdf, 0x7f, 0xe7, 0x7f, 0xe7, 0x7f, 0xe7,
    0x7f, 0xe7, 0x7f, 0xdf, 0x7f, 0xdf, 0x5f, 0xdf, 0x5f, 0xdf, 0x7f, 0xdf,
    0x7f, 0xdf, 0x7f, 0xdf, 0x5f, 0xdf, 0x7f, 0xdf, 0x7f, 0xdf, 0x5f, 0xe7,
    0x7f, 0xdf, 0x7f, 0xdf, 0x7f, 0xdf, 0x5f, 0xdf, 0x7f, 0xdf, 0x7f, 0xdf,
    0x7f, 0xdf, 0x7f, 0xdf, 0x7f, 0xdf, 0x7f, 0xdf, 0x7f, 0xe7, 0x5f, 0xdf,
    0x7f, 0xdf, 0x7f, 0xdf, 0x5f, 0xdf, 0x7f, 0xdf, 0x7f, 0xe7, 0x7f, 0xdf,
    0x7f, 0xdf, 0x7f, 0xdf, 0x5f, 0xdf, 0x7f, 0xdf, 0x5f, 0xdf, 0x7f, 0xdf,
    0x7f, 0xdf, 0x5f, 0xdf, 0x7f, 0xdf, 0x7f, 0xe7, 0x7f, 0xdf, 0x7f, 0xdf,
    0x7f, 0xe7, 0x7f, 0xe7, 0x7f, 0xdf, 0x7f, 0xdf, 0x7f, 0xdf, 0x7f, 0xdf,
    0x7f, 0xdf, 0x7f, 0xe7, 0x7f, 0xdf, 0x7f, 0xe7, 0x7f, 0xdf, 0x7f, 0xe7,
    0x7f, 0xe7, 0x7f, 0xdf, 0x7f, 0xdf, 0x9f, 0xe7, 0x7f, 0xdf, 0x9f, 0xdf,
    0x9f, 0xe7, 0x9f, 0xdf, 0x9f, 0xe7, 0x7f, 0xe7, 0x7f, 0xdf, 0x9f, 0xe7,
    0x7f, 0xe7, 0x9f, 0xe7, 0x9f, 0xe7, 0x9f, 0xe7, 0x7f, 0xe7, 0x9f, 0xe7,
    0x9f, 0xe7, 0x7f, 0xe7, 0x7f, 0xe7, 0x9f, 0xe7, 0x9f, 0xe7, 0x9f, 0xe7,
    0x9f, 0xe7, 0x9f, 0xe7, 0x9f, 0xe7, 0x9f, 0xe7, 0x9f, 0xe7, 0x9f, 0xe7,
    0x9f, 0xef, 0x9f, 0xe7, 0x9f, 0xe7, 0x9f, 0xef, 0x9f, 0xe7, 0x9f, 0xef,
    0x9f, 0xe7, 0x9f, 0xe7, 0x9f, 0xef, 0x9f, 0xe7, 0x9f, 0xe7, 0x9f, 0xe7,
    0x9f, 0xe7, 0x9f, 0xef, 0x9f, 0xef, 0x9f, 0xe7, 0x9f, 0xe7, 0x9f, 0xe7,
    0x9f, 0xef, 0x9f, 0xef, 0x9f, 0xe7, 0x9f, 0xef, 0x9f, 0xef, 0x9f, 0xe7,
    0x9f, 0xef, 0xbf, 0xef, 0xbf, 0xef, 0x9f, 0xef, 0xbf, 0xef, 0x9f, 0xef,
    0xbf, 0xef, 0x9f, 0xef, 0x9f, 0xef, 0xbf, 0xef, 0x9f, 0xef, 0x9f, 0xef,
    0xbf, 0xef, 0x9f, 0xef, 0xbf, 0xef, 0xbf, 0xef, 0xbf, 0xef, 0xbf, 0xef,
    0x9f, 0xef, 0xbf, 0xef, 0xbf, 0xef, 0xbf, 0xef, 0x9f, 0xef, 0xbf, 0xef,
    0xbf, 0xef, 0x9f, 0xef, 0xbf, 0xef, 0x9f, 0xef, 0xbf, 0xef, 0xbf, 0xef,
    0xbf, 0xef, 0xbf, 0xf7, 0x9f, 0xef, 0xbf, 0xef, 0xbf, 0xf7, 0xbf, 0xef,
    0xbf, 0xef, 0xbf, 0xef, 0xbf, 0xef, 0xbf, 0xf7, 0xbf, 0xef, 0xbf, 0xef,
    0xbf, 0xef, 0xbf, 0xef, 0xbf, 0xf7, 0xbf, 0xef, 0xbf, 0xef, 0x9f, 0xef,
    0xbf, 0xf7, 0xbf, 0xf7, 0xbf, 0xef, 0xbf, 0xef, 0xbf, 0xef, 0xbf, 0xef,
    0x9f, 0xef, 0xbf, 0xf7, 0xbf, 0xef, 0xbf, 0xef, 0xbf, 0xef, 0xbf, 0xef,
    0xbf, 0xef, 0x9f, 0xef, 0xbf, 0xef, 0xbf, 0xef, 0xbf, 0xef, 0xbf, 0xef,
    0xbf, 0xf7, 0xbf, 0xf7, 0x9f, 0xef, 0x9f, 0xef, 0xbf, 0xef, 0x9f, 0xef,
    0x9f, 0xe7, 0xff, 0xff, 0xff, 0xff, 0xff, 0xff, 0xff, 0xff, 0xff, 0xff,
    0xff, 0xff, 0xff, 0xff, 0xff, 0xff, 0xff, 0xff, 0xff, 0xff, 0xbf, 0xef,
    0x5f, 0xdf, 0x7f, 0xdf, 0x7f, 0xdf, 0x5f, 0xdf, 0x5f, 0xdf, 0x7f, 0xdf,
    0x7f, 0xdf, 0x5f, 0xdf, 0x7f, 0xdf, 0x7f, 0xdf, 0x5f, 0xdf, 0x5f, 0xdf,
    0x7f, 0xdf, 0x7f, 0xdf, 0x7f, 0xe7, 0x9f, 0xe7, 0x9f, 0xe7, 0x9f, 0xe7,
    0x7f, 0xe7, 0x7f, 0xdf, 0x7f, 0xdf, 0x7f, 0xdf, 0x7f, 0xdf, 0x7f, 0xdf,
    0x7f, 0xdf, 0x5f, 0xdf, 0x5f, 0xdf, 0x7f, 0xdf, 0x5f, 0xdf, 0x7f, 0xdf,
    0x5f, 0xdf, 0x5f, 0xdf, 0x7f, 0xdf, 0x7f, 0xdf, 0x7f, 0xdf, 0x7f, 0xdf,
    0x7f, 0xdf, 0x7f, 0xdf, 0x7f, 0xdf, 0x7f, 0xdf, 0x7f, 0xdf, 0x7f, 0xdf,
    0x7f, 0xdf, 0x7f, 0xe7, 0x7f, 0xdf, 0x7f, 0xdf, 0x7f, 0xdf, 0x7f, 0xdf,
    0x7f, 0xdf, 0x7f, 0xdf, 0x7f, 0xdf, 0x5f, 0xdf, 0x7f, 0xdf, 0x5f, 0xdf,
    0x7f, 0xdf, 0x7f, 0xdf, 0x5f, 0xdf, 0x7f, 0xe7, 0x7f, 0xdf, 0x7f, 0xdf,
    0x5f, 0xdf, 0x7f, 0xdf, 0x7f, 0xdf, 0x5f, 0xdf, 0x7f, 0xdf, 0x7f, 0xe7,
    0x5f, 0xdf, 0x7f, 0xdf, 0x5f, 0xdf, 0x7f, 0xdf, 0x7f, 0xdf, 0x5f, 0xdf,
    0x7f, 0xdf, 0x7f, 0xdf, 0x5f, 0xdf, 0x7f, 0xdf, 0x7f, 0xdf, 0x5f, 0xdf,
    0x5f, 0xdf, 0x7f, 0xe7, 0x5f, 0xdf, 0x7f, 0xdf, 0x5f, 0xdf, 0x5f, 0xdf,
    0x7f, 0xdf, 0x7f, 0xdf, 0x5f, 0xdf, 0x7f, 0xdf, 0x7f, 0xdf, 0x5f, 0xdf,
    0x7f, 0xdf, 0x7f, 0xe7, 0x7f, 0xdf, 0x7f, 0xe7, 0x7f, 0xe7, 0x7f, 0xdf,
    0x7f, 0xe7, 0x7f, 0xdf, 0x7f, 0xe7, 0x7f, 0xdf, 0x7f, 0xe7, 0x9f, 0xdf,
    0x7f, 0xdf, 0x7f, 0xdf, 0x7f, 0xe7, 0x7f, 0xe7, 0x9f, 0xdf, 0x7f, 0xe7,
    0x7f, 0xe7, 0x7f, 0xdf, 0x7f, 0xe7, 0x7f, 0xe7, 0x9f, 0xe7, 0x9f, 0xe7,
    0x9f, 0xe7, 0x9f, 0xe7, 0x7f, 0xe7, 0x7f, 0xe7, 0x9f, 0xe7, 0x9f, 0xe7,
    0x9f, 0xe7, 0x7f, 0xe7, 0x9f, 0xe7, 0x9f, 0xe7, 0x7f, 0xe7, 0x9f, 0xe7,
    0x9f, 0xe7, 0x9f, 0xe7, 0x9f, 0xe7, 0x9f, 0xe7, 0x9f, 0xe7, 0x7f, 0xe7,
    0x9f, 0xe7, 0x9f, 0xe7, 0x9f, 0xe7, 0x9f, 0xe7, 0x9f, 0xef, 0x9f, 0xe7,
    0x9f, 0xe7, 0x9f, 0xef, 0x9f, 0xe7, 0x9f, 0xe7, 0x9f, 0xef, 0x9f, 0xe7,
    0x9f, 0xe7, 0x9f, 0xef, 0x9f, 0xe7, 0x9f, 0xe7, 0x9f, 0xef, 0x9f, 0xef,
    0x9f, 0xe7, 0xbf, 0xef, 0x9f, 0xef, 0x9f, 0xe7, 0xbf, 0xe7, 0x9f, 0xef,
    0x9f, 0xef, 0x9f, 0xe7, 0xbf, 0xef, 0x9f, 0xe7, 0x9f, 0xef, 0xbf, 0xef,
    0x9f, 0xe7, 0x9f, 0xef, 0xbf, 0xef, 0x9f, 0xef, 0x9f, 0xef, 0xbf, 0xef,
    0xbf, 0xef, 0x9f, 0xe7, 0x9f, 0xef, 0xbf, 0xef, 0xbf, 0xef, 0xbf, 0xef,
    0xbf, 0xef, 0x9f, 0xef, 0x9f, 0xef, 0x9f, 0xef, 0xbf, 0xef, 0xbf, 0xef,
    0x9f, 0xef, 0xbf, 0xef, 0xbf, 0xef, 0xbf, 0xef, 0xbf, 0xf7, 0xbf, 0xef,
    0xbf, 0xef, 0xbf, 0xef, 0xbf, 0xef, 0x9f, 0xef, 0xbf, 0xf7, 0xbf, 0xf7,
    0x9f, 0xef, 0xbf, 0xef, 0xbf, 0xef, 0xbf, 0xef, 0x9f, 0xef, 0xbf, 0xf7,
    0xbf, 0xef, 0x9f, 0xe7, 0xbf, 0xef, 0xbf, 0xf7, 0xbf, 0xef, 0x9f, 0xe7,
    0xbf, 0xef, 0xbf, 0xf7, 0x9f, 0xef, 0x9f, 0xef, 0xbf, 0xef, 0x9f, 0xef,
    0x9f, 0xe7, 0xbf, 0xef, 0xbf, 0xef, 0x9f, 0xe7, 0x9f, 0xef, 0xbf, 0xf7,
    0xbf, 0xef, 0x7f, 0xe7, 0xbf, 0xef, 0xbf, 0xf7, 0xbf, 0xef, 0x9f, 0xef,
    0xbf, 0xf7, 0xbf, 0xef, 0x9f, 0xe7, 0x9f, 0xe7, 0xbf, 0xef, 0x9f, 0xef,
    0x7f, 0xe7, 0xff, 0xff, 0xff, 0xff, 0xff, 0xff, 0xff, 0xff, 0xff, 0xff,
    0xff, 0xff, 0xff, 0xff, 0xff, 0xff, 0xff, 0xff, 0xff, 0xff, 0xbf, 0xf7,
    0x7f, 0xdf, 0x7f, 0xdf, 0x7f, 0xdf, 0x7f, 0xdf, 0x5f, 0xdf, 0x7f, 0xdf,
    0x7f, 0xdf, 0x7f, 0xdf, 0x5f, 0xdf, 0x7f, 0xdf, 0x5f, 0xdf, 0x7f, 0xdf,
    0x7f, 0xdf, 0x5f, 0xdf, 0x5f, 0xdf, 0x5f, 0xdf, 0x7f, 0xdf, 0x7f, 0xdf,
    0x7f, 0xdf, 0x7f, 0xdf, 0x7f, 0xe7, 0x7f, 0xe7, 0x7f, 0xe7, 0x7f, 0xe7,
    0x9f, 0xe7, 0x7f, 0xdf, 0x7f, 0xe7, 0x7f, 0xe7, 0x7f, 0xdf, 0x9f, 0xe7,
    0x9f, 0xe7, 0x7f, 0xe7, 0x7f, 0xe7, 0x7f, 0xe7, 0x7f, 0xdf, 0x7f, 0xe7,
    0x7f, 0xdf, 0x7f, 0xdf, 0x7f, 0xdf, 0x7f, 0xdf, 0x7f, 0xdf, 0x7f, 0xdf,
    0x7f, 0xdf, 0x7f, 0xdf, 0x7f, 0xdf, 0x7f, 0xdf, 0x7f, 0xdf, 0x7f, 0xdf,
    0x7f, 0xdf, 0x7f, 0xdf, 0x7f, 0xdf, 0x5f, 0xdf, 0x7f, 0xdf, 0x7f, 0xdf,
    0x7f, 0xdf, 0x7f, 0xdf, 0x7f, 0xe7, 0x7f, 0xdf, 0x7f, 0xdf, 0x7f, 0xdf,
    0x7f, 0xdf, 0x5f, 0xe7, 0x7f, 0xdf, 0x5f, 0xdf, 0x7f, 0xdf, 0x7f, 0xdf,
    0x7f, 0xdf, 0x5f, 0xe7, 0x7f, 0xe7, 0x7f, 0xdf, 0x5f, 0xdf, 0x7f, 0xdf,
    0x7f, 0xdf, 0x7f, 0xe7, 0x7f, 0xdf, 0x7f, 0xdf, 0x7f, 0xdf, 0x7f, 0xdf,
    0x7f, 0xdf, 0x7f, 0xdf, 0x7f, 0xdf, 0x7f, 0xe7, 0x7f, 0xdf, 0x7f, 0xdf,
    0x7f, 0xe7, 0x7f, 0xdf, 0x7f, 0xe7, 0x5f, 0xdf, 0x7f, 0xe7, 0x7f, 0xdf,
    0x7f, 0xdf, 0x7f, 0xdf, 0x7f, 0xe7, 0x7f, 0xdf, 0x7f, 0xdf, 0x7f, 0xe7,
    0x7f, 0xdf, 0x7f, 0xdf, 0x7f, 0xdf, 0x7f, 0xe7, 0x7f, 0xe7, 0x7f, 0xdf,
    0x9f, 0xdf, 0x7f, 0xdf, 0x7f, 0xe7, 0x7f, 0xdf, 0x9f, 0xe7, 0x7f, 0xe7,
    0x9f, 0xdf, 0x9f, 0xe7, 0x7f, 0xe7, 0x9f, 0xdf, 0x7f, 0xe7, 0x9f, 0xe7,
    0x9f, 0xe7, 0x9f, 0xe7, 0x7f, 0xdf, 0x9f, 0xe7, 0x9f, 0xe7, 0x9f, 0xdf,
    0x9f, 0xe7, 0x9f, 0xe7, 0x9f, 0xe7, 0x9f, 0xe7, 0x9f, 0xe7, 0x9f, 0xe7,
    0x9f, 0xe7, 0x9f, 0xe7, 0x7f, 0xe7, 0x9f, 0xe7, 0x9f, 0xe7, 0x9f, 0xef,
    0x9f, 0xe7, 0x9f, 0xef, 0x9f, 0xe7, 0x9f, 0xe7, 0x9f, 0xe7, 0x9f, 0xef,
    0x9f, 0xe7, 0x9f, 0xe7, 0x9f, 0xe7, 0x9f, 0xef, 0x9f, 0xef, 0x9f, 0xe7,
    0x9f, 0xe7, 0x9f, 0xef, 0x9f, 0xe7, 0x9f, 0xef, 0x9f, 0xef, 0x9f, 0xe7,
    0xbf, 0xe7, 0x9f, 0xe7, 0x9f, 0xef, 0x9f, 0xef, 0xbf, 0xe7, 0x9f, 0xef,
    0x9f, 0xef, 0x9f, 0xe7, 0x9f, 0xef, 0xbf, 0xef, 0x9f, 0xe7, 0xbf, 0xef,
    0x9f, 0xef, 0xbf, 0xe7, 0x9f, 0xe7, 0x9f, 0xef, 0xbf, 0xe7, 0x9f, 0xef,
    0xbf, 0xef, 0xbf, 0xef, 0xbf, 0xef, 0x9f, 0xef, 0x9f, 0xef, 0xbf, 0xef,
    0xbf, 0xef, 0x9f, 0xef, 0xbf, 0xef, 0xbf, 0xef, 0xbf, 0xef, 0xbf, 0xef,
    0xbf, 0xef, 0xbf, 0xf7, 0xbf, 0xef, 0xbf, 0xef, 0xbf, 0xef, 0xbf, 0xef,
    0xbf, 0xf7, 0xbf, 0xef, 0xbf, 0xef, 0xbf, 0xef, 0xbf, 0xef, 0xbf, 0xef,
    0xbf, 0xef, 0xbf, 0xf7, 0xbf, 0xef, 0xbf, 0xef, 0xbf, 0xf7, 0xbf, 0xf7,
    0xbf, 0xef, 0xbf, 0xf7, 0xbf, 0xef, 0xbf, 0xef, 0xbf, 0xef, 0xbf, 0xef,
    0xbf, 0xef, 0xbf, 0xef, 0xbf, 0xef, 0xbf, 0xef, 0xbf, 0xef, 0xbf, 0xf7,
    0xbf, 0xef, 0xbf, 0xef, 0xbf, 0xf7, 0xbf, 0xf7, 0xbf, 0xef, 0xbf, 0xef,
    0xbf, 0xef, 0xbf, 0xef, 0xbf, 0xef, 0xbf, 0xef, 0xbf, 0xef, 0xbf, 0xef,
    0xbf, 0xef, 0xbf, 0xef, 0xbf, 0xef, 0xbf, 0xef, 0xbf, 0xef, 0xbf, 0xef,
    0x9f, 0xef, 0xff, 0xff, 0xff, 0xff, 0xff, 0xff, 0xff, 0xff, 0xff, 0xff,
    0xff, 0xff, 0xff, 0xff, 0xff, 0xff, 0xff, 0xff, 0xff, 0xff, 0xbf, 0xf7,
    0x7f, 0xdf, 0x7f, 0xdf, 0x7f, 0xdf, 0x7f, 0xdf, 0x5f, 0xdf, 0x7f, 0xdf,
    0x7f, 0xdf, 0x5f, 0xdf, 0x5f, 0xdf, 0x7f, 0xdf, 0x7f, 0xdf, 0x7f, 0xdf,
    0x5f, 0xdf, 0x7f, 0xdf, 0x7f, 0xdf, 0x5f, 0xdf, 0x7f, 0xdf, 0x5f, 0xdf,
    0x5f, 0xdf, 0x5f, 0xdf, 0x5f, 0xdf, 0x5f, 0xdf, 0x5f, 0xdf, 0x7f, 0xdf,
    0x5f, 0xdf, 0x7f, 0xdf, 0x7f, 0xdf, 0x7f, 0xdf, 0x7f, 0xdf, 0x7f, 0xdf,
    0x7f, 0xdf, 0x7f, 0xdf, 0x7f, 0xdf, 0x7f, 0xdf, 0x7f, 0xdf, 0x7f, 0xdf,
    0x7f, 0xdf, 0x7f, 0xdf, 0x5f, 0xdf, 0x7f, 0xdf, 0x7f, 0xdf, 0x7f, 0xdf,
    0x7f, 0xdf, 0x7f, 0xdf, 0x7f, 0xdf, 0x7f, 0xdf, 0x5f, 0xdf, 0x7f, 0xdf,
    0x5f, 0xdf, 0x7f, 0xdf, 0x5f, 0xe7, 0x7f, 0xdf, 0x7f, 0xdf, 0x5f, 0xdf,
    0x7f, 0xdf, 0x5f, 0xdf, 0x7f, 0xdf, 0x7f, 0xdf, 0x7f, 0xe7, 0x7f, 0xdf,
    0x7f, 0xdf, 0x7f, 0xdf, 0x7f, 0xdf, 0x7f, 0xdf, 0x7f, 0xdf, 0x5f, 0xdf,
    0x7f, 0xdf, 0x7f, 0xdf, 0x7f, 0xdf, 0x7f, 0xe7, 0x7f, 0xdf, 0x7f, 0xe7,
    0x5f, 0xdf, 0x7f, 0xdf, 0x7f, 0xe7, 0x5f, 0xdf, 0x7f, 0xdf, 0x7f, 0xe7,
    0x5f, 0xdf, 0x7f, 0xdf, 0x7f, 0xdf, 0x7f, 0xe7, 0x7f, 0xdf, 0x7f, 0xdf,
    0x7f, 0xdf, 0x5f, 0xe7, 0x7f, 0xdf, 0x7f, 0xdf, 0x7f, 0xdf, 0x7f, 0xe7,
    0x7f, 0xdf, 0x7f, 0xdf, 0x7f, 0xe7, 0x7f, 0xdf, 0x7f, 0xdf, 0x7f, 0xdf,
    0x7f, 0xe7, 0x7f, 0xe7, 0x7f, 0xdf, 0x7f, 0xe7, 0x7f, 0xdf, 0x7f, 0xdf,
    0x7f, 0xe7, 0x7f, 0xe7, 0x7f, 0xdf, 0x7f, 0xdf, 0x7f, 0xe7, 0x7f, 0xe7,
    0x9f, 0xdf, 0x7f, 0xe7, 0x9f, 0xe7, 0x7f, 0xdf, 0x7f, 0xe7, 0x7f, 0xdf,
    0x9f, 0xe7, 0x9f, 0xe7, 0x9f, 0xe7, 0x9f, 0xe7, 0x9f, 0xe7, 0x7f, 0xe7,
    0x9f, 0xe7, 0x9f, 0xe7, 0x9f, 0xe7, 0x7f, 0xe7, 0x9f, 0xe7, 0x9f, 0xe7,
    0x9f, 0xe7, 0x9f, 0xe7, 0x9f, 0xe7, 0x9f, 0xef, 0x9f, 0xe7, 0x9f, 0xe7,
    0x9f, 0xef, 0x9f, 0xe7, 0x9f, 0xe7, 0x9f, 0xef, 0x9f, 0xe7, 0x9f, 0xe7,
    0x9f, 0xe7, 0x9f, 0xe7, 0x9f, 0xef, 0x9f, 0xe7, 0x9f, 0xe7, 0x9f, 0xef,
    0x9f, 0xe7, 0x9f, 0xe7, 0x9f, 0xef, 0xbf, 0xe7, 0x9f, 0xe7, 0x9f, 0xef,
    0x9f, 0xef, 0x9f, 0xe7, 0xbf, 0xe7, 0x9f, 0xef, 0x9f, 0xef, 0xbf, 0xe7,
    0x9f, 0xef, 0x9f, 0xe7, 0x9f, 0xef, 0x9f, 0xef, 0x9f, 0xe7, 0x9f, 0xef,
    0x9f, 0xef, 0x9f, 0xe7, 0x9f, 0xef, 0xbf, 0xef, 0xbf, 0xef, 0x9f, 0xef,
    0x9f, 0xef, 0xbf, 0xef, 0xbf, 0xef, 0x9f, 0xef, 0x9f, 0xef, 0xbf, 0xef,
    0xbf, 0xef, 0x9f, 0xef, 0x9f, 0xef, 0xbf, 0xef, 0x9f, 0xef, 0xbf, 0xef,
    0xbf, 0xef, 0x9f, 0xef, 0xbf, 0xef, 0x9f, 0xf7, 0xbf, 0xef, 0xbf, 0xef,
    0xbf, 0xef, 0xbf, 0xf7, 0xbf, 0xef, 0xbf, 0xf7, 0xbf, 0xef, 0xbf, 0xef,
    0xbf, 0xef, 0xbf, 0xf7, 0xbf, 0xef, 0xbf, 0xef, 0xbf, 0xef, 0xbf, 0xef,
    0xbf, 0xef, 0xbf, 0xf7, 0xbf, 0xef, 0xbf, 0xef, 0xbf, 0xf7, 0xbf, 0xf7,
    0xbf, 0xf7, 0xbf, 0xef, 0xbf, 0xef, 0xbf, 0xef, 0xbf, 0xf7, 0xbf, 0xef,
    0xbf, 0xef, 0xbf, 0xef, 0xbf, 0xf7, 0xbf, 0xef, 0xbf, 0xef, 0xbf, 0xf7,
    0xbf, 0xef, 0xbf, 0xf7, 0xbf, 0xef, 0xbf, 0xef, 0xbf, 0xef, 0xbf, 0xef,
    0xbf, 0xef, 0x9f, 0xef, 0xbf, 0xef, 0x9f, 0xef, 0xbf, 0xef, 0xbf, 0xef,
    0x9f, 0xef, 0xff, 0xff, 0xff, 0xff, 0xff, 0xff, 0xff, 0xff, 0xff, 0xff,
    0xff, 0xff, 0xff, 0xff, 0xff, 0xff, 0xff, 0xff, 0xff, 0xff, 0xbf, 0xef,
    0x5f, 0xdf, 0x7f, 0xdf, 0x7f, 0xdf, 0x5f, 0xdf, 0x5f, 0xdf, 0x7f, 0xdf,
    0x7f, 0xdf, 0x5f, 0xdf, 0x7f, 0xdf, 0x7f, 0xdf, 0x5f, 0xdf, 0x5f, 0xdf,
    0x7f, 0xdf, 0x7f, 0xdf, 0x7f, 0xdf, 0x7f, 0xdf, 0x7f, 0xdf, 0x7f, 0xdf,
    0x7f, 0xdf, 0x7f, 0xdf, 0x7f, 0xdf, 0x7f, 0xdf, 0x7f, 0xdf, 0x7f, 0xdf,
    0x7f, 0xdf, 0x5f, 0xdf, 0x7f, 0xdf, 0x5f, 0xdf, 0x5f, 0xdf, 0x7f, 0xdf,
    0x7f, 0xdf, 0x7f, 0xdf, 0x7f, 0xdf, 0x7f, 0xdf, 0x5f, 0xdf, 0x5f, 0xdf,
    0x7f, 0xdf, 0x7f, 0xdf, 0x7f, 0xdf, 0x7f, 0xdf, 0x7f, 0xdf, 0x5f, 0xdf,
    0x7f, 0xdf, 0x7f, 0xdf, 0x5f, 0xdf, 0x7f, 0xdf, 0x7f, 0xdf, 0x7f, 0xdf,
    0x5f, 0xdf, 0x7f, 0xdf, 0x7f, 0xdf, 0x7f, 0xdf, 0x5f, 0xdf, 0x7f, 0xdf,
    0x5f, 0xdf, 0x7f, 0xdf, 0x7f, 0xdf, 0x5f, 0xdf, 0x5f, 0xe7, 0x7f, 0xdf,
    0x5f, 0xdf, 0x5f, 0xdf, 0x7f, 0xdf, 0x7f, 0xe7, 0x5f, 0xdf, 0x7f, 0xdf,
    0x7f, 0xdf, 0x5f, 0xdf, 0x7f, 0xdf, 0x7f, 0xdf, 0x5f, 0xdf, 0x7f, 0xdf,
    0x7f, 0xdf, 0x5f, 0xdf, 0x7f, 0xdf, 0x7f, 0xdf, 0x5f, 0xe7, 0x7f, 0xdf,
    0x7f, 0xdf, 0x5f, 0xe7, 0x5f, 0xdf, 0x5f, 0xdf, 0x7f, 0xe7, 0x7f, 0xdf,
    0x7f, 0xe7, 0x7f, 0xdf, 0x7f, 0xdf, 0x5f, 0xdf, 0x7f, 0xdf, 0x7f, 0xe7,
    0x7f, 0xdf, 0x7f, 0xe7, 0x7f, 0xdf, 0x7f, 0xdf, 0x7f, 0xe7, 0x7f, 0xe7,
    0x7f, 0xdf, 0x7f, 0xe7, 0x7f, 0xdf, 0x7f, 0xdf, 0x7f, 0xdf, 0x7f, 0xe7,
    0x7f, 0xe7, 0x7f, 0xdf, 0x9f, 0xe7, 0x7f, 0xdf, 0x7f, 0xdf, 0x9f, 0xe7,
    0x7f, 0xe7, 0x7f, 0xdf, 0x9f, 0xe7, 0x9f, 0xe7, 0x9f, 0xe7, 0x7f, 0xe7,
    0x7f, 0xe7, 0x9f, 0xe7, 0x9f, 0xe7, 0x9f, 0xe7, 0x7f, 0xe7, 0x9f, 0xe7,
    0x9f, 0xe7, 0x9f, 0xe7, 0x7f, 0xe7, 0x9f, 0xe7, 0x9f, 0xe7, 0x9f, 0xe7,
    0x9f, 0xe7, 0x9f, 0xe7, 0x7f, 0xe7, 0x9f, 0xe7, 0x9f, 0xe7, 0x9f, 0xe7,
    0x9f, 0xe7, 0x9f, 0xe7, 0x9f, 0xe7, 0x9f, 0xe7, 0x9f, 0xef, 0x9f, 0xe7,
    0x9f, 0xe7, 0x9f, 0xef, 0x9f, 0xe7, 0x9f, 0xe7, 0x9f, 0xe7, 0x9f, 0xef,
    0x9f, 0xef, 0x9f, 0xe7, 0x9f, 0xef, 0x9f, 0xef, 0x9f, 0xe7, 0x9f, 0xef,
    0x9f, 0xef, 0xbf, 0xe7, 0x9f, 0xef, 0x9f, 0xe7, 0x9f, 0xef, 0xbf, 0xef,
    0x9f, 0xe7, 0xbf, 0xef, 0x9f, 0xef, 0x9f, 0xe7, 0xbf, 0xef, 0x9f, 0xef,
    0x9f, 0xef, 0x9f, 0xef, 0x9f, 0xef, 0xbf, 0xef, 0x9f, 0xef, 0xbf, 0xef,
    0x9f, 0xe7, 0x9f, 0xef, 0xbf, 0xef, 0xbf, 0xef, 0x9f, 0xef, 0xbf, 0xe7,
    0x9f, 0xef, 0xbf, 0xef, 0xbf, 0xef, 0x9f, 0xef, 0x9f, 0xef, 0xbf, 0xef,
    0xbf, 0xef, 0xbf, 0xef, 0xbf, 0xef, 0xbf, 0xf7, 0x9f, 0xef, 0xbf, 0xef,
    0xbf, 0xf7, 0x9f, 0xef, 0xbf, 0xef, 0xbf, 0xef, 0x9f, 0xf7, 0xbf, 0xef,
    0xbf, 0xef, 0xbf, 0xef, 0xbf, 0xef, 0xbf, 0xef, 0xbf, 0xef, 0xbf, 0xf7,
    0xbf, 0xef, 0xbf, 0xef, 0xbf, 0xef, 0xbf, 0xef, 0xbf, 0xef, 0xbf, 0xef,
    0xbf, 0xf7, 0xbf, 0xef, 0x9f, 0xef, 0xbf, 0xef, 0xbf, 0xef, 0xbf, 0xef,
    0x9f, 0xef, 0xbf, 0xef, 0xbf, 0xef, 0x9f, 0xef, 0xbf, 0xef, 0xbf, 0xef,
    0xbf, 0xf7, 0x9f, 0xef, 0xbf, 0xf7, 0xbf, 0xf7, 0x9f, 0xef, 0x9f, 0xef,
    0xbf, 0xef, 0xbf, 0xef, 0x9f, 0xef, 0xbf, 0xef, 0xbf, 0xef, 0xbf, 0xef,
    0x9f, 0xe7, 0xff, 0xff, 0xff, 0xff, 0xff, 0xff, 0xff, 0xff, 0xff, 0xff,
    0xff, 0xff, 0xff, 0xff, 0xff, 0xff, 0xff, 0xff, 0xff, 0xff, 0xbf, 0xf7,
    0x5f, 0xdf, 0x5f, 0xdf, 0x7f, 0xdf, 0x5f, 0xdf, 0x7f, 0xdf, 0x5f, 0xdf,
    0x5f, 0xdf, 0x7f, 0xdf, 0x7f, 0xdf, 0x5f, 0xdf, 0x5f, 0xdf, 0x7f, 0xdf,
    0x7f, 0xdf, 0x7f, 0xdf, 0x5f, 0xdf, 0x7f, 0xdf, 0x7f, 0xdf, 0x7f, 0xdf,
    0x7f, 0xdf, 0x5f, 0xdf, 0x7f, 0xdf, 0x7f, 0xdf, 0x7f, 0xdf, 0x7f, 0xdf,
    0x5f, 0xdf, 0x7f, 0xdf, 0x7f, 0xdf, 0x7f, 0xdf, 0x7f, 0xdf, 0x7f, 0xdf,
    0x5f, 0xdf, 0x7f, 0xdf, 0x7f, 0xdf, 0x5f, 0xdf, 0x5f, 0xdf, 0x7f, 0xdf,
    0x5f, 0xdf, 0x5f, 0xdf, 0x7f, 0xdf, 0x7f, 0xdf, 0x7f, 0xdf, 0x7f, 0xdf,
    0x5f, 0xdf, 0x7f, 0xe7, 0x7f, 0xdf, 0x5f, 0xdf, 0x7f, 0xdf, 0x7f, 0xe7,
    0x5f, 0xdf, 0x7f, 0xdf, 0x7f, 0xdf, 0x7f, 0xdf, 0x7f, 0xdf, 0x5f, 0xdf,
    0x5f, 0xdf, 0x7f, 0xe7, 0x7f, 0xdf, 0x7f, 0xdf, 0x7f, 0xdf, 0x7f, 0xdf,
    0x7f, 0xdf, 0x5f, 0xdf, 0x7f, 0xdf, 0x7f, 0xdf, 0x7f, 0xdf, 0x7f, 0xe7,
    0x7f, 0xdf, 0x5f, 0xdf, 0x7f, 0xe7, 0x7f, 0xdf, 0x5f, 0xdf, 0x7f, 0xe7,
    0x7f, 0xdf, 0x7f, 0xdf, 0x7f, 0xdf, 0x5f, 0xdf, 0x5f, 0xdf, 0x7f, 0xdf,
    0x7f, 0xdf, 0x7f, 0xe7, 0x7f, 0xdf, 0x7f, 0xdf, 0x7f, 0xe7, 0x7f, 0xdf,
    0x7f, 0xdf, 0x7f, 0xe7, 0x7f, 0xdf, 0x7f, 0xdf, 0x7f, 0xe7, 0x7f, 0xdf,
    0x7f, 0xdf, 0x7f, 0xe7, 0x7f, 0xdf, 0x7f, 0xdf, 0x7f, 0xe7, 0x7f, 0xe7,
    0x7f, 0xdf, 0x7f, 0xdf, 0x7f, 0xe7, 0x7f, 0xdf, 0x7f, 0xe7, 0x9f, 0xdf,
    0x7f, 0xdf, 0x7f, 0xe7, 0x9f, 0xe7, 0x7f, 0xdf, 0x7f, 0xe7, 0x7f, 0xe7,
    0x7f, 0xdf, 0x7f, 0xe7, 0x9f, 0xdf, 0x7f, 0xe7, 0x9f, 0xe7, 0x9f, 0xdf,
    0x7f, 0xe7, 0x9f, 0xe7, 0x7f, 0xe7, 0x9f, 0xe7, 0x9f, 0xe7, 0x9f, 0xe7,
    0x9f, 0xe7, 0x9f, 0xe7, 0x9f, 0xe7, 0x9f, 0xe7, 0x9f, 0xe7, 0x9f, 0xe7,
    0x9f, 0xe7, 0x7f, 0xe7, 0x9f, 0xe7, 0x9f, 0xef, 0x9f, 0xe7, 0x9f, 0xef,
    0x9f, 0xef, 0x9f, 0xef, 0x9f, 0xe7, 0x9f, 0xe7, 0x9f, 0xe7, 0x9f, 0xef,
    0x9f, 0xe7, 0x9f, 0xef, 0x9f, 0xef, 0x9f, 0xef, 0x9f, 0xe7, 0x9f, 0xe7,
    0x9f, 0xef, 0x9f, 0xe7, 0x9f, 0xef, 0x9f, 0xe7, 0x9f, 0xe7, 0x9f, 0xef,
    0x9f, 0xe7, 0x9f, 0xef, 0x9f, 0xe7, 0x9f, 0xef, 0xbf, 0xe7, 0x9f, 0xef,
    0x9f, 0xef, 0x9f, 0xe7, 0xbf, 0xef, 0x9f, 0xe7, 0x9f, 0xef, 0xbf, 0xe7,
    0xbf, 0xe7, 0x9f, 0xef, 0xbf, 0xef, 0xbf, 0xe7, 0x9f, 0xef, 0xbf, 0xef,
    0xbf, 0xef, 0x9f, 0xef, 0xbf, 0xef, 0x9f, 0xef, 0xbf, 0xef, 0x9f, 0xef,
    0xbf, 0xef, 0xbf, 0xef, 0xbf, 0xef, 0x9f, 0xef, 0xbf, 0xef, 0xbf, 0xef,
    0x9f, 0xef, 0xbf, 0xef, 0xbf, 0xef, 0xbf, 0xef, 0xbf, 0xef, 0xbf, 0xef,
    0xbf, 0xef, 0xbf, 0xef, 0xbf, 0xef, 0xbf, 0xef, 0xbf, 0xef, 0xbf, 0xf7,
    0xbf, 0xef, 0x9f, 0xef, 0xbf, 0xf7, 0xbf, 0xef, 0xbf, 0xef, 0xbf, 0xf7,
    0xbf, 0xef, 0x9f, 0xef, 0xbf, 0xef, 0xbf, 0xf7, 0xbf, 0xef, 0x9f, 0xef,
    0xbf, 0xef, 0xbf, 0xf7, 0x9f, 0xef, 0xbf, 0xef, 0xbf, 0xef, 0x9f, 0xef,
    0x9f, 0xef, 0xbf, 0xef, 0xbf, 0xef, 0x9f, 0xef, 0x9f, 0xef, 0xbf, 0xef,
    0xbf, 0xef, 0x9f, 0xef, 0xbf, 0xef, 0xbf, 0xef, 0x9f, 0xef, 0x9f, 0xef,
    0xbf, 0xef, 0xbf, 0xef, 0x9f, 0xef, 0xbf, 0xef, 0xbf, 0xef, 0x9f, 0xef,
    0x9f, 0xef, 0xff, 0xff, 0xff, 0xff, 0xff, 0xff, 0xff, 0xff, 0xff, 0xff,
    0xff, 0xff, 0xff, 0xff, 0xff, 0xff, 0xff, 0xff, 0xff, 0xff, 0xbf, 0xf7,
    0x7f, 0xdf, 0x7f, 0xdf, 0x5f, 0xdf, 0x7f, 0xdf, 0x7f, 0xdf, 0x7f, 0xdf,
    0x5f, 0xdf, 0x7f, 0xdf, 0x7f, 0xdf, 0x5f, 0xdf, 0x7f, 0xdf, 0x5f, 0xdf,
    0x5f, 0xdf, 0x7f, 0xdf, 0x7f, 0xdf, 0x5f, 0xdf, 0x7f, 0xdf, 0x5f, 0xdf,
    0x5f, 0xdf, 0x5f, 0xdf, 0x5f, 0xdf, 0x7f, 0xdf, 0x5f, 0xdf, 0x5f, 0xdf,
    0x5f, 0xdf, 0x5f, 0xdf, 0x7f, 0xdf, 0x7f, 0xdf, 0x7f, 0xdf, 0x7f, 0xdf,
    0x5f, 0xdf, 0x5f, 0xdf, 0x5f, 0xdf, 0x7f, 0xdf, 0x7f, 0xdf, 0x7f, 0xdf,
    0x5f, 0xdf, 0x5f, 0xdf, 0x7f, 0xdf, 0x7f, 0xdf, 0x5f, 0xdf, 0x7f, 0xdf,
    0x7f, 0xdf, 0x7f, 0xdf, 0x7f, 0xdf, 0x7f, 0xdf, 0x7f, 0xdf, 0x5f, 0xdf,
    0x5f, 0xdf, 0x5f, 0xdf, 0x7f, 0xdf, 0x7f, 0xe7, 0x7f, 0xdf, 0x5f, 0xdf,
    0x7f, 0xdf, 0x7f, 0xe7, 0x7f, 0xdf, 0x7f, 0xdf, 0x7f, 0xe7, 0x7f, 0xe7,
    0x7f, 0xdf, 0x7f, 0xdf, 0x5f, 0xdf, 0x7f, 0xdf, 0x7f, 0xe7, 0x5f, 0xdf,
    0x7f, 0xdf, 0x7f, 0xdf, 0x7f, 0xe7, 0x7f, 0xdf, 0x7f, 0xdf, 0x7f, 0xe7,
    0x7f, 0xdf, 0x7f, 0xe7, 0x7f, 0xdf, 0x7f, 0xdf, 0x7f, 0xe7, 0x7f, 0xdf,
    0x7f, 0xdf, 0x7f, 0xdf, 0x7f, 0xdf, 0x7f, 0xdf, 0x7f, 0xdf, 0x7f, 0xe7,
    0x7f, 0xdf, 0x7f, 0xe7, 0x7f, 0xdf, 0x7f, 0xdf, 0x7f, 0xe7, 0x7f, 0xdf,
    0x7f, 0xdf, 0x7f, 0xe7, 0x7f, 0xdf, 0x7f, 0xdf, 0x7f, 0xdf, 0x7f, 0xdf,
    0x7f, 0xe7, 0x7f, 0xe7, 0x7f, 0xe7, 0x7f, 0xe7, 0x7f, 0xdf, 0x7f, 0xe7,
    0x7f, 0xdf, 0x7f, 0xdf, 0x7f, 0xe7, 0x9f, 0xe7, 0x7f, 0xdf, 0x9f, 0xe7,
    0x9f, 0xe7, 0x9f, 0xdf, 0x7f, 0xe7, 0x7f, 0xe7, 0x7f, 0xdf, 0x9f, 0xe7,
    0x9f, 0xe7, 0x7f, 0xe7, 0x7f, 0xe7, 0x7f, 0xe7, 0x9f, 0xe7, 0x9f, 0xe7,
    0x7f, 0xe7, 0x9f, 0xe7, 0x9f, 0xe7, 0x7f, 0xe7, 0x9f, 0xe7, 0x9f, 0xe7,
    0x7f, 0xe7, 0x9f, 0xe7, 0x9f, 0xef, 0x9f, 0xe7, 0x9f, 0xe7, 0x9f, 0xe7,
    0x9f, 0xe7, 0x9f, 0xef, 0x9f, 0xe7, 0x9f, 0xe7, 0x9f, 0xef, 0x9f, 0xe7,
    0x9f, 0xe7, 0x9f, 0xe7, 0x9f, 0xe7, 0x9f, 0xe7, 0x9f, 0xef, 0x9f, 0xef,
    0x9f, 0xe7, 0x9f, 0xef, 0x9f, 0xe7, 0xbf, 0xef, 0x9f, 0xe7, 0x9f, 0xe7,
    0xbf, 0xef, 0x9f, 0xe7, 0x9f, 0xef, 0x9f, 0xef, 0x9f, 0xe7, 0x9f, 0xef,
    0x9f, 0xef, 0x9f, 0xe7, 0x9f, 0xef, 0x9f, 0xef, 0xbf, 0xef, 0xbf, 0xef,
    0x9f, 0xef, 0x9f, 0xef, 0xbf, 0xe7, 0x9f, 0xef, 0x9f, 0xef, 0xbf, 0xef,
    0x9f, 0xef, 0xbf, 0xef, 0x9f, 0xef, 0x9f, 0xef, 0xbf, 0xef, 0x9f, 0xef,
    0x9f, 0xef, 0xbf, 0xef, 0xbf, 0xef, 0xbf, 0xef, 0x9f, 0xef, 0x9f, 0xef,
    0xbf, 0xef, 0x9f, 0xef, 0x9f, 0xef, 0xbf, 0xef, 0xbf, 0xf7, 0x9f, 0xef,
    0xbf, 0xef, 0xbf, 0xf7, 0xbf, 0xef, 0xbf, 0xf7, 0xbf, 0xef, 0xbf, 0xef,
    0xbf, 0xef, 0xbf, 0xf7, 0xbf, 0xf7, 0xbf, 0xef, 0xbf, 0xf7, 0xbf, 0xef,
    0xbf, 0xef, 0xbf, 0xf7, 0xbf, 0xef, 0xbf, 0xf7, 0xbf, 0xef, 0xbf, 0xef,
    0xbf, 0xef, 0xbf, 0xef, 0xbf, 0xf7, 0xbf, 0xef, 0xbf, 0xef, 0xbf, 0xef,
    0xbf, 0xef, 0xbf, 0xef, 0xbf, 0xf7, 0xbf, 0xef, 0xbf, 0xef, 0xbf, 0xef,
    0xbf, 0xef, 0xbf, 0xef, 0xbf, 0xef, 0xbf, 0xef, 0xbf, 0xef, 0xbf, 0xef,
    0xbf, 0xef, 0xbf, 0xef, 0xbf, 0xef, 0xbf, 0xef, 0xbf, 0xef, 0xbf, 0xef,
    0xbf, 0xef, 0xff, 0xff, 0xff, 0xff, 0xff, 0xff, 0xff, 0xff, 0xff, 0xff,
    0xff, 0xff, 0xff, 0xff, 0xff, 0xff, 0xff, 0xff, 0xff, 0xff, 0xbf, 0xef,
    0x5f, 0xdf, 0x7f, 0xdf, 0x5f, 0xdf, 0x5f, 0xdf, 0x7f, 0xdf, 0x5f, 0xdf,
    0x5f, 0xdf, 0x7f, 0xdf, 0x7f, 0xdf, 0x7f, 0xdf, 0x5f, 0xdf, 0x7f, 0xdf,
    0x5f, 0xdf, 0x5f, 0xdf, 0x7f, 0xdf, 0x5f, 0xdf, 0x5f, 0xdf, 0x7f, 0xdf,
    0x7f, 0xdf, 0x5f, 0xdf, 0x7f, 0xdf, 0x5f, 0xdf, 0x7f, 0xdf, 0x7f, 0xdf,
    0x7f, 0xdf, 0x5f, 0xdf, 0x7f, 0xdf, 0x7f, 0xdf, 0x5f, 0xdf, 0x7f, 0xdf,
    0x7f, 0xdf, 0x5f, 0xdf, 0x7f, 0xdf, 0x7f, 0xdf, 0x7f, 0xdf, 0x5f, 0xdf,
    0x7f, 0xdf, 0x7f, 0xdf, 0x7f, 0xdf, 0x7f, 0xdf, 0x5f, 0xdf, 0x7f, 0xdf,
    0x7f, 0xe7, 0x5f, 0xdf, 0x5f, 0xdf, 0x7f, 0xdf, 0x7f, 0xdf, 0x5f, 0xdf,
    0x7f, 0xdf, 0x7f, 0xe7, 0x5f, 0xdf, 0x7f, 0xdf, 0x7f, 0xdf, 0x7f, 0xe7,
    0x7f, 0xdf, 0x7f, 0xdf, 0x5f, 0xdf, 0x5f, 0xe7, 0x7f, 0xdf, 0x5f, 0xdf,
    0x7f, 0xdf, 0x7f, 0xe7, 0x5f, 0xdf, 0x7f, 0xdf, 0x7f, 0xdf, 0x5f, 0xdf,
    0x7f, 0xdf, 0x7f, 0xe7, 0x5f, 0xdf, 0x7f, 0xdf, 0x7f, 0xdf, 0x5f, 0xdf,
    0x5f, 0xdf, 0x7f, 0xdf, 0x5f, 0xe7, 0x7f, 0xdf, 0x7f, 0xdf, 0x5f, 0xe7,
    0x7f, 0xdf, 0x7f, 0xdf, 0x7f, 0xe7, 0x7f, 0xe7, 0x7f, 0xdf, 0x7f, 0xdf,
    0x7f, 0xdf, 0x7f, 0xdf, 0x7f, 0xe7, 0x7f, 0xdf, 0x7f, 0xdf, 0x7f, 0xdf,
    0x7f, 0xe7, 0x7f, 0xe7, 0x7f, 0xe7, 0x7f, 0xdf, 0x7f, 0xe7, 0x7f, 0xdf,
    0x7f, 0xdf, 0x7f, 0xe7, 0x9f, 0xdf, 0x7f, 0xe7, 0x7f, 0xe7, 0x9f, 0xe7,
    0x7f, 0xe7, 0x7f, 0xdf, 0x7f, 0xdf, 0x9f, 0xe7, 0x9f, 0xe7, 0x7f, 0xdf,
    0x7f, 0xe7, 0x9f, 0xe7, 0x9f, 0xdf, 0x7f, 0xe7, 0x9f, 0xe7, 0x9f, 0xe7,
    0x9f, 0xe7, 0x9f, 0xdf, 0x9f, 0xe7, 0x9f, 0xe7, 0x9f, 0xe7, 0x9f, 0xe7,
    0x9f, 0xe7, 0x9f, 0xe7, 0x9f, 0xe7, 0x7f, 0xe7, 0x9f, 0xe7, 0x9f, 0xe7,
    0x9f, 0xe7, 0x9f, 0xe7, 0x9f, 0xe7, 0x9f, 0xe7, 0x9f, 0xe7, 0x9f, 0xef,
    0x9f, 0xe7, 0x9f, 0xe7, 0x9f, 0xef, 0x9f, 0xe7, 0x9f, 0xef, 0x9f, 0xe7,
    0x9f, 0xe7, 0x9f, 0xef, 0x9f, 0xe7, 0x9f, 0xe7, 0x9f, 0xe7, 0x9f, 0xe7,
    0x9f, 0xe7, 0x9f, 0xef, 0x9f, 0xef, 0x9f, 0xe7, 0x9f, 0xef, 0x9f, 0xef,
    0x9f, 0xef, 0xbf, 0xef, 0x9f, 0xe7, 0xbf, 0xef, 0x9f, 0xef, 0xbf, 0xe7,
    0xbf, 0xef, 0x9f, 0xef, 0xbf, 0xef, 0xbf, 0xe7, 0x9f, 0xef, 0x9f, 0xef,
    0x9f, 0xef, 0x9f, 0xe7, 0x9f, 0xef, 0xbf, 0xef, 0x9f, 0xef, 0x9f, 0xef,
    0xbf, 0xe7, 0x9f, 0xef, 0xbf, 0xef, 0x9f, 0xe7, 0xbf, 0xef, 0xbf, 0xef,
    0xbf, 0xef, 0x9f, 0xef, 0xbf, 0xef, 0xbf, 0xef, 0x9f, 0xef, 0xbf, 0xef,
    0xbf, 0xef, 0xbf, 0xef, 0xbf, 0xef, 0xbf, 0xef, 0xbf, 0xef, 0xbf, 0xef,
    0xbf, 0xef, 0xbf, 0xef, 0xbf, 0xf7, 0xbf, 0xef, 0xbf, 0xf7, 0xbf, 0xef,
    0xbf, 0xef, 0xbf, 0xef, 0xbf, 0xef, 0xbf, 0xef, 0xbf, 0xf7, 0xbf, 0xef,
    0xbf, 0xef, 0xbf, 0xef, 0xbf, 0xf7, 0xbf, 0xef, 0xbf, 0xef, 0xbf, 0xf7,
    0xbf, 0xef, 0xbf, 0xef, 0xbf, 0xef, 0xbf, 0xef, 0xbf, 0xf7, 0xbf, 0xef,
    0xbf, 0xf7, 0xbf, 0xf7, 0xbf, 0xef, 0xbf, 0xef, 0xbf, 0xf7, 0xbf, 0xef,
    0xbf, 0xef, 0xbf, 0xf7, 0xbf, 0xef, 0xbf, 0xef, 0xbf, 0xef, 0xbf, 0xef,
    0xbf, 0xef, 0x9f, 0xef, 0x9f, 0xef, 0xbf, 0xef, 0x9f, 0xef, 0xbf, 0xef,
    0xbf, 0xef, 0xdf, 0xff, 0xff, 0xff, 0xff, 0xff, 0xff, 0xff, 0xff, 0xff,
    0xff, 0xff, 0xff, 0xff, 0xff, 0xff, 0xff, 0xff, 0xff, 0xff, 0xbf, 0xf7,
    0x7f, 0xdf, 0x7f, 0xdf, 0x7f, 0xdf, 0x5f, 0xdf, 0x7f, 0xdf, 0x5f, 0xdf,
    0x5f, 0xdf, 0x7f, 0xdf, 0x7f, 0xdf, 0x7f, 0xdf, 0x5f, 0xdf, 0x7f, 0xdf,
    0x7f, 0xdf, 0x5f, 0xdf, 0x5f, 0xdf, 0x7f, 0xdf, 0x7f, 0xdf, 0x5f, 0xdf,
    0x7f, 0xdf, 0x7f, 0xdf, 0x5f, 0xdf, 0x7f, 0xdf, 0x5f, 0xdf, 0x7f, 0xdf,
    0x7f, 0xdf, 0x7f, 0xdf, 0x7f, 0xdf, 0x5f, 0xdf, 0x7f, 0xdf, 0x5f, 0xdf,
    0x7f, 0xdf, 0x7f, 0xdf, 0x5f, 0xdf, 0x7f, 0xdf, 0x5f, 0xdf, 0x5f, 0xdf,
    0x7f, 0xdf, 0x7f, 0xdf, 0x7f, 0xdf, 0x7f, 0xdf, 0x7f, 0xdf, 0x7f, 0xdf,
    0x7f, 0xdf, 0x7f, 0xdf, 0x7f, 0xdf, 0x7f, 0xdf, 0x7f, 0xdf, 0x5f, 0xdf,
    0x7f, 0xdf, 0x7f, 0xdf, 0x5f, 0xdf, 0x5f, 0xdf, 0x7f, 0xdf, 0x7f, 0xdf,
    0x5f, 0xe7, 0x7f, 0xdf, 0x7f, 0xdf, 0x7f, 0xdf, 0x7f, 0xdf, 0x5f, 0xdf,
    0x7f, 0xdf, 0x7f, 0xe7, 0x7f, 0xdf, 0x7f, 0xdf, 0x7f, 0xe7, 0x7f, 0xdf,
    0x7f, 0xdf, 0x7f, 0xdf, 0x7f, 0xdf, 0x5f, 0xe7, 0x7f, 0xdf, 0x7f, 0xdf,
    0x7f, 0xe7, 0x7f, 0xdf, 0x7f, 0xdf, 0x7f, 0xdf, 0x7f, 0xdf, 0x5f, 0xdf,
    0x7f, 0xe7, 0x7f, 0xdf, 0x7f, 0xe7, 0x7f, 0xdf, 0x7f, 0xdf, 0x7f, 0xe7,
    0x7f, 0xdf, 0x7f, 0xdf, 0x7f, 0xe7, 0x7f, 0xe7, 0x5f, 0xdf, 0x7f, 0xdf,
    0x7f, 0xdf, 0x7f, 0xdf, 0x7f, 0xe7, 0x7f, 0xdf, 0x7f, 0xe7, 0x7f, 0xdf,
    0x7f, 0xe7, 0x7f, 0xdf, 0x7f, 0xe7, 0x9f, 0xdf, 0x7f, 0xdf, 0x7f, 0xe7,
    0x9f, 0xe7, 0x7f, 0xe7, 0x7f, 0xdf, 0x9f, 0xe7, 0x7f, 0xe7, 0x7f, 0xe7,
    0x7f, 0xe7, 0x7f, 0xe7, 0x9f, 0xe7, 0x9f, 0xe7, 0x7f, 0xdf, 0x9f, 0xe7,
    0x9f, 0xe7, 0x9f, 0xe7, 0x7f, 0xe7, 0x7f, 0xe7, 0x9f, 0xe7, 0x9f, 0xe7,
    0x7f, 0xe7, 0x9f, 0xe7, 0x9f, 0xe7, 0x9f, 0xe7, 0x9f, 0xe7, 0x9f, 0xe7,
    0x7f, 0xe7, 0x9f, 0xe7, 0x9f, 0xef, 0x9f, 0xe7, 0x9f, 0xe7, 0x9f, 0xef,
    0x9f, 0xe7, 0x9f, 0xe7, 0x9f, 0xef, 0x9f, 0xe7, 0x9f, 0xe7, 0x9f, 0xef,
    0x9f, 0xef, 0x9f, 0xe7, 0x9f, 0xef, 0x9f, 0xef, 0x9f, 0xe7, 0x9f, 0xef,
    0x9f, 0xe7, 0x9f, 0xe7, 0xbf, 0xef, 0x9f, 0xe7, 0x9f, 0xe7, 0x9f, 0xef,
    0x9f, 0xe7, 0x9f, 0xe7, 0x9f, 0xef, 0x9f, 0xef, 0x9f, 0xef, 0x9f, 0xe7,
    0x9f, 0xe7, 0xbf, 0xef, 0x9f, 0xef, 0x9f, 0xe7, 0x9f, 0xe7, 0x9f, 0xef,
    0x9f, 0xef, 0x9f, 0xef, 0x9f, 0xef, 0xbf, 0xef, 0xbf, 0xef, 0x9f, 0xe7,
    0x9f, 0xef, 0xbf, 0xef, 0x9f, 0xef, 0x9f, 0xef, 0xbf, 0xef, 0x9f, 0xef,
    0x9f, 0xef, 0xbf, 0xef, 0xbf, 0xef, 0x9f, 0xef, 0xbf, 0xef, 0x9f, 0xef,
    0xbf, 0xef, 0xbf, 0xef, 0xbf, 0xef, 0x9f, 0xef, 0xbf, 0xef, 0xbf, 0xef,
    0xbf, 0xf7, 0xbf, 0xef, 0xbf, 0xef, 0xbf, 0xef, 0xbf, 0xef, 0xbf, 0xef,
    0xbf, 0xf7, 0xbf, 0xef, 0xbf, 0xef, 0xbf, 0xef, 0xbf, 0xef, 0xbf, 0xef,
    0xbf, 0xf7, 0x9f, 0xef, 0xbf, 0xef, 0xbf, 0xf7, 0xbf, 0xef, 0xbf, 0xef,
    0xbf, 0xf7, 0xbf, 0xef, 0xbf, 0xef, 0xbf, 0xf7, 0xbf, 0xef, 0xbf, 0xef,
    0x9f, 0xef, 0xbf, 0xef, 0xbf, 0xef, 0x9f, 0xef, 0xbf, 0xef, 0xbf, 0xef,
    0xbf, 0xef, 0x9f, 0xef, 0xbf, 0xef, 0xbf, 0xf7, 0xbf, 0xef, 0x9f, 0xef,
    0xbf, 0xef, 0xbf, 0xef, 0x9f, 0xef, 0x9f, 0xef, 0xbf, 0xef, 0x9f, 0xef,
    0x9f, 0xef, 0xff, 0xff, 0xff, 0xff, 0xff, 0xff, 0xff, 0xff, 0xff, 0xff,
    0xff, 0xff, 0xff, 0xff, 0xff, 0xff, 0xff, 0xff, 0xff, 0xff, 0xbf, 0xef,
    0x5f, 0xdf, 0x7f, 0xdf, 0x5f, 0xdf, 0x7f, 0xdf, 0x7f, 0xdf, 0x7f, 0xdf,
    0x5f, 0xdf, 0x7f, 0xdf, 0x7f, 0xdf, 0x7f, 0xdf, 0x7f, 0xdf, 0x5f, 0xdf,
    0x7f, 0xdf, 0x7f, 0xdf, 0x5f, 0xdf, 0x7f, 0xdf, 0x5f, 0xdf, 0x5f, 0xdf,
    0x5f, 0xdf, 0x7f, 0xdf, 0x7f, 0xdf, 0x7f, 0xdf, 0x5f, 0xdf, 0x5f, 0xdf,
    0x7f, 0xdf, 0x7f, 0xdf, 0x7f, 0xe7, 0x7f, 0xdf, 0x7f, 0xdf, 0x5f, 0xdf,
    0x7f, 0xdf, 0x7f, 0xdf, 0x7f, 0xdf, 0x7f, 0xdf, 0x5f, 0xdf, 0x7f, 0xdf,
    0x7f, 0xdf, 0x5f, 0xdf, 0x7f, 0xdf, 0x5f, 0xdf, 0x5f, 0xe7, 0x7f, 0xdf,
    0x5f, 0xdf, 0x7f, 0xe7, 0x7f, 0xdf, 0x5f, 0xdf, 0x5f, 0xdf, 0x7f, 0xdf,
    0x7f, 0xdf, 0x7f, 0xdf, 0x5f, 0xdf, 0x7f, 0xdf, 0x7f, 0xe7, 0x5f, 0xdf,
    0x7f, 0xdf, 0x7f, 0xe7, 0x7f, 0xdf, 0x7f, 0xdf, 0x7f, 0xe7, 0x7f, 0xdf,
    0x7f, 0xdf, 0x7f, 0xe7, 0x7f, 0xdf, 0x7f, 0xdf, 0x7f, 0xe7, 0x7f, 0xe7,
    0x7f, 0xdf, 0x7f, 0xdf, 0x7f, 0xe7, 0x7f, 0xdf, 0x7f, 0xdf, 0x7f, 0xe7,
    0x7f, 0xdf, 0x7f, 0xdf, 0x7f, 0xe7, 0x7f, 0xdf, 0x7f, 0xdf, 0x7f, 0xdf,
    0x7f, 0xdf, 0x7f, 0xdf, 0x7f, 0xdf, 0x7f, 0xdf, 0x7f, 0xe7, 0x7f, 0xe7,
    0x7f, 0xdf, 0x7f, 0xdf, 0x7f, 0xdf, 0x7f, 0xe7, 0x7f, 0xdf, 0x7f, 0xe7,
    0x7f, 0xe7, 0x7f, 0xdf, 0x7f, 0xdf, 0x7f, 0xe7, 0x7f, 0xdf, 0x7f, 0xe7,
    0x9f, 0xdf, 0x7f, 0xe7, 0x7f, 0xe7, 0x9f, 0xe7, 0x9f, 0xdf, 0x7f, 0xe7,
    0x7f, 0xdf, 0x7f, 0xe7, 0x9f, 0xe7, 0x7f, 0xdf, 0x9f, 0xdf, 0x9f, 0xe7,
    0x9f, 0xdf, 0x7f, 0xe7, 0x7f, 0xe7, 0x9f, 0xe7, 0x9f, 0xe7, 0x7f, 0xe7,
    0x9f, 0xe7, 0x9f, 0xe7, 0x9f, 0xe7, 0x9f, 0xe7, 0x9f, 0xe7, 0x7f, 0xe7,
    0x9f, 0xe7, 0x9f, 0xe7, 0x9f, 0xe7, 0x9f, 0xe7, 0x9f, 0xe7, 0x7f, 0xe7,
    0x9f, 0xe7, 0x9f, 0xe7, 0x9f, 0xe7, 0x9f, 0xef, 0x9f, 0xe7, 0x9f, 0xe7,
    0x9f, 0xef, 0x9f, 0xe7, 0x9f, 0xe7, 0x9f, 0xef, 0x9f, 0xef, 0x9f, 0xe7,
    0x9f, 0xe7, 0x9f, 0xe7, 0x9f, 0xe7, 0x9f, 0xef, 0x9f, 0xe7, 0x9f, 0xef,
    0x9f, 0xe7, 0x9f, 0xe7, 0x9f, 0xef, 0x9f, 0xef, 0x9f, 0xe7, 0x9f, 0xe7,
    0x9f, 0xef, 0x9f, 0xef, 0x9f, 0xef, 0xbf, 0xe7, 0x9f, 0xef, 0x9f, 0xef,
    0x9f, 0xe7, 0x9f, 0xef, 0x9f, 0xef, 0x9f, 0xef, 0xbf, 0xef, 0xbf, 0xe7,
    0xbf, 0xef, 0x9f, 0xe7, 0xbf, 0xef, 0xbf, 0xef, 0x9f, 0xef, 0xbf, 0xef,
    0xbf, 0xef, 0x9f, 0xef, 0xbf, 0xef, 0xbf, 0xef, 0x9f, 0xef, 0x9f, 0xef,
    0xbf, 0xef, 0x9f, 0xef, 0x9f, 0xef, 0xbf, 0xef, 0xbf, 0xef, 0xbf, 0xef,
    0xbf, 0xef, 0xbf, 0xef, 0x9f, 0xf7, 0xbf, 0xef, 0x9f, 0xef, 0xbf, 0xef,
    0x9f, 0xf7, 0xbf, 0xef, 0xbf, 0xef, 0x9f, 0xef, 0xbf, 0xef, 0xbf, 0xf7,
    0x9f, 0xef, 0xbf, 0xef, 0xbf, 0xf7, 0xbf, 0xef, 0xbf, 0xef, 0xbf, 0xef,
    0xbf, 0xf7, 0xbf, 0xef, 0xbf, 0xef, 0xbf, 0xef, 0xbf, 0xef, 0x9f, 0xef,
    0xbf, 0xef, 0xbf, 0xf7, 0x9f, 0xef, 0xbf, 0xef, 0xbf, 0xf7, 0xbf, 0xef,
    0xbf, 0xef, 0xbf, 0xf7, 0xbf, 0xef, 0x9f, 0xef, 0xbf, 0xef, 0xbf, 0xf7,
    0xbf, 0xef, 0xbf, 0xef, 0xbf, 0xef, 0xbf, 0xef, 0xbf, 0xef, 0x9f, 0xef,
    0xbf, 0xf7, 0xbf, 0xef, 0x9f, 0xef, 0xbf, 0xef, 0xbf, 0xef, 0xbf, 0xef,
    0xbf, 0xef, 0xff, 0xff, 0xff, 0xff, 0xff, 0xff, 0xff, 0xff, 0xff, 0xff,
    0xff, 0xff, 0xff, 0xff, 0xff, 0xff, 0xff, 0xff, 0xff, 0xff, 0xbf, 0xf7,
    0x5f, 0xdf, 0x7f, 0xdf, 0x5f, 0xdf, 0x5f, 0xdf, 0x7f, 0xdf, 0x7f, 0xdf,
    0x7f, 0xdf, 0x7f, 0xdf, 0x5f, 0xdf, 0x5f, 0xdf, 0x7f, 0xdf, 0x7f, 0xdf,
    0x7f, 0xdf, 0x5f, 0xdf, 0x5f, 0xdf, 0x7f, 0xdf, 0x7f, 0xdf, 0x5f, 0xdf,
    0x7f, 0xdf, 0x5f, 0xdf, 0x5f, 0xdf, 0x7f, 0xdf, 0x7f, 0xdf, 0x7f, 0xdf,
    0x5f, 0xdf, 0x5f, 0xdf, 0x7f, 0xdf, 0x7f, 0xe7, 0x7f, 0xdf, 0x7f, 0xdf,
    0x5f, 0xe7, 0x5f, 0xdf, 0x7f, 0xdf, 0x7f, 0xdf, 0x5f, 0xdf, 0x7f, 0xdf,
    0x7f, 0xdf, 0x7f, 0xe7, 0x7f, 0xdf, 0x5f, 0xdf, 0x7f, 0xdf, 0x7f, 0xdf,
    0x7f, 0xdf, 0x5f, 0xdf, 0x7f, 0xdf, 0x5f, 0xdf, 0x7f, 0xdf, 0x7f, 0xe7,
    0x7f, 0xdf, 0x5f, 0xdf, 0x7f, 0xe7, 0x7f, 0xdf, 0x7f, 0xdf, 0x7f, 0xdf,
    0x7f, 0xdf, 0x7f, 0xdf, 0x7f, 0xdf, 0x5f, 0xe7, 0x7f, 0xdf, 0x7f, 0xdf,
    0x7f, 0xe7, 0x7f, 0xdf, 0x7f, 0xdf, 0x7f, 0xdf, 0x7f, 0xdf, 0x7f, 0xe7,
    0x7f, 0xdf, 0x7f, 0xdf, 0x7f, 0xe7, 0x7f, 0xdf, 0x5f, 0xdf, 0x7f, 0xdf,
    0x7f, 0xdf, 0x7f, 0xdf, 0x7f, 0xe7, 0x7f, 0xdf, 0x5f, 0xe7, 0x7f, 0xe7,
    0x7f, 0xdf, 0x7f, 0xdf, 0x7f, 0xdf, 0x7f, 0xdf, 0x7f, 0xe7, 0x7f, 0xdf,
    0x7f, 0xdf, 0x7f, 0xe7, 0x7f, 0xdf, 0x7f, 0xdf, 0x7f, 0xdf, 0x7f, 0xe7,
    0x7f, 0xe7, 0x7f, 0xdf, 0x7f, 0xe7, 0x7f, 0xe7, 0x9f, 0xdf, 0x7f, 0xe7,
    0x7f, 0xdf, 0x9f, 0xdf, 0x7f, 0xe7, 0x9f, 0xe7, 0x9f, 0xe7, 0x7f, 0xdf,
    0x7f, 0xe7, 0x7f, 0xdf, 0x7f, 0xe7, 0x7f, 0xe7, 0x9f, 0xe7, 0x9f, 0xe7,
    0x7f, 0xdf, 0x9f, 0xe7, 0x7f, 0xe7, 0x9f, 0xe7, 0x9f, 0xe7, 0x9f, 0xe7,
    0x7f, 0xe7, 0x9f, 0xdf, 0x9f, 0xe7, 0x7f, 0xe7, 0x9f, 0xe7, 0x9f, 0xe7,
    0x7f, 0xe7, 0x9f, 0xe7, 0x7f, 0xe7, 0x9f, 0xe7, 0x9f, 0xe7, 0x9f, 0xe7,
    0x9f, 0xef, 0x9f, 0xe7, 0x7f, 0xe7, 0x9f, 0xe7, 0x9f, 0xe7, 0x9f, 0xe7,
    0x7f, 0xe7, 0x9f, 0xef, 0x9f, 0xe7, 0x9f, 0xef, 0x9f, 0xe7, 0x9f, 0xe7,
    0x9f, 0xef, 0x9f, 0xe7, 0x9f, 0xe7, 0x9f, 0xe7, 0x9f, 0xef, 0x9f, 0xe7,
    0x9f, 0xe7, 0x9f, 0xef, 0x9f, 0xe7, 0x9f, 0xe7, 0x9f, 0xef, 0x9f, 0xe7,
    0x9f, 0xe7, 0x9f, 0xef, 0x9f, 0xe7, 0xbf, 0xef, 0x9f, 0xe7, 0xbf, 0xef,
    0x9f, 0xef, 0x9f, 0xef, 0xbf, 0xef, 0x9f, 0xef, 0x9f, 0xef, 0x9f, 0xef,
    0x9f, 0xe7, 0xbf, 0xef, 0x9f, 0xef, 0x9f, 0xe7, 0x9f, 0xef, 0xbf, 0xef,
    0x9f, 0xef, 0x9f, 0xef, 0xbf, 0xe7, 0x9f, 0xef, 0xbf, 0xef, 0xbf, 0xe7,
    0xbf, 0xef, 0x9f, 0xef, 0xbf, 0xef, 0xbf, 0xef, 0xbf, 0xef, 0x9f, 0xef,
    0xbf, 0xef, 0xbf, 0xef, 0xbf, 0xef, 0xbf, 0xf7, 0xbf, 0xef, 0xbf, 0xef,
    0xbf, 0xef, 0xbf, 0xef, 0xbf, 0xef, 0x9f, 0xef, 0xbf, 0xf7, 0xbf, 0xef,
    0xbf, 0xef, 0xbf, 0xef, 0xbf, 0xef, 0xbf, 0xf7, 0xbf, 0xef, 0xbf, 0xef,
    0xbf, 0xef, 0xbf, 0xf7, 0xbf, 0xef, 0xbf, 0xef, 0xbf, 0xf7, 0x9f, 0xef,
    0xbf, 0xef, 0xbf, 0xf7, 0xbf, 0xef, 0xbf, 0xef, 0xbf, 0xef, 0xbf, 0xf7,
    0xbf, 0xef, 0xbf, 0xf7, 0xbf, 0xef, 0xbf, 0xef, 0xbf, 0xf7, 0xbf, 0xef,
    0xbf, 0xf7, 0xbf, 0xef, 0x9f, 0xef, 0xbf, 0xef, 0xbf, 0xef, 0xbf, 0xef,
    0xbf, 0xef, 0xbf, 0xef, 0x9f, 0xef, 0xbf, 0xef, 0xbf, 0xef, 0xbf, 0xef,
    0xbf, 0xef, 0xff, 0xff, 0xff, 0xff, 0xff, 0xff, 0xff, 0xff, 0xff, 0xff,
    0xff, 0xff, 0xff, 0xff, 0xff, 0xff, 0xff, 0xff, 0xff, 0xff, 0xbf, 0xf7,
    0x5f, 0xdf, 0x7f, 0xdf, 0x7f, 0xdf, 0x7f, 0xdf, 0x5f, 0xdf, 0x7f, 0xdf,
    0x7f, 0xdf, 0x7f, 0xe7, 0x7f, 0xe7, 0x5f, 0xdf, 0x7f, 0xdf, 0x7f, 0xe7,
    0x7f, 0xdf, 0x5f, 0xdf, 0x7f, 0xdf, 0x7f, 0xdf, 0x7f, 0xdf, 0x7f, 0xdf,
    0x7f, 0xdf, 0x5f, 0xdf, 0x5f, 0xdf, 0x7f, 0xdf, 0x5f, 0xdf, 0x7f, 0xdf,
    0x7f, 0xdf, 0x7f, 0xe7, 0x5f, 0xdf, 0x5f, 0xdf, 0x5f, 0xdf, 0x7f, 0xdf,
    0x5f, 0xdf, 0x7f, 0xdf, 0x7f, 0xdf, 0x7f, 0xe7, 0x7f, 0xe7, 0x5f, 0xdf,
    0x5f, 0xdf, 0x7f, 0xdf, 0x7f, 0xdf, 0x7f, 0xe7, 0x7f, 0xdf, 0x7f, 0xdf,
    0x5f, 0xdf, 0x7f, 0xdf, 0x7f, 0xdf, 0x5f, 0xdf, 0x5f, 0xdf, 0x7f, 0xe7,
    0x7f, 0xdf, 0x5f, 0xdf, 0x5f, 0xdf, 0x7f, 0xdf, 0x7f, 0xe7, 0x5f, 0xdf,
    0x7f, 0xe7, 0x7f, 0xdf, 0x5f, 0xdf, 0x7f, 0xdf, 0x7f, 0xdf, 0x5f, 0xdf,
    0x7f, 0xdf, 0x7f, 0xe7, 0x7f, 0xe7, 0x7f, 0xdf, 0x7f, 0xdf, 0x7f, 0xe7,
    0x7f, 0xdf, 0x7f, 0xe7, 0x7f, 0xdf, 0x7f, 0xdf, 0x5f, 0xdf, 0x7f, 0xe7,
    0x7f, 0xdf, 0x5f, 0xdf, 0x7f, 0xdf, 0x7f, 0xdf, 0x7f, 0xdf, 0x7f, 0xe7,
    0x7f, 0xe7, 0x7f, 0xe7, 0x7f, 0xdf, 0x7f, 0xe7, 0x7f, 0xdf, 0x7f, 0xdf,
    0x7f, 0xe7, 0x7f, 0xdf, 0x7f, 0xe7, 0x7f, 0xdf, 0x7f, 0xe7, 0x7f, 0xe7,
    0x7f, 0xdf, 0x7f, 0xdf, 0x7f, 0xe7, 0x7f, 0xe7, 0x9f, 0xdf, 0x7f, 0xe7,
    0x7f, 0xe7, 0x7f, 0xdf, 0x7f, 0xe7, 0x7f, 0xdf, 0x7f, 0xe7, 0x9f, 0xe7,
    0x9f, 0xe7, 0x9f, 0xdf, 0x9f, 0xdf, 0x7f, 0xe7, 0x9f, 0xe7, 0x7f, 0xe7,
    0x7f, 0xe7, 0x9f, 0xe7, 0x9f, 0xe7, 0x7f, 0xe7, 0x9f, 0xdf, 0x9f, 0xe7,
    0x9f, 0xe7, 0x7f, 0xe7, 0x9f, 0xe7, 0x9f, 0xe7, 0x9f, 0xe7, 0x7f, 0xe7,
    0x9f, 0xe7, 0x9f, 0xe7, 0x7f, 0xe7, 0x9f, 0xe7, 0x9f, 0xe7, 0x7f, 0xe7,
    0x9f, 0xe7, 0x9f, 0xe7, 0x9f, 0xe7, 0x7f, 0xef, 0x9f, 0xe7, 0x9f, 0xe7,
    0x9f, 0xef, 0x9f, 0xe7, 0x9f, 0xe7, 0x9f, 0xe7, 0x9f, 0xe7, 0x9f, 0xef,
    0x9f, 0xe7, 0x9f, 0xef, 0x9f, 0xef, 0x9f, 0xe7, 0x9f, 0xe7, 0x9f, 0xef,
    0x9f, 0xef, 0x9f, 0xe7, 0x9f, 0xe7, 0x9f, 0xe7, 0x9f, 0xef, 0x9f, 0xef,
    0x9f, 0xef, 0xbf, 0xe7, 0x9f, 0xef, 0x9f, 0xef, 0x9f, 0xef, 0x9f, 0xef,
    0xbf, 0xe7, 0x9f, 0xef, 0xbf, 0xe7, 0x9f, 0xe7, 0x9f, 0xef, 0x9f, 0xef,
    0x9f, 0xef, 0xbf, 0xef, 0xbf, 0xef, 0x9f, 0xef, 0xbf, 0xef, 0x9f, 0xe7,
    0x9f, 0xef, 0xbf, 0xef, 0x9f, 0xef, 0xbf, 0xef, 0xbf, 0xef, 0x9f, 0xef,
    0x9f, 0xef, 0xbf, 0xef, 0x9f, 0xef, 0xbf, 0xef, 0xbf, 0xef, 0x9f, 0xef,
    0xbf, 0xef, 0xbf, 0xef, 0x9f, 0xef, 0xbf, 0xef, 0xbf, 0xf7, 0xbf, 0xef,
    0x9f, 0xef, 0xbf, 0xef, 0xbf, 0xef, 0xbf, 0xef, 0xbf, 0xef, 0xbf, 0xef,
    0xbf, 0xf7, 0xbf, 0xef, 0xbf, 0xef, 0xbf, 0xf7, 0xbf, 0xf7, 0xbf, 0xef,
    0xbf, 0xef, 0x9f, 0xef, 0xbf, 0xef, 0xbf, 0xf7, 0xbf, 0xef, 0xbf, 0xef,
    0x9f, 0xef, 0xbf, 0xf7, 0xbf, 0xef, 0xbf, 0xef, 0xbf, 0xf7, 0xbf, 0xef,
    0xbf, 0xef, 0xbf, 0xef, 0xbf, 0xf7, 0xbf, 0xef, 0xbf, 0xef, 0xbf, 0xef,
    0xbf, 0xf7, 0xbf, 0xef, 0xbf, 0xef, 0x9f, 0xef, 0xbf, 0xef, 0xbf, 0xef,
    0xbf, 0xef, 0xbf, 0xef, 0xbf, 0xef, 0xbf, 0xef, 0xbf, 0xef, 0x9f, 0xef,
    0xbf, 0xef, 0xff, 0xff, 0xff, 0xff, 0xff, 0xff, 0xff, 0xff, 0xff, 0xff,
    0xff, 0xff, 0xff, 0xff, 0xff, 0xff, 0xff, 0xff, 0xff, 0xff, 0xbf, 0xef,
    0x5f, 0xdf, 0x7f, 0xdf, 0x5f, 0xdf, 0x5f, 0xdf, 0x7f, 0xdf, 0x7f, 0xdf,
    0x5f, 0xdf, 0x7f, 0xdf, 0x7f, 0xdf, 0x7f, 0xdf, 0x7f, 0xdf, 0x5f, 0xdf,
    0x7f, 0xdf, 0x5f, 0xdf, 0x7f, 0xe7, 0x5f, 0xdf, 0x7f, 0xdf, 0x5f, 0xdf,
    0x5f, 0xdf, 0x7f, 0xe7, 0x7f, 0xdf, 0x7f, 0xdf, 0x5f, 0xdf, 0x5f, 0xdf,
    0x7f, 0xe7, 0x7f, 0xdf, 0x7f, 0xdf, 0x5f, 0xdf, 0x7f, 0xdf, 0x5f, 0xdf,
    0x7f, 0xdf, 0x7f, 0xdf, 0x7f, 0xdf, 0x5f, 0xdf, 0x7f, 0xdf, 0x7f, 0xdf,
    0x7f, 0xdf, 0x7f, 0xdf, 0x5f, 0xdf, 0x7f, 0xdf, 0x7f, 0xdf, 0x5f, 0xdf,
    0x7f, 0xdf, 0x7f, 0xe7, 0x7f, 0xdf, 0x7f, 0xdf, 0x7f, 0xe7, 0x7f, 0xdf,
    0x7f, 0xdf, 0x5f, 0xdf, 0x5f, 0xdf, 0x7f, 0xe7, 0x7f, 0xdf, 0x5f, 0xdf,
    0x7f, 0xdf, 0x7f, 0xe7, 0x7f, 0xdf, 0x7f, 0xdf, 0x5f, 0xdf, 0x7f, 0xdf,
    0x7f, 0xdf, 0x7f, 0xdf, 0x7f, 0xdf, 0x7f, 0xe7, 0x7f, 0xe7, 0x7f, 0xdf,
    0x7f, 0xdf, 0x7f, 0xdf, 0x7f, 0xdf, 0x7f, 0xdf, 0x7f, 0xe7, 0x7f, 0xdf,
    0x7f, 0xdf, 0x7f, 0xe7, 0x7f, 0xe7, 0x7f, 0xdf, 0x7f, 0xdf, 0x7f, 0xdf,
    0x7f, 0xdf, 0x7f, 0xdf, 0x7f, 0xe7, 0x7f, 0xe7, 0x7f, 0xdf, 0x7f, 0xe7,
    0x7f, 0xe7, 0x7f, 0xdf, 0x7f, 0xdf, 0x7f, 0xe7, 0x7f, 0xdf, 0x7f, 0xdf,
    0x7f, 0xe7, 0x9f, 0xe7, 0x7f, 0xdf, 0x7f, 0xe7, 0x7f, 0xe7, 0x7f, 0xdf,
    0x7f, 0xdf, 0x7f, 0xe7, 0x7f, 0xe7, 0x9f, 0xdf, 0x7f, 0xe7, 0x9f, 0xe7,
    0x7f, 0xe7, 0x9f, 0xe7, 0x7f, 0xe7, 0x9f, 0xe7, 0x9f, 0xdf, 0x9f, 0xe7,
    0x7f, 0xe7, 0x9f, 0xe7, 0x7f, 0xe7, 0x9f, 0xe7, 0x9f, 0xe7, 0x9f, 0xe7,
    0x9f, 0xe7, 0x9f, 0xe7, 0x9f, 0xe7, 0x9f, 0xe7, 0x7f, 0xe7, 0x9f, 0xe7,
    0x9f, 0xe7, 0x9f, 0xe7, 0x9f, 0xe7, 0x9f, 0xe7, 0x9f, 0xe7, 0x9f, 0xef,
    0x9f, 0xe7, 0x9f, 0xe7, 0x9f, 0xe7, 0x7f, 0xe7, 0x9f, 0xef, 0x9f, 0xe7,
    0x9f, 0xef, 0x9f, 0xe7, 0x9f, 0xef, 0x9f, 0xef, 0x9f, 0xe7, 0x9f, 0xe7,
    0x9f, 0xe7, 0x9f, 0xe7, 0x9f, 0xef, 0x9f, 0xe7, 0x9f, 0xe7, 0x9f, 0xef,
    0x9f, 0xe7, 0x9f, 0xef, 0x9f, 0xef, 0x9f, 0xef, 0x9f, 0xe7, 0x9f, 0xef,
    0xbf, 0xef, 0x9f, 0xef, 0x9f, 0xef, 0x9f, 0xe7, 0xbf, 0xef, 0x9f, 0xe7,
    0xbf, 0xef, 0x9f, 0xef, 0xbf, 0xef, 0xbf, 0xef, 0xbf, 0xef, 0x9f, 0xe7,
    0xbf, 0xef, 0xbf, 0xef, 0x9f, 0xe7, 0x9f, 0xef, 0x9f, 0xef, 0x9f, 0xe7,
    0xbf, 0xef, 0xbf, 0xef, 0x9f, 0xef, 0xbf, 0xef, 0x9f, 0xef, 0x9f, 0xef,
    0xbf, 0xef, 0xbf, 0xef, 0x9f, 0xef, 0xbf, 0xef, 0xbf, 0xef, 0xbf, 0xef,
    0xbf, 0xef, 0xbf, 0xef, 0xbf, 0xef, 0xbf, 0xef, 0xbf, 0xef, 0x9f, 0xf7,
    0xbf, 0xef, 0xbf, 0xef, 0x9f, 0xf7, 0xbf, 0xef, 0xbf, 0xef, 0xbf, 0xf7,
    0xbf, 0xef, 0xbf, 0xef, 0xbf, 0xef, 0xbf, 0xef, 0xbf, 0xef, 0xbf, 0xf7,
    0xbf, 0xef, 0xbf, 0xef, 0xbf, 0xef, 0xbf, 0xef, 0x9f, 0xef, 0xbf, 0xef,
    0xbf, 0xef, 0xbf, 0xf7, 0xbf, 0xef, 0xbf, 0xef, 0xbf, 0xf7, 0xbf, 0xef,
    0xbf, 0xef, 0xbf, 0xef, 0xbf, 0xef, 0xbf, 0xef, 0xbf, 0xef, 0xbf, 0xef,
    0xbf, 0xef, 0xbf, 0xef, 0xbf, 0xf7, 0xbf, 0xef, 0x9f, 0xef, 0x9f, 0xef,
    0x9f, 0xef, 0xbf, 0xef, 0x9f, 0xef, 0xbf, 0xef, 0xbf, 0xef, 0x9f, 0xef,
    0xbf, 0xef, 0xff, 0xff, 0xff, 0xff, 0xff, 0xff, 0xff, 0xff, 0xff, 0xff,
    0xff, 0xff, 0xff, 0xff, 0xff, 0xff, 0xff, 0xff, 0xff, 0xff, 0xbf, 0xf7,
    0x5f, 0xdf, 0x7f, 0xdf, 0x5f, 0xdf, 0x7f, 0xdf, 0x7f, 0xdf, 0x7f, 0xe7,
    0x5f, 0xdf, 0x7f, 0xdf, 0x7f, 0xe7, 0x5f, 0xdf, 0x7f, 0xdf, 0x7f, 0xe7,
    0x7f, 0xdf, 0x7f, 0xdf, 0x7f, 0xdf, 0x7f, 0xe7, 0x7f, 0xdf, 0x7f, 0xdf,
    0x7f, 0xe7, 0x7f, 0xdf, 0x5f, 0xdf, 0x7f, 0xdf, 0x7f, 0xdf, 0x7f, 0xdf,
    0x7f, 0xdf, 0x7f, 0xdf, 0x7f, 0xdf, 0x7f, 0xe7, 0x5f, 0xdf, 0x7f, 0xdf,
    0x5f, 0xe7, 0x7f, 0xdf, 0x7f, 0xdf, 0x7f, 0xe7, 0x7f, 0xdf, 0x7f, 0xdf,
    0x7f, 0xe7, 0x5f, 0xe7, 0x7f, 0xdf, 0x7f, 0xdf, 0x5f, 0xe7, 0x7f, 0xdf,
    0x7f, 0xdf, 0x7f, 0xe7, 0x5f, 0xdf, 0x7f, 0xdf, 0x7f, 0xdf, 0x7f, 0xdf,
    0x7f, 0xdf, 0x7f, 0xdf, 0x7f, 0xdf, 0x7f, 0xdf, 0x7f, 0xdf, 0x7f, 0xdf,
    0x7f, 0xdf, 0x5f, 0xdf, 0x7f, 0xe7, 0x7f, 0xdf, 0x7f, 0xdf, 0x7f, 0xe7,
    0x7f, 0xe7, 0x7f, 0xdf, 0x7f, 0xdf, 0x7f, 0xdf, 0x7f, 0xdf, 0x7f, 0xe7,
    0x7f, 0xdf, 0x7f, 0xdf, 0x7f, 0xe7, 0x7f, 0xe7, 0x7f, 0xdf, 0x7f, 0xdf,
    0x7f, 0xdf, 0x7f, 0xdf, 0x7f, 0xe7, 0x7f, 0xdf, 0x7f, 0xe7, 0x7f, 0xdf,
    0x7f, 0xdf, 0x7f, 0xdf, 0x7f, 0xdf, 0x7f, 0xe7, 0x7f, 0xdf, 0x7f, 0xdf,
    0x7f, 0xe7, 0x7f, 0xdf, 0x7f, 0xe7, 0x7f, 0xdf, 0x7f, 0xe7, 0x7f, 0xdf,
    0x7f, 0xe7, 0x7f, 0xe7, 0x9f, 0xdf, 0x7f, 0xe7, 0x7f, 0xe7, 0x9f, 0xdf,
    0x7f, 0xe7, 0x9f, 0xe7, 0x9f, 0xdf, 0x9f, 0xe7, 0x7f, 0xdf, 0x7f, 0xdf,
    0x9f, 0xe7, 0x7f, 0xe7, 0x7f, 0xe7, 0x9f, 0xe7, 0x9f, 0xe7, 0x9f, 0xe7,
    0x9f, 0xe7, 0x9f, 0xdf, 0x9f, 0xe7, 0x9f, 0xe7, 0x7f, 0xe7, 0x9f, 0xe7,
    0x9f, 0xe7, 0x9f, 0xdf, 0x7f, 0xe7, 0x9f, 0xe7, 0x9f, 0xe7, 0x7f, 0xe7,
    0x9f, 0xe7, 0x9f, 0xe7, 0x9f, 0xe7, 0x9f, 0xe7, 0x9f, 0xe7, 0x9f, 0xef,
    0x9f, 0xe7, 0x9f, 0xe7, 0x9f, 0xef, 0x9f, 0xe7, 0x9f, 0xe7, 0x9f, 0xe7,
    0x7f, 0xe7, 0x9f, 0xe7, 0x9f, 0xe7, 0x9f, 0xe7, 0x9f, 0xef, 0x9f, 0xe7,
    0x9f, 0xef, 0x9f, 0xe7, 0x9f, 0xe7, 0x9f, 0xef, 0x9f, 0xe7, 0x9f, 0xe7,
    0x9f, 0xef, 0x9f, 0xe7, 0x9f, 0xef, 0x9f, 0xe7, 0x9f, 0xe7, 0x9f, 0xef,
    0x9f, 0xe7, 0xbf, 0xef, 0xbf, 0xef, 0x9f, 0xef, 0x9f, 0xe7, 0xbf, 0xef,
    0x9f, 0xef, 0x9f, 0xef, 0x9f, 0xef, 0xbf, 0xef, 0x9f, 0xef, 0xbf, 0xe7,
    0x9f, 0xef, 0xbf, 0xef, 0xbf, 0xef, 0xbf, 0xef, 0xbf, 0xef, 0x9f, 0xef,
    0xbf, 0xef, 0x9f, 0xef, 0xbf, 0xef, 0x9f, 0xef, 0xbf, 0xef, 0xbf, 0xef,
    0x9f, 0xef, 0x9f, 0xef, 0xbf, 0xef, 0xbf, 0xef, 0xbf, 0xef, 0x9f, 0xef,
    0xbf, 0xef, 0xbf, 0xf7, 0x9f, 0xef, 0xbf, 0xef, 0xbf, 0xef, 0xbf, 0xef,
    0xbf, 0xef, 0xbf, 0xef, 0xbf, 0xef, 0x9f, 0xf7, 0xbf, 0xef, 0xbf, 0xef,
    0xbf, 0xef, 0xbf, 0xf7, 0xbf, 0xef, 0xbf, 0xef, 0xbf, 0xef, 0xbf, 0xf7,
    0xbf, 0xef, 0xbf, 0xef, 0xbf, 0xf7, 0xbf, 0xf7, 0xbf, 0xef, 0xbf, 0xef,
    0xbf, 0xf7, 0xbf, 0xef, 0x9f, 0xef, 0xbf, 0xef, 0xbf, 0xf7, 0xbf, 0xef,
    0xbf, 0xef, 0xbf, 0xf7, 0xbf, 0xf7, 0xbf, 0xef, 0xbf, 0xef, 0xbf, 0xf7,
    0xbf, 0xef, 0x9f, 0xef, 0xbf, 0xef, 0xbf, 0xef, 0xbf, 0xef, 0xbf, 0xef,
    0xbf, 0xef, 0xbf, 0xef, 0x9f, 0xef, 0xbf, 0xef, 0xbf, 0xef, 0xbf, 0xf7,
    0xbf, 0xef, 0xff, 0xff, 0xff, 0xff, 0xff, 0xff, 0xff, 0xff, 0xff, 0xff,
    0xff, 0xff, 0xff, 0xff, 0xff, 0xff, 0xff, 0xff, 0xff, 0xff, 0xbf, 0xef,
    0x5f, 0xdf, 0x7f, 0xdf, 0x7f, 0xdf, 0x5f, 0xdf, 0x5f, 0xdf, 0x5f, 0xdf,
    0x7f, 0xdf, 0x7f, 0xdf, 0x7f, 0xe7, 0x7f, 0xdf, 0x7f, 0xdf, 0x7f, 0xe7,
    0x7f, 0xdf, 0x7f, 0xdf, 0x5f, 0xdf, 0x7f, 0xdf, 0x5f, 0xe7, 0x7f, 0xdf,
    0x7f, 0xdf, 0x7f, 0xdf, 0x5f, 0xdf, 0x5f, 0xdf, 0x7f, 0xdf, 0x7f, 0xdf,
    0x7f, 0xdf, 0x7f, 0xdf, 0x5f, 0xdf, 0x7f, 0xdf, 0x5f, 0xdf, 0x7f, 0xdf,
    0x7f, 0xdf, 0x5f, 0xdf, 0x7f, 0xe7, 0x7f, 0xdf, 0x7f, 0xdf, 0x7f, 0xdf,
    0x5f, 0xdf, 0x7f, 0xdf, 0x7f, 0xdf, 0x7f, 0xe7, 0x7f, 0xdf, 0x7f, 0xdf,
    0x7f, 0xdf, 0x7f, 0xdf, 0x7f, 0xe7, 0x7f, 0xe7, 0x5f, 0xdf, 0x5f, 0xdf,
    0x7f, 0xe7, 0x7f, 0xdf, 0x7f, 0xdf, 0x7f, 0xe7, 0x5f, 0xdf, 0x7f, 0xe7,
    0x7f, 0xdf, 0x5f, 0xdf, 0x7f, 0xdf, 0x7f, 0xdf, 0x7f, 0xdf, 0x5f, 0xdf,
    0x7f, 0xdf, 0x7f, 0xdf, 0x7f, 0xe7, 0x7f, 0xdf, 0x7f, 0xdf, 0x7f, 0xdf,
    0x7f, 0xdf, 0x7f, 0xdf, 0x7f, 0xe7, 0x7f, 0xdf, 0x7f, 0xdf, 0x7f, 0xe7,
    0x7f, 0xe7, 0x7f, 0xdf, 0x7f, 0xdf, 0x7f, 0xdf, 0x7f, 0xe7, 0x7f, 0xe7,
    0x7f, 0xdf, 0x7f, 0xe7, 0x7f, 0xdf, 0x7f, 0xe7, 0x7f, 0xe7, 0x7f, 0xdf,
    0x7f, 0xe7, 0x7f, 0xdf, 0x7f, 0xe7, 0x7f, 0xe7, 0x7f, 0xdf, 0x7f, 0xe7,
    0x7f, 0xdf, 0x7f, 0xdf, 0x9f, 0xe7, 0x9f, 0xe7, 0x9f, 0xe7, 0x9f, 0xe7,
    0x9f, 0xe7, 0x7f, 0xdf, 0x7f, 0xe7, 0x7f, 0xe7, 0x7f, 0xe7, 0x7f, 0xdf,
    0x9f, 0xdf, 0x7f, 0xdf, 0x7f, 0xdf, 0x7f, 0xe7, 0x9f, 0xe7, 0x7f, 0xe7,
    0x9f, 0xe7, 0x9f, 0xe7, 0x7f, 0xe7, 0x9f, 0xe7, 0x9f, 0xdf, 0x7f, 0xe7,
    0x9f, 0xe7, 0x9f, 0xe7, 0x9f, 0xe7, 0x9f, 0xe7, 0x9f, 0xe7, 0x9f, 0xe7,
    0x7f, 0xe7, 0x9f, 0xe7, 0x9f, 0xe7, 0x7f, 0xe7, 0x9f, 0xe7, 0x7f, 0xe7,
    0x9f, 0xe7, 0x9f, 0xef, 0x9f, 0xe7, 0x9f, 0xe7, 0x9f, 0xef, 0x9f, 0xef,
    0x9f, 0xe7, 0x9f, 0xef, 0x9f, 0xe7, 0x9f, 0xe7, 0x9f, 0xe7, 0x9f, 0xef,
    0x9f, 0xe7, 0x9f, 0xef, 0x9f, 0xef, 0x9f, 0xe7, 0x9f, 0xef, 0x9f, 0xef,
    0x9f, 0xe7, 0x9f, 0xe7, 0x9f, 0xef, 0x9f, 0xef, 0x9f, 0xef, 0x9f, 0xe7,
    0x9f, 0xef, 0x9f, 0xef, 0xbf, 0xef, 0x9f, 0xef, 0xbf, 0xef, 0xbf, 0xef,
    0x9f, 0xef, 0x9f, 0xe7, 0xbf, 0xef, 0x9f, 0xef, 0xbf, 0xef, 0x9f, 0xef,
    0x9f, 0xef, 0xbf, 0xef, 0x9f, 0xef, 0x9f, 0xef, 0x9f, 0xef, 0x9f, 0xef,
    0x9f, 0xef, 0xbf, 0xef, 0x9f, 0xe7, 0xbf, 0xef, 0x9f, 0xef, 0xbf, 0xef,
    0xbf, 0xef, 0x9f, 0xef, 0xbf, 0xef, 0xbf, 0xef, 0xbf, 0xef, 0x9f, 0xef,
    0xbf, 0xef, 0xbf, 0xef, 0x9f, 0xef, 0xbf, 0xef, 0xbf, 0xef, 0x9f, 0xef,
    0xbf, 0xef, 0xbf, 0xf7, 0xbf, 0xef, 0xbf, 0xef, 0xbf, 0xef, 0xbf, 0xef,
    0xbf, 0xf7, 0xbf, 0xf7, 0xbf, 0xef, 0xbf, 0xf7, 0xbf, 0xf7, 0xbf, 0xef,
    0xbf, 0xef, 0x9f, 0xef, 0xbf, 0xef, 0xbf, 0xf7, 0xbf, 0xef, 0xbf, 0xf7,
    0xbf, 0xf7, 0xbf, 0xef, 0xbf, 0xef, 0xbf, 0xef, 0xbf, 0xf7, 0xbf, 0xef,
    0xbf, 0xf7, 0xbf, 0xef, 0xbf, 0xf7, 0xbf, 0xef, 0x9f, 0xef, 0xbf, 0xf7,
    0xbf, 0xef, 0xbf, 0xef, 0xbf, 0xf7, 0xbf, 0xef, 0xbf, 0xf7, 0xbf, 0xef,
    0xbf, 0xef, 0xbf, 0xef, 0xbf, 0xef, 0xbf, 0xef, 0xbf, 0xef, 0xbf, 0xef,
    0xbf, 0xef, 0xff, 0xff, 0xff, 0xff, 0xff, 0xff, 0xff, 0xff, 0xff, 0xff,
    0xff, 0xff, 0xff, 0xff, 0xff, 0xff, 0xff, 0xff, 0xff, 0xff, 0xbf, 0xf7,
    0x7f, 0xdf, 0x7f, 0xdf, 0x5f, 0xdf, 0x7f, 0xdf, 0x7f, 0xdf, 0x7f, 0xdf,
    0x7f, 0xdf, 0x7f, 0xdf, 0x5f, 0xdf, 0x7f, 0xdf, 0x7f, 0xdf, 0x5f, 0xdf,
    0x7f, 0xe7, 0x7f, 0xdf, 0x7f, 0xdf, 0x7f, 0xdf, 0x7f, 0xdf, 0x5f, 0xdf,
    0x7f, 0xdf, 0x7f, 0xe7, 0x7f, 0xdf, 0x7f, 0xdf, 0x7f, 0xe7, 0x5f, 0xdf,
    0x7f, 0xe7, 0x7f, 0xdf, 0x7f, 0xe7, 0x7f, 0xdf, 0x5f, 0xdf, 0x5f, 0xe7,
    0x7f, 0xdf, 0x5f, 0xdf, 0x7f, 0xdf, 0x5f, 0xdf, 0x7f, 0xe7, 0x7f, 0xdf,
    0x7f, 0xdf, 0x7f, 0xdf, 0x7f, 0xe7, 0x5f, 0xdf, 0x7f, 0xdf, 0x7f, 0xe7,
    0x5f, 0xdf, 0x7f, 0xdf, 0x7f, 0xdf, 0x7f, 0xdf, 0x7f, 0xdf, 0x7f, 0xdf,
    0x7f, 0xdf, 0x7f, 0xe7, 0x7f, 0xdf, 0x7f, 0xdf, 0x7f, 0xe7, 0x7f, 0xdf,
    0x7f, 0xdf, 0x7f, 0xe7, 0x7f, 0xdf, 0x7f, 0xe7, 0x7f, 0xdf, 0x7f, 0xdf,
    0x7f, 0xdf, 0x7f, 0xe7, 0x7f, 0xdf, 0x7f, 0xe7, 0x7f, 0xe7, 0x7f, 0xdf,
    0x7f, 0xe7, 0x7f, 0xe7, 0x7f, 0xdf, 0x7f, 0xdf, 0x7f, 0xe7, 0x7f, 0xdf,
    0x7f, 0xdf, 0x7f, 0xe7, 0x7f, 0xe7, 0x7f, 0xdf, 0x7f, 0xdf, 0x7f, 0xdf,
    0x7f, 0xe7, 0x7f, 0xdf, 0x7f, 0xe7, 0x7f, 0xe7, 0x7f, 0xdf, 0x7f, 0xe7,
    0x7f, 0xdf, 0x7f, 0xdf, 0x7f, 0xdf, 0x7f, 0xe7, 0x7f, 0xdf, 0x9f, 0xe7,
    0x7f, 0xe7, 0x9f, 0xdf, 0x9f, 0xe7, 0x7f, 0xe7, 0x7f, 0xdf, 0x7f, 0xe7,
    0x9f, 0xe7, 0x7f, 0xe7, 0x7f, 0xe7, 0x7f, 0xe7, 0x7f, 0xe7, 0x9f, 0xe7,
    0x7f, 0xe7, 0x7f, 0xe7, 0x7f, 0xdf, 0x7f, 0xdf, 0x9f, 0xe7, 0x9f, 0xe7,
    0x9f, 0xe7, 0x7f, 0xe7, 0x9f, 0xe7, 0x9f, 0xe7, 0x9f, 0xe7, 0x9f, 0xe7,
    0x9f, 0xe7, 0x9f, 0xe7, 0x7f, 0xe7, 0x9f, 0xe7, 0x9f, 0xe7, 0x9f, 0xe7,
    0x9f, 0xe7, 0x9f, 0xef, 0x9f, 0xe7, 0x9f, 0xef, 0x9f, 0xe7, 0x9f, 0xe7,
    0x7f, 0xef, 0x9f, 0xe7, 0x9f, 0xe7, 0x7f, 0xe7, 0x9f, 0xe7, 0x9f, 0xef,
    0x9f, 0xe7, 0x9f, 0xef, 0x9f, 0xef, 0x9f, 0xe7, 0x9f, 0xe7, 0x9f, 0xe7,
    0x9f, 0xe7, 0x9f, 0xe7, 0x9f, 0xef, 0x9f, 0xe7, 0x9f, 0xe7, 0x9f, 0xef,
    0x9f, 0xe7, 0x9f, 0xef, 0x9f, 0xef, 0xbf, 0xe7, 0x9f, 0xef, 0xbf, 0xef,
    0x9f, 0xe7, 0xbf, 0xe7, 0xbf, 0xef, 0x9f, 0xe7, 0x9f, 0xef, 0xbf, 0xef,
    0xbf, 0xef, 0x9f, 0xe7, 0xbf, 0xef, 0xbf, 0xef, 0x9f, 0xe7, 0xbf, 0xef,
    0xbf, 0xef, 0x9f, 0xe7, 0xbf, 0xef, 0x9f, 0xef, 0xbf, 0xef, 0xbf, 0xe7,
    0x9f, 0xef, 0xbf, 0xef, 0xbf, 0xef, 0x9f, 0xef, 0xbf, 0xef, 0x9f, 0xef,
    0xbf, 0xef, 0x9f, 0xef, 0x9f, 0xef, 0x9f, 0xef, 0xbf, 0xef, 0xbf, 0xef,
    0xbf, 0xf7, 0xbf, 0xef, 0xbf, 0xef, 0xbf, 0xf7, 0xbf, 0xef, 0xbf, 0xef,
    0xbf, 0xf7, 0xbf, 0xef, 0xbf, 0xef, 0xbf, 0xef, 0xbf, 0xf7, 0xbf, 0xef,
    0xbf, 0xef, 0xbf, 0xef, 0xbf, 0xef, 0xbf, 0xef, 0xbf, 0xf7, 0xbf, 0xef,
    0xbf, 0xf7, 0xbf, 0xef, 0xbf, 0xef, 0xbf, 0xef, 0xbf, 0xef, 0xbf, 0xef,
    0x9f, 0xef, 0xbf, 0xef, 0xbf, 0xef, 0xbf, 0xf7, 0xbf, 0xef, 0xbf, 0xef,
    0xbf, 0xf7, 0xbf, 0xef, 0xbf, 0xef, 0xbf, 0xf7, 0xbf, 0xef, 0xbf, 0xef,
    0xbf, 0xef, 0xbf, 0xef, 0xbf, 0xef, 0xbf, 0xf7, 0xbf, 0xef, 0x9f, 0xef,
    0x9f, 0xef, 0xbf, 0xf7, 0xbf, 0xef, 0x9f, 0xef, 0xbf, 0xef, 0xbf, 0xf7,
    0xbf, 0xef, 0xff, 0xff, 0xff, 0xff, 0xff, 0xff, 0xff, 0xff, 0xff, 0xff,
    0xff, 0xff, 0xff, 0xff, 0xff, 0xff, 0xff, 0xff, 0xff, 0xff, 0xdf, 0xf7,
    0x7f, 0xdf, 0x7f, 0xdf, 0x7f, 0xdf, 0x5f, 0xdf, 0x7f, 0xdf, 0x7f, 0xe7,
    0x5f, 0xdf, 0x7f, 0xdf, 0x7f, 0xe7, 0x7f, 0xdf, 0x7f, 0xdf, 0x7f, 0xe7,
    0x5f, 0xdf, 0x7f, 0xdf, 0x5f, 0xe7, 0x7f, 0xdf, 0x7f, 0xe7, 0x7f, 0xdf,
    0x7f, 0xdf, 0x7f, 0xe7, 0x7f, 0xdf, 0x7f, 0xdf, 0x5f, 0xdf, 0x7f, 0xdf,
    0x7f, 0xdf, 0x7f, 0xdf, 0x7f, 0xdf, 0x7f, 0xe7, 0x7f, 0xdf, 0x7f, 0xdf,
    0x7f, 0xe7, 0x5f, 0xdf, 0x5f, 0xdf, 0x7f, 0xdf, 0x7f, 0xe7, 0x7f, 0xe7,
    0x7f, 0xdf, 0x7f, 0xdf, 0x7f, 0xe7, 0x7f, 0xdf, 0x7f, 0xdf, 0x7f, 0xe7,
    0x7f, 0xdf, 0x5f, 0xdf, 0x7f, 0xe7, 0x7f, 0xdf, 0x7f, 0xdf, 0x7f, 0xe7,
    0x7f, 0xdf, 0x5f, 0xdf, 0x7f, 0xdf, 0x7f, 0xdf, 0x5f, 0xe7, 0x7f, 0xdf,
    0x7f, 0xe7, 0x7f, 0xdf, 0x7f, 0xdf, 0x7f, 0xdf, 0x7f, 0xe7, 0x7f, 0xdf,
    0x7f, 0xe7, 0x7f, 0xdf, 0x7f, 0xdf, 0x7f, 0xdf, 0x7f, 0xdf, 0x7f, 0xe7,
    0x7f, 0xdf, 0x7f, 0xdf, 0x7f, 0xdf, 0x7f, 0xe7, 0x7f, 0xe7, 0x7f, 0xdf,
    0x7f, 0xdf, 0x7f, 0xdf, 0x7f, 0xe7, 0x7f, 0xdf, 0x7f, 0xdf, 0x7f, 0xe7,
    0x7f, 0xdf, 0x7f, 0xdf, 0x7f, 0xe7, 0x7f, 0xdf, 0x9f, 0xe7, 0x9f, 0xe7,
    0x7f, 0xe7, 0x7f, 0xdf, 0x7f, 0xe7, 0x7f, 0xdf, 0x9f, 0xdf, 0x7f, 0xe7,
    0x9f, 0xe7, 0x7f, 0xe7, 0x9f, 0xe7, 0x7f, 0xdf, 0x9f, 0xe7, 0x7f, 0xe7,
    0x9f, 0xdf, 0x9f, 0xe7, 0x9f, 0xdf, 0x7f, 0xdf, 0x9f, 0xe7, 0x9f, 0xe7,
    0x9f, 0xdf, 0x9f, 0xe7, 0x9f, 0xe7, 0x9f, 0xe7, 0x9f, 0xe7, 0x7f, 0xdf,
    0x7f, 0xe7, 0x9f, 0xe7, 0x9f, 0xdf, 0x7f, 0xe7, 0x9f, 0xe7, 0x9f, 0xe7,
    0x7f, 0xe7, 0x9f, 0xe7, 0x9f, 0xe7, 0x7f, 0xe7, 0x9f, 0xe7, 0x9f, 0xe7,
    0x9f, 0xe7, 0x9f, 0xe7, 0x9f, 0xe7, 0x9f, 0xe7, 0x9f, 0xef, 0x9f, 0xe7,
    0x9f, 0xe7, 0x7f, 0xe7, 0x9f, 0xef, 0x9f, 0xe7, 0x7f, 0xe7, 0x9f, 0xe7,
    0x9f, 0xe7, 0x9f, 0xe7, 0x9f, 0xe7, 0x9f, 0xef, 0x9f, 0xef, 0x9f, 0xef,
    0x9f, 0xe7, 0x9f, 0xe7, 0x9f, 0xef, 0x9f, 0xef, 0x9f, 0xe7, 0x9f, 0xe7,
    0x9f, 0xef, 0x9f, 0xe7, 0x9f, 0xef, 0x9f, 0xe7, 0xbf, 0xef, 0x9f, 0xef,
    0x9f, 0xef, 0xbf, 0xef, 0x9f, 0xef, 0x9f, 0xef, 0xbf, 0xef, 0x9f, 0xef,
    0x9f, 0xef, 0xbf, 0xef, 0x9f, 0xef, 0x9f, 0xef, 0xbf, 0xef, 0x9f, 0xe7,
    0xbf, 0xef, 0xbf, 0xef, 0x9f, 0xef, 0xbf, 0xe7, 0xbf, 0xef, 0x9f, 0xef,
    0x9f, 0xef, 0xbf, 0xef, 0xbf, 0xef, 0xbf, 0xef, 0xbf, 0xef, 0xbf, 0xef,
    0x9f, 0xef, 0xbf, 0xef, 0xbf, 0xef, 0xbf, 0xef, 0xbf, 0xef, 0xbf, 0xef,
    0x9f, 0xef, 0xbf, 0xef, 0x9f, 0xef, 0xbf, 0xef, 0xbf, 0xef, 0x9f, 0xef,
    0xbf, 0xef, 0xbf, 0xef, 0xbf, 0xef, 0xbf, 0xef, 0xbf, 0xf7, 0xbf, 0xf7,
    0xbf, 0xef, 0xbf, 0xf7, 0xbf, 0xef, 0xbf, 0xef, 0xbf, 0xef, 0xbf, 0xef,
    0xbf, 0xf7, 0xbf, 0xf7, 0xbf, 0xef, 0xbf, 0xf7, 0xbf, 0xef, 0xbf, 0xef,
    0xbf, 0xf7, 0xbf, 0xef, 0xbf, 0xef, 0xbf, 0xef, 0xbf, 0xf7, 0xbf, 0xef,
    0xbf, 0xef, 0xbf, 0xf7, 0xbf, 0xef, 0xbf, 0xef, 0xbf, 0xef, 0xbf, 0xf7,
    0xbf, 0xef, 0xbf, 0xef, 0xbf, 0xf7, 0xbf, 0xef, 0xbf, 0xef, 0xbf, 0xf7,
    0xbf, 0xef, 0xbf, 0xef, 0x9f, 0xef, 0xbf, 0xef, 0xbf, 0xf7, 0xbf, 0xef,
    0xbf, 0xef, 0xff, 0xff, 0xff, 0xff, 0xff, 0xff, 0xff, 0xff, 0xff, 0xff,
    0xff, 0xff, 0xff, 0xff, 0xff, 0xff, 0xff, 0xff, 0xff, 0xff, 0xbf, 0xf7,
    0x5f, 0xdf, 0x5f, 0xdf, 0x5f, 0xdf, 0x5f, 0xdf, 0x7f, 0xdf, 0x7f, 0xdf,
    0x5f, 0xdf, 0x5f, 0xdf, 0x7f, 0xe7, 0x5f, 0xdf, 0x5f, 0xdf, 0x5f, 0xdf,
    0x7f, 0xdf, 0x7f, 0xdf, 0x5f, 0xdf, 0x7f, 0xdf, 0x5f, 0xdf, 0x7f, 0xdf,
    0x7f, 0xdf, 0x7f, 0xdf, 0x5f, 0xe7, 0x7f, 0xdf, 0x7f, 0xdf, 0x7f, 0xdf,
    0x5f, 0xe7, 0x7f, 0xdf, 0x7f, 0xdf, 0x5f, 0xdf, 0x7f, 0xdf, 0x7f, 0xdf,
    0x7f, 0xdf, 0x7f, 0xe7, 0x7f, 0xdf, 0x7f, 0xdf, 0x7f, 0xdf, 0x7f, 0xe7,
    0x7f, 0xdf, 0x5f, 0xdf, 0x7f, 0xdf, 0x7f, 0xdf, 0x5f, 0xdf, 0x7f, 0xdf,
    0x7f, 0xdf, 0x7f, 0xe7, 0x7f, 0xe7, 0x5f, 0xdf, 0x5f, 0xdf, 0x7f, 0xe7,
    0x7f, 0xdf, 0x5f, 0xdf, 0x7f, 0xe7, 0x7f, 0xdf, 0x7f, 0xdf, 0x7f, 0xe7,
    0x7f, 0xdf, 0x7f, 0xe7, 0x7f, 0xdf, 0x7f, 0xdf, 0x7f, 0xdf, 0x7f, 0xdf,
    0x7f, 0xe7, 0x7f, 0xdf, 0x7f, 0xe7, 0x7f, 0xdf, 0x7f, 0xdf, 0x7f, 0xe7,
    0x7f, 0xdf, 0x7f, 0xdf, 0x7f, 0xe7, 0x7f, 0xdf, 0x7f, 0xdf, 0x7f, 0xe7,
    0x7f, 0xe7, 0x7f, 0xdf, 0x7f, 0xdf, 0x7f, 0xe7, 0x7f, 0xe7, 0x7f, 0xdf,
    0x7f, 0xdf, 0x7f, 0xe7, 0x9f, 0xdf, 0x7f, 0xdf, 0x7f, 0xe7, 0x9f, 0xe7,
    0x9f, 0xdf, 0x7f, 0xe7, 0x7f, 0xe7, 0x9f, 0xe7, 0x7f, 0xe7, 0x7f, 0xdf,
    0x7f, 0xdf, 0x7f, 0xe7, 0x9f, 0xe7, 0x9f, 0xe7, 0x7f, 0xe7, 0x7f, 0xdf,
    0x9f, 0xe7, 0x7f, 0xe7, 0x9f, 0xe7, 0x9f, 0xe7, 0x7f, 0xe7, 0x7f, 0xdf,
    0x7f, 0xe7, 0x9f, 0xe7, 0x9f, 0xe7, 0x9f, 0xe7, 0x9f, 0xe7, 0x9f, 0xe7,
    0x9f, 0xe7, 0x9f, 0xe7, 0x7f, 0xdf, 0x7f, 0xe7, 0x7f, 0xe7, 0x7f, 0xe7,
    0x9f, 0xe7, 0x9f, 0xe7, 0x9f, 0xe7, 0x9f, 0xe7, 0x9f, 0xe7, 0x9f, 0xe7,
    0x9f, 0xe7, 0x9f, 0xef, 0x9f, 0xe7, 0x9f, 0xe7, 0x7f, 0xe7, 0x9f, 0xe7,
    0x9f, 0xef, 0x9f, 0xe7, 0x9f, 0xe7, 0x9f, 0xef, 0x9f, 0xe7, 0x9f, 0xef,
    0x9f, 0xef, 0x9f, 0xe7, 0x9f, 0xef, 0x9f, 0xe7, 0x9f, 0xe7, 0x9f, 0xef,
    0x9f, 0xe7, 0x9f, 0xef, 0x9f, 0xef, 0x9f, 0xe7, 0x9f, 0xef, 0x9f, 0xef,
    0x9f, 0xe7, 0x9f, 0xef, 0x9f, 0xef, 0x9f, 0xe7, 0x9f, 0xe7, 0x9f, 0xef,
    0xbf, 0xef, 0xbf, 0xe7, 0x9f, 0xef, 0x9f, 0xe7, 0xbf, 0xef, 0xbf, 0xef,
    0x9f, 0xef, 0xbf, 0xef, 0x9f, 0xef, 0xbf, 0xef, 0x9f, 0xef, 0x9f, 0xef,
    0xbf, 0xef, 0x9f, 0xef, 0x9f, 0xef, 0xbf, 0xef, 0x9f, 0xef, 0x9f, 0xef,
    0xbf, 0xef, 0x9f, 0xef, 0xbf, 0xef, 0xbf, 0xef, 0x9f, 0xef, 0xbf, 0xef,
    0xbf, 0xef, 0x9f, 0xef, 0xbf, 0xef, 0x9f, 0xef, 0xbf, 0xef, 0x9f, 0xef,
    0x9f, 0xef, 0xbf, 0xef, 0xbf, 0xef, 0x9f, 0xef, 0xbf, 0xef, 0xbf, 0xef,
    0x9f, 0xf7, 0xbf, 0xef, 0xbf, 0xef, 0xbf, 0xef, 0xbf, 0xef, 0xbf, 0xef,
    0xbf, 0xef, 0xbf, 0xef, 0xbf, 0xf7, 0xbf, 0xef, 0xbf, 0xf7, 0xbf, 0xef,
    0xbf, 0xef, 0xbf, 0xef, 0xbf, 0xf7, 0xbf, 0xef, 0xbf, 0xf7, 0xbf, 0xf7,
    0xbf, 0xef, 0x9f, 0xef, 0xbf, 0xf7, 0xbf, 0xf7, 0xbf, 0xef, 0xbf, 0xef,
    0xbf, 0xf7, 0xbf, 0xef, 0xbf, 0xef, 0xbf, 0xf7, 0xbf, 0xf7, 0xbf, 0xef,
    0xbf, 0xef, 0xbf, 0xf7, 0xbf, 0xf7, 0xbf, 0xef, 0xbf, 0xef, 0xbf, 0xf7,
    0xbf, 0xef, 0xbf, 0xef, 0xbf, 0xef, 0xbf, 0xf7, 0xbf, 0xef, 0xbf, 0xef,
    0xbf, 0xef, 0xff, 0xff, 0xff, 0xff, 0xff, 0xff, 0xff, 0xff, 0xff, 0xff,
    0xff, 0xff, 0xff, 0xff, 0xff, 0xff, 0xff, 0xff, 0xff, 0xff, 0xdf, 0xf7,
    0x5f, 0xdf, 0x7f, 0xdf, 0x7f, 0xdf, 0x7f, 0xdf, 0x7f, 0xdf, 0x7f, 0xdf,
    0x7f, 0xdf, 0x7f, 0xdf, 0x7f, 0xdf, 0x7f, 0xdf, 0x7f, 0xdf, 0x5f, 0xdf,
    0x7f, 0xdf, 0x7f, 0xe7, 0x7f, 0xdf, 0x5f, 0xdf, 0x7f, 0xdf, 0x7f, 0xe7,
    0x5f, 0xdf, 0x7f, 0xdf, 0x7f, 0xdf, 0x7f, 0xe7, 0x7f, 0xdf, 0x7f, 0xdf,
    0x5f, 0xe7, 0x7f, 0xdf, 0x5f, 0xdf, 0x5f, 0xdf, 0x7f, 0xe7, 0x7f, 0xdf,
    0x5f, 0xdf, 0x7f, 0xdf, 0x7f, 0xe7, 0x5f, 0xdf, 0x7f, 0xdf, 0x7f, 0xdf,
    0x5f, 0xdf, 0x7f, 0xe7, 0x7f, 0xdf, 0x5f, 0xe7, 0x7f, 0xdf, 0x7f, 0xdf,
    0x5f, 0xe7, 0x7f, 0xdf, 0x7f, 0xdf, 0x7f, 0xdf, 0x7f, 0xdf, 0x7f, 0xdf,
    0x7f, 0xdf, 0x7f, 0xdf, 0x7f, 0xe7, 0x7f, 0xdf, 0x7f, 0xdf, 0x5f, 0xdf,
    0x7f, 0xdf, 0x7f, 0xe7, 0x7f, 0xdf, 0x7f, 0xdf, 0x7f, 0xe7, 0x5f, 0xdf,
    0x7f, 0xdf, 0x7f, 0xe7, 0x7f, 0xdf, 0x7f, 0xe7, 0x7f, 0xdf, 0x5f, 0xdf,
    0x7f, 0xe7, 0x7f, 0xe7, 0x7f, 0xdf, 0x7f, 0xe7, 0x7f, 0xdf, 0x7f, 0xe7,
    0x7f, 0xe7, 0x7f, 0xdf, 0x7f, 0xdf, 0x7f, 0xe7, 0x7f, 0xdf, 0x7f, 0xdf,
    0x7f, 0xe7, 0x7f, 0xe7, 0x7f, 0xe7, 0x7f, 0xe7, 0x7f, 0xdf, 0x9f, 0xdf,
    0x7f, 0xdf, 0x7f, 0xe7, 0x7f, 0xdf, 0x7f, 0xe7, 0x7f, 0xe7, 0x7f, 0xdf,
    0x7f, 0xe7, 0x9f, 0xdf, 0x7f, 0xdf, 0x7f, 0xe7, 0x9f, 0xe7, 0x7f, 0xe7,
    0x7f, 0xe7, 0x7f, 0xe7, 0x7f, 0xdf, 0x9f, 0xe7, 0x7f, 0xe7, 0x7f, 0xe7,
    0x9f, 0xe7, 0x7f, 0xdf, 0x7f, 0xe7, 0x7f, 0xe7, 0x7f, 0xe7, 0x9f, 0xe7,
    0x9f, 0xe7, 0x7f, 0xe7, 0x9f, 0xe7, 0x9f, 0xe7, 0x7f, 0xe7, 0x9f, 0xe7,
    0x9f, 0xe7, 0x9f, 0xe7, 0x9f, 0xe7, 0x9f, 0xe7, 0x9f, 0xe7, 0x9f, 0xe7,
    0x9f, 0xe7, 0x7f, 0xef, 0x9f, 0xe7, 0x9f, 0xef, 0x9f, 0xe7, 0x9f, 0xe7,
    0x9f, 0xef, 0x9f, 0xe7, 0x7f, 0xe7, 0x9f, 0xe7, 0x9f, 0xef, 0x9f, 0xe7,
    0x9f, 0xe7, 0x9f, 0xe7, 0x9f, 0xef, 0x7f, 0xe7, 0x9f, 0xe7, 0x9f, 0xe7,
    0x9f, 0xe7, 0x9f, 0xe7, 0x9f, 0xef, 0x9f, 0xe7, 0x9f, 0xe7, 0x9f, 0xef,
    0x9f, 0xe7, 0xbf, 0xe7, 0xbf, 0xef, 0x9f, 0xef, 0x9f, 0xef, 0x9f, 0xef,
    0xbf, 0xe7, 0x9f, 0xef, 0xbf, 0xef, 0x9f, 0xe7, 0xbf, 0xef, 0x9f, 0xe7,
    0xbf, 0xef, 0x9f, 0xef, 0xbf, 0xef, 0xbf, 0xef, 0x9f, 0xef, 0xbf, 0xef,
    0xbf, 0xef, 0x9f, 0xef, 0xbf, 0xef, 0xbf, 0xef, 0x9f, 0xef, 0xbf, 0xef,
    0xbf, 0xef, 0x9f, 0xef, 0xbf, 0xef, 0xbf, 0xef, 0x9f, 0xef, 0xbf, 0xef,
    0xbf, 0xef, 0xbf, 0xef, 0xbf, 0xef, 0xbf, 0xef, 0xbf, 0xef, 0x9f, 0xef,
    0xbf, 0xef, 0xbf, 0xef, 0xbf, 0xf7, 0xbf, 0xef, 0xbf, 0xef, 0xbf, 0xef,
    0xbf, 0xef, 0xbf, 0xf7, 0xbf, 0xef, 0x9f, 0xef, 0xbf, 0xef, 0xbf, 0xef,
    0xbf, 0xef, 0xbf, 0xf7, 0xbf, 0xef, 0xbf, 0xef, 0xbf, 0xef, 0xbf, 0xf7,
    0xbf, 0xef, 0xbf, 0xef, 0xbf, 0xef, 0xbf, 0xef, 0xbf, 0xef, 0xbf, 0xf7,
    0xbf, 0xef, 0xbf, 0xef, 0xbf, 0xef, 0xbf, 0xf7, 0xbf, 0xef, 0xbf, 0xf7,
    0xbf, 0xef, 0xbf, 0xef, 0xbf, 0xf7, 0xbf, 0xef, 0xbf, 0xef, 0xbf, 0xf7,
    0xbf, 0xef, 0xbf, 0xef, 0xbf, 0xef, 0xbf, 0xef, 0xbf, 0xef, 0xbf, 0xef,
    0x9f, 0xf7, 0x9f, 0xef, 0xbf, 0xef, 0xbf, 0xef, 0x9f, 0xef, 0xbf, 0xf7,
    0xbf, 0xef, 0xff, 0xff, 0xff, 0xff, 0xff, 0xff, 0xff, 0xff, 0xff, 0xff,
    0xff, 0xff, 0xff, 0xff, 0xff, 0xff, 0xff, 0xff, 0xff, 0xff, 0xbf, 0xf7,
    0x7f, 0xdf, 0x7f, 0xdf, 0x7f, 0xe7, 0x7f, 0xdf, 0x5f, 0xe7, 0x7f, 0xdf,
    0x7f, 0xdf, 0x5f, 0xdf, 0x7f, 0xdf, 0x7f, 0xdf, 0x7f, 0xdf, 0x7f, 0xdf,
    0x7f, 0xe7, 0x7f, 0xdf, 0x7f, 0xdf, 0x7f, 0xe7, 0x5f, 0xdf, 0x7f, 0xdf,
    0x7f, 0xe7, 0x5f, 0xdf, 0x7f, 0xdf, 0x7f, 0xe7, 0x5f, 0xdf, 0x7f, 0xdf,
    0x7f, 0xdf, 0x7f, 0xdf, 0x7f, 0xdf, 0x7f, 0xe7, 0x7f, 0xdf, 0x7f, 0xdf,
    0x7f, 0xdf, 0x7f, 0xdf, 0x7f, 0xdf, 0x7f, 0xdf, 0x7f, 0xe7, 0x7f, 0xdf,
    0x7f, 0xdf, 0x7f, 0xe7, 0x7f, 0xe7, 0x7f, 0xdf, 0x7f, 0xdf, 0x7f, 0xe7,
    0x7f, 0xdf, 0x7f, 0xdf, 0x7f, 0xdf, 0x7f, 0xdf, 0x7f, 0xe7, 0x7f, 0xdf,
    0x7f, 0xdf, 0x7f, 0xdf, 0x5f, 0xdf, 0x7f, 0xe7, 0x7f, 0xdf, 0x7f, 0xdf,
    0x7f, 0xe7, 0x7f, 0xdf, 0x7f, 0xe7, 0x7f, 0xe7, 0x7f, 0xdf, 0x7f, 0xdf,
    0x7f, 0xe7, 0x7f, 0xdf, 0x5f, 0xdf, 0x7f, 0xe7, 0x7f, 0xdf, 0x7f, 0xdf,
    0x7f, 0xe7, 0x7f, 0xdf, 0x7f, 0xdf, 0x7f, 0xdf, 0x7f, 0xdf, 0x7f, 0xe7,
    0x7f, 0xdf, 0x7f, 0xdf, 0x7f, 0xe7, 0x7f, 0xe7, 0x7f, 0xdf, 0x7f, 0xe7,
    0x7f, 0xdf, 0x7f, 0xdf, 0x7f, 0xe7, 0x7f, 0xdf, 0x7f, 0xe7, 0x7f, 0xe7,
    0x7f, 0xe7, 0x9f, 0xdf, 0x7f, 0xe7, 0x9f, 0xdf, 0x9f, 0xe7, 0x7f, 0xe7,
    0x7f, 0xe7, 0x7f, 0xe7, 0x7f, 0xdf, 0x9f, 0xe7, 0x9f, 0xe7, 0x9f, 0xdf,
    0x9f, 0xe7, 0x9f, 0xe7, 0x7f, 0xe7, 0x9f, 0xdf, 0x9f, 0xe7, 0x7f, 0xe7,
    0x7f, 0xdf, 0x9f, 0xe7, 0x7f, 0xe7, 0x9f, 0xdf, 0x7f, 0xe7, 0x7f, 0xe7,
    0x7f, 0xdf, 0x7f, 0xe7, 0x9f, 0xe7, 0x9f, 0xe7, 0x7f, 0xe7, 0x9f, 0xe7,
    0x9f, 0xe7, 0x9f, 0xe7, 0x9f, 0xe7, 0x9f, 0xe7, 0x9f, 0xef, 0x9f, 0xe7,
    0x9f, 0xe7, 0x9f, 0xe7, 0x9f, 0xef, 0x9f, 0xe7, 0x9f, 0xef, 0x7f, 0xe7,
    0x9f, 0xe7, 0x9f, 0xef, 0x9f, 0xe7, 0x9f, 0xe7, 0x9f, 0xe7, 0x9f, 0xef,
    0x9f, 0xe7, 0x9f, 0xe7, 0x9f, 0xef, 0x9f, 0xe7, 0x9f, 0xef, 0x9f, 0xef,
    0x9f, 0xef, 0x9f, 0xe7, 0x9f, 0xef, 0x9f, 0xe7, 0x9f, 0xe7, 0x9f, 0xef,
    0x9f, 0xef, 0x9f, 0xe7, 0x9f, 0xe7, 0x9f, 0xef, 0xbf, 0xef, 0x9f, 0xe7,
    0x9f, 0xef, 0xbf, 0xef, 0x9f, 0xef, 0xbf, 0xef, 0x9f, 0xef, 0x9f, 0xef,
    0x9f, 0xef, 0xbf, 0xef, 0x9f, 0xe7, 0x9f, 0xef, 0xbf, 0xe7, 0x9f, 0xef,
    0xbf, 0xef, 0x9f, 0xef, 0xbf, 0xe7, 0xbf, 0xef, 0xbf, 0xef, 0xbf, 0xef,
    0xbf, 0xef, 0xbf, 0xef, 0xbf, 0xef, 0xbf, 0xef, 0xbf, 0xef, 0xbf, 0xef,
    0x9f, 0xef, 0xbf, 0xef, 0xbf, 0xef, 0x9f, 0xef, 0x9f, 0xef, 0xbf, 0xef,
    0xbf, 0xef, 0xbf, 0xef, 0x9f, 0xef, 0xbf, 0xef, 0xbf, 0xef, 0xbf, 0xf7,
    0xbf, 0xef, 0xbf, 0xef, 0x9f, 0xf7, 0xbf, 0xef, 0xbf, 0xef, 0xbf, 0xf7,
    0xbf, 0xef, 0xbf, 0xef, 0xbf, 0xef, 0xbf, 0xef, 0xbf, 0xef, 0xbf, 0xf7,
    0xbf, 0xef, 0xbf, 0xef, 0xbf, 0xf7, 0xbf, 0xef, 0xbf, 0xef, 0xbf, 0xef,
    0xbf, 0xf7, 0xbf, 0xef, 0xbf, 0xef, 0xbf, 0xef, 0xbf, 0xf7, 0xbf, 0xf7,
    0xbf, 0xef, 0xbf, 0xf7, 0xbf, 0xef, 0xbf, 0xef, 0xbf, 0xef, 0xbf, 0xf7,
    0xbf, 0xef, 0xbf, 0xef, 0xbf, 0xf7, 0xbf, 0xf7, 0xbf, 0xef, 0xbf, 0xef,
    0xbf, 0xef, 0xbf, 0xf7, 0xbf, 0xef, 0xbf, 0xef, 0xbf, 0xf7, 0xbf, 0xf7,
    0xbf, 0xef, 0xff, 0xff, 0xff, 0xff, 0xff, 0xff, 0xff, 0xff, 0xff, 0xff,
    0xff, 0xff, 0xff, 0xff, 0xff, 0xff, 0xff, 0xff, 0xff, 0xff, 0xbf, 0xf7,
    0x7f, 0xdf, 0x7f, 0xdf, 0x5f, 0xdf, 0x7f, 0xdf, 0x7f, 0xdf, 0x7f, 0xdf,
    0x7f, 0xe7, 0x7f, 0xdf, 0x5f, 0xdf, 0x7f, 0xe7, 0x7f, 0xdf, 0x5f, 0xdf,
    0x7f, 0xdf, 0x7f, 0xdf, 0x5f, 0xdf, 0x7f, 0xdf, 0x7f, 0xdf, 0x7f, 0xdf,
    0x7f, 0xdf, 0x7f, 0xe7, 0x7f, 0xdf, 0x5f, 0xdf, 0x7f, 0xdf, 0x7f, 0xdf,
    0x7f, 0xe7, 0x7f, 0xdf, 0x7f, 0xe7, 0x7f, 0xdf, 0x5f, 0xdf, 0x7f, 0xe7,
    0x5f, 0xdf, 0x7f, 0xe7, 0x7f, 0xdf, 0x5f, 0xdf, 0x7f, 0xe7, 0x7f, 0xdf,
    0x7f, 0xdf, 0x7f, 0xe7, 0x7f, 0xdf, 0x7f, 0xdf, 0x7f, 0xe7, 0x7f, 0xdf,
    0x7f, 0xe7, 0x7f, 0xe7, 0x7f, 0xdf, 0x7f, 0xdf, 0x7f, 0xe7, 0x7f, 0xdf,
    0x7f, 0xe7, 0x5f, 0xe7, 0x7f, 0xdf, 0x7f, 0xdf, 0x7f, 0xe7, 0x7f, 0xe7,
    0x7f, 0xdf, 0x7f, 0xdf, 0x7f, 0xdf, 0x7f, 0xe7, 0x7f, 0xdf, 0x7f, 0xdf,
    0x7f, 0xe7, 0x7f, 0xdf, 0x7f, 0xdf, 0x7f, 0xe7, 0x7f, 0xdf, 0x7f, 0xe7,
    0x7f, 0xdf, 0x7f, 0xdf, 0x7f, 0xe7, 0x7f, 0xdf, 0x7f, 0xe7, 0x7f, 0xe7,
    0x7f, 0xdf, 0x7f, 0xe7, 0x7f, 0xe7, 0x7f, 0xdf, 0x7f, 0xe7, 0x7f, 0xe7,
    0x7f, 0xdf, 0x9f, 0xe7, 0x7f, 0xdf, 0x9f, 0xe7, 0x7f, 0xe7, 0x7f, 0xdf,
    0x9f, 0xe7, 0x9f, 0xe7, 0x7f, 0xe7, 0x9f, 0xdf, 0x9f, 0xdf, 0x7f, 0xe7,
    0x9f, 0xe7, 0x9f, 0xe7, 0x9f, 0xe7, 0x7f, 0xe7, 0x9f, 0xe7, 0x7f, 0xe7,
    0x9f, 0xe7, 0x9f, 0xe7, 0x7f, 0xe7, 0x7f, 0xe7, 0x9f, 0xe7, 0x9f, 0xdf,
    0x7f, 0xe7, 0x9f, 0xe7, 0x9f, 0xdf, 0x7f, 0xe7, 0x9f, 0xe7, 0x9f, 0xe7,
    0x9f, 0xe7, 0x7f, 0xe7, 0x9f, 0xe7, 0x9f, 0xe7, 0x9f, 0xe7, 0x9f, 0xe7,
    0x9f, 0xe7, 0x9f, 0xe7, 0x9f, 0xe7, 0x9f, 0xe7, 0x9f, 0xe7, 0x7f, 0xe7,
    0x9f, 0xe7, 0x9f, 0xe7, 0x9f, 0xe7, 0x9f, 0xef, 0x9f, 0xe7, 0x9f, 0xe7,
    0x9f, 0xe7, 0x9f, 0xef, 0x9f, 0xef, 0x9f, 0xe7, 0x9f, 0xe7, 0x9f, 0xef,
    0x9f, 0xef, 0x9f, 0xe7, 0x9f, 0xef, 0x9f, 0xef, 0x9f, 0xe7, 0x9f, 0xe7,
    0x9f, 0xef, 0x9f, 0xe7, 0x9f, 0xef, 0x9f, 0xef, 0x9f, 0xe7, 0x9f, 0xef,
    0x9f, 0xef, 0x9f, 0xe7, 0x9f, 0xef, 0x9f, 0xef, 0x9f, 0xe7, 0x9f, 0xef,
    0x9f, 0xe7, 0x9f, 0xe7, 0x9f, 0xef, 0x9f, 0xef, 0x9f, 0xe7, 0x9f, 0xef,
    0xbf, 0xef, 0xbf, 0xef, 0x9f, 0xef, 0xbf, 0xef, 0x9f, 0xef, 0xbf, 0xe7,
    0xbf, 0xef, 0xbf, 0xef, 0xbf, 0xef, 0x9f, 0xef, 0xbf, 0xef, 0xbf, 0xef,
    0xbf, 0xef, 0xbf, 0xef, 0x9f, 0xef, 0x9f, 0xef, 0x9f, 0xef, 0xbf, 0xef,
    0xbf, 0xef, 0x9f, 0xef, 0x9f, 0xef, 0xbf, 0xef, 0x9f, 0xef, 0xbf, 0xef,
    0xbf, 0xef, 0xbf, 0xef, 0xbf, 0xef, 0xbf, 0xf7, 0xbf, 0xef, 0xbf, 0xef,
    0x9f, 0xef, 0xbf, 0xef, 0xbf, 0xef, 0xbf, 0xef, 0xbf, 0xf7, 0x9f, 0xef,
    0xbf, 0xef, 0xbf, 0xf7, 0xbf, 0xef, 0xbf, 0xf7, 0xbf, 0xef, 0xbf, 0xf7,
    0xbf, 0xef, 0xbf, 0xef, 0xbf, 0xf7, 0xbf, 0xf7, 0xbf, 0xef, 0xbf, 0xef,
    0xbf, 0xf7, 0xbf, 0xf7, 0xbf, 0xef, 0xbf, 0xef, 0xbf, 0xef, 0xbf, 0xef,
    0xbf, 0xf7, 0xbf, 0xef, 0xbf, 0xf7, 0xbf, 0xef, 0xbf, 0xf7, 0xbf, 0xf7,
    0xbf, 0xf7, 0xbf, 0xef, 0xbf, 0xf7, 0xbf, 0xef, 0xbf, 0xef, 0xbf, 0xf7,
    0xbf, 0xf7, 0xbf, 0xef, 0xbf, 0xef, 0xbf, 0xef, 0xbf, 0xf7, 0xbf, 0xef,
    0xbf, 0xef, 0xff, 0xff, 0xff, 0xff, 0xff, 0xff, 0xff, 0xff, 0xff, 0xff,
    0xff, 0xff, 0xff, 0xff, 0xff, 0xff, 0xff, 0xff, 0xff, 0xff, 0xdf, 0xf7,
    0x5f, 0xdf, 0x7f, 0xdf, 0x7f, 0xdf, 0x5f, 0xe7, 0x7f, 0xdf, 0x7f, 0xdf,
    0x7f, 0xdf, 0x7f, 0xe7, 0x7f, 0xdf, 0x7f, 0xdf, 0x5f, 0xe7, 0x7f, 0xdf,
    0x7f, 0xdf, 0x5f, 0xe7, 0x7f, 0xdf, 0x7f, 0xe7, 0x7f, 0xdf, 0x7f, 0xdf,
    0x7f, 0xdf, 0x7f, 0xe7, 0x7f, 0xdf, 0x7f, 0xdf, 0x7f, 0xe7, 0x7f, 0xe7,
    0x7f, 0xdf, 0x5f, 0xdf, 0x7f, 0xdf, 0x7f, 0xdf, 0x7f, 0xdf, 0x7f, 0xdf,
    0x5f, 0xdf, 0x7f, 0xdf, 0x7f, 0xe7, 0x7f, 0xdf, 0x7f, 0xdf, 0x7f, 0xe7,
    0x7f, 0xdf, 0x7f, 0xdf, 0x7f, 0xe7, 0x7f, 0xdf, 0x7f, 0xdf, 0x7f, 0xdf,
    0x7f, 0xdf, 0x7f, 0xe7, 0x7f, 0xdf, 0x7f, 0xdf, 0x7f, 0xe7, 0x7f, 0xdf,
    0x7f, 0xdf, 0x7f, 0xdf, 0x7f, 0xdf, 0x7f, 0xdf, 0x7f, 0xdf, 0x7f, 0xdf,
    0x7f, 0xe7, 0x7f, 0xdf, 0x7f, 0xdf, 0x7f, 0xdf, 0x7f, 0xe7, 0x7f, 0xdf,
    0x7f, 0xdf, 0x7f, 0xe7, 0x7f, 0xdf, 0x7f, 0xdf, 0x7f, 0xe7, 0x7f, 0xe7,
    0x7f, 0xe7, 0x7f, 0xdf, 0x7f, 0xe7, 0x7f, 0xe7, 0x7f, 0xdf, 0x9f, 0xe7,
    0x7f, 0xdf, 0x7f, 0xdf, 0x7f, 0xe7, 0x7f, 0xdf, 0x9f, 0xdf, 0x7f, 0xe7,
    0x7f, 0xe7, 0x7f, 0xe7, 0x7f, 0xdf, 0x9f, 0xdf, 0x7f, 0xdf, 0x7f, 0xe7,
    0x7f, 0xe7, 0x7f, 0xdf, 0x7f, 0xe7, 0x7f, 0xe7, 0x9f, 0xe7, 0x7f, 0xe7,
    0x7f, 0xdf, 0x9f, 0xe7, 0x7f, 0xe7, 0x7f, 0xdf, 0x9f, 0xe7, 0x7f, 0xe7,
    0x7f, 0xdf, 0x9f, 0xe7, 0x7f, 0xe7, 0x9f, 0xe7, 0x7f, 0xdf, 0x7f, 0xe7,
    0x9f, 0xe7, 0x7f, 0xe7, 0x7f, 0xe7, 0x9f, 0xe7, 0x7f, 0xe7, 0x9f, 0xe7,
    0x9f, 0xe7, 0x7f, 0xe7, 0x7f, 0xe7, 0x7f, 0xe7, 0x7f, 0xe7, 0x9f, 0xe7,
    0x9f, 0xe7, 0x9f, 0xe7, 0x9f, 0xe7, 0x9f, 0xe7, 0x9f, 0xe7, 0x9f, 0xef,
    0x9f, 0xef, 0x9f, 0xe7, 0x9f, 0xef, 0x9f, 0xe7, 0x9f, 0xe7, 0x9f, 0xef,
    0x9f, 0xe7, 0x9f, 0xe7, 0x9f, 0xe7, 0x9f, 0xef, 0x9f, 0xe7, 0x9f, 0xe7,
    0x9f, 0xe7, 0x9f, 0xe7, 0x9f, 0xe7, 0x9f, 0xef, 0x9f, 0xe7, 0x9f, 0xe7,
    0x9f, 0xef, 0x9f, 0xe7, 0x9f, 0xef, 0x9f, 0xe7, 0x9f, 0xe7, 0x9f, 0xef,
    0x9f, 0xe7, 0x9f, 0xef, 0x9f, 0xef, 0x9f, 0xe7, 0xbf, 0xef, 0x9f, 0xef,
    0x9f, 0xef, 0x9f, 0xe7, 0xbf, 0xef, 0x9f, 0xef, 0x9f, 0xe7, 0xbf, 0xef,
    0xbf, 0xef, 0x9f, 0xef, 0xbf, 0xe7, 0xbf, 0xef, 0x9f, 0xef, 0x9f, 0xef,
    0xbf, 0xef, 0x9f, 0xe7, 0x9f, 0xef, 0xbf, 0xef, 0xbf, 0xef, 0xbf, 0xef,
    0x9f, 0xef, 0xbf, 0xef, 0xbf, 0xef, 0xbf, 0xef, 0x9f, 0xef, 0x9f, 0xef,
    0xbf, 0xef, 0xbf, 0xef, 0x9f, 0xef, 0xbf, 0xef, 0xbf, 0xef, 0x9f, 0xef,
    0xbf, 0xef, 0xbf, 0xef, 0x9f, 0xef, 0xbf, 0xf7, 0xbf, 0xef, 0xbf, 0xef,
    0xbf, 0xf7, 0xbf, 0xef, 0xbf, 0xef, 0xbf, 0xf7, 0x9f, 0xef, 0xbf, 0xef,
    0xbf, 0xef, 0xbf, 0xef, 0xbf, 0xf7, 0x9f, 0xef, 0xbf, 0xef, 0xbf, 0xef,
    0xbf, 0xf7, 0xbf, 0xef, 0xbf, 0xef, 0xbf, 0xf7, 0xbf, 0xef, 0xbf, 0xef,
    0xbf, 0xef, 0xbf, 0xf7, 0xbf, 0xf7, 0xbf, 0xef, 0xbf, 0xf7, 0xbf, 0xf7,
    0xbf, 0xef, 0xbf, 0xf7, 0xbf, 0xf7, 0xbf, 0xef, 0xbf, 0xef, 0xbf, 0xef,
    0xbf, 0xef, 0xbf, 0xef, 0xbf, 0xef, 0xbf, 0xf7, 0xbf, 0xef, 0xbf, 0xef,
    0xbf, 0xf7, 0xbf, 0xef, 0xbf, 0xef, 0xbf, 0xf7, 0xbf, 0xef, 0xbf, 0xef,
    0xbf, 0xf7, 0xff, 0xff, 0xff, 0xff, 0xff, 0xff, 0xff, 0xff, 0xff, 0xff,
    0xff, 0xff, 0xff, 0xff, 0xff, 0xff, 0xff, 0xff, 0xff, 0xff, 0xbf, 0xf7,
    0x5f, 0xdf, 0x7f, 0xdf, 0x7f, 0xdf, 0x7f, 0xe7, 0x5f, 0xdf, 0x7f, 0xdf,
    0x7f, 0xdf, 0x5f, 0xdf, 0x7f, 0xdf, 0x7f, 0xdf, 0x7f, 0xe7, 0x7f, 0xdf,
    0x7f, 0xdf, 0x7f, 0xe7, 0x7f, 0xdf, 0x7f, 0xdf, 0x7f, 0xe7, 0x7f, 0xdf,
    0x5f, 0xdf, 0x7f, 0xdf, 0x7f, 0xdf, 0x7f, 0xdf, 0x5f, 0xdf, 0x7f, 0xdf,
    0x7f, 0xdf, 0x5f, 0xdf, 0x7f, 0xe7, 0x7f, 0xdf, 0x7f, 0xe7, 0x7f, 0xdf,
    0x7f, 0xdf, 0x7f, 0xdf, 0x7f, 0xe7, 0x7f, 0xdf, 0x7f, 0xdf, 0x7f, 0xdf,
    0x7f, 0xe7, 0x7f, 0xdf, 0x7f, 0xe7, 0x7f, 0xe7, 0x7f, 0xdf, 0x7f, 0xe7,
    0x7f, 0xdf, 0x7f, 0xdf, 0x7f, 0xe7, 0x7f, 0xdf, 0x7f, 0xdf, 0x7f, 0xe7,
    0x7f, 0xdf, 0x7f, 0xdf, 0x7f, 0xe7, 0x7f, 0xe7, 0x7f, 0xdf, 0x7f, 0xdf,
    0x7f, 0xe7, 0x7f, 0xe7, 0x7f, 0xdf, 0x7f, 0xdf, 0x7f, 0xe7, 0x7f, 0xdf,
    0x7f, 0xe7, 0x7f, 0xe7, 0x7f, 0xdf, 0x7f, 0xdf, 0x7f, 0xdf, 0x7f, 0xdf,
    0x7f, 0xe7, 0x7f, 0xdf, 0x7f, 0xe7, 0x7f, 0xdf, 0x7f, 0xe7, 0x9f, 0xe7,
    0x7f, 0xdf, 0x7f, 0xe7, 0x9f, 0xdf, 0x7f, 0xe7, 0x7f, 0xdf, 0x9f, 0xe7,
    0x9f, 0xe7, 0x9f, 0xdf, 0x7f, 0xe7, 0x7f, 0xe7, 0x7f, 0xe7, 0x9f, 0xe7,
    0x7f, 0xdf, 0x9f, 0xe7, 0x7f, 0xe7, 0x9f, 0xe7, 0x7f, 0xe7, 0x9f, 0xdf,
    0x7f, 0xe7, 0x9f, 0xe7, 0x7f, 0xe7, 0x9f, 0xdf, 0x9f, 0xe7, 0x7f, 0xe7,
    0x9f, 0xdf, 0x9f, 0xe7, 0x9f, 0xe7, 0x9f, 0xe7, 0x9f, 0xe7, 0x7f, 0xe7,
    0x9f, 0xe7, 0x7f, 0xe7, 0x7f, 0xe7, 0x9f, 0xdf, 0x9f, 0xe7, 0x9f, 0xe7,
    0x7f, 0xe7, 0x9f, 0xe7, 0x9f, 0xe7, 0x7f, 0xe7, 0x7f, 0xe7, 0x7f, 0xe7,
    0x9f, 0xe7, 0x9f, 0xe7, 0x9f, 0xe7, 0x9f, 0xe7, 0x9f, 0xe7, 0x9f, 0xe7,
    0x9f, 0xe7, 0x9f, 0xef, 0x9f, 0xe7, 0x9f, 0xe7, 0x9f, 0xef, 0x9f, 0xe7,
    0x9f, 0xef, 0x9f, 0xe7, 0x9f, 0xe7, 0x9f, 0xef, 0x9f, 0xef, 0x9f, 0xe7,
    0x9f, 0xef, 0x9f, 0xe7, 0x9f, 0xe7, 0x9f, 0xef, 0x9f, 0xef, 0x9f, 0xe7,
    0x9f, 0xef, 0x9f, 0xe7, 0x9f, 0xe7, 0x9f, 0xef, 0x9f, 0xe7, 0x9f, 0xe7,
    0x9f, 0xef, 0x9f, 0xef, 0x9f, 0xef, 0x9f, 0xe7, 0x9f, 0xef, 0xbf, 0xef,
    0x9f, 0xe7, 0x9f, 0xef, 0xbf, 0xef, 0x9f, 0xe7, 0x9f, 0xef, 0xbf, 0xef,
    0x9f, 0xef, 0xbf, 0xe7, 0xbf, 0xef, 0xbf, 0xef, 0x9f, 0xef, 0xbf, 0xef,
    0xbf, 0xef, 0x9f, 0xef, 0x9f, 0xef, 0xbf, 0xef, 0xbf, 0xef, 0x9f, 0xef,
    0xbf, 0xef, 0xbf, 0xef, 0xbf, 0xef, 0xbf, 0xef, 0xbf, 0xef, 0xbf, 0xef,
    0xbf, 0xef, 0xbf, 0xef, 0x9f, 0xef, 0xbf, 0xef, 0xbf, 0xef, 0xbf, 0xef,
    0xbf, 0xef, 0x9f, 0xef, 0xbf, 0xef, 0xbf, 0xef, 0xbf, 0xef, 0xbf, 0xf7,
    0xbf, 0xef, 0xbf, 0xef, 0xbf, 0xef, 0xbf, 0xef, 0xbf, 0xef, 0xbf, 0xf7,
    0xbf, 0xef, 0xbf, 0xef, 0xbf, 0xef, 0xbf, 0xef, 0xbf, 0xef, 0xbf, 0xf7,
    0xbf, 0xef, 0xbf, 0xef, 0xbf, 0xef, 0xbf, 0xef, 0xbf, 0xf7, 0xbf, 0xef,
    0xbf, 0xf7, 0xbf, 0xef, 0xbf, 0xf7, 0xbf, 0xf7, 0xbf, 0xef, 0xbf, 0xf7,
    0xbf, 0xef, 0xbf, 0xef, 0xbf, 0xf7, 0xbf, 0xef, 0xbf, 0xf7, 0xbf, 0xef,
    0xbf, 0xf7, 0xbf, 0xef, 0xbf, 0xf7, 0xbf, 0xef, 0xbf, 0xef, 0xbf, 0xf7,
    0xbf, 0xef, 0xbf, 0xef, 0xbf, 0xf7, 0xbf, 0xef, 0xbf, 0xef, 0xbf, 0xef,
    0xbf, 0xf7, 0xff, 0xff, 0xff, 0xff, 0xff, 0xff, 0xff, 0xff, 0xff, 0xff,
    0xff, 0xff, 0xff, 0xff, 0xff, 0xff, 0xff, 0xff, 0xff, 0xff, 0xbf, 0xf7,
    0x7f, 0xdf, 0x7f, 0xdf, 0x7f, 0xdf, 0x7f, 0xdf, 0x7f, 0xe7, 0x7f, 0xdf,
    0x5f, 0xe7, 0x7f, 0xdf, 0x7f, 0xdf, 0x5f, 0xdf, 0x7f, 0xdf, 0x7f, 0xdf,
    0x7f, 0xe7, 0x7f, 0xdf, 0x5f, 0xdf, 0x7f, 0xdf, 0x7f, 0xe7, 0x7f, 0xdf,
    0x7f, 0xe7, 0x7f, 0xe7, 0x7f, 0xe7, 0x7f, 0xe7, 0x7f, 0xdf, 0x7f, 0xdf,
    0x7f, 0xe7, 0x7f, 0xdf, 0x7f, 0xdf, 0x7f, 0xe7, 0x7f, 0xdf, 0x7f, 0xe7,
    0x7f, 0xe7, 0x5f, 0xdf, 0x7f, 0xe7, 0x7f, 0xe7, 0x7f, 0xdf, 0x7f, 0xe7,
    0x7f, 0xdf, 0x7f, 0xe7, 0x7f, 0xdf, 0x7f, 0xdf, 0x7f, 0xe7, 0x7f, 0xe7,
    0x7f, 0xdf, 0x7f, 0xdf, 0x7f, 0xe7, 0x7f, 0xdf, 0x7f, 0xe7, 0x7f, 0xe7,
    0x7f, 0xe7, 0x7f, 0xdf, 0x7f, 0xdf, 0x7f, 0xe7, 0x7f, 0xdf, 0x7f, 0xdf,
    0x7f, 0xe7, 0x7f, 0xdf, 0x7f, 0xdf, 0x7f, 0xe7, 0x7f, 0xdf, 0x7f, 0xdf,
    0x7f, 0xdf, 0x7f, 0xe7, 0x7f, 0xdf, 0x7f, 0xe7, 0x7f, 0xdf, 0x9f, 0xe7,
    0x7f, 0xdf, 0x7f, 0xe7, 0x9f, 0xdf, 0x7f, 0xe7, 0x7f, 0xe7, 0x7f, 0xdf,
    0x7f, 0xe7, 0x7f, 0xe7, 0x7f, 0xe7, 0x7f, 0xe7, 0x7f, 0xe7, 0x7f, 0xdf,
    0x7f, 0xe7, 0x7f, 0xdf, 0x7f, 0xe7, 0x7f, 0xe7, 0x9f, 0xdf, 0x7f, 0xe7,
    0x7f, 0xdf, 0x9f, 0xe7, 0x9f, 0xe7, 0x7f, 0xdf, 0x9f, 0xe7, 0x9f, 0xe7,
    0x7f, 0xdf, 0x9f, 0xe7, 0x9f, 0xe7, 0x7f, 0xe7, 0x9f, 0xe7, 0x9f, 0xe7,
    0x7f, 0xe7, 0x9f, 0xe7, 0x7f, 0xe7, 0x9f, 0xe7, 0x9f, 0xe7, 0x7f, 0xe7,
    0x9f, 0xe7, 0x9f, 0xe7, 0x7f, 0xe7, 0x9f, 0xe7, 0x7f, 0xe7, 0x7f, 0xdf,
    0x9f, 0xe7, 0x7f, 0xe7, 0x9f, 0xdf, 0x9f, 0xe7, 0x9f, 0xe7, 0x9f, 0xe7,
    0x9f, 0xe7, 0x7f, 0xe7, 0x9f, 0xe7, 0x9f, 0xef, 0x9f, 0xe7, 0x9f, 0xe7,
    0x9f, 0xef, 0x9f, 0xe7, 0x7f, 0xe7, 0x9f, 0xef, 0x9f, 0xe7, 0x9f, 0xe7,
    0x9f, 0xef, 0x9f, 0xe7, 0x9f, 0xe7, 0x9f, 0xe7, 0x9f, 0xe7, 0x9f, 0xef,
    0x9f, 0xef, 0x9f, 0xe7, 0x9f, 0xe7, 0x9f, 0xef, 0x9f, 0xe7, 0x9f, 0xef,
    0x9f, 0xef, 0x9f, 0xe7, 0x9f, 0xef, 0x9f, 0xef, 0x9f, 0xe7, 0x9f, 0xef,
    0x9f, 0xef, 0x9f, 0xe7, 0xbf, 0xef, 0x9f, 0xef, 0x9f, 0xe7, 0x9f, 0xef,
    0x9f, 0xe7, 0xbf, 0xef, 0x9f, 0xef, 0xbf, 0xe7, 0xbf, 0xef, 0x9f, 0xef,
    0x9f, 0xe7, 0xbf, 0xef, 0x9f, 0xef, 0xbf, 0xef, 0xbf, 0xef, 0x9f, 0xef,
    0xbf, 0xef, 0xbf, 0xef, 0x9f, 0xef, 0xbf, 0xef, 0x9f, 0xef, 0x9f, 0xef,
    0xbf, 0xef, 0xbf, 0xef, 0x9f, 0xef, 0xbf, 0xef, 0xbf, 0xef, 0xbf, 0xef,
    0xbf, 0xef, 0x9f, 0xef, 0xbf, 0xef, 0xbf, 0xef, 0xbf, 0xef, 0x9f, 0xef,
    0xbf, 0xef, 0xbf, 0xef, 0xbf, 0xef, 0xbf, 0xef, 0x9f, 0xf7, 0xbf, 0xef,
    0xbf, 0xef, 0xbf, 0xf7, 0xbf, 0xef, 0xbf, 0xef, 0xbf, 0xef, 0xbf, 0xef,
    0xbf, 0xf7, 0xbf, 0xef, 0xbf, 0xef, 0xbf, 0xf7, 0xbf, 0xf7, 0xbf, 0xef,
    0xbf, 0xf7, 0xbf, 0xef, 0xbf, 0xf7, 0xbf, 0xef, 0xbf, 0xef, 0xbf, 0xf7,
    0xbf, 0xef, 0xbf, 0xef, 0xbf, 0xef, 0xbf, 0xf7, 0xbf, 0xef, 0xbf, 0xef,
    0xbf, 0xf7, 0xbf, 0xef, 0xbf, 0xf7, 0xbf, 0xf7, 0xbf, 0xef, 0xbf, 0xf7,
    0xbf, 0xef, 0xbf, 0xf7, 0xbf, 0xef, 0xbf, 0xef, 0xbf, 0xf7, 0xbf, 0xf7,
    0xbf, 0xef, 0xbf, 0xef, 0xbf, 0xf7, 0xbf, 0xf7, 0xbf, 0xef, 0xbf, 0xf7,
    0xbf, 0xef, 0xff, 0xff, 0xff, 0xff, 0xff, 0xff, 0xff, 0xff, 0xff, 0xff,
    0xff, 0xff, 0xff, 0xff, 0xff, 0xff, 0xff, 0xff, 0xff, 0xff, 0xdf, 0xf7,
    0x7f, 0xdf, 0x7f, 0xdf, 0x5f, 0xdf, 0x5f, 0xdf, 0x7f, 0xdf, 0x7f, 0xdf,
    0x7f, 0xe7, 0x7f, 0xdf, 0x5f, 0xdf, 0x7f, 0xe7, 0x7f, 0xdf, 0x5f, 0xdf,
    0x7f, 0xdf, 0x7f, 0xdf, 0x7f, 0xdf, 0x5f, 0xe7, 0x7f, 0xdf, 0x7f, 0xdf,
    0x7f, 0xdf, 0x7f, 0xdf, 0x7f, 0xdf, 0x7f, 0xe7, 0x7f, 0xdf, 0x7f, 0xdf,
    0x7f, 0xe7, 0x7f, 0xdf, 0x7f, 0xdf, 0x7f, 0xdf, 0x7f, 0xdf, 0x7f, 0xdf,
    0x7f, 0xdf, 0x7f, 0xdf, 0x7f, 0xdf, 0x7f, 0xdf, 0x7f, 0xe7, 0x7f, 0xdf,
    0x7f, 0xe7, 0x7f, 0xdf, 0x7f, 0xdf, 0x7f, 0xdf, 0x7f, 0xdf, 0x7f, 0xe7,
    0x7f, 0xe7, 0x7f, 0xe7, 0x7f, 0xdf, 0x7f, 0xdf, 0x7f, 0xe7, 0x7f, 0xdf,
    0x7f, 0xdf, 0x7f, 0xe7, 0x7f, 0xe7, 0x7f, 0xdf, 0x7f, 0xdf, 0x7f, 0xe7,
    0x7f, 0xe7, 0x7f, 0xdf, 0x7f, 0xdf, 0x7f, 0xe7, 0x7f, 0xe7, 0x7f, 0xdf,
    0x7f, 0xe7, 0x7f, 0xdf, 0x7f, 0xdf, 0x7f, 0xe7, 0x7f, 0xdf, 0x7f, 0xe7,
    0x7f, 0xe7, 0x7f, 0xdf, 0x7f, 0xdf, 0x9f, 0xe7, 0x9f, 0xe7, 0x7f, 0xdf,
    0x9f, 0xdf, 0x7f, 0xdf, 0x7f, 0xe7, 0x9f, 0xdf, 0x7f, 0xe7, 0x7f, 0xe7,
    0x7f, 0xdf, 0x7f, 0xe7, 0x9f, 0xe7, 0x7f, 0xdf, 0x7f, 0xe7, 0x7f, 0xe7,
    0x9f, 0xdf, 0x7f, 0xe7, 0x7f, 0xe7, 0x9f, 0xdf, 0x7f, 0xe7, 0x7f, 0xe7,
    0x9f, 0xdf, 0x7f, 0xe7, 0x7f, 0xe7, 0x7f, 0xe7, 0x9f, 0xdf, 0x9f, 0xe7,
    0x9f, 0xe7, 0x9f, 0xe7, 0x7f, 0xe7, 0x9f, 0xe7, 0x9f, 0xe7, 0x7f, 0xdf,
    0x7f, 0xe7, 0x9f, 0xe7, 0x9f, 0xe7, 0x9f, 0xe7, 0x9f, 0xe7, 0x7f, 0xe7,
    0x9f, 0xe7, 0x9f, 0xe7, 0x9f, 0xe7, 0x9f, 0xe7, 0x9f, 0xe7, 0x9f, 0xe7,
    0x9f, 0xe7, 0x9f, 0xe7, 0x9f, 0xe7, 0x9f, 0xe7, 0x9f, 0xef, 0x9f, 0xef,
    0x9f, 0xe7, 0x9f, 0xe7, 0x9f, 0xef, 0x9f, 0xe7, 0x9f, 0xe7, 0x9f, 0xef,
    0x9f, 0xe7, 0x9f, 0xef, 0x9f, 0xef, 0x9f, 0xe7, 0x9f, 0xe7, 0x9f, 0xef,
    0x9f, 0xe7, 0x9f, 0xe7, 0x9f, 0xef, 0x9f, 0xef, 0x9f, 0xe7, 0x9f, 0xe7,
    0x9f, 0xef, 0x9f, 0xe7, 0x9f, 0xe7, 0x9f, 0xe7, 0x9f, 0xef, 0x9f, 0xef,
    0x9f, 0xe7, 0x9f, 0xe7, 0xbf, 0xef, 0x9f, 0xef, 0x9f, 0xef, 0xbf, 0xe7,
    0x9f, 0xef, 0x9f, 0xef, 0x9f, 0xef, 0xbf, 0xe7, 0x9f, 0xef, 0xbf, 0xef,
    0xbf, 0xe7, 0x9f, 0xef, 0x9f, 0xef, 0xbf, 0xef, 0x9f, 0xef, 0xbf, 0xef,
    0xbf, 0xef, 0x9f, 0xef, 0xbf, 0xef, 0xbf, 0xef, 0xbf, 0xef, 0x9f, 0xef,
    0xbf, 0xef, 0xbf, 0xef, 0xbf, 0xef, 0x9f, 0xef, 0xbf, 0xef, 0xbf, 0xef,
    0xbf, 0xef, 0xbf, 0xef, 0xbf, 0xef, 0xbf, 0xef, 0xbf, 0xef, 0xbf, 0xef,
    0x9f, 0xef, 0xbf, 0xef, 0xbf, 0xef, 0xbf, 0xf7, 0xbf, 0xef, 0xbf, 0xef,
    0xbf, 0xef, 0xbf, 0xef, 0x9f, 0xf7, 0xbf, 0xef, 0xbf, 0xef, 0xbf, 0xf7,
    0xbf, 0xef, 0xbf, 0xf7, 0xbf, 0xef, 0xbf, 0xef, 0xbf, 0xef, 0xbf, 0xef,
    0xbf, 0xf7, 0xbf, 0xef, 0xbf, 0xf7, 0xbf, 0xf7, 0xbf, 0xef, 0xbf, 0xef,
    0xbf, 0xf7, 0xbf, 0xf7, 0xbf, 0xef, 0xbf, 0xf7, 0xbf, 0xf7, 0xbf, 0xef,
    0xdf, 0xf7, 0xbf, 0xf7, 0xbf, 0xef, 0xbf, 0xf7, 0xbf, 0xf7, 0xbf, 0xef,
    0xbf, 0xf7, 0xbf, 0xf7, 0xbf, 0xef, 0xbf, 0xef, 0xbf, 0xf7, 0xbf, 0xf7,
    0xbf, 0xef, 0xbf, 0xf7, 0xbf, 0xf7, 0xbf, 0xef, 0xbf, 0xef, 0xbf, 0xef,
    0xbf, 0xf7, 0xff, 0xff, 0xff, 0xff, 0xff, 0xff, 0xff, 0xff, 0xff, 0xff,
    0xff, 0xff, 0xff, 0xff, 0xff, 0xff, 0xff, 0xff, 0xff, 0xff, 0xbf, 0xf7,
    0x7f, 0xdf, 0x7f, 0xdf, 0x7f, 0xdf, 0x7f, 0xe7, 0x7f, 0xdf, 0x5f, 0xdf,
    0x7f, 0xdf, 0x7f, 0xdf, 0x5f, 0xdf, 0x7f, 0xdf, 0x7f, 0xe7, 0x7f, 0xdf,
    0x7f, 0xe7, 0x7f, 0xe7, 0x7f, 0xdf, 0x7f, 0xe7, 0x7f, 0xdf, 0x7f, 0xdf,
    0x7f, 0xe7, 0x7f, 0xdf, 0x7f, 0xdf, 0x7f, 0xe7, 0x5f, 0xdf, 0x7f, 0xdf,
    0x7f, 0xdf, 0x5f, 0xe7, 0x7f, 0xe7, 0x7f, 0xdf, 0x7f, 0xdf, 0x7f, 0xe7,
    0x7f, 0xe7, 0x7f, 0xdf, 0x7f, 0xdf, 0x7f, 0xe7, 0x7f, 0xdf, 0x7f, 0xe7,
    0x7f, 0xdf, 0x7f, 0xdf, 0x7f, 0xe7, 0x9f, 0xe7, 0x7f, 0xdf, 0x7f, 0xdf,
    0x7f, 0xdf, 0x7f, 0xe7, 0x7f, 0xe7, 0x7f, 0xdf, 0x7f, 0xdf, 0x7f, 0xe7,
    0x7f, 0xdf, 0x7f, 0xe7, 0x9f, 0xe7, 0x7f, 0xdf, 0x7f, 0xe7, 0x7f, 0xe7,
    0x7f, 0xdf, 0x7f, 0xdf, 0x7f, 0xe7, 0x7f, 0xdf, 0x7f, 0xdf, 0x7f, 0xe7,
    0x7f, 0xe7, 0x7f, 0xdf, 0x9f, 0xe7, 0x7f, 0xe7, 0x7f, 0xdf, 0x7f, 0xdf,
    0x7f, 0xe7, 0x7f, 0xdf, 0x7f, 0xe7, 0x7f, 0xe7, 0x7f, 0xdf, 0x7f, 0xe7,
    0x7f, 0xdf, 0x7f, 0xe7, 0x9f, 0xe7, 0x7f, 0xdf, 0x7f, 0xdf, 0x9f, 0xe7,
    0x7f, 0xe7, 0x9f, 0xdf, 0x7f, 0xe7, 0x7f, 0xdf, 0x9f, 0xe7, 0x7f, 0xe7,
    0x9f, 0xe7, 0x9f, 0xe7, 0x7f, 0xe7, 0x9f, 0xe7, 0x7f, 0xe7, 0x7f, 0xe7,
    0x9f, 0xe7, 0x7f, 0xdf, 0x9f, 0xe7, 0x9f, 0xe7, 0x7f, 0xdf, 0x7f, 0xe7,
    0x7f, 0xe7, 0x9f, 0xdf, 0x7f, 0xe7, 0x7f, 0xe7, 0x9f, 0xe7, 0x9f, 0xe7,
    0x7f, 0xe7, 0x9f, 0xe7, 0x9f, 0xe7, 0x9f, 0xe7, 0x9f, 0xe7, 0x7f, 0xe7,
    0x9f, 0xe7, 0x9f, 0xe7, 0x7f, 0xe7, 0x9f, 0xe7, 0x7f, 0xe7, 0x9f, 0xe7,
    0x7f, 0xe7, 0x9f, 0xe7, 0x9f, 0xe7, 0x9f, 0xef, 0x9f, 0xe7, 0x9f, 0xe7,
    0x9f, 0xe7, 0x9f, 0xe7, 0x9f, 0xe7, 0x9f, 0xef, 0x9f, 0xe7, 0x9f, 0xe7,
    0x9f, 0xe7, 0x9f, 0xe7, 0x9f, 0xef, 0x9f, 0xe7, 0x9f, 0xef, 0x9f, 0xef,
    0x9f, 0xe7, 0x9f, 0xe7, 0x9f, 0xef, 0x9f, 0xef, 0xbf, 0xe7, 0x9f, 0xef,
    0x9f, 0xe7, 0x9f, 0xef, 0x9f, 0xef, 0x9f, 0xe7, 0x9f, 0xe7, 0x9f, 0xef,
    0xbf, 0xef, 0x9f, 0xe7, 0x9f, 0xe7, 0x9f, 0xef, 0xbf, 0xe7, 0x9f, 0xef,
    0x9f, 0xef, 0x9f, 0xe7, 0xbf, 0xef, 0x9f, 0xef, 0xbf, 0xef, 0xbf, 0xef,
    0x9f, 0xef, 0xbf, 0xef, 0xbf, 0xef, 0x9f, 0xef, 0xbf, 0xef, 0xbf, 0xef,
    0xbf, 0xef, 0x9f, 0xef, 0x9f, 0xef, 0xbf, 0xef, 0xbf, 0xef, 0xbf, 0xef,
    0xbf, 0xef, 0xbf, 0xef, 0xbf, 0xef, 0xbf, 0xef, 0x9f, 0xef, 0xbf, 0xef,
    0xbf, 0xef, 0x9f, 0xef, 0xbf, 0xef, 0x9f, 0xef, 0xbf, 0xef, 0xbf, 0xef,
    0xbf, 0xef, 0xbf, 0xef, 0x9f, 0xef, 0xbf, 0xef, 0xbf, 0xef, 0xbf, 0xef,
    0xbf, 0xef, 0xbf, 0xef, 0xbf, 0xef, 0xbf, 0xf7, 0xbf, 0xef, 0xbf, 0xef,
    0xbf, 0xf7, 0xbf, 0xef, 0xbf, 0xef, 0xbf, 0xf7, 0xbf, 0xef, 0xbf, 0xf7,
    0xbf, 0xef, 0xbf, 0xef, 0xbf, 0xef, 0xbf, 0xf7, 0xbf, 0xef, 0xbf, 0xef,
    0xbf, 0xf7, 0xbf, 0xf7, 0xbf, 0xef, 0xbf, 0xef, 0xbf, 0xef, 0xbf, 0xef,
    0xbf, 0xef, 0xbf, 0xf7, 0xdf, 0xef, 0xbf, 0xef, 0xbf, 0xf7, 0xdf, 0xef,
    0xbf, 0xef, 0xbf, 0xf7, 0xbf, 0xf7, 0xbf, 0xef, 0xbf, 0xef, 0xbf, 0xef,
    0xbf, 0xf7, 0xdf, 0xef, 0xbf, 0xef, 0xbf, 0xf7, 0xbf, 0xef, 0xbf, 0xef,
    0xbf, 0xf7, 0xff, 0xff, 0xff, 0xff, 0xff, 0xff, 0xff, 0xff, 0xff, 0xff,
    0xff, 0xff, 0xff, 0xff, 0xff, 0xff, 0xff, 0xff, 0xff, 0xff, 0xbf, 0xf7,
    0x7f, 0xdf, 0x7f, 0xdf, 0x7f, 0xdf, 0x7f, 0xe7, 0x7f, 0xdf, 0x5f, 0xdf,
    0x7f, 0xe7, 0x7f, 0xdf, 0x7f, 0xdf, 0x5f, 0xe7, 0x7f, 0xdf, 0x7f, 0xdf,
    0x7f, 0xe7, 0x5f, 0xdf, 0x7f, 0xdf, 0x7f, 0xdf, 0x7f, 0xe7, 0x7f, 0xe7,
    0x7f, 0xdf, 0x7f, 0xe7, 0x7f, 0xdf, 0x7f, 0xdf, 0x7f, 0xe7, 0x7f, 0xe7,
    0x7f, 0xdf, 0x7f, 0xdf, 0x7f, 0xe7, 0x7f, 0xdf, 0x7f, 0xdf, 0x7f, 0xe7,
    0x7f, 0xdf, 0x5f, 0xe7, 0x7f, 0xdf, 0x7f, 0xe7, 0x7f, 0xe7, 0x7f, 0xdf,
    0x7f, 0xdf, 0x7f, 0xe7, 0x7f, 0xdf, 0x7f, 0xdf, 0x9f, 0xe7, 0x7f, 0xdf,
    0x7f, 0xdf, 0x9f, 0xe7, 0x7f, 0xdf, 0x7f, 0xe7, 0x7f, 0xdf, 0x7f, 0xe7,
    0x7f, 0xdf, 0x7f, 0xdf, 0x7f, 0xdf, 0x7f, 0xe7, 0x7f, 0xdf, 0x7f, 0xdf,
    0x7f, 0xdf, 0x7f, 0xe7, 0x7f, 0xe7, 0x7f, 0xdf, 0x7f, 0xdf, 0x7f, 0xdf,
    0x7f, 0xe7, 0x7f, 0xe7, 0x7f, 0xdf, 0x7f, 0xdf, 0x7f, 0xe7, 0x7f, 0xdf,
    0x7f, 0xe7, 0x7f, 0xdf, 0x7f, 0xdf, 0x9f, 0xe7, 0x7f, 0xe7, 0x7f, 0xe7,
    0x7f, 0xe7, 0x7f, 0xe7, 0x7f, 0xe7, 0x7f, 0xe7, 0x7f, 0xdf, 0x9f, 0xe7,
    0x9f, 0xe7, 0x7f, 0xdf, 0x9f, 0xe7, 0x7f, 0xe7, 0x7f, 0xdf, 0x7f, 0xdf,
    0x7f, 0xe7, 0x9f, 0xdf, 0x7f, 0xe7, 0x9f, 0xdf, 0x9f, 0xe7, 0x7f, 0xe7,
    0x9f, 0xdf, 0x7f, 0xe7, 0x7f, 0xe7, 0x9f, 0xe7, 0x9f, 0xe7, 0x9f, 0xe7,
    0x9f, 0xe7, 0x7f, 0xdf, 0x9f, 0xe7, 0x7f, 0xe7, 0x9f, 0xe7, 0x9f, 0xe7,
    0x9f, 0xe7, 0x9f, 0xe7, 0x9f, 0xe7, 0x7f, 0xe7, 0x9f, 0xe7, 0x7f, 0xe7,
    0x9f, 0xe7, 0x9f, 0xe7, 0x9f, 0xe7, 0x9f, 0xe7, 0x9f, 0xe7, 0x9f, 0xe7,
    0x9f, 0xe7, 0x9f, 0xef, 0x9f, 0xe7, 0x9f, 0xe7, 0x9f, 0xe7, 0x9f, 0xe7,
    0x9f, 0xef, 0x9f, 0xe7, 0x9f, 0xe7, 0x9f, 0xef, 0x9f, 0xef, 0x9f, 0xe7,
    0x9f, 0xef, 0x9f, 0xe7, 0x9f, 0xe7, 0x9f, 0xef, 0x9f, 0xe7, 0x9f, 0xe7,
    0x9f, 0xef, 0x9f, 0xe7, 0x9f, 0xe7, 0x9f, 0xef, 0xbf, 0xe7, 0x9f, 0xef,
    0x9f, 0xe7, 0xbf, 0xef, 0x9f, 0xef, 0x9f, 0xef, 0x9f, 0xe7, 0x9f, 0xe7,
    0x9f, 0xef, 0xbf, 0xef, 0x9f, 0xef, 0x9f, 0xe7, 0x9f, 0xef, 0x9f, 0xef,
    0xbf, 0xe7, 0xbf, 0xe7, 0xbf, 0xef, 0x9f, 0xef, 0xbf, 0xef, 0x9f, 0xef,
    0x9f, 0xef, 0xbf, 0xef, 0x9f, 0xef, 0x9f, 0xef, 0xbf, 0xef, 0xbf, 0xef,
    0xbf, 0xef, 0xbf, 0xef, 0xbf, 0xef, 0xbf, 0xef, 0x9f, 0xef, 0x9f, 0xef,
    0xbf, 0xe7, 0x9f, 0xef, 0xbf, 0xef, 0xbf, 0xef, 0xbf, 0xef, 0xbf, 0xef,
    0xbf, 0xef, 0xbf, 0xef, 0xbf, 0xef, 0xbf, 0xef, 0xbf, 0xef, 0xbf, 0xef,
    0xbf, 0xf7, 0xbf, 0xef, 0xbf, 0xef, 0xbf, 0xef, 0xbf, 0xef, 0xbf, 0xef,
    0x9f, 0xef, 0xbf, 0xef, 0xbf, 0xef, 0x9f, 0xef, 0xbf, 0xef, 0xbf, 0xef,
    0xbf, 0xef, 0xbf, 0xf7, 0xbf, 0xef, 0xbf, 0xf7, 0xbf, 0xf7, 0xbf, 0xef,
    0xbf, 0xf7, 0xbf, 0xf7, 0xbf, 0xef, 0xbf, 0xef, 0xbf, 0xf7, 0xbf, 0xf7,
    0xbf, 0xef, 0xbf, 0xef, 0xbf, 0xf7, 0xbf, 0xef, 0xbf, 0xf7, 0xbf, 0xef,
    0xbf, 0xef, 0xbf, 0xf7, 0xdf, 0xef, 0xbf, 0xf7, 0xbf, 0xef, 0xbf, 0xf7,
    0xbf, 0xef, 0xbf, 0xef, 0xbf, 0xf7, 0xbf, 0xf7, 0xbf, 0xef, 0xbf, 0xf7,
    0xbf, 0xf7, 0xbf, 0xef, 0xbf, 0xf7, 0xbf, 0xf7, 0xbf, 0xef, 0xbf, 0xef,
    0xbf, 0xf7, 0xff, 0xff, 0xff, 0xff, 0xff, 0xff, 0xff, 0xff, 0xff, 0xff,
    0xff, 0xff, 0xff, 0xff, 0xff, 0xff, 0xff, 0xff, 0xff, 0xff, 0xbf, 0xf7,
    0x7f, 0xdf, 0x7f, 0xdf, 0x5f, 0xdf, 0x7f, 0xdf, 0x7f, 0xdf, 0x7f, 0xe7,
    0x5f, 0xdf, 0x7f, 0xdf, 0x7f, 0xe7, 0x7f, 0xdf, 0x5f, 0xdf, 0x7f, 0xdf,
    0x7f, 0xdf, 0x7f, 0xdf, 0x7f, 0xe7, 0x7f, 0xdf, 0x7f, 0xdf, 0x7f, 0xdf,
    0x7f, 0xdf, 0x7f, 0xdf, 0x7f, 0xe7, 0x7f, 0xdf, 0x7f, 0xdf, 0x7f, 0xe7,
    0x7f, 0xdf, 0x7f, 0xdf, 0x7f, 0xe7, 0x7f, 0xdf, 0x7f, 0xdf, 0x7f, 0xdf,
    0x7f, 0xdf, 0x7f, 0xdf, 0x7f, 0xdf, 0x7f, 0xdf, 0x7f, 0xe7, 0x7f, 0xdf,
    0x7f, 0xdf, 0x7f, 0xe7, 0x7f, 0xdf, 0x7f, 0xdf, 0x7f, 0xe7, 0x7f, 0xdf,
    0x7f, 0xdf, 0x7f, 0xdf, 0x7f, 0xe7, 0x7f, 0xdf, 0x7f, 0xe7, 0x7f, 0xe7,
    0x7f, 0xdf, 0x9f, 0xe7, 0x7f, 0xdf, 0x7f, 0xe7, 0x9f, 0xe7, 0x7f, 0xdf,
    0x9f, 0xe7, 0x7f, 0xe7, 0x9f, 0xdf, 0x7f, 0xe7, 0x7f, 0xe7, 0x7f, 0xdf,
    0x9f, 0xdf, 0x7f, 0xe7, 0x7f, 0xdf, 0x9f, 0xe7, 0x7f, 0xe7, 0x7f, 0xdf,
    0x9f, 0xe7, 0x7f, 0xe7, 0x7f, 0xe7, 0x9f, 0xdf, 0x7f, 0xdf, 0x9f, 0xe7,
    0x9f, 0xdf, 0x7f, 0xdf, 0x9f, 0xe7, 0x7f, 0xe7, 0x7f, 0xdf, 0x7f, 0xe7,
    0x9f, 0xe7, 0x7f, 0xdf, 0x7f, 0xe7, 0x7f, 0xe7, 0x7f, 0xdf, 0x7f, 0xe7,
    0x7f, 0xe7, 0x7f, 0xdf, 0x7f, 0xdf, 0x7f, 0xe7, 0x9f, 0xe7, 0x7f, 0xdf,
    0x9f, 0xe7, 0x9f, 0xe7, 0x7f, 0xdf, 0x7f, 0xe7, 0x9f, 0xe7, 0x9f, 0xe7,
    0x9f, 0xe7, 0x7f, 0xe7, 0x9f, 0xe7, 0x9f, 0xe7, 0x9f, 0xe7, 0x7f, 0xe7,
    0x9f, 0xe7, 0x9f, 0xe7, 0x9f, 0xe7, 0x9f, 0xe7, 0x9f, 0xe7, 0x9f, 0xe7,
    0x9f, 0xe7, 0x7f, 0xe7, 0x9f, 0xe7, 0x7f, 0xe7, 0x7f, 0xe7, 0x9f, 0xe7,
    0x9f, 0xe7, 0x9f, 0xe7, 0x9f, 0xef, 0x9f, 0xe7, 0x9f, 0xe7, 0x9f, 0xef,
    0x9f, 0xe7, 0x9f, 0xe7, 0x9f, 0xe7, 0x9f, 0xef, 0x9f, 0xe7, 0x9f, 0xe7,
    0x9f, 0xef, 0x9f, 0xe7, 0x9f, 0xe7, 0x9f, 0xef, 0x9f, 0xe7, 0x9f, 0xe7,
    0x9f, 0xef, 0xbf, 0xef, 0x9f, 0xe7, 0x9f, 0xef, 0x9f, 0xe7, 0x9f, 0xe7,
    0x9f, 0xef, 0x9f, 0xe7, 0xbf, 0xe7, 0x9f, 0xef, 0x9f, 0xef, 0x9f, 0xe7,
    0x9f, 0xe7, 0x9f, 0xef, 0x9f, 0xef, 0xbf, 0xe7, 0x9f, 0xef, 0x9f, 0xe7,
    0xbf, 0xef, 0x9f, 0xef, 0x9f, 0xef, 0xbf, 0xef, 0x9f, 0xef, 0xbf, 0xe7,
    0xbf, 0xe7, 0xbf, 0xef, 0x9f, 0xef, 0xbf, 0xef, 0x9f, 0xef, 0xbf, 0xef,
    0xbf, 0xef, 0xbf, 0xef, 0xbf, 0xef, 0xbf, 0xef, 0x9f, 0xef, 0x9f, 0xef,
    0xbf, 0xef, 0xbf, 0xef, 0x9f, 0xef, 0xbf, 0xef, 0xbf, 0xef, 0xbf, 0xef,
    0x9f, 0xef, 0xbf, 0xef, 0xbf, 0xef, 0xbf, 0xf7, 0xbf, 0xef, 0xbf, 0xef,
    0xbf, 0xef, 0xbf, 0xef, 0xbf, 0xf7, 0x9f, 0xef, 0xbf, 0xef, 0xbf, 0xf7,
    0x9f, 0xef, 0xbf, 0xf7, 0xbf, 0xef, 0xbf, 0xef, 0xbf, 0xf7, 0xbf, 0xef,
    0xbf, 0xef, 0xbf, 0xf7, 0xbf, 0xef, 0xbf, 0xef, 0xbf, 0xef, 0xbf, 0xf7,
    0xbf, 0xef, 0xbf, 0xef, 0xbf, 0xf7, 0xbf, 0xef, 0xbf, 0xef, 0xbf, 0xef,
    0xbf, 0xf7, 0xbf, 0xef, 0xbf, 0xef, 0xbf, 0xf7, 0xbf, 0xf7, 0xbf, 0xf7,
    0xbf, 0xf7, 0xbf, 0xef, 0xbf, 0xf7, 0xdf, 0xef, 0xdf, 0xf7, 0xbf, 0xf7,
    0xdf, 0xf7, 0xbf, 0xef, 0xbf, 0xef, 0xbf, 0xf7, 0xbf, 0xf7, 0xbf, 0xef,
    0xdf, 0xf7, 0xbf, 0xef, 0xbf, 0xef, 0xbf, 0xf7, 0xbf, 0xef, 0xbf, 0xef,
    0xbf, 0xf7, 0xff, 0xff, 0xff, 0xff, 0xff, 0xff, 0xff, 0xff, 0xff, 0xff,
    0xff, 0xff, 0xff, 0xff, 0xff, 0xff, 0xff, 0xff, 0xff, 0xff, 0xdf, 0xf7,
    0x7f, 0xdf, 0x5f, 0xdf, 0x7f, 0xe7, 0x5f, 0xdf, 0x7f, 0xdf, 0x7f, 0xdf,
    0x7f, 0xdf, 0x5f, 0xdf, 0x7f, 0xdf, 0x7f, 0xdf, 0x7f, 0xdf, 0x7f, 0xe7,
    0x7f, 0xe7, 0x7f, 0xdf, 0x7f, 0xe7, 0x7f, 0xe7, 0x7f, 0xdf, 0x7f, 0xe7,
    0x7f, 0xe7, 0x7f, 0xdf, 0x7f, 0xe7, 0x7f, 0xdf, 0x7f, 0xdf, 0x7f, 0xe7,
    0x7f, 0xdf, 0x7f, 0xdf, 0x7f, 0xe7, 0x7f, 0xe7, 0x7f, 0xdf, 0x7f, 0xe7,
    0x7f, 0xe7, 0x7f, 0xdf, 0x7f, 0xe7, 0x7f, 0xdf, 0x7f, 0xdf, 0x7f, 0xe7,
    0x9f, 0xdf, 0x7f, 0xdf, 0x7f, 0xe7, 0x7f, 0xdf, 0x7f, 0xe7, 0x7f, 0xe7,
    0x9f, 0xe7, 0x7f, 0xe7, 0x7f, 0xdf, 0x9f, 0xe7, 0x7f, 0xdf, 0x7f, 0xdf,
    0x7f, 0xe7, 0x7f, 0xe7, 0x7f, 0xdf, 0x7f, 0xdf, 0x7f, 0xe7, 0x7f, 0xdf,
    0x7f, 0xe7, 0x9f, 0xe7, 0x7f, 0xdf, 0x9f, 0xdf, 0x7f, 0xe7, 0x7f, 0xe7,
    0x7f, 0xdf, 0x7f, 0xe7, 0x9f, 0xdf, 0x7f, 0xe7, 0x7f, 0xdf, 0x7f, 0xdf,
    0x7f, 0xe7, 0x7f, 0xe7, 0x7f, 0xe7, 0x7f, 0xdf, 0x9f, 0xe7, 0x7f, 0xe7,
    0x7f, 0xdf, 0x7f, 0xe7, 0x9f, 0xdf, 0x7f, 0xdf, 0x7f, 0xe7, 0x7f, 0xe7,
    0x7f, 0xdf, 0x7f, 0xe7, 0x7f, 0xe7, 0x9f, 0xdf, 0x9f, 0xe7, 0x7f, 0xe7,
    0x9f, 0xe7, 0x7f, 0xe7, 0x7f, 0xe7, 0x9f, 0xe7, 0x7f, 0xe7, 0x7f, 0xe7,
    0x9f, 0xe7, 0x7f, 0xe7, 0x9f, 0xe7, 0x9f, 0xe7, 0x9f, 0xe7, 0x9f, 0xe7,
    0x9f, 0xe7, 0x7f, 0xe7, 0x7f, 0xe7, 0x9f, 0xe7, 0x9f, 0xe7, 0x9f, 0xe7,
    0x9f, 0xe7, 0x9f, 0xe7, 0x7f, 0xe7, 0x7f, 0xe7, 0x9f, 0xe7, 0x9f, 0xe7,
    0x9f, 0xe7, 0x7f, 0xe7, 0x9f, 0xe7, 0x7f, 0xe7, 0x9f, 0xe7, 0x9f, 0xe7,
    0x7f, 0xe7, 0x7f, 0xe7, 0x9f, 0xe7, 0x9f, 0xef, 0x9f, 0xef, 0x9f, 0xe7,
    0x9f, 0xe7, 0x9f, 0xe7, 0x9f, 0xe7, 0x9f, 0xe7, 0x9f, 0xef, 0x9f, 0xe7,
    0x9f, 0xe7, 0x9f, 0xef, 0x9f, 0xe7, 0x9f, 0xef, 0x9f, 0xe7, 0x9f, 0xe7,
    0x9f, 0xef, 0x9f, 0xe7, 0x9f, 0xe7, 0xbf, 0xef, 0x9f, 0xef, 0x9f, 0xef,
    0xbf, 0xef, 0x9f, 0xe7, 0x9f, 0xef, 0x9f, 0xe7, 0x9f, 0xef, 0x9f, 0xef,
    0x9f, 0xe7, 0x9f, 0xef, 0x9f, 0xef, 0x9f, 0xe7, 0x9f, 0xe7, 0x9f, 0xef,
    0xbf, 0xef, 0x9f, 0xef, 0x9f, 0xe7, 0x9f, 0xef, 0xbf, 0xef, 0xbf, 0xef,
    0x9f, 0xef, 0x9f, 0xef, 0xbf, 0xef, 0xbf, 0xef, 0xbf, 0xef, 0x9f, 0xef,
    0xbf, 0xef, 0x9f, 0xef, 0x9f, 0xef, 0xbf, 0xef, 0xbf, 0xef, 0x9f, 0xef,
    0xbf, 0xef, 0x9f, 0xef, 0xbf, 0xef, 0xbf, 0xef, 0xbf, 0xef, 0xbf, 0xef,
    0x9f, 0xef, 0xbf, 0xef, 0xbf, 0xef, 0xbf, 0xef, 0xbf, 0xef, 0xbf, 0xf7,
    0x9f, 0xef, 0xbf, 0xef, 0xbf, 0xf7, 0x9f, 0xef, 0xbf, 0xef, 0xbf, 0xef,
    0xbf, 0xef, 0xbf, 0xef, 0xbf, 0xf7, 0xbf, 0xef, 0xbf, 0xef, 0xbf, 0xef,
    0xbf, 0xef, 0xbf, 0xef, 0xbf, 0xef, 0xbf, 0xef, 0xbf, 0xf7, 0xbf, 0xef,
    0xbf, 0xef, 0xbf, 0xef, 0xbf, 0xf7, 0xbf, 0xef, 0xbf, 0xf7, 0xbf, 0xf7,
    0xbf, 0xef, 0xbf, 0xf7, 0xbf, 0xf7, 0xdf, 0xef, 0xbf, 0xef, 0xbf, 0xef,
    0xdf, 0xf7, 0xdf, 0xef, 0xbf, 0xf7, 0xbf, 0xef, 0xbf, 0xef, 0xbf, 0xf7,
    0xdf, 0xef, 0xdf, 0xf7, 0xbf, 0xf7, 0xbf, 0xf7, 0xdf, 0xef, 0xbf, 0xef,
    0xbf, 0xf7, 0xdf, 0xf7, 0xbf, 0xef, 0xbf, 0xf7, 0xbf, 0xef, 0xbf, 0xf7,
    0xbf, 0xef, 0xff, 0xff, 0xff, 0xff, 0xff, 0xff, 0xff, 0xff, 0xff, 0xff,
    0xff, 0xff, 0xff, 0xff, 0xff, 0xff, 0xff, 0xff, 0xff, 0xff, 0xbf, 0xf7,
    0x7f, 0xdf, 0x7f, 0xe7, 0x7f, 0xdf, 0x7f, 0xdf, 0x7f, 0xe7, 0x7f, 0xdf,
    0x7f, 0xdf, 0x7f, 0xe7, 0x7f, 0xdf, 0x7f, 0xdf, 0x7f, 0xe7, 0x7f, 0xdf,
    0x7f, 0xdf, 0x7f, 0xdf, 0x7f, 0xe7, 0x7f, 0xdf, 0x7f, 0xdf, 0x7f, 0xe7,
    0x7f, 0xdf, 0x7f, 0xdf, 0x7f, 0xe7, 0x7f, 0xdf, 0x7f, 0xdf, 0x7f, 0xe7,
    0x7f, 0xdf, 0x7f, 0xdf, 0x7f, 0xdf, 0x7f, 0xdf, 0x7f, 0xe7, 0x7f, 0xdf,
    0x7f, 0xdf, 0x7f, 0xe7, 0x7f, 0xe7, 0x7f, 0xe7, 0x7f, 0xdf, 0x7f, 0xe7,
    0x7f, 0xe7, 0x7f, 0xdf, 0x7f, 0xdf, 0x7f, 0xe7, 0x7f, 0xdf, 0x7f, 0xdf,
    0x7f, 0xe7, 0x7f, 0xdf, 0x7f, 0xdf, 0x7f, 0xe7, 0x7f, 0xe7, 0x7f, 0xdf,
    0x9f, 0xdf, 0x7f, 0xdf, 0x7f, 0xdf, 0x7f, 0xdf, 0x9f, 0xe7, 0x7f, 0xdf,
    0x7f, 0xdf, 0x7f, 0xe7, 0x7f, 0xdf, 0x7f, 0xdf, 0x7f, 0xe7, 0x7f, 0xdf,
    0x7f, 0xe7, 0x7f, 0xdf, 0x7f, 0xe7, 0x7f, 0xdf, 0x7f, 0xe7, 0x9f, 0xdf,
    0x7f, 0xe7, 0x9f, 0xdf, 0x7f, 0xdf, 0x7f, 0xe7, 0x9f, 0xe7, 0x7f, 0xe7,
    0x7f, 0xe7, 0x7f, 0xe7, 0x7f, 0xe7, 0x9f, 0xdf, 0x7f, 0xe7, 0x7f, 0xe7,
    0x9f, 0xdf, 0x7f, 0xe7, 0x7f, 0xdf, 0x7f, 0xe7, 0x7f, 0xe7, 0x7f, 0xdf,
    0x7f, 0xdf, 0x9f, 0xe7, 0x9f, 0xe7, 0x7f, 0xdf, 0x9f, 0xe7, 0x9f, 0xe7,
    0x9f, 0xe7, 0x9f, 0xe7, 0x9f, 0xe7, 0x9f, 0xe7, 0x7f, 0xe7, 0x9f, 0xe7,
    0x7f, 0xe7, 0x7f, 0xe7, 0x9f, 0xe7, 0x9f, 0xe7, 0x9f, 0xe7, 0x9f, 0xe7,
    0x9f, 0xe7, 0x9f, 0xe7, 0x9f, 0xe7, 0x9f, 0xe7, 0x7f, 0xe7, 0x9f, 0xe7,
    0x9f, 0xe7, 0x9f, 0xe7, 0x7f, 0xe7, 0x9f, 0xe7, 0x9f, 0xe7, 0x7f, 0xe7,
    0x9f, 0xe7, 0x9f, 0xef, 0x9f, 0xe7, 0x9f, 0xe7, 0x9f, 0xe7, 0x9f, 0xef,
    0x9f, 0xe7, 0x9f, 0xef, 0x7f, 0xe7, 0x9f, 0xef, 0x9f, 0xe7, 0x9f, 0xe7,
    0x9f, 0xef, 0x9f, 0xe7, 0x9f, 0xe7, 0x9f, 0xe7, 0x9f, 0xef, 0x9f, 0xe7,
    0x9f, 0xef, 0x9f, 0xe7, 0x9f, 0xef, 0x9f, 0xe7, 0x9f, 0xe7, 0xbf, 0xef,
    0x9f, 0xef, 0x9f, 0xef, 0x9f, 0xe7, 0xbf, 0xe7, 0x9f, 0xe7, 0x9f, 0xef,
    0x9f, 0xef, 0x9f, 0xe7, 0xbf, 0xef, 0x9f, 0xef, 0xbf, 0xe7, 0x9f, 0xef,
    0x9f, 0xef, 0xbf, 0xe7, 0xbf, 0xef, 0x9f, 0xef, 0xbf, 0xe7, 0xbf, 0xef,
    0xbf, 0xef, 0x9f, 0xef, 0xbf, 0xef, 0x9f, 0xef, 0x9f, 0xef, 0xbf, 0xef,
    0xbf, 0xef, 0x9f, 0xef, 0x9f, 0xef, 0xbf, 0xef, 0xbf, 0xef, 0x9f, 0xef,
    0x9f, 0xef, 0xbf, 0xef, 0xbf, 0xef, 0x9f, 0xef, 0xbf, 0xef, 0xbf, 0xef,
    0x9f, 0xef, 0xbf, 0xef, 0xbf, 0xef, 0x9f, 0xef, 0xbf, 0xef, 0xbf, 0xef,
    0xbf, 0xef, 0xbf, 0xef, 0xbf, 0xef, 0xbf, 0xef, 0xbf, 0xef, 0xbf, 0xf7,
    0xbf, 0xef, 0xbf, 0xef, 0xbf, 0xf7, 0xbf, 0xf7, 0xbf, 0xef, 0xbf, 0xef,
    0xbf, 0xf7, 0xbf, 0xef, 0xbf, 0xef, 0xbf, 0xf7, 0xbf, 0xef, 0xbf, 0xef,
    0xbf, 0xf7, 0xbf, 0xf7, 0xbf, 0xef, 0xbf, 0xef, 0xbf, 0xef, 0xbf, 0xef,
    0xdf, 0xef, 0xbf, 0xef, 0xbf, 0xef, 0xbf, 0xef, 0xbf, 0xf7, 0xbf, 0xef,
    0xbf, 0xef, 0xbf, 0xef, 0xbf, 0xf7, 0xbf, 0xf7, 0xbf, 0xef, 0xbf, 0xef,
    0xbf, 0xf7, 0xbf, 0xf7, 0xbf, 0xef, 0xdf, 0xef, 0xbf, 0xf7, 0xbf, 0xf7,
    0xbf, 0xef, 0xbf, 0xef, 0xbf, 0xf7, 0xbf, 0xef, 0xdf, 0xf7, 0xbf, 0xf7,
    0xbf, 0xef, 0xff, 0xff, 0xff, 0xff, 0xff, 0xff, 0xff, 0xff, 0xff, 0xff,
    0xff, 0xff, 0xff, 0xff, 0xff, 0xff, 0xff, 0xff, 0xff, 0xff, 0xbf, 0xf7,
    0x7f, 0xdf, 0x7f, 0xdf, 0x7f, 0xdf, 0x7f, 0xdf, 0x7f, 0xe7, 0x5f, 0xdf,
    0x7f, 0xdf, 0x7f, 0xe7, 0x7f, 0xdf, 0x7f, 0xdf, 0x7f, 0xe7, 0x7f, 0xdf,
    0x7f, 0xdf, 0x7f, 0xe7, 0x7f, 0xe7, 0x7f, 0xdf, 0x7f, 0xdf, 0x7f, 0xdf,
    0x7f, 0xdf, 0x7f, 0xe7, 0x7f, 0xdf, 0x7f, 0xe7, 0x7f, 0xdf, 0x7f, 0xe7,
    0x7f, 0xe7, 0x7f, 0xdf, 0x7f, 0xe7, 0x7f, 0xdf, 0x7f, 0xdf, 0x7f, 0xdf,
    0x7f, 0xdf, 0x7f, 0xe7, 0x7f, 0xdf, 0x7f, 0xdf, 0x7f, 0xe7, 0x7f, 0xdf,
    0x9f, 0xe7, 0x7f, 0xdf, 0x7f, 0xdf, 0x7f, 0xe7, 0x7f, 0xdf, 0x7f, 0xdf,
    0x7f, 0xdf, 0x7f, 0xdf, 0x7f, 0xe7, 0x9f, 0xdf, 0x7f, 0xe7, 0x7f, 0xe7,
    0x7f, 0xe7, 0x7f, 0xe7, 0x7f, 0xdf, 0x7f, 0xe7, 0x7f, 0xe7, 0x9f, 0xdf,
    0x7f, 0xe7, 0x7f, 0xe7, 0x9f, 0xdf, 0x7f, 0xe7, 0x7f, 0xe7, 0x7f, 0xdf,
    0x7f, 0xe7, 0x9f, 0xe7, 0x7f, 0xdf, 0x7f, 0xe7, 0x9f, 0xdf, 0x7f, 0xe7,
    0x7f, 0xe7, 0x7f, 0xdf, 0x9f, 0xe7, 0x7f, 0xe7, 0x7f, 0xdf, 0x7f, 0xdf,
    0x9f, 0xe7, 0x7f, 0xdf, 0x9f, 0xe7, 0x7f, 0xe7, 0x7f, 0xdf, 0x9f, 0xe7,
    0x7f, 0xe7, 0x7f, 0xdf, 0x9f, 0xe7, 0x7f, 0xe7, 0x7f, 0xdf, 0x9f, 0xe7,
    0x9f, 0xe7, 0x7f, 0xe7, 0x7f, 0xdf, 0x9f, 0xe7, 0x7f, 0xe7, 0x9f, 0xdf,
    0x9f, 0xe7, 0x9f, 0xe7, 0x9f, 0xdf, 0x7f, 0xe7, 0x9f, 0xe7, 0x9f, 0xe7,
    0x9f, 0xe7, 0x9f, 0xe7, 0x9f, 0xe7, 0x9f, 0xe7, 0x7f, 0xe7, 0x7f, 0xe7,
    0x7f, 0xe7, 0x9f, 0xe7, 0x9f, 0xe7, 0x9f, 0xe7, 0x9f, 0xe7, 0x7f, 0xe7,
    0x9f, 0xe7, 0x9f, 0xe7, 0x7f, 0xe7, 0x9f, 0xe7, 0x9f, 0xe7, 0x9f, 0xe7,
    0x9f, 0xe7, 0x9f, 0xe7, 0x9f, 0xef, 0x9f, 0xe7, 0x9f, 0xe7, 0x7f, 0xe7,
    0x9f, 0xe7, 0x9f, 0xe7, 0x9f, 0xe7, 0x9f, 0xe7, 0x9f, 0xe7, 0x9f, 0xe7,
    0x9f, 0xef, 0x9f, 0xef, 0x9f, 0xe7, 0x9f, 0xef, 0x9f, 0xe7, 0x9f, 0xef,
    0x9f, 0xe7, 0x9f, 0xef, 0xbf, 0xef, 0x9f, 0xe7, 0x9f, 0xe7, 0x9f, 0xe7,
    0x9f, 0xef, 0xbf, 0xef, 0x9f, 0xef, 0x9f, 0xef, 0xbf, 0xef, 0x9f, 0xe7,
    0x9f, 0xef, 0xbf, 0xe7, 0x9f, 0xef, 0xbf, 0xef, 0xbf, 0xe7, 0x9f, 0xef,
    0xbf, 0xef, 0xbf, 0xe7, 0x9f, 0xef, 0xbf, 0xef, 0x9f, 0xef, 0x9f, 0xef,
    0x9f, 0xef, 0xbf, 0xe7, 0xbf, 0xef, 0x9f, 0xef, 0xbf, 0xef, 0xbf, 0xef,
    0xbf, 0xef, 0xbf, 0xef, 0x9f, 0xef, 0xbf, 0xef, 0xbf, 0xef, 0xbf, 0xef,
    0xbf, 0xef, 0xbf, 0xef, 0x9f, 0xef, 0xbf, 0xef, 0xbf, 0xef, 0xbf, 0xef,
    0xbf, 0xef, 0x9f, 0xf7, 0xbf, 0xef, 0xbf, 0xef, 0x9f, 0xef, 0xbf, 0xef,
    0xbf, 0xf7, 0x9f, 0xef, 0xbf, 0xef, 0xbf, 0xf7, 0xbf, 0xef, 0xbf, 0xef,
    0xbf, 0xf7, 0xbf, 0xef, 0xbf, 0xef, 0xbf, 0xef, 0xbf, 0xf7, 0x9f, 0xef,
    0xbf, 0xef, 0x9f, 0xf7, 0xbf, 0xf7, 0xbf, 0xef, 0xbf, 0xef, 0xbf, 0xef,
    0xbf, 0xef, 0xbf, 0xef, 0xbf, 0xef, 0xbf, 0xf7, 0xbf, 0xf7, 0xbf, 0xef,
    0xbf, 0xf7, 0xdf, 0xf7, 0xbf, 0xef, 0xbf, 0xf7, 0xdf, 0xf7, 0xbf, 0xef,
    0xbf, 0xf7, 0xdf, 0xef, 0xbf, 0xf7, 0xdf, 0xf7, 0xbf, 0xef, 0xbf, 0xf7,
    0xdf, 0xef, 0xbf, 0xef, 0xbf, 0xf7, 0xbf, 0xf7, 0xbf, 0xf7, 0xdf, 0xf7,
    0xbf, 0xef, 0xbf, 0xf7, 0xdf, 0xef, 0xbf, 0xef, 0xbf, 0xf7, 0xbf, 0xef,
    0xbf, 0xf7, 0xff, 0xff, 0xff, 0xff, 0xff, 0xff, 0xff, 0xff, 0xff, 0xff,
    0xff, 0xff, 0xff, 0xff, 0xff, 0xff, 0xff, 0xff, 0xff, 0xff, 0xdf, 0xf7,
    0x7f, 0xdf, 0x7f, 0xdf, 0x7f, 0xdf, 0x7f, 0xe7, 0x7f, 0xdf, 0x7f, 0xdf,
    0x7f, 0xe7, 0x5f, 0xdf, 0x7f, 0xdf, 0x7f, 0xdf, 0x7f, 0xe7, 0x7f, 0xe7,
    0x7f, 0xdf, 0x7f, 0xe7, 0x7f, 0xdf, 0x7f, 0xdf, 0x7f, 0xe7, 0x7f, 0xe7,
    0x7f, 0xdf, 0x7f, 0xdf, 0x7f, 0xe7, 0x7f, 0xe7, 0x7f, 0xdf, 0x7f, 0xdf,
    0x7f, 0xe7, 0x7f, 0xe7, 0x7f, 0xdf, 0x7f, 0xe7, 0x7f, 0xe7, 0x7f, 0xdf,
    0x7f, 0xe7, 0x7f, 0xe7, 0x7f, 0xdf, 0x9f, 0xe7, 0x7f, 0xe7, 0x7f, 0xdf,
    0x9f, 0xdf, 0x7f, 0xe7, 0x7f, 0xdf, 0x7f, 0xdf, 0x7f, 0xe7, 0x7f, 0xdf,
    0x7f, 0xe7, 0x7f, 0xe7, 0x7f, 0xdf, 0x7f, 0xdf, 0x7f, 0xdf, 0x7f, 0xdf,
    0x7f, 0xe7, 0x7f, 0xdf, 0x7f, 0xe7, 0x7f, 0xe7, 0x7f, 0xdf, 0x7f, 0xdf,
    0x7f, 0xe7, 0x7f, 0xdf, 0x7f, 0xdf, 0x9f, 0xe7, 0x7f, 0xdf, 0x7f, 0xdf,
    0x9f, 0xe7, 0x7f, 0xdf, 0x7f, 0xdf, 0x7f, 0xe7, 0x7f, 0xe7, 0x7f, 0xe7,
    0x7f, 0xdf, 0x7f, 0xe7, 0x7f, 0xe7, 0x9f, 0xdf, 0x9f, 0xe7, 0x7f, 0xe7,
    0x7f, 0xdf, 0x7f, 0xe7, 0x7f, 0xdf, 0x7f, 0xe7, 0x7f, 0xdf, 0x7f, 0xdf,
    0x7f, 0xe7, 0x7f, 0xe7, 0x9f, 0xe7, 0x7f, 0xe7, 0x7f, 0xdf, 0x7f, 0xe7,
    0x9f, 0xe7, 0x7f, 0xdf, 0x9f, 0xe7, 0x7f, 0xe7, 0x9f, 0xe7, 0x9f, 0xe7,
    0x7f, 0xe7, 0x9f, 0xe7, 0x9f, 0xe7, 0x9f, 0xe7, 0x7f, 0xe7, 0x9f, 0xe7,
    0x9f, 0xe7, 0x9f, 0xe7, 0x9f, 0xe7, 0x9f, 0xe7, 0x9f, 0xe7, 0x7f, 0xe7,
    0x7f, 0xe7, 0x9f, 0xe7, 0x9f, 0xe7, 0x9f, 0xe7, 0x9f, 0xe7, 0x9f, 0xe7,
    0x7f, 0xe7, 0x9f, 0xe7, 0x9f, 0xe7, 0x7f, 0xe7, 0x7f, 0xe7, 0x9f, 0xe7,
    0x9f, 0xe7, 0x7f, 0xe7, 0x9f, 0xe7, 0x9f, 0xef, 0x9f, 0xef, 0x9f, 0xe7,
    0x7f, 0xe7, 0x9f, 0xef, 0x9f, 0xe7, 0x9f, 0xe7, 0x9f, 0xef, 0x9f, 0xe7,
    0x9f, 0xe7, 0x9f, 0xe7, 0x9f, 0xef, 0x9f, 0xe7, 0x9f, 0xe7, 0x9f, 0xe7,
    0x9f, 0xef, 0x9f, 0xe7, 0x9f, 0xef, 0xbf, 0xef, 0x9f, 0xef, 0x9f, 0xe7,
    0xbf, 0xef, 0x9f, 0xe7, 0x9f, 0xef, 0x9f, 0xef, 0x9f, 0xe7, 0x9f, 0xef,
    0xbf, 0xef, 0x9f, 0xe7, 0x9f, 0xe7, 0x9f, 0xef, 0xbf, 0xef, 0x9f, 0xef,
    0xbf, 0xef, 0x9f, 0xe7, 0x9f, 0xef, 0xbf, 0xef, 0x9f, 0xef, 0x9f, 0xe7,
    0x9f, 0xef, 0xbf, 0xef, 0x9f, 0xef, 0xbf, 0xef, 0xbf, 0xef, 0x9f, 0xef,
    0xbf, 0xef, 0xbf, 0xef, 0x9f, 0xef, 0xbf, 0xef, 0x9f, 0xef, 0xbf, 0xef,
    0xbf, 0xef, 0xbf, 0xef, 0x9f, 0xef, 0xbf, 0xef, 0xbf, 0xef, 0x9f, 0xef,
    0xbf, 0xef, 0xbf, 0xef, 0xbf, 0xef, 0xbf, 0xf7, 0xbf, 0xef, 0xbf, 0xef,
    0xbf, 0xef, 0xbf, 0xef, 0xbf, 0xf7, 0xbf, 0xef, 0xbf, 0xef, 0xbf, 0xef,
    0xbf, 0xef, 0xbf, 0xef, 0xbf, 0xef, 0xbf, 0xef, 0xbf, 0xef, 0xbf, 0xef,
    0xbf, 0xef, 0xbf, 0xef, 0xbf, 0xef, 0xbf, 0xf7, 0xbf, 0xf7, 0xbf, 0xf7,
    0xbf, 0xef, 0xbf, 0xf7, 0xbf, 0xef, 0xbf, 0xef, 0xbf, 0xf7, 0xbf, 0xef,
    0xbf, 0xef, 0xbf, 0xf7, 0xbf, 0xf7, 0xbf, 0xef, 0xdf, 0xf7, 0xbf, 0xf7,
    0xbf, 0xef, 0xbf, 0xf7, 0xbf, 0xef, 0xbf, 0xef, 0xbf, 0xf7, 0xbf, 0xf7,
    0xbf, 0xf7, 0xdf, 0xf7, 0xbf, 0xef, 0xbf, 0xf7, 0xdf, 0xef, 0xbf, 0xef,
    0xbf, 0xf7, 0xdf, 0xf7, 0xbf, 0xef, 0xbf, 0xf7, 0xbf, 0xef, 0xbf, 0xef,
    0xbf, 0xf7, 0xff, 0xff, 0xff, 0xff, 0xff, 0xff, 0xff, 0xff, 0xff, 0xff,
    0xff, 0xff, 0xff, 0xff, 0xff, 0xff, 0xff, 0xff, 0xff, 0xff, 0xbf, 0xf7,
    0x7f, 0xdf, 0x7f, 0xe7, 0x7f, 0xe7, 0x7f, 0xdf, 0x7f, 0xdf, 0x7f, 0xdf,
    0x7f, 0xdf, 0x7f, 0xe7, 0x7f, 0xdf, 0x7f, 0xe7, 0x7f, 0xdf, 0x7f, 0xdf,
    0x7f, 0xdf, 0x7f, 0xdf, 0x7f, 0xe7, 0x7f, 0xdf, 0x7f, 0xdf, 0x7f, 0xe7,
    0x7f, 0xdf, 0x7f, 0xdf, 0x7f, 0xdf, 0x7f, 0xe7, 0x7f, 0xdf, 0x7f, 0xdf,
    0x7f, 0xe7, 0x7f, 0xdf, 0x7f, 0xdf, 0x7f, 0xdf, 0x7f, 0xe7, 0x7f, 0xdf,
    0x7f, 0xe7, 0x7f, 0xdf, 0x7f, 0xe7, 0x7f, 0xdf, 0x9f, 0xe7, 0x7f, 0xe7,
    0x7f, 0xdf, 0x7f, 0xe7, 0x7f, 0xdf, 0x7f, 0xe7, 0x7f, 0xdf, 0x7f, 0xdf,
    0x7f, 0xe7, 0x7f, 0xdf, 0x7f, 0xe7, 0x7f, 0xe7, 0x9f, 0xdf, 0x7f, 0xdf,
    0x7f, 0xdf, 0x9f, 0xe7, 0x7f, 0xdf, 0x7f, 0xdf, 0x7f, 0xe7, 0x7f, 0xe7,
    0x7f, 0xdf, 0x7f, 0xe7, 0x7f, 0xe7, 0x7f, 0xe7, 0x7f, 0xe7, 0x9f, 0xdf,
    0x7f, 0xe7, 0x7f, 0xdf, 0x9f, 0xe7, 0x9f, 0xe7, 0x9f, 0xdf, 0x9f, 0xe7,
    0x7f, 0xdf, 0x9f, 0xe7, 0x7f, 0xe7, 0x7f, 0xdf, 0x7f, 0xe7, 0x7f, 0xe7,
    0x9f, 0xe7, 0x9f, 0xe7, 0x7f, 0xe7, 0x9f, 0xe7, 0x9f, 0xe7, 0x9f, 0xe7,
    0x9f, 0xdf, 0x7f, 0xdf, 0x7f, 0xe7, 0x9f, 0xdf, 0x7f, 0xe7, 0x7f, 0xe7,
    0x7f, 0xe7, 0x7f, 0xe7, 0x9f, 0xe7, 0x7f, 0xdf, 0x9f, 0xe7, 0x7f, 0xe7,
    0x9f, 0xe7, 0x9f, 0xe7, 0x9f, 0xe7, 0x7f, 0xe7, 0x9f, 0xe7, 0x9f, 0xe7,
    0x7f, 0xe7, 0x7f, 0xe7, 0x9f, 0xe7, 0x9f, 0xe7, 0x7f, 0xe7, 0x9f, 0xe7,
    0x9f, 0xe7, 0x9f, 0xe7, 0x7f, 0xe7, 0x9f, 0xe7, 0x9f, 0xe7, 0x9f, 0xe7,
    0x7f, 0xe7, 0x7f, 0xe7, 0x9f, 0xe7, 0x9f, 0xe7, 0x9f, 0xe7, 0x9f, 0xe7,
    0x9f, 0xe7, 0x9f, 0xef, 0x9f, 0xe7, 0x9f, 0xe7, 0x9f, 0xe7, 0x9f, 0xe7,
    0x9f, 0xef, 0x9f, 0xe7, 0x9f, 0xe7, 0x9f, 0xef, 0x9f, 0xef, 0x9f, 0xe7,
    0x9f, 0xe7, 0x9f, 0xef, 0x9f, 0xe7, 0x9f, 0xe7, 0x9f, 0xef, 0x9f, 0xe7,
    0x9f, 0xef, 0x9f, 0xe7, 0x9f, 0xe7, 0x9f, 0xef, 0xbf, 0xef, 0x9f, 0xe7,
    0x9f, 0xe7, 0x9f, 0xe7, 0x9f, 0xe7, 0xbf, 0xe7, 0x9f, 0xef, 0x9f, 0xe7,
    0x9f, 0xef, 0x9f, 0xef, 0x9f, 0xef, 0x9f, 0xe7, 0x9f, 0xef, 0xbf, 0xef,
    0x9f, 0xef, 0xbf, 0xef, 0xbf, 0xe7, 0x9f, 0xef, 0xbf, 0xef, 0xbf, 0xef,
    0xbf, 0xef, 0x9f, 0xef, 0x9f, 0xef, 0xbf, 0xef, 0xbf, 0xef, 0xbf, 0xef,
    0xbf, 0xef, 0xbf, 0xef, 0xbf, 0xef, 0xbf, 0xef, 0xbf, 0xef, 0xbf, 0xef,
    0xbf, 0xef, 0x9f, 0xef, 0xbf, 0xef, 0xbf, 0xef, 0x9f, 0xef, 0xbf, 0xef,
    0xbf, 0xef, 0x9f, 0xef, 0xbf, 0xef, 0xbf, 0xef, 0x9f, 0xef, 0xbf, 0xef,
    0xbf, 0xf7, 0xbf, 0xef, 0xbf, 0xef, 0xbf, 0xef, 0xbf, 0xf7, 0xbf, 0xef,
    0xbf, 0xef, 0xbf, 0xf7, 0xbf, 0xef, 0xbf, 0xf7, 0xbf, 0xef, 0xbf, 0xf7,
    0xbf, 0xef, 0xbf, 0xef, 0xbf, 0xef, 0xbf, 0xf7, 0xbf, 0xef, 0xbf, 0xf7,
    0xbf, 0xef, 0xbf, 0xf7, 0xbf, 0xef, 0xbf, 0xef, 0xbf, 0xf7, 0xbf, 0xef,
    0xbf, 0xef, 0xbf, 0xf7, 0xdf, 0xef, 0xbf, 0xef, 0xbf, 0xef, 0xbf, 0xf7,
    0xbf, 0xef, 0xbf, 0xf7, 0xdf, 0xef, 0xbf, 0xf7, 0xbf, 0xf7, 0xdf, 0xef,
    0xbf, 0xf7, 0xbf, 0xf7, 0xbf, 0xef, 0xdf, 0xf7, 0xbf, 0xf7, 0xbf, 0xef,
    0xbf, 0xf7, 0xbf, 0xef, 0xbf, 0xf7, 0xbf, 0xf7, 0xbf, 0xef, 0xbf, 0xf7,
    0xbf, 0xf7, 0xff, 0xff, 0xff, 0xff, 0xff, 0xff, 0xff, 0xff, 0xff, 0xff,
    0xff, 0xff, 0xff, 0xff, 0xff, 0xff, 0xff, 0xff, 0xff, 0xff, 0xbf, 0xf7,
    0x7f, 0xdf, 0x7f, 0xdf, 0x7f, 0xdf, 0x7f, 0xe7, 0x7f, 0xdf, 0x7f, 0xdf,
    0x7f, 0xe7, 0x7f, 0xdf, 0x7f, 0xdf, 0x7f, 0xe7, 0x7f, 0xdf, 0x7f, 0xdf,
    0x7f, 0xe7, 0x7f, 0xe7, 0x7f, 0xdf, 0x7f, 0xdf, 0x7f, 0xe7, 0x7f, 0xdf,
    0x7f, 0xe7, 0x7f, 0xdf, 0x7f, 0xdf, 0x7f, 0xe7, 0x7f, 0xdf, 0x7f, 0xdf,
    0x7f, 0xdf, 0x7f, 0xe7, 0x7f, 0xdf, 0x7f, 0xe7, 0x7f, 0xdf, 0x7f, 0xe7,
    0x7f, 0xdf, 0x7f, 0xe7, 0x7f, 0xe7, 0x7f, 0xdf, 0x7f, 0xdf, 0x7f, 0xe7,
    0x7f, 0xe7, 0x7f, 0xdf, 0x7f, 0xdf, 0x7f, 0xe7, 0x7f, 0xdf, 0x7f, 0xdf,
    0x7f, 0xdf, 0x7f, 0xdf, 0x7f, 0xdf, 0x7f, 0xe7, 0x7f, 0xe7, 0x7f, 0xdf,
    0x7f, 0xdf, 0x7f, 0xe7, 0x7f, 0xe7, 0x7f, 0xe7, 0x9f, 0xdf, 0x7f, 0xdf,
    0x7f, 0xdf, 0x7f, 0xe7, 0x7f, 0xdf, 0x7f, 0xdf, 0x7f, 0xe7, 0x7f, 0xe7,
    0x7f, 0xdf, 0x7f, 0xe7, 0x7f, 0xdf, 0x9f, 0xe7, 0x7f, 0xe7, 0x9f, 0xe7,
    0x7f, 0xdf, 0x7f, 0xe7, 0x7f, 0xe7, 0x7f, 0xe7, 0x7f, 0xdf, 0x9f, 0xdf,
    0x9f, 0xe7, 0x7f, 0xe7, 0x9f, 0xdf, 0x7f, 0xdf, 0x7f, 0xe7, 0x9f, 0xe7,
    0x9f, 0xe7, 0x7f, 0xe7, 0x7f, 0xdf, 0x7f, 0xe7, 0x7f, 0xdf, 0x9f, 0xdf,
    0x7f, 0xdf, 0x7f, 0xe7, 0x9f, 0xe7, 0x9f, 0xe7, 0x9f, 0xe7, 0x7f, 0xe7,
    0x9f, 0xe7, 0x9f, 0xe7, 0x7f, 0xe7, 0x9f, 0xe7, 0x9f, 0xe7, 0x9f, 0xe7,
    0x9f, 0xe7, 0x9f, 0xe7, 0x9f, 0xe7, 0x7f, 0xe7, 0x7f, 0xe7, 0x9f, 0xe7,
    0x9f, 0xe7, 0x9f, 0xe7, 0x9f, 0xe7, 0x7f, 0xe7, 0x9f, 0xe7, 0x9f, 0xe7,
    0x9f, 0xe7, 0x9f, 0xe7, 0x9f, 0xe7, 0x9f, 0xe7, 0x9f, 0xe7, 0x7f, 0xe7,
    0x9f, 0xef, 0x9f, 0xe7, 0x9f, 0xef, 0x9f, 0xe7, 0x7f, 0xe7, 0x9f, 0xe7,
    0x9f, 0xe7, 0x9f, 0xef, 0x9f, 0xe7, 0x9f, 0xe7, 0x7f, 0xe7, 0x9f, 0xef,
    0x9f, 0xef, 0x9f, 0xe7, 0x9f, 0xe7, 0x9f, 0xef, 0x9f, 0xef, 0x9f, 0xef,
    0x9f, 0xe7, 0x9f, 0xef, 0xbf, 0xe7, 0x9f, 0xef, 0xbf, 0xef, 0x9f, 0xef,
    0x9f, 0xef, 0xbf, 0xef, 0x9f, 0xef, 0x9f, 0xef, 0xbf, 0xef, 0x9f, 0xe7,
    0xbf, 0xe7, 0xbf, 0xef, 0xbf, 0xef, 0xbf, 0xef, 0x9f, 0xe7, 0xbf, 0xef,
    0x9f, 0xef, 0x9f, 0xe7, 0x9f, 0xef, 0xbf, 0xef, 0x9f, 0xef, 0xbf, 0xef,
    0xbf, 0xef, 0x9f, 0xef, 0x9f, 0xef, 0x9f, 0xef, 0xbf, 0xef, 0xbf, 0xef,
    0x9f, 0xef, 0x9f, 0xef, 0xbf, 0xef, 0xbf, 0xef, 0x9f, 0xef, 0xbf, 0xef,
    0xbf, 0xef, 0x9f, 0xef, 0xbf, 0xef, 0xbf, 0xef, 0xbf, 0xef, 0xbf, 0xef,
    0xbf, 0xf7, 0x9f, 0xf7, 0xbf, 0xef, 0xbf, 0xef, 0x9f, 0xef, 0xbf, 0xf7,
    0xbf, 0xef, 0xbf, 0xef, 0xbf, 0xef, 0xbf, 0xf7, 0xbf, 0xef, 0x9f, 0xef,
    0xbf, 0xf7, 0xbf, 0xef, 0xbf, 0xef, 0xbf, 0xef, 0xbf, 0xf7, 0xbf, 0xef,
    0xbf, 0xef, 0xbf, 0xf7, 0xbf, 0xf7, 0xbf, 0xef, 0xbf, 0xef, 0xdf, 0xef,
    0xbf, 0xf7, 0xbf, 0xef, 0xbf, 0xef, 0xbf, 0xf7, 0xbf, 0xef, 0xbf, 0xef,
    0xbf, 0xf7, 0xdf, 0xf7, 0xdf, 0xef, 0xbf, 0xf7, 0xbf, 0xf7, 0xdf, 0xef,
    0xbf, 0xf7, 0xbf, 0xef, 0xdf, 0xf7, 0xdf, 0xf7, 0xdf, 0xef, 0xdf, 0xef,
    0xdf, 0xf7, 0xbf, 0xef, 0xdf, 0xf7, 0xbf, 0xf7, 0xbf, 0xef, 0xdf, 0xf7,
    0xbf, 0xf7, 0xbf, 0xef, 0xdf, 0xf7, 0xdf, 0xef, 0xbf, 0xf7, 0xbf, 0xef,
    0xbf, 0xef, 0xff, 0xff, 0xff, 0xff, 0xff, 0xff, 0xff, 0xff, 0xff, 0xff,
    0xff, 0xff, 0xff, 0xff, 0xff, 0xff, 0xff, 0xff, 0xff, 0xff, 0xdf, 0xf7,
    0x7f, 0xdf, 0x7f, 0xdf, 0x7f, 0xe7, 0x7f, 0xdf, 0x7f, 0xdf, 0x7f, 0xe7,
    0x7f, 0xdf, 0x7f, 0xdf, 0x7f, 0xe7, 0x7f, 0xdf, 0x7f, 0xe7, 0x7f, 0xdf,
    0x7f, 0xdf, 0x7f, 0xe7, 0x7f, 0xdf, 0x7f, 0xdf, 0x7f, 0xe7, 0x7f, 0xdf,
    0x7f, 0xdf, 0x7f, 0xe7, 0x7f, 0xdf, 0x7f, 0xdf, 0x7f, 0xe7, 0x7f, 0xdf,
    0x7f, 0xdf, 0x7f, 0xe7, 0x7f, 0xdf, 0x7f, 0xdf, 0x7f, 0xe7, 0x7f, 0xdf,
    0x7f, 0xdf, 0x7f, 0xe7, 0x7f, 0xdf, 0x7f, 0xe7, 0x9f, 0xdf, 0x7f, 0xdf,
    0x7f, 0xdf, 0x7f, 0xe7, 0x7f, 0xe7, 0x7f, 0xdf, 0x7f, 0xe7, 0x7f, 0xe7,
    0x7f, 0xdf, 0x7f, 0xe7, 0x7f, 0xdf, 0x7f, 0xdf, 0x7f, 0xe7, 0x7f, 0xe7,
    0x7f, 0xdf, 0x7f, 0xdf, 0x7f, 0xe7, 0x9f, 0xe7, 0x7f, 0xdf, 0x7f, 0xe7,
    0x9f, 0xe7, 0x7f, 0xdf, 0x9f, 0xdf, 0x7f, 0xe7, 0x9f, 0xdf, 0x7f, 0xdf,
    0x9f, 0xe7, 0x7f, 0xdf, 0x7f, 0xe7, 0x9f, 0xe7, 0x7f, 0xdf, 0x7f, 0xe7,
    0x7f, 0xe7, 0x9f, 0xdf, 0x7f, 0xe7, 0x7f, 0xe7, 0x9f, 0xdf, 0x9f, 0xe7,
    0x7f, 0xe7, 0x7f, 0xdf, 0x9f, 0xe7, 0x7f, 0xe7, 0x7f, 0xe7, 0x9f, 0xdf,
    0x7f, 0xe7, 0x7f, 0xe7, 0x7f, 0xdf, 0x7f, 0xe7, 0x7f, 0xe7, 0x7f, 0xe7,
    0x7f, 0xe7, 0x7f, 0xdf, 0x9f, 0xe7, 0x9f, 0xe7, 0x9f, 0xe7, 0x9f, 0xe7,
    0x9f, 0xe7, 0x7f, 0xe7, 0x9f, 0xe7, 0x9f, 0xe7, 0x7f, 0xe7, 0x9f, 0xe7,
    0x9f, 0xe7, 0x9f, 0xe7, 0x7f, 0xe7, 0x9f, 0xe7, 0x7f, 0xe7, 0x9f, 0xe7,
    0x9f, 0xe7, 0x9f, 0xe7, 0x9f, 0xe7, 0x9f, 0xe7, 0x7f, 0xe7, 0x9f, 0xe7,
    0x9f, 0xe7, 0x9f, 0xe7, 0x7f, 0xe7, 0x9f, 0xe7, 0x7f, 0xe7, 0x9f, 0xe7,
    0x9f, 0xe7, 0x7f, 0xe7, 0x9f, 0xef, 0x9f, 0xe7, 0x9f, 0xe7, 0x7f, 0xef,
    0x9f, 0xef, 0x9f, 0xe7, 0x9f, 0xef, 0x9f, 0xe7, 0x9f, 0xe7, 0x9f, 0xe7,
    0x9f, 0xef, 0x9f, 0xef, 0x9f, 0xe7, 0x9f, 0xef, 0x9f, 0xe7, 0x9f, 0xe7,
    0x9f, 0xef, 0x9f, 0xef, 0x9f, 0xe7, 0x9f, 0xe7, 0x9f, 0xe7, 0x9f, 0xe7,
    0x9f, 0xef, 0xbf, 0xef, 0x9f, 0xe7, 0x9f, 0xef, 0x9f, 0xef, 0x9f, 0xe7,
    0x9f, 0xef, 0xbf, 0xe7, 0x9f, 0xe7, 0xbf, 0xef, 0x9f, 0xef, 0x9f, 0xe7,
    0xbf, 0xef, 0xbf, 0xef, 0x9f, 0xef, 0x9f, 0xef, 0xbf, 0xef, 0xbf, 0xef,
    0x9f, 0xef, 0xbf, 0xef, 0xbf, 0xe7, 0x9f, 0xef, 0x9f, 0xef, 0x9f, 0xef,
    0x9f, 0xef, 0xbf, 0xef, 0x9f, 0xef, 0x9f, 0xef, 0xbf, 0xef, 0xbf, 0xef,
    0x9f, 0xef, 0xbf, 0xef, 0xbf, 0xef, 0x9f, 0xef, 0xbf, 0xef, 0xbf, 0xef,
    0x9f, 0xef, 0xbf, 0xef, 0xbf, 0xef, 0xbf, 0xf7, 0xbf, 0xef, 0xbf, 0xef,
    0xbf, 0xf7, 0xbf, 0xef, 0xbf, 0xef, 0xbf, 0xf7, 0xbf, 0xef, 0xbf, 0xef,
    0xbf, 0xef, 0xbf, 0xef, 0xbf, 0xef, 0xbf, 0xef, 0xbf, 0xf7, 0xbf, 0xef,
    0xbf, 0xef, 0xbf, 0xf7, 0xbf, 0xef, 0xbf, 0xef, 0xbf, 0xf7, 0xbf, 0xf7,
    0xbf, 0xef, 0xbf, 0xef, 0xbf, 0xf7, 0xbf, 0xf7, 0xbf, 0xef, 0xbf, 0xef,
    0xbf, 0xf7, 0xbf, 0xef, 0xbf, 0xef, 0xbf, 0xf7, 0xbf, 0xef, 0xdf, 0xef,
    0xdf, 0xf7, 0xdf, 0xf7, 0xbf, 0xef, 0xbf, 0xf7, 0xbf, 0xf7, 0xbf, 0xf7,
    0xdf, 0xef, 0xbf, 0xf7, 0xbf, 0xf7, 0xbf, 0xef, 0xbf, 0xf7, 0xbf, 0xf7,
    0xbf, 0xef, 0xbf, 0xf7, 0xdf, 0xf7, 0xbf, 0xf7, 0xbf, 0xf7, 0xdf, 0xf7,
    0xbf, 0xef, 0xff, 0xff, 0xff, 0xff, 0xff, 0xff, 0xff, 0xff, 0xff, 0xff,
    0xff, 0xff, 0xff, 0xff, 0xff, 0xff, 0xff, 0xff, 0xff, 0xff, 0xbf, 0xf7,
    0x7f, 0xdf, 0x7f, 0xe7, 0x7f, 0xdf, 0x7f, 0xdf, 0x7f, 0xe7, 0x7f, 0xdf,
    0x7f, 0xdf, 0x7f, 0xdf, 0x7f, 0xe7, 0x7f, 0xdf, 0x7f, 0xdf, 0x7f, 0xe7,
    0x7f, 0xdf, 0x7f, 0xdf, 0x7f, 0xe7, 0x7f, 0xdf, 0x7f, 0xdf, 0x7f, 0xe7,
    0x7f, 0xdf, 0x7f, 0xe7, 0x7f, 0xdf, 0x7f, 0xdf, 0x7f, 0xe7, 0x7f, 0xdf,
    0x7f, 0xdf, 0x7f, 0xe7, 0x7f, 0xdf, 0x7f, 0xe7, 0x7f, 0xe7, 0x7f, 0xdf,
    0x7f, 0xdf, 0x7f, 0xdf, 0x7f, 0xe7, 0x7f, 0xe7, 0x7f, 0xe7, 0x7f, 0xdf,
    0x7f, 0xdf, 0x7f, 0xe7, 0x7f, 0xdf, 0x7f, 0xdf, 0x7f, 0xdf, 0x7f, 0xe7,
    0x7f, 0xdf, 0x7f, 0xe7, 0x7f, 0xdf, 0x7f, 0xdf, 0x7f, 0xe7, 0x7f, 0xdf,
    0x7f, 0xe7, 0x7f, 0xdf, 0x7f, 0xdf, 0x7f, 0xe7, 0x7f, 0xdf, 0x7f, 0xdf,
    0x7f, 0xe7, 0x7f, 0xdf, 0x7f, 0xe7, 0x9f, 0xe7, 0x7f, 0xdf, 0x7f, 0xe7,
    0x7f, 0xe7, 0x7f, 0xdf, 0x7f, 0xe7, 0x7f, 0xdf, 0x9f, 0xdf, 0x7f, 0xe7,
    0x9f, 0xe7, 0x9f, 0xdf, 0x7f, 0xe7, 0x7f, 0xe7, 0x9f, 0xe7, 0x7f, 0xe7,
    0x7f, 0xe7, 0x9f, 0xe7, 0x9f, 0xe7, 0x7f, 0xe7, 0x9f, 0xe7, 0x9f, 0xdf,
    0x7f, 0xe7, 0x7f, 0xe7, 0x9f, 0xe7, 0x9f, 0xdf, 0x7f, 0xe7, 0x7f, 0xe7,
    0x9f, 0xe7, 0x9f, 0xe7, 0x7f, 0xe7, 0x7f, 0xe7, 0x9f, 0xe7, 0x9f, 0xe7,
    0x9f, 0xe7, 0x9f, 0xe7, 0x7f, 0xe7, 0x9f, 0xe7, 0x9f, 0xe7, 0x7f, 0xe7,
    0x9f, 0xe7, 0x7f, 0xe7, 0x7f, 0xe7, 0x9f, 0xe7, 0x9f, 0xe7, 0x9f, 0xe7,
    0x7f, 0xe7, 0x7f, 0xe7, 0x9f, 0xe7, 0x9f, 0xe7, 0x9f, 0xe7, 0x7f, 0xe7,
    0x9f, 0xe7, 0x9f, 0xe7, 0x9f, 0xe7, 0x9f, 0xe7, 0x9f, 0xef, 0x9f, 0xe7,
    0x9f, 0xe7, 0x9f, 0xe7, 0x7f, 0xe7, 0x9f, 0xe7, 0x9f, 0xe7, 0x9f, 0xef,
    0x9f, 0xe7, 0x9f, 0xe7, 0x9f, 0xef, 0x7f, 0xef, 0x9f, 0xe7, 0x9f, 0xe7,
    0x9f, 0xe7, 0x9f, 0xe7, 0x9f, 0xef, 0x9f, 0xe7, 0x9f, 0xef, 0xbf, 0xe7,
    0x9f, 0xe7, 0x9f, 0xef, 0x9f, 0xef, 0xbf, 0xe7, 0x9f, 0xef, 0x9f, 0xe7,
    0x9f, 0xef, 0x9f, 0xe7, 0xbf, 0xe7, 0xbf, 0xef, 0x9f, 0xe7, 0x9f, 0xef,
    0x9f, 0xef, 0xbf, 0xef, 0x9f, 0xef, 0x9f, 0xef, 0x9f, 0xef, 0x9f, 0xef,
    0x9f, 0xe7, 0xbf, 0xef, 0xbf, 0xef, 0x9f, 0xe7, 0x9f, 0xef, 0xbf, 0xef,
    0x9f, 0xef, 0x9f, 0xef, 0xbf, 0xef, 0xbf, 0xef, 0x9f, 0xef, 0xbf, 0xef,
    0xbf, 0xef, 0xbf, 0xef, 0x9f, 0xef, 0xbf, 0xef, 0xbf, 0xef, 0xbf, 0xef,
    0xbf, 0xef, 0xbf, 0xef, 0xbf, 0xef, 0x9f, 0xef, 0xbf, 0xef, 0xbf, 0xef,
    0xbf, 0xef, 0xbf, 0xef, 0xbf, 0xef, 0xbf, 0xef, 0xbf, 0xef, 0xbf, 0xef,
    0xbf, 0xef, 0xbf, 0xf7, 0xbf, 0xef, 0xbf, 0xef, 0xbf, 0xf7, 0xbf, 0xef,
    0xbf, 0xf7, 0xbf, 0xf7, 0xbf, 0xf7, 0xbf, 0xef, 0xbf, 0xef, 0xbf, 0xf7,
    0xbf, 0xef, 0xbf, 0xef, 0xbf, 0xef, 0xbf, 0xf7, 0xbf, 0xef, 0xbf, 0xf7,
    0xbf, 0xef, 0xbf, 0xef, 0xdf, 0xef, 0xbf, 0xef, 0xbf, 0xf7, 0xbf, 0xef,
    0xbf, 0xef, 0xbf, 0xf7, 0xbf, 0xf7, 0xbf, 0xef, 0xbf, 0xf7, 0xbf, 0xf7,
    0xbf, 0xef, 0xdf, 0xef, 0xbf, 0xf7, 0xdf, 0xef, 0xbf, 0xf7, 0xbf, 0xf7,
    0xbf, 0xef, 0xbf, 0xf7, 0xbf, 0xef, 0xdf, 0xf7, 0xdf, 0xef, 0xbf, 0xf7,
    0xbf, 0xef, 0xbf, 0xef, 0xdf, 0xef, 0xbf, 0xef, 0xdf, 0xf7, 0xbf, 0xef,
    0xbf, 0xf7, 0xff, 0xff, 0xff, 0xff, 0xff, 0xff, 0xff, 0xff, 0xff, 0xff,
    0xff, 0xff, 0xff, 0xff, 0xff, 0xff, 0xff, 0xff, 0xff, 0xff, 0xbf, 0xf7,
    0x7f, 0xdf, 0x7f, 0xdf, 0x7f, 0xe7, 0x7f, 0xdf, 0x7f, 0xdf, 0x7f, 0xdf,
    0x7f, 0xe7, 0x7f, 0xdf, 0x5f, 0xdf, 0x7f, 0xe7, 0x7f, 0xdf, 0x7f, 0xdf,
    0x7f, 0xe7, 0x7f, 0xdf, 0x7f, 0xe7, 0x7f, 0xdf, 0x7f, 0xe7, 0x7f, 0xdf,
    0x7f, 0xdf, 0x7f, 0xe7, 0x7f, 0xdf, 0x7f, 0xdf, 0x7f, 0xdf, 0x7f, 0xe7,
    0x7f, 0xdf, 0x7f, 0xdf, 0x7f, 0xdf, 0x7f, 0xdf, 0x7f, 0xe7, 0x7f, 0xdf,
    0x7f, 0xe7, 0x7f, 0xdf, 0x9f, 0xdf, 0x7f, 0xe7, 0x7f, 0xdf, 0x7f, 0xe7,
    0x7f, 0xdf, 0x7f, 0xe7, 0x7f, 0xe7, 0x7f, 0xdf, 0x7f, 0xdf, 0x7f, 0xdf,
    0x7f, 0xdf, 0x7f, 0xe7, 0x7f, 0xe7, 0x7f, 0xdf, 0x7f, 0xdf, 0x7f, 0xdf,
    0x9f, 0xe7, 0x7f, 0xe7, 0x7f, 0xdf, 0x9f, 0xe7, 0x7f, 0xe7, 0x9f, 0xdf,
    0x7f, 0xdf, 0x7f, 0xe7, 0x7f, 0xe7, 0x7f, 0xe7, 0x7f, 0xe7, 0x9f, 0xdf,
    0x7f, 0xdf, 0x9f, 0xe7, 0x7f, 0xe7, 0x7f, 0xe7, 0x7f, 0xe7, 0x7f, 0xe7,
    0x9f, 0xe7, 0x7f, 0xe7, 0x7f, 0xdf, 0x9f, 0xe7, 0x9f, 0xe7, 0x7f, 0xdf,
    0x9f, 0xe7, 0x7f, 0xdf, 0x7f, 0xdf, 0x9f, 0xe7, 0x7f, 0xdf, 0x7f, 0xe7,
    0x9f, 0xe7, 0x7f, 0xe7, 0x7f, 0xe7, 0x7f, 0xdf, 0x7f, 0xdf, 0x9f, 0xdf,
    0x9f, 0xe7, 0x7f, 0xe7, 0x7f, 0xe7, 0x9f, 0xe7, 0x9f, 0xe7, 0x9f, 0xe7,
    0x7f, 0xe7, 0x7f, 0xe7, 0x7f, 0xe7, 0x9f, 0xe7, 0x9f, 0xe7, 0x9f, 0xe7,
    0x9f, 0xe7, 0x9f, 0xe7, 0x7f, 0xe7, 0x7f, 0xe7, 0x9f, 0xe7, 0x9f, 0xe7,
    0x7f, 0xe7, 0x9f, 0xe7, 0x9f, 0xe7, 0x9f, 0xef, 0x9f, 0xe7, 0x9f, 0xef,
    0x9f, 0xe7, 0x9f, 0xef, 0x7f, 0xe7, 0x9f, 0xe7, 0x9f, 0xef, 0x9f, 0xef,
    0x9f, 0xef, 0x9f, 0xe7, 0x9f, 0xe7, 0x9f, 0xef, 0x9f, 0xe7, 0x9f, 0xe7,
    0x9f, 0xe7, 0x9f, 0xe7, 0x9f, 0xe7, 0x9f, 0xef, 0x9f, 0xe7, 0x9f, 0xef,
    0x9f, 0xe7, 0x9f, 0xe7, 0x9f, 0xef, 0x9f, 0xef, 0x9f, 0xe7, 0x9f, 0xe7,
    0x9f, 0xef, 0x9f, 0xe7, 0x9f, 0xef, 0x9f, 0xe7, 0x9f, 0xef, 0x9f, 0xe7,
    0x9f, 0xef, 0x9f, 0xef, 0x9f, 0xe7, 0xbf, 0xef, 0x9f, 0xef, 0x9f, 0xef,
    0xbf, 0xef, 0x9f, 0xef, 0x9f, 0xe7, 0xbf, 0xef, 0xbf, 0xef, 0xbf, 0xef,
    0x9f, 0xef, 0x9f, 0xef, 0xbf, 0xef, 0xbf, 0xef, 0x9f, 0xef, 0x9f, 0xef,
    0xbf, 0xef, 0x9f, 0xef, 0x9f, 0xef, 0xbf, 0xef, 0x9f, 0xef, 0xbf, 0xef,
    0x9f, 0xef, 0x9f, 0xef, 0xbf, 0xef, 0xbf, 0xef, 0x9f, 0xef, 0xbf, 0xef,
    0x9f, 0xef, 0xbf, 0xef, 0xbf, 0xef, 0xbf, 0xef, 0x9f, 0xef, 0xbf, 0xef,
    0xbf, 0xf7, 0x9f, 0xef, 0xbf, 0xef, 0xbf, 0xef, 0xbf, 0xf7, 0xbf, 0xf7,
    0xbf, 0xef, 0xbf, 0xf7, 0xbf, 0xef, 0xbf, 0xef, 0xbf, 0xf7, 0xbf, 0xef,
    0xbf, 0xef, 0xbf, 0xef, 0xbf, 0xef, 0xbf, 0xef, 0xbf, 0xef, 0xbf, 0xef,
    0xbf, 0xef, 0xbf, 0xf7, 0xbf, 0xf7, 0xbf, 0xef, 0xbf, 0xef, 0xdf, 0xf7,
    0xbf, 0xf7, 0xbf, 0xef, 0xbf, 0xf7, 0xbf, 0xef, 0xbf, 0xf7, 0xbf, 0xef,
    0xbf, 0xf7, 0xbf, 0xef, 0xdf, 0xef, 0xbf, 0xf7, 0xbf, 0xf7, 0xbf, 0xf7,
    0xdf, 0xf7, 0xbf, 0xf7, 0xbf, 0xef, 0xdf, 0xef, 0xbf, 0xf7, 0xbf, 0xef,
    0xbf, 0xf7, 0xdf, 0xf7, 0xbf, 0xf7, 0xdf, 0xef, 0xbf, 0xf7, 0xbf, 0xf7,
    0xdf, 0xf7, 0xdf, 0xf7, 0xbf, 0xf7, 0xbf, 0xef, 0xbf, 0xf7, 0xdf, 0xf7,
    0xdf, 0xef, 0xff, 0xff, 0xff, 0xff, 0xff, 0xff, 0xff, 0xff, 0xff, 0xff,
    0xff, 0xff, 0xff, 0xff, 0xff, 0xff, 0xff, 0xff, 0xff, 0xff, 0xdf, 0xf7,
    0x7f, 0xdf, 0x7f, 0xdf, 0x7f, 0xe7, 0x7f, 0xe7, 0x7f, 0xdf, 0x7f, 0xdf,
    0x7f, 0xe7, 0x7f, 0xdf, 0x7f, 0xdf, 0x7f, 0xdf, 0x7f, 0xdf, 0x7f, 0xdf,
    0x7f, 0xdf, 0x7f, 0xe7, 0x7f, 0xdf, 0x7f, 0xdf, 0x7f, 0xe7, 0x7f, 0xdf,
    0x7f, 0xdf, 0x7f, 0xe7, 0x7f, 0xdf, 0x7f, 0xe7, 0x7f, 0xdf, 0x7f, 0xdf,
    0x7f, 0xe7, 0x7f, 0xe7, 0x7f, 0xdf, 0x7f, 0xdf, 0x7f, 0xe7, 0x7f, 0xe7,
    0x7f, 0xe7, 0x7f, 0xdf, 0x7f, 0xdf, 0x7f, 0xe7, 0x7f, 0xdf, 0x7f, 0xe7,
    0x9f, 0xdf, 0x7f, 0xdf, 0x7f, 0xe7, 0x7f, 0xdf, 0x7f, 0xdf, 0x7f, 0xe7,
    0x7f, 0xdf, 0x7f, 0xdf, 0x7f, 0xe7, 0x7f, 0xe7, 0x7f, 0xdf, 0x7f, 0xe7,
    0x7f, 0xdf, 0x7f, 0xe7, 0x9f, 0xe7, 0x7f, 0xdf, 0x7f, 0xe7, 0x7f, 0xe7,
    0x9f, 0xdf, 0x9f, 0xe7, 0x7f, 0xdf, 0x7f, 0xdf, 0x9f, 0xe7, 0x7f, 0xe7,
    0x7f, 0xdf, 0x7f, 0xdf, 0x9f, 0xe7, 0x7f, 0xdf, 0x7f, 0xdf, 0x7f, 0xe7,
    0x7f, 0xdf, 0x7f, 0xe7, 0x7f, 0xe7, 0x9f, 0xdf, 0x7f, 0xdf, 0x7f, 0xe7,
    0x9f, 0xe7, 0x9f, 0xe7, 0x7f, 0xe7, 0x9f, 0xe7, 0x7f, 0xdf, 0x7f, 0xe7,
    0x7f, 0xdf, 0x9f, 0xe7, 0x7f, 0xe7, 0x7f, 0xe7, 0x9f, 0xe7, 0x9f, 0xe7,
    0x7f, 0xe7, 0x9f, 0xe7, 0x9f, 0xe7, 0x9f, 0xe7, 0x9f, 0xe7, 0x9f, 0xe7,
    0x7f, 0xe7, 0x9f, 0xe7, 0x9f, 0xe7, 0x9f, 0xe7, 0x9f, 0xe7, 0x7f, 0xe7,
    0x9f, 0xe7, 0x9f, 0xe7, 0x9f, 0xe7, 0x9f, 0xe7, 0x9f, 0xe7, 0x9f, 0xe7,
    0x7f, 0xe7, 0x9f, 0xe7, 0x9f, 0xe7, 0x7f, 0xe7, 0x9f, 0xe7, 0x9f, 0xe7,
    0x9f, 0xe7, 0x9f, 0xe7, 0x9f, 0xe7, 0x7f, 0xe7, 0x9f, 0xe7, 0x9f, 0xe7,
    0x9f, 0xef, 0x9f, 0xe7, 0x7f, 0xe7, 0x9f, 0xef, 0x9f, 0xe7, 0x9f, 0xef,
    0x9f, 0xef, 0x9f, 0xe7, 0x9f, 0xe7, 0x9f, 0xe7, 0x9f, 0xef, 0x9f, 0xe7,
    0x9f, 0xef, 0x9f, 0xe7, 0x9f, 0xe7, 0x9f, 0xef, 0x9f, 0xef, 0x9f, 0xef,
    0xbf, 0xe7, 0x9f, 0xef, 0x9f, 0xef, 0x9f, 0xe7, 0x9f, 0xe7, 0xbf, 0xef,
    0x9f, 0xe7, 0x9f, 0xe7, 0x9f, 0xef, 0x9f, 0xe7, 0xbf, 0xe7, 0xbf, 0xef,
    0xbf, 0xe7, 0x9f, 0xe7, 0x9f, 0xef, 0xbf, 0xef, 0x9f, 0xe7, 0xbf, 0xe7,
    0x9f, 0xef, 0x9f, 0xef, 0xbf, 0xef, 0xbf, 0xef, 0x9f, 0xef, 0xbf, 0xe7,
    0xbf, 0xef, 0xbf, 0xef, 0x9f, 0xef, 0xbf, 0xef, 0x9f, 0xef, 0x9f, 0xef,
    0xbf, 0xef, 0x9f, 0xef, 0xbf, 0xef, 0xbf, 0xef, 0xbf, 0xef, 0xbf, 0xef,
    0x9f, 0xef, 0xbf, 0xef, 0xbf, 0xef, 0xbf, 0xef, 0x9f, 0xef, 0xbf, 0xef,
    0xbf, 0xef, 0xbf, 0xef, 0xbf, 0xf7, 0xbf, 0xef, 0xbf, 0xef, 0xbf, 0xf7,
    0xbf, 0xef, 0xbf, 0xef, 0xbf, 0xf7, 0xbf, 0xef, 0xbf, 0xef, 0xbf, 0xf7,
    0xbf, 0xef, 0xbf, 0xef, 0xbf, 0xef, 0xbf, 0xf7, 0xbf, 0xef, 0xbf, 0xf7,
    0xbf, 0xef, 0xbf, 0xef, 0xbf, 0xf7, 0xbf, 0xef, 0xbf, 0xef, 0xbf, 0xf7,
    0xdf, 0xef, 0xbf, 0xf7, 0xbf, 0xf7, 0xbf, 0xef, 0xdf, 0xf7, 0xbf, 0xef,
    0xbf, 0xf7, 0xbf, 0xf7, 0xbf, 0xf7, 0xdf, 0xef, 0xbf, 0xef, 0xbf, 0xf7,
    0xbf, 0xef, 0xbf, 0xef, 0xbf, 0xf7, 0xbf, 0xf7, 0xbf, 0xf7, 0xbf, 0xef,
    0xdf, 0xf7, 0xdf, 0xf7, 0xdf, 0xef, 0xbf, 0xf7, 0xbf, 0xf7, 0xbf, 0xef,
    0xdf, 0xf7, 0xbf, 0xf7, 0xbf, 0xf7, 0xbf, 0xef, 0xbf, 0xf7, 0xdf, 0xf7,
    0xbf, 0xef, 0xff, 0xff, 0xff, 0xff, 0xff, 0xff, 0xff, 0xff, 0xff, 0xff,
    0xff, 0xff, 0xff, 0xff, 0xff, 0xff, 0xff, 0xff, 0xff, 0xff, 0xbf, 0xf7,
    0x7f, 0xdf, 0x7f, 0xdf, 0x7f, 0xdf, 0x7f, 0xe7, 0x7f, 0xdf, 0x7f, 0xdf,
    0x7f, 0xe7, 0x5f, 0xdf, 0x7f, 0xdf, 0x7f, 0xe7, 0x5f, 0xdf, 0x7f, 0xdf,
    0x7f, 0xdf, 0x7f, 0xe7, 0x7f, 0xdf, 0x7f, 0xe7, 0x7f, 0xe7, 0x7f, 0xe7,
    0x7f, 0xdf, 0x7f, 0xdf, 0x7f, 0xe7, 0x7f, 0xdf, 0x7f, 0xe7, 0x7f, 0xdf,
    0x7f, 0xdf, 0x7f, 0xe7, 0x7f, 0xdf, 0x7f, 0xdf, 0x7f, 0xdf, 0x7f, 0xe7,
    0x7f, 0xdf, 0x7f, 0xdf, 0x7f, 0xe7, 0x7f, 0xe7, 0x7f, 0xdf, 0x7f, 0xe7,
    0x7f, 0xe7, 0x7f, 0xdf, 0x7f, 0xdf, 0x7f, 0xe7, 0x7f, 0xe7, 0x7f, 0xe7,
    0x7f, 0xe7, 0x7f, 0xdf, 0x9f, 0xe7, 0x7f, 0xdf, 0x7f, 0xe7, 0x9f, 0xe7,
    0x7f, 0xdf, 0x7f, 0xdf, 0x7f, 0xe7, 0x7f, 0xdf, 0x7f, 0xdf, 0x7f, 0xe7,
    0x7f, 0xdf, 0x7f, 0xdf, 0x7f, 0xe7, 0x9f, 0xe7, 0x7f, 0xdf, 0x7f, 0xe7,
    0x7f, 0xe7, 0x7f, 0xdf, 0x7f, 0xe7, 0x7f, 0xe7, 0x9f, 0xdf, 0x9f, 0xdf,
    0x7f, 0xdf, 0x7f, 0xe7, 0x7f, 0xe7, 0x7f, 0xe7, 0x7f, 0xe7, 0x7f, 0xe7,
    0x7f, 0xe7, 0x7f, 0xe7, 0x7f, 0xe7, 0x9f, 0xe7, 0x7f, 0xe7, 0x7f, 0xdf,
    0x7f, 0xe7, 0x7f, 0xe7, 0x9f, 0xdf, 0x9f, 0xe7, 0x7f, 0xe7, 0x7f, 0xe7,
    0x9f, 0xe7, 0x7f, 0xe7, 0x9f, 0xe7, 0x9f, 0xe7, 0x7f, 0xe7, 0x9f, 0xe7,
    0x9f, 0xe7, 0x9f, 0xdf, 0x9f, 0xe7, 0x7f, 0xe7, 0x7f, 0xe7, 0x7f, 0xe7,
    0x7f, 0xe7, 0x9f, 0xe7, 0x9f, 0xe7, 0x9f, 0xe7, 0x7f, 0xe7, 0x9f, 0xe7,
    0x9f, 0xe7, 0x9f, 0xe7, 0x7f, 0xe7, 0x9f, 0xe7, 0x9f, 0xef, 0x9f, 0xe7,
    0x9f, 0xe7, 0x9f, 0xe7, 0x9f, 0xef, 0x9f, 0xe7, 0x7f, 0xe7, 0x9f, 0xe7,
    0x9f, 0xe7, 0x7f, 0xef, 0x9f, 0xe7, 0x7f, 0xe7, 0x9f, 0xe7, 0x7f, 0xe7,
    0x9f, 0xef, 0x9f, 0xe7, 0x9f, 0xef, 0x9f, 0xe7, 0x9f, 0xe7, 0x9f, 0xef,
    0x9f, 0xe7, 0x9f, 0xef, 0x9f, 0xe7, 0x9f, 0xe7, 0x9f, 0xe7, 0x9f, 0xef,
    0x9f, 0xe7, 0x9f, 0xe7, 0x9f, 0xef, 0x9f, 0xe7, 0x9f, 0xef, 0x9f, 0xef,
    0x9f, 0xe7, 0x9f, 0xef, 0x9f, 0xef, 0x9f, 0xef, 0x9f, 0xef, 0x9f, 0xe7,
    0xbf, 0xef, 0x9f, 0xef, 0xbf, 0xef, 0x9f, 0xef, 0xbf, 0xef, 0x9f, 0xef,
    0xbf, 0xef, 0xbf, 0xef, 0xbf, 0xef, 0xbf, 0xef, 0x9f, 0xef, 0xbf, 0xef,
    0xbf, 0xef, 0x9f, 0xef, 0xbf, 0xe7, 0xbf, 0xef, 0x9f, 0xef, 0xbf, 0xef,
    0xbf, 0xef, 0xbf, 0xef, 0xbf, 0xef, 0xbf, 0xef, 0xbf, 0xef, 0xbf, 0xef,
    0x9f, 0xef, 0xbf, 0xef, 0xbf, 0xef, 0xbf, 0xef, 0xbf, 0xf7, 0xbf, 0xef,
    0x9f, 0xef, 0xbf, 0xef, 0xbf, 0xef, 0xbf, 0xef, 0xbf, 0xef, 0xbf, 0xef,
    0xbf, 0xef, 0xbf, 0xef, 0xbf, 0xf7, 0xbf, 0xef, 0xbf, 0xf7, 0xbf, 0xef,
    0xbf, 0xf7, 0xbf, 0xef, 0xbf, 0xf7, 0xbf, 0xf7, 0xbf, 0xef, 0xbf, 0xf7,
    0xbf, 0xf7, 0xbf, 0xef, 0xbf, 0xef, 0xbf, 0xf7, 0xbf, 0xef, 0xbf, 0xf7,
    0xbf, 0xef, 0xdf, 0xef, 0xbf, 0xf7, 0xbf, 0xef, 0xbf, 0xef, 0xbf, 0xf7,
    0xdf, 0xef, 0xbf, 0xf7, 0xbf, 0xf7, 0xbf, 0xef, 0xdf, 0xf7, 0xbf, 0xf7,
    0xdf, 0xef, 0xbf, 0xf7, 0xbf, 0xf7, 0xdf, 0xef, 0xbf, 0xf7, 0xbf, 0xf7,
    0xdf, 0xef, 0xbf, 0xf7, 0xbf, 0xef, 0xbf, 0xf7, 0xbf, 0xef, 0xbf, 0xef,
    0xdf, 0xf7, 0xbf, 0xef, 0xbf, 0xef, 0xdf, 0xf7, 0xbf, 0xf7, 0xbf, 0xef,
    0xbf, 0xf7, 0xff, 0xff, 0xff, 0xff, 0xff, 0xff, 0xff, 0xff, 0xff, 0xff,
    0xff, 0xff, 0xff, 0xff, 0xff, 0xff, 0xff, 0xff, 0xff, 0xff, 0xdf, 0xf7,
    0x7f, 0xdf, 0x7f, 0xe7, 0x7f, 0xe7, 0x7f, 0xdf, 0x7f, 0xdf, 0x7f, 0xe7,
    0x7f, 0xdf, 0x7f, 0xdf, 0x7f, 0xe7, 0x7f, 0xdf, 0x7f, 0xe7, 0x7f, 0xe7,
    0x7f, 0xdf, 0x7f, 0xdf, 0x7f, 0xdf, 0x7f, 0xdf, 0x7f, 0xdf, 0x7f, 0xdf,
    0x7f, 0xe7, 0x7f, 0xdf, 0x7f, 0xdf, 0x7f, 0xe7, 0x7f, 0xdf, 0x7f, 0xdf,
    0x7f, 0xe7, 0x7f, 0xdf, 0x7f, 0xe7, 0x7f, 0xdf, 0x7f, 0xdf, 0x7f, 0xdf,
    0x7f, 0xe7, 0x7f, 0xe7, 0x7f, 0xdf, 0x7f, 0xdf, 0x7f, 0xdf, 0x7f, 0xe7,
    0x7f, 0xdf, 0x7f, 0xdf, 0x7f, 0xdf, 0x7f, 0xdf, 0x7f, 0xdf, 0x7f, 0xdf,
    0x7f, 0xe7, 0x7f, 0xe7, 0x7f, 0xdf, 0x7f, 0xe7, 0x7f, 0xe7, 0x7f, 0xdf,
    0x7f, 0xe7, 0x7f, 0xdf, 0x7f, 0xe7, 0x9f, 0xe7, 0x9f, 0xe7, 0x7f, 0xe7,
    0x7f, 0xe7, 0x7f, 0xe7, 0x9f, 0xe7, 0x7f, 0xdf, 0x7f, 0xdf, 0x7f, 0xe7,
    0x9f, 0xe7, 0x7f, 0xdf, 0x7f, 0xdf, 0x7f, 0xe7, 0x7f, 0xe7, 0x7f, 0xe7,
    0x7f, 0xe7, 0x9f, 0xdf, 0x7f, 0xe7, 0x9f, 0xdf, 0x9f, 0xe7, 0x7f, 0xe7,
    0x7f, 0xdf, 0x7f, 0xdf, 0x9f, 0xe7, 0x9f, 0xe7, 0x9f, 0xdf, 0x9f, 0xe7,
    0x9f, 0xe7, 0x7f, 0xe7, 0x7f, 0xe7, 0x9f, 0xe7, 0x7f, 0xe7, 0x9f, 0xdf,
    0x9f, 0xe7, 0x7f, 0xe7, 0x9f, 0xdf, 0x9f, 0xe7, 0x7f, 0xe7, 0x9f, 0xe7,
    0x7f, 0xe7, 0x7f, 0xe7, 0x7f, 0xe7, 0x9f, 0xe7, 0x9f, 0xe7, 0x9f, 0xe7,
    0x7f, 0xe7, 0x9f, 0xe7, 0x9f, 0xe7, 0x7f, 0xe7, 0x9f, 0xe7, 0x9f, 0xe7,
    0x9f, 0xe7, 0x9f, 0xef, 0x9f, 0xe7, 0x9f, 0xe7, 0x9f, 0xe7, 0x7f, 0xe7,
    0x9f, 0xe7, 0x9f, 0xef, 0x9f, 0xe7, 0x9f, 0xe7, 0x9f, 0xef, 0x9f, 0xef,
    0x9f, 0xe7, 0x9f, 0xe7, 0x9f, 0xe7, 0x9f, 0xef, 0x9f, 0xe7, 0x9f, 0xe7,
    0x7f, 0xe7, 0x9f, 0xe7, 0x9f, 0xef, 0x9f, 0xe7, 0x9f, 0xe7, 0x9f, 0xef,
    0x9f, 0xe7, 0x9f, 0xe7, 0x9f, 0xef, 0x9f, 0xe7, 0x9f, 0xef, 0x9f, 0xe7,
    0x9f, 0xef, 0x9f, 0xe7, 0x9f, 0xe7, 0x9f, 0xef, 0x9f, 0xe7, 0x9f, 0xe7,
    0xbf, 0xef, 0x9f, 0xe7, 0xbf, 0xef, 0x9f, 0xef, 0x9f, 0xe7, 0x9f, 0xef,
    0xbf, 0xef, 0x9f, 0xef, 0x9f, 0xe7, 0xbf, 0xef, 0x9f, 0xef, 0xbf, 0xef,
    0x9f, 0xef, 0x9f, 0xef, 0x9f, 0xef, 0x9f, 0xef, 0xbf, 0xef, 0xbf, 0xef,
    0x9f, 0xef, 0x9f, 0xef, 0xbf, 0xef, 0x9f, 0xef, 0xbf, 0xef, 0xbf, 0xef,
    0xbf, 0xef, 0xbf, 0xef, 0x9f, 0xef, 0xbf, 0xef, 0xbf, 0xef, 0x9f, 0xef,
    0xbf, 0xef, 0xbf, 0xef, 0x9f, 0xef, 0xbf, 0xef, 0xbf, 0xf7, 0xbf, 0xef,
    0xbf, 0xef, 0xbf, 0xf7, 0xbf, 0xef, 0xbf, 0xf7, 0xbf, 0xef, 0xbf, 0xef,
    0xbf, 0xf7, 0xbf, 0xef, 0xbf, 0xef, 0xbf, 0xef, 0xbf, 0xef, 0xbf, 0xef,
    0xbf, 0xf7, 0xbf, 0xef, 0xbf, 0xef, 0xbf, 0xef, 0xbf, 0xef, 0xbf, 0xf7,
    0xbf, 0xf7, 0xbf, 0xef, 0xbf, 0xf7, 0xbf, 0xf7, 0xdf, 0xef, 0xbf, 0xf7,
    0xbf, 0xf7, 0xbf, 0xef, 0xdf, 0xf7, 0xbf, 0xf7, 0xbf, 0xf7, 0xdf, 0xf7,
    0xbf, 0xef, 0xbf, 0xef, 0xdf, 0xf7, 0xbf, 0xf7, 0xbf, 0xef, 0xbf, 0xef,
    0xbf, 0xf7, 0xdf, 0xf7, 0xbf, 0xef, 0xbf, 0xf7, 0xdf, 0xef, 0xbf, 0xf7,
    0xdf, 0xf7, 0xdf, 0xf7, 0xbf, 0xf7, 0xbf, 0xf7, 0xdf, 0xf7, 0xbf, 0xf7,
    0xbf, 0xf7, 0xbf, 0xf7, 0xdf, 0xef, 0xbf, 0xf7, 0xbf, 0xf7, 0xdf, 0xef,
    0xbf, 0xf7, 0xff, 0xff, 0xff, 0xff, 0xff, 0xff, 0xff, 0xff, 0xff, 0xff,
    0xff, 0xff, 0xff, 0xff, 0xff, 0xff, 0xff, 0xff, 0xff, 0xff, 0xbf, 0xf7,
    0x7f, 0xdf, 0x7f, 0xe7, 0x7f, 0xe7, 0x7f, 0xdf, 0x7f, 0xdf, 0x7f, 0xe7,
    0x7f, 0xdf, 0x7f, 0xe7, 0x7f, 0xdf, 0x7f, 0xdf, 0x7f, 0xdf, 0x7f, 0xe7,
    0x7f, 0xdf, 0x7f, 0xe7, 0x7f, 0xe7, 0x7f, 0xdf, 0x7f, 0xe7, 0x7f, 0xdf,
    0x7f, 0xdf, 0x7f, 0xe7, 0x7f, 0xdf, 0x7f, 0xdf, 0x7f, 0xe7, 0x7f, 0xdf,
    0x7f, 0xdf, 0x7f, 0xe7, 0x7f, 0xdf, 0x7f, 0xe7, 0x7f, 0xe7, 0x7f, 0xdf,
    0x7f, 0xdf, 0x9f, 0xe7, 0x7f, 0xdf, 0x7f, 0xdf, 0x7f, 0xe7, 0x9f, 0xdf,
    0x7f, 0xdf, 0x7f, 0xe7, 0x7f, 0xe7, 0x7f, 0xdf, 0x7f, 0xdf, 0x7f, 0xe7,
    0x9f, 0xdf, 0x7f, 0xdf, 0x7f, 0xe7, 0x9f, 0xe7, 0x7f, 0xdf, 0x7f, 0xe7,
    0x7f, 0xe7, 0x9f, 0xe7, 0x7f, 0xdf, 0x7f, 0xe7, 0x7f, 0xdf, 0x9f, 0xdf,
    0x7f, 0xe7, 0x7f, 0xdf, 0x7f, 0xe7, 0x7f, 0xe7, 0x7f, 0xe7, 0x9f, 0xdf,
    0x7f, 0xe7, 0x7f, 0xe7, 0x7f, 0xe7, 0x7f, 0xdf, 0x7f, 0xe7, 0x7f, 0xdf,
    0x7f, 0xe7, 0x9f, 0xe7, 0x9f, 0xe7, 0x7f, 0xe7, 0x9f, 0xdf, 0x9f, 0xe7,
    0x7f, 0xdf, 0x7f, 0xe7, 0x7f, 0xe7, 0x7f, 0xdf, 0x7f, 0xe7, 0x9f, 0xe7,
    0x7f, 0xdf, 0x9f, 0xe7, 0x7f, 0xdf, 0x9f, 0xe7, 0x7f, 0xe7, 0x9f, 0xe7,
    0x7f, 0xe7, 0x7f, 0xe7, 0x9f, 0xe7, 0x7f, 0xdf, 0x9f, 0xe7, 0x7f, 0xe7,
    0x9f, 0xe7, 0x7f, 0xe7, 0x9f, 0xe7, 0x9f, 0xe7, 0x9f, 0xe7, 0x9f, 0xe7,
    0x9f, 0xe7, 0x9f, 0xe7, 0x9f, 0xe7, 0x9f, 0xe7, 0x9f, 0xe7, 0x9f, 0xe7,
    0x9f, 0xe7, 0x9f, 0xe7, 0x7f, 0xe7, 0x9f, 0xe7, 0x9f, 0xe7, 0x7f, 0xe7,
    0x9f, 0xef, 0x9f, 0xe7, 0x7f, 0xe7, 0x9f, 0xe7, 0x9f, 0xe7, 0x9f, 0xe7,
    0x9f, 0xe7, 0x7f, 0xe7, 0x9f, 0xef, 0x9f, 0xe7, 0x7f, 0xe7, 0x9f, 0xef,
    0x9f, 0xe7, 0x9f, 0xe7, 0x9f, 0xe7, 0x9f, 0xe7, 0x9f, 0xef, 0x9f, 0xe7,
    0x9f, 0xe7, 0x9f, 0xe7, 0x9f, 0xef, 0x9f, 0xe7, 0x9f, 0xe7, 0x9f, 0xef,
    0x9f, 0xe7, 0x9f, 0xe7, 0x9f, 0xef, 0x9f, 0xef, 0x9f, 0xe7, 0x9f, 0xef,
    0x9f, 0xe7, 0x9f, 0xe7, 0x9f, 0xef, 0x9f, 0xe7, 0x9f, 0xe7, 0xbf, 0xef,
    0xbf, 0xef, 0x9f, 0xe7, 0x9f, 0xef, 0xbf, 0xe7, 0x9f, 0xe7, 0xbf, 0xef,
    0xbf, 0xef, 0x9f, 0xef, 0xbf, 0xef, 0x9f, 0xe7, 0x9f, 0xef, 0xbf, 0xef,
    0x9f, 0xef, 0xbf, 0xef, 0x9f, 0xef, 0xbf, 0xef, 0xbf, 0xef, 0x9f, 0xef,
    0xbf, 0xef, 0xbf, 0xef, 0xbf, 0xef, 0x9f, 0xef, 0xbf, 0xef, 0xbf, 0xef,
    0xbf, 0xef, 0xbf, 0xef, 0x9f, 0xef, 0xbf, 0xef, 0xbf, 0xef, 0xbf, 0xef,
    0xbf, 0xf7, 0xbf, 0xef, 0xbf, 0xef, 0xbf, 0xf7, 0xbf, 0xef, 0xbf, 0xf7,
    0xbf, 0xef, 0xbf, 0xef, 0xbf, 0xef, 0xbf, 0xf7, 0xbf, 0xf7, 0xbf, 0xef,
    0xbf, 0xef, 0xbf, 0xf7, 0xbf, 0xef, 0xbf, 0xef, 0xbf, 0xf7, 0xbf, 0xef,
    0xbf, 0xef, 0xbf, 0xef, 0xbf, 0xf7, 0xbf, 0xef, 0xbf, 0xef, 0xbf, 0xf7,
    0xbf, 0xef, 0xbf, 0xef, 0xbf, 0xf7, 0xbf, 0xef, 0xbf, 0xef, 0xbf, 0xf7,
    0xbf, 0xf7, 0xbf, 0xef, 0xdf, 0xf7, 0xbf, 0xef, 0xdf, 0xef, 0xbf, 0xf7,
    0xbf, 0xf7, 0xbf, 0xf7, 0xbf, 0xf7, 0xbf, 0xf7, 0xdf, 0xf7, 0xbf, 0xef,
    0xbf, 0xf7, 0xbf, 0xf7, 0xdf, 0xef, 0xbf, 0xef, 0xbf, 0xf7, 0xdf, 0xef,
    0xbf, 0xef, 0xbf, 0xf7, 0xbf, 0xf7, 0xbf, 0xef, 0xbf, 0xf7, 0xbf, 0xf7,
    0xdf, 0xef, 0xff, 0xff, 0xff, 0xff, 0xff, 0xff, 0xff, 0xff, 0xff, 0xff,
    0xff, 0xff, 0xff, 0xff, 0xff, 0xff, 0xff, 0xff, 0xff, 0xff, 0xdf, 0xf7,
    0x7f, 0xdf, 0x7f, 0xdf, 0x7f, 0xdf, 0x7f, 0xdf, 0x7f, 0xe7, 0x7f, 0xdf,
    0x7f, 0xdf, 0x7f, 0xe7, 0x7f, 0xdf, 0x7f, 0xdf, 0x7f, 0xe7, 0x7f, 0xdf,
    0x7f, 0xdf, 0x7f, 0xe7, 0x7f, 0xdf, 0x7f, 0xe7, 0x7f, 0xe7, 0x7f, 0xe7,
    0x7f, 0xdf, 0x7f, 0xe7, 0x7f, 0xdf, 0x7f, 0xdf, 0x7f, 0xe7, 0x7f, 0xdf,
    0x7f, 0xe7, 0x7f, 0xe7, 0x7f, 0xdf, 0x7f, 0xdf, 0x7f, 0xe7, 0x7f, 0xdf,
    0x7f, 0xdf, 0x7f, 0xe7, 0x7f, 0xe7, 0x7f, 0xdf, 0x7f, 0xe7, 0x7f, 0xe7,
    0x7f, 0xdf, 0x7f, 0xe7, 0x7f, 0xe7, 0x7f, 0xe7, 0x7f, 0xe7, 0x7f, 0xe7,
    0x7f, 0xdf, 0x7f, 0xe7, 0x9f, 0xe7, 0x7f, 0xdf, 0x9f, 0xe7, 0x7f, 0xdf,
    0x7f, 0xdf, 0x7f, 0xdf, 0x7f, 0xe7, 0x7f, 0xe7, 0x7f, 0xdf, 0x9f, 0xe7,
    0x9f, 0xe7, 0x7f, 0xdf, 0x9f, 0xdf, 0x7f, 0xe7, 0x7f, 0xe7, 0x7f, 0xdf,
    0x7f, 0xe7, 0x7f, 0xe7, 0x9f, 0xdf, 0x7f, 0xe7, 0x7f, 0xe7, 0x9f, 0xdf,
    0x7f, 0xdf, 0x7f, 0xe7, 0x9f, 0xe7, 0x7f, 0xe7, 0x7f, 0xe7, 0x7f, 0xe7,
    0x7f, 0xe7, 0x9f, 0xe7, 0x9f, 0xe7, 0x7f, 0xe7, 0x7f, 0xe7, 0x7f, 0xe7,
    0x9f, 0xe7, 0x7f, 0xdf, 0x7f, 0xe7, 0x9f, 0xe7, 0x7f, 0xe7, 0x7f, 0xe7,
    0x9f, 0xe7, 0x9f, 0xe7, 0x7f, 0xe7, 0x7f, 0xe7, 0x9f, 0xe7, 0x9f, 0xe7,
    0x7f, 0xe7, 0x9f, 0xe7, 0x7f, 0xe7, 0x7f, 0xe7, 0x9f, 0xe7, 0x9f, 0xe7,
    0x7f, 0xe7, 0x9f, 0xe7, 0x9f, 0xe7, 0x9f, 0xe7, 0x9f, 0xe7, 0x9f, 0xe7,
    0x7f, 0xef, 0x9f, 0xe7, 0x9f, 0xe7, 0x9f, 0xef, 0x9f, 0xe7, 0x9f, 0xe7,
    0x9f, 0xe7, 0x9f, 0xe7, 0x7f, 0xe7, 0x7f, 0xe7, 0x9f, 0xe7, 0x9f, 0xe7,
    0x7f, 0xef, 0x9f, 0xe7, 0x9f, 0xe7, 0x7f, 0xe7, 0x9f, 0xe7, 0x7f, 0xe7,
    0x9f, 0xef, 0x9f, 0xe7, 0x9f, 0xe7, 0x9f, 0xef, 0x9f, 0xe7, 0x9f, 0xef,
    0x9f, 0xe7, 0x9f, 0xef, 0x9f, 0xe7, 0x9f, 0xe7, 0x9f, 0xe7, 0x9f, 0xef,
    0x9f, 0xe7, 0x9f, 0xe7, 0x9f, 0xef, 0x9f, 0xe7, 0x9f, 0xef, 0x9f, 0xe7,
    0xbf, 0xef, 0x9f, 0xef, 0x9f, 0xef, 0x9f, 0xe7, 0x9f, 0xef, 0xbf, 0xef,
    0x9f, 0xef, 0xbf, 0xef, 0xbf, 0xef, 0x9f, 0xef, 0x9f, 0xef, 0x9f, 0xe7,
    0xbf, 0xef, 0xbf, 0xef, 0xbf, 0xef, 0xbf, 0xef, 0x9f, 0xef, 0xbf, 0xef,
    0xbf, 0xef, 0x9f, 0xef, 0xbf, 0xef, 0xbf, 0xef, 0x9f, 0xef, 0x9f, 0xef,
    0xbf, 0xef, 0xbf, 0xef, 0xbf, 0xef, 0xbf, 0xef, 0xbf, 0xef, 0xbf, 0xef,
    0x9f, 0xef, 0xbf, 0xef, 0xbf, 0xef, 0xbf, 0xf7, 0xbf, 0xef, 0xbf, 0xef,
    0xbf, 0xef, 0xbf, 0xef, 0xbf, 0xef, 0xbf, 0xef, 0xbf, 0xef, 0xbf, 0xef,
    0xbf, 0xef, 0xbf, 0xf7, 0xbf, 0xf7, 0xbf, 0xef, 0xbf, 0xef, 0xbf, 0xf7,
    0xbf, 0xef, 0xbf, 0xf7, 0xbf, 0xf7, 0xbf, 0xef, 0xbf, 0xef, 0xdf, 0xf7,
    0xbf, 0xef, 0xbf, 0xf7, 0xbf, 0xf7, 0xbf, 0xef, 0xdf, 0xf7, 0xbf, 0xf7,
    0xdf, 0xef, 0xbf, 0xf7, 0xbf, 0xef, 0xdf, 0xef, 0xbf, 0xf7, 0xbf, 0xef,
    0xdf, 0xef, 0xbf, 0xf7, 0xbf, 0xef, 0xbf, 0xf7, 0xbf, 0xf7, 0xbf, 0xf7,
    0xdf, 0xef, 0xbf, 0xef, 0xdf, 0xf7, 0xdf, 0xf7, 0xdf, 0xf7, 0xdf, 0xef,
    0xbf, 0xf7, 0xdf, 0xf7, 0xbf, 0xef, 0xbf, 0xf7, 0xbf, 0xf7, 0xbf, 0xef,
    0xbf, 0xef, 0xbf, 0xf7, 0xdf, 0xf7, 0xbf, 0xef, 0xbf, 0xef, 0xbf, 0xf7,
    0xbf, 0xf7, 0xff, 0xff, 0xff, 0xff, 0xff, 0xff, 0xff, 0xff, 0xff, 0xff,
    0xff, 0xff, 0xff, 0xff, 0xff, 0xff, 0xff, 0xff, 0xff, 0xff, 0xbf, 0xf7,
    0x7f, 0xdf, 0x7f, 0xe7, 0x7f, 0xdf, 0x7f, 0xe7, 0x7f, 0xdf, 0x7f, 0xdf,
    0x7f, 0xe7, 0x7f, 0xdf, 0x7f, 0xe7, 0x7f, 0xe7, 0x7f, 0xdf, 0x7f, 0xdf,
    0x7f, 0xe7, 0x7f, 0xdf, 0x7f, 0xdf, 0x7f, 0xdf, 0x7f, 0xe7, 0x7f, 0xdf,
    0x7f, 0xe7, 0x7f, 0xe7, 0x7f, 0xdf, 0x7f, 0xe7, 0x7f, 0xdf, 0x7f, 0xdf,
    0x7f, 0xe7, 0x7f, 0xdf, 0x7f, 0xdf, 0x7f, 0xdf, 0x7f, 0xe7, 0x7f, 0xe7,
    0x7f, 0xdf, 0x7f, 0xdf, 0x9f, 0xe7, 0x7f, 0xdf, 0x7f, 0xdf, 0x7f, 0xe7,
    0x7f, 0xdf, 0x7f, 0xdf, 0x7f, 0xdf, 0x7f, 0xdf, 0x7f, 0xdf, 0x7f, 0xe7,
    0x7f, 0xdf, 0x7f, 0xe7, 0x7f, 0xe7, 0x7f, 0xdf, 0x7f, 0xe7, 0x9f, 0xe7,
    0x7f, 0xdf, 0x7f, 0xe7, 0x9f, 0xdf, 0x7f, 0xdf, 0x7f, 0xe7, 0x7f, 0xe7,
    0x7f, 0xe7, 0x7f, 0xe7, 0x9f, 0xdf, 0x7f, 0xe7, 0x7f, 0xe7, 0x9f, 0xe7,
    0x9f, 0xe7, 0x7f, 0xdf, 0x7f, 0xdf, 0x7f, 0xe7, 0x9f, 0xe7, 0x7f, 0xe7,
    0x7f, 0xe7, 0x9f, 0xe7, 0x7f, 0xdf, 0x9f, 0xe7, 0x7f, 0xe7, 0x7f, 0xdf,
    0x7f, 0xe7, 0x7f, 0xdf, 0x9f, 0xe7, 0x7f, 0xdf, 0x9f, 0xe7, 0x9f, 0xe7,
    0x7f, 0xe7, 0x7f, 0xe7, 0x7f, 0xe7, 0x9f, 0xe7, 0x9f, 0xe7, 0x9f, 0xdf,
    0x7f, 0xdf, 0x9f, 0xe7, 0x9f, 0xe7, 0x9f, 0xe7, 0x9f, 0xe7, 0x9f, 0xe7,
    0x9f, 0xe7, 0x7f, 0xe7, 0x9f, 0xe7, 0x7f, 0xe7, 0x7f, 0xe7, 0x7f, 0xe7,
    0x7f, 0xe7, 0x9f, 0xe7, 0x9f, 0xe7, 0x7f, 0xe7, 0x9f, 0xe7, 0x9f, 0xe7,
    0x9f, 0xe7, 0x9f, 0xe7, 0x9f, 0xef, 0x9f, 0xe7, 0x9f, 0xe7, 0x9f, 0xe7,
    0x9f, 0xe7, 0x9f, 0xe7, 0x7f, 0xe7, 0x9f, 0xe7, 0x9f, 0xe7, 0x9f, 0xef,
    0x9f, 0xe7, 0x9f, 0xe7, 0x9f, 0xef, 0x9f, 0xe7, 0x9f, 0xe7, 0x9f, 0xe7,
    0x7f, 0xe7, 0x9f, 0xef, 0x9f, 0xe7, 0x7f, 0xe7, 0x9f, 0xe7, 0x9f, 0xe7,
    0x9f, 0xef, 0x9f, 0xe7, 0x9f, 0xef, 0x9f, 0xe7, 0x9f, 0xef, 0x9f, 0xe7,
    0x9f, 0xe7, 0x9f, 0xef, 0x9f, 0xe7, 0x9f, 0xe7, 0x9f, 0xe7, 0x9f, 0xe7,
    0x9f, 0xe7, 0x9f, 0xef, 0xbf, 0xe7, 0x9f, 0xef, 0x9f, 0xef, 0xbf, 0xe7,
    0x9f, 0xe7, 0x9f, 0xef, 0xbf, 0xef, 0x9f, 0xef, 0xbf, 0xef, 0x9f, 0xef,
    0x9f, 0xef, 0x9f, 0xef, 0x9f, 0xef, 0xbf, 0xef, 0xbf, 0xef, 0x9f, 0xef,
    0xbf, 0xef, 0xbf, 0xef, 0xbf, 0xef, 0xbf, 0xef, 0xbf, 0xef, 0xbf, 0xef,
    0x9f, 0xef, 0xbf, 0xef, 0x9f, 0xef, 0xbf, 0xef, 0xbf, 0xef, 0x9f, 0xef,
    0xbf, 0xef, 0xbf, 0xef, 0xbf, 0xef, 0x9f, 0xef, 0xbf, 0xf7, 0xbf, 0xef,
    0xbf, 0xef, 0xbf, 0xf7, 0xbf, 0xef, 0xbf, 0xef, 0xbf, 0xf7, 0xbf, 0xef,
    0xbf, 0xf7, 0xbf, 0xef, 0xbf, 0xef, 0xbf, 0xef, 0xbf, 0xf7, 0xbf, 0xf7,
    0xbf, 0xef, 0xbf, 0xef, 0xbf, 0xf7, 0xdf, 0xf7, 0xbf, 0xef, 0xbf, 0xef,
    0xdf, 0xf7, 0xbf, 0xef, 0xbf, 0xef, 0xbf, 0xf7, 0xbf, 0xef, 0xbf, 0xef,
    0xbf, 0xf7, 0xdf, 0xf7, 0xbf, 0xef, 0xbf, 0xf7, 0xbf, 0xf7, 0xbf, 0xef,
    0xbf, 0xf7, 0xbf, 0xef, 0xbf, 0xf7, 0xbf, 0xef, 0xbf, 0xef, 0xbf, 0xf7,
    0xbf, 0xf7, 0xdf, 0xf7, 0xdf, 0xef, 0xbf, 0xef, 0xbf, 0xf7, 0xbf, 0xf7,
    0xdf, 0xef, 0xdf, 0xf7, 0xdf, 0xf7, 0xbf, 0xf7, 0xbf, 0xf7, 0xdf, 0xef,
    0xbf, 0xf7, 0xbf, 0xef, 0xbf, 0xef, 0xdf, 0xf7, 0xbf, 0xef, 0xdf, 0xef,
    0xbf, 0xf7, 0xff, 0xff, 0xff, 0xff, 0xff, 0xff, 0xff, 0xff, 0xff, 0xff,
    0xff, 0xff, 0xff, 0xff, 0xff, 0xff, 0xff, 0xff, 0xff, 0xff, 0xbf, 0xf7,
    0x7f, 0xdf, 0x7f, 0xe7, 0x7f, 0xdf, 0x7f, 0xdf, 0x7f, 0xe7, 0x7f, 0xdf,
    0x7f, 0xdf, 0x7f, 0xe7, 0x7f, 0xdf, 0x7f, 0xdf, 0x7f, 0xdf, 0x7f, 0xe7,
    0x7f, 0xdf, 0x7f, 0xe7, 0x7f, 0xe7, 0x7f, 0xdf, 0x7f, 0xdf, 0x7f, 0xdf,
    0x7f, 0xe7, 0x7f, 0xdf, 0x7f, 0xe7, 0x7f, 0xdf, 0x7f, 0xdf, 0x7f, 0xe7,
    0x7f, 0xe7, 0x7f, 0xdf, 0x7f, 0xe7, 0x7f, 0xdf, 0x7f, 0xe7, 0x7f, 0xdf,
    0x7f, 0xe7, 0x7f, 0xdf, 0x7f, 0xe7, 0x7f, 0xe7, 0x7f, 0xdf, 0x7f, 0xdf,
    0x7f, 0xe7, 0x7f, 0xe7, 0x7f, 0xdf, 0x7f, 0xdf, 0x9f, 0xe7, 0x7f, 0xdf,
    0x7f, 0xe7, 0x9f, 0xdf, 0x7f, 0xdf, 0x7f, 0xe7, 0x7f, 0xdf, 0x7f, 0xe7,
    0x7f, 0xe7, 0x7f, 0xdf, 0x7f, 0xe7, 0x9f, 0xdf, 0x7f, 0xdf, 0x7f, 0xdf,
    0x7f, 0xe7, 0x9f, 0xe7, 0x7f, 0xdf, 0x7f, 0xe7, 0x9f, 0xe7, 0x7f, 0xdf,
    0x9f, 0xe7, 0x9f, 0xe7, 0x9f, 0xe7, 0x7f, 0xe7, 0x7f, 0xdf, 0x7f, 0xdf,
    0x7f, 0xe7, 0x9f, 0xe7, 0x7f, 0xdf, 0x9f, 0xe7, 0x9f, 0xe7, 0x7f, 0xe7,
    0x7f, 0xe7, 0x7f, 0xe7, 0x7f, 0xdf, 0x7f, 0xdf, 0x7f, 0xdf, 0x9f, 0xe7,
    0x9f, 0xdf, 0x7f, 0xe7, 0x9f, 0xdf, 0x7f, 0xe7, 0x7f, 0xe7, 0x9f, 0xe7,
    0x7f, 0xe7, 0x7f, 0xe7, 0x9f, 0xe7, 0x7f, 0xe7, 0x7f, 0xe7, 0x9f, 0xe7,
    0x9f, 0xe7, 0x7f, 0xe7, 0x9f, 0xe7, 0x9f, 0xe7, 0x9f, 0xe7, 0x9f, 0xe7,
    0x9f, 0xe7, 0x9f, 0xe7, 0x9f, 0xe7, 0x9f, 0xe7, 0x7f, 0xe7, 0x9f, 0xe7,
    0x9f, 0xe7, 0x9f, 0xe7, 0x9f, 0xe7, 0x9f, 0xef, 0x9f, 0xe7, 0x7f, 0xe7,
    0x7f, 0xef, 0x9f, 0xe7, 0x9f, 0xe7, 0x9f, 0xef, 0x9f, 0xe7, 0x7f, 0xe7,
    0x9f, 0xe7, 0x7f, 0xe7, 0x9f, 0xe7, 0x9f, 0xef, 0x7f, 0xe7, 0x9f, 0xe7,
    0x9f, 0xef, 0x9f, 0xe7, 0x9f, 0xef, 0x9f, 0xe7, 0x9f, 0xe7, 0x9f, 0xef,
    0x9f, 0xe7, 0x9f, 0xe7, 0x9f, 0xe7, 0x9f, 0xef, 0x9f, 0xe7, 0x9f, 0xef,
    0x9f, 0xe7, 0x9f, 0xef, 0x9f, 0xe7, 0x9f, 0xef, 0x9f, 0xef, 0x9f, 0xe7,
    0x9f, 0xef, 0x9f, 0xe7, 0x9f, 0xe7, 0x9f, 0xef, 0x9f, 0xef, 0x9f, 0xe7,
    0x9f, 0xef, 0x9f, 0xef, 0x9f, 0xe7, 0xbf, 0xe7, 0xbf, 0xef, 0xbf, 0xef,
    0x9f, 0xef, 0xbf, 0xe7, 0x9f, 0xef, 0x9f, 0xef, 0xbf, 0xef, 0xbf, 0xef,
    0x9f, 0xef, 0xbf, 0xef, 0xbf, 0xef, 0x9f, 0xef, 0xbf, 0xef, 0xbf, 0xef,
    0xbf, 0xef, 0xbf, 0xef, 0xbf, 0xef, 0x9f, 0xef, 0xbf, 0xef, 0xbf, 0xef,
    0x9f, 0xef, 0xbf, 0xf7, 0xbf, 0xef, 0xbf, 0xef, 0xbf, 0xef, 0xbf, 0xf7,
    0xbf, 0xf7, 0xbf, 0xef, 0xbf, 0xef, 0xbf, 0xf7, 0xbf, 0xef, 0xbf, 0xef,
    0xbf, 0xf7, 0xbf, 0xef, 0xbf, 0xef, 0xbf, 0xf7, 0xbf, 0xef, 0xdf, 0xef,
    0xbf, 0xef, 0xbf, 0xf7, 0xdf, 0xef, 0xbf, 0xf7, 0xbf, 0xf7, 0xbf, 0xef,
    0xbf, 0xef, 0xbf, 0xf7, 0xbf, 0xf7, 0xbf, 0xef, 0xbf, 0xf7, 0xbf, 0xef,
    0xbf, 0xf7, 0xbf, 0xef, 0xbf, 0xf7, 0xbf, 0xef, 0xdf, 0xef, 0xbf, 0xf7,
    0xbf, 0xef, 0xbf, 0xf7, 0xdf, 0xf7, 0xbf, 0xef, 0xbf, 0xef, 0xbf, 0xf7,
    0xbf, 0xf7, 0xdf, 0xef, 0xbf, 0xf7, 0xbf, 0xf7, 0xdf, 0xef, 0xbf, 0xf7,
    0xbf, 0xf7, 0xbf, 0xef, 0xdf, 0xef, 0xbf, 0xf7, 0xbf, 0xef, 0xdf, 0xf7,
    0xbf, 0xf7, 0xbf, 0xf7, 0xbf, 0xef, 0xbf, 0xf7, 0xbf, 0xf7, 0xbf, 0xf7,
    0xbf, 0xef, 0xff, 0xff, 0xff, 0xff, 0xff, 0xff, 0xff, 0xff, 0xff, 0xff,
    0xff, 0xff, 0xff, 0xff, 0xff, 0xff, 0xff, 0xff, 0xff, 0xff, 0xdf, 0xf7,
    0x7f, 0xdf, 0x7f, 0xe7, 0x7f, 0xe7, 0x7f, 0xdf, 0x7f, 0xe7, 0x7f, 0xdf,
    0x7f, 0xdf, 0x7f, 0xe7, 0x7f, 0xdf, 0x7f, 0xdf, 0x7f, 0xe7, 0x7f, 0xdf,
    0x7f, 0xdf, 0x7f, 0xdf, 0x7f, 0xe7, 0x7f, 0xe7, 0x9f, 0xdf, 0x7f, 0xe7,
    0x9f, 0xdf, 0x7f, 0xe7, 0x7f, 0xdf, 0x7f, 0xdf, 0x7f, 0xe7, 0x7f, 0xe7,
    0x7f, 0xdf, 0x7f, 0xe7, 0x7f, 0xe7, 0x7f, 0xdf, 0x7f, 0xdf, 0x7f, 0xe7,
    0x7f, 0xdf, 0x7f, 0xe7, 0x7f, 0xdf, 0x7f, 0xe7, 0x7f, 0xe7, 0x7f, 0xdf,
    0x7f, 0xe7, 0x7f, 0xe7, 0x9f, 0xe7, 0x7f, 0xe7, 0x7f, 0xdf, 0x7f, 0xe7,
    0x7f, 0xe7, 0x7f, 0xdf, 0x9f, 0xe7, 0x7f, 0xe7, 0x9f, 0xdf, 0x7f, 0xdf,
    0x7f, 0xe7, 0x9f, 0xdf, 0x7f, 0xe7, 0x7f, 0xe7, 0x7f, 0xdf, 0x9f, 0xdf,
    0x7f, 0xe7, 0x7f, 0xdf, 0x9f, 0xe7, 0x9f, 0xe7, 0x7f, 0xe7, 0x9f, 0xe7,
    0x7f, 0xe7, 0x7f, 0xdf, 0x9f, 0xe7, 0x7f, 0xe7, 0x7f, 0xe7, 0x9f, 0xdf,
    0x7f, 0xe7, 0x7f, 0xe7, 0x7f, 0xe7, 0x7f, 0xdf, 0x7f, 0xdf, 0x7f, 0xe7,
    0x9f, 0xe7, 0x7f, 0xe7, 0x7f, 0xe7, 0x7f, 0xe7, 0x9f, 0xe7, 0x7f, 0xe7,
    0x7f, 0xe7, 0x9f, 0xe7, 0x7f, 0xdf, 0x9f, 0xe7, 0x9f, 0xe7, 0x7f, 0xe7,
    0x9f, 0xe7, 0x7f, 0xe7, 0x9f, 0xe7, 0x9f, 0xe7, 0x9f, 0xe7, 0x9f, 0xe7,
    0x9f, 0xe7, 0x9f, 0xe7, 0x7f, 0xe7, 0x9f, 0xe7, 0x9f, 0xe7, 0x9f, 0xe7,
    0x9f, 0xe7, 0x7f, 0xe7, 0x9f, 0xe7, 0x9f, 0xe7, 0x9f, 0xe7, 0x7f, 0xe7,
    0x9f, 0xef, 0x9f, 0xe7, 0x9f, 0xe7, 0x9f, 0xe7, 0x9f, 0xef, 0x9f, 0xe7,
    0x7f, 0xe7, 0x9f, 0xe7, 0x9f, 0xef, 0x7f, 0xe7, 0x9f, 0xe7, 0x9f, 0xe7,
    0x7f, 0xe7, 0x9f, 0xe7, 0x9f, 0xe7, 0x7f, 0xe7, 0x9f, 0xe7, 0x9f, 0xef,
    0x9f, 0xe7, 0x9f, 0xe7, 0x9f, 0xef, 0x9f, 0xe7, 0x9f, 0xef, 0x9f, 0xe7,
    0x9f, 0xe7, 0x9f, 0xef, 0x9f, 0xef, 0x9f, 0xe7, 0x9f, 0xe7, 0x9f, 0xef,
    0x9f, 0xe7, 0xbf, 0xe7, 0x9f, 0xe7, 0x9f, 0xef, 0x9f, 0xef, 0xbf, 0xe7,
    0xbf, 0xef, 0x9f, 0xef, 0x9f, 0xe7, 0x9f, 0xe7, 0x9f, 0xef, 0xbf, 0xef,
    0x9f, 0xe7, 0xbf, 0xef, 0x9f, 0xef, 0x9f, 0xef, 0xbf, 0xef, 0x9f, 0xef,
    0xbf, 0xef, 0xbf, 0xef, 0xbf, 0xef, 0x9f, 0xef, 0xbf, 0xef, 0x9f, 0xef,
    0x9f, 0xef, 0xbf, 0xef, 0xbf, 0xef, 0x9f, 0xef, 0xbf, 0xef, 0xbf, 0xef,
    0x9f, 0xef, 0xbf, 0xef, 0xbf, 0xef, 0xbf, 0xf7, 0xbf, 0xef, 0xbf, 0xef,
    0xbf, 0xf7, 0xbf, 0xef, 0xbf, 0xef, 0xbf, 0xef, 0xbf, 0xef, 0xbf, 0xef,
    0xbf, 0xf7, 0xbf, 0xef, 0xbf, 0xef, 0xbf, 0xef, 0xbf, 0xef, 0xbf, 0xef,
    0xbf, 0xf7, 0xbf, 0xef, 0xbf, 0xef, 0xbf, 0xf7, 0xbf, 0xef, 0xdf, 0xef,
    0xbf, 0xf7, 0xbf, 0xef, 0xbf, 0xef, 0xbf, 0xef, 0xbf, 0xef, 0xbf, 0xf7,
    0xdf, 0xf7, 0xbf, 0xef, 0xbf, 0xef, 0xbf, 0xf7, 0xbf, 0xf7, 0xdf, 0xef,
    0xbf, 0xef, 0xbf, 0xf7, 0xbf, 0xf7, 0xbf, 0xf7, 0xbf, 0xf7, 0xdf, 0xef,
    0xbf, 0xf7, 0xbf, 0xef, 0xbf, 0xf7, 0xbf, 0xf7, 0xdf, 0xf7, 0xbf, 0xef,
    0xbf, 0xf7, 0xbf, 0xef, 0xdf, 0xf7, 0xbf, 0xf7, 0xbf, 0xef, 0xbf, 0xef,
    0xbf, 0xf7, 0xbf, 0xf7, 0xbf, 0xf7, 0xbf, 0xef, 0xdf, 0xf7, 0xdf, 0xf7,
    0xbf, 0xf7, 0xdf, 0xf7, 0xbf, 0xf7, 0xbf, 0xef, 0xdf, 0xf7, 0xbf, 0xf7,
    0xbf, 0xf7, 0xff, 0xff, 0xff, 0xff, 0xff, 0xff, 0xff, 0xff, 0xff, 0xff,
    0xff, 0xff, 0xff, 0xff, 0xff, 0xff, 0xff, 0xff, 0xff, 0xff, 0xbf, 0xf7,
    0x7f, 0xdf, 0x7f, 0xe7, 0x7f, 0xdf, 0x7f, 0xe7, 0x7f, 0xdf, 0x7f, 0xe7,
    0x7f, 0xe7, 0x7f, 0xdf, 0x7f, 0xe7, 0x7f, 0xe7, 0x7f, 0xe7, 0x7f, 0xdf,
    0x7f, 0xdf, 0x7f, 0xe7, 0x7f, 0xdf, 0x7f, 0xdf, 0x7f, 0xe7, 0x7f, 0xe7,
    0x7f, 0xdf, 0x7f, 0xe7, 0x7f, 0xe7, 0x7f, 0xdf, 0x7f, 0xe7, 0x7f, 0xdf,
    0x9f, 0xdf, 0x7f, 0xe7, 0x7f, 0xdf, 0x7f, 0xe7, 0x7f, 0xe7, 0x7f, 0xdf,
    0x7f, 0xe7, 0x7f, 0xdf, 0x7f, 0xdf, 0x9f, 0xe7, 0x7f, 0xdf, 0x7f, 0xe7,
    0x7f, 0xdf, 0x9f, 0xdf, 0x7f, 0xe7, 0x7f, 0xe7, 0x7f, 0xdf, 0x9f, 0xe7,
    0x7f, 0xe7, 0x7f, 0xdf, 0x7f, 0xe7, 0x7f, 0xe7, 0x9f, 0xe7, 0x7f, 0xe7,
    0x7f, 0xdf, 0x7f, 0xe7, 0x7f, 0xdf, 0x7f, 0xe7, 0x7f, 0xe7, 0x7f, 0xe7,
    0x9f, 0xdf, 0x7f, 0xe7, 0x7f, 0xe7, 0x9f, 0xdf, 0x7f, 0xe7, 0x7f, 0xdf,
    0x7f, 0xdf, 0x7f, 0xe7, 0x9f, 0xe7, 0x7f, 0xdf, 0x7f, 0xe7, 0x7f, 0xe7,
    0x7f, 0xdf, 0x9f, 0xe7, 0x7f, 0xe7, 0x7f, 0xe7, 0x7f, 0xdf, 0x7f, 0xe7,
    0x9f, 0xdf, 0x7f, 0xe7, 0x7f, 0xe7, 0x9f, 0xdf, 0x9f, 0xe7, 0x7f, 0xe7,
    0x7f, 0xdf, 0x9f, 0xe7, 0x7f, 0xe7, 0x9f, 0xe7, 0x9f, 0xe7, 0x7f, 0xe7,
    0x9f, 0xe7, 0x9f, 0xe7, 0x9f, 0xe7, 0x9f, 0xe7, 0x7f, 0xe7, 0x9f, 0xe7,
    0x9f, 0xe7, 0x9f, 0xe7, 0x9f, 0xe7, 0x7f, 0xe7, 0x9f, 0xe7, 0x9f, 0xe7,
    0x9f, 0xe7, 0x9f, 0xe7, 0x7f, 0xe7, 0x9f, 0xe7, 0x9f, 0xe7, 0x9f, 0xe7,
    0x7f, 0xe7, 0x9f, 0xe7, 0x9f, 0xe7, 0x7f, 0xe7, 0x9f, 0xe7, 0x9f, 0xe7,
    0x9f, 0xe7, 0x9f, 0xe7, 0x9f, 0xe7, 0x9f, 0xe7, 0x9f, 0xe7, 0x9f, 0xef,
    0x9f, 0xe7, 0x7f, 0xe7, 0x9f, 0xef, 0x9f, 0xe7, 0x9f, 0xef, 0x9f, 0xef,
    0x7f, 0xe7, 0x9f, 0xe7, 0x9f, 0xef, 0x9f, 0xe7, 0x9f, 0xe7, 0x9f, 0xef,
    0x9f, 0xe7, 0x9f, 0xef, 0x9f, 0xef, 0x9f, 0xe7, 0x9f, 0xe7, 0x9f, 0xef,
    0x9f, 0xef, 0x9f, 0xe7, 0x9f, 0xe7, 0x9f, 0xef, 0x9f, 0xe7, 0x9f, 0xe7,
    0x9f, 0xe7, 0x9f, 0xe7, 0x9f, 0xef, 0xbf, 0xe7, 0x9f, 0xe7, 0x9f, 0xef,
    0x9f, 0xef, 0xbf, 0xef, 0xbf, 0xef, 0x9f, 0xef, 0x9f, 0xef, 0xbf, 0xef,
    0x9f, 0xef, 0x9f, 0xef, 0xbf, 0xef, 0xbf, 0xe7, 0x9f, 0xef, 0xbf, 0xef,
    0xbf, 0xef, 0xbf, 0xef, 0xbf, 0xef, 0x9f, 0xef, 0xbf, 0xef, 0xbf, 0xef,
    0xbf, 0xef, 0xbf, 0xef, 0xbf, 0xef, 0xbf, 0xf7, 0xbf, 0xef, 0xbf, 0xef,
    0xbf, 0xef, 0xbf, 0xef, 0xbf, 0xf7, 0xbf, 0xef, 0xbf, 0xef, 0xbf, 0xf7,
    0xbf, 0xef, 0xbf, 0xf7, 0xbf, 0xef, 0xbf, 0xef, 0xbf, 0xf7, 0xbf, 0xf7,
    0xbf, 0xef, 0xbf, 0xef, 0xbf, 0xf7, 0xbf, 0xef, 0xbf, 0xf7, 0xbf, 0xf7,
    0xbf, 0xef, 0xbf, 0xf7, 0xbf, 0xf7, 0xbf, 0xef, 0xbf, 0xf7, 0xdf, 0xef,
    0xbf, 0xef, 0xbf, 0xf7, 0xbf, 0xef, 0xbf, 0xef, 0xdf, 0xf7, 0xbf, 0xf7,
    0xbf, 0xf7, 0xdf, 0xef, 0xdf, 0xef, 0xbf, 0xf7, 0xbf, 0xf7, 0xbf, 0xef,
    0xdf, 0xf7, 0xbf, 0xf7, 0xbf, 0xef, 0xbf, 0xf7, 0xdf, 0xef, 0xbf, 0xf7,
    0xbf, 0xf7, 0xbf, 0xef, 0xbf, 0xf7, 0xbf, 0xf7, 0xdf, 0xf7, 0xbf, 0xef,
    0xbf, 0xf7, 0xdf, 0xf7, 0xbf, 0xf7, 0xbf, 0xf7, 0xdf, 0xf7, 0xbf, 0xef,
    0xbf, 0xef, 0xbf, 0xf7, 0xdf, 0xef, 0xbf, 0xf7, 0xbf, 0xef, 0xdf, 0xf7,
    0xbf, 0xef, 0xff, 0xff, 0xff, 0xff, 0xff, 0xff, 0xff, 0xff, 0xff, 0xff,
    0xff, 0xff, 0xff, 0xff, 0xff, 0xff, 0xff, 0xff, 0xff, 0xff, 0xbf, 0xf7,
    0x7f, 0xdf, 0x7f, 0xdf, 0x7f, 0xdf, 0x7f, 0xdf, 0x7f, 0xdf, 0x7f, 0xe7,
    0x7f, 0xdf, 0x7f, 0xdf, 0x7f, 0xe7, 0x7f, 0xdf, 0x7f, 0xe7, 0x7f, 0xe7,
    0x7f, 0xe7, 0x7f, 0xdf, 0x7f, 0xe7, 0x9f, 0xdf, 0x7f, 0xe7, 0x7f, 0xdf,
    0x7f, 0xdf, 0x7f, 0xe7, 0x7f, 0xdf, 0x7f, 0xe7, 0x7f, 0xdf, 0x7f, 0xdf,
    0x7f, 0xe7, 0x9f, 0xe7, 0x7f, 0xdf, 0x9f, 0xdf, 0x7f, 0xe7, 0x9f, 0xdf,
    0x7f, 0xe7, 0x7f, 0xe7, 0x7f, 0xdf, 0x7f, 0xe7, 0x9f, 0xdf, 0x7f, 0xe7,
    0x7f, 0xe7, 0x7f, 0xdf, 0x7f, 0xe7, 0x7f, 0xdf, 0x9f, 0xe7, 0x7f, 0xdf,
    0x7f, 0xe7, 0x9f, 0xe7, 0x7f, 0xdf, 0x7f, 0xdf, 0x9f, 0xe7, 0x7f, 0xe7,
    0x7f, 0xdf, 0x7f, 0xdf, 0x9f, 0xe7, 0x7f, 0xe7, 0x7f, 0xdf, 0x7f, 0xdf,
    0x7f, 0xe7, 0x7f, 0xe7, 0x9f, 0xe7, 0x9f, 0xe7, 0x7f, 0xdf, 0x7f, 0xe7,
    0x7f, 0xe7, 0x7f, 0xe7, 0x7f, 0xdf, 0x7f, 0xdf, 0x7f, 0xe7, 0x9f, 0xe7,
    0x9f, 0xdf, 0x7f, 0xe7, 0x7f, 0xe7, 0x9f, 0xe7, 0x7f, 0xe7, 0x7f, 0xe7,
    0x9f, 0xe7, 0x9f, 0xdf, 0x7f, 0xe7, 0x7f, 0xe7, 0x9f, 0xdf, 0x7f, 0xe7,
    0x9f, 0xe7, 0x9f, 0xe7, 0x7f, 0xe7, 0x9f, 0xe7, 0x9f, 0xdf, 0x7f, 0xe7,
    0x9f, 0xe7, 0x9f, 0xe7, 0x9f, 0xe7, 0x7f, 0xe7, 0x9f, 0xe7, 0x9f, 0xe7,
    0x7f, 0xe7, 0x9f, 0xe7, 0x9f, 0xe7, 0x9f, 0xe7, 0x7f, 0xe7, 0x9f, 0xe7,
    0x9f, 0xe7, 0x7f, 0xe7, 0x9f, 0xe7, 0x9f, 0xef, 0x9f, 0xe7, 0x9f, 0xe7,
    0x9f, 0xe7, 0x9f, 0xe7, 0x9f, 0xe7, 0x9f, 0xe7, 0x9f, 0xe7, 0x9f, 0xef,
    0x7f, 0xe7, 0x9f, 0xe7, 0x9f, 0xe7, 0x9f, 0xe7, 0x9f, 0xe7, 0x9f, 0xe7,
    0x9f, 0xe7, 0x9f, 0xe7, 0x9f, 0xe7, 0x9f, 0xef, 0x9f, 0xe7, 0x9f, 0xe7,
    0x9f, 0xe7, 0x9f, 0xef, 0x9f, 0xe7, 0x9f, 0xe7, 0x9f, 0xef, 0x9f, 0xe7,
    0x9f, 0xe7, 0x9f, 0xe7, 0x9f, 0xe7, 0x9f, 0xef, 0x9f, 0xe7, 0x9f, 0xe7,
    0xbf, 0xef, 0x9f, 0xef, 0x9f, 0xe7, 0xbf, 0xef, 0x9f, 0xe7, 0x9f, 0xef,
    0x9f, 0xef, 0x9f, 0xe7, 0x9f, 0xef, 0x9f, 0xef, 0x9f, 0xef, 0x9f, 0xe7,
    0x9f, 0xef, 0xbf, 0xef, 0xbf, 0xe7, 0x9f, 0xef, 0xbf, 0xef, 0xbf, 0xef,
    0xbf, 0xef, 0x9f, 0xef, 0x9f, 0xef, 0xbf, 0xef, 0x9f, 0xef, 0xbf, 0xef,
    0xbf, 0xef, 0xbf, 0xef, 0xbf, 0xef, 0xbf, 0xef, 0x9f, 0xef, 0xbf, 0xef,
    0xbf, 0xef, 0x9f, 0xef, 0xbf, 0xef, 0xbf, 0xef, 0xbf, 0xf7, 0xbf, 0xef,
    0xbf, 0xf7, 0xbf, 0xef, 0xbf, 0xef, 0xbf, 0xf7, 0xbf, 0xf7, 0xbf, 0xef,
    0xbf, 0xef, 0xbf, 0xf7, 0xbf, 0xf7, 0xbf, 0xef, 0xbf, 0xef, 0xbf, 0xf7,
    0xbf, 0xef, 0xbf, 0xef, 0xbf, 0xf7, 0xbf, 0xef, 0xbf, 0xef, 0xbf, 0xef,
    0xbf, 0xef, 0xbf, 0xf7, 0xbf, 0xf7, 0xbf, 0xef, 0xdf, 0xf7, 0xbf, 0xf7,
    0xbf, 0xef, 0xbf, 0xf7, 0xdf, 0xf7, 0xbf, 0xef, 0xbf, 0xef, 0xbf, 0xf7,
    0xbf, 0xf7, 0xbf, 0xef, 0xbf, 0xf7, 0xdf, 0xef, 0xbf, 0xf7, 0xbf, 0xf7,
    0xbf, 0xef, 0xdf, 0xf7, 0xbf, 0xef, 0xdf, 0xf7, 0xdf, 0xef, 0xbf, 0xf7,
    0xbf, 0xf7, 0xdf, 0xef, 0xbf, 0xef, 0xbf, 0xf7, 0xdf, 0xf7, 0xbf, 0xef,
    0xbf, 0xf7, 0xdf, 0xf7, 0xbf, 0xef, 0xbf, 0xf7, 0xbf, 0xf7, 0xbf, 0xf7,
    0xbf, 0xf7, 0xbf, 0xef, 0xbf, 0xf7, 0xbf, 0xf7, 0xbf, 0xef, 0xdf, 0xf7,
    0xbf, 0xf7, 0xff, 0xff, 0xff, 0xff, 0xff, 0xff, 0xff, 0xff, 0xff, 0xff,
    0xff, 0xff, 0xff, 0xff, 0xff, 0xff, 0xff, 0xff, 0xff, 0xff, 0xdf, 0xf7,
    0x7f, 0xdf, 0x7f, 0xe7, 0x7f, 0xe7, 0x7f, 0xdf, 0x7f, 0xe7, 0x7f, 0xe7,
    0x7f, 0xdf, 0x7f, 0xe7, 0x9f, 0xdf, 0x7f, 0xdf, 0x7f, 0xdf, 0x7f, 0xe7,
    0x7f, 0xdf, 0x7f, 0xe7, 0x7f, 0xdf, 0x7f, 0xe7, 0x9f, 0xdf, 0x7f, 0xe7,
    0x7f, 0xe7, 0x9f, 0xdf, 0x7f, 0xdf, 0x7f, 0xe7, 0x9f, 0xe7, 0x7f, 0xdf,
    0x7f, 0xe7, 0x7f, 0xdf, 0x7f, 0xe7, 0x7f, 0xe7, 0x7f, 0xdf, 0x7f, 0xdf,
    0x9f, 0xe7, 0x7f, 0xdf, 0x7f, 0xe7, 0x9f, 0xe7, 0x7f, 0xe7, 0x7f, 0xdf,
    0x9f, 0xe7, 0x9f, 0xe7, 0x7f, 0xdf, 0x7f, 0xe7, 0x9f, 0xe7, 0x7f, 0xdf,
    0x7f, 0xe7, 0x7f, 0xe7, 0x9f, 0xdf, 0x9f, 0xe7, 0x7f, 0xdf, 0x7f, 0xdf,
    0x9f, 0xe7, 0x7f, 0xdf, 0x7f, 0xe7, 0x9f, 0xe7, 0x7f, 0xdf, 0x9f, 0xe7,
    0x7f, 0xe7, 0x9f, 0xdf, 0x7f, 0xe7, 0x7f, 0xe7, 0x7f, 0xe7, 0x9f, 0xdf,
    0x7f, 0xe7, 0x9f, 0xe7, 0x7f, 0xdf, 0x7f, 0xe7, 0x9f, 0xe7, 0x7f, 0xdf,
    0x7f, 0xe7, 0x9f, 0xe7, 0x9f, 0xdf, 0x9f, 0xe7, 0x7f, 0xe7, 0x9f, 0xdf,
    0x9f, 0xe7, 0x7f, 0xe7, 0x7f, 0xe7, 0x9f, 0xe7, 0x7f, 0xe7, 0x7f, 0xe7,
    0x9f, 0xe7, 0x7f, 0xe7, 0x7f, 0xe7, 0x9f, 0xe7, 0x7f, 0xe7, 0x7f, 0xe7,
    0x9f, 0xe7, 0x9f, 0xe7, 0x9f, 0xe7, 0x9f, 0xe7, 0x9f, 0xe7, 0x9f, 0xe7,
    0x9f, 0xe7, 0x7f, 0xe7, 0x9f, 0xe7, 0x9f, 0xe7, 0x9f, 0xe7, 0x9f, 0xe7,
    0x9f, 0xe7, 0x9f, 0xe7, 0x9f, 0xe7, 0x9f, 0xe7, 0x9f, 0xe7, 0x9f, 0xe7,
    0x9f, 0xef, 0x7f, 0xe7, 0x9f, 0xe7, 0x9f, 0xe7, 0x7f, 0xef, 0x9f, 0xe7,
    0x9f, 0xe7, 0x7f, 0xe7, 0x9f, 0xe7, 0x9f, 0xef, 0x9f, 0xe7, 0x7f, 0xe7,
    0x9f, 0xef, 0x9f, 0xef, 0x9f, 0xe7, 0x9f, 0xe7, 0x9f, 0xef, 0x9f, 0xe7,
    0x9f, 0xe7, 0x9f, 0xef, 0x9f, 0xe7, 0x9f, 0xe7, 0x9f, 0xef, 0x9f, 0xef,
    0x9f, 0xef, 0x9f, 0xef, 0x9f, 0xe7, 0x9f, 0xef, 0x9f, 0xef, 0x9f, 0xe7,
    0x9f, 0xe7, 0x9f, 0xe7, 0x9f, 0xef, 0x9f, 0xe7, 0x9f, 0xef, 0x9f, 0xef,
    0x9f, 0xe7, 0x9f, 0xef, 0x9f, 0xe7, 0xbf, 0xef, 0x9f, 0xef, 0xbf, 0xe7,
    0x9f, 0xef, 0x9f, 0xef, 0xbf, 0xef, 0x9f, 0xef, 0xbf, 0xef, 0xbf, 0xef,
    0x9f, 0xef, 0xbf, 0xef, 0xbf, 0xef, 0x9f, 0xef, 0x9f, 0xef, 0xbf, 0xef,
    0xbf, 0xef, 0x9f, 0xef, 0xbf, 0xef, 0xbf, 0xef, 0xbf, 0xef, 0x9f, 0xef,
    0xbf, 0xef, 0xbf, 0xef, 0xbf, 0xf7, 0xbf, 0xef, 0xbf, 0xef, 0xbf, 0xef,
    0xbf, 0xef, 0xbf, 0xef, 0xbf, 0xf7, 0xbf, 0xef, 0xbf, 0xef, 0xbf, 0xef,
    0xbf, 0xef, 0xbf, 0xef, 0xbf, 0xf7, 0xbf, 0xef, 0xbf, 0xef, 0xbf, 0xf7,
    0xbf, 0xef, 0xbf, 0xf7, 0xbf, 0xf7, 0xdf, 0xf7, 0xbf, 0xef, 0xbf, 0xf7,
    0xbf, 0xef, 0xdf, 0xef, 0xbf, 0xf7, 0xbf, 0xef, 0xbf, 0xf7, 0xbf, 0xf7,
    0xbf, 0xef, 0xdf, 0xef, 0xbf, 0xf7, 0xbf, 0xf7, 0xbf, 0xef, 0xdf, 0xf7,
    0xbf, 0xef, 0xbf, 0xf7, 0xbf, 0xf7, 0xbf, 0xef, 0xdf, 0xf7, 0xbf, 0xf7,
    0xbf, 0xef, 0xbf, 0xf7, 0xbf, 0xf7, 0xbf, 0xef, 0xbf, 0xf7, 0xbf, 0xef,
    0xdf, 0xf7, 0xbf, 0xf7, 0xbf, 0xef, 0xdf, 0xf7, 0xdf, 0xf7, 0xbf, 0xef,
    0xdf, 0xf7, 0xdf, 0xf7, 0xdf, 0xef, 0xbf, 0xf7, 0xbf, 0xef, 0xdf, 0xf7,
    0xdf, 0xf7, 0xbf, 0xef, 0xbf, 0xf7, 0xdf, 0xf7, 0xbf, 0xef, 0xdf, 0xf7,
    0xdf, 0xf7, 0xff, 0xff, 0xff, 0xff, 0xff, 0xff, 0xff, 0xff, 0xff, 0xff,
    0xff, 0xff, 0xff, 0xff, 0xff, 0xff, 0xff, 0xff, 0xff, 0xff, 0xbf, 0xf7,
    0x7f, 0xdf, 0x7f, 0xe7, 0x7f, 0xe7, 0x7f, 0xdf, 0x7f, 0xe7, 0x7f, 0xdf,
    0x7f, 0xe7, 0x7f, 0xe7, 0x7f, 0xe7, 0x9f, 0xdf, 0x7f, 0xe7, 0x7f, 0xdf,
    0x9f, 0xdf, 0x7f, 0xe7, 0x7f, 0xdf, 0x7f, 0xe7, 0x7f, 0xdf, 0x7f, 0xdf,
    0x7f, 0xe7, 0x7f, 0xe7, 0x7f, 0xdf, 0x7f, 0xe7, 0x7f, 0xdf, 0x7f, 0xe7,
    0x9f, 0xdf, 0x7f, 0xdf, 0x7f, 0xe7, 0x9f, 0xe7, 0x7f, 0xe7, 0x7f, 0xdf,
    0x9f, 0xe7, 0x7f, 0xdf, 0x7f, 0xe7, 0x7f, 0xe7, 0x9f, 0xdf, 0x7f, 0xe7,
    0x7f, 0xe7, 0x7f, 0xdf, 0x7f, 0xe7, 0x9f, 0xe7, 0x9f, 0xe7, 0x7f, 0xdf,
    0x7f, 0xe7, 0x7f, 0xdf, 0x7f, 0xe7, 0x7f, 0xe7, 0x7f, 0xdf, 0x7f, 0xe7,
    0x7f, 0xe7, 0x7f, 0xe7, 0x7f, 0xdf, 0x7f, 0xe7, 0x9f, 0xe7, 0x7f, 0xe7,
    0x7f, 0xdf, 0x9f, 0xe7, 0x9f, 0xe7, 0x7f, 0xe7, 0x7f, 0xe7, 0x7f, 0xe7,
    0x9f, 0xe7, 0x7f, 0xe7, 0x7f, 0xdf, 0x7f, 0xdf, 0x7f, 0xe7, 0x7f, 0xe7,
    0x7f, 0xe7, 0x7f, 0xe7, 0x9f, 0xdf, 0x7f, 0xe7, 0x7f, 0xe7, 0x9f, 0xdf,
    0x7f, 0xe7, 0x7f, 0xdf, 0x7f, 0xe7, 0x9f, 0xe7, 0x9f, 0xe7, 0x7f, 0xe7,
    0x9f, 0xe7, 0x9f, 0xdf, 0x7f, 0xe7, 0x9f, 0xe7, 0x9f, 0xe7, 0x9f, 0xe7,
    0x9f, 0xe7, 0x7f, 0xe7, 0x9f, 0xe7, 0x9f, 0xe7, 0x9f, 0xe7, 0x7f, 0xe7,
    0x7f, 0xe7, 0x9f, 0xe7, 0x9f, 0xe7, 0x7f, 0xe7, 0x9f, 0xe7, 0x9f, 0xe7,
    0x9f, 0xe7, 0x7f, 0xe7, 0x9f, 0xe7, 0x7f, 0xe7, 0x9f, 0xef, 0x9f, 0xe7,
    0x7f, 0xe7, 0x9f, 0xe7, 0x9f, 0xef, 0x7f, 0xe7, 0x9f, 0xe7, 0x9f, 0xe7,
    0x9f, 0xe7, 0x9f, 0xe7, 0x9f, 0xe7, 0x9f, 0xef, 0x9f, 0xe7, 0x9f, 0xe7,
    0x9f, 0xe7, 0x9f, 0xe7, 0x9f, 0xef, 0x9f, 0xe7, 0x9f, 0xe7, 0x9f, 0xe7,
    0x9f, 0xe7, 0x9f, 0xef, 0x9f, 0xef, 0x9f, 0xe7, 0x9f, 0xe7, 0x9f, 0xe7,
    0x9f, 0xe7, 0x9f, 0xe7, 0x9f, 0xef, 0x9f, 0xe7, 0xbf, 0xef, 0x9f, 0xef,
    0x9f, 0xe7, 0xbf, 0xef, 0x9f, 0xef, 0x9f, 0xe7, 0x9f, 0xe7, 0xbf, 0xef,
    0xbf, 0xef, 0xbf, 0xe7, 0x9f, 0xe7, 0xbf, 0xef, 0x9f, 0xef, 0x9f, 0xe7,
    0xbf, 0xef, 0xbf, 0xef, 0x9f, 0xef, 0xbf, 0xef, 0x9f, 0xef, 0x9f, 0xef,
    0xbf, 0xef, 0xbf, 0xef, 0x9f, 0xe7, 0xbf, 0xef, 0xbf, 0xef, 0xbf, 0xef,
    0xbf, 0xef, 0xbf, 0xef, 0x9f, 0xef, 0xbf, 0xef, 0xbf, 0xef, 0xbf, 0xef,
    0xbf, 0xef, 0xbf, 0xef, 0xbf, 0xf7, 0xbf, 0xef, 0xbf, 0xf7, 0xbf, 0xf7,
    0xbf, 0xef, 0xbf, 0xef, 0xbf, 0xf7, 0xbf, 0xef, 0xbf, 0xef, 0xbf, 0xf7,
    0xbf, 0xf7, 0xbf, 0xef, 0xbf, 0xef, 0xbf, 0xf7, 0xbf, 0xef, 0xbf, 0xef,
    0xbf, 0xef, 0xbf, 0xf7, 0xbf, 0xef, 0xbf, 0xef, 0xbf, 0xf7, 0xbf, 0xef,
    0xbf, 0xf7, 0xbf, 0xef, 0xbf, 0xef, 0xbf, 0xf7, 0xbf, 0xef, 0xbf, 0xef,
    0xbf, 0xf7, 0xbf, 0xef, 0xbf, 0xef, 0xbf, 0xf7, 0xdf, 0xf7, 0xbf, 0xef,
    0xbf, 0xf7, 0xdf, 0xf7, 0xbf, 0xef, 0xdf, 0xf7, 0xbf, 0xf7, 0xbf, 0xef,
    0xdf, 0xf7, 0xbf, 0xf7, 0xbf, 0xef, 0xdf, 0xf7, 0xbf, 0xf7, 0xbf, 0xef,
    0xbf, 0xf7, 0xbf, 0xf7, 0xbf, 0xf7, 0xdf, 0xf7, 0xdf, 0xf7, 0xbf, 0xf7,
    0xbf, 0xf7, 0xdf, 0xef, 0xbf, 0xf7, 0xbf, 0xf7, 0xbf, 0xf7, 0xbf, 0xef,
    0xbf, 0xf7, 0xdf, 0xf7, 0xbf, 0xef, 0xbf, 0xf7, 0xdf, 0xf7, 0xbf, 0xf7,
    0xbf, 0xef, 0xff, 0xff, 0xff, 0xff, 0xff, 0xff, 0xff, 0xff, 0xff, 0xff,
    0xff, 0xff, 0xff, 0xff, 0xff, 0xff, 0xff, 0xff, 0xff, 0xff, 0xdf, 0xf7,
    0x7f, 0xdf, 0x7f, 0xdf, 0x7f, 0xe7, 0x7f, 0xdf, 0x7f, 0xe7, 0x7f, 0xdf,
    0x7f, 0xdf, 0x7f, 0xdf, 0x7f, 0xe7, 0x7f, 0xe7, 0x7f, 0xdf, 0x7f, 0xe7,
    0x9f, 0xe7, 0x7f, 0xdf, 0x7f, 0xe7, 0x9f, 0xe7, 0x7f, 0xe7, 0x7f, 0xdf,
    0x7f, 0xdf, 0x7f, 0xe7, 0x9f, 0xdf, 0x7f, 0xe7, 0x7f, 0xe7, 0x7f, 0xe7,
    0x9f, 0xdf, 0x7f, 0xe7, 0x7f, 0xe7, 0x9f, 0xdf, 0x7f, 0xdf, 0x7f, 0xe7,
    0x7f, 0xdf, 0x7f, 0xe7, 0x7f, 0xdf, 0x7f, 0xe7, 0x9f, 0xe7, 0x9f, 0xe7,
    0x9f, 0xe7, 0x7f, 0xdf, 0x7f, 0xe7, 0x7f, 0xdf, 0x7f, 0xdf, 0x7f, 0xe7,
    0x7f, 0xe7, 0x7f, 0xdf, 0x7f, 0xe7, 0x7f, 0xe7, 0x9f, 0xdf, 0x7f, 0xe7,
    0x9f, 0xe7, 0x7f, 0xe7, 0x7f, 0xe7, 0x9f, 0xdf, 0x7f, 0xe7, 0x7f, 0xdf,
    0x7f, 0xe7, 0x9f, 0xe7, 0x9f, 0xe7, 0x9f, 0xe7, 0x9f, 0xe7, 0x7f, 0xdf,
    0x9f, 0xe7, 0x9f, 0xe7, 0x9f, 0xe7, 0x7f, 0xe7, 0x9f, 0xe7, 0x9f, 0xdf,
    0x7f, 0xe7, 0x7f, 0xe7, 0x9f, 0xe7, 0x7f, 0xe7, 0x9f, 0xe7, 0x7f, 0xe7,
    0x7f, 0xe7, 0x7f, 0xe7, 0x9f, 0xe7, 0x7f, 0xe7, 0x7f, 0xe7, 0x9f, 0xe7,
    0x7f, 0xe7, 0x9f, 0xe7, 0x9f, 0xe7, 0x7f, 0xe7, 0x7f, 0xe7, 0x9f, 0xe7,
    0x9f, 0xe7, 0x7f, 0xe7, 0x9f, 0xe7, 0x9f, 0xe7, 0x7f, 0xe7, 0x9f, 0xe7,
    0x9f, 0xe7, 0x9f, 0xe7, 0x9f, 0xe7, 0x9f, 0xe7, 0x9f, 0xe7, 0x9f, 0xe7,
    0x9f, 0xef, 0x9f, 0xe7, 0x7f, 0xe7, 0x9f, 0xe7, 0x9f, 0xe7, 0x9f, 0xe7,
    0x9f, 0xe7, 0x9f, 0xef, 0x9f, 0xe7, 0x9f, 0xe7, 0x9f, 0xef, 0x7f, 0xe7,
    0x9f, 0xe7, 0x9f, 0xe7, 0x9f, 0xe7, 0x9f, 0xe7, 0x7f, 0xe7, 0x9f, 0xef,
    0x9f, 0xe7, 0x9f, 0xe7, 0x9f, 0xe7, 0x9f, 0xef, 0x7f, 0xef, 0x9f, 0xe7,
    0x9f, 0xef, 0x9f, 0xe7, 0x9f, 0xe7, 0x9f, 0xef, 0x9f, 0xe7, 0x9f, 0xef,
    0x9f, 0xe7, 0x9f, 0xef, 0x9f, 0xe7, 0x9f, 0xe7, 0x9f, 0xe7, 0x9f, 0xef,
    0x9f, 0xe7, 0x9f, 0xef, 0xbf, 0xe7, 0x9f, 0xef, 0x9f, 0xe7, 0x9f, 0xef,
    0x9f, 0xef, 0xbf, 0xef, 0xbf, 0xef, 0x9f, 0xef, 0xbf, 0xef, 0x9f, 0xef,
    0xbf, 0xef, 0xbf, 0xef, 0x9f, 0xef, 0xbf, 0xe7, 0xbf, 0xef, 0x9f, 0xef,
    0xbf, 0xef, 0x9f, 0xef, 0x9f, 0xef, 0xbf, 0xef, 0xbf, 0xef, 0xbf, 0xef,
    0xbf, 0xef, 0xbf, 0xef, 0xbf, 0xef, 0xbf, 0xef, 0x9f, 0xef, 0xbf, 0xf7,
    0xbf, 0xef, 0xbf, 0xef, 0xbf, 0xef, 0xbf, 0xef, 0xbf, 0xef, 0xbf, 0xf7,
    0xbf, 0xef, 0xbf, 0xf7, 0xbf, 0xef, 0xbf, 0xef, 0xbf, 0xf7, 0xbf, 0xef,
    0xbf, 0xef, 0xbf, 0xf7, 0xdf, 0xef, 0xbf, 0xf7, 0xbf, 0xf7, 0xbf, 0xef,
    0xbf, 0xef, 0xbf, 0xf7, 0xbf, 0xef, 0xbf, 0xf7, 0xbf, 0xef, 0xdf, 0xef,
    0xbf, 0xf7, 0xbf, 0xef, 0xdf, 0xef, 0xbf, 0xf7, 0xdf, 0xf7, 0xbf, 0xef,
    0xbf, 0xf7, 0xdf, 0xf7, 0xbf, 0xef, 0xbf, 0xef, 0xbf, 0xf7, 0xbf, 0xf7,
    0xbf, 0xef, 0xdf, 0xef, 0xbf, 0xf7, 0xbf, 0xf7, 0xbf, 0xef, 0xdf, 0xf7,
    0xbf, 0xf7, 0xbf, 0xef, 0xdf, 0xf7, 0xdf, 0xf7, 0xdf, 0xf7, 0xdf, 0xf7,
    0xdf, 0xf7, 0xdf, 0xef, 0xdf, 0xf7, 0xbf, 0xf7, 0xbf, 0xef, 0xdf, 0xf7,
    0xbf, 0xf7, 0xbf, 0xef, 0xdf, 0xf7, 0xbf, 0xf7, 0xbf, 0xef, 0xbf, 0xf7,
    0xbf, 0xef, 0xdf, 0xf7, 0xbf, 0xf7, 0xdf, 0xf7, 0xbf, 0xef, 0xbf, 0xf7,
    0xbf, 0xef, 0xff, 0xff, 0xff, 0xff, 0xff, 0xff, 0xff, 0xff, 0xff, 0xff,
    0xff, 0xff, 0xff, 0xff, 0xff, 0xff, 0xff, 0xff, 0xff, 0xff, 0xbf, 0xf7,
    0x7f, 0xdf, 0x7f, 0xe7, 0x7f, 0xdf, 0x7f, 0xe7, 0x7f, 0xe7, 0x7f, 0xdf,
    0x7f, 0xe7, 0x7f, 0xdf, 0x9f, 0xdf, 0x7f, 0xe7, 0x7f, 0xdf, 0x7f, 0xe7,
    0x7f, 0xdf, 0x9f, 0xe7, 0x7f, 0xe7, 0x7f, 0xdf, 0x9f, 0xe7, 0x7f, 0xe7,
    0x9f, 0xdf, 0x7f, 0xe7, 0x9f, 0xe7, 0x7f, 0xdf, 0x9f, 0xe7, 0x7f, 0xe7,
    0x7f, 0xdf, 0x7f, 0xe7, 0x7f, 0xe7, 0x7f, 0xdf, 0x7f, 0xe7, 0x9f, 0xe7,
    0x7f, 0xdf, 0x7f, 0xe7, 0x9f, 0xe7, 0x7f, 0xdf, 0x9f, 0xe7, 0x7f, 0xe7,
    0x9f, 0xdf, 0x9f, 0xe7, 0x9f, 0xe7, 0x7f, 0xe7, 0x7f, 0xdf, 0x9f, 0xe7,
    0x7f, 0xe7, 0x9f, 0xdf, 0x7f, 0xe7, 0x7f, 0xe7, 0x7f, 0xdf, 0x9f, 0xdf,
    0x7f, 0xdf, 0x7f, 0xe7, 0x9f, 0xe7, 0x7f, 0xe7, 0x7f, 0xe7, 0x7f, 0xdf,
    0x9f, 0xe7, 0x7f, 0xe7, 0x7f, 0xdf, 0x7f, 0xe7, 0x9f, 0xe7, 0x7f, 0xe7,
    0x7f, 0xe7, 0x9f, 0xdf, 0x7f, 0xe7, 0x9f, 0xe7, 0x7f, 0xe7, 0x7f, 0xdf,
    0x7f, 0xe7, 0x7f, 0xe7, 0x9f, 0xe7, 0x9f, 0xe7, 0x7f, 0xe7, 0x7f, 0xe7,
    0x9f, 0xe7, 0x9f, 0xdf, 0x7f, 0xe7, 0x9f, 0xe7, 0x7f, 0xdf, 0x9f, 0xe7,
    0x7f, 0xe7, 0x7f, 0xe7, 0x9f, 0xe7, 0x7f, 0xe7, 0x7f, 0xe7, 0x9f, 0xe7,
    0x7f, 0xe7, 0x7f, 0xe7, 0x9f, 0xe7, 0x9f, 0xe7, 0x9f, 0xe7, 0x9f, 0xe7,
    0x9f, 0xe7, 0x7f, 0xe7, 0x9f, 0xe7, 0x9f, 0xe7, 0x7f, 0xe7, 0x9f, 0xef,
    0x9f, 0xe7, 0x9f, 0xe7, 0x9f, 0xe7, 0x7f, 0xef, 0x9f, 0xe7, 0x7f, 0xe7,
    0x9f, 0xef, 0x9f, 0xe7, 0x7f, 0xe7, 0x9f, 0xe7, 0x9f, 0xef, 0x7f, 0xe7,
    0x9f, 0xe7, 0x9f, 0xef, 0x9f, 0xe7, 0x9f, 0xe7, 0x9f, 0xef, 0x9f, 0xe7,
    0x7f, 0xe7, 0x9f, 0xe7, 0x9f, 0xe7, 0x9f, 0xef, 0x9f, 0xe7, 0x9f, 0xe7,
    0x9f, 0xef, 0x9f, 0xe7, 0x9f, 0xe7, 0x9f, 0xef, 0x9f, 0xe7, 0x9f, 0xe7,
    0x9f, 0xef, 0x9f, 0xef, 0x9f, 0xef, 0x9f, 0xe7, 0x9f, 0xe7, 0x9f, 0xef,
    0x9f, 0xe7, 0x9f, 0xe7, 0x9f, 0xef, 0xbf, 0xef, 0x9f, 0xe7, 0xbf, 0xef,
    0x9f, 0xe7, 0x9f, 0xe7, 0xbf, 0xef, 0x9f, 0xe7, 0xbf, 0xef, 0x9f, 0xe7,
    0x9f, 0xef, 0xbf, 0xef, 0x9f, 0xef, 0xbf, 0xef, 0x9f, 0xef, 0xbf, 0xef,
    0x9f, 0xe7, 0xbf, 0xef, 0xbf, 0xef, 0xbf, 0xef, 0x9f, 0xef, 0xbf, 0xef,
    0xbf, 0xef, 0xbf, 0xef, 0xbf, 0xef, 0xbf, 0xef, 0xbf, 0xef, 0x9f, 0xf7,
    0xbf, 0xef, 0xbf, 0xf7, 0xbf, 0xef, 0xbf, 0xef, 0xbf, 0xef, 0xbf, 0xef,
    0xbf, 0xf7, 0xbf, 0xef, 0xbf, 0xef, 0xbf, 0xf7, 0xbf, 0xef, 0xbf, 0xef,
    0xbf, 0xf7, 0xbf, 0xef, 0xbf, 0xef, 0xbf, 0xef, 0xbf, 0xf7, 0xbf, 0xef,
    0xbf, 0xf7, 0xbf, 0xef, 0xbf, 0xef, 0xbf, 0xf7, 0xbf, 0xef, 0xbf, 0xef,
    0xbf, 0xf7, 0xdf, 0xef, 0xbf, 0xf7, 0xbf, 0xf7, 0xbf, 0xef, 0xbf, 0xef,
    0xbf, 0xf7, 0xdf, 0xf7, 0xbf, 0xef, 0xbf, 0xef, 0xbf, 0xf7, 0xbf, 0xef,
    0xbf, 0xef, 0xbf, 0xf7, 0xdf, 0xf7, 0xbf, 0xef, 0xbf, 0xf7, 0xbf, 0xef,
    0xbf, 0xf7, 0xdf, 0xef, 0xdf, 0xf7, 0xbf, 0xf7, 0xbf, 0xef, 0xbf, 0xf7,
    0xdf, 0xf7, 0xbf, 0xef, 0xbf, 0xf7, 0xdf, 0xef, 0xbf, 0xef, 0xbf, 0xf7,
    0xbf, 0xf7, 0xbf, 0xf7, 0xdf, 0xf7, 0xbf, 0xf7, 0xdf, 0xef, 0xbf, 0xf7,
    0xbf, 0xf7, 0xbf, 0xef, 0xbf, 0xef, 0xbf, 0xf7, 0xbf, 0xef, 0xbf, 0xf7,
    0xdf, 0xf7, 0xff, 0xff, 0xff, 0xff, 0xff, 0xff, 0xff, 0xff, 0xff, 0xff,
    0xff, 0xff, 0xff, 0xff, 0xff, 0xff, 0xff, 0xff, 0xff, 0xff, 0xdf, 0xf7,
    0x7f, 0xe7, 0x7f, 0xe7, 0x7f, 0xdf, 0x9f, 0xdf, 0x7f, 0xe7, 0x7f, 0xe7,
    0x9f, 0xe7, 0x7f, 0xe7, 0x7f, 0xdf, 0x7f, 0xdf, 0x7f, 0xe7, 0x9f, 0xdf,
    0x7f, 0xe7, 0x7f, 0xe7, 0x7f, 0xdf, 0x7f, 0xdf, 0x7f, 0xe7, 0x7f, 0xdf,
    0x7f, 0xe7, 0x7f, 0xe7, 0x7f, 0xdf, 0x9f, 0xe7, 0x7f, 0xdf, 0x7f, 0xe7,
    0x9f, 0xe7, 0x9f, 0xdf, 0x7f, 0xe7, 0x7f, 0xe7, 0x9f, 0xdf, 0x7f, 0xdf,
    0x7f, 0xe7, 0x7f, 0xe7, 0x7f, 0xdf, 0x7f, 0xdf, 0x9f, 0xe7, 0x7f, 0xe7,
    0x7f, 0xe7, 0x9f, 0xe7, 0x7f, 0xe7, 0x7f, 0xe7, 0x7f, 0xdf, 0x7f, 0xdf,
    0x7f, 0xe7, 0x7f, 0xe7, 0x9f, 0xdf, 0x7f, 0xe7, 0x7f, 0xe7, 0x7f, 0xe7,
    0x7f, 0xdf, 0x7f, 0xdf, 0x7f, 0xe7, 0x9f, 0xdf, 0x7f, 0xe7, 0x7f, 0xe7,
    0x9f, 0xe7, 0x7f, 0xe7, 0x7f, 0xe7, 0x9f, 0xe7, 0x9f, 0xe7, 0x7f, 0xe7,
    0x9f, 0xdf, 0x7f, 0xe7, 0x7f, 0xe7, 0x9f, 0xe7, 0x9f, 0xe7, 0x7f, 0xe7,
    0x9f, 0xe7, 0x9f, 0xe7, 0x7f, 0xe7, 0x9f, 0xe7, 0x9f, 0xe7, 0x7f, 0xe7,
    0x9f, 0xe7, 0x7f, 0xe7, 0x9f, 0xe7, 0x7f, 0xe7, 0x9f, 0xe7, 0x9f, 0xe7,
    0x7f, 0xe7, 0x9f, 0xe7, 0x9f, 0xe7, 0x9f, 0xe7, 0x7f, 0xe7, 0x9f, 0xe7,
    0x9f, 0xe7, 0x7f, 0xe7, 0x9f, 0xe7, 0x9f, 0xe7, 0x9f, 0xe7, 0x9f, 0xe7,
    0x7f, 0xe7, 0x9f, 0xef, 0x9f, 0xe7, 0x7f, 0xe7, 0x7f, 0xe7, 0x7f, 0xe7,
    0x9f, 0xe7, 0x9f, 0xe7, 0x7f, 0xe7, 0x9f, 0xe7, 0x9f, 0xe7, 0x7f, 0xe7,
    0x9f, 0xe7, 0x9f, 0xe7, 0x9f, 0xe7, 0x9f, 0xef, 0x9f, 0xe7, 0x9f, 0xe7,
    0x7f, 0xe7, 0x9f, 0xe7, 0x7f, 0xef, 0x9f, 0xe7, 0x9f, 0xef, 0x9f, 0xe7,
    0x9f, 0xe7, 0x7f, 0xef, 0x9f, 0xe7, 0x9f, 0xe7, 0x9f, 0xe7, 0x9f, 0xe7,
    0x9f, 0xef, 0x9f, 0xe7, 0x9f, 0xe7, 0x9f, 0xef, 0x9f, 0xe7, 0x9f, 0xe7,
    0x9f, 0xe7, 0x9f, 0xef, 0x9f, 0xe7, 0x9f, 0xef, 0x9f, 0xe7, 0x9f, 0xe7,
    0x9f, 0xef, 0x9f, 0xef, 0x9f, 0xe7, 0x9f, 0xe7, 0x9f, 0xef, 0x9f, 0xe7,
    0x9f, 0xef, 0xbf, 0xef, 0x9f, 0xe7, 0xbf, 0xef, 0x9f, 0xef, 0x9f, 0xef,
    0xbf, 0xef, 0x9f, 0xef, 0xbf, 0xef, 0x9f, 0xef, 0x9f, 0xef, 0xbf, 0xef,
    0x9f, 0xef, 0x9f, 0xef, 0xbf, 0xef, 0xbf, 0xef, 0xbf, 0xef, 0xbf, 0xef,
    0xbf, 0xef, 0x9f, 0xef, 0xbf, 0xef, 0xbf, 0xef, 0xbf, 0xef, 0xbf, 0xef,
    0xbf, 0xef, 0xbf, 0xef, 0xbf, 0xf7, 0xbf, 0xef, 0xbf, 0xf7, 0xbf, 0xef,
    0xbf, 0xef, 0xbf, 0xf7, 0xbf, 0xf7, 0xbf, 0xf7, 0xbf, 0xef, 0xbf, 0xef,
    0xbf, 0xf7, 0xbf, 0xf7, 0xbf, 0xef, 0xbf, 0xef, 0xbf, 0xef, 0xbf, 0xf7,
    0xbf, 0xef, 0xbf, 0xef, 0xbf, 0xf7, 0xdf, 0xef, 0xbf, 0xf7, 0xbf, 0xf7,
    0xbf, 0xef, 0xbf, 0xf7, 0xbf, 0xef, 0xbf, 0xef, 0xbf, 0xf7, 0xbf, 0xef,
    0xbf, 0xef, 0xbf, 0xf7, 0xbf, 0xf7, 0xbf, 0xef, 0xbf, 0xf7, 0xdf, 0xf7,
    0xbf, 0xf7, 0xbf, 0xf7, 0xbf, 0xef, 0xdf, 0xf7, 0xbf, 0xf7, 0xbf, 0xf7,
    0xdf, 0xf7, 0xbf, 0xf7, 0xbf, 0xf7, 0xdf, 0xf7, 0xbf, 0xef, 0xdf, 0xf7,
    0xbf, 0xf7, 0xbf, 0xf7, 0xdf, 0xf7, 0xdf, 0xf7, 0xbf, 0xf7, 0xbf, 0xef,
    0xbf, 0xf7, 0xbf, 0xef, 0xbf, 0xef, 0xbf, 0xf7, 0xdf, 0xf7, 0xbf, 0xef,
    0xbf, 0xf7, 0xdf, 0xf7, 0xbf, 0xef, 0xbf, 0xf7, 0xdf, 0xf7, 0xdf, 0xf7,
    0xbf, 0xf7, 0xff, 0xff, 0xff, 0xff, 0xff, 0xff, 0xff, 0xff, 0xff, 0xff,
    0xff, 0xff, 0xff, 0xff, 0xff, 0xff, 0xff, 0xff, 0xff, 0xff, 0xbf, 0xf7,
    0x7f, 0xdf, 0x7f, 0xe7, 0x7f, 0xe7, 0x9f, 0xe7, 0x9f, 0xdf, 0x7f, 0xdf,
    0x7f, 0xe7, 0x7f, 0xdf, 0x7f, 0xe7, 0x7f, 0xe7, 0x7f, 0xdf, 0x7f, 0xe7,
    0x9f, 0xe7, 0x7f, 0xdf, 0x7f, 0xe7, 0x9f, 0xe7, 0x7f, 0xe7, 0x7f, 0xdf,
    0x9f, 0xe7, 0x7f, 0xe7, 0x7f, 0xdf, 0x7f, 0xe7, 0x7f, 0xe7, 0x7f, 0xdf,
    0x7f, 0xe7, 0x7f, 0xe7, 0x7f, 0xdf, 0x9f, 0xdf, 0x7f, 0xe7, 0x7f, 0xe7,
    0x9f, 0xe7, 0x7f, 0xdf, 0x7f, 0xe7, 0x7f, 0xe7, 0x7f, 0xdf, 0x7f, 0xdf,
    0x7f, 0xe7, 0x9f, 0xdf, 0x9f, 0xe7, 0x7f, 0xe7, 0x7f, 0xe7, 0x9f, 0xdf,
    0x7f, 0xe7, 0x7f, 0xe7, 0x7f, 0xdf, 0x9f, 0xdf, 0x7f, 0xe7, 0x9f, 0xe7,
    0x7f, 0xe7, 0x7f, 0xe7, 0x9f, 0xdf, 0x7f, 0xe7, 0x9f, 0xe7, 0x7f, 0xe7,
    0x7f, 0xdf, 0x7f, 0xe7, 0x7f, 0xe7, 0x9f, 0xe7, 0x7f, 0xe7, 0x9f, 0xe7,
    0x7f, 0xe7, 0x9f, 0xe7, 0x7f, 0xe7, 0x9f, 0xe7, 0x9f, 0xe7, 0x7f, 0xe7,
    0x9f, 0xe7, 0x7f, 0xe7, 0x7f, 0xe7, 0x9f, 0xe7, 0x7f, 0xe7, 0x9f, 0xe7,
    0x7f, 0xe7, 0x9f, 0xe7, 0x7f, 0xe7, 0x7f, 0xe7, 0x7f, 0xe7, 0x9f, 0xe7,
    0x7f, 0xe7, 0x7f, 0xe7, 0x9f, 0xe7, 0x7f, 0xe7, 0x7f, 0xe7, 0x9f, 0xe7,
    0x7f, 0xe7, 0x7f, 0xe7, 0x9f, 0xe7, 0x9f, 0xe7, 0x7f, 0xe7, 0x9f, 0xe7,
    0x9f, 0xe7, 0x9f, 0xe7, 0x9f, 0xe7, 0x7f, 0xe7, 0x9f, 0xef, 0x9f, 0xe7,
    0x7f, 0xe7, 0x9f, 0xe7, 0x9f, 0xe7, 0x9f, 0xef, 0x9f, 0xe7, 0x9f, 0xe7,
    0x9f, 0xe7, 0x9f, 0xef, 0x9f, 0xe7, 0x7f, 0xe7, 0x9f, 0xe7, 0x9f, 0xe7,
    0x9f, 0xef, 0x9f, 0xe7, 0x9f, 0xe7, 0x9f, 0xe7, 0x9f, 0xe7, 0x7f, 0xe7,
    0x9f, 0xef, 0x9f, 0xe7, 0x9f, 0xe7, 0x9f, 0xef, 0x9f, 0xef, 0x9f, 0xe7,
    0x9f, 0xe7, 0x9f, 0xef, 0x9f, 0xe7, 0x9f, 0xef, 0x9f, 0xef, 0x9f, 0xef,
    0x9f, 0xe7, 0x9f, 0xe7, 0x9f, 0xef, 0x9f, 0xef, 0x9f, 0xef, 0x9f, 0xe7,
    0x9f, 0xe7, 0xbf, 0xef, 0x9f, 0xef, 0x9f, 0xe7, 0x9f, 0xef, 0x9f, 0xe7,
    0xbf, 0xef, 0x9f, 0xef, 0x9f, 0xe7, 0x9f, 0xef, 0x9f, 0xef, 0x9f, 0xe7,
    0x9f, 0xef, 0xbf, 0xe7, 0xbf, 0xef, 0x9f, 0xef, 0xbf, 0xe7, 0xbf, 0xef,
    0x9f, 0xef, 0xbf, 0xef, 0xbf, 0xef, 0xbf, 0xef, 0x9f, 0xef, 0xbf, 0xef,
    0xbf, 0xef, 0xbf, 0xef, 0x9f, 0xf7, 0xbf, 0xf7, 0x9f, 0xef, 0xbf, 0xef,
    0xbf, 0xf7, 0xbf, 0xef, 0xbf, 0xef, 0xbf, 0xf7, 0xbf, 0xef, 0xbf, 0xef,
    0xbf, 0xf7, 0xbf, 0xef, 0xbf, 0xef, 0xbf, 0xf7, 0xdf, 0xf7, 0xbf, 0xef,
    0xbf, 0xf7, 0xdf, 0xf7, 0xbf, 0xef, 0xbf, 0xf7, 0xbf, 0xef, 0xbf, 0xef,
    0xbf, 0xf7, 0xbf, 0xef, 0xbf, 0xef, 0xbf, 0xef, 0xbf, 0xf7, 0xbf, 0xef,
    0xdf, 0xf7, 0xbf, 0xf7, 0xbf, 0xef, 0xbf, 0xef, 0xdf, 0xf7, 0xbf, 0xf7,
    0xbf, 0xf7, 0xdf, 0xef, 0xbf, 0xef, 0xbf, 0xf7, 0xdf, 0xf7, 0xbf, 0xef,
    0xbf, 0xf7, 0xdf, 0xef, 0xbf, 0xf7, 0xbf, 0xef, 0xdf, 0xf7, 0xdf, 0xf7,
    0xbf, 0xef, 0xdf, 0xf7, 0xbf, 0xf7, 0xbf, 0xef, 0xdf, 0xf7, 0xdf, 0xf7,
    0xdf, 0xf7, 0xbf, 0xef, 0xbf, 0xf7, 0xbf, 0xf7, 0xbf, 0xf7, 0xdf, 0xf7,
    0xbf, 0xef, 0xdf, 0xf7, 0xbf, 0xf7, 0xbf, 0xef, 0xbf, 0xf7, 0xbf, 0xf7,
    0xdf, 0xef, 0xbf, 0xf7, 0xbf, 0xf7, 0xbf, 0xef, 0xbf, 0xf7, 0xbf, 0xf7,
    0xbf, 0xef, 0xff, 0xff, 0xff, 0xff, 0xff, 0xff, 0xff, 0xff, 0xff, 0xff,
    0xff, 0xff, 0xff, 0xff, 0xff, 0xff, 0xff, 0xff, 0xff, 0xff, 0xdf, 0xf7,
    0x7f, 0xdf, 0x7f, 0xe7, 0x7f, 0xe7, 0x7f, 0xdf, 0x7f, 0xdf, 0x7f, 0xe7,
    0x7f, 0xe7, 0x9f, 0xdf, 0x7f, 0xdf, 0x9f, 0xe7, 0x7f, 0xe7, 0x7f, 0xe7,
    0x7f, 0xe7, 0x9f, 0xe7, 0x7f, 0xdf, 0x7f, 0xe7, 0x9f, 0xe7, 0x9f, 0xdf,
    0x9f, 0xe7, 0x7f, 0xe7, 0x7f, 0xdf, 0x9f, 0xe7, 0x7f, 0xdf, 0x7f, 0xe7,
    0x9f, 0xe7, 0x7f, 0xdf, 0x7f, 0xe7, 0x7f, 0xe7, 0x7f, 0xdf, 0x7f, 0xe7,
    0x9f, 0xe7, 0x7f, 0xdf, 0x9f, 0xe7, 0x9f, 0xe7, 0x7f, 0xe7, 0x7f, 0xe7,
    0x7f, 0xe7, 0x7f, 0xdf, 0x9f, 0xe7, 0x7f, 0xdf, 0x7f, 0xe7, 0x7f, 0xe7,
    0x9f, 0xdf, 0x7f, 0xe7, 0x7f, 0xe7, 0x7f, 0xe7, 0x7f, 0xdf, 0x9f, 0xe7,
    0x7f, 0xe7, 0x7f, 0xe7, 0x7f, 0xdf, 0x7f, 0xe7, 0x9f, 0xe7, 0x7f, 0xdf,
    0x7f, 0xe7, 0x7f, 0xe7, 0x7f, 0xdf, 0x7f, 0xdf, 0x7f, 0xe7, 0x7f, 0xe7,
    0x7f, 0xe7, 0x9f, 0xe7, 0x9f, 0xe7, 0x7f, 0xdf, 0x7f, 0xe7, 0x9f, 0xe7,
    0x9f, 0xdf, 0x9f, 0xe7, 0x9f, 0xe7, 0x7f, 0xe7, 0x9f, 0xe7, 0x9f, 0xe7,
    0x9f, 0xe7, 0x9f, 0xe7, 0x9f, 0xe7, 0x7f, 0xe7, 0x9f, 0xe7, 0x7f, 0xe7,
    0x9f, 0xe7, 0x7f, 0xe7, 0x9f, 0xe7, 0x7f, 0xe7, 0x9f, 0xe7, 0x9f, 0xe7,
    0x7f, 0xe7, 0x9f, 0xe7, 0x7f, 0xe7, 0x9f, 0xe7, 0x7f, 0xe7, 0x9f, 0xe7,
    0x9f, 0xef, 0x7f, 0xe7, 0x9f, 0xe7, 0x9f, 0xe7, 0x9f, 0xe7, 0x9f, 0xe7,
    0x9f, 0xe7, 0x7f, 0xe7, 0x9f, 0xe7, 0x9f, 0xef, 0x9f, 0xe7, 0x9f, 0xe7,
    0x9f, 0xef, 0x9f, 0xe7, 0x9f, 0xe7, 0x9f, 0xef, 0x9f, 0xe7, 0x9f, 0xe7,
    0x9f, 0xe7, 0x9f, 0xe7, 0x9f, 0xef, 0x9f, 0xe7, 0x9f, 0xe7, 0x9f, 0xef,
    0x9f, 0xe7, 0x9f, 0xe7, 0x9f, 0xe7, 0x9f, 0xef, 0x9f, 0xe7, 0x7f, 0xe7,
    0x9f, 0xe7, 0x9f, 0xef, 0x9f, 0xe7, 0x9f, 0xe7, 0x9f, 0xe7, 0x9f, 0xef,
    0x9f, 0xe7, 0x9f, 0xe7, 0x9f, 0xe7, 0x9f, 0xe7, 0x9f, 0xef, 0x9f, 0xef,
    0x9f, 0xe7, 0x9f, 0xe7, 0x9f, 0xef, 0xbf, 0xe7, 0x9f, 0xef, 0xbf, 0xef,
    0x9f, 0xe7, 0x9f, 0xef, 0x9f, 0xef, 0x9f, 0xef, 0xbf, 0xe7, 0x9f, 0xef,
    0xbf, 0xef, 0x9f, 0xef, 0x9f, 0xe7, 0xbf, 0xef, 0x9f, 0xef, 0xbf, 0xef,
    0x9f, 0xef, 0xbf, 0xef, 0xbf, 0xef, 0x9f, 0xef, 0xbf, 0xef, 0xbf, 0xef,
    0xbf, 0xef, 0xbf, 0xef, 0xbf, 0xef, 0xbf, 0xef, 0xbf, 0xef, 0x9f, 0xef,
    0xbf, 0xf7, 0xbf, 0xef, 0xbf, 0xf7, 0xbf, 0xef, 0xbf, 0xef, 0xbf, 0xf7,
    0xbf, 0xef, 0xbf, 0xef, 0xbf, 0xef, 0xbf, 0xef, 0xbf, 0xef, 0xdf, 0xef,
    0xbf, 0xef, 0xbf, 0xf7, 0xbf, 0xef, 0xbf, 0xef, 0xbf, 0xf7, 0xbf, 0xef,
    0xbf, 0xef, 0xbf, 0xf7, 0xbf, 0xef, 0xbf, 0xf7, 0xbf, 0xef, 0xbf, 0xef,
    0xbf, 0xf7, 0xbf, 0xef, 0xbf, 0xef, 0xbf, 0xf7, 0xbf, 0xef, 0xdf, 0xf7,
    0xbf, 0xf7, 0xbf, 0xef, 0xdf, 0xef, 0xbf, 0xf7, 0xbf, 0xf7, 0xbf, 0xef,
    0xbf, 0xef, 0xbf, 0xf7, 0xdf, 0xf7, 0xdf, 0xef, 0xbf, 0xf7, 0xbf, 0xf7,
    0xdf, 0xef, 0xdf, 0xef, 0xbf, 0xf7, 0xbf, 0xef, 0xbf, 0xf7, 0xbf, 0xf7,
    0xdf, 0xef, 0xbf, 0xf7, 0xdf, 0xf7, 0xbf, 0xef, 0xbf, 0xf7, 0xbf, 0xf7,
    0xdf, 0xf7, 0xdf, 0xf7, 0xbf, 0xf7, 0xbf, 0xef, 0xdf, 0xf7, 0xdf, 0xf7,
    0xdf, 0xef, 0xdf, 0xf7, 0xdf, 0xf7, 0xbf, 0xf7, 0xbf, 0xef, 0xbf, 0xef,
    0xdf, 0xf7, 0xff, 0xff, 0xff, 0xff, 0xff, 0xff, 0xff, 0xff, 0xff, 0xff,
    0xff, 0xff, 0xff, 0xff, 0xff, 0xff, 0xff, 0xff, 0xff, 0xff, 0xbf, 0xf7,
    0x7f, 0xdf, 0x9f, 0xe7, 0x7f, 0xe7, 0x7f, 0xe7, 0x7f, 0xdf, 0x7f, 0xe7,
    0x9f, 0xe7, 0x7f, 0xe7, 0x7f, 0xdf, 0x7f, 0xdf, 0x7f, 0xe7, 0x7f, 0xdf,
    0x7f, 0xe7, 0x9f, 0xdf, 0x7f, 0xe7, 0x7f, 0xdf, 0x7f, 0xe7, 0x7f, 0xe7,
    0x7f, 0xdf, 0x7f, 0xe7, 0x7f, 0xe7, 0x7f, 0xe7, 0x7f, 0xdf, 0x9f, 0xe7,
    0x7f, 0xe7, 0x9f, 0xdf, 0x7f, 0xe7, 0x7f, 0xe7, 0x9f, 0xdf, 0x7f, 0xe7,
    0x7f, 0xe7, 0x7f, 0xdf, 0x7f, 0xe7, 0x9f, 0xe7, 0x9f, 0xe7, 0x9f, 0xe7,
    0x7f, 0xe7, 0x7f, 0xdf, 0x7f, 0xe7, 0x7f, 0xe7, 0x9f, 0xe7, 0x7f, 0xdf,
    0x7f, 0xe7, 0x7f, 0xdf, 0x9f, 0xe7, 0x7f, 0xe7, 0x7f, 0xdf, 0x7f, 0xe7,
    0x9f, 0xe7, 0x7f, 0xe7, 0x7f, 0xdf, 0x7f, 0xe7, 0x9f, 0xe7, 0x7f, 0xe7,
    0x9f, 0xe7, 0x9f, 0xe7, 0x9f, 0xe7, 0x9f, 0xe7, 0x9f, 0xe7, 0x7f, 0xdf,
    0x7f, 0xe7, 0x9f, 0xe7, 0x9f, 0xe7, 0x7f, 0xe7, 0x7f, 0xe7, 0x9f, 0xe7,
    0x9f, 0xe7, 0x7f, 0xe7, 0x9f, 0xe7, 0x9f, 0xe7, 0x9f, 0xe7, 0x7f, 0xe7,
    0x9f, 0xe7, 0x7f, 0xe7, 0x7f, 0xe7, 0x9f, 0xe7, 0x9f, 0xe7, 0x7f, 0xe7,
    0x9f, 0xe7, 0x9f, 0xe7, 0x7f, 0xe7, 0x9f, 0xe7, 0x9f, 0xe7, 0x7f, 0xe7,
    0x9f, 0xe7, 0x9f, 0xe7, 0x7f, 0xe7, 0x7f, 0xe7, 0x9f, 0xe7, 0x7f, 0xe7,
    0x9f, 0xe7, 0x9f, 0xe7, 0x9f, 0xe7, 0x9f, 0xe7, 0x9f, 0xe7, 0x9f, 0xe7,
    0x9f, 0xe7, 0x9f, 0xe7, 0x9f, 0xe7, 0x7f, 0xe7, 0x9f, 0xe7, 0x9f, 0xef,
    0x9f, 0xef, 0x9f, 0xe7, 0x9f, 0xe7, 0x9f, 0xe7, 0x9f, 0xe7, 0x9f, 0xef,
    0x9f, 0xe7, 0x9f, 0xe7, 0x9f, 0xef, 0x9f, 0xe7, 0x9f, 0xe7, 0x9f, 0xe7,
    0x7f, 0xe7, 0x7f, 0xe7, 0x9f, 0xef, 0x9f, 0xe7, 0x9f, 0xe7, 0x9f, 0xe7,
    0x7f, 0xe7, 0x9f, 0xe7, 0x9f, 0xef, 0x9f, 0xe7, 0x9f, 0xe7, 0x9f, 0xe7,
    0x9f, 0xef, 0x9f, 0xef, 0x9f, 0xe7, 0x9f, 0xe7, 0x9f, 0xef, 0x9f, 0xe7,
    0xbf, 0xef, 0x9f, 0xef, 0x9f, 0xe7, 0x9f, 0xe7, 0x9f, 0xef, 0xbf, 0xef,
    0x9f, 0xef, 0x9f, 0xe7, 0xbf, 0xef, 0x9f, 0xef, 0x9f, 0xe7, 0x9f, 0xef,
    0xbf, 0xef, 0x9f, 0xef, 0xbf, 0xef, 0x9f, 0xef, 0xbf, 0xef, 0x9f, 0xef,
    0xbf, 0xef, 0xbf, 0xef, 0xbf, 0xef, 0x9f, 0xef, 0xbf, 0xef, 0xbf, 0xef,
    0x9f, 0xef, 0xbf, 0xef, 0xbf, 0xf7, 0xbf, 0xef, 0xbf, 0xef, 0xbf, 0xef,
    0xbf, 0xef, 0xbf, 0xf7, 0xbf, 0xef, 0xbf, 0xf7, 0xbf, 0xef, 0xbf, 0xf7,
    0xbf, 0xef, 0xbf, 0xf7, 0xbf, 0xf7, 0xbf, 0xef, 0xbf, 0xf7, 0xbf, 0xef,
    0xdf, 0xef, 0xbf, 0xf7, 0xbf, 0xef, 0xbf, 0xef, 0xdf, 0xf7, 0xbf, 0xf7,
    0xbf, 0xef, 0xbf, 0xef, 0xbf, 0xf7, 0xbf, 0xef, 0xbf, 0xef, 0xbf, 0xf7,
    0xbf, 0xf7, 0xbf, 0xef, 0xbf, 0xf7, 0xbf, 0xf7, 0xbf, 0xef, 0xbf, 0xf7,
    0xbf, 0xf7, 0xbf, 0xf7, 0xbf, 0xef, 0xbf, 0xf7, 0xbf, 0xf7, 0xdf, 0xef,
    0xdf, 0xf7, 0xbf, 0xf7, 0xbf, 0xf7, 0xdf, 0xf7, 0xbf, 0xf7, 0xbf, 0xf7,
    0xdf, 0xef, 0xbf, 0xf7, 0xbf, 0xf7, 0xbf, 0xf7, 0xbf, 0xef, 0xbf, 0xf7,
    0xbf, 0xef, 0xbf, 0xf7, 0xdf, 0xf7, 0xdf, 0xef, 0xdf, 0xef, 0xbf, 0xf7,
    0xdf, 0xf7, 0xdf, 0xef, 0xbf, 0xf7, 0xbf, 0xef, 0xbf, 0xf7, 0xdf, 0xf7,
    0xbf, 0xf7, 0xbf, 0xf7, 0xdf, 0xf7, 0xbf, 0xf7, 0xdf, 0xf7, 0xbf, 0xf7,
    0xbf, 0xf7, 0xff, 0xff, 0xff, 0xff, 0xff, 0xff, 0xff, 0xff, 0xff, 0xff,
    0xff, 0xff, 0xff, 0xff, 0xff, 0xff, 0xff, 0xff, 0xff, 0xff, 0xdf, 0xf7,
    0x7f, 0xe7, 0x7f, 0xdf, 0x7f, 0xe7, 0x9f, 0xdf, 0x7f, 0xdf, 0x7f, 0xe7,
    0x7f, 0xe7, 0x7f, 0xe7, 0x7f, 0xe7, 0x7f, 0xdf, 0x9f, 0xdf, 0x7f, 0xe7,
    0x7f, 0xdf, 0x7f, 0xe7, 0x9f, 0xe7, 0x7f, 0xdf, 0x7f, 0xe7, 0x7f, 0xe7,
    0x7f, 0xdf, 0x9f, 0xdf, 0x7f, 0xe7, 0x7f, 0xdf, 0x9f, 0xe7, 0x9f, 0xdf,
    0x7f, 0xe7, 0x9f, 0xe7, 0x7f, 0xe7, 0x7f, 0xdf, 0x9f, 0xe7, 0x7f, 0xe7,
    0x7f, 0xdf, 0x7f, 0xe7, 0x7f, 0xe7, 0x7f, 0xdf, 0x7f, 0xdf, 0x7f, 0xe7,
    0x9f, 0xe7, 0x9f, 0xe7, 0x9f, 0xe7, 0x9f, 0xe7, 0x9f, 0xdf, 0x7f, 0xe7,
    0x7f, 0xe7, 0x7f, 0xdf, 0x9f, 0xe7, 0x7f, 0xdf, 0x7f, 0xe7, 0x9f, 0xe7,
    0x9f, 0xdf, 0x7f, 0xe7, 0x9f, 0xe7, 0x7f, 0xe7, 0x9f, 0xe7, 0x7f, 0xe7,
    0x9f, 0xdf, 0x7f, 0xe7, 0x7f, 0xe7, 0x9f, 0xe7, 0x9f, 0xe7, 0x7f, 0xe7,
    0x9f, 0xe7, 0x7f, 0xe7, 0x7f, 0xe7, 0x9f, 0xe7, 0x9f, 0xe7, 0x9f, 0xe7,
    0x9f, 0xe7, 0x7f, 0xe7, 0x7f, 0xe7, 0x9f, 0xe7, 0x9f, 0xe7, 0x9f, 0xe7,
    0x7f, 0xe7, 0x9f, 0xe7, 0x7f, 0xe7, 0x9f, 0xe7, 0x7f, 0xe7, 0x9f, 0xdf,
    0x7f, 0xe7, 0x9f, 0xe7, 0x7f, 0xe7, 0x9f, 0xe7, 0x9f, 0xe7, 0x9f, 0xe7,
    0x9f, 0xe7, 0x9f, 0xe7, 0x9f, 0xe7, 0x9f, 0xe7, 0x9f, 0xe7, 0x7f, 0xe7,
    0x9f, 0xe7, 0x9f, 0xe7, 0x7f, 0xe7, 0x9f, 0xef, 0x9f, 0xe7, 0x9f, 0xe7,
    0x9f, 0xef, 0x9f, 0xef, 0x9f, 0xe7, 0x9f, 0xe7, 0x9f, 0xe7, 0x9f, 0xe7,
    0x9f, 0xe7, 0x9f, 0xe7, 0x9f, 0xef, 0x9f, 0xe7, 0x9f, 0xe7, 0x9f, 0xef,
    0x9f, 0xe7, 0x9f, 0xe7, 0x9f, 0xe7, 0x9f, 0xef, 0x7f, 0xe7, 0x9f, 0xe7,
    0x9f, 0xef, 0x9f, 0xe7, 0x9f, 0xef, 0x9f, 0xe7, 0x9f, 0xe7, 0x7f, 0xef,
    0x7f, 0xe7, 0x7f, 0xef, 0x9f, 0xe7, 0x9f, 0xef, 0x9f, 0xef, 0x9f, 0xe7,
    0x9f, 0xe7, 0x9f, 0xef, 0x9f, 0xef, 0x9f, 0xe7, 0x9f, 0xef, 0x9f, 0xe7,
    0x9f, 0xef, 0x9f, 0xef, 0xbf, 0xe7, 0x9f, 0xef, 0x9f, 0xe7, 0xbf, 0xef,
    0x9f, 0xef, 0xbf, 0xef, 0xbf, 0xef, 0xbf, 0xef, 0x9f, 0xef, 0xbf, 0xef,
    0xbf, 0xef, 0x9f, 0xef, 0x9f, 0xef, 0xbf, 0xef, 0xbf, 0xef, 0xbf, 0xef,
    0x9f, 0xef, 0xbf, 0xef, 0xbf, 0xef, 0xbf, 0xef, 0xbf, 0xef, 0x9f, 0xef,
    0xbf, 0xef, 0xbf, 0xef, 0xbf, 0xf7, 0x9f, 0xef, 0xbf, 0xef, 0xbf, 0xf7,
    0xbf, 0xef, 0xbf, 0xef, 0xbf, 0xef, 0xbf, 0xef, 0xbf, 0xf7, 0xbf, 0xef,
    0xbf, 0xef, 0xbf, 0xf7, 0xbf, 0xef, 0xbf, 0xef, 0xbf, 0xf7, 0xbf, 0xf7,
    0xbf, 0xef, 0xdf, 0xef, 0xbf, 0xf7, 0xbf, 0xf7, 0xbf, 0xef, 0xbf, 0xf7,
    0xbf, 0xf7, 0xbf, 0xef, 0xbf, 0xf7, 0xbf, 0xf7, 0xdf, 0xef, 0xbf, 0xf7,
    0xbf, 0xef, 0xdf, 0xef, 0xbf, 0xf7, 0xbf, 0xef, 0xdf, 0xef, 0xbf, 0xf7,
    0xdf, 0xef, 0xdf, 0xf7, 0xbf, 0xf7, 0xbf, 0xef, 0xdf, 0xf7, 0xbf, 0xf7,
    0xbf, 0xef, 0xdf, 0xf7, 0xdf, 0xf7, 0xbf, 0xef, 0xdf, 0xf7, 0xbf, 0xf7,
    0xbf, 0xef, 0xdf, 0xf7, 0xbf, 0xf7, 0xdf, 0xf7, 0xdf, 0xef, 0xdf, 0xf7,
    0xbf, 0xf7, 0xdf, 0xef, 0xbf, 0xf7, 0xbf, 0xf7, 0xbf, 0xf7, 0xdf, 0xf7,
    0xbf, 0xef, 0xbf, 0xf7, 0xdf, 0xf7, 0xbf, 0xf7, 0xdf, 0xf7, 0xbf, 0xef,
    0xbf, 0xf7, 0xdf, 0xef, 0xbf, 0xef, 0xbf, 0xf7, 0xbf, 0xef, 0xdf, 0xf7,
    0xbf, 0xf7, 0xff, 0xff, 0xff, 0xff, 0xff, 0xff, 0xff, 0xff, 0xff, 0xff,
    0xff, 0xff, 0xff, 0xff, 0xff, 0xff, 0xff, 0xff, 0xff, 0xff, 0xbf, 0xf7,
    0x7f, 0xdf, 0x7f, 0xe7, 0x7f, 0xe7, 0x7f, 0xe7, 0x7f, 0xe7, 0x7f, 0xdf,
    0x9f, 0xdf, 0x7f, 0xe7, 0x7f, 0xe7, 0x9f, 0xe7, 0x7f, 0xe7, 0x9f, 0xdf,
    0x7f, 0xe7, 0x7f, 0xe7, 0x7f, 0xe7, 0x9f, 0xdf, 0x7f, 0xe7, 0x7f, 0xe7,
    0x9f, 0xe7, 0x7f, 0xe7, 0x9f, 0xdf, 0x9f, 0xe7, 0x7f, 0xe7, 0x7f, 0xe7,
    0x9f, 0xe7, 0x9f, 0xe7, 0x9f, 0xdf, 0x7f, 0xe7, 0x9f, 0xe7, 0x7f, 0xdf,
    0x7f, 0xe7, 0x9f, 0xe7, 0x9f, 0xe7, 0x9f, 0xe7, 0x7f, 0xe7, 0x9f, 0xdf,
    0x7f, 0xe7, 0x7f, 0xe7, 0x9f, 0xdf, 0x7f, 0xe7, 0x7f, 0xdf, 0x7f, 0xe7,
    0x9f, 0xe7, 0x9f, 0xe7, 0x9f, 0xe7, 0x9f, 0xe7, 0x7f, 0xe7, 0x9f, 0xe7,
    0x7f, 0xe7, 0x9f, 0xdf, 0x9f, 0xe7, 0x9f, 0xe7, 0x7f, 0xe7, 0x9f, 0xdf,
    0x7f, 0xe7, 0x9f, 0xe7, 0x7f, 0xe7, 0x7f, 0xe7, 0x9f, 0xe7, 0x7f, 0xe7,
    0x9f, 0xe7, 0x9f, 0xdf, 0x7f, 0xe7, 0x9f, 0xe7, 0x9f, 0xe7, 0x7f, 0xe7,
    0x7f, 0xe7, 0x9f, 0xe7, 0x9f, 0xe7, 0x9f, 0xe7, 0x9f, 0xe7, 0x9f, 0xe7,
    0x7f, 0xe7, 0x9f, 0xe7, 0x9f, 0xe7, 0x7f, 0xe7, 0x9f, 0xe7, 0x7f, 0xe7,
    0x9f, 0xe7, 0x7f, 0xe7, 0x9f, 0xe7, 0x7f, 0xe7, 0x7f, 0xe7, 0x9f, 0xe7,
    0x9f, 0xe7, 0x9f, 0xe7, 0x9f, 0xe7, 0x9f, 0xe7, 0x9f, 0xe7, 0x9f, 0xe7,
    0x9f, 0xef, 0x7f, 0xe7, 0x9f, 0xe7, 0x9f, 0xef, 0x9f, 0xe7, 0x9f, 0xe7,
    0x9f, 0xe7, 0x9f, 0xe7, 0x7f, 0xef, 0x9f, 0xe7, 0x9f, 0xef, 0x9f, 0xe7,
    0x7f, 0xe7, 0x9f, 0xe7, 0x9f, 0xe7, 0x9f, 0xe7, 0x9f, 0xe7, 0x7f, 0xe7,
    0x9f, 0xef, 0x9f, 0xe7, 0x7f, 0xe7, 0x9f, 0xef, 0x9f, 0xe7, 0x9f, 0xef,
    0x9f, 0xe7, 0x9f, 0xe7, 0x9f, 0xef, 0x9f, 0xe7, 0x9f, 0xe7, 0x9f, 0xe7,
    0x9f, 0xe7, 0x9f, 0xef, 0x9f, 0xe7, 0x9f, 0xe7, 0x9f, 0xef, 0x9f, 0xe7,
    0x9f, 0xe7, 0x9f, 0xe7, 0x9f, 0xe7, 0x9f, 0xef, 0x9f, 0xe7, 0x9f, 0xe7,
    0x9f, 0xef, 0x9f, 0xef, 0x9f, 0xe7, 0x9f, 0xe7, 0xbf, 0xef, 0xbf, 0xef,
    0x9f, 0xe7, 0x9f, 0xef, 0xbf, 0xef, 0x9f, 0xef, 0xbf, 0xef, 0x9f, 0xef,
    0xbf, 0xef, 0x9f, 0xef, 0xbf, 0xef, 0xbf, 0xef, 0xbf, 0xef, 0xbf, 0xef,
    0xbf, 0xef, 0x9f, 0xef, 0xbf, 0xef, 0xbf, 0xef, 0xbf, 0xef, 0xbf, 0xf7,
    0xbf, 0xef, 0xbf, 0xef, 0xbf, 0xef, 0xbf, 0xef, 0x9f, 0xef, 0xbf, 0xef,
    0xbf, 0xef, 0xbf, 0xef, 0xbf, 0xef, 0xbf, 0xef, 0xbf, 0xef, 0xbf, 0xf7,
    0xbf, 0xef, 0xbf, 0xef, 0xbf, 0xef, 0xdf, 0xef, 0xbf, 0xf7, 0xbf, 0xef,
    0xbf, 0xef, 0xbf, 0xf7, 0xbf, 0xef, 0xbf, 0xef, 0xbf, 0xf7, 0xdf, 0xef,
    0xbf, 0xef, 0xbf, 0xf7, 0xbf, 0xef, 0xbf, 0xf7, 0xbf, 0xef, 0xbf, 0xf7,
    0xbf, 0xf7, 0xbf, 0xef, 0xbf, 0xf7, 0xbf, 0xf7, 0xbf, 0xef, 0xbf, 0xef,
    0xbf, 0xef, 0xbf, 0xf7, 0xdf, 0xf7, 0xbf, 0xf7, 0xbf, 0xef, 0xdf, 0xf7,
    0xbf, 0xf7, 0xdf, 0xf7, 0xbf, 0xef, 0xdf, 0xf7, 0xdf, 0xf7, 0xbf, 0xf7,
    0xbf, 0xf7, 0xbf, 0xef, 0xbf, 0xf7, 0xbf, 0xf7, 0xdf, 0xef, 0xbf, 0xf7,
    0xbf, 0xf7, 0xbf, 0xef, 0xdf, 0xf7, 0xbf, 0xf7, 0xdf, 0xef, 0xdf, 0xf7,
    0xbf, 0xf7, 0xdf, 0xf7, 0xdf, 0xf7, 0xbf, 0xf7, 0xdf, 0xef, 0xdf, 0xf7,
    0xbf, 0xf7, 0xdf, 0xf7, 0xdf, 0xf7, 0xbf, 0xf7, 0xbf, 0xef, 0xdf, 0xf7,
    0xbf, 0xf7, 0xff, 0xff, 0xff, 0xff, 0xff, 0xff, 0xff, 0xff, 0xff, 0xff,
    0xff, 0xff, 0xff, 0xff, 0xff, 0xff, 0xff, 0xff, 0xff, 0xff, 0xdf, 0xf7,
    0x7f, 0xdf, 0x7f, 0xe7, 0x7f, 0xe7, 0x7f, 0xdf, 0x7f, 0xe7, 0x7f, 0xdf,
    0x9f, 0xe7, 0x7f, 0xdf, 0x7f, 0xdf, 0x7f, 0xe7, 0x7f, 0xe7, 0x7f, 0xdf,
    0x9f, 0xe7, 0x9f, 0xdf, 0x7f, 0xe7, 0x7f, 0xe7, 0x7f, 0xdf, 0x9f, 0xdf,
    0x7f, 0xe7, 0x7f, 0xe7, 0x9f, 0xe7, 0x9f, 0xe7, 0x7f, 0xe7, 0x7f, 0xdf,
    0x9f, 0xe7, 0x7f, 0xe7, 0x7f, 0xe7, 0x9f, 0xe7, 0x9f, 0xe7, 0x7f, 0xdf,
    0x7f, 0xe7, 0x9f, 0xe7, 0x7f, 0xdf, 0x7f, 0xe7, 0x9f, 0xe7, 0x9f, 0xe7,
    0x7f, 0xe7, 0x7f, 0xe7, 0x9f, 0xe7, 0x9f, 0xdf, 0x7f, 0xe7, 0x7f, 0xdf,
    0x7f, 0xdf, 0x7f, 0xe7, 0x7f, 0xe7, 0x9f, 0xdf, 0x7f, 0xe7, 0x7f, 0xe7,
    0x9f, 0xe7, 0x7f, 0xe7, 0x7f, 0xdf, 0x7f, 0xe7, 0x9f, 0xe7, 0x7f, 0xe7,
    0x9f, 0xe7, 0x9f, 0xe7, 0x7f, 0xdf, 0x9f, 0xe7, 0x7f, 0xe7, 0x9f, 0xe7,
    0x7f, 0xe7, 0x9f, 0xe7, 0x9f, 0xe7, 0x9f, 0xe7, 0x9f, 0xe7, 0x9f, 0xe7,
    0x7f, 0xe7, 0x9f, 0xe7, 0x9f, 0xe7, 0x9f, 0xe7, 0x7f, 0xe7, 0x9f, 0xe7,
    0x7f, 0xe7, 0x7f, 0xe7, 0x9f, 0xe7, 0x7f, 0xe7, 0x9f, 0xe7, 0x7f, 0xe7,
    0x9f, 0xe7, 0x9f, 0xe7, 0x7f, 0xe7, 0x9f, 0xe7, 0x9f, 0xe7, 0x9f, 0xe7,
    0x7f, 0xe7, 0x7f, 0xe7, 0x9f, 0xe7, 0x7f, 0xe7, 0x9f, 0xe7, 0x9f, 0xe7,
    0x7f, 0xe7, 0x9f, 0xe7, 0x9f, 0xe7, 0x7f, 0xe7, 0x9f, 0xef, 0x9f, 0xe7,
    0x9f, 0xe7, 0x9f, 0xe7, 0x9f, 0xe7, 0x9f, 0xe7, 0x9f, 0xe7, 0x9f, 0xef,
    0x9f, 0xe7, 0x9f, 0xe7, 0x7f, 0xef, 0x9f, 0xe7, 0x9f, 0xe7, 0x9f, 0xef,
    0x9f, 0xe7, 0x9f, 0xef, 0x7f, 0xe7, 0x9f, 0xe7, 0x9f, 0xe7, 0x9f, 0xef,
    0x9f, 0xe7, 0x9f, 0xe7, 0x9f, 0xef, 0x9f, 0xe7, 0x9f, 0xef, 0x9f, 0xef,
    0x9f, 0xe7, 0x9f, 0xe7, 0x9f, 0xef, 0x9f, 0xe7, 0x9f, 0xe7, 0x9f, 0xef,
    0x9f, 0xef, 0x9f, 0xef, 0x9f, 0xe7, 0x9f, 0xef, 0x9f, 0xef, 0xbf, 0xe7,
    0x9f, 0xe7, 0xbf, 0xef, 0xbf, 0xef, 0x9f, 0xef, 0xbf, 0xef, 0x9f, 0xef,
    0xbf, 0xef, 0x9f, 0xe7, 0x9f, 0xe7, 0xbf, 0xef, 0x9f, 0xef, 0xbf, 0xe7,
    0x9f, 0xef, 0xbf, 0xef, 0xbf, 0xef, 0xbf, 0xef, 0x9f, 0xef, 0xbf, 0xef,
    0xbf, 0xef, 0x9f, 0xef, 0xbf, 0xef, 0xbf, 0xef, 0xbf, 0xef, 0xbf, 0xf7,
    0xbf, 0xef, 0xbf, 0xef, 0xbf, 0xf7, 0xbf, 0xef, 0xbf, 0xef, 0xbf, 0xf7,
    0xbf, 0xef, 0xbf, 0xf7, 0xbf, 0xf7, 0xbf, 0xef, 0xbf, 0xef, 0xbf, 0xf7,
    0xbf, 0xef, 0xbf, 0xf7, 0xbf, 0xf7, 0xbf, 0xef, 0xdf, 0xef, 0xbf, 0xf7,
    0xbf, 0xf7, 0xdf, 0xef, 0xbf, 0xf7, 0xbf, 0xef, 0xbf, 0xf7, 0xbf, 0xf7,
    0xdf, 0xef, 0xbf, 0xf7, 0xdf, 0xf7, 0xbf, 0xef, 0xbf, 0xef, 0xdf, 0xf7,
    0xbf, 0xf7, 0xbf, 0xef, 0xdf, 0xf7, 0xbf, 0xf7, 0xbf, 0xef, 0xbf, 0xf7,
    0xbf, 0xf7, 0xbf, 0xef, 0xdf, 0xf7, 0xbf, 0xf7, 0xdf, 0xef, 0xdf, 0xef,
    0xbf, 0xf7, 0xbf, 0xf7, 0xdf, 0xf7, 0xbf, 0xf7, 0xbf, 0xef, 0xbf, 0xf7,
    0xdf, 0xf7, 0xbf, 0xf7, 0xbf, 0xf7, 0xdf, 0xf7, 0xdf, 0xef, 0xbf, 0xf7,
    0xdf, 0xf7, 0xbf, 0xf7, 0xdf, 0xf7, 0xdf, 0xef, 0xbf, 0xef, 0xbf, 0xf7,
    0xdf, 0xf7, 0xbf, 0xef, 0xbf, 0xf7, 0xbf, 0xf7, 0xdf, 0xef, 0xbf, 0xf7,
    0xbf, 0xf7, 0xbf, 0xef, 0xbf, 0xf7, 0xbf, 0xf7, 0xbf, 0xf7, 0xdf, 0xef,
    0xdf, 0xf7, 0xff, 0xff, 0xff, 0xff, 0xff, 0xff, 0xff, 0xff, 0xff, 0xff,
    0xff, 0xff, 0xff, 0xff, 0xff, 0xff, 0xff, 0xff, 0xff, 0xff, 0xdf, 0xf7,
    0x7f, 0xe7, 0x7f, 0xe7, 0x9f, 0xdf, 0x7f, 0xdf, 0x7f, 0xe7, 0x9f, 0xe7,
    0x9f, 0xe7, 0x9f, 0xe7, 0x9f, 0xe7, 0x7f, 0xe7, 0x7f, 0xdf, 0x7f, 0xe7,
    0x7f, 0xe7, 0x9f, 0xe7, 0x7f, 0xe7, 0x7f, 0xdf, 0x7f, 0xe7, 0x7f, 0xe7,
    0x7f, 0xe7, 0x7f, 0xdf, 0x7f, 0xe7, 0x9f, 0xe7, 0x7f, 0xdf, 0x9f, 0xe7,
    0x9f, 0xe7, 0x7f, 0xdf, 0x7f, 0xe7, 0x9f, 0xe7, 0x7f, 0xdf, 0x7f, 0xe7,
    0x7f, 0xdf, 0x9f, 0xe7, 0x7f, 0xe7, 0x7f, 0xdf, 0x9f, 0xe7, 0x7f, 0xe7,
    0x9f, 0xdf, 0x9f, 0xe7, 0x7f, 0xe7, 0x9f, 0xe7, 0x9f, 0xe7, 0x7f, 0xe7,
    0x7f, 0xe7, 0x7f, 0xe7, 0x7f, 0xdf, 0x9f, 0xe7, 0x9f, 0xe7, 0x7f, 0xdf,
    0x9f, 0xe7, 0x9f, 0xe7, 0x7f, 0xe7, 0x7f, 0xe7, 0x9f, 0xe7, 0x7f, 0xdf,
    0x7f, 0xe7, 0x9f, 0xe7, 0x7f, 0xe7, 0x9f, 0xe7, 0x9f, 0xe7, 0x7f, 0xe7,
    0x9f, 0xe7, 0x9f, 0xe7, 0x9f, 0xe7, 0x7f, 0xe7, 0x9f, 0xe7, 0x9f, 0xe7,
    0x9f, 0xe7, 0x9f, 0xe7, 0x9f, 0xe7, 0x9f, 0xe7, 0x9f, 0xe7, 0x9f, 0xe7,
    0x7f, 0xe7, 0x9f, 0xe7, 0x9f, 0xe7, 0x7f, 0xe7, 0x7f, 0xe7, 0x9f, 0xe7,
    0x7f, 0xe7, 0x7f, 0xe7, 0x9f, 0xe7, 0x9f, 0xe7, 0x9f, 0xe7, 0x9f, 0xe7,
    0x9f, 0xef, 0x9f, 0xe7, 0x9f, 0xef, 0x9f, 0xe7, 0x9f, 0xe7, 0x7f, 0xe7,
    0x9f, 0xe7, 0x9f, 0xe7, 0x9f, 0xe7, 0x9f, 0xe7, 0x9f, 0xe7, 0x7f, 0xef,
    0x9f, 0xe7, 0x9f, 0xef, 0x9f, 0xe7, 0x7f, 0xe7, 0x9f, 0xe7, 0x9f, 0xe7,
    0x9f, 0xe7, 0x9f, 0xef, 0x9f, 0xe7, 0x7f, 0xe7, 0x9f, 0xef, 0x9f, 0xe7,
    0x7f, 0xe7, 0x9f, 0xe7, 0x9f, 0xe7, 0x9f, 0xe7, 0x9f, 0xe7, 0x9f, 0xef,
    0x9f, 0xe7, 0x9f, 0xef, 0x9f, 0xe7, 0x9f, 0xe7, 0x9f, 0xe7, 0x9f, 0xef,
    0x9f, 0xe7, 0x9f, 0xef, 0x9f, 0xe7, 0x9f, 0xef, 0x9f, 0xef, 0x9f, 0xe7,
    0x9f, 0xef, 0x9f, 0xe7, 0x9f, 0xef, 0x9f, 0xe7, 0x9f, 0xef, 0x9f, 0xef,
    0x9f, 0xe7, 0x9f, 0xef, 0x9f, 0xef, 0xbf, 0xef, 0x9f, 0xe7, 0xbf, 0xef,
    0xbf, 0xef, 0x9f, 0xef, 0xbf, 0xef, 0xbf, 0xef, 0x9f, 0xef, 0xbf, 0xef,
    0x9f, 0xef, 0xbf, 0xef, 0xbf, 0xef, 0xbf, 0xef, 0x9f, 0xef, 0xbf, 0xef,
    0xbf, 0xef, 0xbf, 0xef, 0xbf, 0xef, 0x9f, 0xef, 0xbf, 0xef, 0xbf, 0xef,
    0xbf, 0xef, 0xbf, 0xf7, 0xbf, 0xef, 0xbf, 0xef, 0xbf, 0xef, 0xbf, 0xef,
    0xbf, 0xef, 0xbf, 0xef, 0xbf, 0xef, 0xbf, 0xf7, 0xbf, 0xef, 0xbf, 0xef,
    0xbf, 0xef, 0xbf, 0xef, 0xbf, 0xf7, 0xbf, 0xf7, 0xbf, 0xef, 0xbf, 0xef,
    0xbf, 0xf7, 0xbf, 0xef, 0xbf, 0xf7, 0xbf, 0xf7, 0xbf, 0xef, 0xbf, 0xef,
    0xbf, 0xf7, 0xbf, 0xef, 0xbf, 0xf7, 0xdf, 0xf7, 0xbf, 0xef, 0xdf, 0xf7,
    0xbf, 0xf7, 0xbf, 0xef, 0xbf, 0xf7, 0xbf, 0xef, 0xbf, 0xef, 0xbf, 0xf7,
    0xbf, 0xf7, 0xbf, 0xef, 0xdf, 0xf7, 0xbf, 0xf7, 0xbf, 0xf7, 0xbf, 0xef,
    0xdf, 0xf7, 0xdf, 0xf7, 0xbf, 0xef, 0xdf, 0xf7, 0xbf, 0xf7, 0xdf, 0xef,
    0xdf, 0xf7, 0xdf, 0xf7, 0xdf, 0xef, 0xbf, 0xf7, 0xbf, 0xf7, 0xdf, 0xef,
    0xbf, 0xf7, 0xdf, 0xf7, 0xbf, 0xf7, 0xbf, 0xf7, 0xdf, 0xf7, 0xbf, 0xef,
    0xdf, 0xf7, 0xdf, 0xf7, 0xbf, 0xef, 0xdf, 0xf7, 0xdf, 0xf7, 0xbf, 0xef,
    0xdf, 0xf7, 0xdf, 0xef, 0xbf, 0xef, 0xdf, 0xf7, 0xbf, 0xf7, 0xdf, 0xf7,
    0xbf, 0xef, 0xff, 0xff, 0xff, 0xff, 0xff, 0xff, 0xff, 0xff, 0xff, 0xff,
    0xff, 0xff, 0xff, 0xff, 0xff, 0xff, 0xff, 0xff, 0xff, 0xff, 0xbf, 0xf7,
    0x7f, 0xe7, 0x7f, 0xdf, 0x7f, 0xe7, 0x9f, 0xe7, 0x7f, 0xe7, 0x7f, 0xe7,
    0x7f, 0xe7, 0x7f, 0xdf, 0x9f, 0xe7, 0x9f, 0xe7, 0x9f, 0xdf, 0x7f, 0xe7,
    0x7f, 0xdf, 0x9f, 0xe7, 0x7f, 0xe7, 0x9f, 0xdf, 0x9f, 0xe7, 0x7f, 0xe7,
    0x9f, 0xdf, 0x7f, 0xdf, 0x7f, 0xe7, 0x9f, 0xe7, 0x7f, 0xe7, 0x7f, 0xe7,
    0x9f, 0xe7, 0x9f, 0xe7, 0x7f, 0xe7, 0x9f, 0xdf, 0x9f, 0xe7, 0x7f, 0xe7,
    0x7f, 0xdf, 0x7f, 0xe7, 0x9f, 0xe7, 0x9f, 0xe7, 0x9f, 0xe7, 0x7f, 0xdf,
    0x7f, 0xe7, 0x9f, 0xe7, 0x7f, 0xe7, 0x7f, 0xdf, 0x9f, 0xe7, 0x9f, 0xe7,
    0x9f, 0xe7, 0x9f, 0xe7, 0x7f, 0xe7, 0x7f, 0xe7, 0x9f, 0xe7, 0x7f, 0xe7,
    0x7f, 0xe7, 0x7f, 0xdf, 0x7f, 0xe7, 0x7f, 0xe7, 0x9f, 0xdf, 0x9f, 0xe7,
    0x7f, 0xe7, 0x9f, 0xe7, 0x7f, 0xe7, 0x7f, 0xe7, 0x9f, 0xe7, 0x9f, 0xe7,
    0x9f, 0xe7, 0x9f, 0xe7, 0x7f, 0xe7, 0x9f, 0xe7, 0x9f, 0xe7, 0x7f, 0xe7,
    0x9f, 0xe7, 0x9f, 0xe7, 0x9f, 0xe7, 0x7f, 0xe7, 0x9f, 0xe7, 0x7f, 0xe7,
    0x7f, 0xe7, 0x9f, 0xe7, 0x9f, 0xe7, 0x7f, 0xe7, 0x9f, 0xe7, 0x9f, 0xe7,
    0x9f, 0xe7, 0x7f, 0xe7, 0x9f, 0xe7, 0x9f, 0xe7, 0x7f, 0xe7, 0x9f, 0xef,
    0x9f, 0xe7, 0x9f, 0xe7, 0x9f, 0xe7, 0x9f, 0xe7, 0x7f, 0xe7, 0x9f, 0xef,
    0x9f, 0xe7, 0x9f, 0xe7, 0x7f, 0xef, 0x9f, 0xe7, 0x9f, 0xe7, 0x9f, 0xe7,
    0x9f, 0xe7, 0x9f, 0xe7, 0x9f, 0xef, 0x9f, 0xe7, 0x9f, 0xef, 0x9f, 0xe7,
    0x7f, 0xe7, 0x9f, 0xe7, 0x9f, 0xe7, 0x9f, 0xe7, 0x9f, 0xe7, 0x7f, 0xe7,
    0x9f, 0xe7, 0x9f, 0xef, 0x9f, 0xe7, 0x7f, 0xe7, 0x9f, 0xef, 0x9f, 0xe7,
    0x9f, 0xe7, 0x9f, 0xef, 0x9f, 0xe7, 0x9f, 0xe7, 0x9f, 0xef, 0x9f, 0xe7,
    0x9f, 0xef, 0x9f, 0xef, 0x9f, 0xe7, 0x9f, 0xe7, 0x9f, 0xe7, 0x9f, 0xef,
    0x9f, 0xe7, 0x9f, 0xe7, 0x9f, 0xef, 0xbf, 0xe7, 0xbf, 0xef, 0x9f, 0xef,
    0x9f, 0xe7, 0x9f, 0xef, 0x9f, 0xef, 0x9f, 0xe7, 0x9f, 0xef, 0x9f, 0xef,
    0x9f, 0xef, 0xbf, 0xef, 0x9f, 0xef, 0x9f, 0xef, 0xbf, 0xef, 0x9f, 0xef,
    0xbf, 0xef, 0x9f, 0xef, 0xbf, 0xef, 0xbf, 0xef, 0x9f, 0xef, 0xbf, 0xef,
    0xbf, 0xef, 0xbf, 0xef, 0xbf, 0xef, 0xbf, 0xf7, 0xbf, 0xef, 0xbf, 0xef,
    0xbf, 0xf7, 0xbf, 0xef, 0xbf, 0xef, 0xbf, 0xf7, 0x9f, 0xef, 0xbf, 0xf7,
    0xbf, 0xef, 0xbf, 0xf7, 0xbf, 0xef, 0xbf, 0xef, 0xbf, 0xf7, 0xbf, 0xf7,
    0xbf, 0xef, 0xbf, 0xef, 0xbf, 0xef, 0xbf, 0xf7, 0xbf, 0xf7, 0xbf, 0xef,
    0xbf, 0xef, 0xdf, 0xf7, 0xbf, 0xef, 0xbf, 0xef, 0xdf, 0xf7, 0xbf, 0xef,
    0xbf, 0xf7, 0xdf, 0xef, 0xbf, 0xef, 0xdf, 0xf7, 0xbf, 0xf7, 0xbf, 0xf7,
    0xdf, 0xf7, 0xbf, 0xef, 0xbf, 0xf7, 0xdf, 0xf7, 0xbf, 0xf7, 0xdf, 0xf7,
    0xbf, 0xef, 0xbf, 0xf7, 0xbf, 0xef, 0xbf, 0xf7, 0xbf, 0xf7, 0xbf, 0xf7,
    0xdf, 0xf7, 0xbf, 0xef, 0xdf, 0xef, 0xbf, 0xf7, 0xbf, 0xf7, 0xdf, 0xef,
    0xbf, 0xf7, 0xbf, 0xf7, 0xdf, 0xef, 0xbf, 0xf7, 0xdf, 0xf7, 0xbf, 0xf7,
    0xbf, 0xef, 0xdf, 0xf7, 0xbf, 0xef, 0xdf, 0xf7, 0xdf, 0xf7, 0xbf, 0xf7,
    0xbf, 0xf7, 0xdf, 0xf7, 0xbf, 0xef, 0xbf, 0xf7, 0xbf, 0xf7, 0xdf, 0xef,
    0xbf, 0xf7, 0xbf, 0xf7, 0xbf, 0xf7, 0xdf, 0xf7, 0xbf, 0xf7, 0xbf, 0xf7,
    0xbf, 0xef, 0xff, 0xff, 0xff, 0xff, 0xff, 0xff, 0xff, 0xff, 0xff, 0xff,
    0xff, 0xff, 0xff, 0xff, 0xff, 0xff, 0xff, 0xff, 0xff, 0xff, 0xdf, 0xf7,
    0x7f, 0xdf, 0x7f, 0xe7, 0x7f, 0xe7, 0x7f, 0xe7, 0x7f, 0xdf, 0x9f, 0xe7,
    0x7f, 0xdf, 0x7f, 0xdf, 0x7f, 0xe7, 0x7f, 0xe7, 0x9f, 0xdf, 0x7f, 0xe7,
    0x7f, 0xe7, 0x7f, 0xdf, 0x7f, 0xe7, 0x9f, 0xdf, 0x9f, 0xe7, 0x7f, 0xe7,
    0x7f, 0xdf, 0x7f, 0xe7, 0x9f, 0xe7, 0x9f, 0xdf, 0x7f, 0xe7, 0x7f, 0xdf,
    0x9f, 0xe7, 0x7f, 0xe7, 0x7f, 0xe7, 0x7f, 0xe7, 0x9f, 0xe7, 0x7f, 0xe7,
    0x7f, 0xe7, 0x7f, 0xe7, 0x9f, 0xdf, 0x7f, 0xe7, 0x9f, 0xe7, 0x7f, 0xe7,
    0x9f, 0xdf, 0x7f, 0xe7, 0x9f, 0xe7, 0x7f, 0xe7, 0x7f, 0xe7, 0x9f, 0xe7,
    0x7f, 0xdf, 0x7f, 0xe7, 0x9f, 0xe7, 0x7f, 0xdf, 0x9f, 0xe7, 0x7f, 0xe7,
    0x7f, 0xe7, 0x7f, 0xe7, 0x9f, 0xdf, 0x7f, 0xe7, 0x9f, 0xe7, 0x7f, 0xe7,
    0x9f, 0xe7, 0x9f, 0xe7, 0x9f, 0xe7, 0x9f, 0xe7, 0x9f, 0xe7, 0x9f, 0xe7,
    0x9f, 0xe7, 0x7f, 0xe7, 0x9f, 0xe7, 0x9f, 0xe7, 0x9f, 0xe7, 0x7f, 0xe7,
    0x7f, 0xe7, 0x9f, 0xe7, 0x9f, 0xe7, 0x9f, 0xe7, 0x9f, 0xe7, 0x7f, 0xe7,
    0x9f, 0xe7, 0x7f, 0xe7, 0x7f, 0xe7, 0x7f, 0xe7, 0x9f, 0xe7, 0x7f, 0xe7,
    0x9f, 0xe7, 0x9f, 0xe7, 0x7f, 0xe7, 0x9f, 0xe7, 0x9f, 0xe7, 0x9f, 0xe7,
    0x9f, 0xe7, 0x7f, 0xe7, 0x9f, 0xef, 0x9f, 0xe7, 0x9f, 0xe7, 0x9f, 0xef,
    0x9f, 0xe7, 0x7f, 0xe7, 0x9f, 0xe7, 0x9f, 0xef, 0x9f, 0xef, 0x9f, 0xe7,
    0x9f, 0xe7, 0x9f, 0xe7, 0x9f, 0xe7, 0x9f, 0xef, 0x9f, 0xe7, 0x9f, 0xe7,
    0x7f, 0xef, 0x9f, 0xe7, 0x7f, 0xef, 0x9f, 0xe7, 0x9f, 0xe7, 0x9f, 0xef,
    0x9f, 0xe7, 0x9f, 0xe7, 0x7f, 0xe7, 0x9f, 0xef, 0x9f, 0xe7, 0x9f, 0xe7,
    0x9f, 0xe7, 0x9f, 0xef, 0x9f, 0xe7, 0x9f, 0xe7, 0x7f, 0xef, 0x9f, 0xe7,
    0x9f, 0xe7, 0x9f, 0xe7, 0x9f, 0xef, 0x9f, 0xef, 0x9f, 0xe7, 0x9f, 0xef,
    0x9f, 0xe7, 0x9f, 0xef, 0x9f, 0xef, 0x9f, 0xe7, 0x9f, 0xef, 0xbf, 0xef,
    0xbf, 0xef, 0x9f, 0xe7, 0xbf, 0xef, 0xbf, 0xef, 0xbf, 0xe7, 0x9f, 0xef,
    0x9f, 0xe7, 0x9f, 0xef, 0x9f, 0xe7, 0xbf, 0xef, 0xbf, 0xef, 0x9f, 0xef,
    0xbf, 0xef, 0xbf, 0xef, 0xbf, 0xef, 0xbf, 0xef, 0xbf, 0xef, 0x9f, 0xef,
    0xbf, 0xef, 0x9f, 0xef, 0xbf, 0xef, 0xbf, 0xef, 0xbf, 0xf7, 0xbf, 0xef,
    0xbf, 0xef, 0xbf, 0xef, 0xbf, 0xef, 0xbf, 0xef, 0xbf, 0xf7, 0xbf, 0xef,
    0xbf, 0xef, 0xbf, 0xf7, 0xbf, 0xef, 0xbf, 0xef, 0xbf, 0xf7, 0xbf, 0xf7,
    0xbf, 0xf7, 0xbf, 0xf7, 0xbf, 0xef, 0xbf, 0xef, 0xbf, 0xf7, 0xdf, 0xf7,
    0xbf, 0xef, 0xbf, 0xf7, 0xbf, 0xef, 0xbf, 0xf7, 0xbf, 0xf7, 0xdf, 0xef,
    0xbf, 0xf7, 0xbf, 0xf7, 0xbf, 0xf7, 0xbf, 0xef, 0xbf, 0xf7, 0xbf, 0xef,
    0xbf, 0xf7, 0xdf, 0xf7, 0xbf, 0xef, 0xbf, 0xf7, 0xbf, 0xf7, 0xdf, 0xef,
    0xbf, 0xf7, 0xdf, 0xf7, 0xbf, 0xef, 0xdf, 0xf7, 0xdf, 0xf7, 0xdf, 0xef,
    0xbf, 0xf7, 0xbf, 0xf7, 0xdf, 0xf7, 0xbf, 0xf7, 0xdf, 0xf7, 0xbf, 0xef,
    0xbf, 0xf7, 0xdf, 0xf7, 0xbf, 0xf7, 0xdf, 0xf7, 0xdf, 0xf7, 0xbf, 0xf7,
    0xbf, 0xf7, 0xdf, 0xf7, 0xbf, 0xf7, 0xdf, 0xef, 0xbf, 0xf7, 0xbf, 0xef,
    0xdf, 0xf7, 0xbf, 0xf7, 0xbf, 0xf7, 0xbf, 0xf7, 0xbf, 0xf7, 0xbf, 0xef,
    0xbf, 0xef, 0xbf, 0xf7, 0xbf, 0xef, 0xdf, 0xf7, 0xbf, 0xef, 0xdf, 0xf7,
    0xdf, 0xf7, 0xff, 0xff, 0xff, 0xff, 0xff, 0xff, 0xff, 0xff, 0xff, 0xff,
    0xff, 0xff, 0xff, 0xff, 0xff, 0xff, 0xff, 0xff, 0xff, 0xff, 0xdf, 0xf7,
    0x7f, 0xdf, 0x9f, 0xe7, 0x7f, 0xe7, 0x7f, 0xe7, 0x9f, 0xdf, 0x7f, 0xe7,
    0x7f, 0xe7, 0x7f, 0xe7, 0x7f, 0xdf, 0x7f, 0xe7, 0x7f, 0xe7, 0x7f, 0xdf,
    0x9f, 0xe7, 0x7f, 0xe7, 0x7f, 0xdf, 0x9f, 0xe7, 0x7f, 0xe7, 0x7f, 0xe7,
    0x7f, 0xe7, 0x7f, 0xe7, 0x7f, 0xe7, 0x9f, 0xe7, 0x7f, 0xe7, 0x7f, 0xe7,
    0x7f, 0xdf, 0x9f, 0xe7, 0x9f, 0xe7, 0x7f, 0xdf, 0x9f, 0xe7, 0x7f, 0xe7,
    0x7f, 0xe7, 0x7f, 0xdf, 0x7f, 0xdf, 0x7f, 0xe7, 0x7f, 0xe7, 0x9f, 0xe7,
    0x7f, 0xe7, 0x9f, 0xdf, 0x7f, 0xe7, 0x9f, 0xe7, 0x7f, 0xdf, 0x7f, 0xe7,
    0x9f, 0xe7, 0x7f, 0xe7, 0x9f, 0xe7, 0x9f, 0xe7, 0x7f, 0xe7, 0x9f, 0xe7,
    0x7f, 0xdf, 0x7f, 0xe7, 0x7f, 0xe7, 0x7f, 0xe7, 0x7f, 0xe7, 0x7f, 0xe7,
    0x9f, 0xe7, 0x9f, 0xe7, 0x9f, 0xe7, 0x9f, 0xe7, 0x7f, 0xe7, 0x9f, 0xe7,
    0x9f, 0xe7, 0x9f, 0xe7, 0x9f, 0xe7, 0x9f, 0xe7, 0x9f, 0xe7, 0x9f, 0xe7,
    0x9f, 0xe7, 0x9f, 0xe7, 0x7f, 0xe7, 0x9f, 0xe7, 0x9f, 0xe7, 0x9f, 0xe7,
    0x7f, 0xe7, 0x9f, 0xe7, 0x9f, 0xe7, 0x7f, 0xe7, 0x9f, 0xe7, 0x7f, 0xe7,
    0x7f, 0xe7, 0x9f, 0xe7, 0x9f, 0xe7, 0x9f, 0xef, 0x9f, 0xe7, 0x9f, 0xe7,
    0x9f, 0xe7, 0x9f, 0xef, 0x7f, 0xe7, 0x9f, 0xe7, 0x7f, 0xe7, 0x9f, 0xe7,
    0x9f, 0xe7, 0x9f, 0xe7, 0x9f, 0xe7, 0x9f, 0xe7, 0x9f, 0xef, 0x9f, 0xe7,
    0x9f, 0xe7, 0x9f, 0xef, 0x9f, 0xe7, 0x7f, 0xe7, 0x9f, 0xef, 0x9f, 0xe7,
    0x7f, 0xe7, 0x9f, 0xe7, 0x9f, 0xe7, 0x9f, 0xef, 0x9f, 0xe7, 0x7f, 0xe7,
    0x9f, 0xef, 0x7f, 0xe7, 0x7f, 0xe7, 0x9f, 0xe7, 0x9f, 0xef, 0x9f, 0xe7,
    0x9f, 0xe7, 0x9f, 0xe7, 0x9f, 0xe7, 0x9f, 0xef, 0x9f, 0xe7, 0x9f, 0xe7,
    0x9f, 0xef, 0x9f, 0xe7, 0x9f, 0xef, 0x9f, 0xe7, 0x9f, 0xe7, 0x9f, 0xef,
    0xbf, 0xef, 0x9f, 0xef, 0xbf, 0xe7, 0x9f, 0xe7, 0x9f, 0xef, 0x9f, 0xe7,
    0xbf, 0xef, 0x9f, 0xef, 0xbf, 0xe7, 0x9f, 0xef, 0x9f, 0xef, 0x9f, 0xef,
    0xbf, 0xef, 0xbf, 0xef, 0x9f, 0xef, 0xbf, 0xef, 0x9f, 0xef, 0xbf, 0xef,
    0xbf, 0xef, 0xbf, 0xef, 0x9f, 0xef, 0xbf, 0xef, 0xbf, 0xef, 0xbf, 0xef,
    0xbf, 0xef, 0xbf, 0xef, 0xbf, 0xef, 0xbf, 0xef, 0xbf, 0xef, 0xbf, 0xf7,
    0xbf, 0xef, 0xbf, 0xef, 0xbf, 0xf7, 0xbf, 0xef, 0xbf, 0xef, 0xbf, 0xef,
    0xbf, 0xf7, 0xbf, 0xef, 0xbf, 0xf7, 0xbf, 0xef, 0xbf, 0xef, 0xbf, 0xef,
    0xbf, 0xef, 0xbf, 0xf7, 0xbf, 0xf7, 0xbf, 0xef, 0xbf, 0xef, 0xbf, 0xf7,
    0xbf, 0xef, 0xbf, 0xf7, 0xbf, 0xef, 0xbf, 0xf7, 0xbf, 0xf7, 0xbf, 0xef,
    0xbf, 0xef, 0xbf, 0xf7, 0xbf, 0xf7, 0xbf, 0xef, 0xdf, 0xf7, 0xbf, 0xf7,
    0xbf, 0xef, 0xbf, 0xf7, 0xdf, 0xef, 0xdf, 0xf7, 0xbf, 0xf7, 0xdf, 0xef,
    0xdf, 0xf7, 0xbf, 0xf7, 0xbf, 0xef, 0xbf, 0xf7, 0xdf, 0xf7, 0xbf, 0xef,
    0xbf, 0xf7, 0xdf, 0xf7, 0xbf, 0xef, 0xdf, 0xf7, 0xdf, 0xf7, 0xbf, 0xef,
    0xdf, 0xf7, 0xdf, 0xf7, 0xbf, 0xf7, 0xbf, 0xf7, 0xdf, 0xef, 0xbf, 0xef,
    0xbf, 0xf7, 0xdf, 0xf7, 0xdf, 0xf7, 0xbf, 0xf7, 0xdf, 0xf7, 0xdf, 0xf7,
    0xdf, 0xf7, 0xdf, 0xf7, 0xbf, 0xef, 0xbf, 0xef, 0xdf, 0xf7, 0xbf, 0xf7,
    0xdf, 0xef, 0xdf, 0xf7, 0xdf, 0xf7, 0xbf, 0xef, 0xdf, 0xf7, 0xbf, 0xf7,
    0xdf, 0xf7, 0xff, 0xff, 0xff, 0xff, 0xff, 0xff, 0xff, 0xff, 0xff, 0xff,
    0xff, 0xff, 0xff, 0xff, 0xff, 0xff, 0xff, 0xff, 0xff, 0xff, 0xdf, 0xf7,
    0x7f, 0xe7, 0x7f, 0xe7, 0x9f, 0xe7, 0x7f, 0xdf, 0x7f, 0xe7, 0x7f, 0xdf,
    0x7f, 0xdf, 0x9f, 0xe7, 0x7f, 0xe7, 0x7f, 0xdf, 0x7f, 0xe7, 0x7f, 0xdf,
    0x9f, 0xe7, 0x7f, 0xe7, 0x7f, 0xdf, 0x9f, 0xe7, 0x7f, 0xe7, 0x7f, 0xdf,
    0x9f, 0xdf, 0x7f, 0xe7, 0x7f, 0xdf, 0x7f, 0xdf, 0x7f, 0xe7, 0x9f, 0xe7,
    0x7f, 0xe7, 0x7f, 0xe7, 0x9f, 0xe7, 0x7f, 0xe7, 0x7f, 0xdf, 0x7f, 0xe7,
    0x9f, 0xe7, 0x7f, 0xe7, 0x7f, 0xe7, 0x9f, 0xdf, 0x7f, 0xdf, 0x7f, 0xe7,
    0x9f, 0xe7, 0x7f, 0xe7, 0x9f, 0xdf, 0x9f, 0xe7, 0x7f, 0xe7, 0x9f, 0xe7,
    0x7f, 0xe7, 0x9f, 0xdf, 0x7f, 0xe7, 0x9f, 0xe7, 0x9f, 0xe7, 0x9f, 0xe7,
    0x9f, 0xe7, 0x7f, 0xe7, 0x7f, 0xe7, 0x9f, 0xe7, 0x9f, 0xe7, 0x7f, 0xe7,
    0x9f, 0xe7, 0x9f, 0xe7, 0x7f, 0xe7, 0x9f, 0xe7, 0x9f, 0xe7, 0x7f, 0xe7,
    0x9f, 0xe7, 0x9f, 0xe7, 0x9f, 0xe7, 0x9f, 0xe7, 0x9f, 0xe7, 0x9f, 0xef,
    0x9f, 0xef, 0x9f, 0xe7, 0x9f, 0xef, 0x9f, 0xe7, 0x9f, 0xe7, 0x9f, 0xe7,
    0x7f, 0xe7, 0x7f, 0xe7, 0x9f, 0xe7, 0x7f, 0xe7, 0x9f, 0xe7, 0x9f, 0xe7,
    0x7f, 0xe7, 0x9f, 0xe7, 0x9f, 0xe7, 0x9f, 0xe7, 0x9f, 0xef, 0x9f, 0xe7,
    0x9f, 0xe7, 0x9f, 0xe7, 0x9f, 0xe7, 0x9f, 0xe7, 0x9f, 0xe7, 0x7f, 0xe7,
    0x9f, 0xe7, 0x9f, 0xe7, 0x7f, 0xef, 0x9f, 0xe7, 0x9f, 0xe7, 0x9f, 0xef,
    0x9f, 0xe7, 0x9f, 0xef, 0x9f, 0xe7, 0x9f, 0xe7, 0x9f, 0xe7, 0x9f, 0xe7,
    0x9f, 0xef, 0x9f, 0xe7, 0x9f, 0xe7, 0x9f, 0xef, 0x9f, 0xe7, 0x9f, 0xe7,
    0x9f, 0xe7, 0x9f, 0xef, 0x9f, 0xe7, 0x9f, 0xe7, 0x9f, 0xe7, 0x9f, 0xef,
    0x9f, 0xef, 0x9f, 0xe7, 0x9f, 0xef, 0x9f, 0xe7, 0x9f, 0xef, 0x9f, 0xef,
    0x9f, 0xe7, 0x9f, 0xe7, 0x9f, 0xef, 0xbf, 0xef, 0x9f, 0xe7, 0x9f, 0xe7,
    0x9f, 0xe7, 0x9f, 0xe7, 0x9f, 0xef, 0xbf, 0xef, 0x9f, 0xe7, 0x9f, 0xef,
    0xbf, 0xef, 0x9f, 0xef, 0x9f, 0xef, 0xbf, 0xe7, 0xbf, 0xef, 0xbf, 0xef,
    0x9f, 0xef, 0xbf, 0xef, 0x9f, 0xef, 0x9f, 0xef, 0xbf, 0xef, 0xbf, 0xef,
    0xbf, 0xef, 0x9f, 0xef, 0xbf, 0xef, 0xbf, 0xef, 0x9f, 0xef, 0xbf, 0xef,
    0xbf, 0xef, 0x9f, 0xf7, 0xbf, 0xf7, 0xbf, 0xef, 0xbf, 0xef, 0xbf, 0xef,
    0xbf, 0xf7, 0xbf, 0xef, 0xbf, 0xef, 0xbf, 0xf7, 0xbf, 0xef, 0xbf, 0xf7,
    0xbf, 0xef, 0xbf, 0xef, 0xbf, 0xf7, 0xbf, 0xf7, 0xbf, 0xef, 0xdf, 0xf7,
    0xbf, 0xef, 0xbf, 0xef, 0xdf, 0xf7, 0xbf, 0xf7, 0xbf, 0xef, 0xdf, 0xef,
    0xbf, 0xf7, 0xbf, 0xef, 0xbf, 0xf7, 0xdf, 0xef, 0xbf, 0xef, 0xbf, 0xf7,
    0xdf, 0xf7, 0xbf, 0xef, 0xdf, 0xf7, 0xbf, 0xf7, 0xbf, 0xef, 0xdf, 0xf7,
    0xbf, 0xf7, 0xbf, 0xef, 0xdf, 0xf7, 0xbf, 0xf7, 0xbf, 0xef, 0xbf, 0xf7,
    0xbf, 0xf7, 0xbf, 0xef, 0xbf, 0xf7, 0xbf, 0xef, 0xdf, 0xf7, 0xbf, 0xf7,
    0xdf, 0xf7, 0xdf, 0xf7, 0xbf, 0xef, 0xbf, 0xef, 0xdf, 0xf7, 0xbf, 0xf7,
    0xdf, 0xf7, 0xbf, 0xef, 0xdf, 0xef, 0xbf, 0xf7, 0xdf, 0xf7, 0xdf, 0xf7,
    0xbf, 0xf7, 0xbf, 0xef, 0xdf, 0xef, 0xbf, 0xf7, 0xbf, 0xf7, 0xdf, 0xf7,
    0xdf, 0xf7, 0xbf, 0xf7, 0xdf, 0xf7, 0xbf, 0xf7, 0xdf, 0xf7, 0xbf, 0xf7,
    0xbf, 0xf7, 0xdf, 0xef, 0xbf, 0xf7, 0xbf, 0xf7, 0xdf, 0xf7, 0xbf, 0xef,
    0xbf, 0xf7, 0xff, 0xff, 0xff, 0xff, 0xff, 0xff, 0xff, 0xff, 0xff, 0xff,
    0xff, 0xff, 0xff, 0xff, 0xff, 0xff, 0xff, 0xff, 0xff, 0xff, 0xdf, 0xf7,
    0x7f, 0xdf, 0x7f, 0xe7, 0x7f, 0xe7, 0x7f, 0xe7, 0x9f, 0xe7, 0x7f, 0xe7,
    0x7f, 0xdf, 0x7f, 0xe7, 0x7f, 0xdf, 0x7f, 0xdf, 0x9f, 0xe7, 0x7f, 0xe7,
    0x7f, 0xdf, 0x7f, 0xe7, 0x7f, 0xdf, 0x7f, 0xe7, 0x7f, 0xe7, 0x7f, 0xdf,
    0x9f, 0xe7, 0x7f, 0xe7, 0x7f, 0xdf, 0x7f, 0xe7, 0x9f, 0xe7, 0x7f, 0xdf,
    0x9f, 0xe7, 0x9f, 0xe7, 0x7f, 0xe7, 0x9f, 0xe7, 0x7f, 0xe7, 0x9f, 0xdf,
    0x9f, 0xe7, 0x9f, 0xe7, 0x9f, 0xe7, 0x7f, 0xdf, 0x7f, 0xe7, 0x9f, 0xe7,
    0x7f, 0xdf, 0x7f, 0xe7, 0x7f, 0xe7, 0x9f, 0xdf, 0x7f, 0xe7, 0x9f, 0xe7,
    0x7f, 0xe7, 0x7f, 0xe7, 0x9f, 0xe7, 0x7f, 0xe7, 0x9f, 0xe7, 0x7f, 0xe7,
    0x9f, 0xe7, 0x9f, 0xe7, 0x9f, 0xe7, 0x9f, 0xdf, 0x9f, 0xe7, 0x9f, 0xe7,
    0x9f, 0xe7, 0x9f, 0xe7, 0x7f, 0xe7, 0x9f, 0xe7, 0x9f, 0xe7, 0x9f, 0xe7,
    0x9f, 0xe7, 0x7f, 0xdf, 0x7f, 0xe7, 0x9f, 0xef, 0x7f, 0xe7, 0x5f, 0xd7,
    0x5f, 0xd7, 0x7f, 0xe7, 0x7f, 0xe7, 0x9f, 0xef, 0x7f, 0xe7, 0x7f, 0xe7,
    0x7f, 0xe7, 0x9f, 0xe7, 0x7f, 0xe7, 0x7f, 0xe7, 0x9f, 0xe7, 0x9f, 0xe7,
    0x7f, 0xe7, 0x9f, 0xe7, 0x9f, 0xe7, 0x7f, 0xe7, 0x9f, 0xe7, 0x7f, 0xe7,
    0x9f, 0xe7, 0x9f, 0xe7, 0x7f, 0xe7, 0x9f, 0xef, 0x9f, 0xe7, 0x9f, 0xe7,
    0x9f, 0xe7, 0x7f, 0xe7, 0x9f, 0xe7, 0x9f, 0xe7, 0x9f, 0xe7, 0x9f, 0xe7,
    0x9f, 0xef, 0x9f, 0xe7, 0x9f, 0xe7, 0x9f, 0xe7, 0x7f, 0xef, 0x9f, 0xe7,
    0x9f, 0xe7, 0x7f, 0xe7, 0x9f, 0xe7, 0x9f, 0xef, 0x7f, 0xe7, 0x9f, 0xe7,
    0x9f, 0xe7, 0x9f, 0xef, 0x9f, 0xe7, 0x9f, 0xe7, 0x9f, 0xe7, 0x9f, 0xef,
    0x9f, 0xef, 0x9f, 0xe7, 0x9f, 0xef, 0x9f, 0xe7, 0x9f, 0xef, 0xbf, 0xef,
    0x9f, 0xe7, 0x9f, 0xe7, 0x9f, 0xe7, 0xbf, 0xef, 0x9f, 0xef, 0xbf, 0xef,
    0x9f, 0xe7, 0x9f, 0xef, 0x9f, 0xef, 0x9f, 0xef, 0x9f, 0xe7, 0x9f, 0xef,
    0xbf, 0xef, 0x9f, 0xe7, 0x9f, 0xef, 0xbf, 0xef, 0x9f, 0xef, 0x9f, 0xef,
    0xbf, 0xef, 0x9f, 0xef, 0xbf, 0xe7, 0xbf, 0xef, 0xbf, 0xef, 0x9f, 0xef,
    0x9f, 0xef, 0xbf, 0xef, 0xbf, 0xef, 0xbf, 0xef, 0xbf, 0xef, 0xbf, 0xef,
    0xbf, 0xef, 0xbf, 0xef, 0xbf, 0xef, 0xbf, 0xef, 0xbf, 0xf7, 0xbf, 0xef,
    0xbf, 0xef, 0xbf, 0xef, 0xbf, 0xef, 0xbf, 0xef, 0xbf, 0xef, 0xbf, 0xef,
    0xbf, 0xf7, 0xbf, 0xef, 0xbf, 0xef, 0xbf, 0xf7, 0xbf, 0xf7, 0xbf, 0xef,
    0xbf, 0xf7, 0xdf, 0xef, 0xbf, 0xef, 0xbf, 0xf7, 0xdf, 0xf7, 0xbf, 0xef,
    0xbf, 0xf7, 0xbf, 0xf7, 0xbf, 0xef, 0xdf, 0xf7, 0xbf, 0xf7, 0xbf, 0xf7,
    0xbf, 0xef, 0xdf, 0xf7, 0xbf, 0xf7, 0xdf, 0xf7, 0xdf, 0xef, 0xdf, 0xf7,
    0xdf, 0xf7, 0xdf, 0xef, 0xbf, 0xf7, 0xbf, 0xf7, 0xbf, 0xef, 0xbf, 0xf7,
    0xbf, 0xf7, 0xdf, 0xef, 0xbf, 0xf7, 0xbf, 0xf7, 0xdf, 0xf7, 0xbf, 0xf7,
    0xbf, 0xef, 0xdf, 0xf7, 0xbf, 0xf7, 0xbf, 0xf7, 0xdf, 0xf7, 0xbf, 0xf7,
    0xbf, 0xf7, 0xdf, 0xf7, 0xbf, 0xf7, 0xdf, 0xf7, 0xbf, 0xf7, 0xdf, 0xf7,
    0xbf, 0xf7, 0xbf, 0xf7, 0xdf, 0xf7, 0xdf, 0xef, 0xbf, 0xf7, 0xdf, 0xf7,
    0xdf, 0xf7, 0xbf, 0xf7, 0xbf, 0xf7, 0xdf, 0xf7, 0xbf, 0xef, 0xbf, 0xf7,
    0xdf, 0xf7, 0xbf, 0xf7, 0xbf, 0xf7, 0xdf, 0xf7, 0xdf, 0xf7, 0xdf, 0xf7,
    0xbf, 0xef, 0xff, 0xff, 0xff, 0xff, 0xff, 0xff, 0xff, 0xff, 0xff, 0xff,
    0xff, 0xff, 0xff, 0xff, 0xff, 0xff, 0xff, 0xff, 0xff, 0xff, 0xdf, 0xf7,
    0x7f, 0xe7, 0x9f, 0xe7, 0x7f, 0xe7, 0x7f, 0xdf, 0x9f, 0xdf, 0x7f, 0xe7,
    0x7f, 0xdf, 0x7f, 0xe7, 0x7f, 0xe7, 0x7f, 0xdf, 0x7f, 0xe7, 0x7f, 0xdf,
    0x7f, 0xe7, 0x7f, 0xdf, 0x9f, 0xe7, 0x7f, 0xdf, 0x7f, 0xe7, 0x9f, 0xe7,
    0x7f, 0xdf, 0x7f, 0xdf, 0x7f, 0xe7, 0x9f, 0xe7, 0x7f, 0xe7, 0x9f, 0xe7,
    0x7f, 0xe7, 0x7f, 0xdf, 0x9f, 0xe7, 0x9f, 0xe7, 0x7f, 0xe7, 0x7f, 0xe7,
    0x7f, 0xdf, 0x7f, 0xe7, 0x9f, 0xe7, 0x7f, 0xe7, 0x7f, 0xe7, 0x9f, 0xe7,
    0x7f, 0xdf, 0x7f, 0xe7, 0x9f, 0xe7, 0x7f, 0xe7, 0x9f, 0xdf, 0x7f, 0xe7,
    0x9f, 0xdf, 0x9f, 0xe7, 0x7f, 0xe7, 0x7f, 0xe7, 0x7f, 0xe7, 0x7f, 0xe7,
    0x9f, 0xe7, 0x9f, 0xe7, 0x9f, 0xe7, 0x7f, 0xe7, 0x9f, 0xe7, 0x9f, 0xe7,
    0x7f, 0xe7, 0x9f, 0xe7, 0x9f, 0xe7, 0x9f, 0xe7, 0x9f, 0xe7, 0x9f, 0xe7,
    0xbf, 0xef, 0x7f, 0xdf, 0x9d, 0xb6, 0x5d, 0xa6, 0x3d, 0x9e, 0x1c, 0x96,
    0x3d, 0x96, 0x5d, 0x9e, 0x5d, 0x9e, 0x7d, 0xae, 0x1f, 0xcf, 0x1e, 0xc7,
    0x9f, 0xef, 0x9f, 0xe7, 0x9f, 0xe7, 0x7f, 0xe7, 0x7f, 0xe7, 0x9f, 0xe7,
    0x7f, 0xe7, 0x9f, 0xe7, 0x9f, 0xe7, 0x9f, 0xef, 0x7f, 0xe7, 0x9f, 0xe7,
    0x9f, 0xe7, 0x7f, 0xef, 0x9f, 0xe7, 0x9f, 0xe7, 0x9f, 0xe7, 0x9f, 0xe7,
    0x9f, 0xef, 0x9f, 0xe7, 0x9f, 0xe7, 0x7f, 0xe7, 0x9f, 0xe7, 0x9f, 0xe7,
    0x9f, 0xef, 0x9f, 0xe7, 0x9f, 0xe7, 0x9f, 0xef, 0x7f, 0xe7, 0x9f, 0xe7,
    0x9f, 0xef, 0x7f, 0xe7, 0x9f, 0xe7, 0x9f, 0xef, 0x9f, 0xef, 0x9f, 0xe7,
    0x9f, 0xe7, 0x9f, 0xe7, 0x9f, 0xef, 0x9f, 0xef, 0x9f, 0xe7, 0x9f, 0xe7,
    0x9f, 0xe7, 0x9f, 0xe7, 0x9f, 0xef, 0x9f, 0xe7, 0x9f, 0xe7, 0x9f, 0xef,
    0xbf, 0xef, 0x9f, 0xe7, 0x9f, 0xef, 0x9f, 0xe7, 0x9f, 0xe7, 0x9f, 0xef,
    0xbf, 0xef, 0x9f, 0xef, 0x9f, 0xe7, 0x9f, 0xef, 0x9f, 0xef, 0x9f, 0xe7,
    0x9f, 0xef, 0xbf, 0xef, 0xbf, 0xef, 0x9f, 0xef, 0x9f, 0xef, 0xbf, 0xef,
    0xbf, 0xef, 0x9f, 0xef, 0xbf, 0xef, 0xbf, 0xef, 0xbf, 0xef, 0xbf, 0xef,
    0xbf, 0xef, 0xbf, 0xef, 0xbf, 0xef, 0xbf, 0xef, 0xbf, 0xef, 0x9f, 0xf7,
    0xbf, 0xef, 0xbf, 0xef, 0xbf, 0xf7, 0xbf, 0xef, 0xbf, 0xef, 0xbf, 0xf7,
    0xbf, 0xef, 0xbf, 0xf7, 0xbf, 0xef, 0xbf, 0xef, 0xbf, 0xef, 0xbf, 0xf7,
    0xbf, 0xef, 0xbf, 0xef, 0xbf, 0xef, 0xbf, 0xef, 0xdf, 0xf7, 0xbf, 0xef,
    0xbf, 0xf7, 0xbf, 0xf7, 0xbf, 0xef, 0xbf, 0xef, 0xbf, 0xf7, 0xbf, 0xef,
    0xbf, 0xef, 0xbf, 0xf7, 0xbf, 0xef, 0xbf, 0xef, 0xbf, 0xf7, 0xbf, 0xf7,
    0xbf, 0xf7, 0xbf, 0xef, 0xbf, 0xef, 0xbf, 0xf7, 0xbf, 0xef, 0xbf, 0xf7,
    0xbf, 0xef, 0xbf, 0xf7, 0xbf, 0xf7, 0xbf, 0xef, 0xdf, 0xf7, 0xdf, 0xf7,
    0xbf, 0xef, 0xbf, 0xf7, 0xbf, 0xef, 0xbf, 0xf7, 0xdf, 0xf7, 0xdf, 0xef,
    0xbf, 0xf7, 0xbf, 0xf7, 0xbf, 0xef, 0xdf, 0xf7, 0xdf, 0xf7, 0xbf, 0xef,
    0xdf, 0xef, 0xbf, 0xf7, 0xdf, 0xf7, 0xbf, 0xef, 0xbf, 0xf7, 0xbf, 0xef,
    0xdf, 0xf7, 0xbf, 0xf7, 0xbf, 0xf7, 0xdf, 0xf7, 0xbf, 0xf7, 0xdf, 0xf7,
    0xdf, 0xef, 0xbf, 0xf7, 0xdf, 0xf7, 0xdf, 0xf7, 0xbf, 0xef, 0xbf, 0xf7,
    0xbf, 0xf7, 0xdf, 0xf7, 0xdf, 0xef, 0xdf, 0xf7, 0xbf, 0xf7, 0xbf, 0xf7,
    0xdf, 0xf7, 0xff, 0xff, 0xff, 0xff, 0xff, 0xff, 0xff, 0xff, 0xff, 0xff,
    0xff, 0xff, 0xff, 0xff, 0xff, 0xff, 0xff, 0xff, 0xff, 0xff, 0xbf, 0xf7,
    0x7f, 0xdf, 0x9f, 0xe7, 0x7f, 0xe7, 0x9f, 0xe7, 0x7f, 0xdf, 0x7f, 0xe7,
    0x9f, 0xe7, 0x7f, 0xdf, 0x7f, 0xe7, 0x9f, 0xe7, 0x7f, 0xdf, 0x7f, 0xe7,
    0x7f, 0xe7, 0x7f, 0xe7, 0x9f, 0xe7, 0x9f, 0xe7, 0x7f, 0xdf, 0x7f, 0xe7,
    0x7f, 0xe7, 0x7f, 0xe7, 0x7f, 0xdf, 0x7f, 0xe7, 0x7f, 0xe7, 0x9f, 0xe7,
    0x7f, 0xdf, 0x7f, 0xe7, 0x9f, 0xe7, 0x7f, 0xe7, 0x7f, 0xdf, 0x7f, 0xe7,
    0x9f, 0xe7, 0x7f, 0xe7, 0x9f, 0xe7, 0x7f, 0xdf, 0x7f, 0xe7, 0x7f, 0xe7,
    0x7f, 0xe7, 0x9f, 0xe7, 0x9f, 0xe7, 0x7f, 0xe7, 0x7f, 0xe7, 0x9f, 0xe7,
    0x7f, 0xe7, 0x9f, 0xe7, 0x9f, 0xe7, 0x9f, 0xe7, 0x9f, 0xe7, 0x9f, 0xe7,
    0x9f, 0xe7, 0x9f, 0xe7, 0x9f, 0xe7, 0x9f, 0xe7, 0x9f, 0xe7, 0x7f, 0xe7,
    0x9f, 0xe7, 0x9f, 0xe7, 0x7f, 0xe7, 0x9f, 0xe7, 0x9f, 0xe7, 0x9f, 0xe7,
    0xfe, 0xc6, 0x7d, 0xa6, 0x3d, 0x96, 0xfc, 0x8d, 0x1c, 0x8e, 0x1d, 0x96,
    0x1d, 0x96, 0x1c, 0x96, 0xfc, 0x8d, 0xdc, 0x85, 0x1d, 0x96, 0x7d, 0xa6,
    0x7f, 0xdf, 0x7f, 0xdf, 0x9f, 0xe7, 0x9f, 0xe7, 0x7f, 0xe7, 0x9f, 0xe7,
    0x7f, 0xe7, 0x7f, 0xe7, 0x9f, 0xe7, 0x9f, 0xef, 0x9f, 0xe7, 0x9f, 0xe7,
    0x9f, 0xef, 0x9f, 0xe7, 0x9f, 0xe7, 0x7f, 0xe7, 0x9f, 0xe7, 0x7f, 0xe7,
    0x7f, 0xe7, 0x9f, 0xef, 0x9f, 0xef, 0x9f, 0xe7, 0x9f, 0xef, 0x9f, 0xe7,
    0x9f, 0xe7, 0x7f, 0xe7, 0x9f, 0xe7, 0x9f, 0xef, 0x9f, 0xe7, 0x9f, 0xe7,
    0x9f, 0xef, 0x9f, 0xef, 0x9f, 0xe7, 0x9f, 0xe7, 0x9f, 0xe7, 0x9f, 0xe7,
    0x9f, 0xe7, 0x9f, 0xe7, 0x9f, 0xe7, 0x9f, 0xef, 0x7f, 0xe7, 0x9f, 0xe7,
    0x9f, 0xef, 0x9f, 0xe7, 0x9f, 0xe7, 0x9f, 0xef, 0x9f, 0xe7, 0x9f, 0xe7,
    0x9f, 0xef, 0x9f, 0xe7, 0x9f, 0xef, 0x9f, 0xef, 0x9f, 0xe7, 0x9f, 0xe7,
    0xbf, 0xe7, 0x9f, 0xe7, 0x9f, 0xef, 0xbf, 0xef, 0xbf, 0xef, 0x9f, 0xe7,
    0x9f, 0xef, 0x9f, 0xef, 0xbf, 0xe7, 0x9f, 0xef, 0xbf, 0xef, 0x9f, 0xe7,
    0x9f, 0xef, 0xbf, 0xef, 0x9f, 0xef, 0xbf, 0xef, 0xbf, 0xef, 0x9f, 0xef,
    0xbf, 0xef, 0xbf, 0xef, 0x9f, 0xef, 0xbf, 0xef, 0xbf, 0xf7, 0xbf, 0xef,
    0xbf, 0xef, 0xbf, 0xf7, 0xbf, 0xef, 0xbf, 0xef, 0xbf, 0xef, 0xbf, 0xef,
    0xbf, 0xef, 0xbf, 0xf7, 0xbf, 0xef, 0xbf, 0xf7, 0xbf, 0xf7, 0xbf, 0xef,
    0xbf, 0xf7, 0xbf, 0xf7, 0xbf, 0xef, 0xbf, 0xf7, 0xbf, 0xef, 0xdf, 0xf7,
    0xbf, 0xef, 0xbf, 0xf7, 0xbf, 0xf7, 0xbf, 0xf7, 0xbf, 0xef, 0xbf, 0xf7,
    0xbf, 0xf7, 0xbf, 0xef, 0xbf, 0xf7, 0xbf, 0xf7, 0xdf, 0xef, 0xdf, 0xef,
    0xdf, 0xf7, 0xbf, 0xf7, 0xbf, 0xf7, 0xbf, 0xef, 0xbf, 0xf7, 0xbf, 0xf7,
    0xbf, 0xef, 0xbf, 0xf7, 0xbf, 0xf7, 0xbf, 0xef, 0xbf, 0xf7, 0xbf, 0xf7,
    0xbf, 0xef, 0xdf, 0xf7, 0xbf, 0xf7, 0xbf, 0xef, 0xdf, 0xf7, 0xbf, 0xf7,
    0xdf, 0xf7, 0xdf, 0xef, 0xbf, 0xf7, 0xbf, 0xef, 0xbf, 0xf7, 0xbf, 0xf7,
    0xdf, 0xf7, 0xbf, 0xf7, 0xdf, 0xef, 0xbf, 0xf7, 0xdf, 0xf7, 0xdf, 0xf7,
    0xbf, 0xf7, 0xdf, 0xef, 0xbf, 0xef, 0xbf, 0xf7, 0xdf, 0xf7, 0xdf, 0xf7,
    0xbf, 0xf7, 0xbf, 0xf7, 0xdf, 0xf7, 0xdf, 0xf7, 0xbf, 0xf7, 0xdf, 0xef,
    0xdf, 0xf7, 0xbf, 0xf7, 0xbf, 0xf7, 0xdf, 0xf7, 0xbf, 0xf7, 0xdf, 0xf7,
    0xdf, 0xef, 0xff, 0xff, 0xff, 0xff, 0xff, 0xff, 0xff, 0xff, 0xff, 0xff,
    0xff, 0xff, 0xff, 0xff, 0xff, 0xff, 0xff, 0xff, 0xff, 0xff, 0xdf, 0xf7,
    0x9f, 0xe7, 0x7f, 0xe7, 0x9f, 0xe7, 0x9f, 0xe7, 0x7f, 0xe7, 0x7f, 0xe7,
    0x9f, 0xdf, 0x7f, 0xe7, 0x7f, 0xe7, 0x7f, 0xdf, 0x9f, 0xe7, 0x7f, 0xe7,
    0x7f, 0xdf, 0x7f, 0xdf, 0x7f, 0xe7, 0x7f, 0xe7, 0x7f, 0xdf, 0x7f, 0xdf,
    0x7f, 0xe7, 0x9f, 0xe7, 0x7f, 0xe7, 0x7f, 0xdf, 0x7f, 0xe7, 0x9f, 0xe7,
    0x7f, 0xe7, 0x9f, 0xe7, 0x7f, 0xe7, 0x9f, 0xdf, 0x7f, 0xe7, 0x7f, 0xe7,
    0x9f, 0xe7, 0x9f, 0xe7, 0x7f, 0xe7, 0x9f, 0xe7, 0x7f, 0xe7, 0x7f, 0xdf,
    0x7f, 0xe7, 0x9f, 0xe7, 0x7f, 0xdf, 0x7f, 0xe7, 0x9f, 0xe7, 0x7f, 0xe7,
    0x7f, 0xe7, 0x7f, 0xe7, 0x9f, 0xe7, 0x9f, 0xe7, 0x9f, 0xe7, 0x9f, 0xe7,
    0x7f, 0xe7, 0x7f, 0xe7, 0x9f, 0xe7, 0x9f, 0xe7, 0x9f, 0xe7, 0x9f, 0xe7,
    0x9f, 0xe7, 0x9f, 0xe7, 0x9f, 0xe7, 0x9f, 0xe7, 0x9f, 0xe7, 0xde, 0xbe,
    0xfd, 0x8d, 0xfc, 0x8d, 0xfd, 0x8d, 0x1d, 0x96, 0x1d, 0x96, 0x1c, 0x96,
    0x1d, 0x96, 0x1d, 0x96, 0x1d, 0x8e, 0x1d, 0x96, 0x1c, 0x8e, 0x3d, 0x96,
    0x3d, 0x9e, 0xfe, 0xce, 0xbf, 0xef, 0x7f, 0xe7, 0x9f, 0xe7, 0x9f, 0xe7,
    0x7f, 0xe7, 0x7f, 0xe7, 0x9f, 0xef, 0x9f, 0xe7, 0x9f, 0xe7, 0x7f, 0xe7,
    0x9f, 0xe7, 0x9f, 0xe7, 0x7f, 0xe7, 0x9f, 0xef, 0x9f, 0xe7, 0x9f, 0xe7,
    0x9f, 0xe7, 0x9f, 0xe7, 0x7f, 0xe7, 0x9f, 0xe7, 0x9f, 0xe7, 0x9f, 0xef,
    0x9f, 0xe7, 0x9f, 0xe7, 0x9f, 0xef, 0x7f, 0xe7, 0x9f, 0xe7, 0x9f, 0xe7,
    0x9f, 0xe7, 0x9f, 0xe7, 0x9f, 0xe7, 0x7f, 0xe7, 0x9f, 0xe7, 0x9f, 0xef,
    0x9f, 0xef, 0x9f, 0xe7, 0x9f, 0xe7, 0x9f, 0xef, 0x9f, 0xe7, 0x9f, 0xe7,
    0x9f, 0xef, 0x9f, 0xe7, 0x9f, 0xe7, 0x9f, 0xef, 0x9f, 0xe7, 0x9f, 0xe7,
    0x9f, 0xef, 0x9f, 0xe7, 0xbf, 0xe7, 0x9f, 0xef, 0x9f, 0xef, 0xbf, 0xef,
    0x9f, 0xe7, 0x9f, 0xef, 0x9f, 0xef, 0xbf, 0xef, 0x9f, 0xe7, 0x9f, 0xef,
    0x9f, 0xef, 0x9f, 0xe7, 0xbf, 0xef, 0xbf, 0xef, 0x9f, 0xef, 0xbf, 0xef,
    0xbf, 0xef, 0x9f, 0xef, 0x9f, 0xef, 0x9f, 0xef, 0xbf, 0xef, 0xbf, 0xef,
    0x9f, 0xef, 0xbf, 0xef, 0xbf, 0xef, 0x9f, 0xef, 0xbf, 0xef, 0xbf, 0xef,
    0xbf, 0xef, 0xbf, 0xf7, 0xbf, 0xef, 0xbf, 0xef, 0xbf, 0xf7, 0xbf, 0xef,
    0xbf, 0xef, 0xbf, 0xf7, 0xbf, 0xef, 0xbf, 0xef, 0xbf, 0xef, 0xbf, 0xef,
    0xbf, 0xef, 0xbf, 0xf7, 0xbf, 0xf7, 0xdf, 0xef, 0xbf, 0xf7, 0xbf, 0xef,
    0xbf, 0xef, 0xbf, 0xef, 0xbf, 0xf7, 0xdf, 0xef, 0xbf, 0xef, 0xbf, 0xef,
    0xbf, 0xef, 0xbf, 0xef, 0xbf, 0xf7, 0xbf, 0xf7, 0xdf, 0xef, 0xbf, 0xf7,
    0xbf, 0xf7, 0xdf, 0xef, 0xdf, 0xf7, 0xbf, 0xf7, 0xdf, 0xef, 0xdf, 0xf7,
    0xbf, 0xf7, 0xdf, 0xef, 0xdf, 0xf7, 0xbf, 0xef, 0xbf, 0xf7, 0xdf, 0xf7,
    0xbf, 0xf7, 0xbf, 0xf7, 0xdf, 0xef, 0xdf, 0xf7, 0xbf, 0xf7, 0xbf, 0xef,
    0xdf, 0xef, 0xbf, 0xf7, 0xbf, 0xf7, 0xbf, 0xef, 0xbf, 0xf7, 0xbf, 0xf7,
    0xdf, 0xf7, 0xdf, 0xf7, 0xbf, 0xf7, 0xbf, 0xf7, 0xdf, 0xf7, 0xbf, 0xf7,
    0xdf, 0xf7, 0xdf, 0xf7, 0xbf, 0xf7, 0xdf, 0xf7, 0xbf, 0xf7, 0xbf, 0xf7,
    0xdf, 0xf7, 0xbf, 0xef, 0xdf, 0xf7, 0xbf, 0xf7, 0xdf, 0xf7, 0xbf, 0xf7,
    0xdf, 0xef, 0xbf, 0xf7, 0xdf, 0xf7, 0xdf, 0xf7, 0xbf, 0xf7, 0xbf, 0xef,
    0xbf, 0xf7, 0xff, 0xff, 0xff, 0xff, 0xff, 0xff, 0xff, 0xff, 0xff, 0xff,
    0xff, 0xff, 0xff, 0xff, 0xff, 0xff, 0xff, 0xff, 0xff, 0xff, 0xdf, 0xf7,
    0x7f, 0xe7, 0x7f, 0xe7, 0x9f, 0xdf, 0x7f, 0xe7, 0x7f, 0xe7, 0x7f, 0xe7,
    0x9f, 0xe7, 0x7f, 0xe7, 0x7f, 0xe7, 0x7f, 0xdf, 0x7f, 0xe7, 0x7f, 0xe7,
    0x9f, 0xdf, 0x7f, 0xe7, 0x9f, 0xe7, 0x7f, 0xdf, 0x7f, 0xe7, 0x9f, 0xe7,
    0x7f, 0xdf, 0x7f, 0xe7, 0x9f, 0xe7, 0x7f, 0xe7, 0x9f, 0xdf, 0x9f, 0xe7,
    0x7f, 0xe7, 0x7f, 0xdf, 0x7f, 0xe7, 0x7f, 0xe7, 0x9f, 0xe7, 0x9f, 0xdf,
    0x7f, 0xe7, 0x7f, 0xe7, 0x9f, 0xe7, 0x9f, 0xe7, 0x9f, 0xe7, 0x7f, 0xdf,
    0x7f, 0xe7, 0x9f, 0xe7, 0x7f, 0xe7, 0x9f, 0xe7, 0x9f, 0xdf, 0x9f, 0xe7,
    0x9f, 0xe7, 0x9f, 0xdf, 0x9f, 0xe7, 0x9f, 0xe7, 0x7f, 0xe7, 0x9f, 0xe7,
    0x7f, 0xe7, 0x9f, 0xe7, 0x9f, 0xe7, 0x7f, 0xe7, 0x9f, 0xe7, 0x9f, 0xe7,
    0x7f, 0xe7, 0x9f, 0xe7, 0x9f, 0xe7, 0x9f, 0xe7, 0x9f, 0xe7, 0xbe, 0xb6,
    0xfc, 0x8d, 0xfd, 0x8d, 0x1c, 0x96, 0x1d, 0x96, 0xfd, 0x8d, 0x1c, 0x8e,
    0x1c, 0x8e, 0x1d, 0x8e, 0x1d, 0x96, 0x1d, 0x96, 0x1d, 0x96, 0x1d, 0x8e,
    0xdc, 0x85, 0xfe, 0xc6, 0x9f, 0xef, 0x9f, 0xe7, 0x7f, 0xe7, 0x9f, 0xe7,
    0x9f, 0xe7, 0x9f, 0xe7, 0x9f, 0xe7, 0x9f, 0xe7, 0x9f, 0xef, 0x9f, 0xe7,
    0x9f, 0xe7, 0x9f, 0xef, 0x9f, 0xe7, 0x9f, 0xe7, 0x9f, 0xe7, 0x9f, 0xef,
    0x9f, 0xe7, 0x9f, 0xe7, 0x9f, 0xe7, 0x7f, 0xe7, 0x9f, 0xe7, 0x9f, 0xef,
    0x7f, 0xe7, 0x9f, 0xe7, 0x9f, 0xef, 0x9f, 0xe7, 0x9f, 0xe7, 0x9f, 0xef,
    0x9f, 0xe7, 0x9f, 0xe7, 0x9f, 0xef, 0x9f, 0xe7, 0x9f, 0xe7, 0x9f, 0xef,
    0x9f, 0xef, 0x9f, 0xe7, 0x9f, 0xe7, 0x9f, 0xef, 0x9f, 0xe7, 0x9f, 0xe7,
    0x9f, 0xef, 0x9f, 0xe7, 0x9f, 0xef, 0x9f, 0xe7, 0x9f, 0xef, 0xbf, 0xef,
    0x9f, 0xe7, 0x9f, 0xef, 0x9f, 0xe7, 0x9f, 0xe7, 0x9f, 0xef, 0x9f, 0xef,
    0xbf, 0xef, 0xbf, 0xe7, 0x9f, 0xef, 0xbf, 0xef, 0x9f, 0xef, 0xbf, 0xef,
    0x9f, 0xef, 0xbf, 0xef, 0xbf, 0xef, 0x9f, 0xef, 0x9f, 0xef, 0xbf, 0xef,
    0x9f, 0xef, 0xbf, 0xef, 0xbf, 0xef, 0x9f, 0xef, 0xbf, 0xef, 0xbf, 0xef,
    0xbf, 0xef, 0x9f, 0xef, 0x9f, 0xef, 0xbf, 0xef, 0xbf, 0xef, 0x9f, 0xef,
    0xbf, 0xef, 0xbf, 0xef, 0xbf, 0xf7, 0xbf, 0xef, 0xbf, 0xef, 0xbf, 0xf7,
    0xbf, 0xef, 0xbf, 0xef, 0xbf, 0xef, 0xbf, 0xf7, 0xbf, 0xf7, 0xbf, 0xef,
    0xbf, 0xef, 0xbf, 0xef, 0xbf, 0xf7, 0xbf, 0xef, 0xbf, 0xf7, 0xbf, 0xf7,
    0xbf, 0xf7, 0xbf, 0xef, 0xbf, 0xf7, 0xbf, 0xef, 0xbf, 0xef, 0xbf, 0xf7,
    0xbf, 0xf7, 0xbf, 0xef, 0xbf, 0xef, 0xdf, 0xf7, 0xdf, 0xf7, 0xbf, 0xef,
    0xbf, 0xf7, 0xbf, 0xf7, 0xbf, 0xef, 0xbf, 0xf7, 0xdf, 0xf7, 0xdf, 0xef,
    0xbf, 0xf7, 0xbf, 0xf7, 0xbf, 0xef, 0xbf, 0xf7, 0xdf, 0xef, 0xdf, 0xf7,
    0xdf, 0xf7, 0xbf, 0xef, 0xbf, 0xf7, 0xdf, 0xf7, 0xbf, 0xf7, 0xdf, 0xf7,
    0xbf, 0xef, 0xbf, 0xf7, 0xbf, 0xf7, 0xdf, 0xef, 0xbf, 0xf7, 0xdf, 0xf7,
    0xbf, 0xef, 0xbf, 0xef, 0xdf, 0xf7, 0xdf, 0xf7, 0xdf, 0xef, 0xbf, 0xf7,
    0xbf, 0xf7, 0xdf, 0xf7, 0xbf, 0xef, 0xdf, 0xf7, 0xbf, 0xf7, 0xdf, 0xef,
    0xdf, 0xf7, 0xbf, 0xf7, 0xdf, 0xf7, 0xbf, 0xf7, 0xdf, 0xf7, 0xbf, 0xf7,
    0xbf, 0xf7, 0xdf, 0xef, 0xbf, 0xf7, 0xdf, 0xef, 0xdf, 0xf7, 0xbf, 0xf7,
    0xdf, 0xef, 0xff, 0xff, 0xff, 0xff, 0xff, 0xff, 0xff, 0xff, 0xff, 0xff,
    0xff, 0xff, 0xff, 0xff, 0xff, 0xff, 0xff, 0xff, 0xff, 0xff, 0xdf, 0xf7,
    0x7f, 0xe7, 0x7f, 0xe7, 0x7f, 0xe7, 0x7f, 0xe7, 0x7f, 0xdf, 0x7f, 0xdf,
    0x7f, 0xe7, 0x9f, 0xe7, 0x9f, 0xdf, 0x7f, 0xe7, 0x7f, 0xdf, 0x7f, 0xe7,
    0x7f, 0xe7, 0x7f, 0xe7, 0x7f, 0xe7, 0x9f, 0xe7, 0x7f, 0xdf, 0x7f, 0xe7,
    0x7f, 0xe7, 0x9f, 0xdf, 0x9f, 0xe7, 0x7f, 0xe7, 0x9f, 0xe7, 0x7f, 0xdf,
    0x7f, 0xe7, 0x7f, 0xe7, 0x7f, 0xdf, 0x7f, 0xe7, 0x9f, 0xe7, 0x7f, 0xe7,
    0x7f, 0xe7, 0x7f, 0xe7, 0x7f, 0xdf, 0x7f, 0xe7, 0x7f, 0xe7, 0x9f, 0xe7,
    0x9f, 0xe7, 0x7f, 0xe7, 0x9f, 0xe7, 0x9f, 0xe7, 0x7f, 0xe7, 0x9f, 0xe7,
    0x9f, 0xe7, 0x7f, 0xe7, 0x7f, 0xe7, 0x7f, 0xe7, 0x9f, 0xe7, 0x7f, 0xe7,
    0x9f, 0xe7, 0x9f, 0xe7, 0x9f, 0xe7, 0x9f, 0xe7, 0x7f, 0xe7, 0x9f, 0xe7,
    0x9f, 0xe7, 0x9f, 0xe7, 0x9f, 0xe7, 0x7f, 0xe7, 0xde, 0xc6, 0x1d, 0x96,
    0x1c, 0x8e, 0xfc, 0x8d, 0xfd, 0x8d, 0x1c, 0x8e, 0xfd, 0x8d, 0xfd, 0x8d,
    0x1d, 0x8e, 0x1d, 0x96, 0x1c, 0x96, 0x1d, 0x96, 0x1d, 0x8e, 0x1c, 0x8e,
    0xfd, 0x8d, 0xfc, 0x8d, 0x1e, 0xcf, 0x9f, 0xef, 0x9f, 0xe7, 0x9f, 0xe7,
    0x7f, 0xef, 0x9f, 0xe7, 0x9f, 0xe7, 0x7f, 0xe7, 0x9f, 0xe7, 0x9f, 0xef,
    0x7f, 0xe7, 0x9f, 0xe7, 0x9f, 0xef, 0x7f, 0xe7, 0x9f, 0xe7, 0x7f, 0xef,
    0x9f, 0xe7, 0x9f, 0xef, 0x9f, 0xef, 0x9f, 0xef, 0x9f, 0xe7, 0x9f, 0xe7,
    0x9f, 0xe7, 0x9f, 0xef, 0x9f, 0xe7, 0x9f, 0xe7, 0x9f, 0xef, 0x9f, 0xef,
    0x7f, 0xe7, 0x9f, 0xe7, 0x7f, 0xef, 0x9f, 0xe7, 0x9f, 0xe7, 0x9f, 0xe7,
    0x9f, 0xe7, 0x9f, 0xef, 0x9f, 0xe7, 0x9f, 0xe7, 0x9f, 0xef, 0x9f, 0xef,
    0x9f, 0xe7, 0x9f, 0xe7, 0x9f, 0xef, 0x9f, 0xe7, 0x9f, 0xe7, 0x9f, 0xef,
    0x9f, 0xef, 0xbf, 0xe7, 0x9f, 0xef, 0xbf, 0xe7, 0x9f, 0xef, 0xbf, 0xe7,
    0x9f, 0xef, 0x9f, 0xef, 0xbf, 0xe7, 0x9f, 0xef, 0xbf, 0xe7, 0xbf, 0xef,
    0x9f, 0xe7, 0x9f, 0xef, 0xbf, 0xe7, 0x9f, 0xef, 0x9f, 0xef, 0x9f, 0xe7,
    0xbf, 0xef, 0x9f, 0xef, 0xbf, 0xef, 0xbf, 0xef, 0xbf, 0xef, 0xbf, 0xef,
    0xbf, 0xef, 0x9f, 0xef, 0x9f, 0xef, 0xbf, 0xef, 0xbf, 0xef, 0xbf, 0xef,
    0xbf, 0xef, 0xbf, 0xf7, 0xbf, 0xef, 0xbf, 0xef, 0xbf, 0xef, 0xbf, 0xef,
    0xbf, 0xf7, 0xbf, 0xef, 0xbf, 0xf7, 0xbf, 0xef, 0xbf, 0xef, 0xbf, 0xef,
    0xbf, 0xf7, 0xbf, 0xf7, 0xbf, 0xef, 0xbf, 0xef, 0xbf, 0xef, 0xbf, 0xf7,
    0xbf, 0xef, 0xbf, 0xf7, 0xbf, 0xf7, 0xbf, 0xf7, 0xbf, 0xef, 0xbf, 0xf7,
    0xbf, 0xf7, 0xdf, 0xf7, 0xdf, 0xf7, 0xbf, 0xef, 0xbf, 0xf7, 0xdf, 0xf7,
    0xbf, 0xef, 0xbf, 0xf7, 0xbf, 0xef, 0xbf, 0xf7, 0xbf, 0xf7, 0xdf, 0xef,
    0xdf, 0xf7, 0xbf, 0xf7, 0xbf, 0xef, 0xbf, 0xf7, 0xbf, 0xf7, 0xbf, 0xef,
    0xdf, 0xef, 0xbf, 0xf7, 0xdf, 0xf7, 0xbf, 0xef, 0xdf, 0xf7, 0xbf, 0xf7,
    0xbf, 0xf7, 0xbf, 0xef, 0xdf, 0xf7, 0xbf, 0xf7, 0xbf, 0xef, 0xbf, 0xf7,
    0xbf, 0xf7, 0xdf, 0xf7, 0xbf, 0xf7, 0xbf, 0xf7, 0xdf, 0xf7, 0xdf, 0xf7,
    0xbf, 0xf7, 0xdf, 0xf7, 0xbf, 0xf7, 0xbf, 0xf7, 0xdf, 0xf7, 0xbf, 0xf7,
    0xbf, 0xf7, 0xdf, 0xef, 0xbf, 0xf7, 0xdf, 0xf7, 0xbf, 0xef, 0xdf, 0xf7,
    0xdf, 0xf7, 0xbf, 0xef, 0xbf, 0xf7, 0xbf, 0xf7, 0xdf, 0xf7, 0xbf, 0xf7,
    0xbf, 0xef, 0xff, 0xff, 0xff, 0xff, 0xff, 0xff, 0xff, 0xff, 0xff, 0xff,
    0xff, 0xff, 0xff, 0xff, 0xff, 0xff, 0xff, 0xff, 0xff, 0xff, 0xdf, 0xf7,
    0x7f, 0xe7, 0x9f, 0xe7, 0x7f, 0xe7, 0x9f, 0xe7, 0x9f, 0xe7, 0x7f, 0xe7,
    0x9f, 0xe7, 0x7f, 0xdf, 0x7f, 0xe7, 0x9f, 0xe7, 0x7f, 0xe7, 0x9f, 0xdf,
    0x9f, 0xe7, 0x7f, 0xdf, 0x7f, 0xe7, 0x7f, 0xe7, 0x7f, 0xe7, 0x7f, 0xe7,
    0x7f, 0xe7, 0x9f, 0xe7, 0x7f, 0xdf, 0x7f, 0xe7, 0x9f, 0xe7, 0x7f, 0xe7,
    0x7f, 0xe7, 0x9f, 0xe7, 0x9f, 0xe7, 0x9f, 0xe7, 0x7f, 0xe7, 0x9f, 0xe7,
    0x7f, 0xe7, 0x9f, 0xe7, 0x9f, 0xe7, 0x7f, 0xe7, 0x9f, 0xe7, 0x7f, 0xe7,
    0x9f, 0xe7, 0x7f, 0xe7, 0x7f, 0xe7, 0x7f, 0xe7, 0x7f, 0xe7, 0x7f, 0xe7,
    0x7f, 0xe7, 0x9f, 0xe7, 0x9f, 0xe7, 0x7f, 0xe7, 0x9f, 0xe7, 0x9f, 0xe7,
    0x7f, 0xe7, 0x7f, 0xe7, 0x9f, 0xe7, 0x7f, 0xe7, 0x9f, 0xe7, 0x9f, 0xe7,
    0x9f, 0xe7, 0x9f, 0xe7, 0x9f, 0xe7, 0x7f, 0xdf, 0x9e, 0xae, 0xfc, 0x8d,
    0xfd, 0x8d, 0x1d, 0x8e, 0xfd, 0x95, 0x1c, 0x8e, 0x1c, 0x8e, 0xfd, 0x95,
    0x1d, 0x96, 0x1d, 0x8e, 0x1c, 0x96, 0x1d, 0x8e, 0x1c, 0x96, 0x1c, 0x8e,
    0xfc, 0x8d, 0x5d, 0x9e, 0x7f, 0xdf, 0x9f, 0xef, 0x9f, 0xe7, 0x9f, 0xe7,
    0x7f, 0xe7, 0x9f, 0xe7, 0x9f, 0xe7, 0x9f, 0xef, 0x9f, 0xe7, 0x9f, 0xe7,
    0x9f, 0xef, 0x9f, 0xe7, 0x9f, 0xe7, 0x9f, 0xe7, 0x9f, 0xe7, 0x9f, 0xe7,
    0x7f, 0xe7, 0x9f, 0xe7, 0x9f, 0xe7, 0x9f, 0xef, 0x9f, 0xe7, 0x9f, 0xe7,
    0x9f, 0xef, 0x9f, 0xe7, 0x9f, 0xe7, 0x9f, 0xef, 0x9f, 0xe7, 0x9f, 0xe7,
    0x9f, 0xe7, 0x9f, 0xef, 0x9f, 0xe7, 0x9f, 0xef, 0x9f, 0xef, 0x9f, 0xe7,
    0x9f, 0xe7, 0x9f, 0xef, 0x9f, 0xe7, 0x9f, 0xe7, 0x9f, 0xef, 0x9f, 0xef,
    0x9f, 0xe7, 0x9f, 0xe7, 0x9f, 0xef, 0x9f, 0xe7, 0x9f, 0xe7, 0x9f, 0xef,
    0x9f, 0xe7, 0x9f, 0xef, 0xbf, 0xef, 0x9f, 0xe7, 0x9f, 0xef, 0x9f, 0xe7,
    0x9f, 0xe7, 0x9f, 0xef, 0xbf, 0xef, 0x9f, 0xef, 0x9f, 0xef, 0xbf, 0xe7,
    0x9f, 0xef, 0x9f, 0xef, 0xbf, 0xef, 0x9f, 0xef, 0xbf, 0xef, 0xbf, 0xef,
    0x9f, 0xef, 0xbf, 0xef, 0xbf, 0xef, 0xbf, 0xef, 0x9f, 0xef, 0xbf, 0xef,
    0xbf, 0xef, 0xbf, 0xef, 0xbf, 0xef, 0xbf, 0xf7, 0xbf, 0xef, 0xbf, 0xef,
    0xbf, 0xef, 0x9f, 0xef, 0xbf, 0xef, 0xbf, 0xf7, 0xbf, 0xef, 0xbf, 0xf7,
    0xbf, 0xef, 0xbf, 0xef, 0xbf, 0xef, 0xbf, 0xef, 0xbf, 0xf7, 0xbf, 0xf7,
    0xbf, 0xef, 0xbf, 0xef, 0xdf, 0xf7, 0xbf, 0xef, 0xbf, 0xf7, 0xbf, 0xef,
    0xdf, 0xef, 0xbf, 0xef, 0xbf, 0xef, 0xbf, 0xf7, 0xbf, 0xef, 0xbf, 0xef,
    0xdf, 0xef, 0xdf, 0xf7, 0xbf, 0xf7, 0xdf, 0xef, 0xbf, 0xf7, 0xdf, 0xf7,
    0xdf, 0xef, 0xdf, 0xf7, 0xbf, 0xf7, 0xbf, 0xef, 0xbf, 0xf7, 0xdf, 0xf7,
    0xbf, 0xf7, 0xbf, 0xef, 0xdf, 0xf7, 0xbf, 0xf7, 0xbf, 0xef, 0xbf, 0xf7,
    0xbf, 0xf7, 0xbf, 0xf7, 0xbf, 0xef, 0xdf, 0xf7, 0xbf, 0xf7, 0xdf, 0xef,
    0xbf, 0xf7, 0xbf, 0xf7, 0xbf, 0xef, 0xbf, 0xf7, 0xdf, 0xef, 0xbf, 0xf7,
    0xbf, 0xf7, 0xdf, 0xef, 0xdf, 0xf7, 0xbf, 0xf7, 0xdf, 0xef, 0xdf, 0xf7,
    0xbf, 0xf7, 0xdf, 0xf7, 0xdf, 0xef, 0xbf, 0xf7, 0xdf, 0xf7, 0xbf, 0xf7,
    0xdf, 0xf7, 0xbf, 0xf7, 0xdf, 0xef, 0xbf, 0xf7, 0xbf, 0xf7, 0xbf, 0xef,
    0xbf, 0xf7, 0xbf, 0xf7, 0xbf, 0xef, 0xbf, 0xf7, 0xbf, 0xf7, 0xbf, 0xf7,
    0xdf, 0xf7, 0xff, 0xff, 0xff, 0xff, 0xff, 0xff, 0xff, 0xff, 0xff, 0xff,
    0xff, 0xff, 0xff, 0xff, 0xff, 0xff, 0xff, 0xff, 0xff, 0xff, 0xdf, 0xf7,
    0x7f, 0xe7, 0x9f, 0xe7, 0x7f, 0xdf, 0x9f, 0xe7, 0x7f, 0xe7, 0x9f, 0xe7,
    0x7f, 0xe7, 0x7f, 0xe7, 0x7f, 0xe7, 0x7f, 0xe7, 0x7f, 0xe7, 0x9f, 0xe7,
    0x9f, 0xe7, 0x9f, 0xe7, 0x7f, 0xdf, 0x9f, 0xe7, 0x9f, 0xe7, 0x7f, 0xdf,
    0x9f, 0xe7, 0x9f, 0xe7, 0x7f, 0xe7, 0x9f, 0xe7, 0x9f, 0xe7, 0x7f, 0xe7,
    0x9f, 0xe7, 0x7f, 0xdf, 0x9f, 0xe7, 0x7f, 0xe7, 0x7f, 0xe7, 0x9f, 0xe7,
    0x9f, 0xdf, 0x7f, 0xe7, 0x9f, 0xe7, 0x9f, 0xe7, 0x7f, 0xe7, 0x9f, 0xe7,
    0x9f, 0xe7, 0x9f, 0xe7, 0x9f, 0xe7, 0x9f, 0xe7, 0x9f, 0xe7, 0x9f, 0xe7,
    0x7f, 0xe7, 0x9f, 0xe7, 0x9f, 0xe7, 0x9f, 0xe7, 0x9f, 0xe7, 0x7f, 0xe7,
    0x7f, 0xe7, 0x9f, 0xe7, 0x9f, 0xe7, 0x7f, 0xe7, 0x9f, 0xe7, 0x9f, 0xe7,
    0x9f, 0xe7, 0x9f, 0xe7, 0x9f, 0xe7, 0xbf, 0xef, 0xbd, 0xbe, 0xdc, 0x85,
    0xfc, 0x8d, 0xfd, 0x8d, 0xfd, 0x8d, 0xfc, 0x8d, 0xfc, 0x8d, 0x1d, 0x8e,
    0xfc, 0x8d, 0x1c, 0x8e, 0x1d, 0x8e, 0x1d, 0x8e, 0xfd, 0x8d, 0xfc, 0x8d,
    0x1d, 0x96, 0xff, 0xc6, 0x7f, 0xe7, 0x9f, 0xe7, 0x9f, 0xe7, 0x9f, 0xe7,
    0x9f, 0xe7, 0x9f, 0xe7, 0x7f, 0xe7, 0x9f, 0xe7, 0x9f, 0xe7, 0x9f, 0xe7,
    0x9f, 0xe7, 0x9f, 0xe7, 0x9f, 0xe7, 0x9f, 0xef, 0x9f, 0xe7, 0x9f, 0xe7,
    0x9f, 0xef, 0x7f, 0xe7, 0x9f, 0xe7, 0x9f, 0xe7, 0x9f, 0xe7, 0x9f, 0xe7,
    0x9f, 0xef, 0x9f, 0xe7, 0x9f, 0xe7, 0x9f, 0xef, 0x9f, 0xe7, 0x9f, 0xe7,
    0x9f, 0xef, 0x9f, 0xe7, 0x9f, 0xe7, 0x9f, 0xe7, 0x9f, 0xef, 0x9f, 0xe7,
    0x9f, 0xef, 0x9f, 0xe7, 0x9f, 0xef, 0x9f, 0xe7, 0x9f, 0xe7, 0x9f, 0xef,
    0x9f, 0xe7, 0x9f, 0xe7, 0x9f, 0xef, 0x9f, 0xe7, 0xbf, 0xef, 0x9f, 0xe7,
    0x9f, 0xe7, 0x9f, 0xef, 0x9f, 0xef, 0x9f, 0xe7, 0xbf, 0xef, 0x9f, 0xef,
    0x9f, 0xe7, 0x9f, 0xef, 0x9f, 0xe7, 0x9f, 0xef, 0xbf, 0xef, 0x9f, 0xef,
    0xbf, 0xef, 0xbf, 0xef, 0x9f, 0xef, 0xbf, 0xef, 0x9f, 0xef, 0xbf, 0xef,
    0xbf, 0xef, 0xbf, 0xef, 0xbf, 0xef, 0x9f, 0xef, 0xbf, 0xef, 0xbf, 0xef,
    0xbf, 0xef, 0xbf, 0xef, 0xbf, 0xef, 0xbf, 0xef, 0xbf, 0xf7, 0xbf, 0xef,
    0xbf, 0xef, 0xbf, 0xef, 0xbf, 0xf7, 0xbf, 0xef, 0xbf, 0xef, 0xbf, 0xf7,
    0xbf, 0xef, 0xbf, 0xef, 0xbf, 0xef, 0xbf, 0xef, 0xbf, 0xf7, 0xbf, 0xf7,
    0xbf, 0xef, 0xbf, 0xef, 0xbf, 0xf7, 0xbf, 0xf7, 0xbf, 0xf7, 0xbf, 0xef,
    0xbf, 0xf7, 0xdf, 0xf7, 0xbf, 0xef, 0xbf, 0xf7, 0xdf, 0xf7, 0xbf, 0xf7,
    0xbf, 0xf7, 0xbf, 0xef, 0xdf, 0xf7, 0xbf, 0xef, 0xbf, 0xef, 0xbf, 0xf7,
    0xdf, 0xf7, 0xdf, 0xef, 0xbf, 0xf7, 0xbf, 0xef, 0xbf, 0xef, 0xdf, 0xf7,
    0xdf, 0xf7, 0xdf, 0xef, 0xbf, 0xf7, 0xbf, 0xef, 0xdf, 0xf7, 0xbf, 0xf7,
    0xbf, 0xf7, 0xbf, 0xef, 0xbf, 0xf7, 0xdf, 0xf7, 0xdf, 0xf7, 0xbf, 0xef,
    0xbf, 0xf7, 0xdf, 0xf7, 0xbf, 0xef, 0xbf, 0xf7, 0xdf, 0xf7, 0xdf, 0xf7,
    0xbf, 0xf7, 0xdf, 0xef, 0xbf, 0xf7, 0xdf, 0xf7, 0xbf, 0xf7, 0xdf, 0xf7,
    0xbf, 0xf7, 0xdf, 0xf7, 0xdf, 0xf7, 0xbf, 0xf7, 0xdf, 0xf7, 0xdf, 0xef,
    0xbf, 0xf7, 0xbf, 0xf7, 0xbf, 0xf7, 0xdf, 0xf7, 0xbf, 0xf7, 0xbf, 0xf7,
    0xbf, 0xf7, 0xbf, 0xef, 0xbf, 0xf7, 0xdf, 0xf7, 0xbf, 0xef, 0xbf, 0xf7,
    0xdf, 0xef, 0xff, 0xff, 0xff, 0xff, 0xff, 0xff, 0xff, 0xff, 0xff, 0xff,
    0xff, 0xff, 0xff, 0xff, 0xff, 0xff, 0xff, 0xff, 0xff, 0xff, 0xdf, 0xf7,
    0x7f, 0xe7, 0x9f, 0xe7, 0x7f, 0xe7, 0x7f, 0xe7, 0x7f, 0xe7, 0x7f, 0xdf,
    0x9f, 0xe7, 0x7f, 0xe7, 0x7f, 0xdf, 0x9f, 0xe7, 0x9f, 0xe7, 0x7f, 0xe7,
    0x7f, 0xe7, 0x7f, 0xe7, 0x7f, 0xdf, 0x7f, 0xe7, 0x9f, 0xe7, 0x9f, 0xdf,
    0x7f, 0xe7, 0x7f, 0xe7, 0x9f, 0xe7, 0x7f, 0xe7, 0x7f, 0xe7, 0x9f, 0xdf,
    0x7f, 0xe7, 0x9f, 0xe7, 0x7f, 0xe7, 0x9f, 0xe7, 0x9f, 0xe7, 0x7f, 0xe7,
    0x7f, 0xe7, 0x7f, 0xe7, 0x7f, 0xe7, 0x9f, 0xe7, 0x7f, 0xdf, 0x9f, 0xe7,
    0x9f, 0xe7, 0x7f, 0xe7, 0x9f, 0xe7, 0x9f, 0xe7, 0x9f, 0xe7, 0x7f, 0xe7,
    0x9f, 0xe7, 0x7f, 0xe7, 0x9f, 0xe7, 0x9f, 0xe7, 0x7f, 0xe7, 0x9f, 0xe7,
    0x9f, 0xe7, 0x7f, 0xe7, 0x7f, 0xe7, 0x9f, 0xe7, 0x9f, 0xe7, 0x9f, 0xe7,
    0x9f, 0xe7, 0x9f, 0xef, 0x9f, 0xe7, 0x9f, 0xef, 0xbd, 0xb6, 0xfc, 0x8d,
    0xfc, 0x8d, 0xfc, 0x8d, 0xfd, 0x8d, 0xfc, 0x8d, 0xfd, 0x95, 0xfd, 0x8d,
    0x1d, 0x8e, 0x1c, 0x8e, 0x1d, 0x96, 0xfd, 0x8d, 0xfd, 0x8d, 0xfc, 0x8d,
    0xfc, 0x8d, 0x5f, 0xdf, 0x9f, 0xe7, 0x9f, 0xe7, 0x9f, 0xe7, 0x7f, 0xe7,
    0x9f, 0xe7, 0x9f, 0xef, 0x9f, 0xe7, 0x7f, 0xe7, 0x9f, 0xef, 0x9f, 0xe7,
    0x9f, 0xe7, 0x9f, 0xef, 0x9f, 0xef, 0x7f, 0xe7, 0x7f, 0xe7, 0x9f, 0xe7,
    0x9f, 0xef, 0x9f, 0xe7, 0x9f, 0xe7, 0x9f, 0xef, 0x9f, 0xef, 0x9f, 0xe7,
    0x9f, 0xe7, 0x9f, 0xe7, 0x9f, 0xef, 0x9f, 0xe7, 0x9f, 0xef, 0x9f, 0xef,
    0x9f, 0xe7, 0x9f, 0xef, 0x9f, 0xe7, 0x9f, 0xef, 0x9f, 0xe7, 0x9f, 0xe7,
    0x9f, 0xef, 0x9f, 0xe7, 0x9f, 0xef, 0x9f, 0xef, 0x9f, 0xe7, 0x9f, 0xe7,
    0x9f, 0xef, 0x9f, 0xef, 0x9f, 0xe7, 0x9f, 0xe7, 0x9f, 0xef, 0xbf, 0xef,
    0x9f, 0xe7, 0xbf, 0xe7, 0x9f, 0xef, 0x9f, 0xe7, 0xbf, 0xef, 0x9f, 0xef,
    0x9f, 0xef, 0xbf, 0xe7, 0x9f, 0xef, 0xbf, 0xef, 0x9f, 0xe7, 0x9f, 0xef,
    0xbf, 0xef, 0x9f, 0xef, 0x9f, 0xe7, 0xbf, 0xef, 0xbf, 0xef, 0xbf, 0xef,
    0xbf, 0xef, 0x9f, 0xef, 0xbf, 0xef, 0xbf, 0xef, 0xbf, 0xef, 0xbf, 0xef,
    0xbf, 0xf7, 0xbf, 0xef, 0xbf, 0xef, 0xbf, 0xef, 0x9f, 0xef, 0xbf, 0xef,
    0xbf, 0xef, 0xbf, 0xf7, 0xbf, 0xef, 0x9f, 0xef, 0xbf, 0xef, 0xbf, 0xf7,
    0xbf, 0xef, 0xbf, 0xf7, 0xbf, 0xef, 0xbf, 0xef, 0xbf, 0xef, 0xbf, 0xef,
    0xbf, 0xf7, 0xbf, 0xf7, 0xbf, 0xef, 0xbf, 0xef, 0xbf, 0xef, 0xbf, 0xef,
    0xbf, 0xf7, 0xbf, 0xf7, 0xdf, 0xef, 0xbf, 0xef, 0xbf, 0xf7, 0xbf, 0xf7,
    0xbf, 0xef, 0xdf, 0xf7, 0xdf, 0xf7, 0xbf, 0xef, 0xbf, 0xf7, 0xdf, 0xf7,
    0xbf, 0xef, 0xbf, 0xf7, 0xbf, 0xf7, 0xdf, 0xf7, 0xdf, 0xf7, 0xbf, 0xf7,
    0xbf, 0xf7, 0xdf, 0xef, 0xdf, 0xf7, 0xbf, 0xf7, 0xbf, 0xef, 0xdf, 0xef,
    0xbf, 0xf7, 0xdf, 0xef, 0xbf, 0xf7, 0xbf, 0xf7, 0xbf, 0xef, 0xbf, 0xf7,
    0xbf, 0xf7, 0xbf, 0xef, 0xdf, 0xf7, 0xbf, 0xf7, 0xdf, 0xf7, 0xdf, 0xef,
    0xbf, 0xf7, 0xdf, 0xf7, 0xbf, 0xef, 0xbf, 0xf7, 0xdf, 0xf7, 0xdf, 0xef,
    0xdf, 0xef, 0xbf, 0xf7, 0xbf, 0xf7, 0xdf, 0xf7, 0xbf, 0xef, 0xbf, 0xf7,
    0xbf, 0xf7, 0xdf, 0xf7, 0xdf, 0xef, 0xbf, 0xf7, 0xbf, 0xef, 0xdf, 0xf7,
    0xdf, 0xf7, 0xbf, 0xf7, 0xbf, 0xf7, 0xdf, 0xef, 0xdf, 0xef, 0xbf, 0xf7,
    0xdf, 0xf7, 0xff, 0xff, 0xff, 0xff, 0xff, 0xff, 0xff, 0xff, 0xff, 0xff,
    0xff, 0xff, 0xff, 0xff, 0xff, 0xff, 0xff, 0xff, 0xff, 0xff, 0xdf, 0xf7,
    0x7f, 0xe7, 0x9f, 0xe7, 0x9f, 0xe7, 0x7f, 0xe7, 0x7f, 0xe7, 0x9f, 0xe7,
    0x9f, 0xe7, 0x7f, 0xe7, 0x9f, 0xe7, 0x9f, 0xdf, 0x7f, 0xe7, 0x9f, 0xe7,
    0x9f, 0xe7, 0x7f, 0xdf, 0x7f, 0xe7, 0x9f, 0xe7, 0x7f, 0xe7, 0x7f, 0xe7,
    0x9f, 0xe7, 0x9f, 0xe7, 0x7f, 0xe7, 0x9f, 0xe7, 0x7f, 0xe7, 0x9f, 0xe7,
    0x9f, 0xe7, 0x9f, 0xe7, 0x9f, 0xe7, 0x7f, 0xe7, 0x9f, 0xe7, 0x9f, 0xe7,
    0x7f, 0xe7, 0x9f, 0xe7, 0x9f, 0xe7, 0x7f, 0xe7, 0x7f, 0xe7, 0x7f, 0xe7,
    0x9f, 0xe7, 0x9f, 0xe7, 0x7f, 0xe7, 0x9f, 0xe7, 0x7f, 0xe7, 0x9f, 0xe7,
    0x9f, 0xe7, 0x9f, 0xe7, 0x7f, 0xe7, 0x7f, 0xe7, 0x7f, 0xe7, 0x9f, 0xe7,
    0x7f, 0xe7, 0x9f, 0xe7, 0x9f, 0xe7, 0x9f, 0xe7, 0x9f, 0xe7, 0x7f, 0xe7,
    0x9f, 0xe7, 0x9f, 0xe7, 0x9f, 0xe7, 0x9f, 0xe7, 0x9f, 0xe7, 0x5d, 0x9e,
    0xdd, 0x8d, 0xfc, 0x8d, 0x1d, 0x8e, 0xfd, 0x8d, 0xfc, 0x8d, 0xfc, 0x8d,
    0x1d, 0x8e, 0xfd, 0x8d, 0xfc, 0x8d, 0xfc, 0x8d, 0xfc, 0x8d, 0x1d, 0x8e,
    0x1d, 0x96, 0x5f, 0xdf, 0xbf, 0xef, 0x9f, 0xe7, 0x9f, 0xe7, 0x9f, 0xe7,
    0x7f, 0xef, 0x9f, 0xe7, 0x9f, 0xe7, 0x9f, 0xef, 0x9f, 0xe7, 0x9f, 0xe7,
    0x7f, 0xef, 0x9f, 0xe7, 0x9f, 0xe7, 0x9f, 0xef, 0x9f, 0xe7, 0x9f, 0xe7,
    0x9f, 0xe7, 0x9f, 0xe7, 0x9f, 0xef, 0x9f, 0xe7, 0x9f, 0xe7, 0x9f, 0xef,
    0x9f, 0xe7, 0x9f, 0xef, 0x9f, 0xe7, 0x7f, 0xe7, 0x9f, 0xe7, 0x9f, 0xef,
    0x9f, 0xe7, 0x9f, 0xe7, 0x9f, 0xef, 0x9f, 0xef, 0x9f, 0xe7, 0x9f, 0xe7,
    0x9f, 0xef, 0x9f, 0xe7, 0x9f, 0xe7, 0x9f, 0xef, 0xbf, 0xef, 0x9f, 0xe7,
    0x9f, 0xe7, 0x9f, 0xef, 0x9f, 0xef, 0xbf, 0xe7, 0x9f, 0xe7, 0x9f, 0xef,
    0x9f, 0xef, 0x9f, 0xe7, 0xbf, 0xef, 0x9f, 0xef, 0x9f, 0xef, 0x9f, 0xe7,
    0xbf, 0xef, 0xbf, 0xef, 0x9f, 0xef, 0xbf, 0xef, 0xbf, 0xef, 0x9f, 0xef,
    0xbf, 0xef, 0xbf, 0xef, 0x9f, 0xef, 0x9f, 0xef, 0x9f, 0xef, 0xbf, 0xef,
    0xbf, 0xef, 0xbf, 0xef, 0xbf, 0xef, 0xbf, 0xef, 0xbf, 0xef, 0xbf, 0xef,
    0xbf, 0xef, 0xbf, 0xf7, 0xbf, 0xef, 0xbf, 0xef, 0xbf, 0xf7, 0xbf, 0xef,
    0xbf, 0xef, 0xbf, 0xef, 0xbf, 0xef, 0xbf, 0xef, 0xbf, 0xef, 0xbf, 0xef,
    0xbf, 0xef, 0xbf, 0xf7, 0x9f, 0xef, 0xbf, 0xf7, 0xbf, 0xef, 0xbf, 0xef,
    0xbf, 0xf7, 0xbf, 0xef, 0xdf, 0xf7, 0xbf, 0xef, 0xbf, 0xf7, 0xdf, 0xf7,
    0xbf, 0xef, 0xbf, 0xef, 0xbf, 0xf7, 0xbf, 0xf7, 0xbf, 0xef, 0xdf, 0xf7,
    0xbf, 0xef, 0xdf, 0xf7, 0xbf, 0xf7, 0xdf, 0xef, 0xbf, 0xf7, 0xbf, 0xf7,
    0xbf, 0xef, 0xbf, 0xef, 0xbf, 0xf7, 0xbf, 0xef, 0xbf, 0xf7, 0xdf, 0xf7,
    0xbf, 0xef, 0xbf, 0xf7, 0xbf, 0xf7, 0xbf, 0xf7, 0xbf, 0xef, 0xbf, 0xf7,
    0xbf, 0xf7, 0xbf, 0xf7, 0xdf, 0xf7, 0xdf, 0xf7, 0xdf, 0xf7, 0xbf, 0xf7,
    0xbf, 0xf7, 0xbf, 0xef, 0xbf, 0xef, 0xbf, 0xf7, 0xdf, 0xf7, 0xbf, 0xef,
    0xdf, 0xf7, 0xbf, 0xf7, 0xdf, 0xf7, 0xbf, 0xf7, 0xdf, 0xf7, 0xbf, 0xf7,
    0xdf, 0xf7, 0xbf, 0xef, 0xbf, 0xf7, 0xdf, 0xef, 0xbf, 0xf7, 0xdf, 0xf7,
    0xbf, 0xf7, 0xbf, 0xf7, 0xdf, 0xf7, 0xbf, 0xf7, 0xdf, 0xf7, 0xdf, 0xf7,
    0xbf, 0xef, 0xbf, 0xf7, 0xbf, 0xf7, 0xbf, 0xf7, 0xdf, 0xf7, 0xbf, 0xf7,
    0xbf, 0xef, 0xff, 0xff, 0xff, 0xff, 0xff, 0xff, 0xff, 0xff, 0xff, 0xff,
    0xff, 0xff, 0xff, 0xff, 0xff, 0xff, 0xff, 0xff, 0xff, 0xff, 0xdf, 0xf7,
    0x7f, 0xe7, 0x7f, 0xe7, 0x9f, 0xdf, 0x7f, 0xe7, 0x7f, 0xe7, 0x9f, 0xe7,
    0x7f, 0xe7, 0x7f, 0xe7, 0x9f, 0xe7, 0x7f, 0xe7, 0x7f, 0xe7, 0x9f, 0xe7,
    0x7f, 0xe7, 0x9f, 0xe7, 0x9f, 0xe7, 0x7f, 0xe7, 0x7f, 0xe7, 0x9f, 0xe7,
    0x7f, 0xdf, 0x7f, 0xe7, 0x9f, 0xe7, 0x9f, 0xe7, 0x7f, 0xe7, 0x7f, 0xe7,
    0x7f, 0xe7, 0x7f, 0xe7, 0x9f, 0xe7, 0x7f, 0xe7, 0x7f, 0xe7, 0x9f, 0xe7,
    0x7f, 0xe7, 0x9f, 0xe7, 0x9f, 0xe7, 0x7f, 0xe7, 0x9f, 0xe7, 0x7f, 0xe7,
    0x7f, 0xe7, 0x9f, 0xe7, 0x9f, 0xe7, 0x7f, 0xe7, 0x7f, 0xe7, 0x9f, 0xe7,
    0x7f, 0xe7, 0x9f, 0xe7, 0x7f, 0xe7, 0x9f, 0xe7, 0x9f, 0xe7, 0x7f, 0xe7,
    0x9f, 0xe7, 0x9f, 0xe7, 0x9f, 0xe7, 0x9f, 0xe7, 0x7f, 0xe7, 0x9f, 0xe7,
    0x9f, 0xe7, 0x9f, 0xe7, 0x9f, 0xe7, 0x9f, 0xe7, 0xbf, 0xef, 0xbe, 0xb6,
    0xdc, 0x85, 0x1d, 0x8e, 0x1d, 0x8e, 0xfc, 0x8d, 0xfc, 0x8d, 0xfd, 0x8d,
    0x1d, 0x8e, 0xfc, 0x8d, 0x1d, 0x8e, 0xfd, 0x8d, 0xfd, 0x8d, 0xfc, 0x8d,
    0x5d, 0x9e, 0x9f, 0xe7, 0x9f, 0xe7, 0x7f, 0xe7, 0x9f, 0xe7, 0x9f, 0xe7,
    0x9f, 0xe7, 0x7f, 0xe7, 0x9f, 0xe7, 0x9f, 0xe7, 0x9f, 0xe7, 0x9f, 0xe7,
    0x9f, 0xef, 0x9f, 0xe7, 0x9f, 0xe7, 0x9f, 0xef, 0x9f, 0xef, 0x9f, 0xe7,
    0x9f, 0xe7, 0x7f, 0xef, 0x9f, 0xe7, 0x9f, 0xe7, 0x9f, 0xef, 0x9f, 0xe7,
    0x9f, 0xef, 0x9f, 0xe7, 0x9f, 0xef, 0x9f, 0xe7, 0x9f, 0xe7, 0x9f, 0xef,
    0x9f, 0xe7, 0x9f, 0xe7, 0x9f, 0xef, 0x9f, 0xef, 0x9f, 0xe7, 0x9f, 0xef,
    0x9f, 0xe7, 0x9f, 0xe7, 0x9f, 0xe7, 0x9f, 0xef, 0x9f, 0xef, 0x9f, 0xe7,
    0x9f, 0xe7, 0x9f, 0xef, 0x9f, 0xe7, 0x9f, 0xef, 0x9f, 0xe7, 0x9f, 0xef,
    0x9f, 0xef, 0x9f, 0xef, 0x9f, 0xef, 0xbf, 0xef, 0xbf, 0xe7, 0x9f, 0xef,
    0x9f, 0xef, 0x9f, 0xe7, 0x9f, 0xef, 0xbf, 0xe7, 0x9f, 0xef, 0xbf, 0xef,
    0x9f, 0xef, 0xbf, 0xef, 0xbf, 0xef, 0x9f, 0xef, 0xbf, 0xef, 0xbf, 0xef,
    0x9f, 0xef, 0xbf, 0xef, 0x9f, 0xef, 0xbf, 0xef, 0xbf, 0xef, 0xbf, 0xf7,
    0xbf, 0xef, 0xbf, 0xef, 0x9f, 0xf7, 0xbf, 0xef, 0xbf, 0xef, 0xbf, 0xf7,
    0xbf, 0xf7, 0xbf, 0xef, 0xbf, 0xf7, 0xbf, 0xef, 0xbf, 0xf7, 0xbf, 0xef,
    0xbf, 0xef, 0xbf, 0xf7, 0xbf, 0xef, 0xbf, 0xf7, 0xbf, 0xf7, 0xbf, 0xf7,
    0xbf, 0xef, 0xbf, 0xef, 0xbf, 0xf7, 0xbf, 0xf7, 0xbf, 0xef, 0xbf, 0xf7,
    0xbf, 0xef, 0xdf, 0xf7, 0xbf, 0xf7, 0xbf, 0xf7, 0xdf, 0xef, 0xbf, 0xef,
    0xbf, 0xf7, 0xbf, 0xf7, 0xbf, 0xef, 0xbf, 0xf7, 0xbf, 0xf7, 0xbf, 0xf7,
    0xdf, 0xf7, 0xbf, 0xf7, 0xbf, 0xef, 0xbf, 0xf7, 0xbf, 0xef, 0xbf, 0xf7,
    0xdf, 0xf7, 0xdf, 0xf7, 0xbf, 0xef, 0xbf, 0xf7, 0xdf, 0xf7, 0xbf, 0xef,
    0xbf, 0xf7, 0xbf, 0xf7, 0xdf, 0xf7, 0xdf, 0xef, 0xbf, 0xf7, 0xbf, 0xf7,
    0xdf, 0xf7, 0xdf, 0xf7, 0xbf, 0xf7, 0xbf, 0xf7, 0xbf, 0xf7, 0xdf, 0xf7,
    0xbf, 0xef, 0xdf, 0xf7, 0xbf, 0xf7, 0xdf, 0xef, 0xbf, 0xf7, 0xbf, 0xf7,
    0xbf, 0xef, 0xbf, 0xf7, 0xbf, 0xf7, 0xdf, 0xf7, 0xdf, 0xf7, 0xbf, 0xf7,
    0xdf, 0xef, 0xbf, 0xf7, 0xbf, 0xf7, 0xdf, 0xf7, 0xbf, 0xf7, 0xbf, 0xf7,
    0xdf, 0xef, 0xdf, 0xf7, 0xbf, 0xf7, 0xbf, 0xef, 0xdf, 0xf7, 0xdf, 0xf7,
    0xbf, 0xef, 0xff, 0xff, 0xff, 0xff, 0xff, 0xff, 0xff, 0xff, 0xff, 0xff,
    0xff, 0xff, 0xff, 0xff, 0xff, 0xff, 0xff, 0xff, 0xff, 0xff, 0xdf, 0xf7,
    0x7f, 0xe7, 0x7f, 0xe7, 0x7f, 0xe7, 0x7f, 0xe7, 0x7f, 0xe7, 0x7f, 0xdf,
    0x9f, 0xe7, 0x9f, 0xe7, 0x7f, 0xe7, 0x9f, 0xe7, 0x7f, 0xdf, 0x7f, 0xe7,
    0x9f, 0xe7, 0x7f, 0xe7, 0x9f, 0xe7, 0x9f, 0xe7, 0x9f, 0xe7, 0x7f, 0xe7,
    0x9f, 0xe7, 0x9f, 0xe7, 0x7f, 0xe7, 0x9f, 0xe7, 0x9f, 0xe7, 0x7f, 0xe7,
    0x9f, 0xe7, 0x9f, 0xe7, 0x7f, 0xe7, 0x9f, 0xe7, 0x9f, 0xdf, 0x7f, 0xe7,
    0x7f, 0xe7, 0x7f, 0xe7, 0x9f, 0xe7, 0x7f, 0xe7, 0x9f, 0xe7, 0x9f, 0xe7,
    0x7f, 0xe7, 0x9f, 0xe7, 0x9f, 0xe7, 0x9f, 0xe7, 0x9f, 0xe7, 0x7f, 0xe7,
    0x9f, 0xe7, 0x7f, 0xe7, 0x9f, 0xe7, 0x7f, 0xe7, 0x9f, 0xe7, 0x9f, 0xe7,
    0x9f, 0xe7, 0x7f, 0xe7, 0x9f, 0xe7, 0x9f, 0xe7, 0x9f, 0xe7, 0x9f, 0xe7,
    0x9f, 0xe7, 0x9f, 0xef, 0x9f, 0xef, 0x9f, 0xe7, 0xbf, 0xef, 0x9e, 0xb6,
    0xdc, 0x85, 0x1d, 0x8e, 0xfc, 0x8d, 0xfc, 0x8d, 0x1d, 0x8e, 0xfd, 0x8d,
    0xfc, 0x8d, 0xfc, 0x8d, 0x1d, 0x8e, 0x1d, 0x8e, 0xfd, 0x8d, 0xfc, 0x8d,
    0x9d, 0xae, 0xbf, 0xef, 0x7f, 0xe7, 0x7f, 0xe7, 0x9f, 0xe7, 0x9f, 0xef,
    0x9f, 0xe7, 0x9f, 0xef, 0x9f, 0xef, 0x9f, 0xef, 0x9f, 0xe7, 0x9f, 0xef,
    0x9f, 0xe7, 0x9f, 0xe7, 0x9f, 0xe7, 0x9f, 0xe7, 0x9f, 0xef, 0x9f, 0xe7,
    0x9f, 0xe7, 0x9f, 0xe7, 0x9f, 0xe7, 0x9f, 0xe7, 0x9f, 0xef, 0x9f, 0xe7,
    0x9f, 0xe7, 0x9f, 0xe7, 0x9f, 0xef, 0x9f, 0xef, 0x9f, 0xe7, 0x9f, 0xe7,
    0x9f, 0xef, 0x9f, 0xef, 0x9f, 0xe7, 0x9f, 0xe7, 0x9f, 0xef, 0x9f, 0xef,
    0x9f, 0xe7, 0x9f, 0xef, 0x9f, 0xef, 0x9f, 0xe7, 0x9f, 0xe7, 0x9f, 0xe7,
    0xbf, 0xef, 0x9f, 0xef, 0x9f, 0xe7, 0xbf, 0xef, 0x9f, 0xef, 0xbf, 0xe7,
    0xbf, 0xe7, 0xbf, 0xef, 0x9f, 0xef, 0x9f, 0xe7, 0x9f, 0xef, 0xbf, 0xef,
    0x9f, 0xef, 0x9f, 0xe7, 0x9f, 0xef, 0x9f, 0xef, 0xbf, 0xe7, 0x9f, 0xef,
    0x9f, 0xef, 0xbf, 0xe7, 0xbf, 0xef, 0xbf, 0xef, 0xbf, 0xef, 0xbf, 0xef,
    0xbf, 0xef, 0xbf, 0xef, 0xbf, 0xef, 0xbf, 0xef, 0xbf, 0xf7, 0xbf, 0xef,
    0xbf, 0xef, 0xbf, 0xef, 0xbf, 0xef, 0xbf, 0xef, 0xbf, 0xef, 0xbf, 0xef,
    0xbf, 0xef, 0xbf, 0xf7, 0xbf, 0xef, 0xbf, 0xef, 0xbf, 0xef, 0xbf, 0xf7,
    0xbf, 0xef, 0xbf, 0xef, 0xbf, 0xef, 0xbf, 0xef, 0xbf, 0xf7, 0xbf, 0xef,
    0xbf, 0xf7, 0xbf, 0xf7, 0xbf, 0xef, 0xbf, 0xef, 0xbf, 0xf7, 0xbf, 0xf7,
    0xdf, 0xf7, 0xbf, 0xef, 0xbf, 0xef, 0xbf, 0xf7, 0xbf, 0xef, 0xbf, 0xf7,
    0xbf, 0xf7, 0xdf, 0xef, 0xbf, 0xf7, 0xbf, 0xef, 0xdf, 0xef, 0xdf, 0xf7,
    0xbf, 0xef, 0xbf, 0xef, 0xbf, 0xf7, 0xdf, 0xf7, 0xbf, 0xef, 0xdf, 0xef,
    0xbf, 0xf7, 0xdf, 0xef, 0xbf, 0xf7, 0xbf, 0xf7, 0xdf, 0xf7, 0xdf, 0xf7,
    0xbf, 0xef, 0xbf, 0xf7, 0xbf, 0xef, 0xdf, 0xf7, 0xdf, 0xf7, 0xbf, 0xef,
    0xbf, 0xef, 0xbf, 0xf7, 0xdf, 0xf7, 0xdf, 0xef, 0xbf, 0xf7, 0xdf, 0xf7,
    0xdf, 0xf7, 0xbf, 0xf7, 0xdf, 0xef, 0xdf, 0xf7, 0xbf, 0xf7, 0xdf, 0xef,
    0xbf, 0xf7, 0xdf, 0xf7, 0xdf, 0xf7, 0xdf, 0xf7, 0xdf, 0xf7, 0xbf, 0xf7,
    0xdf, 0xef, 0xdf, 0xf7, 0xbf, 0xef, 0xdf, 0xf7, 0xdf, 0xf7, 0xbf, 0xf7,
    0xdf, 0xf7, 0xbf, 0xef, 0xbf, 0xf7, 0xbf, 0xef, 0xbf, 0xf7, 0xbf, 0xf7,
    0xdf, 0xf7, 0xff, 0xff, 0xff, 0xff, 0xff, 0xff, 0xff, 0xff, 0xff, 0xff,
    0xff, 0xff, 0xff, 0xff, 0xff, 0xff, 0xff, 0xff, 0xff, 0xff, 0xdf, 0xf7,
    0x9f, 0xe7, 0x9f, 0xe7, 0x9f, 0xe7, 0x7f, 0xe7, 0x7f, 0xe7, 0x7f, 0xe7,
    0x9f, 0xe7, 0x7f, 0xe7, 0x9f, 0xe7, 0x9f, 0xe7, 0x9f, 0xe7, 0x7f, 0xe7,
    0x9f, 0xe7, 0x9f, 0xe7, 0x7f, 0xe7, 0x9f, 0xe7, 0x7f, 0xe7, 0x9f, 0xe7,
    0x7f, 0xe7, 0x9f, 0xe7, 0x9f, 0xe7, 0x9f, 0xe7, 0x7f, 0xe7, 0x9f, 0xe7,
    0x9f, 0xe7, 0x7f, 0xe7, 0x9f, 0xe7, 0x9f, 0xe7, 0x7f, 0xe7, 0x9f, 0xe7,
    0x9f, 0xe7, 0x9f, 0xe7, 0x7f, 0xe7, 0x9f, 0xe7, 0x9f, 0xe7, 0x9f, 0xe7,
    0x7f, 0xe7, 0x9f, 0xe7, 0x9f, 0xe7, 0x9f, 0xe7, 0x7f, 0xe7, 0x9f, 0xe7,
    0x7f, 0xe7, 0x9f, 0xe7, 0x9f, 0xe7, 0x9f, 0xe7, 0x9f, 0xe7, 0x9f, 0xe7,
    0x9f, 0xe7, 0x9f, 0xe7, 0x9f, 0xe7, 0x9f, 0xe7, 0x9f, 0xe7, 0x7f, 0xe7,
    0x9f, 0xe7, 0x9f, 0xe7, 0x9f, 0xe7, 0x9f, 0xef, 0xbf, 0xef, 0xde, 0xc6,
    0xfc, 0x85, 0xfd, 0x8d, 0xfc, 0x8d, 0xfd, 0x8d, 0xfd, 0x8d, 0xfc, 0x8d,
    0x1d, 0x8e, 0xfd, 0x8d, 0x1d, 0x96, 0x1c, 0x8e, 0x1d, 0x8e, 0xfc, 0x8d,
    0x5d, 0xa6, 0x9f, 0xe7, 0x9f, 0xe7, 0x9f, 0xe7, 0x7f, 0xe7, 0x9f, 0xe7,
    0x9f, 0xe7, 0x9f, 0xe7, 0x9f, 0xef, 0x9f, 0xe7, 0x9f, 0xe7, 0x9f, 0xef,
    0x9f, 0xe7, 0x9f, 0xef, 0x9f, 0xe7, 0x9f, 0xe7, 0x9f, 0xe7, 0x9f, 0xe7,
    0x9f, 0xef, 0x9f, 0xe7, 0x9f, 0xe7, 0x7f, 0xef, 0x9f, 0xe7, 0x9f, 0xe7,
    0x9f, 0xef, 0x9f, 0xe7, 0x9f, 0xe7, 0x9f, 0xef, 0x9f, 0xe7, 0x9f, 0xe7,
    0x9f, 0xe7, 0x9f, 0xef, 0x9f, 0xe7, 0x9f, 0xe7, 0x9f, 0xef, 0x9f, 0xe7,
    0x9f, 0xe7, 0xbf, 0xef, 0x9f, 0xe7, 0x9f, 0xef, 0x9f, 0xef, 0x9f, 0xe7,
    0x9f, 0xef, 0xbf, 0xe7, 0x9f, 0xe7, 0x9f, 0xef, 0x9f, 0xef, 0x9f, 0xef,
    0x9f, 0xe7, 0xbf, 0xef, 0x9f, 0xe7, 0x9f, 0xef, 0xbf, 0xef, 0xbf, 0xef,
    0xbf, 0xe7, 0xbf, 0xef, 0xbf, 0xef, 0x9f, 0xef, 0xbf, 0xef, 0x9f, 0xef,
    0xbf, 0xef, 0x9f, 0xef, 0xbf, 0xef, 0xbf, 0xef, 0x9f, 0xef, 0xbf, 0xef,
    0xbf, 0xef, 0x9f, 0xef, 0xbf, 0xef, 0xbf, 0xef, 0xbf, 0xef, 0xbf, 0xef,
    0xbf, 0xf7, 0xbf, 0xef, 0xbf, 0xef, 0xbf, 0xf7, 0xbf, 0xef, 0xbf, 0xef,
    0xbf, 0xef, 0xbf, 0xef, 0xbf, 0xef, 0xbf, 0xf7, 0xbf, 0xef, 0xbf, 0xef,
    0xbf, 0xf7, 0xbf, 0xf7, 0xbf, 0xef, 0xbf, 0xf7, 0xbf, 0xef, 0xbf, 0xef,
    0xbf, 0xef, 0xdf, 0xf7, 0xbf, 0xef, 0xdf, 0xef, 0xbf, 0xf7, 0xbf, 0xef,
    0xdf, 0xf7, 0xbf, 0xf7, 0xbf, 0xef, 0xdf, 0xef, 0xbf, 0xf7, 0xbf, 0xef,
    0xbf, 0xf7, 0xdf, 0xf7, 0xdf, 0xf7, 0xbf, 0xef, 0xdf, 0xf7, 0xbf, 0xf7,
    0xdf, 0xef, 0xbf, 0xf7, 0xbf, 0xef, 0xbf, 0xf7, 0xdf, 0xf7, 0xdf, 0xf7,
    0xbf, 0xf7, 0xbf, 0xef, 0xbf, 0xf7, 0xbf, 0xf7, 0xdf, 0xef, 0xdf, 0xf7,
    0xbf, 0xf7, 0xbf, 0xf7, 0xbf, 0xf7, 0xdf, 0xf7, 0xbf, 0xf7, 0xbf, 0xf7,
    0xdf, 0xf7, 0xbf, 0xf7, 0xbf, 0xef, 0xbf, 0xf7, 0xbf, 0xef, 0xdf, 0xef,
    0xbf, 0xf7, 0xbf, 0xf7, 0xbf, 0xf7, 0xbf, 0xef, 0xbf, 0xf7, 0xdf, 0xf7,
    0xdf, 0xf7, 0xbf, 0xef, 0xbf, 0xef, 0xbf, 0xf7, 0xbf, 0xf7, 0xdf, 0xf7,
    0xbf, 0xf7, 0xbf, 0xf7, 0xdf, 0xf7, 0xdf, 0xf7, 0xbf, 0xf7, 0xdf, 0xef,
    0xdf, 0xf7, 0xbf, 0xf7, 0xbf, 0xf7, 0xdf, 0xf7, 0xbf, 0xf7, 0xbf, 0xef,
    0xbf, 0xef, 0xff, 0xff, 0xff, 0xff, 0xff, 0xff, 0xff, 0xff, 0xff, 0xff,
    0xff, 0xff, 0xff, 0xff, 0xff, 0xff, 0xff, 0xff, 0xff, 0xff, 0xdf, 0xf7,
    0x9f, 0xe7, 0x9f, 0xe7, 0x7f, 0xe7, 0x7f, 0xe7, 0x9f, 0xe7, 0x9f, 0xe7,
    0x7f, 0xe7, 0x7f, 0xe7, 0x9f, 0xe7, 0x9f, 0xe7, 0x9f, 0xe7, 0x9f, 0xe7,
    0x9f, 0xe7, 0x9f, 0xe7, 0x9f, 0xe7, 0x9f, 0xe7, 0x7f, 0xe7, 0x9f, 0xe7,
    0x9f, 0xdf, 0x7f, 0xe7, 0x7f, 0xe7, 0x9f, 0xe7, 0x7f, 0xe7, 0x9f, 0xe7,
    0x9f, 0xe7, 0x7f, 0xe7, 0x9f, 0xe7, 0x9f, 0xe7, 0x9f, 0xe7, 0x7f, 0xe7,
    0x9f, 0xe7, 0x9f, 0xe7, 0x9f, 0xe7, 0x9f, 0xe7, 0x9f, 0xe7, 0x9f, 0xe7,
    0x9f, 0xe7, 0x7f, 0xe7, 0x9f, 0xe7, 0x9f, 0xe7, 0x9f, 0xe7, 0x9f, 0xe7,
    0x7f, 0xe7, 0x7f, 0xe7, 0x9f, 0xe7, 0x9f, 0xe7, 0x7f, 0xe7, 0x9f, 0xe7,
    0x9f, 0xe7, 0x7f, 0xe7, 0x9f, 0xe7, 0x9f, 0xe7, 0x9f, 0xe7, 0x9f, 0xe7,
    0x7f, 0xe7, 0x9f, 0xe7, 0x9f, 0xe7, 0x9f, 0xef, 0x9f, 0xef, 0x9f, 0xe7,
    0x1d, 0x96, 0xdc, 0x85, 0xfd, 0x8d, 0xfc, 0x8d, 0xfd, 0x8d, 0x1d, 0x8e,
    0x1c, 0x8e, 0xfd, 0x8d, 0x1d, 0x8e, 0x1c, 0x8e, 0x1d, 0x8e, 0xfc, 0x8d,
    0x5d, 0x9e, 0x9f, 0xe7, 0x9f, 0xe7, 0x9f, 0xe7, 0x9f, 0xef, 0x9f, 0xe7,
    0x9f, 0xef, 0x9f, 0xe7, 0x9f, 0xe7, 0x9f, 0xe7, 0x9f, 0xef, 0x9f, 0xe7,
    0x7f, 0xe7, 0x9f, 0xef, 0x9f, 0xe7, 0x9f, 0xe7, 0x9f, 0xe7, 0x9f, 0xef,
    0x9f, 0xe7, 0x9f, 0xe7, 0x9f, 0xef, 0x9f, 0xe7, 0x9f, 0xe7, 0x9f, 0xef,
    0x9f, 0xe7, 0x9f, 0xe7, 0x9f, 0xe7, 0x9f, 0xef, 0x9f, 0xe7, 0x9f, 0xef,
    0x9f, 0xef, 0x9f, 0xe7, 0x9f, 0xe7, 0x9f, 0xef, 0xbf, 0xe7, 0x9f, 0xe7,
    0x9f, 0xef, 0x9f, 0xe7, 0xbf, 0xe7, 0x9f, 0xef, 0xbf, 0xef, 0x9f, 0xef,
    0x9f, 0xef, 0x9f, 0xef, 0x9f, 0xe7, 0x9f, 0xef, 0xbf, 0xef, 0xbf, 0xe7,
    0x9f, 0xef, 0x9f, 0xef, 0x9f, 0xe7, 0xbf, 0xef, 0x9f, 0xe7, 0x9f, 0xe7,
    0x9f, 0xef, 0xbf, 0xef, 0x9f, 0xe7, 0x9f, 0xef, 0xbf, 0xef, 0xbf, 0xef,
    0x9f, 0xef, 0x9f, 0xef, 0x9f, 0xef, 0x9f, 0xef, 0x9f, 0xef, 0xbf, 0xef,
    0xbf, 0xef, 0x9f, 0xef, 0xbf, 0xef, 0xbf, 0xef, 0xbf, 0xef, 0xbf, 0xef,
    0xbf, 0xef, 0xbf, 0xf7, 0xbf, 0xef, 0xbf, 0xef, 0xbf, 0xf7, 0xbf, 0xf7,
    0xbf, 0xef, 0xbf, 0xef, 0xbf, 0xf7, 0xbf, 0xef, 0xbf, 0xf7, 0xbf, 0xef,
    0xbf, 0xef, 0xbf, 0xef, 0xbf, 0xf7, 0xbf, 0xf7, 0xbf, 0xef, 0xbf, 0xf7,
    0xbf, 0xf7, 0xbf, 0xef, 0xbf, 0xf7, 0xbf, 0xf7, 0xdf, 0xef, 0xbf, 0xef,
    0xbf, 0xf7, 0xbf, 0xef, 0xbf, 0xf7, 0xbf, 0xf7, 0xbf, 0xef, 0xbf, 0xf7,
    0xbf, 0xef, 0xdf, 0xf7, 0xbf, 0xef, 0xdf, 0xf7, 0xbf, 0xef, 0xbf, 0xf7,
    0xdf, 0xf7, 0xbf, 0xf7, 0xbf, 0xf7, 0xdf, 0xf7, 0xdf, 0xf7, 0xbf, 0xf7,
    0xbf, 0xef, 0xbf, 0xf7, 0xdf, 0xf7, 0xdf, 0xf7, 0xbf, 0xef, 0xbf, 0xf7,
    0xdf, 0xf7, 0xbf, 0xef, 0xdf, 0xef, 0xdf, 0xf7, 0xbf, 0xef, 0xbf, 0xf7,
    0xbf, 0xf7, 0xdf, 0xf7, 0xdf, 0xf7, 0xbf, 0xf7, 0xdf, 0xf7, 0xbf, 0xef,
    0xbf, 0xef, 0xbf, 0xf7, 0xdf, 0xf7, 0xbf, 0xf7, 0xbf, 0xef, 0xdf, 0xf7,
    0xbf, 0xf7, 0xdf, 0xf7, 0xdf, 0xf7, 0xbf, 0xf7, 0xdf, 0xf7, 0xdf, 0xf7,
    0xbf, 0xf7, 0xbf, 0xf7, 0xdf, 0xf7, 0xdf, 0xf7, 0xdf, 0xf7, 0xdf, 0xf7,
    0xbf, 0xf7, 0xdf, 0xf7, 0xbf, 0xef, 0xdf, 0xf7, 0xbf, 0xf7, 0xbf, 0xf7,
    0xdf, 0xf7, 0xff, 0xff, 0xff, 0xff, 0xff, 0xff, 0xff, 0xff, 0xff, 0xff,
    0xff, 0xff, 0xff, 0xff, 0xff, 0xff, 0xff, 0xff, 0xff, 0xff, 0xdf, 0xf7,
    0x7f, 0xe7, 0x9f, 0xe7, 0x7f, 0xe7, 0x7f, 0xe7, 0x9f, 0xe7, 0x9f, 0xe7,
    0x7f, 0xe7, 0x9f, 0xe7, 0x7f, 0xe7, 0x7f, 0xe7, 0x9f, 0xe7, 0x9f, 0xe7,
    0x9f, 0xe7, 0x7f, 0xe7, 0x9f, 0xe7, 0x9f, 0xe7, 0x9f, 0xe7, 0x7f, 0xe7,
    0x9f, 0xe7, 0x9f, 0xe7, 0x9f, 0xe7, 0x7f, 0xe7, 0x7f, 0xe7, 0x9f, 0xe7,
    0x9f, 0xe7, 0x9f, 0xe7, 0x9f, 0xe7, 0x9f, 0xe7, 0x7f, 0xe7, 0x9f, 0xe7,
    0x9f, 0xe7, 0x9f, 0xe7, 0x9f, 0xe7, 0x7f, 0xe7, 0x9f, 0xe7, 0x9f, 0xe7,
    0x9f, 0xe7, 0x7f, 0xe7, 0x9f, 0xe7, 0x9f, 0xe7, 0x7f, 0xe7, 0x9f, 0xe7,
    0x7f, 0xe7, 0x9f, 0xe7, 0x9f, 0xe7, 0x9f, 0xe7, 0x7f, 0xe7, 0x9f, 0xe7,
    0x9f, 0xe7, 0x9f, 0xe7, 0x9f, 0xe7, 0x9f, 0xe7, 0x9f, 0xef, 0x9f, 0xe7,
    0x9f, 0xef, 0x9f, 0xe7, 0x9f, 0xe7, 0x9f, 0xe7, 0x9f, 0xef, 0xbf, 0xef,
    0x3f, 0xcf, 0x3d, 0x96, 0xfd, 0x8d, 0x1d, 0x8e, 0x1d, 0x96, 0x1d, 0x8e,
    0xfc, 0x8d, 0xfd, 0x8d, 0x1d, 0x96, 0x1d, 0x96, 0xfd, 0x8d, 0xdc, 0x85,
    0xbe, 0xb6, 0x9f, 0xef, 0x9f, 0xe7, 0x9f, 0xef, 0x9f, 0xe7, 0x9f, 0xe7,
    0x9f, 0xe7, 0x9f, 0xef, 0x9f, 0xe7, 0x9f, 0xef, 0x9f, 0xe7, 0x9f, 0xe7,
    0x9f, 0xef, 0x9f, 0xe7, 0x7f, 0xef, 0x9f, 0xef, 0x9f, 0xe7, 0x9f, 0xe7,
    0x9f, 0xef, 0x9f, 0xe7, 0x9f, 0xe7, 0x9f, 0xe7, 0x9f, 0xef, 0x9f, 0xe7,
    0x9f, 0xe7, 0x9f, 0xef, 0x9f, 0xef, 0x9f, 0xe7, 0x9f, 0xef, 0x9f, 0xe7,
    0x9f, 0xef, 0x9f, 0xe7, 0x9f, 0xef, 0xbf, 0xef, 0x9f, 0xef, 0x9f, 0xe7,
    0x9f, 0xef, 0x9f, 0xef, 0x9f, 0xe7, 0x9f, 0xe7, 0x9f, 0xef, 0xbf, 0xe7,
    0x9f, 0xe7, 0xbf, 0xef, 0x9f, 0xef, 0x9f, 0xe7, 0x9f, 0xef, 0x9f, 0xe7,
    0x9f, 0xef, 0x9f, 0xef, 0x9f, 0xef, 0x9f, 0xef, 0xbf, 0xef, 0xbf, 0xef,
    0x9f, 0xef, 0x9f, 0xef, 0xbf, 0xef, 0x9f, 0xef, 0x9f, 0xef, 0xbf, 0xe7,
    0xbf, 0xef, 0xbf, 0xef, 0xbf, 0xef, 0xbf, 0xef, 0xbf, 0xef, 0xbf, 0xef,
    0xbf, 0xef, 0xbf, 0xef, 0xbf, 0xef, 0xbf, 0xef, 0xbf, 0xf7, 0x9f, 0xef,
    0xbf, 0xef, 0xbf, 0xef, 0xbf, 0xef, 0xbf, 0xef, 0xbf, 0xf7, 0xbf, 0xef,
    0x9f, 0xef, 0xbf, 0xf7, 0xbf, 0xef, 0xbf, 0xef, 0xbf, 0xf7, 0xbf, 0xef,
    0xbf, 0xef, 0xbf, 0xf7, 0xbf, 0xef, 0xbf, 0xef, 0xbf, 0xf7, 0xbf, 0xef,
    0xbf, 0xf7, 0xbf, 0xef, 0xbf, 0xf7, 0xbf, 0xef, 0xbf, 0xf7, 0xbf, 0xef,
    0xbf, 0xef, 0xdf, 0xf7, 0xbf, 0xef, 0xbf, 0xf7, 0xbf, 0xf7, 0xbf, 0xef,
    0xbf, 0xf7, 0xbf, 0xf7, 0xbf, 0xef, 0xbf, 0xf7, 0xdf, 0xf7, 0xbf, 0xf7,
    0xdf, 0xf7, 0xdf, 0xef, 0xbf, 0xf7, 0xdf, 0xef, 0xbf, 0xf7, 0xbf, 0xf7,
    0xbf, 0xef, 0xbf, 0xf7, 0xbf, 0xf7, 0xdf, 0xef, 0xbf, 0xf7, 0xbf, 0xf7,
    0xdf, 0xf7, 0xbf, 0xf7, 0xbf, 0xef, 0xdf, 0xf7, 0xbf, 0xf7, 0xbf, 0xef,
    0xbf, 0xef, 0xdf, 0xf7, 0xbf, 0xef, 0xbf, 0xf7, 0xbf, 0xf7, 0xdf, 0xf7,
    0xdf, 0xf7, 0xdf, 0xf7, 0xbf, 0xef, 0xbf, 0xf7, 0xbf, 0xef, 0xdf, 0xf7,
    0xbf, 0xf7, 0xbf, 0xf7, 0xdf, 0xf7, 0xdf, 0xef, 0xbf, 0xf7, 0xbf, 0xf7,
    0xdf, 0xef, 0xdf, 0xf7, 0xbf, 0xf7, 0xbf, 0xf7, 0xbf, 0xf7, 0xbf, 0xef,
    0xdf, 0xf7, 0xdf, 0xf7, 0xbf, 0xf7, 0xdf, 0xef, 0xdf, 0xf7, 0xbf, 0xf7,
    0xdf, 0xf7, 0xff, 0xff, 0xff, 0xff, 0xff, 0xff, 0xff, 0xff, 0xff, 0xff,
    0xff, 0xff, 0xff, 0xff, 0xff, 0xff, 0xff, 0xff, 0xff, 0xff, 0xdf, 0xf7,
    0x9f, 0xe7, 0x9f, 0xe7, 0x9f, 0xe7, 0x7f, 0xe7, 0x9f, 0xe7, 0x7f, 0xe7,
    0x9f, 0xe7, 0x9f, 0xe7, 0x9f, 0xe7, 0x9f, 0xe7, 0x7f, 0xe7, 0x9f, 0xe7,
    0x9f, 0xe7, 0x7f, 0xe7, 0x9f, 0xe7, 0x7f, 0xe7, 0x7f, 0xe7, 0x9f, 0xe7,
    0x7f, 0xe7, 0x9f, 0xe7, 0x9f, 0xe7, 0x9f, 0xe7, 0x9f, 0xe7, 0x9f, 0xe7,
    0x9f, 0xe7, 0x7f, 0xe7, 0x9f, 0xe7, 0x7f, 0xe7, 0x7f, 0xe7, 0x9f, 0xe7,
    0x9f, 0xe7, 0x7f, 0xe7, 0x7f, 0xe7, 0x9f, 0xe7, 0x7f, 0xe7, 0x7f, 0xe7,
    0x7f, 0xe7, 0x9f, 0xe7, 0x7f, 0xe7, 0x7f, 0xe7, 0x7f, 0xe7, 0x9f, 0xe7,
    0x9f, 0xe7, 0x9f, 0xe7, 0x9f, 0xe7, 0x7f, 0xe7, 0x7f, 0xe7, 0x7f, 0xe7,
    0x9f, 0xe7, 0x9f, 0xe7, 0x7f, 0xe7, 0x9f, 0xe7, 0x7f, 0xe7, 0x9f, 0xe7,
    0x9f, 0xe7, 0x9f, 0xef, 0x9f, 0xef, 0x9f, 0xe7, 0x9f, 0xe7, 0x9f, 0xe7,
    0xbf, 0xf7, 0x1f, 0xc7, 0xfc, 0x8d, 0x1d, 0x96, 0x1d, 0x96, 0x1c, 0x8e,
    0x1d, 0x8e, 0x1d, 0x96, 0x1c, 0x8e, 0x1d, 0x8e, 0xfd, 0x8d, 0xdc, 0x85,
    0x1f, 0xcf, 0x9f, 0xef, 0x9f, 0xe7, 0x9f, 0xef, 0x9f, 0xe7, 0x9f, 0xe7,
    0x7f, 0xe7, 0x9f, 0xe7, 0x9f, 0xe7, 0x9f, 0xef, 0x9f, 0xe7, 0x9f, 0xef,
    0x9f, 0xe7, 0x9f, 0xe7, 0x9f, 0xe7, 0x9f, 0xe7, 0x9f, 0xe7, 0x9f, 0xe7,
    0x9f, 0xef, 0x9f, 0xef, 0x9f, 0xe7, 0x9f, 0xef, 0x9f, 0xe7, 0x9f, 0xe7,
    0x9f, 0xef, 0x9f, 0xe7, 0x9f, 0xe7, 0x9f, 0xe7, 0x9f, 0xe7, 0x9f, 0xe7,
    0x9f, 0xef, 0x9f, 0xef, 0x9f, 0xe7, 0x9f, 0xe7, 0x9f, 0xef, 0xbf, 0xe7,
    0xbf, 0xe7, 0x9f, 0xef, 0x9f, 0xe7, 0xbf, 0xe7, 0x9f, 0xef, 0x9f, 0xef,
    0x9f, 0xe7, 0x9f, 0xe7, 0xbf, 0xef, 0x9f, 0xef, 0x9f, 0xef, 0x9f, 0xef,
    0x9f, 0xe7, 0xbf, 0xef, 0x9f, 0xef, 0x9f, 0xef, 0xbf, 0xef, 0xbf, 0xef,
    0x9f, 0xef, 0xbf, 0xef, 0xbf, 0xef, 0x9f, 0xef, 0xbf, 0xef, 0x9f, 0xef,
    0xbf, 0xef, 0x9f, 0xef, 0xbf, 0xef, 0x9f, 0xef, 0xbf, 0xef, 0xbf, 0xef,
    0x9f, 0xef, 0xbf, 0xef, 0xbf, 0xef, 0xbf, 0xef, 0xbf, 0xef, 0xbf, 0xef,
    0xbf, 0xf7, 0xbf, 0xef, 0xbf, 0xef, 0xbf, 0xf7, 0xbf, 0xef, 0xbf, 0xef,
    0xbf, 0xef, 0xbf, 0xf7, 0xbf, 0xef, 0xbf, 0xef, 0xbf, 0xf7, 0xbf, 0xef,
    0xbf, 0xf7, 0xbf, 0xef, 0xbf, 0xef, 0xbf, 0xef, 0xbf, 0xef, 0xbf, 0xf7,
    0xdf, 0xef, 0xbf, 0xf7, 0xbf, 0xef, 0xbf, 0xef, 0xbf, 0xf7, 0xdf, 0xf7,
    0xbf, 0xf7, 0xbf, 0xef, 0xbf, 0xf7, 0xbf, 0xf7, 0xdf, 0xf7, 0xbf, 0xf7,
    0xbf, 0xef, 0xdf, 0xf7, 0xbf, 0xf7, 0xbf, 0xef, 0xbf, 0xf7, 0xdf, 0xef,
    0xbf, 0xef, 0xbf, 0xf7, 0xdf, 0xf7, 0xdf, 0xf7, 0xbf, 0xef, 0xbf, 0xf7,
    0xdf, 0xf7, 0xbf, 0xf7, 0xbf, 0xef, 0xbf, 0xf7, 0xbf, 0xf7, 0xbf, 0xef,
    0xdf, 0xf7, 0xbf, 0xf7, 0xbf, 0xf7, 0xdf, 0xf7, 0xbf, 0xf7, 0xbf, 0xf7,
    0xbf, 0xf7, 0xbf, 0xef, 0xdf, 0xf7, 0xff, 0xff, 0xff, 0xff, 0xff, 0xff,
    0xff, 0xff, 0xff, 0xff, 0xff, 0xff, 0xff, 0xff, 0xdf, 0xf7, 0xbf, 0xef,
    0xbf, 0xf7, 0xdf, 0xef, 0xbf, 0xf7, 0xbf, 0xf7, 0xbf, 0xef, 0xdf, 0xf7,
    0xbf, 0xf7, 0xdf, 0xf7, 0xbf, 0xef, 0xdf, 0xf7, 0xdf, 0xf7, 0xbf, 0xef,
    0xbf, 0xf7, 0xdf, 0xf7, 0xbf, 0xf7, 0xbf, 0xf7, 0xdf, 0xef, 0xbf, 0xf7,
    0xbf, 0xef, 0xff, 0xff, 0xff, 0xff, 0xff, 0xff, 0xff, 0xff, 0xff, 0xff,
    0xff, 0xff, 0xff, 0xff, 0xff, 0xff, 0xff, 0xff, 0xff, 0xff, 0xdf, 0xf7,
    0x9f, 0xe7, 0x9f, 0xe7, 0x9f, 0xe7, 0x9f, 0xe7, 0x7f, 0xe7, 0x7f, 0xe7,
    0x9f, 0xe7, 0x9f, 0xe7, 0x9f, 0xe7, 0x9f, 0xe7, 0x7f, 0xe7, 0x9f, 0xe7,
    0x9f, 0xe7, 0x7f, 0xe7, 0x9f, 0xe7, 0x9f, 0xe7, 0x7f, 0xe7, 0x9f, 0xe7,
    0x9f, 0xe7, 0x9f, 0xe7, 0x7f, 0xe7, 0x7f, 0xe7, 0x9f, 0xe7, 0x9f, 0xe7,
    0x7f, 0xe7, 0x9f, 0xe7, 0x7f, 0xe7, 0x9f, 0xe7, 0x9f, 0xe7, 0x7f, 0xe7,
    0x7f, 0xe7, 0x7f, 0xe7, 0x9f, 0xe7, 0x7f, 0xe7, 0x7f, 0xe7, 0x9f, 0xe7,
    0x9f, 0xe7, 0x9f, 0xe7, 0x7f, 0xe7, 0x9f, 0xe7, 0x9f, 0xe7, 0x9f, 0xe7,
    0x9f, 0xe7, 0x7f, 0xe7, 0x9f, 0xe7, 0x9f, 0xe7, 0x9f, 0xe7, 0x9f, 0xe7,
    0x9f, 0xe7, 0x9f, 0xe7, 0x9f, 0xe7, 0x9f, 0xe7, 0x9f, 0xe7, 0x7f, 0xe7,
    0x9f, 0xe7, 0x9f, 0xef, 0x9f, 0xe7, 0x9f, 0xef, 0x9f, 0xe7, 0x9f, 0xe7,
    0xbf, 0xf7, 0xfe, 0xc6, 0xfd, 0x85, 0x1d, 0x96, 0x1d, 0x96, 0x1d, 0x8e,
    0x1d, 0x96, 0x1d, 0x96, 0x1c, 0x8e, 0x1d, 0x96, 0xfc, 0x8d, 0x3d, 0x9e,
    0x7f, 0xe7, 0x9f, 0xe7, 0x9f, 0xef, 0x9f, 0xe7, 0x9f, 0xe7, 0x9f, 0xef,
    0x9f, 0xe7, 0x9f, 0xe7, 0x9f, 0xe7, 0x9f, 0xef, 0x9f, 0xe7, 0x9f, 0xe7,
    0x9f, 0xef, 0x9f, 0xe7, 0x9f, 0xef, 0x9f, 0xe7, 0x9f, 0xef, 0x9f, 0xe7,
    0x9f, 0xe7, 0x9f, 0xe7, 0x9f, 0xe7, 0x9f, 0xe7, 0x7f, 0xef, 0x9f, 0xe7,
    0x7f, 0xe7, 0x9f, 0xef, 0x9f, 0xef, 0x9f, 0xef, 0x9f, 0xef, 0x9f, 0xe7,
    0x9f, 0xe7, 0xbf, 0xef, 0x9f, 0xe7, 0x9f, 0xe7, 0x9f, 0xef, 0x9f, 0xef,
    0x9f, 0xef, 0x9f, 0xef, 0x9f, 0xef, 0x9f, 0xef, 0x9f, 0xef, 0x9f, 0xef,
    0x9f, 0xef, 0x9f, 0xe7, 0xbf, 0xef, 0x9f, 0xef, 0xbf, 0xef, 0x9f, 0xe7,
    0x9f, 0xef, 0x9f, 0xef, 0xbf, 0xe7, 0xbf, 0xef, 0x9f, 0xef, 0x9f, 0xef,
    0xbf, 0xef, 0x9f, 0xe7, 0x9f, 0xef, 0xbf, 0xef, 0xbf, 0xef, 0x9f, 0xef,
    0xbf, 0xef, 0xbf, 0xef, 0xbf, 0xef, 0xbf, 0xef, 0xbf, 0xef, 0x9f, 0xef,
    0xbf, 0xef, 0xbf, 0xef, 0xbf, 0xef, 0xbf, 0xef, 0x9f, 0xef, 0xbf, 0xf7,
    0xbf, 0xef, 0xbf, 0xef, 0xbf, 0xf7, 0xbf, 0xf7, 0xbf, 0xef, 0xbf, 0xf7,
    0xbf, 0xf7, 0xbf, 0xef, 0xbf, 0xef, 0xbf, 0xf7, 0xbf, 0xef, 0xbf, 0xef,
    0xbf, 0xf7, 0xbf, 0xf7, 0xbf, 0xef, 0xbf, 0xf7, 0xbf, 0xf7, 0xbf, 0xef,
    0xbf, 0xf7, 0xbf, 0xf7, 0xbf, 0xef, 0xbf, 0xf7, 0xdf, 0xef, 0xbf, 0xf7,
    0xbf, 0xf7, 0xbf, 0xef, 0xbf, 0xf7, 0xbf, 0xf7, 0xbf, 0xef, 0xdf, 0xf7,
    0xdf, 0xf7, 0xbf, 0xf7, 0xbf, 0xf7, 0xbf, 0xef, 0xbf, 0xf7, 0xbf, 0xf7,
    0xbf, 0xef, 0xbf, 0xf7, 0xbf, 0xf7, 0xbf, 0xf7, 0xdf, 0xf7, 0xdf, 0xef,
    0xbf, 0xf7, 0xdf, 0xf7, 0xdf, 0xf7, 0xdf, 0xf7, 0xdf, 0xf7, 0xbf, 0xf7,
    0xbf, 0xef, 0xdf, 0xf7, 0xdf, 0xf7, 0xbf, 0xef, 0xbf, 0xf7, 0xdf, 0xef,
    0xbf, 0xf7, 0xff, 0xff, 0xff, 0xff, 0xff, 0xff, 0xff, 0xff, 0xff, 0xff,
    0xff, 0xff, 0xff, 0xff, 0xff, 0xff, 0xff, 0xff, 0xff, 0xff, 0xdf, 0xff,
    0xbf, 0xf7, 0xbf, 0xf7, 0xdf, 0xf7, 0xbf, 0xf7, 0xbf, 0xf7, 0xdf, 0xf7,
    0xbf, 0xf7, 0xbf, 0xf7, 0xdf, 0xf7, 0xbf, 0xf7, 0xdf, 0xf7, 0xdf, 0xf7,
    0xbf, 0xf7, 0xdf, 0xef, 0xbf, 0xf7, 0xdf, 0xf7, 0xdf, 0xf7, 0xbf, 0xf7,
    0xbf, 0xef, 0xff, 0xff, 0xff, 0xff, 0xff, 0xff, 0xff, 0xff, 0xff, 0xff,
    0xff, 0xff, 0xff, 0xff, 0xff, 0xff, 0xff, 0xff, 0xff, 0xff, 0xdf, 0xf7,
    0x9f, 0xe7, 0x9f, 0xe7, 0x9f, 0xe7, 0x9f, 0xe7, 0x7f, 0xe7, 0x9f, 0xe7,
    0x7f, 0xe7, 0x9f, 0xe7, 0x9f, 0xe7, 0x7f, 0xe7, 0x9f, 0xe7, 0x9f, 0xe7,
    0x7f, 0xe7, 0x7f, 0xe7, 0x9f, 0xe7, 0x7f, 0xe7, 0x9f, 0xe7, 0x7f, 0xe7,
    0x7f, 0xe7, 0x7f, 0xe7, 0x9f, 0xe7, 0x9f, 0xe7, 0x9f, 0xe7, 0x7f, 0xe7,
    0x7f, 0xe7, 0x9f, 0xe7, 0x9f, 0xe7, 0x7f, 0xe7, 0x9f, 0xe7, 0x9f, 0xe7,
    0x9f, 0xe7, 0x7f, 0xe7, 0x9f, 0xe7, 0x7f, 0xe7, 0x9f, 0xe7, 0x9f, 0xe7,
    0x9f, 0xe7, 0x9f, 0xe7, 0x9f, 0xe7, 0x7f, 0xe7, 0x9f, 0xe7, 0x9f, 0xe7,
    0x9f, 0xe7, 0x9f, 0xe7, 0x9f, 0xe7, 0x9f, 0xe7, 0x9f, 0xe7, 0x9f, 0xef,
    0x7f, 0xe7, 0x9f, 0xe7, 0x9f, 0xef, 0x9f, 0xef, 0x9f, 0xe7, 0x9f, 0xef,
    0x9f, 0xe7, 0x9f, 0xe7, 0x9f, 0xef, 0xbf, 0xef, 0xdf, 0xf7, 0x9f, 0xe7,
    0x7f, 0xdf, 0x5d, 0xa6, 0x1d, 0x8e, 0x3d, 0x96, 0x1d, 0x8e, 0x1d, 0x96,
    0x1d, 0x96, 0x1d, 0x8e, 0x1c, 0x8e, 0x3d, 0x9e, 0xdc, 0x85, 0xbe, 0xb6,
    0xbf, 0xef, 0xbf, 0xef, 0x9f, 0xe7, 0x9f, 0xe7, 0x9f, 0xe7, 0x9f, 0xe7,
    0x9f, 0xef, 0x9f, 0xe7, 0x7f, 0xe7, 0x9f, 0xef, 0x9f, 0xef, 0x9f, 0xe7,
    0x9f, 0xe7, 0x9f, 0xef, 0x9f, 0xe7, 0x9f, 0xef, 0x9f, 0xe7, 0x9f, 0xef,
    0x9f, 0xe7, 0x9f, 0xef, 0x9f, 0xe7, 0x9f, 0xef, 0x9f, 0xe7, 0x9f, 0xe7,
    0x9f, 0xef, 0x9f, 0xe7, 0x9f, 0xe7, 0x9f, 0xef, 0x9f, 0xef, 0x9f, 0xe7,
    0x9f, 0xef, 0x9f, 0xef, 0x9f, 0xe7, 0xbf, 0xe7, 0x9f, 0xef, 0x9f, 0xe7,
    0xbf, 0xe7, 0x9f, 0xef, 0x9f, 0xef, 0x9f, 0xe7, 0x9f, 0xe7, 0xbf, 0xef,
    0x9f, 0xef, 0x9f, 0xef, 0x9f, 0xe7, 0x9f, 0xef, 0x9f, 0xef, 0xbf, 0xe7,
    0x9f, 0xef, 0x9f, 0xef, 0xbf, 0xef, 0xbf, 0xef, 0x9f, 0xef, 0x9f, 0xef,
    0xbf, 0xef, 0xbf, 0xef, 0x9f, 0xef, 0x9f, 0xef, 0xbf, 0xe7, 0xbf, 0xef,
    0xbf, 0xef, 0xbf, 0xef, 0x9f, 0xef, 0xbf, 0xef, 0xbf, 0xef, 0xbf, 0xef,
    0xbf, 0xef, 0xbf, 0xef, 0xbf, 0xf7, 0x9f, 0xef, 0xbf, 0xef, 0xbf, 0xef,
    0xbf, 0xef, 0xbf, 0xef, 0xbf, 0xf7, 0xbf, 0xef, 0xbf, 0xef, 0xbf, 0xef,
    0xbf, 0xf7, 0xbf, 0xef, 0xbf, 0xef, 0xbf, 0xf7, 0xbf, 0xef, 0xbf, 0xef,
    0xbf, 0xef, 0xbf, 0xef, 0xbf, 0xef, 0xbf, 0xf7, 0xbf, 0xf7, 0xbf, 0xef,
    0xbf, 0xef, 0xbf, 0xf7, 0xbf, 0xf7, 0xbf, 0xf7, 0xbf, 0xef, 0xbf, 0xf7,
    0xdf, 0xf7, 0xbf, 0xef, 0xbf, 0xf7, 0xdf, 0xf7, 0xdf, 0xf7, 0xbf, 0xef,
    0xdf, 0xef, 0xdf, 0xf7, 0xbf, 0xf7, 0xdf, 0xef, 0xbf, 0xf7, 0xbf, 0xf7,
    0xdf, 0xf7, 0xdf, 0xf7, 0xbf, 0xef, 0xbf, 0xf7, 0xbf, 0xf7, 0xdf, 0xf7,
    0xbf, 0xef, 0xbf, 0xf7, 0xdf, 0xf7, 0xbf, 0xef, 0xbf, 0xef, 0xbf, 0xf7,
    0xbf, 0xf7, 0xdf, 0xf7, 0xbf, 0xef, 0xbf, 0xf7, 0xbf, 0xf7, 0xdf, 0xf7,
    0xff, 0xff, 0xff, 0xff, 0xff, 0xff, 0xff, 0xff, 0xff, 0xff, 0xff, 0xff,
    0xff, 0xff, 0xff, 0xff, 0xff, 0xff, 0xff, 0xff, 0xff, 0xff, 0xff, 0xff,
    0xff, 0xff, 0xbf, 0xf7, 0xbf, 0xef, 0xbf, 0xf7, 0xdf, 0xf7, 0xdf, 0xf7,
    0xbf, 0xf7, 0xdf, 0xf7, 0xbf, 0xf7, 0xbf, 0xf7, 0xbf, 0xf7, 0xdf, 0xf7,
    0xbf, 0xf7, 0xbf, 0xf7, 0xdf, 0xef, 0xdf, 0xf7, 0xbf, 0xf7, 0xbf, 0xf7,
    0xdf, 0xf7, 0xff, 0xff, 0xff, 0xff, 0xff, 0xff, 0xff, 0xff, 0xff, 0xff,
    0xff, 0xff, 0xff, 0xff, 0xff, 0xff, 0xff, 0xff, 0xff, 0xff, 0xdf, 0xf7,
    0x9f, 0xe7, 0x7f, 0xe7, 0x9f, 0xe7, 0x9f, 0xe7, 0x7f, 0xe7, 0x9f, 0xe7,
    0x7f, 0xe7, 0x7f, 0xe7, 0x7f, 0xe7, 0x7f, 0xe7, 0x9f, 0xe7, 0x7f, 0xe7,
    0x7f, 0xe7, 0x9f, 0xe7, 0x7f, 0xe7, 0x9f, 0xe7, 0x7f, 0xe7, 0x9f, 0xe7,
    0x7f, 0xe7, 0x9f, 0xe7, 0x7f, 0xe7, 0x9f, 0xe7, 0x9f, 0xe7, 0x7f, 0xe7,
    0x9f, 0xe7, 0x9f, 0xe7, 0x7f, 0xe7, 0x9f, 0xe7, 0x7f, 0xe7, 0x9f, 0xe7,
    0x7f, 0xe7, 0x9f, 0xe7, 0x7f, 0xe7, 0x7f, 0xe7, 0x9f, 0xe7, 0x7f, 0xe7,
    0x9f, 0xe7, 0x9f, 0xe7, 0x9f, 0xe7, 0x7f, 0xe7, 0x9f, 0xe7, 0x9f, 0xe7,
    0x7f, 0xe7, 0x9f, 0xe7, 0x9f, 0xef, 0x7f, 0xe7, 0x9f, 0xe7, 0x9f, 0xe7,
    0x7f, 0xe7, 0x9f, 0xe7, 0x9f, 0xe7, 0x9f, 0xe7, 0x9f, 0xef, 0x9f, 0xe7,
    0x9f, 0xe7, 0x9f, 0xef, 0x5f, 0xdf, 0xfe, 0xc6, 0xfe, 0xc6, 0xbe, 0xb6,
    0x1d, 0x96, 0x1d, 0x8e, 0x3d, 0x96, 0x1d, 0x96, 0x1c, 0x96, 0x1d, 0x8e,
    0x1d, 0x96, 0x1d, 0x96, 0x1d, 0x8e, 0x5d, 0xa6, 0x5d, 0x9e, 0x3f, 0xd7,
    0xdf, 0xf7, 0xbf, 0xef, 0x9f, 0xe7, 0x9f, 0xe7, 0x9f, 0xe7, 0x9f, 0xef,
    0x9f, 0xe7, 0x9f, 0xe7, 0x9f, 0xef, 0x9f, 0xe7, 0x9f, 0xe7, 0x9f, 0xef,
    0x9f, 0xe7, 0x9f, 0xe7, 0x9f, 0xef, 0x9f, 0xe7, 0x9f, 0xe7, 0x9f, 0xef,
    0x9f, 0xe7, 0x9f, 0xe7, 0x9f, 0xef, 0x9f, 0xe7, 0x9f, 0xe7, 0x9f, 0xef,
    0x9f, 0xe7, 0x9f, 0xe7, 0x9f, 0xef, 0x9f, 0xe7, 0x9f, 0xe7, 0x9f, 0xef,
    0x9f, 0xe7, 0x9f, 0xef, 0x9f, 0xef, 0xbf, 0xe7, 0x9f, 0xef, 0x9f, 0xe7,
    0xbf, 0xe7, 0x9f, 0xef, 0x9f, 0xef, 0x9f, 0xe7, 0xbf, 0xe7, 0x9f, 0xef,
    0xbf, 0xef, 0xbf, 0xe7, 0xbf, 0xef, 0xbf, 0xe7, 0x9f, 0xef, 0xbf, 0xef,
    0x9f, 0xef, 0x9f, 0xe7, 0xbf, 0xef, 0x9f, 0xef, 0xbf, 0xe7, 0x9f, 0xef,
    0xbf, 0xef, 0xbf, 0xef, 0xbf, 0xef, 0xbf, 0xef, 0x9f, 0xef, 0x9f, 0xef,
    0x9f, 0xef, 0xbf, 0xef, 0xbf, 0xef, 0xbf, 0xef, 0x9f, 0xef, 0xbf, 0xef,
    0xbf, 0xef, 0x9f, 0xef, 0xbf, 0xef, 0xbf, 0xef, 0xbf, 0xef, 0xbf, 0xef,
    0xbf, 0xef, 0xbf, 0xef, 0xbf, 0xef, 0xbf, 0xef, 0xbf, 0xef, 0xbf, 0xf7,
    0xbf, 0xef, 0xbf, 0xef, 0xbf, 0xf7, 0xbf, 0xef, 0xbf, 0xf7, 0xbf, 0xf7,
    0xbf, 0xef, 0xbf, 0xf7, 0xbf, 0xf7, 0xbf, 0xef, 0xbf, 0xef, 0xbf, 0xf7,
    0xbf, 0xef, 0xdf, 0xef, 0xbf, 0xf7, 0xbf, 0xef, 0xbf, 0xf7, 0xbf, 0xef,
    0xdf, 0xf7, 0xbf, 0xf7, 0xbf, 0xf7, 0xdf, 0xf7, 0xbf, 0xf7, 0xbf, 0xf7,
    0xbf, 0xef, 0xbf, 0xf7, 0xbf, 0xf7, 0xbf, 0xf7, 0xdf, 0xef, 0xbf, 0xf7,
    0xbf, 0xf7, 0xbf, 0xef, 0xbf, 0xf7, 0xbf, 0xf7, 0xdf, 0xef, 0xdf, 0xf7,
    0xbf, 0xf7, 0xbf, 0xef, 0xbf, 0xf7, 0xbf, 0xf7, 0xbf, 0xf7, 0xbf, 0xf7,
    0xdf, 0xf7, 0xdf, 0xf7, 0xbf, 0xf7, 0xdf, 0xf7, 0xdf, 0xf7, 0xff, 0xff,
    0xff, 0xff, 0xff, 0xff, 0xff, 0xff, 0xff, 0xff, 0xff, 0xff, 0xff, 0xff,
    0xff, 0xff, 0xff, 0xff, 0xff, 0xff, 0xff, 0xff, 0xff, 0xff, 0xff, 0xff,
    0xff, 0xff, 0xff, 0xff, 0xbf, 0xef, 0xbf, 0xf7, 0xbf, 0xf7, 0xdf, 0xef,
    0xbf, 0xf7, 0xdf, 0xf7, 0xdf, 0xf7, 0xdf, 0xef, 0xbf, 0xf7, 0xdf, 0xf7,
    0xbf, 0xef, 0xbf, 0xf7, 0xbf, 0xf7, 0xdf, 0xef, 0xbf, 0xf7, 0xdf, 0xef,
    0xdf, 0xf7, 0xff, 0xff, 0xff, 0xff, 0xff, 0xff, 0xff, 0xff, 0xff, 0xff,
    0xff, 0xff, 0xff, 0xff, 0xff, 0xff, 0xff, 0xff, 0xff, 0xff, 0xdf, 0xf7,
    0x9f, 0xe7, 0x9f, 0xe7, 0x9f, 0xe7, 0x9f, 0xe7, 0x7f, 0xe7, 0x9f, 0xe7,
    0x9f, 0xe7, 0x7f, 0xe7, 0x9f, 0xe7, 0x9f, 0xe7, 0x9f, 0xe7, 0x7f, 0xe7,
    0x9f, 0xe7, 0x9f, 0xe7, 0x9f, 0xe7, 0x9f, 0xe7, 0x7f, 0xe7, 0x9f, 0xe7,
    0x9f, 0xe7, 0x7f, 0xe7, 0x7f, 0xe7, 0x9f, 0xe7, 0x9f, 0xe7, 0x9f, 0xe7,
    0x7f, 0xe7, 0x9f, 0xe7, 0x7f, 0xe7, 0x9f, 0xe7, 0x9f, 0xe7, 0x7f, 0xe7,
    0x9f, 0xe7, 0x7f, 0xe7, 0x9f, 0xe7, 0x7f, 0xe7, 0x7f, 0xe7, 0x9f, 0xe7,
    0x9f, 0xe7, 0x9f, 0xe7, 0x7f, 0xe7, 0x7f, 0xe7, 0x9f, 0xe7, 0x9f, 0xe7,
    0x9f, 0xe7, 0x9f, 0xe7, 0x9f, 0xe7, 0x9f, 0xef, 0x7f, 0xe7, 0x9f, 0xe7,
    0x9f, 0xef, 0x9f, 0xef, 0xbf, 0xef, 0xbf, 0xef, 0xbf, 0xef, 0xbf, 0xef,
    0x9f, 0xe7, 0x1e, 0xcf, 0x1d, 0x96, 0xfc, 0x85, 0xfc, 0x85, 0x1d, 0x96,
    0x3d, 0x96, 0x1d, 0x96, 0x3d, 0x96, 0x3d, 0x96, 0x1d, 0x96, 0x1d, 0x8e,
    0x1d, 0x96, 0x3d, 0x96, 0x1d, 0x96, 0x1d, 0x96, 0x3d, 0x96, 0x5d, 0xa6,
    0xfe, 0xc6, 0x9f, 0xe7, 0xbf, 0xef, 0x9f, 0xef, 0x9f, 0xef, 0x9f, 0xef,
    0x9f, 0xe7, 0x9f, 0xe7, 0x9f, 0xef, 0x9f, 0xe7, 0x9f, 0xe7, 0x9f, 0xef,
    0x9f, 0xe7, 0x9f, 0xe7, 0x9f, 0xef, 0x9f, 0xe7, 0x9f, 0xe7, 0x9f, 0xef,
    0x9f, 0xe7, 0x9f, 0xef, 0x9f, 0xe7, 0x9f, 0xe7, 0x9f, 0xef, 0x9f, 0xe7,
    0x9f, 0xe7, 0x9f, 0xef, 0x9f, 0xef, 0x9f, 0xe7, 0x9f, 0xe7, 0x9f, 0xef,
    0x9f, 0xef, 0x9f, 0xe7, 0xbf, 0xe7, 0x9f, 0xef, 0x9f, 0xef, 0x9f, 0xe7,
    0x9f, 0xef, 0x9f, 0xef, 0xbf, 0xe7, 0x9f, 0xef, 0x9f, 0xef, 0x9f, 0xe7,
    0x9f, 0xef, 0xbf, 0xef, 0x9f, 0xe7, 0x9f, 0xef, 0xbf, 0xef, 0x9f, 0xef,
    0xbf, 0xef, 0x9f, 0xef, 0x9f, 0xef, 0xbf, 0xef, 0xbf, 0xef, 0x9f, 0xef,
    0x9f, 0xe7, 0x9f, 0xef, 0x9f, 0xef, 0xbf, 0xef, 0xbf, 0xef, 0x9f, 0xef,
    0x9f, 0xef, 0xbf, 0xef, 0xbf, 0xef, 0xbf, 0xef, 0xbf, 0xef, 0x9f, 0xef,
    0xbf, 0xef, 0xbf, 0xf7, 0xbf, 0xef, 0xbf, 0xef, 0x9f, 0xf7, 0xbf, 0xef,
    0x9f, 0xf7, 0xbf, 0xef, 0xbf, 0xef, 0xbf, 0xf7, 0xbf, 0xf7, 0xbf, 0xef,
    0xbf, 0xef, 0xbf, 0xef, 0xbf, 0xf7, 0xbf, 0xef, 0xbf, 0xef, 0xbf, 0xf7,
    0xbf, 0xef, 0xbf, 0xef, 0xbf, 0xf7, 0xbf, 0xef, 0xbf, 0xf7, 0xbf, 0xf7,
    0xbf, 0xef, 0xbf, 0xf7, 0xdf, 0xf7, 0xbf, 0xf7, 0xbf, 0xef, 0xbf, 0xf7,
    0xbf, 0xef, 0xbf, 0xef, 0xbf, 0xef, 0xdf, 0xf7, 0xdf, 0xf7, 0xbf, 0xf7,
    0xbf, 0xf7, 0xbf, 0xef, 0xbf, 0xf7, 0xdf, 0xf7, 0xdf, 0xf7, 0xdf, 0xf7,
    0xbf, 0xef, 0xbf, 0xf7, 0xdf, 0xf7, 0xdf, 0xf7, 0xdf, 0xef, 0xbf, 0xf7,
    0xbf, 0xf7, 0xdf, 0xf7, 0xdf, 0xf7, 0xdf, 0xf7, 0xdf, 0xf7, 0xdf, 0xf7,
    0xbf, 0xef, 0xbf, 0xf7, 0xdf, 0xf7, 0xbf, 0xef, 0xdf, 0xf7, 0xff, 0xff,
    0xff, 0xff, 0xff, 0xff, 0xff, 0xff, 0xff, 0xff, 0xff, 0xff, 0xff, 0xff,
    0xff, 0xff, 0xff, 0xff, 0xff, 0xff, 0xff, 0xff, 0xff, 0xff, 0xff, 0xff,
    0xff, 0xff, 0xff, 0xff, 0xdf, 0xf7, 0xbf, 0xf7, 0xdf, 0xf7, 0xbf, 0xf7,
    0xdf, 0xf7, 0xbf, 0xf7, 0xdf, 0xf7, 0xbf, 0xef, 0xdf, 0xf7, 0xdf, 0xf7,
    0xdf, 0xf7, 0xdf, 0xf7, 0xbf, 0xf7, 0xdf, 0xf7, 0xbf, 0xf7, 0xbf, 0xef,
    0xbf, 0xf7, 0xff, 0xff, 0xff, 0xff, 0xff, 0xff, 0xff, 0xff, 0xff, 0xff,
    0xff, 0xff, 0xff, 0xff, 0xff, 0xff, 0xff, 0xff, 0xff, 0xff, 0xdf, 0xf7,
    0x7f, 0xe7, 0x9f, 0xe7, 0x9f, 0xe7, 0x9f, 0xe7, 0x7f, 0xe7, 0x7f, 0xe7,
    0x9f, 0xe7, 0x7f, 0xe7, 0x7f, 0xe7, 0x9f, 0xe7, 0x7f, 0xe7, 0x9f, 0xe7,
    0x7f, 0xe7, 0x9f, 0xe7, 0x9f, 0xe7, 0x9f, 0xe7, 0x7f, 0xe7, 0x7f, 0xe7,
    0x7f, 0xe7, 0x9f, 0xe7, 0x7f, 0xe7, 0x9f, 0xe7, 0x9f, 0xe7, 0x7f, 0xe7,
    0x7f, 0xe7, 0x9f, 0xe7, 0x9f, 0xe7, 0x7f, 0xe7, 0x9f, 0xe7, 0x7f, 0xe7,
    0x7f, 0xe7, 0x9f, 0xe7, 0x9f, 0xe7, 0x9f, 0xe7, 0x9f, 0xe7, 0x9f, 0xe7,
    0x7f, 0xe7, 0x7f, 0xe7, 0x9f, 0xe7, 0x7f, 0xe7, 0x9f, 0xe7, 0x9f, 0xe7,
    0x9f, 0xe7, 0x9f, 0xe7, 0x9f, 0xe7, 0x9f, 0xe7, 0x9f, 0xef, 0x9f, 0xe7,
    0xbf, 0xef, 0x9f, 0xe7, 0x3e, 0xcf, 0xde, 0xbe, 0x9d, 0xb6, 0x9d, 0xae,
    0x9d, 0xae, 0x3d, 0x9e, 0x1d, 0x8e, 0x1d, 0x96, 0x1d, 0x8e, 0x1d, 0x8e,
    0x1d, 0x96, 0x1d, 0x96, 0x1d, 0x96, 0x1d, 0x8e, 0x1d, 0x96, 0x1d, 0x96,
    0x3c, 0x96, 0x3d, 0x96, 0x1d, 0x96, 0x3d, 0x96, 0x3d, 0x96, 0x1d, 0x8e,
    0xfc, 0x8d, 0x5d, 0x9e, 0xde, 0xbe, 0x5f, 0xd7, 0x9f, 0xe7, 0xbf, 0xef,
    0xbf, 0xef, 0x9f, 0xef, 0x9f, 0xe7, 0x9f, 0xef, 0x9f, 0xe7, 0x9f, 0xe7,
    0x9f, 0xe7, 0x7f, 0xef, 0x9f, 0xef, 0x9f, 0xe7, 0x9f, 0xe7, 0x9f, 0xef,
    0x9f, 0xef, 0x9f, 0xe7, 0x9f, 0xef, 0x9f, 0xe7, 0x9f, 0xef, 0x9f, 0xef,
    0x9f, 0xe7, 0x9f, 0xe7, 0x9f, 0xe7, 0x9f, 0xef, 0x9f, 0xef, 0x9f, 0xe7,
    0xbf, 0xe7, 0x9f, 0xef, 0x9f, 0xe7, 0x9f, 0xe7, 0x9f, 0xef, 0x9f, 0xe7,
    0x9f, 0xe7, 0xbf, 0xef, 0x9f, 0xe7, 0xbf, 0xef, 0x9f, 0xef, 0x9f, 0xe7,
    0x9f, 0xef, 0x9f, 0xef, 0xbf, 0xef, 0x9f, 0xef, 0x9f, 0xe7, 0x9f, 0xe7,
    0xbf, 0xef, 0xbf, 0xef, 0x9f, 0xef, 0xbf, 0xef, 0xbf, 0xef, 0x9f, 0xef,
    0xbf, 0xef, 0xbf, 0xef, 0x9f, 0xef, 0xbf, 0xef, 0xbf, 0xef, 0xbf, 0xef,
    0xbf, 0xef, 0x9f, 0xef, 0xbf, 0xef, 0xbf, 0xef, 0xbf, 0xef, 0xbf, 0xef,
    0xbf, 0xf7, 0xbf, 0xef, 0xbf, 0xef, 0xbf, 0xef, 0xbf, 0xef, 0xbf, 0xef,
    0xbf, 0xf7, 0xbf, 0xef, 0xbf, 0xef, 0xbf, 0xf7, 0xbf, 0xef, 0xbf, 0xef,
    0xbf, 0xf7, 0xbf, 0xef, 0xbf, 0xef, 0xbf, 0xf7, 0xbf, 0xef, 0xbf, 0xf7,
    0xbf, 0xef, 0xbf, 0xf7, 0xbf, 0xef, 0xbf, 0xef, 0xbf, 0xf7, 0xbf, 0xf7,
    0xbf, 0xef, 0xbf, 0xf7, 0xdf, 0xf7, 0xdf, 0xef, 0xbf, 0xf7, 0xdf, 0xf7,
    0xdf, 0xf7, 0xbf, 0xf7, 0xbf, 0xf7, 0xbf, 0xef, 0xdf, 0xf7, 0xdf, 0xf7,
    0xbf, 0xef, 0xdf, 0xf7, 0xdf, 0xf7, 0xbf, 0xef, 0xdf, 0xf7, 0xdf, 0xf7,
    0xdf, 0xf7, 0xdf, 0xf7, 0xbf, 0xf7, 0xbf, 0xef, 0xdf, 0xf7, 0xbf, 0xf7,
    0xdf, 0xf7, 0xdf, 0xef, 0xbf, 0xf7, 0xbf, 0xf7, 0xdf, 0xef, 0xbf, 0xf7,
    0xdf, 0xf7, 0xbf, 0xef, 0xbf, 0xf7, 0xdf, 0xf7, 0xff, 0xff, 0xff, 0xff,
    0xff, 0xff, 0xff, 0xff, 0xff, 0xff, 0xff, 0xff, 0xff, 0xff, 0xff, 0xff,
    0xff, 0xff, 0xff, 0xff, 0xff, 0xff, 0xff, 0xff, 0xff, 0xff, 0xff, 0xff,
    0xff, 0xff, 0xff, 0xff, 0xff, 0xff, 0xdf, 0xf7, 0xdf, 0xf7, 0xdf, 0xf7,
    0xbf, 0xf7, 0xbf, 0xf7, 0xdf, 0xf7, 0xdf, 0xf7, 0xbf, 0xf7, 0xbf, 0xf7,
    0xdf, 0xf7, 0xbf, 0xf7, 0xdf, 0xf7, 0xdf, 0xf7, 0xbf, 0xf7, 0xbf, 0xef,
    0xdf, 0xf7, 0xff, 0xff, 0xff, 0xff, 0xff, 0xff, 0xff, 0xff, 0xff, 0xff,
    0xff, 0xff, 0xff, 0xff, 0xff, 0xff, 0xff, 0xff, 0xff, 0xff, 0xdf, 0xf7,
    0x7f, 0xe7, 0x9f, 0xe7, 0x9f, 0xe7, 0x9f, 0xe7, 0x7f, 0xe7, 0x7f, 0xe7,
    0x9f, 0xe7, 0x7f, 0xe7, 0x7f, 0xe7, 0x9f, 0xe7, 0x7f, 0xe7, 0x7f, 0xe7,
    0x9f, 0xe7, 0x7f, 0xe7, 0x9f, 0xe7, 0x9f, 0xe7, 0x7f, 0xe7, 0x9f, 0xe7,
    0x9f, 0xe7, 0x7f, 0xe7, 0x9f, 0xe7, 0x9f, 0xe7, 0x7f, 0xe7, 0x9f, 0xe7,
    0x9f, 0xe7, 0x9f, 0xe7, 0x7f, 0xe7, 0x9f, 0xe7, 0x7f, 0xe7, 0x9f, 0xe7,
    0x9f, 0xe7, 0x9f, 0xe7, 0x9f, 0xe7, 0x9f, 0xe7, 0x9f, 0xe7, 0x9f, 0xe7,
    0x7f, 0xe7, 0x7f, 0xe7, 0x9f, 0xe7, 0x9f, 0xe7, 0x9f, 0xe7, 0x9f, 0xe7,
    0x9f, 0xef, 0x9f, 0xe7, 0x9f, 0xe7, 0x9f, 0xe7, 0xbf, 0xef, 0x9f, 0xef,
    0xde, 0xbe, 0x3d, 0x96, 0xfc, 0x8d, 0xfc, 0x8d, 0xfd, 0x8d, 0xfc, 0x8d,
    0xfc, 0x8d, 0xfd, 0x8d, 0x1d, 0x96, 0x1d, 0x96, 0x1c, 0x96, 0x1d, 0x96,
    0x1d, 0x96, 0x3d, 0x96, 0x1c, 0x96, 0x1d, 0x96, 0x1d, 0x96, 0x1d, 0x96,
    0x1d, 0x8e, 0x1d, 0x96, 0x1d, 0x96, 0x3d, 0x96, 0x1d, 0x96, 0x1d, 0x96,
    0x1d, 0x96, 0x1c, 0x8e, 0xfd, 0x8d, 0x1d, 0x96, 0x5d, 0x9e, 0xbe, 0xb6,
    0x9f, 0xe7, 0xbf, 0xef, 0x9f, 0xe7, 0x9f, 0xef, 0x9f, 0xe7, 0x9f, 0xe7,
    0x9f, 0xe7, 0x9f, 0xef, 0x9f, 0xe7, 0x9f, 0xe7, 0x9f, 0xef, 0x9f, 0xe7,
    0x9f, 0xe7, 0x9f, 0xe7, 0x9f, 0xef, 0x9f, 0xe7, 0x9f, 0xe7, 0x9f, 0xef,
    0x9f, 0xef, 0x9f, 0xe7, 0x9f, 0xe7, 0x9f, 0xef, 0x9f, 0xef, 0x9f, 0xef,
    0x9f, 0xe7, 0x9f, 0xef, 0x9f, 0xef, 0x9f, 0xe7, 0x9f, 0xef, 0x9f, 0xef,
    0x9f, 0xef, 0x9f, 0xef, 0x9f, 0xef, 0xbf, 0xe7, 0xbf, 0xef, 0x9f, 0xef,
    0xbf, 0xef, 0x9f, 0xe7, 0xbf, 0xef, 0xbf, 0xef, 0x9f, 0xef, 0x9f, 0xef,
    0xbf, 0xef, 0x9f, 0xef, 0x9f, 0xe7, 0xbf, 0xef, 0x9f, 0xef, 0x9f, 0xef,
    0xbf, 0xef, 0xbf, 0xef, 0xbf, 0xef, 0xbf, 0xef, 0xbf, 0xef, 0xbf, 0xef,
    0xbf, 0xef, 0xbf, 0xef, 0x9f, 0xef, 0xbf, 0xef, 0xbf, 0xef, 0xbf, 0xef,
    0x9f, 0xef, 0xbf, 0xef, 0x9f, 0xef, 0xbf, 0xf7, 0xbf, 0xef, 0xbf, 0xef,
    0xbf, 0xef, 0xbf, 0xef, 0xbf, 0xf7, 0xbf, 0xef, 0xbf, 0xef, 0xbf, 0xf7,
    0xbf, 0xef, 0xbf, 0xf7, 0xbf, 0xef, 0xbf, 0xef, 0xbf, 0xf7, 0xbf, 0xef,
    0xbf, 0xf7, 0xbf, 0xf7, 0xbf, 0xef, 0xbf, 0xf7, 0xbf, 0xf7, 0xdf, 0xf7,
    0xdf, 0xf7, 0xdf, 0xef, 0xbf, 0xf7, 0xdf, 0xef, 0xbf, 0xf7, 0xbf, 0xf7,
    0xbf, 0xf7, 0xbf, 0xf7, 0xbf, 0xef, 0xbf, 0xf7, 0xbf, 0xf7, 0xdf, 0xef,
    0xbf, 0xf7, 0xdf, 0xf7, 0xbf, 0xf7, 0xbf, 0xf7, 0xbf, 0xf7, 0xbf, 0xef,
    0xbf, 0xf7, 0xdf, 0xf7, 0xbf, 0xef, 0xbf, 0xf7, 0xdf, 0xf7, 0xbf, 0xf7,
    0xbf, 0xf7, 0xdf, 0xf7, 0xbf, 0xf7, 0xbf, 0xef, 0xdf, 0xf7, 0xbf, 0xf7,
    0xdf, 0xf7, 0xdf, 0xf7, 0xbf, 0xf7, 0xdf, 0xf7, 0xff, 0xff, 0xff, 0xff,
    0xff, 0xff, 0xff, 0xff, 0xff, 0xff, 0xff, 0xff, 0xff, 0xff, 0xff, 0xff,
    0xff, 0xff, 0xff, 0xff, 0xff, 0xff, 0xff, 0xff, 0xff, 0xff, 0xff, 0xff,
    0xff, 0xff, 0xff, 0xff, 0xff, 0xff, 0xdf, 0xf7, 0xbf, 0xf7, 0xbf, 0xf7,
    0xdf, 0xef, 0xdf, 0xf7, 0xbf, 0xf7, 0xdf, 0xf7, 0xbf, 0xf7, 0xdf, 0xf7,
    0xbf, 0xf7, 0xbf, 0xef, 0xbf, 0xf7, 0xbf, 0xf7, 0xdf, 0xef, 0xbf, 0xf7,
    0xdf, 0xf7, 0xff, 0xff, 0xff, 0xff, 0xff, 0xff, 0xff, 0xff, 0xff, 0xff,
    0xff, 0xff, 0xff, 0xff, 0xff, 0xff, 0xff, 0xff, 0xff, 0xff, 0xdf, 0xf7,
    0x9f, 0xe7, 0x7f, 0xe7, 0x7f, 0xe7, 0x7f, 0xe7, 0x9f, 0xe7, 0x7f, 0xe7,
    0x9f, 0xe7, 0x9f, 0xe7, 0x7f, 0xe7, 0x9f, 0xe7, 0x9f, 0xe7, 0x9f, 0xe7,
    0x7f, 0xe7, 0x7f, 0xe7, 0x7f, 0xe7, 0x9f, 0xe7, 0x7f, 0xe7, 0x9f, 0xe7,
    0x7f, 0xe7, 0x7f, 0xe7, 0x9f, 0xe7, 0x9f, 0xe7, 0x9f, 0xe7, 0x7f, 0xe7,
    0x9f, 0xe7, 0x9f, 0xe7, 0x9f, 0xe7, 0x7f, 0xe7, 0x9f, 0xe7, 0x7f, 0xe7,
    0x9f, 0xe7, 0x9f, 0xe7, 0x7f, 0xe7, 0x7f, 0xe7, 0x9f, 0xe7, 0x7f, 0xe7,
    0x9f, 0xe7, 0x9f, 0xe7, 0x7f, 0xe7, 0x9f, 0xe7, 0x9f, 0xe7, 0x9f, 0xef,
    0x9f, 0xe7, 0x9f, 0xef, 0x9f, 0xe7, 0xbf, 0xef, 0x9f, 0xef, 0x7d, 0xae,
    0xdc, 0x85, 0xfc, 0x8d, 0x1d, 0x96, 0x1d, 0x96, 0x1d, 0x96, 0xfd, 0x8d,
    0xfd, 0x8d, 0x1d, 0x8e, 0x1c, 0x96, 0x1d, 0x96, 0x1d, 0x96, 0x1d, 0x8e,
    0x1d, 0x8e, 0x1c, 0x8e, 0x1d, 0x8e, 0x3d, 0x96, 0x1d, 0x96, 0x1d, 0x8e,
    0x1d, 0x8e, 0x1d, 0x96, 0x1d, 0x8e, 0x1d, 0x8e, 0x1c, 0x96, 0x1d, 0x96,
    0x1d, 0x96, 0x1d, 0x96, 0x1d, 0x96, 0x1d, 0x96, 0x1c, 0x96, 0xfd, 0x8d,
    0x7d, 0xa6, 0x9f, 0xe7, 0x9f, 0xef, 0x9f, 0xe7, 0x9f, 0xef, 0x9f, 0xef,
    0x9f, 0xe7, 0x9f, 0xe7, 0x9f, 0xef, 0x9f, 0xe7, 0x9f, 0xe7, 0x9f, 0xef,
    0x9f, 0xe7, 0x9f, 0xef, 0x9f, 0xe7, 0x9f, 0xef, 0x9f, 0xe7, 0x9f, 0xef,
    0x9f, 0xef, 0x9f, 0xef, 0x9f, 0xe7, 0xbf, 0xe7, 0x9f, 0xef, 0x9f, 0xef,
    0xbf, 0xef, 0x9f, 0xe7, 0x9f, 0xef, 0xbf, 0xe7, 0x9f, 0xef, 0xbf, 0xef,
    0x9f, 0xe7, 0x9f, 0xe7, 0x9f, 0xef, 0x9f, 0xef, 0xbf, 0xef, 0x9f, 0xef,
    0xbf, 0xef, 0x9f, 0xe7, 0x9f, 0xe7, 0x9f, 0xef, 0x9f, 0xef, 0xbf, 0xe7,
    0xbf, 0xef, 0x9f, 0xef, 0xbf, 0xef, 0x9f, 0xef, 0xbf, 0xef, 0x9f, 0xe7,
    0x9f, 0xef, 0xbf, 0xef, 0xbf, 0xef, 0x9f, 0xef, 0x9f, 0xef, 0xbf, 0xef,
    0xbf, 0xef, 0xbf, 0xef, 0xbf, 0xef, 0x9f, 0xf7, 0xbf, 0xef, 0xbf, 0xef,
    0xbf, 0xf7, 0xbf, 0xef, 0xbf, 0xef, 0xbf, 0xf7, 0xbf, 0xef, 0xbf, 0xef,
    0xbf, 0xf7, 0xbf, 0xef, 0xbf, 0xef, 0xbf, 0xef, 0xbf, 0xf7, 0xbf, 0xef,
    0xbf, 0xef, 0xbf, 0xf7, 0xbf, 0xef, 0xbf, 0xf7, 0xbf, 0xf7, 0xbf, 0xef,
    0xbf, 0xef, 0xbf, 0xf7, 0xbf, 0xf7, 0xdf, 0xef, 0xbf, 0xef, 0xbf, 0xf7,
    0xbf, 0xef, 0xdf, 0xf7, 0xbf, 0xf7, 0xbf, 0xef, 0xbf, 0xef, 0xbf, 0xf7,
    0xdf, 0xef, 0xdf, 0xef, 0xbf, 0xf7, 0xbf, 0xf7, 0xbf, 0xf7, 0xbf, 0xf7,
    0xdf, 0xf7, 0xbf, 0xef, 0xdf, 0xf7, 0xbf, 0xf7, 0xbf, 0xef, 0xdf, 0xf7,
    0xbf, 0xf7, 0xbf, 0xf7, 0xdf, 0xf7, 0xbf, 0xf7, 0xdf, 0xf7, 0xdf, 0xf7,
    0xbf, 0xf7, 0xdf, 0xf7, 0xdf, 0xf7, 0xbf, 0xf7, 0xdf, 0xf7, 0xbf, 0xf7,
    0xbf, 0xef, 0xdf, 0xf7, 0xbf, 0xf7, 0xdf, 0xff, 0xff, 0xff, 0xff, 0xff,
    0xff, 0xff, 0xff, 0xff, 0xff, 0xff, 0xff, 0xff, 0xff, 0xff, 0xff, 0xff,
    0xff, 0xff, 0xff, 0xff, 0xff, 0xff, 0xff, 0xff, 0xff, 0xff, 0xff, 0xff,
    0xff, 0xff, 0xff, 0xff, 0xff, 0xff, 0xdf, 0xf7, 0xbf, 0xf7, 0xbf, 0xf7,
    0xdf, 0xf7, 0xbf, 0xf7, 0xbf, 0xf7, 0xdf, 0xef, 0xdf, 0xf7, 0xbf, 0xf7,
    0xdf, 0xf7, 0xdf, 0xef, 0xbf, 0xf7, 0xbf, 0xf7, 0xdf, 0xf7, 0xbf, 0xf7,
    0xbf, 0xf7, 0xff, 0xff, 0xff, 0xff, 0xff, 0xff, 0xff, 0xff, 0xff, 0xff,
    0xff, 0xff, 0xff, 0xff, 0xff, 0xff, 0xff, 0xff, 0xff, 0xff, 0xdf, 0xf7,
    0x9f, 0xe7, 0x9f, 0xe7, 0x7f, 0xe7, 0x9f, 0xe7, 0x7f, 0xe7, 0x7f, 0xe7,
    0x9f, 0xe7, 0x7f, 0xe7, 0x9f, 0xe7, 0x7f, 0xe7, 0x9f, 0xe7, 0x9f, 0xe7,
    0x9f, 0xe7, 0x9f, 0xe7, 0x7f, 0xe7, 0x7f, 0xe7, 0x9f, 0xe7, 0x7f, 0xe7,
    0x9f, 0xe7, 0x9f, 0xe7, 0x9f, 0xe7, 0x7f, 0xe7, 0x9f, 0xe7, 0x7f, 0xe7,
    0x9f, 0xe7, 0x7f, 0xe7, 0x7f, 0xe7, 0x9f, 0xe7, 0x7f, 0xe7, 0x7f, 0xe7,
    0x9f, 0xef, 0x9f, 0xe7, 0x9f, 0xef, 0x9f, 0xe7, 0x9f, 0xe7, 0x9f, 0xe7,
    0x9f, 0xe7, 0x9f, 0xe7, 0x9f, 0xe7, 0x9f, 0xe7, 0x9f, 0xef, 0x9f, 0xe7,
    0x9f, 0xe7, 0x9f, 0xef, 0xbf, 0xef, 0x7f, 0xe7, 0x3d, 0x9e, 0xdc, 0x85,
    0xfc, 0x8d, 0xfc, 0x8d, 0xfc, 0x8d, 0xfd, 0x8d, 0xfc, 0x8d, 0x1d, 0x8e,
    0x1d, 0x96, 0x1c, 0x8e, 0x1d, 0x8e, 0x1d, 0x96, 0x1d, 0x8e, 0x1d, 0x96,
    0x3d, 0x96, 0x1d, 0x96, 0x1d, 0x8e, 0x1d, 0x96, 0x3c, 0x8e, 0x1d, 0x96,
    0x3d, 0x96, 0x1c, 0x96, 0x1d, 0x8e, 0x1d, 0x96, 0x3d, 0x96, 0x1c, 0x96,
    0x3d, 0x96, 0x1d, 0x96, 0x1c, 0x96, 0x1c, 0x96, 0x3d, 0x96, 0x3d, 0x96,
    0xfc, 0x8d, 0x9e, 0xb6, 0xbf, 0xef, 0x9f, 0xe7, 0x9f, 0xe7, 0x9f, 0xef,
    0x9f, 0xe7, 0x9f, 0xe7, 0x9f, 0xef, 0x9f, 0xe7, 0x9f, 0xef, 0x9f, 0xe7,
    0x9f, 0xe7, 0x9f, 0xef, 0x9f, 0xef, 0x9f, 0xe7, 0xbf, 0xef, 0x9f, 0xe7,
    0x9f, 0xef, 0x9f, 0xef, 0x9f, 0xef, 0x9f, 0xef, 0xbf, 0xe7, 0x9f, 0xe7,
    0x9f, 0xef, 0xbf, 0xe7, 0x9f, 0xe7, 0xbf, 0xef, 0x9f, 0xef, 0x9f, 0xe7,
    0xbf, 0xe7, 0x9f, 0xef, 0x9f, 0xe7, 0x9f, 0xe7, 0x9f, 0xef, 0xbf, 0xef,
    0xbf, 0xef, 0x9f, 0xef, 0xbf, 0xe7, 0xbf, 0xef, 0x9f, 0xef, 0xbf, 0xef,
    0x9f, 0xef, 0x9f, 0xef, 0xbf, 0xef, 0xbf, 0xe7, 0x9f, 0xef, 0xbf, 0xef,
    0xbf, 0xef, 0xbf, 0xef, 0xbf, 0xef, 0xbf, 0xef, 0xbf, 0xef, 0x9f, 0xef,
    0xbf, 0xef, 0xbf, 0xef, 0x9f, 0xef, 0xbf, 0xef, 0xbf, 0xef, 0xbf, 0xef,
    0x9f, 0xf7, 0xbf, 0xef, 0xbf, 0xef, 0xbf, 0xef, 0xbf, 0xef, 0xbf, 0xf7,
    0xbf, 0xef, 0xbf, 0xef, 0xbf, 0xf7, 0xbf, 0xef, 0xbf, 0xef, 0xbf, 0xf7,
    0xbf, 0xef, 0xbf, 0xef, 0xbf, 0xf7, 0xbf, 0xef, 0xbf, 0xf7, 0xbf, 0xef,
    0xbf, 0xef, 0xbf, 0xf7, 0xdf, 0xf7, 0xbf, 0xef, 0xbf, 0xf7, 0xbf, 0xf7,
    0xbf, 0xef, 0xbf, 0xf7, 0xdf, 0xf7, 0xbf, 0xf7, 0xbf, 0xf7, 0xbf, 0xf7,
    0xbf, 0xf7, 0xdf, 0xf7, 0xbf, 0xf7, 0xdf, 0xef, 0xbf, 0xf7, 0xbf, 0xf7,
    0xbf, 0xef, 0xdf, 0xf7, 0xdf, 0xf7, 0xbf, 0xf7, 0xdf, 0xef, 0xbf, 0xf7,
    0xbf, 0xf7, 0xbf, 0xef, 0xdf, 0xf7, 0xbf, 0xf7, 0xbf, 0xf7, 0xdf, 0xef,
    0xdf, 0xf7, 0xbf, 0xf7, 0xdf, 0xf7, 0xdf, 0xf7, 0xdf, 0xf7, 0xbf, 0xf7,
    0xbf, 0xf7, 0xdf, 0xef, 0xbf, 0xf7, 0xff, 0xff, 0xff, 0xff, 0xff, 0xff,
    0xff, 0xff, 0xff, 0xff, 0xff, 0xff, 0xff, 0xff, 0xff, 0xff, 0xff, 0xff,
    0xff, 0xff, 0xff, 0xff, 0xff, 0xff, 0xff, 0xff, 0xff, 0xff, 0xff, 0xff,
    0xff, 0xff, 0xff, 0xff, 0xff, 0xff, 0xdf, 0xf7, 0xbf, 0xf7, 0xdf, 0xf7,
    0xdf, 0xf7, 0xbf, 0xf7, 0xdf, 0xf7, 0xbf, 0xf7, 0xbf, 0xf7, 0xdf, 0xef,
    0xdf, 0xf7, 0xbf, 0xf7, 0xdf, 0xf7, 0xdf, 0xf7, 0xbf, 0xf7, 0xdf, 0xef,
    0xbf, 0xf7, 0xff, 0xff, 0xff, 0xff, 0xff, 0xff, 0xff, 0xff, 0xff, 0xff,
    0xff, 0xff, 0xff, 0xff, 0xff, 0xff, 0xff, 0xff, 0xff, 0xff, 0xbf, 0xf7,
    0x7f, 0xe7, 0x9f, 0xe7, 0x9f, 0xe7, 0x7f, 0xe7, 0x9f, 0xe7, 0x9f, 0xe7,
    0x7f, 0xe7, 0x9f, 0xe7, 0x7f, 0xe7, 0x9f, 0xe7, 0x7f, 0xe7, 0x9f, 0xe7,
    0x9f, 0xe7, 0x7f, 0xe7, 0x9f, 0xe7, 0x9f, 0xe7, 0x7f, 0xe7, 0x9f, 0xe7,
    0x9f, 0xe7, 0x9f, 0xe7, 0x7f, 0xe7, 0x7f, 0xe7, 0x9f, 0xe7, 0x7f, 0xe7,
    0x9f, 0xe7, 0x7f, 0xe7, 0x9f, 0xe7, 0x9f, 0xe7, 0x7f, 0xe7, 0x9f, 0xe7,
    0x9f, 0xe7, 0x9f, 0xe7, 0x7f, 0xe7, 0x9f, 0xe7, 0x9f, 0xe7, 0x7f, 0xef,
    0x7f, 0xef, 0x9f, 0xe7, 0x9f, 0xe7, 0x9f, 0xe7, 0x9f, 0xe7, 0x9f, 0xe7,
    0x9f, 0xef, 0xbf, 0xef, 0x9f, 0xe7, 0x9e, 0xae, 0xfc, 0x8d, 0xfd, 0x8d,
    0x1d, 0x8e, 0x1d, 0x8e, 0x1d, 0x96, 0xfc, 0x8d, 0x1c, 0x8e, 0x1d, 0x96,
    0x1d, 0x8e, 0x1c, 0x96, 0x1d, 0x8e, 0x1d, 0x8e, 0x1d, 0x96, 0x1d, 0x96,
    0x1d, 0x96, 0x1d, 0x96, 0x1d, 0x96, 0x1d, 0x96, 0x1d, 0x8e, 0x1d, 0x96,
    0x1d, 0x96, 0x3d, 0x8e, 0x1d, 0x96, 0x1d, 0x96, 0x1d, 0x96, 0x1d, 0x96,
    0x1d, 0x96, 0x1d, 0x8e, 0x1d, 0x96, 0x1d, 0x96, 0x1d, 0x96, 0x3d, 0x96,
    0x1d, 0x8e, 0x1d, 0x96, 0x7f, 0xe7, 0x9f, 0xef, 0x9f, 0xe7, 0x9f, 0xe7,
    0x9f, 0xef, 0x9f, 0xef, 0x9f, 0xe7, 0x9f, 0xe7, 0x9f, 0xef, 0x9f, 0xe7,
    0x9f, 0xe7, 0x9f, 0xe7, 0x9f, 0xef, 0x9f, 0xe7, 0x9f, 0xe7, 0x9f, 0xe7,
    0xbf, 0xef, 0x9f, 0xe7, 0x9f, 0xef, 0x9f, 0xef, 0x9f, 0xef, 0x9f, 0xef,
    0x9f, 0xef, 0x9f, 0xe7, 0x9f, 0xef, 0xbf, 0xef, 0x9f, 0xe7, 0x9f, 0xef,
    0x9f, 0xef, 0x9f, 0xef, 0xbf, 0xef, 0x9f, 0xef, 0xbf, 0xe7, 0x9f, 0xef,
    0x9f, 0xef, 0x9f, 0xef, 0xbf, 0xef, 0xbf, 0xef, 0x9f, 0xef, 0x9f, 0xef,
    0xbf, 0xef, 0x9f, 0xef, 0x9f, 0xef, 0xbf, 0xef, 0x9f, 0xef, 0x9f, 0xef,
    0xbf, 0xef, 0xbf, 0xef, 0x9f, 0xef, 0xbf, 0xef, 0xbf, 0xef, 0xbf, 0xef,
    0x9f, 0xef, 0xbf, 0xef, 0xbf, 0xef, 0xbf, 0xef, 0xbf, 0xef, 0x9f, 0xef,
    0xbf, 0xef, 0xbf, 0xef, 0xbf, 0xef, 0xbf, 0xf7, 0xbf, 0xef, 0xbf, 0xef,
    0xbf, 0xef, 0xbf, 0xf7, 0xbf, 0xf7, 0xbf, 0xef, 0xbf, 0xef, 0xbf, 0xf7,
    0xbf, 0xef, 0xbf, 0xef, 0xbf, 0xf7, 0xbf, 0xf7, 0xdf, 0xf7, 0xdf, 0xf7,
    0xdf, 0xef, 0xbf, 0xf7, 0xdf, 0xf7, 0xdf, 0xf7, 0xdf, 0xf7, 0xbf, 0xf7,
    0xbf, 0xef, 0xdf, 0xf7, 0xdf, 0xef, 0xbf, 0xf7, 0xdf, 0xf7, 0xbf, 0xef,
    0xbf, 0xef, 0xbf, 0xf7, 0xdf, 0xf7, 0xdf, 0xf7, 0xdf, 0xf7, 0xdf, 0xf7,
    0xbf, 0xf7, 0xbf, 0xf7, 0xbf, 0xf7, 0xbf, 0xf7, 0xbf, 0xf7, 0xbf, 0xf7,
    0xbf, 0xef, 0xdf, 0xf7, 0xdf, 0xf7, 0xdf, 0xf7, 0xbf, 0xf7, 0xdf, 0xf7,
    0xbf, 0xf7, 0xbf, 0xf7, 0xbf, 0xef, 0xbf, 0xf7, 0xdf, 0xf7, 0xdf, 0xf7,
    0xdf, 0xf7, 0xdf, 0xf7, 0xbf, 0xef, 0xff, 0xff, 0xff, 0xff, 0xff, 0xff,
    0xff, 0xff, 0xff, 0xff, 0xff, 0xff, 0xff, 0xff, 0xff, 0xff, 0xff, 0xff,
    0xff, 0xff, 0xff, 0xff, 0xff, 0xff, 0xff, 0xff, 0xff, 0xff, 0xff, 0xff,
    0xff, 0xff, 0xff, 0xff, 0xff, 0xff, 0xdf, 0xf7, 0xbf, 0xf7, 0xdf, 0xf7,
    0xbf, 0xef, 0xdf, 0xef, 0xdf, 0xf7, 0xbf, 0xf7, 0xbf, 0xf7, 0xdf, 0xf7,
    0xbf, 0xf7, 0xbf, 0xf7, 0xbf, 0xf7, 0xdf, 0xf7, 0xbf, 0xef, 0xdf, 0xf7,
    0xdf, 0xf7, 0xff, 0xff, 0xff, 0xff, 0xff, 0xff, 0xff, 0xff, 0xff, 0xff,
    0xff, 0xff, 0xff, 0xff, 0xff, 0xff, 0xff, 0xff, 0xff, 0xff, 0xdf, 0xf7,
    0x7f, 0xe7, 0x7f, 0xe7, 0x7f, 0xe7, 0x9f, 0xe7, 0x7f, 0xe7, 0x9f, 0xe7,
    0x7f, 0xe7, 0x9f, 0xe7, 0x7f, 0xe7, 0x7f, 0xe7, 0x9f, 0xe7, 0x9f, 0xe7,
    0x7f, 0xe7, 0x7f, 0xe7, 0x9f, 0xe7, 0x7f, 0xe7, 0x7f, 0xe7, 0x9f, 0xe7,
    0x9f, 0xe7, 0x9f, 0xe7, 0x9f, 0xe7, 0x7f, 0xe7, 0x9f, 0xe7, 0x9f, 0xe7,
    0x9f, 0xe7, 0x7f, 0xe7, 0x9f, 0xe7, 0x9f, 0xef, 0x9f, 0xe7, 0x7f, 0xe7,
    0x9f, 0xe7, 0x9f, 0xe7, 0x7f, 0xe7, 0x9f, 0xe7, 0x9f, 0xe7, 0x9f, 0xe7,
    0x9f, 0xe7, 0x9f, 0xef, 0x9f, 0xe7, 0x9f, 0xe7, 0x9f, 0xef, 0xbf, 0xef,
    0x5f, 0xdf, 0xbe, 0xb6, 0x1d, 0x96, 0xdc, 0x85, 0xfc, 0x8d, 0x1d, 0x8e,
    0xfc, 0x8d, 0xfc, 0x8d, 0x1d, 0x96, 0xfd, 0x8d, 0xfd, 0x8d, 0xfc, 0x8d,
    0x1d, 0x96, 0x1d, 0x8e, 0x1d, 0x8e, 0x1c, 0x96, 0x1c, 0x8e, 0x1d, 0x8e,
    0x1d, 0x8e, 0x1c, 0x8e, 0x3d, 0x96, 0x1d, 0x96, 0x1d, 0x8e, 0x1d, 0x96,
    0x1d, 0x8e, 0x1d, 0x96, 0x1c, 0x96, 0x1d, 0x8e, 0x1d, 0x8e, 0x3d, 0x96,
    0x1c, 0x8e, 0x1c, 0x96, 0x1d, 0x96, 0x1d, 0x8e, 0x1d, 0x96, 0x1d, 0x96,
    0x1d, 0x96, 0xfc, 0x8d, 0x1e, 0xcf, 0xbf, 0xef, 0x9f, 0xe7, 0x9f, 0xe7,
    0x9f, 0xe7, 0x9f, 0xef, 0x9f, 0xe7, 0x9f, 0xe7, 0x9f, 0xef, 0x9f, 0xef,
    0x9f, 0xe7, 0x9f, 0xe7, 0x9f, 0xe7, 0x9f, 0xef, 0x9f, 0xef, 0x9f, 0xe7,
    0x9f, 0xe7, 0xbf, 0xef, 0x9f, 0xe7, 0xbf, 0xe7, 0x9f, 0xef, 0xbf, 0xef,
    0x9f, 0xe7, 0x9f, 0xef, 0x9f, 0xef, 0x9f, 0xe7, 0x9f, 0xef, 0xbf, 0xef,
    0x9f, 0xe7, 0x9f, 0xef, 0x9f, 0xef, 0xbf, 0xef, 0xbf, 0xef, 0xbf, 0xe7,
    0x9f, 0xe7, 0xbf, 0xef, 0x9f, 0xef, 0x9f, 0xef, 0xbf, 0xef, 0x9f, 0xe7,
    0xbf, 0xef, 0xbf, 0xef, 0xbf, 0xef, 0x9f, 0xef, 0xbf, 0xef, 0xbf, 0xef,
    0x9f, 0xef, 0x9f, 0xef, 0x9f, 0xef, 0xbf, 0xef, 0x9f, 0xef, 0xbf, 0xef,
    0xbf, 0xef, 0x9f, 0xef, 0xbf, 0xef, 0xbf, 0xf7, 0x9f, 0xf7, 0xbf, 0xef,
    0xbf, 0xef, 0xbf, 0xf7, 0xbf, 0xef, 0x9f, 0xef, 0xbf, 0xf7, 0xbf, 0xef,
    0xbf, 0xef, 0xbf, 0xef, 0xbf, 0xef, 0xbf, 0xf7, 0xbf, 0xef, 0xbf, 0xf7,
    0xbf, 0xef, 0xbf, 0xef, 0xbf, 0xef, 0xbf, 0xef, 0xbf, 0xf7, 0xdf, 0xf7,
    0xbf, 0xf7, 0xbf, 0xef, 0x5f, 0xd7, 0x1e, 0xc7, 0x5f, 0xd7, 0xdf, 0xf7,
    0xdf, 0xf7, 0xdf, 0xf7, 0xdf, 0xf7, 0xbf, 0xef, 0xbf, 0xf7, 0xdf, 0xf7,
    0xbf, 0xef, 0xbf, 0xf7, 0xdf, 0xf7, 0xbf, 0xef, 0xbf, 0xf7, 0xdf, 0xef,
    0xdf, 0xf7, 0xbf, 0xef, 0xbf, 0xf7, 0xdf, 0xef, 0xbf, 0xf7, 0xbf, 0xf7,
    0xdf, 0xf7, 0xdf, 0xef, 0xbf, 0xf7, 0xbf, 0xf7, 0xdf, 0xf7, 0xdf, 0xf7,
    0xbf, 0xf7, 0xdf, 0xf7, 0xdf, 0xf7, 0xbf, 0xf7, 0xdf, 0xf7, 0xdf, 0xf7,
    0xdf, 0xf7, 0xdf, 0xf7, 0xbf, 0xf7, 0xdf, 0xf7, 0xff, 0xff, 0xff, 0xff,
    0xff, 0xff, 0xff, 0xff, 0xff, 0xff, 0xff, 0xff, 0xff, 0xff, 0xff, 0xff,
    0xff, 0xff, 0xff, 0xff, 0xff, 0xff, 0xff, 0xff, 0xff, 0xff, 0xff, 0xff,
    0xff, 0xff, 0xff, 0xff, 0xff, 0xff, 0xdf, 0xf7, 0xdf, 0xf7, 0xbf, 0xf7,
    0xbf, 0xf7, 0xbf, 0xf7, 0xdf, 0xf7, 0xdf, 0xf7, 0xbf, 0xf7, 0xdf, 0xef,
    0xbf, 0xf7, 0xdf, 0xf7, 0xdf, 0xf7, 0xdf, 0xf7, 0xbf, 0xf7, 0xbf, 0xf7,
    0xdf, 0xf7, 0xff, 0xff, 0xff, 0xff, 0xff, 0xff, 0xff, 0xff, 0xff, 0xff,
    0xff, 0xff, 0xff, 0xff, 0xff, 0xff, 0xff, 0xff, 0xff, 0xff, 0xdf, 0xf7,
    0x9f, 0xe7, 0x7f, 0xe7, 0x9f, 0xe7, 0x7f, 0xe7, 0x9f, 0xe7, 0x7f, 0xe7,
    0x9f, 0xe7, 0x9f, 0xe7, 0x7f, 0xe7, 0x9f, 0xe7, 0x9f, 0xe7, 0x9f, 0xe7,
    0x9f, 0xe7, 0x7f, 0xe7, 0x9f, 0xe7, 0x9f, 0xe7, 0x7f, 0xe7, 0x7f, 0xe7,
    0x9f, 0xe7, 0x9f, 0xe7, 0x9f, 0xe7, 0x9f, 0xe7, 0x7f, 0xe7, 0x7f, 0xe7,
    0x9f, 0xe7, 0x9f, 0xe7, 0x7f, 0xe7, 0x9f, 0xe7, 0x7f, 0xe7, 0x7f, 0xe7,
    0x9f, 0xef, 0x9f, 0xe7, 0x9f, 0xe7, 0x7f, 0xef, 0x9f, 0xe7, 0x9f, 0xe7,
    0x9f, 0xe7, 0x9f, 0xe7, 0x9f, 0xef, 0x9f, 0xef, 0x9f, 0xe7, 0xde, 0xbe,
    0x5d, 0xa6, 0xfc, 0x8d, 0xfc, 0x8d, 0xfd, 0x8d, 0xfc, 0x8d, 0xfd, 0x8d,
    0xfc, 0x8d, 0xfc, 0x8d, 0xfd, 0x8d, 0xfd, 0x8d, 0xfc, 0x8d, 0x1d, 0x8e,
    0x1d, 0x8e, 0xfd, 0x8d, 0xfd, 0x8d, 0x1d, 0x8e, 0x1d, 0x96, 0x1d, 0x8e,
    0x1d, 0x96, 0x1c, 0x8e, 0x1d, 0x8e, 0x1d, 0x8e, 0x1c, 0x96, 0x1d, 0x8e,
    0x1d, 0x8e, 0x1d, 0x96, 0x1d, 0x96, 0x1d, 0x8e, 0x1d, 0x96, 0x3d, 0x96,
    0x1d, 0x8e, 0x1d, 0x96, 0x1d, 0x96, 0x1c, 0x96, 0x1d, 0x8e, 0x1d, 0x8e,
    0x1c, 0x96, 0xfc, 0x8d, 0xde, 0xbe, 0xbf, 0xef, 0x9f, 0xef, 0x9f, 0xe7,
    0x9f, 0xe7, 0x9f, 0xe7, 0x9f, 0xef, 0x9f, 0xe7, 0x9f, 0xe7, 0x9f, 0xef,
    0x9f, 0xe7, 0x9f, 0xef, 0x9f, 0xe7, 0x9f, 0xe7, 0x9f, 0xef, 0x9f, 0xef,
    0x9f, 0xe7, 0x9f, 0xef, 0x9f, 0xef, 0x9f, 0xe7, 0xbf, 0xef, 0x9f, 0xef,
    0x9f, 0xe7, 0xbf, 0xef, 0xbf, 0xef, 0x9f, 0xe7, 0x9f, 0xef, 0x9f, 0xef,
    0xbf, 0xe7, 0x9f, 0xe7, 0x9f, 0xe7, 0xbf, 0xef, 0x9f, 0xef, 0x9f, 0xef,
    0x9f, 0xef, 0x9f, 0xe7, 0x9f, 0xef, 0x9f, 0xef, 0xbf, 0xef, 0x9f, 0xe7,
    0x9f, 0xef, 0xbf, 0xef, 0x9f, 0xe7, 0xbf, 0xef, 0xbf, 0xef, 0x9f, 0xef,
    0xbf, 0xef, 0xbf, 0xef, 0x9f, 0xef, 0xbf, 0xef, 0xbf, 0xef, 0xbf, 0xef,
    0xbf, 0xef, 0xbf, 0xef, 0x9f, 0xef, 0xbf, 0xef, 0xbf, 0xef, 0xbf, 0xef,
    0x9f, 0xf7, 0xbf, 0xef, 0xbf, 0xef, 0x9f, 0xef, 0xbf, 0xef, 0xbf, 0xf7,
    0xbf, 0xef, 0xbf, 0xf7, 0xbf, 0xef, 0xbf, 0xef, 0xbf, 0xf7, 0xbf, 0xf7,
    0xbf, 0xef, 0xbf, 0xf7, 0xbf, 0xf7, 0xbf, 0xf7, 0xbf, 0xef, 0xbf, 0xef,
    0xbf, 0xf7, 0xbf, 0xef, 0xbf, 0xef, 0x7f, 0xdf, 0xfe, 0xc6, 0x1f, 0xc7,
    0xbf, 0xf7, 0x7f, 0xdf, 0x1e, 0xcf, 0x5f, 0xd7, 0x9f, 0xe7, 0xbf, 0xf7,
    0xdf, 0xf7, 0xdf, 0xf7, 0xbf, 0xf7, 0xbf, 0xef, 0xbf, 0xf7, 0xbf, 0xf7,
    0xdf, 0xf7, 0xdf, 0xf7, 0xdf, 0xf7, 0xdf, 0xef, 0xbf, 0xf7, 0xdf, 0xf7,
    0xbf, 0xf7, 0xbf, 0xf7, 0xdf, 0xf7, 0xbf, 0xf7, 0xbf, 0xef, 0xdf, 0xf7,
    0xbf, 0xf7, 0xdf, 0xf7, 0xbf, 0xf7, 0xdf, 0xf7, 0xbf, 0xef, 0xdf, 0xf7,
    0xdf, 0xf7, 0xbf, 0xf7, 0xbf, 0xf7, 0xdf, 0xf7, 0xff, 0xff, 0xff, 0xff,
    0xdf, 0xff, 0xdf, 0xff, 0xff, 0xff, 0xff, 0xff, 0xdf, 0xff, 0xdf, 0xff,
    0xdf, 0xff, 0xdf, 0xff, 0xff, 0xff, 0xff, 0xff, 0xff, 0xff, 0xdf, 0xff,
    0xff, 0xff, 0xff, 0xff, 0xff, 0xff, 0xdf, 0xf7, 0xbf, 0xf7, 0xdf, 0xf7,
    0xdf, 0xf7, 0xbf, 0xf7, 0xdf, 0xf7, 0xdf, 0xf7, 0xdf, 0xf7, 0xbf, 0xef,
    0xbf, 0xf7, 0xbf, 0xf7, 0xdf, 0xf7, 0xdf, 0xf7, 0xbf, 0xf7, 0xdf, 0xf7,
    0xbf, 0xf7, 0xff, 0xff, 0xff, 0xff, 0xff, 0xff, 0xff, 0xff, 0xff, 0xff,
    0xff, 0xff, 0xff, 0xff, 0xff, 0xff, 0xff, 0xff, 0xff, 0xff, 0xbf, 0xf7,
    0x7f, 0xe7, 0x9f, 0xe7, 0x9f, 0xe7, 0x9f, 0xe7, 0x9f, 0xe7, 0x9f, 0xe7,
    0x7f, 0xe7, 0x9f, 0xe7, 0x9f, 0xe7, 0x9f, 0xe7, 0x7f, 0xe7, 0x9f, 0xe7,
    0x9f, 0xe7, 0x9f, 0xe7, 0x7f, 0xe7, 0x9f, 0xe7, 0x9f, 0xe7, 0x7f, 0xe7,
    0x9f, 0xe7, 0x9f, 0xef, 0x7f, 0xef, 0x7f, 0xe7, 0x9f, 0xe7, 0x7f, 0xe7,
    0x9f, 0xe7, 0x7f, 0xef, 0x7f, 0xe7, 0x9f, 0xe7, 0x9f, 0xe7, 0x7f, 0xe7,
    0x9f, 0xe7, 0x9f, 0xef, 0x7f, 0xe7, 0x9f, 0xe7, 0x9f, 0xef, 0x9f, 0xe7,
    0x7f, 0xe7, 0x9f, 0xef, 0x9f, 0xe7, 0x9f, 0xe7, 0x9f, 0xe7, 0x5d, 0x9e,
    0x3d, 0x9e, 0x1d, 0x96, 0xfc, 0x8d, 0xfc, 0x8d, 0xfd, 0x8d, 0xfd, 0x8d,
    0xfc, 0x85, 0xfc, 0x8d, 0xfd, 0x8d, 0xfc, 0x8d, 0xfd, 0x8d, 0x1c, 0x8e,
    0xfc, 0x8d, 0xfd, 0x8d, 0x1c, 0x96, 0x1d, 0x8e, 0xfd, 0x8d, 0x1d, 0x8e,
    0x1d, 0x8e, 0x1d, 0x96, 0x1d, 0x96, 0x1d, 0x8e, 0x1d, 0x8e, 0x1c, 0x96,
    0x1d, 0x8e, 0x1c, 0x8e, 0x1d, 0x8e, 0x1d, 0x96, 0x1c, 0x8e, 0x1d, 0x96,
    0x1d, 0x96, 0x1c, 0x96, 0x1d, 0x8e, 0x1d, 0x96, 0x1c, 0x8e, 0x1d, 0x8e,
    0x1d, 0x96, 0xfc, 0x8d, 0x9e, 0xae, 0xbf, 0xef, 0x9f, 0xef, 0x9f, 0xe7,
    0x9f, 0xe7, 0x9f, 0xe7, 0x7f, 0xe7, 0x9f, 0xef, 0x9f, 0xe7, 0x9f, 0xe7,
    0x9f, 0xe7, 0x9f, 0xef, 0x9f, 0xe7, 0x9f, 0xe7, 0x9f, 0xef, 0x9f, 0xe7,
    0x9f, 0xef, 0xbf, 0xef, 0x9f, 0xef, 0x9f, 0xe7, 0x9f, 0xef, 0x9f, 0xef,
    0xbf, 0xef, 0xbf, 0xe7, 0xbf, 0xef, 0x9f, 0xef, 0xbf, 0xe7, 0xbf, 0xef,
    0xbf, 0xef, 0x9f, 0xef, 0xbf, 0xef, 0xbf, 0xe7, 0x9f, 0xef, 0xbf, 0xef,
    0x9f, 0xef, 0x9f, 0xef, 0x9f, 0xe7, 0x9f, 0xef, 0xbf, 0xef, 0xbf, 0xef,
    0x9f, 0xef, 0x9f, 0xef, 0xbf, 0xef, 0x9f, 0xef, 0x9f, 0xef, 0xbf, 0xef,
    0xbf, 0xef, 0x9f, 0xef, 0xbf, 0xef, 0xbf, 0xef, 0x9f, 0xef, 0xbf, 0xef,
    0xbf, 0xef, 0x9f, 0xef, 0xbf, 0xef, 0xbf, 0xef, 0xbf, 0xef, 0xbf, 0xef,
    0xbf, 0xef, 0xbf, 0xef, 0xbf, 0xf7, 0xbf, 0xef, 0xbf, 0xef, 0xbf, 0xef,
    0xbf, 0xef, 0xbf, 0xf7, 0xbf, 0xf7, 0xbf, 0xef, 0xbf, 0xf7, 0xbf, 0xef,
    0xbf, 0xf7, 0xbf, 0xef, 0xbf, 0xf7, 0xdf, 0xf7, 0xbf, 0xef, 0xbf, 0xf7,
    0xbf, 0xf7, 0xbf, 0xef, 0xbf, 0xf7, 0xbf, 0xf7, 0xdf, 0xf7, 0x3f, 0xd7,
    0xbe, 0xb6, 0xde, 0xb6, 0x7f, 0xe7, 0xdf, 0xf7, 0xdf, 0xf7, 0xbf, 0xef,
    0xbf, 0xf7, 0xdf, 0xf7, 0xdf, 0xef, 0xbf, 0xf7, 0xbf, 0xf7, 0xdf, 0xf7,
    0xbf, 0xef, 0xbf, 0xf7, 0xbf, 0xf7, 0xbf, 0xf7, 0xdf, 0xf7, 0xdf, 0xef,
    0xbf, 0xf7, 0xdf, 0xf7, 0xdf, 0xf7, 0xbf, 0xf7, 0xdf, 0xf7, 0xbf, 0xf7,
    0xbf, 0xef, 0xdf, 0xf7, 0xbf, 0xf7, 0xbf, 0xf7, 0xdf, 0xf7, 0xdf, 0xf7,
    0xdf, 0xf7, 0xdf, 0xf7, 0xdf, 0xf7, 0xdf, 0xf7, 0xff, 0xff, 0xff, 0xff,
    0xdf, 0xf7, 0xdf, 0xf7, 0xff, 0xff, 0xdf, 0xff, 0xdf, 0xf7, 0xdf, 0xff,
    0xdf, 0xff, 0xdf, 0xf7, 0xff, 0xff, 0xdf, 0xff, 0xdf, 0xf7, 0xdf, 0xff,
    0xdf, 0xf7, 0xdf, 0xff, 0xdf, 0xff, 0xbf, 0xf7, 0xdf, 0xf7, 0xdf, 0xf7,
    0xbf, 0xf7, 0xdf, 0xf7, 0xdf, 0xf7, 0xdf, 0xf7, 0xdf, 0xf7, 0xbf, 0xf7,
    0xbf, 0xf7, 0xdf, 0xf7, 0xdf, 0xf7, 0xdf, 0xf7, 0xdf, 0xf7, 0xbf, 0xf7,
    0xdf, 0xf7, 0xff, 0xff, 0xff, 0xff, 0xff, 0xff, 0xff, 0xff, 0xff, 0xff,
    0xff, 0xff, 0xff, 0xff, 0xff, 0xff, 0xff, 0xff, 0xff, 0xff, 0xdf, 0xf7,
    0x7f, 0xe7, 0x9f, 0xe7, 0x7f, 0xe7, 0x7f, 0xe7, 0x9f, 0xe7, 0x9f, 0xe7,
    0x7f, 0xe7, 0x7f, 0xe7, 0x9f, 0xe7, 0x7f, 0xe7, 0x7f, 0xe7, 0x7f, 0xe7,
    0x7f, 0xe7, 0x9f, 0xe7, 0x7f, 0xe7, 0x7f, 0xe7, 0x9f, 0xe7, 0x9f, 0xe7,
    0x9f, 0xe7, 0x9f, 0xe7, 0x9f, 0xe7, 0x9f, 0xe7, 0x9f, 0xe7, 0x9f, 0xe7,
    0x7f, 0xe7, 0x9f, 0xe7, 0x9f, 0xef, 0x9f, 0xe7, 0x7f, 0xe7, 0x9f, 0xe7,
    0x9f, 0xe7, 0x9f, 0xe7, 0x9f, 0xe7, 0x9f, 0xe7, 0x9f, 0xef, 0x9f, 0xe7,
    0x9f, 0xef, 0x9f, 0xe7, 0x9f, 0xef, 0xbf, 0xef, 0xde, 0xbe, 0xdc, 0x8d,
    0xdc, 0x85, 0xdc, 0x85, 0xfc, 0x8d, 0xfc, 0x85, 0xfc, 0x85, 0xdc, 0x8d,
    0xdc, 0x8d, 0xfd, 0x8d, 0xfc, 0x8d, 0xfd, 0x8d, 0xfd, 0x8d, 0xfd, 0x8d,
    0xfc, 0x8d, 0xfd, 0x8d, 0x1d, 0x8e, 0xfc, 0x8d, 0x1d, 0x8e, 0xfc, 0x8d,
    0x1d, 0x8e, 0x1d, 0x8e, 0x1c, 0x8e, 0xfd, 0x8d, 0x1d, 0x8e, 0x1d, 0x96,
    0x1d, 0x8e, 0x1d, 0x8e, 0x1c, 0x96, 0x1d, 0x96, 0x1d, 0x8e, 0x1c, 0x8e,
    0x3d, 0x96, 0x1d, 0x96, 0x1d, 0x8e, 0x1d, 0x96, 0x1d, 0x96, 0x1d, 0x8e,
    0x1d, 0x96, 0x1d, 0x8e, 0x9d, 0xae, 0xbf, 0xef, 0x9f, 0xe7, 0x9f, 0xef,
    0x9f, 0xef, 0x9f, 0xe7, 0x9f, 0xe7, 0x9f, 0xe7, 0x9f, 0xef, 0x9f, 0xe7,
    0x9f, 0xe7, 0x9f, 0xef, 0x9f, 0xe7, 0x9f, 0xef, 0x9f, 0xef, 0xbf, 0xe7,
    0x9f, 0xef, 0x9f, 0xe7, 0xbf, 0xef, 0x9f, 0xef, 0x9f, 0xe7, 0xbf, 0xef,
    0xbf, 0xef, 0x9f, 0xef, 0x9f, 0xef, 0x9f, 0xef, 0x9f, 0xef, 0xbf, 0xef,
    0x9f, 0xef, 0x9f, 0xef, 0x9f, 0xef, 0xbf, 0xef, 0xbf, 0xe7, 0xbf, 0xef,
    0xbf, 0xef, 0xbf, 0xef, 0xbf, 0xef, 0xbf, 0xef, 0x9f, 0xef, 0xbf, 0xe7,
    0x9f, 0xef, 0xbf, 0xef, 0xbf, 0xef, 0x9f, 0xef, 0xbf, 0xef, 0x9f, 0xef,
    0x9f, 0xef, 0x9f, 0xef, 0xbf, 0xef, 0xbf, 0xef, 0x9f, 0xef, 0xbf, 0xef,
    0xbf, 0xef, 0xbf, 0xef, 0xbf, 0xf7, 0x9f, 0xf7, 0xbf, 0xef, 0xbf, 0xf7,
    0xbf, 0xef, 0xbf, 0xef, 0xbf, 0xf7, 0xbf, 0xef, 0xbf, 0xef, 0xbf, 0xf7,
    0xbf, 0xef, 0xbf, 0xef, 0xbf, 0xef, 0xbf, 0xf7, 0xbf, 0xef, 0xbf, 0xef,
    0xbf, 0xf7, 0xbf, 0xef, 0xdf, 0xf7, 0xbf, 0xf7, 0xbf, 0xef, 0xdf, 0xf7,
    0xbf, 0xf7, 0xbf, 0xef, 0xbf, 0xf7, 0xbf, 0xf7, 0xdf, 0xf7, 0xdf, 0xf7,
    0x1f, 0xc7, 0x9f, 0xe7, 0xdf, 0xf7, 0xbf, 0xf7, 0xbf, 0xf7, 0xbf, 0xf7,
    0xbf, 0xf7, 0xdf, 0xf7, 0xbf, 0xf7, 0xbf, 0xf7, 0xbf, 0xef, 0xdf, 0xf7,
    0xdf, 0xf7, 0xbf, 0xf7, 0xdf, 0xf7, 0xdf, 0xf7, 0xbf, 0xf7, 0xbf, 0xef,
    0xdf, 0xf7, 0xdf, 0xf7, 0xbf, 0xf7, 0xdf, 0xf7, 0xdf, 0xef, 0xbf, 0xf7,
    0xdf, 0xf7, 0xdf, 0xf7, 0xbf, 0xf7, 0xdf, 0xef, 0xbf, 0xf7, 0xdf, 0xf7,
    0xbf, 0xf7, 0xdf, 0xf7, 0xdf, 0xf7, 0xdf, 0xf7, 0xdf, 0xf7, 0xdf, 0xff,
    0xdf, 0xff, 0xdf, 0xf7, 0xdf, 0xff, 0xdf, 0xf7, 0xff, 0xff, 0xff, 0xf7,
    0xdf, 0xff, 0xdf, 0xf7, 0xdf, 0xf7, 0xdf, 0xff, 0xdf, 0xff, 0xdf, 0xf7,
    0xdf, 0xf7, 0xff, 0xff, 0xdf, 0xf7, 0xbf, 0xf7, 0xdf, 0xf7, 0xdf, 0xf7,
    0xdf, 0xf7, 0xdf, 0xf7, 0xdf, 0xf7, 0xbf, 0xf7, 0xdf, 0xf7, 0xdf, 0xf7,
    0xbf, 0xf7, 0xdf, 0xf7, 0xbf, 0xef, 0xdf, 0xf7, 0xdf, 0xf7, 0xdf, 0xef,
    0xbf, 0xf7, 0xff, 0xff, 0xff, 0xff, 0xff, 0xff, 0xff, 0xff, 0xff, 0xff,
    0xff, 0xff, 0xff, 0xff, 0xff, 0xff, 0xff, 0xff, 0xff, 0xff, 0xdf, 0xf7,
    0x9f, 0xe7, 0x9f, 0xe7, 0x9f, 0xe7, 0x9f, 0xe7, 0x7f, 0xe7, 0x7f, 0xe7,
    0x9f, 0xe7, 0x9f, 0xe7, 0x7f, 0xe7, 0x9f, 0xe7, 0x9f, 0xe7, 0x9f, 0xe7,
    0x9f, 0xe7, 0x9f, 0xe7, 0x7f, 0xe7, 0x9f, 0xe7, 0x9f, 0xef, 0x9f, 0xef,
    0x7f, 0xe7, 0x9f, 0xe7, 0x9f, 0xef, 0x7f, 0xe7, 0x9f, 0xef, 0x9f, 0xe7,
    0x9f, 0xe7, 0x9f, 0xe7, 0x9f, 0xe7, 0x9f, 0xe7, 0x9f, 0xef, 0x9f, 0xe7,
    0x7f, 0xef, 0x9f, 0xe7, 0x9f, 0xe7, 0x9f, 0xef, 0x9f, 0xe7, 0x9f, 0xe7,
    0x9f, 0xef, 0x9f, 0xe7, 0xbf, 0xef, 0xbe, 0xb6, 0xbc, 0x7d, 0xdc, 0x85,
    0xfc, 0x8d, 0xdc, 0x8d, 0xdd, 0x85, 0xfd, 0x8d, 0xfc, 0x8d, 0xdc, 0x85,
    0xfc, 0x85, 0xfd, 0x8d, 0xfc, 0x8d, 0xfc, 0x8d, 0xfd, 0x8d, 0xfc, 0x8d,
    0xfd, 0x8d, 0xfd, 0x8d, 0x1d, 0x8e, 0xfc, 0x8d, 0x1d, 0x8e, 0xfd, 0x8d,
    0xfc, 0x8d, 0x1d, 0x8e, 0x1d, 0x8e, 0x1c, 0x96, 0x1d, 0x8e, 0x1d, 0x8e,
    0x1d, 0x96, 0x1d, 0x8e, 0xfc, 0x8d, 0x1d, 0x96, 0x1d, 0x8e, 0x1d, 0x8e,
    0x1c, 0x96, 0x1d, 0x96, 0x1d, 0x8e, 0x1c, 0x8e, 0x1d, 0x8e, 0x1d, 0x96,
    0x1c, 0x8e, 0x3d, 0x9e, 0xbe, 0xb6, 0x9f, 0xe7, 0x9f, 0xe7, 0x9f, 0xef,
    0x9f, 0xe7, 0x9f, 0xef, 0x9f, 0xef, 0x9f, 0xe7, 0x9f, 0xe7, 0x9f, 0xe7,
    0x9f, 0xef, 0x9f, 0xef, 0x9f, 0xe7, 0x9f, 0xef, 0x9f, 0xe7, 0xbf, 0xe7,
    0xbf, 0xef, 0x9f, 0xef, 0x9f, 0xe7, 0xbf, 0xef, 0x9f, 0xe7, 0x9f, 0xef,
    0x9f, 0xe7, 0x9f, 0xef, 0xbf, 0xef, 0x9f, 0xe7, 0x9f, 0xe7, 0x9f, 0xef,
    0x9f, 0xe7, 0x9f, 0xe7, 0x9f, 0xef, 0x9f, 0xef, 0x9f, 0xef, 0x9f, 0xef,
    0x9f, 0xe7, 0x9f, 0xef, 0xbf, 0xef, 0xbf, 0xef, 0x9f, 0xef, 0x9f, 0xef,
    0xbf, 0xef, 0x9f, 0xef, 0x9f, 0xef, 0xbf, 0xef, 0xbf, 0xef, 0xbf, 0xef,
    0xbf, 0xef, 0x9f, 0xef, 0x9f, 0xef, 0xbf, 0xef, 0xbf, 0xef, 0x9f, 0xef,
    0xbf, 0xef, 0xbf, 0xef, 0x9f, 0xef, 0xbf, 0xef, 0xbf, 0xef, 0xbf, 0xf7,
    0xbf, 0xef, 0xbf, 0xef, 0xbf, 0xf7, 0xbf, 0xef, 0xbf, 0xf7, 0xbf, 0xf7,
    0xbf, 0xef, 0xbf, 0xef, 0xbf, 0xf7, 0xbf, 0xef, 0xbf, 0xf7, 0xbf, 0xf7,
    0xbf, 0xef, 0xbf, 0xef, 0xbf, 0xf7, 0xbf, 0xf7, 0xbf, 0xef, 0xdf, 0xf7,
    0xbf, 0xef, 0xbf, 0xf7, 0xdf, 0xf7, 0xbf, 0xf7, 0xbf, 0xef, 0xdf, 0xf7,
    0xdf, 0xf7, 0xdf, 0xf7, 0xbf, 0xf7, 0xbf, 0xf7, 0xbf, 0xef, 0xdf, 0xf7,
    0xdf, 0xf7, 0xbf, 0xef, 0xdf, 0xf7, 0xdf, 0xf7, 0xbf, 0xf7, 0xdf, 0xf7,
    0xbf, 0xef, 0xdf, 0xf7, 0xdf, 0xf7, 0xbf, 0xf7, 0xbf, 0xef, 0xbf, 0xf7,
    0xdf, 0xf7, 0xbf, 0xf7, 0xbf, 0xf7, 0xbf, 0xf7, 0xdf, 0xf7, 0xbf, 0xf7,
    0xdf, 0xf7, 0xbf, 0xf7, 0xdf, 0xf7, 0xbf, 0xf7, 0xbf, 0xf7, 0xdf, 0xf7,
    0xdf, 0xf7, 0xdf, 0xf7, 0xdf, 0xf7, 0xdf, 0xf7, 0xbf, 0xf7, 0xdf, 0xf7,
    0xdf, 0xff, 0xff, 0xff, 0xdf, 0xf7, 0xdf, 0xff, 0xdf, 0xf7, 0xdf, 0xff,
    0xdf, 0xf7, 0xff, 0xff, 0xdf, 0xf7, 0xdf, 0xf7, 0xdf, 0xff, 0xff, 0xff,
    0xdf, 0xff, 0xdf, 0xf7, 0xdf, 0xf7, 0xdf, 0xf7, 0xdf, 0xf7, 0xdf, 0xf7,
    0xdf, 0xf7, 0xbf, 0xf7, 0xdf, 0xf7, 0xdf, 0xf7, 0xdf, 0xf7, 0xdf, 0xf7,
    0xbf, 0xf7, 0xdf, 0xf7, 0xdf, 0xf7, 0xdf, 0xf7, 0xbf, 0xf7, 0xbf, 0xf7,
    0xdf, 0xf7, 0xff, 0xff, 0xff, 0xff, 0xff, 0xff, 0xff, 0xff, 0xff, 0xff,
    0xff, 0xff, 0xff, 0xff, 0xff, 0xff, 0xff, 0xff, 0xff, 0xff, 0xdf, 0xf7,
    0x9f, 0xe7, 0x7f, 0xef, 0x9f, 0xe7, 0x9f, 0xe7, 0x7f, 0xef, 0x9f, 0xe7,
    0x9f, 0xe7, 0x9f, 0xef, 0x9f, 0xe7, 0x9f, 0xe7, 0x9f, 0xe7, 0x9f, 0xe7,
    0x7f, 0xef, 0x7f, 0xef, 0x9f, 0xe7, 0x7f, 0xe7, 0x9f, 0xe7, 0x9f, 0xe7,
    0x7f, 0xe7, 0x9f, 0xef, 0x7f, 0xe7, 0x7f, 0xe7, 0x9f, 0xe7, 0x9f, 0xef,
    0x9f, 0xe7, 0x7f, 0xef, 0x9f, 0xe7, 0x9f, 0xe7, 0x9f, 0xe7, 0x7f, 0xe7,
    0x9f, 0xef, 0x9f, 0xe7, 0x9f, 0xe7, 0x9f, 0xef, 0x9f, 0xe7, 0x9f, 0xef,
    0x9f, 0xe7, 0xbf, 0xf7, 0xde, 0xbe, 0xbc, 0x7d, 0xdc, 0x85, 0xdc, 0x85,
    0xfc, 0x85, 0xfc, 0x8d, 0xdc, 0x85, 0xfd, 0x8d, 0xfd, 0x8d, 0xdc, 0x85,
    0xfc, 0x85, 0xfd, 0x8d, 0xfc, 0x8d, 0xfc, 0x85, 0xfd, 0x85, 0xfc, 0x8d,
    0xfc, 0x8d, 0xfd, 0x8d, 0xfd, 0x8d, 0xfc, 0x8d, 0x1d, 0x8e, 0x1d, 0x8e,
    0x1d, 0x8e, 0x1d, 0x96, 0xfd, 0x8d, 0x1d, 0x8e, 0x1d, 0x8e, 0xfd, 0x8d,
    0x1c, 0x8e, 0x1d, 0x8e, 0xfd, 0x8d, 0x1c, 0x8e, 0x1d, 0x96, 0x1c, 0x96,
    0x1d, 0x96, 0x1d, 0x8e, 0x1d, 0x8e, 0x1c, 0x96, 0x1d, 0x8e, 0x1d, 0x8e,
    0x1d, 0x96, 0x3d, 0x96, 0xde, 0xbe, 0xbf, 0xef, 0x9f, 0xe7, 0x9f, 0xe7,
    0x9f, 0xe7, 0x9f, 0xe7, 0x7f, 0xef, 0x9f, 0xe7, 0x9f, 0xef, 0x9f, 0xe7,
    0x9f, 0xe7, 0x9f, 0xef, 0x9f, 0xe7, 0x9f, 0xef, 0x9f, 0xef, 0x9f, 0xef,
    0x9f, 0xe7, 0x9f, 0xef, 0x9f, 0xe7, 0x9f, 0xef, 0xbf, 0xef, 0xbf, 0xe7,
    0x9f, 0xef, 0x9f, 0xef, 0xbf, 0xef, 0x9f, 0xef, 0x9f, 0xe7, 0xbf, 0xef,
    0xbf, 0xef, 0xbf, 0xef, 0x9f, 0xef, 0xbf, 0xef, 0xbf, 0xef, 0x9f, 0xef,
    0xbf, 0xe7, 0x9f, 0xef, 0x9f, 0xe7, 0xbf, 0xef, 0x9f, 0xef, 0xbf, 0xef,
    0x9f, 0xef, 0xbf, 0xef, 0x9f, 0xe7, 0x9f, 0xef, 0xbf, 0xef, 0x9f, 0xef,
    0xbf, 0xef, 0xbf, 0xef, 0xbf, 0xef, 0x9f, 0xef, 0x9f, 0xef, 0x9f, 0xef,
    0xbf, 0xef, 0xbf, 0xef, 0xbf, 0xef, 0xbf, 0xef, 0xbf, 0xef, 0xbf, 0xef,
    0xbf, 0xef, 0xbf, 0xef, 0xbf, 0xf7, 0x9f, 0xef, 0xbf, 0xef, 0xbf, 0xf7,
    0xbf, 0xef, 0xbf, 0xf7, 0xbf, 0xf7, 0xbf, 0xef, 0xbf, 0xef, 0xdf, 0xf7,
    0xbf, 0xf7, 0xbf, 0xef, 0xdf, 0xef, 0xbf, 0xf7, 0xbf, 0xf7, 0xbf, 0xef,
    0xbf, 0xef, 0xbf, 0xef, 0xdf, 0xf7, 0xbf, 0xef, 0xbf, 0xf7, 0xbf, 0xf7,
    0xbf, 0xf7, 0xbf, 0xf7, 0xbf, 0xf7, 0xbf, 0xef, 0xbf, 0xef, 0xdf, 0xf7,
    0xdf, 0xf7, 0xbf, 0xef, 0xbf, 0xf7, 0xbf, 0xf7, 0xdf, 0xf7, 0xbf, 0xf7,
    0xbf, 0xf7, 0xbf, 0xef, 0xbf, 0xf7, 0xbf, 0xf7, 0xbf, 0xf7, 0xdf, 0xf7,
    0xbf, 0xef, 0xdf, 0xef, 0xbf, 0xf7, 0xdf, 0xf7, 0xdf, 0xf7, 0xdf, 0xf7,
    0xdf, 0xf7, 0xbf, 0xef, 0xdf, 0xf7, 0xdf, 0xf7, 0xbf, 0xf7, 0xbf, 0xf7,
    0xdf, 0xf7, 0xdf, 0xf7, 0xbf, 0xf7, 0xbf, 0xf7, 0xdf, 0xf7, 0xdf, 0xf7,
    0xdf, 0xff, 0xff, 0xf7, 0xff, 0xff, 0xdf, 0xf7, 0xdf, 0xf7, 0xdf, 0xff,
    0xdf, 0xff, 0xdf, 0xf7, 0xdf, 0xff, 0xdf, 0xf7, 0xff, 0xf7, 0xdf, 0xff,
    0xdf, 0xff, 0xdf, 0xf7, 0xdf, 0xf7, 0xdf, 0xf7, 0xdf, 0xf7, 0xdf, 0xf7,
    0xbf, 0xf7, 0xdf, 0xf7, 0xdf, 0xf7, 0xdf, 0xf7, 0xbf, 0xf7, 0xdf, 0xf7,
    0xdf, 0xf7, 0xbf, 0xf7, 0xbf, 0xf7, 0xdf, 0xf7, 0xdf, 0xf7, 0xdf, 0xf7,
    0xdf, 0xf7, 0xff, 0xff, 0xff, 0xff, 0xff, 0xff, 0xff, 0xff, 0xff, 0xff,
    0xff, 0xff, 0xff, 0xff, 0xff, 0xff, 0xff, 0xff, 0xff, 0xff, 0xdf, 0xf7,
    0x7f, 0xe7, 0x9f, 0xe7, 0x9f, 0xe7, 0x9f, 0xef, 0x9f, 0xe7, 0x9f, 0xe7,
    0x9f, 0xe7, 0x9f, 0xef, 0x9f, 0xef, 0x9f, 0xe7, 0x7f, 0xe7, 0x7f, 0xe7,
    0x9f, 0xe7, 0x9f, 0xe7, 0x7f, 0xe7, 0x9f, 0xe7, 0x9f, 0xef, 0x9f, 0xe7,
    0x9f, 0xe7, 0x9f, 0xe7, 0x9f, 0xef, 0xbf, 0xef, 0x9f, 0xe7, 0x9f, 0xe7,
    0x7f, 0xe7, 0x9f, 0xe7, 0x9f, 0xef, 0x9f, 0xe7, 0x7f, 0xe7, 0x9f, 0xe7,
    0x9f, 0xe7, 0x9f, 0xef, 0x9f, 0xe7, 0x9f, 0xe7, 0x9f, 0xe7, 0x9f, 0xe7,
    0xbf, 0xef, 0x1e, 0xcf, 0xbc, 0x85, 0xdc, 0x85, 0xdc, 0x85, 0xdd, 0x8d,
    0xfd, 0x85, 0xdc, 0x85, 0xdc, 0x8d, 0xfc, 0x85, 0xfc, 0x8d, 0xdc, 0x85,
    0xdc, 0x8d, 0xfd, 0x85, 0xfc, 0x8d, 0xfc, 0x8d, 0xfd, 0x8d, 0xfd, 0x8d,
    0xfc, 0x8d, 0x1d, 0x8e, 0xfd, 0x8d, 0xfc, 0x8d, 0xfc, 0x8d, 0xfd, 0x8d,
    0xfc, 0x8d, 0xfd, 0x8d, 0x1c, 0x8e, 0x1d, 0x8e, 0xfd, 0x95, 0x1c, 0x8e,
    0xfd, 0x95, 0x1d, 0x96, 0x1d, 0x8e, 0xfc, 0x8d, 0x1d, 0x8e, 0x1d, 0x96,
    0x1c, 0x8e, 0x1d, 0x8e, 0xfc, 0x95, 0x1d, 0x96, 0x1d, 0x96, 0x1c, 0x8e,
    0x1d, 0x96, 0xfc, 0x8d, 0x5d, 0x9e, 0x9f, 0xe7, 0x9f, 0xef, 0x9f, 0xef,
    0x9f, 0xe7, 0x9f, 0xe7, 0x7f, 0xe7, 0x9f, 0xef, 0x9f, 0xe7, 0x7f, 0xef,
    0x9f, 0xe7, 0x9f, 0xe7, 0x9f, 0xe7, 0x9f, 0xe7, 0x9f, 0xef, 0x9f, 0xe7,
    0x9f, 0xef, 0xbf, 0xef, 0x9f, 0xe7, 0x9f, 0xef, 0xbf, 0xef, 0x9f, 0xe7,
    0xbf, 0xef, 0xbf, 0xef, 0x9f, 0xe7, 0xbf, 0xef, 0xbf, 0xef, 0x9f, 0xef,
    0x9f, 0xef, 0x9f, 0xef, 0x9f, 0xef, 0xbf, 0xef, 0x9f, 0xef, 0xbf, 0xef,
    0xbf, 0xef, 0x9f, 0xef, 0xbf, 0xef, 0xbf, 0xef, 0x9f, 0xef, 0x9f, 0xef,
    0xbf, 0xef, 0xbf, 0xef, 0x9f, 0xef, 0xbf, 0xef, 0x9f, 0xef, 0x9f, 0xef,
    0xbf, 0xef, 0xbf, 0xef, 0xbf, 0xef, 0xbf, 0xef, 0xbf, 0xef, 0xbf, 0xef,
    0x9f, 0xef, 0x9f, 0xef, 0xbf, 0xf7, 0xbf, 0xf7, 0xbf, 0xef, 0xbf, 0xef,
    0xbf, 0xf7, 0xbf, 0xef, 0xbf, 0xef, 0xbf, 0xf7, 0xbf, 0xef, 0xbf, 0xef,
    0xbf, 0xf7, 0xbf, 0xef, 0xbf, 0xef, 0xbf, 0xf7, 0xbf, 0xf7, 0xbf, 0xef,
    0xbf, 0xf7, 0xbf, 0xf7, 0xbf, 0xef, 0xdf, 0xf7, 0xbf, 0xf7, 0xbf, 0xf7,
    0xbf, 0xf7, 0xbf, 0xf7, 0xbf, 0xef, 0xbf, 0xf7, 0xbf, 0xf7, 0xbf, 0xef,
    0xbf, 0xf7, 0xdf, 0xf7, 0xbf, 0xef, 0xbf, 0xf7, 0xbf, 0xf7, 0xdf, 0xf7,
    0xbf, 0xf7, 0xbf, 0xf7, 0xdf, 0xf7, 0xbf, 0xf7, 0xdf, 0xef, 0xdf, 0xf7,
    0xbf, 0xf7, 0xbf, 0xf7, 0xbf, 0xef, 0xbf, 0xf7, 0xbf, 0xf7, 0xbf, 0xf7,
    0xdf, 0xf7, 0xdf, 0xf7, 0xbf, 0xef, 0xbf, 0xf7, 0xdf, 0xf7, 0xdf, 0xf7,
    0xbf, 0xf7, 0xbf, 0xf7, 0xbf, 0xf7, 0xdf, 0xf7, 0xdf, 0xf7, 0xbf, 0xf7,
    0xdf, 0xf7, 0xdf, 0xf7, 0xbf, 0xf7, 0xbf, 0xf7, 0xdf, 0xf7, 0xbf, 0xf7,
    0xdf, 0xf7, 0xdf, 0xf7, 0xff, 0xff, 0xff, 0xff, 0xdf, 0xf7, 0xdf, 0xf7,
    0xff, 0xff, 0xdf, 0xf7, 0xdf, 0xff, 0xdf, 0xf7, 0xff, 0xff, 0xdf, 0xf7,
    0xdf, 0xf7, 0xdf, 0xf7, 0xdf, 0xf7, 0xdf, 0xf7, 0xdf, 0xf7, 0xbf, 0xf7,
    0xbf, 0xf7, 0xdf, 0xf7, 0xdf, 0xf7, 0xbf, 0xf7, 0xdf, 0xf7, 0xdf, 0xf7,
    0xdf, 0xf7, 0xdf, 0xf7, 0xbf, 0xef, 0xdf, 0xf7, 0xdf, 0xf7, 0xdf, 0xf7,
    0xdf, 0xf7, 0xff, 0xff, 0xff, 0xff, 0xff, 0xff, 0xff, 0xff, 0xff, 0xff,
    0xff, 0xff, 0xff, 0xff, 0xff, 0xff, 0xff, 0xff, 0xff, 0xff, 0xdf, 0xf7,
    0x9f, 0xe7, 0x9f, 0xe7, 0x9f, 0xe7, 0x9f, 0xe7, 0x9f, 0xe7, 0x9f, 0xef,
    0x9f, 0xe7, 0x9f, 0xe7, 0x9f, 0xef, 0x9f, 0xe7, 0x9f, 0xe7, 0x9f, 0xe7,
    0x7f, 0xe7, 0x9f, 0xe7, 0x7f, 0xe7, 0x9f, 0xe7, 0x9f, 0xe7, 0x7f, 0xe7,
    0x9f, 0xe7, 0x9f, 0xe7, 0x9f, 0xef, 0xdf, 0xf7, 0xdf, 0xf7, 0xdf, 0xf7,
    0xbf, 0xf7, 0x9f, 0xef, 0x9f, 0xe7, 0x9f, 0xe7, 0x9f, 0xe7, 0x9f, 0xef,
    0x9f, 0xe7, 0x9f, 0xe7, 0x9f, 0xef, 0x9f, 0xef, 0x9f, 0xe7, 0xbf, 0xef,
    0x7f, 0xdf, 0xfc, 0x8d, 0xbc, 0x85, 0xdc, 0x85, 0xdc, 0x85, 0xfc, 0x8d,
    0xdd, 0x85, 0xdc, 0x85, 0xfd, 0x8d, 0xfc, 0x8d, 0xfc, 0x85, 0xdc, 0x85,
    0xdc, 0x85, 0xfd, 0x8d, 0xdc, 0x85, 0xfc, 0x8d, 0xfd, 0x8d, 0xfc, 0x85,
    0xfd, 0x8d, 0xfd, 0x8d, 0xfc, 0x8d, 0xfd, 0x8d, 0x1d, 0x8e, 0xfd, 0x8d,
    0xfd, 0x8d, 0x1d, 0x8e, 0xfc, 0x8d, 0xfc, 0x8d, 0x1d, 0x8e, 0xfd, 0x8d,
    0xfd, 0x8d, 0x1d, 0x8e, 0x1c, 0x96, 0x1d, 0x8e, 0x1d, 0x8e, 0x1d, 0x8e,
    0x1c, 0x96, 0xfd, 0x8d, 0x1d, 0x8e, 0x1d, 0x8e, 0x1d, 0x96, 0x1c, 0x8e,
    0x1d, 0x96, 0x1d, 0x96, 0xfc, 0x8d, 0x1f, 0xcf, 0xbf, 0xef, 0x9f, 0xe7,
    0x9f, 0xe7, 0x9f, 0xef, 0x9f, 0xe7, 0x9f, 0xe7, 0x9f, 0xe7, 0x9f, 0xef,
    0x9f, 0xef, 0x9f, 0xe7, 0x9f, 0xef, 0x9f, 0xef, 0x9f, 0xe7, 0xbf, 0xef,
    0x9f, 0xef, 0xbf, 0xef, 0xbf, 0xef, 0xbf, 0xef, 0x9f, 0xef, 0x9f, 0xe7,
    0x9f, 0xef, 0xbf, 0xef, 0x9f, 0xef, 0x9f, 0xef, 0xbf, 0xef, 0xbf, 0xef,
    0x9f, 0xef, 0xbf, 0xe7, 0xbf, 0xef, 0x9f, 0xe7, 0x9f, 0xef, 0x9f, 0xef,
    0xbf, 0xef, 0x9f, 0xef, 0xbf, 0xef, 0x9f, 0xef, 0xbf, 0xef, 0x9f, 0xe7,
    0xbf, 0xef, 0x9f, 0xef, 0xbf, 0xef, 0xbf, 0xef, 0x9f, 0xef, 0xbf, 0xef,
    0xbf, 0xef, 0x9f, 0xef, 0x9f, 0xef, 0xbf, 0xef, 0xbf, 0xef, 0xbf, 0xef,
    0xbf, 0xef, 0xbf, 0xef, 0xbf, 0xef, 0xbf, 0xef, 0xbf, 0xf7, 0xbf, 0xef,
    0xbf, 0xef, 0xbf, 0xef, 0xbf, 0xf7, 0xbf, 0xef, 0xbf, 0xef, 0xbf, 0xf7,
    0xbf, 0xf7, 0xbf, 0xef, 0xbf, 0xef, 0xbf, 0xf7, 0xbf, 0xef, 0xdf, 0xf7,
    0xbf, 0xf7, 0xbf, 0xef, 0xbf, 0xf7, 0xbf, 0xef, 0xdf, 0xef, 0xbf, 0xef,
    0xdf, 0xf7, 0xbf, 0xf7, 0xbf, 0xef, 0xbf, 0xf7, 0xbf, 0xef, 0xdf, 0xef,
    0xdf, 0xf7, 0xbf, 0xf7, 0xbf, 0xef, 0xbf, 0xf7, 0xdf, 0xf7, 0xdf, 0xef,
    0xbf, 0xf7, 0xdf, 0xf7, 0xdf, 0xef, 0xbf, 0xf7, 0xbf, 0xf7, 0xdf, 0xef,
    0xbf, 0xf7, 0xbf, 0xf7, 0xdf, 0xef, 0xdf, 0xf7, 0xbf, 0xf7, 0xdf, 0xf7,
    0xdf, 0xf7, 0xbf, 0xf7, 0xbf, 0xf7, 0xbf, 0xf7, 0xdf, 0xf7, 0xbf, 0xef,
    0xdf, 0xf7, 0xdf, 0xf7, 0xbf, 0xf7, 0xbf, 0xf7, 0xdf, 0xf7, 0xdf, 0xf7,
    0xdf, 0xf7, 0xbf, 0xf7, 0xdf, 0xf7, 0xdf, 0xf7, 0xbf, 0xf7, 0xdf, 0xf7,
    0xdf, 0xf7, 0xdf, 0xf7, 0xdf, 0xf7, 0xdf, 0xf7, 0xdf, 0xff, 0xdf, 0xff,
    0xdf, 0xf7, 0xff, 0xff, 0xff, 0xf7, 0xdf, 0xf7, 0xdf, 0xf7, 0xdf, 0xf7,
    0xdf, 0xf7, 0xdf, 0xf7, 0xdf, 0xf7, 0xbf, 0xf7, 0xbf, 0xf7, 0xdf, 0xf7,
    0xbf, 0xf7, 0xbf, 0xf7, 0xdf, 0xf7, 0xdf, 0xf7, 0xdf, 0xf7, 0xdf, 0xf7,
    0xdf, 0xf7, 0xdf, 0xf7, 0xbf, 0xef, 0xdf, 0xf7, 0xdf, 0xf7, 0xbf, 0xf7,
    0xdf, 0xf7, 0xff, 0xff, 0xff, 0xff, 0xff, 0xff, 0xff, 0xff, 0xff, 0xff,
    0xff, 0xff, 0xff, 0xff, 0xff, 0xff, 0xff, 0xff, 0xff, 0xff, 0xbf, 0xf7,
    0x9f, 0xe7, 0x9f, 0xef, 0x7f, 0xef, 0x9f, 0xe7, 0x9f, 0xef, 0x9f, 0xe7,
    0x9f, 0xe7, 0x9f, 0xe7, 0x9f, 0xe7, 0x9f, 0xe7, 0x9f, 0xef, 0x9f, 0xef,
    0x7f, 0xe7, 0x7f, 0xe7, 0x9f, 0xef, 0x7f, 0xe7, 0x9f, 0xe7, 0x9f, 0xef,
    0x9f, 0xe7, 0x9f, 0xe7, 0x9f, 0xef, 0x9f, 0xe7, 0x9f, 0xe7, 0xbf, 0xef,
    0xbf, 0xf7, 0xbf, 0xf7, 0xdf, 0xf7, 0xbf, 0xf7, 0x9f, 0xef, 0x9f, 0xe7,
    0x9f, 0xe7, 0x9f, 0xef, 0x9f, 0xe7, 0x9f, 0xe7, 0xbf, 0xef, 0x9f, 0xe7,
    0x1d, 0x96, 0xbc, 0x7d, 0xdc, 0x85, 0xdc, 0x85, 0xdd, 0x85, 0xdc, 0x85,
    0xdc, 0x85, 0xfc, 0x85, 0xfc, 0x85, 0xdc, 0x85, 0xdc, 0x85, 0xdd, 0x85,
    0x9e, 0xae, 0xfd, 0x8d, 0xdc, 0x85, 0xfc, 0x8d, 0xfd, 0x8d, 0xfd, 0x85,
    0xfc, 0x8d, 0xfd, 0x8d, 0xfc, 0x8d, 0xfd, 0x8d, 0x1c, 0x8e, 0xfc, 0x8d,
    0x1d, 0x8e, 0xfd, 0x8d, 0xfd, 0x8d, 0x1d, 0x8e, 0x1d, 0x8e, 0xfc, 0x8d,
    0x1c, 0x8e, 0xfd, 0x8d, 0xfd, 0x8d, 0x1d, 0x96, 0x1c, 0x8e, 0xfd, 0x8d,
    0x1d, 0x96, 0xfc, 0x8d, 0xfc, 0x8d, 0x1d, 0x96, 0x1d, 0x96, 0x1c, 0x8e,
    0x1c, 0x8e, 0x1d, 0x96, 0x5d, 0x9e, 0xbe, 0xb6, 0xbf, 0xef, 0x9f, 0xef,
    0x9f, 0xe7, 0x9f, 0xef, 0x9f, 0xef, 0x7f, 0xe7, 0x9f, 0xe7, 0x9f, 0xef,
    0x9f, 0xe7, 0x9f, 0xe7, 0x9f, 0xef, 0x9f, 0xef, 0xbf, 0xe7, 0x9f, 0xef,
    0x9f, 0xef, 0x9f, 0xe7, 0x9f, 0xe7, 0x9f, 0xef, 0x9f, 0xef, 0x9f, 0xef,
    0xbf, 0xe7, 0x9f, 0xef, 0xbf, 0xef, 0x9f, 0xef, 0x9f, 0xef, 0xbf, 0xef,
    0x9f, 0xef, 0x9f, 0xef, 0xbf, 0xef, 0x9f, 0xe7, 0xbf, 0xef, 0xbf, 0xef,
    0x9f, 0xef, 0xbf, 0xe7, 0x9f, 0xef, 0xbf, 0xef, 0x9f, 0xef, 0xbf, 0xef,
    0x9f, 0xef, 0x9f, 0xef, 0xbf, 0xef, 0x9f, 0xef, 0xbf, 0xef, 0xbf, 0xef,
    0xbf, 0xef, 0xbf, 0xef, 0xbf, 0xef, 0xbf, 0xef, 0xbf, 0xef, 0xbf, 0xf7,
    0xbf, 0xef, 0xbf, 0xef, 0x9f, 0xef, 0xbf, 0xef, 0xbf, 0xef, 0xbf, 0xf7,
    0xbf, 0xef, 0xbf, 0xef, 0xbf, 0xef, 0xbf, 0xf7, 0xbf, 0xef, 0xbf, 0xf7,
    0xbf, 0xf7, 0xbf, 0xef, 0xbf, 0xf7, 0xbf, 0xef, 0xbf, 0xf7, 0xbf, 0xf7,
    0xdf, 0xef, 0xbf, 0xf7, 0xdf, 0xf7, 0xbf, 0xf7, 0xbf, 0xf7, 0xbf, 0xef,
    0xbf, 0xf7, 0xbf, 0xef, 0xbf, 0xef, 0xbf, 0xf7, 0xbf, 0xf7, 0xdf, 0xf7,
    0xdf, 0xf7, 0xbf, 0xef, 0xbf, 0xf7, 0xdf, 0xf7, 0xdf, 0xf7, 0xbf, 0xef,
    0xbf, 0xf7, 0xbf, 0xf7, 0xbf, 0xef, 0xbf, 0xf7, 0xbf, 0xf7, 0xbf, 0xf7,
    0xdf, 0xf7, 0xbf, 0xf7, 0xbf, 0xf7, 0xbf, 0xef, 0xdf, 0xf7, 0xdf, 0xf7,
    0xdf, 0xf7, 0xbf, 0xf7, 0xdf, 0xf7, 0xdf, 0xf7, 0xdf, 0xf7, 0xdf, 0xf7,
    0xbf, 0xf7, 0xdf, 0xf7, 0xdf, 0xef, 0xbf, 0xf7, 0xbf, 0xf7, 0xdf, 0xf7,
    0xbf, 0xf7, 0xbf, 0xf7, 0xdf, 0xf7, 0xbf, 0xf7, 0xbf, 0xf7, 0xdf, 0xf7,
    0xdf, 0xf7, 0xbf, 0xf7, 0xbf, 0xf7, 0xdf, 0xf7, 0xdf, 0xf7, 0xdf, 0xf7,
    0xdf, 0xf7, 0xdf, 0xf7, 0xdf, 0xf7, 0xdf, 0xf7, 0xdf, 0xf7, 0xdf, 0xf7,
    0xdf, 0xf7, 0xdf, 0xf7, 0xdf, 0xf7, 0xdf, 0xf7, 0xbf, 0xf7, 0xdf, 0xf7,
    0xdf, 0xf7, 0xdf, 0xf7, 0xdf, 0xf7, 0xdf, 0xf7, 0xbf, 0xf7, 0xdf, 0xf7,
    0xdf, 0xf7, 0xdf, 0xf7, 0xbf, 0xef, 0xdf, 0xff, 0xdf, 0xf7, 0xdf, 0xf7,
    0xdf, 0xf7, 0xff, 0xff, 0xff, 0xff, 0xff, 0xff, 0xff, 0xff, 0xff, 0xff,
    0xff, 0xff, 0xff, 0xff, 0xff, 0xff, 0xff, 0xff, 0xff, 0xff, 0xdf, 0xff,
    0x9f, 0xef, 0x9f, 0xef, 0x9f, 0xef, 0x9f, 0xe7, 0x9f, 0xe7, 0x9f, 0xe7,
    0x7f, 0xef, 0x9f, 0xe7, 0x9f, 0xe7, 0x7f, 0xe7, 0x9f, 0xe7, 0x9f, 0xe7,
    0x9f, 0xe7, 0x9f, 0xe7, 0x7f, 0xe7, 0x9f, 0xe7, 0x9f, 0xef, 0x9f, 0xe7,
    0x9f, 0xef, 0x9f, 0xe7, 0x9f, 0xe7, 0x9f, 0xef, 0x9f, 0xe7, 0x9f, 0xe7,
    0x9f, 0xe7, 0x9f, 0xe7, 0x9f, 0xef, 0xbf, 0xef, 0xbf, 0xf7, 0x9f, 0xef,
    0x9f, 0xef, 0x9f, 0xef, 0xbf, 0xef, 0x9f, 0xef, 0x9f, 0xef, 0x1d, 0x9e,
    0x9c, 0x7d, 0xdc, 0x85, 0xbc, 0x7d, 0xdc, 0x85, 0xdc, 0x85, 0xdc, 0x85,
    0xdc, 0x85, 0xbc, 0x85, 0x1d, 0x8e, 0x7d, 0xa6, 0x7d, 0xa6, 0x7f, 0xdf,
    0x7f, 0xe7, 0xfc, 0x85, 0xdd, 0x8d, 0xfd, 0x8d, 0xfc, 0x8d, 0xfd, 0x85,
    0xfd, 0x8d, 0xfc, 0x85, 0xfd, 0x85, 0xfc, 0x8d, 0xfd, 0x8d, 0x1d, 0x8e,
    0xfc, 0x8d, 0xfd, 0x8d, 0x1d, 0x8e, 0x1c, 0x8e, 0xfd, 0x8d, 0xfd, 0x8d,
    0xfc, 0x95, 0x1c, 0x8e, 0xfd, 0x8d, 0xfd, 0x8d, 0x1c, 0x8e, 0x1d, 0x8e,
    0xfd, 0x8d, 0x1c, 0x8e, 0x3d, 0x9e, 0x1d, 0x96, 0x1d, 0x8e, 0x1d, 0x96,
    0x1c, 0x8e, 0xfc, 0x8d, 0x5d, 0x9e, 0xbe, 0xb6, 0x9f, 0xe7, 0x9f, 0xef,
    0x9f, 0xe7, 0x9f, 0xe7, 0x9f, 0xef, 0x9f, 0xef, 0x9f, 0xe7, 0x9f, 0xef,
    0x9f, 0xe7, 0x9f, 0xe7, 0x9f, 0xef, 0x9f, 0xe7, 0x9f, 0xef, 0x9f, 0xef,
    0x9f, 0xe7, 0xbf, 0xef, 0x9f, 0xef, 0x9f, 0xef, 0xbf, 0xe7, 0xbf, 0xef,
    0x9f, 0xef, 0xbf, 0xe7, 0xbf, 0xef, 0xbf, 0xef, 0x9f, 0xe7, 0xbf, 0xef,
    0x9f, 0xe7, 0x9f, 0xef, 0xbf, 0xe7, 0x9f, 0xef, 0xbf, 0xef, 0x9f, 0xef,
    0x9f, 0xef, 0xbf, 0xef, 0x9f, 0xef, 0x9f, 0xef, 0xbf, 0xef, 0x9f, 0xef,
    0xbf, 0xef, 0xbf, 0xe7, 0x9f, 0xef, 0xbf, 0xef, 0xbf, 0xef, 0xbf, 0xef,
    0x9f, 0xef, 0xbf, 0xef, 0xbf, 0xef, 0x9f, 0xef, 0xbf, 0xef, 0x9f, 0xef,
    0xbf, 0xef, 0xbf, 0xef, 0x9f, 0xef, 0xbf, 0xf7, 0xbf, 0xef, 0x9f, 0xef,
    0xbf, 0xf7, 0xbf, 0xef, 0xbf, 0xef, 0xbf, 0xf7, 0xbf, 0xef, 0xbf, 0xef,
    0xbf, 0xef, 0xdf, 0xf7, 0xdf, 0xf7, 0xdf, 0xf7, 0xdf, 0xf7, 0xdf, 0xf7,
    0xbf, 0xef, 0xbf, 0xf7, 0xdf, 0xf7, 0xbf, 0xef, 0xbf, 0xf7, 0xbf, 0xf7,
    0xbf, 0xf7, 0xbf, 0xf7, 0xdf, 0xf7, 0xbf, 0xef, 0xbf, 0xf7, 0xbf, 0xf7,
    0xdf, 0xf7, 0xdf, 0xef, 0xbf, 0xf7, 0xdf, 0xf7, 0xbf, 0xf7, 0xdf, 0xf7,
    0xdf, 0xf7, 0xbf, 0xf7, 0xbf, 0xf7, 0xdf, 0xef, 0xbf, 0xf7, 0xdf, 0xf7,
    0xdf, 0xf7, 0xdf, 0xef, 0xbf, 0xf7, 0xdf, 0xf7, 0xdf, 0xf7, 0xbf, 0xf7,
    0xdf, 0xf7, 0xdf, 0xef, 0xdf, 0xf7, 0xdf, 0xf7, 0xbf, 0xf7, 0xbf, 0xf7,
    0xbf, 0xf7, 0xbf, 0xf7, 0xdf, 0xf7, 0xdf, 0xef, 0xbf, 0xf7, 0xdf, 0xf7,
    0xdf, 0xef, 0xbf, 0xf7, 0xdf, 0xf7, 0xdf, 0xf7, 0xdf, 0xf7, 0xdf, 0xf7,
    0xbf, 0xf7, 0xbf, 0xf7, 0xdf, 0xf7, 0xdf, 0xf7, 0xdf, 0xf7, 0xbf, 0xf7,
    0xdf, 0xf7, 0xdf, 0xf7, 0xdf, 0xf7, 0xbf, 0xf7, 0xbf, 0xf7, 0xdf, 0xf7,
    0xdf, 0xf7, 0xdf, 0xf7, 0xdf, 0xf7, 0xdf, 0xf7, 0xdf, 0xf7, 0xdf, 0xf7,
    0xdf, 0xf7, 0xdf, 0xf7, 0xdf, 0xf7, 0xbf, 0xf7, 0xdf, 0xf7, 0xbf, 0xef,
    0x9f, 0xef, 0x9f, 0xef, 0x7f, 0xe7, 0x9f, 0xef, 0xbf, 0xef, 0xbf, 0xef,
    0xbf, 0xf7, 0xff, 0xff, 0xff, 0xff, 0xff, 0xff, 0xff, 0xff, 0xff, 0xff,
    0xff, 0xff, 0xff, 0xff, 0xff, 0xff, 0xff, 0xff, 0xff, 0xff, 0xdf, 0xf7,
    0x9f, 0xef, 0xbf, 0xef, 0xbf, 0xef, 0xbf, 0xef, 0x9f, 0xef, 0x9f, 0xef,
    0x9f, 0xe7, 0x9f, 0xef, 0x9f, 0xe7, 0x9f, 0xe7, 0x9f, 0xef, 0x9f, 0xe7,
    0x9f, 0xef, 0x9f, 0xe7, 0x9f, 0xe7, 0x9f, 0xef, 0x9f, 0xe7, 0x9f, 0xe7,
    0x9f, 0xef, 0x9f, 0xe7, 0x9f, 0xef, 0x9f, 0xe7, 0x9f, 0xef, 0x9f, 0xef,
    0x9f, 0xe7, 0x9f, 0xe7, 0x9f, 0xef, 0x9f, 0xe7, 0x9f, 0xe7, 0x9f, 0xef,
    0x9f, 0xe7, 0xbf, 0xef, 0xbf, 0xef, 0xdf, 0xef, 0x9d, 0xae, 0x7b, 0x6d,
    0xbc, 0x7d, 0xbc, 0x85, 0xdc, 0x7d, 0xbc, 0x85, 0xdc, 0x7d, 0xbc, 0x7d,
    0xdc, 0x85, 0xbe, 0xbe, 0x9f, 0xe7, 0xbf, 0xef, 0x9f, 0xef, 0xdf, 0xf7,
    0x7f, 0xdf, 0xdc, 0x85, 0xdc, 0x85, 0xfd, 0x85, 0xfc, 0x8d, 0xfc, 0x8d,
    0xfd, 0x85, 0xfc, 0x8d, 0xfd, 0x85, 0xfc, 0x8d, 0xfd, 0x8d, 0xfd, 0x8d,
    0xfc, 0x8d, 0xfc, 0x8d, 0xfd, 0x8d, 0xfc, 0x8d, 0xfd, 0x8d, 0xfd, 0x8d,
    0xfd, 0x8d, 0x1d, 0x8e, 0x1c, 0x8e, 0xfd, 0x95, 0xfc, 0x8d, 0x1d, 0x96,
    0xfc, 0x8d, 0x7d, 0xa6, 0x1d, 0x96, 0x1d, 0x8e, 0x1c, 0x96, 0xfd, 0x95,
    0x1d, 0x8e, 0xfc, 0x8d, 0x1d, 0x96, 0x7f, 0xdf, 0xbf, 0xef, 0x9f, 0xef,
    0x9f, 0xe7, 0x9f, 0xe7, 0x9f, 0xe7, 0x9f, 0xef, 0x9f, 0xe7, 0x9f, 0xef,
    0x9f, 0xe7, 0x9f, 0xef, 0x9f, 0xef, 0x9f, 0xe7, 0x9f, 0xe7, 0xbf, 0xef,
    0x9f, 0xef, 0x9f, 0xe7, 0xbf, 0xef, 0x9f, 0xef, 0x9f, 0xef, 0xbf, 0xef,
    0x9f, 0xef, 0x9f, 0xef, 0xbf, 0xef, 0x9f, 0xef, 0xbf, 0xef, 0xbf, 0xef,
    0x9f, 0xef, 0xbf, 0xef, 0x9f, 0xef, 0xbf, 0xef, 0x9f, 0xef, 0x9f, 0xef,
    0x9f, 0xef, 0xbf, 0xef, 0x9f, 0xef, 0xbf, 0xe7, 0x9f, 0xef, 0x9f, 0xef,
    0xbf, 0xef, 0x9f, 0xef, 0x9f, 0xef, 0xbf, 0xef, 0x9f, 0xef, 0xbf, 0xef,
    0xbf, 0xef, 0xbf, 0xef, 0xbf, 0xef, 0xbf, 0xef, 0xbf, 0xef, 0xbf, 0xef,
    0x9f, 0xef, 0xbf, 0xef, 0xbf, 0xf7, 0xbf, 0xf7, 0xbf, 0xef, 0xbf, 0xef,
    0xbf, 0xef, 0xbf, 0xef, 0x9f, 0xef, 0xbf, 0xf7, 0xbf, 0xef, 0xbf, 0xf7,
    0xbf, 0xf7, 0xbf, 0xef, 0x7f, 0xdf, 0x5f, 0xdf, 0xbf, 0xef, 0x5f, 0xd7,
    0x5f, 0xd7, 0xbf, 0xef, 0xdf, 0xf7, 0xbf, 0xef, 0xdf, 0xf7, 0xbf, 0xef,
    0xbf, 0xef, 0xdf, 0xf7, 0xbf, 0xf7, 0xbf, 0xef, 0xbf, 0xef, 0xbf, 0xf7,
    0xbf, 0xef, 0xbf, 0xf7, 0xbf, 0xef, 0xbf, 0xf7, 0xbf, 0xef, 0xbf, 0xf7,
    0xdf, 0xef, 0xbf, 0xf7, 0xbf, 0xf7, 0xbf, 0xf7, 0xdf, 0xf7, 0xdf, 0xf7,
    0xbf, 0xf7, 0xbf, 0xef, 0xbf, 0xf7, 0xbf, 0xf7, 0xdf, 0xf7, 0xbf, 0xf7,
    0xdf, 0xf7, 0xbf, 0xf7, 0xdf, 0xf7, 0xbf, 0xef, 0xbf, 0xf7, 0xdf, 0xef,
    0xdf, 0xf7, 0xbf, 0xf7, 0xbf, 0xf7, 0xdf, 0xf7, 0xbf, 0xf7, 0xbf, 0xf7,
    0xdf, 0xf7, 0xbf, 0xf7, 0xdf, 0xf7, 0xdf, 0xef, 0xdf, 0xf7, 0xbf, 0xf7,
    0xdf, 0xf7, 0xdf, 0xf7, 0xbf, 0xf7, 0xbf, 0xf7, 0xbf, 0xf7, 0xdf, 0xf7,
    0xbf, 0xf7, 0xdf, 0xf7, 0xdf, 0xf7, 0xdf, 0xf7, 0xdf, 0xf7, 0xdf, 0xf7,
    0xbf, 0xf7, 0xdf, 0xf7, 0xdf, 0xf7, 0xbf, 0xf7, 0xdf, 0xf7, 0xdf, 0xf7,
    0xbf, 0xf7, 0xdf, 0xf7, 0xdf, 0xf7, 0xdf, 0xf7, 0xbf, 0xef, 0x3f, 0xd7,
    0x3f, 0xd7, 0x3f, 0xd7, 0x5f, 0xd7, 0x5f, 0xd7, 0x3f, 0xd7, 0x3f, 0xd7,
    0xbf, 0xef, 0xff, 0xff, 0xff, 0xff, 0xff, 0xff, 0xff, 0xff, 0xff, 0xff,
    0xff, 0xff, 0xff, 0xff, 0xff, 0xff, 0xff, 0xff, 0xff, 0xff, 0xdf, 0xf7,
    0x9f, 0xe7, 0x9f, 0xef, 0x9f, 0xe7, 0x9f, 0xe7, 0x9f, 0xef, 0xbf, 0xef,
    0x9f, 0xef, 0x9f, 0xef, 0xbf, 0xef, 0x9f, 0xef, 0x9f, 0xef, 0x9f, 0xe7,
    0x7f, 0xe7, 0x9f, 0xef, 0x9f, 0xe7, 0x9f, 0xef, 0x9f, 0xe7, 0x9f, 0xe7,
    0x9f, 0xef, 0x9f, 0xef, 0x9f, 0xe7, 0x9f, 0xef, 0x9f, 0xe7, 0x9f, 0xe7,
    0x9f, 0xef, 0x9f, 0xe7, 0x9f, 0xef, 0x9f, 0xef, 0x9f, 0xe7, 0x9f, 0xe7,
    0x9f, 0xe7, 0x9f, 0xe7, 0xbf, 0xe7, 0x9f, 0xef, 0xfc, 0x8d, 0x9c, 0x7d,
    0xbc, 0x7d, 0xbc, 0x7d, 0xbc, 0x85, 0xdc, 0x85, 0xbc, 0x7d, 0xfd, 0x8d,
    0x7f, 0xdf, 0xff, 0xff, 0xbf, 0xf7, 0x9f, 0xef, 0x9f, 0xef, 0xbf, 0xef,
    0x5f, 0xdf, 0xdc, 0x85, 0xdc, 0x85, 0xdc, 0x85, 0xfc, 0x85, 0xfc, 0x8d,
    0xfd, 0x85, 0xfd, 0x8d, 0xfc, 0x8d, 0xfc, 0x85, 0xfd, 0x8d, 0xfc, 0x8d,
    0xfc, 0x8d, 0xfd, 0x8d, 0xfc, 0x8d, 0xfc, 0x8d, 0xfc, 0x8d, 0xfd, 0x8d,
    0xfc, 0x8d, 0xfc, 0x8d, 0xfd, 0x8d, 0x1d, 0x8e, 0x1d, 0x96, 0xfd, 0x8d,
    0x1c, 0x8e, 0xbe, 0xbe, 0x1d, 0x96, 0x1d, 0x96, 0x1d, 0x8e, 0x1c, 0x8e,
    0x1d, 0x8e, 0x1d, 0x8e, 0x1d, 0x96, 0x7f, 0xe7, 0xbf, 0xef, 0x9f, 0xe7,
    0x9f, 0xef, 0x9f, 0xe7, 0x9f, 0xe7, 0x9f, 0xe7, 0x9f, 0xe7, 0x9f, 0xe7,
    0x9f, 0xe7, 0x9f, 0xef, 0x9f, 0xef, 0x9f, 0xe7, 0xbf, 0xe7, 0x9f, 0xef,
    0x9f, 0xef, 0x9f, 0xef, 0x9f, 0xe7, 0xbf, 0xef, 0xbf, 0xef, 0x9f, 0xe7,
    0xbf, 0xef, 0xbf, 0xef, 0x9f, 0xef, 0x9f, 0xef, 0x9f, 0xef, 0xbf, 0xe7,
    0x9f, 0xef, 0xbf, 0xef, 0xbf, 0xef, 0x9f, 0xef, 0xbf, 0xef, 0xbf, 0xe7,
    0xbf, 0xef, 0x9f, 0xef, 0xbf, 0xef, 0xbf, 0xef, 0x9f, 0xef, 0xbf, 0xef,
    0xbf, 0xef, 0xbf, 0xef, 0x9f, 0xef, 0xbf, 0xef, 0xbf, 0xef, 0x9f, 0xef,
    0xbf, 0xef, 0xbf, 0xef, 0x9f, 0xef, 0xbf, 0xef, 0xbf, 0xef, 0xbf, 0xef,
    0xbf, 0xef, 0xbf, 0xef, 0xbf, 0xef, 0xbf, 0xef, 0xbf, 0xef, 0xbf, 0xf7,
    0xbf, 0xef, 0xbf, 0xef, 0xbf, 0xf7, 0xbf, 0xef, 0xbf, 0xef, 0xbf, 0xef,
    0xbf, 0xf7, 0xbf, 0xef, 0x9f, 0xe7, 0x5f, 0xdf, 0xfe, 0xc6, 0x5f, 0xd7,
    0xdf, 0xf7, 0xbf, 0xf7, 0xbf, 0xf7, 0xbf, 0xf7, 0xbf, 0xf7, 0xdf, 0xf7,
    0xbf, 0xef, 0xbf, 0xf7, 0xbf, 0xf7, 0xbf, 0xef, 0xbf, 0xf7, 0xbf, 0xf7,
    0xbf, 0xf7, 0xbf, 0xef, 0xbf, 0xf7, 0xdf, 0xf7, 0xbf, 0xef, 0xbf, 0xf7,
    0xbf, 0xf7, 0xbf, 0xef, 0xbf, 0xf7, 0xdf, 0xf7, 0xbf, 0xf7, 0xdf, 0xf7,
    0xbf, 0xf7, 0xbf, 0xf7, 0xdf, 0xf7, 0xbf, 0xef, 0xbf, 0xef, 0xbf, 0xf7,
    0xdf, 0xf7, 0xbf, 0xf7, 0xbf, 0xf7, 0xdf, 0xf7, 0xbf, 0xf7, 0xdf, 0xf7,
    0xdf, 0xf7, 0xbf, 0xf7, 0xdf, 0xf7, 0xdf, 0xf7, 0xbf, 0xf7, 0xdf, 0xf7,
    0xdf, 0xf7, 0xdf, 0xf7, 0xdf, 0xf7, 0xdf, 0xf7, 0xbf, 0xf7, 0xbf, 0xf7,
    0xdf, 0xf7, 0xbf, 0xf7, 0xdf, 0xf7, 0xdf, 0xf7, 0xbf, 0xf7, 0xdf, 0xf7,
    0xbf, 0xf7, 0xdf, 0xf7, 0xdf, 0xf7, 0xbf, 0xf7, 0xdf, 0xf7, 0xdf, 0xf7,
    0xdf, 0xf7, 0xdf, 0xf7, 0xbf, 0xf7, 0xbf, 0xf7, 0xbf, 0xf7, 0xbf, 0xf7,
    0xdf, 0xf7, 0xdf, 0xf7, 0xdf, 0xf7, 0xdf, 0xf7, 0xbf, 0xef, 0x5f, 0xd7,
    0x5f, 0xd7, 0x5f, 0xd7, 0x5f, 0xd7, 0x5f, 0xd7, 0x5f, 0xdf, 0x5f, 0xd7,
    0xbf, 0xef, 0xff, 0xff, 0xff, 0xff, 0xff, 0xff, 0xff, 0xff, 0xff, 0xff,
    0xff, 0xff, 0xff, 0xff, 0xff, 0xff, 0xff, 0xff, 0xff, 0xff, 0xdf, 0xf7,
    0x9f, 0xef, 0x9f, 0xef, 0x9f, 0xe7, 0x9f, 0xe7, 0x9f, 0xef, 0x9f, 0xe7,
    0x9f, 0xe7, 0x9f, 0xef, 0xbf, 0xef, 0x9f, 0xef, 0x9f, 0xef, 0xbf, 0xef,
    0x9f, 0xef, 0x9f, 0xef, 0x9f, 0xef, 0x9f, 0xe7, 0x9f, 0xef, 0x9f, 0xe7,
    0x9f, 0xe7, 0x9f, 0xe7, 0x9f, 0xef, 0x9f, 0xe7, 0x9f, 0xef, 0x9f, 0xef,
    0x9f, 0xe7, 0x9f, 0xef, 0x9f, 0xe7, 0x9f, 0xef, 0x9f, 0xef, 0x9f, 0xef,
    0x9f, 0xef, 0x9f, 0xef, 0xbf, 0xe7, 0xbf, 0xef, 0x1d, 0x96, 0x7b, 0x75,
    0xbc, 0x7d, 0xbc, 0x7d, 0xdc, 0x85, 0xdc, 0x7d, 0xbc, 0x7d, 0xdc, 0x85,
    0x7f, 0xdf, 0xbf, 0xef, 0xbf, 0xef, 0x9f, 0xef, 0xbf, 0xef, 0xbf, 0xef,
    0x5f, 0xdf, 0xdd, 0x85, 0xdc, 0x85, 0xfd, 0x8d, 0xfd, 0x8d, 0xdd, 0x85,
    0xfc, 0x85, 0xfc, 0x8d, 0xfd, 0x8d, 0xfd, 0x85, 0xfc, 0x85, 0xfd, 0x8d,
    0xfd, 0x8d, 0xfd, 0x85, 0xfd, 0x8d, 0xfc, 0x8d, 0xfd, 0x8d, 0xfd, 0x8d,
    0x1c, 0x8e, 0xfc, 0x8d, 0xfd, 0x8d, 0x1c, 0x8e, 0xfc, 0x8d, 0xfd, 0x8d,
    0xfc, 0x8d, 0x7d, 0xa6, 0x5d, 0xa6, 0xfc, 0x8d, 0xfc, 0x8d, 0x1d, 0x96,
    0x1c, 0x96, 0x1d, 0x8e, 0x1c, 0x8e, 0x7f, 0xdf, 0xbf, 0xef, 0x9f, 0xef,
    0x9f, 0xef, 0x9f, 0xe7, 0x9f, 0xef, 0x9f, 0xef, 0x9f, 0xe7, 0x9f, 0xef,
    0x9f, 0xef, 0x9f, 0xe7, 0x9f, 0xe7, 0x9f, 0xef, 0x9f, 0xef, 0xbf, 0xef,
    0xbf, 0xef, 0xbf, 0xef, 0xbf, 0xef, 0x9f, 0xe7, 0xbf, 0xef, 0x9f, 0xef,
    0xbf, 0xe7, 0x9f, 0xef, 0xbf, 0xef, 0xbf, 0xef, 0x9f, 0xe7, 0x9f, 0xef,
    0xbf, 0xef, 0x9f, 0xe7, 0x9f, 0xef, 0xbf, 0xef, 0x9f, 0xef, 0x9f, 0xef,
    0xbf, 0xef, 0x9f, 0xef, 0x9f, 0xef, 0xbf, 0xef, 0xbf, 0xef, 0xbf, 0xef,
    0x9f, 0xef, 0x9f, 0xef, 0xbf, 0xef, 0x9f, 0xef, 0xbf, 0xef, 0xbf, 0xef,
    0x9f, 0xef, 0x9f, 0xef, 0xbf, 0xef, 0x9f, 0xef, 0xbf, 0xf7, 0x9f, 0xef,
    0xbf, 0xf7, 0xbf, 0xef, 0x9f, 0xef, 0xbf, 0xef, 0xbf, 0xef, 0xbf, 0xef,
    0xbf, 0xf7, 0xbf, 0xf7, 0xbf, 0xef, 0xbf, 0xef, 0xbf, 0xf7, 0xbf, 0xf7,
    0xdf, 0xef, 0xbf, 0xef, 0xbf, 0xf7, 0xdf, 0xf7, 0x9f, 0xe7, 0xbf, 0xf7,
    0xbf, 0xf7, 0xbf, 0xef, 0xbf, 0xf7, 0xbf, 0xf7, 0xbf, 0xef, 0xbf, 0xf7,
    0xbf, 0xf7, 0xbf, 0xf7, 0xdf, 0xef, 0xbf, 0xf7, 0xbf, 0xf7, 0xdf, 0xef,
    0xdf, 0xf7, 0xdf, 0xf7, 0xdf, 0xf7, 0xbf, 0xf7, 0xbf, 0xef, 0xdf, 0xf7,
    0xdf, 0xf7, 0xbf, 0xf7, 0xbf, 0xef, 0xdf, 0xef, 0xdf, 0xf7, 0xdf, 0xf7,
    0xdf, 0xf7, 0xbf, 0xef, 0xdf, 0xf7, 0xbf, 0xf7, 0xbf, 0xf7, 0xbf, 0xef,
    0xdf, 0xf7, 0xdf, 0xf7, 0xbf, 0xf7, 0xdf, 0xf7, 0xbf, 0xf7, 0xbf, 0xf7,
    0xdf, 0xef, 0xbf, 0xf7, 0xdf, 0xf7, 0xdf, 0xef, 0xbf, 0xf7, 0xbf, 0xf7,
    0xdf, 0xf7, 0xdf, 0xf7, 0xdf, 0xf7, 0xdf, 0xf7, 0xdf, 0xf7, 0xbf, 0xf7,
    0xdf, 0xf7, 0xdf, 0xf7, 0xdf, 0xf7, 0xdf, 0xf7, 0xbf, 0xf7, 0xbf, 0xf7,
    0xdf, 0xf7, 0xdf, 0xf7, 0xdf, 0xf7, 0xdf, 0xf7, 0xdf, 0xf7, 0xbf, 0xf7,
    0xdf, 0xf7, 0xdf, 0xf7, 0xdf, 0xf7, 0xdf, 0xf7, 0xdf, 0xf7, 0xbf, 0xf7,
    0xdf, 0xf7, 0xdf, 0xf7, 0xdf, 0xf7, 0xdf, 0xf7, 0xbf, 0xf7, 0x5f, 0xdf,
    0x5f, 0xd7, 0x5f, 0xdf, 0x5f, 0xd7, 0x5f, 0xd7, 0x5f, 0xd7, 0x5f, 0xd7,
    0xbf, 0xf7, 0xff, 0xff, 0xff, 0xff, 0xff, 0xff, 0xff, 0xff, 0xff, 0xff,
    0xff, 0xff, 0xff, 0xff, 0xff, 0xff, 0xff, 0xff, 0xff, 0xff, 0xdf, 0xf7,
    0x9f, 0xef, 0x9f, 0xef, 0x9f, 0xef, 0x9f, 0xef, 0x9f, 0xe7, 0x9f, 0xef,
    0x9f, 0xe7, 0x9f, 0xe7, 0x9f, 0xe7, 0x9f, 0xe7, 0x9f, 0xe7, 0x9f, 0xef,
    0xbf, 0xef, 0xbf, 0xef, 0xbf, 0xef, 0xbf, 0xef, 0xbf, 0xef, 0xbf, 0xef,
    0xbf, 0xef, 0x9f, 0xef, 0x9f, 0xe7, 0x9f, 0xe7, 0x9f, 0xe7, 0x9f, 0xef,
    0x9f, 0xe7, 0x9f, 0xe7, 0x9f, 0xef, 0x9f, 0xe7, 0x9f, 0xe7, 0x9f, 0xe7,
    0x9f, 0xef, 0x9f, 0xef, 0x9f, 0xe7, 0xbf, 0xef, 0x1e, 0xc7, 0x9c, 0x75,
    0xbc, 0x7d, 0xbc, 0x7d, 0xbc, 0x7d, 0xbc, 0x7d, 0xdc, 0x85, 0x9c, 0x75,
    0x5d, 0xa6, 0xbf, 0xef, 0x9f, 0xe7, 0xbf, 0xef, 0xbf, 0xef, 0xbf, 0xef,
    0x7f, 0xdf, 0xfd, 0x85, 0xdc, 0x85, 0xfc, 0x8d, 0xfd, 0x8d, 0xfc, 0x85,
    0xdc, 0x8d, 0xfd, 0x85, 0xfd, 0x8d, 0xfc, 0x8d, 0xfc, 0x85, 0xfd, 0x8d,
    0xfc, 0x85, 0xfc, 0x8d, 0xfd, 0x8d, 0xfc, 0x8d, 0xfd, 0x8d, 0xfd, 0x8d,
    0xfc, 0x8d, 0xfc, 0x8d, 0xfd, 0x8d, 0xfc, 0x8d, 0xfc, 0x8d, 0xfd, 0x8d,
    0xfc, 0x8d, 0x9e, 0xae, 0xbe, 0xb6, 0xdc, 0x85, 0xfd, 0x8d, 0xfc, 0x8d,
    0x1d, 0x8e, 0x1c, 0x8e, 0xfc, 0x8d, 0x5f, 0xd7, 0xbf, 0xef, 0x9f, 0xe7,
    0x9f, 0xe7, 0x9f, 0xef, 0x9f, 0xef, 0x9f, 0xe7, 0x9f, 0xef, 0x9f, 0xef,
    0x9f, 0xe7, 0x9f, 0xef, 0x9f, 0xef, 0x9f, 0xef, 0x9f, 0xe7, 0x9f, 0xef,
    0xbf, 0xe7, 0x9f, 0xef, 0x9f, 0xef, 0xbf, 0xef, 0x9f, 0xef, 0x9f, 0xef,
    0x9f, 0xef, 0xbf, 0xef, 0x9f, 0xef, 0xbf, 0xef, 0xbf, 0xef, 0x9f, 0xef,
    0x9f, 0xef, 0xbf, 0xef, 0x9f, 0xe7, 0xbf, 0xef, 0x9f, 0xe7, 0xbf, 0xef,
    0xbf, 0xef, 0x9f, 0xef, 0xbf, 0xef, 0x9f, 0xef, 0x9f, 0xef, 0xbf, 0xef,
    0xbf, 0xef, 0xbf, 0xef, 0x9f, 0xef, 0xbf, 0xef, 0x9f, 0xef, 0x9f, 0xef,
    0xbf, 0xef, 0xbf, 0xef, 0xbf, 0xef, 0xbf, 0xef, 0xbf, 0xef, 0xbf, 0xef,
    0x9f, 0xef, 0xbf, 0xef, 0xbf, 0xf7, 0xbf, 0xef, 0xbf, 0xef, 0xbf, 0xef,
    0x9f, 0xef, 0xbf, 0xef, 0xbf, 0xef, 0xbf, 0xf7, 0xbf, 0xef, 0xbf, 0xef,
    0xbf, 0xef, 0xbf, 0xf7, 0xbf, 0xf7, 0xbf, 0xf7, 0xdf, 0xf7, 0xbf, 0xf7,
    0xbf, 0xef, 0xbf, 0xef, 0xdf, 0xf7, 0xdf, 0xef, 0xbf, 0xef, 0xdf, 0xf7,
    0xbf, 0xf7, 0xbf, 0xef, 0xbf, 0xf7, 0xbf, 0xf7, 0xbf, 0xf7, 0xbf, 0xef,
    0xbf, 0xf7, 0xbf, 0xf7, 0xbf, 0xef, 0xbf, 0xf7, 0xdf, 0xf7, 0xdf, 0xf7,
    0xdf, 0xf7, 0xbf, 0xf7, 0xbf, 0xf7, 0xbf, 0xf7, 0xbf, 0xef, 0xdf, 0xf7,
    0xbf, 0xf7, 0xdf, 0xf7, 0xbf, 0xf7, 0xdf, 0xf7, 0xdf, 0xf7, 0xbf, 0xf7,
    0xdf, 0xf7, 0xbf, 0xf7, 0xdf, 0xef, 0xdf, 0xf7, 0xbf, 0xf7, 0xdf, 0xf7,
    0xbf, 0xf7, 0xdf, 0xf7, 0xdf, 0xf7, 0xdf, 0xf7, 0xbf, 0xf7, 0xdf, 0xf7,
    0xdf, 0xf7, 0xdf, 0xf7, 0xbf, 0xf7, 0xdf, 0xf7, 0xdf, 0xf7, 0xbf, 0xf7,
    0xdf, 0xf7, 0xdf, 0xf7, 0xdf, 0xf7, 0xdf, 0xf7, 0xdf, 0xf7, 0xbf, 0xf7,
    0xbf, 0xf7, 0xdf, 0xf7, 0xdf, 0xf7, 0xdf, 0xf7, 0xdf, 0xf7, 0xbf, 0xf7,
    0xdf, 0xf7, 0xdf, 0xf7, 0xdf, 0xf7, 0xdf, 0xf7, 0xdf, 0xf7, 0xdf, 0xf7,
    0xdf, 0xf7, 0xbf, 0xf7, 0xdf, 0xf7, 0xdf, 0xf7, 0xbf, 0xf7, 0x5f, 0xd7,
    0x5f, 0xd7, 0x3f, 0xdf, 0x5f, 0xd7, 0x5f, 0xd7, 0x5f, 0xdf, 0x5f, 0xd7,
    0xbf, 0xef, 0xff, 0xff, 0xff, 0xff, 0xff, 0xff, 0xff, 0xff, 0xff, 0xff,
    0xff, 0xff, 0xff, 0xff, 0xff, 0xff, 0xff, 0xff, 0xff, 0xff, 0xdf, 0xf7,
    0x9f, 0xe7, 0x9f, 0xef, 0x9f, 0xef, 0x9f, 0xef, 0x9f, 0xef, 0x9f, 0xe7,
    0x9f, 0xef, 0x9f, 0xef, 0x9f, 0xef, 0x9f, 0xef, 0x9f, 0xe7, 0xbf, 0xef,
    0x9f, 0xe7, 0x9f, 0xe7, 0x9f, 0xe7, 0x9f, 0xef, 0x9f, 0xef, 0x9f, 0xef,
    0xbf, 0xef, 0xbf, 0xef, 0xbf, 0xef, 0xbf, 0xef, 0x9f, 0xef, 0x9f, 0xef,
    0x9f, 0xef, 0x9f, 0xe7, 0x9f, 0xef, 0x9f, 0xef, 0x9f, 0xe7, 0x9f, 0xe7,
    0x9f, 0xe7, 0x9f, 0xef, 0x9f, 0xef, 0x9f, 0xe7, 0xbf, 0xf7, 0x5d, 0xa6,
    0x9c, 0x75, 0xbc, 0x7d, 0xbc, 0x7d, 0xbc, 0x7d, 0xbc, 0x7d, 0xdc, 0x85,
    0xfc, 0x8d, 0x7f, 0xe7, 0xbf, 0xef, 0xbf, 0xef, 0xbf, 0xef, 0xbf, 0xef,
    0x7f, 0xe7, 0xfd, 0x8d, 0xdc, 0x85, 0xfc, 0x85, 0xfc, 0x85, 0xfd, 0x8d,
    0xfd, 0x85, 0xdc, 0x85, 0xfc, 0x8d, 0xfd, 0x8d, 0xdd, 0x85, 0xfc, 0x85,
    0xfc, 0x8d, 0xfd, 0x8d, 0xfc, 0x85, 0xfc, 0x85, 0xfd, 0x85, 0xfc, 0x8d,
    0xfd, 0x8d, 0xfd, 0x8d, 0xfd, 0x8d, 0xfd, 0x8d, 0xfc, 0x8d, 0x1d, 0x8e,
    0xdc, 0x85, 0x1f, 0xc7, 0x7f, 0xdf, 0xfd, 0x8d, 0xfc, 0x8d, 0x1d, 0x8e,
    0x1d, 0x8e, 0xfd, 0x8d, 0xfc, 0x85, 0x1f, 0xd7, 0xbf, 0xef, 0x9f, 0xef,
    0x9f, 0xe7, 0xbf, 0xef, 0x9f, 0xe7, 0x9f, 0xe7, 0x9f, 0xef, 0x9f, 0xe7,
    0x9f, 0xe7, 0x9f, 0xef, 0x9f, 0xe7, 0x9f, 0xe7, 0x9f, 0xef, 0xbf, 0xe7,
    0x9f, 0xe7, 0x9f, 0xe7, 0xbf, 0xef, 0xbf, 0xef, 0x9f, 0xef, 0xbf, 0xe7,
    0xbf, 0xef, 0x9f, 0xef, 0x9f, 0xef, 0x9f, 0xef, 0xbf, 0xef, 0x9f, 0xef,
    0xbf, 0xef, 0xbf, 0xef, 0x9f, 0xef, 0xbf, 0xef, 0xbf, 0xef, 0x9f, 0xef,
    0xbf, 0xef, 0xbf, 0xef, 0x9f, 0xe7, 0xbf, 0xef, 0xbf, 0xef, 0xbf, 0xef,
    0x9f, 0xef, 0xbf, 0xef, 0xbf, 0xef, 0x9f, 0xef, 0xbf, 0xef, 0x9f, 0xef,
    0xbf, 0xef, 0xbf, 0xef, 0xbf, 0xef, 0x9f, 0xef, 0xbf, 0xf7, 0xbf, 0xef,
    0xbf, 0xef, 0xbf, 0xef, 0xbf, 0xf7, 0xbf, 0xef, 0xbf, 0xf7, 0xbf, 0xef,
    0xbf, 0xef, 0xbf, 0xf7, 0xbf, 0xef, 0xbf, 0xef, 0xbf, 0xf7, 0xbf, 0xef,
    0xbf, 0xf7, 0xbf, 0xf7, 0xdf, 0xef, 0xbf, 0xef, 0xbf, 0xef, 0xbf, 0xf7,
    0xbf, 0xf7, 0xdf, 0xf7, 0xbf, 0xf7, 0xdf, 0xf7, 0xbf, 0xef, 0xbf, 0xf7,
    0xdf, 0xef, 0xbf, 0xef, 0xbf, 0xf7, 0xdf, 0xef, 0xbf, 0xf7, 0xbf, 0xf7,
    0xbf, 0xf7, 0xbf, 0xf7, 0xdf, 0xef, 0xbf, 0xf7, 0xbf, 0xf7, 0xbf, 0xef,
    0xdf, 0xf7, 0xbf, 0xef, 0xbf, 0xf7, 0xbf, 0xf7, 0xbf, 0xf7, 0xbf, 0xef,
    0xdf, 0xf7, 0xbf, 0xf7, 0xbf, 0xf7, 0xdf, 0xf7, 0xdf, 0xf7, 0xbf, 0xf7,
    0xbf, 0xf7, 0xdf, 0xf7, 0xbf, 0xf7, 0xbf, 0xf7, 0xdf, 0xf7, 0xdf, 0xf7,
    0xbf, 0xf7, 0xbf, 0xf7, 0xdf, 0xf7, 0xdf, 0xf7, 0xbf, 0xf7, 0xdf, 0xf7,
    0xdf, 0xf7, 0xdf, 0xf7, 0xdf, 0xf7, 0xbf, 0xf7, 0xdf, 0xf7, 0xbf, 0xf7,
    0xbf, 0xf7, 0xdf, 0xf7, 0xbf, 0xf7, 0xdf, 0xf7, 0xdf, 0xf7, 0xdf, 0xf7,
    0xdf, 0xf7, 0xdf, 0xf7, 0xbf, 0xf7, 0xdf, 0xf7, 0xdf, 0xf7, 0xdf, 0xf7,
    0xdf, 0xf7, 0xbf, 0xf7, 0xbf, 0xf7, 0xdf, 0xf7, 0xbf, 0xf7, 0xdf, 0xf7,
    0xdf, 0xf7, 0xdf, 0xf7, 0xdf, 0xf7, 0xdf, 0xf7, 0xbf, 0xef, 0x5f, 0xd7,
    0x5f, 0xd7, 0x3f, 0xd7, 0x5f, 0xd7, 0x5f, 0xdf, 0x5f, 0xdf, 0x5f, 0xd7,
    0xbf, 0xef, 0xff, 0xff, 0xff, 0xff, 0xff, 0xff, 0xff, 0xff, 0xff, 0xff,
    0xff, 0xff, 0xff, 0xff, 0xff, 0xff, 0xff, 0xff, 0xff, 0xff, 0xdf, 0xf7,
    0x9f, 0xef, 0xbf, 0xef, 0x9f, 0xe7, 0x9f, 0xe7, 0x9f, 0xef, 0xbf, 0xef,
    0xbf, 0xef, 0xbf, 0xef, 0x9f, 0xe7, 0x9f, 0xe7, 0x9f, 0xef, 0xbf, 0xef,
    0x9f, 0xef, 0x9f, 0xe7, 0x9f, 0xef, 0x9f, 0xef, 0x9f, 0xef, 0x9f, 0xe7,
    0x9f, 0xef, 0x9f, 0xe7, 0x9f, 0xef, 0x9f, 0xef, 0xbf, 0xef, 0xbf, 0xef,
    0xbf, 0xef, 0xbf, 0xef, 0x9f, 0xef, 0x9f, 0xef, 0x9f, 0xef, 0x9f, 0xef,
    0x9f, 0xe7, 0x9f, 0xef, 0xbf, 0xef, 0x9f, 0xe7, 0xbf, 0xef, 0x5f, 0xdf,
    0x9c, 0x7d, 0x9c, 0x7d, 0xbc, 0x7d, 0xbc, 0x7d, 0xbc, 0x7d, 0xdc, 0x85,
    0xbc, 0x7d, 0x3e, 0xcf, 0xbf, 0xf7, 0xbf, 0xef, 0x9f, 0xef, 0xbf, 0xef,
    0x7f, 0xdf, 0xdc, 0x8d, 0xdc, 0x85, 0xdd, 0x85, 0xdc, 0x8d, 0xdc, 0x85,
    0xfd, 0x8d, 0xfc, 0x85, 0xfc, 0x85, 0xdc, 0x85, 0xdc, 0x85, 0xdc, 0x85,
    0xfd, 0x8d, 0xfd, 0x8d, 0xfc, 0x8d, 0xfc, 0x85, 0x1d, 0x8e, 0x1d, 0x96,
    0xfc, 0x8d, 0xfc, 0x8d, 0xfc, 0x8d, 0xfd, 0x8d, 0xfd, 0x8d, 0xfc, 0x8d,
    0x1d, 0x96, 0x7f, 0xe7, 0xdf, 0xf7, 0x5d, 0xa6, 0xfc, 0x8d, 0x1d, 0x8e,
    0x1d, 0x96, 0x1c, 0x8e, 0xfd, 0x85, 0x1e, 0xcf, 0xbf, 0xf7, 0x9f, 0xef,
    0x9f, 0xef, 0x9f, 0xe7, 0x9f, 0xef, 0x9f, 0xe7, 0xbf, 0xef, 0x9f, 0xef,
    0x9f, 0xe7, 0x9f, 0xef, 0x9f, 0xe7, 0xbf, 0xef, 0x9f, 0xef, 0xbf, 0xef,
    0x9f, 0xe7, 0x9f, 0xef, 0xbf, 0xef, 0x9f, 0xe7, 0x9f, 0xef, 0xbf, 0xef,
    0xbf, 0xe7, 0x9f, 0xef, 0xbf, 0xef, 0xbf, 0xe7, 0x9f, 0xef, 0xbf, 0xef,
    0x9f, 0xe7, 0x9f, 0xef, 0x9f, 0xef, 0xbf, 0xe7, 0x9f, 0xef, 0x9f, 0xef,
    0x9f, 0xef, 0xbf, 0xef, 0x9f, 0xef, 0xbf, 0xef, 0xbf, 0xef, 0x9f, 0xef,
    0xbf, 0xef, 0xbf, 0xef, 0xbf, 0xef, 0x9f, 0xef, 0xbf, 0xef, 0xbf, 0xef,
    0x9f, 0xef, 0xbf, 0xef, 0xbf, 0xef, 0xbf, 0xef, 0xbf, 0xef, 0xbf, 0xef,
    0x9f, 0xef, 0xbf, 0xef, 0xbf, 0xf7, 0xbf, 0xef, 0x9f, 0xef, 0xbf, 0xf7,
    0xbf, 0xf7, 0xbf, 0xef, 0xbf, 0xf7, 0xbf, 0xf7, 0xbf, 0xef, 0xbf, 0xf7,
    0xbf, 0xef, 0xbf, 0xef, 0xbf, 0xf7, 0xbf, 0xef, 0xdf, 0xf7, 0xbf, 0xf7,
    0xbf, 0xef, 0xdf, 0xef, 0xbf, 0xf7, 0xbf, 0xf7, 0xdf, 0xf7, 0xbf, 0xf7,
    0xbf, 0xf7, 0xdf, 0xf7, 0xbf, 0xef, 0xdf, 0xf7, 0xbf, 0xef, 0xdf, 0xef,
    0xdf, 0xf7, 0xdf, 0xf7, 0xbf, 0xef, 0xbf, 0xf7, 0xdf, 0xf7, 0xdf, 0xef,
    0xbf, 0xf7, 0xdf, 0xf7, 0xdf, 0xef, 0xbf, 0xf7, 0xbf, 0xf7, 0xbf, 0xf7,
    0xdf, 0xef, 0xdf, 0xf7, 0xdf, 0xf7, 0xdf, 0xef, 0xbf, 0xf7, 0xdf, 0xf7,
    0xdf, 0xef, 0xdf, 0xf7, 0xbf, 0xf7, 0xdf, 0xf7, 0xdf, 0xf7, 0xdf, 0xef,
    0xbf, 0xf7, 0xdf, 0xf7, 0xdf, 0xef, 0xbf, 0xf7, 0xdf, 0xf7, 0xdf, 0xf7,
    0xdf, 0xf7, 0xbf, 0xf7, 0xdf, 0xf7, 0xdf, 0xf7, 0xdf, 0xf7, 0xdf, 0xf7,
    0xdf, 0xf7, 0xdf, 0xf7, 0xdf, 0xf7, 0xbf, 0xf7, 0xdf, 0xf7, 0xdf, 0xf7,
    0xdf, 0xf7, 0xdf, 0xf7, 0xdf, 0xf7, 0xbf, 0xf7, 0xdf, 0xf7, 0xdf, 0xf7,
    0xdf, 0xff, 0xdf, 0xf7, 0xbf, 0xf7, 0xdf, 0xff, 0xdf, 0xf7, 0xbf, 0xf7,
    0xdf, 0xf7, 0xdf, 0xf7, 0xdf, 0xf7, 0xdf, 0xf7, 0xbf, 0xf7, 0x5f, 0xd7,
    0x5f, 0xdf, 0x5f, 0xd7, 0x5f, 0xd7, 0x5f, 0xd7, 0x5f, 0xdf, 0x5f, 0xd7,
    0xbf, 0xef, 0xff, 0xff, 0xff, 0xff, 0xff, 0xff, 0xff, 0xff, 0xff, 0xff,
    0xff, 0xff, 0xff, 0xff, 0xff, 0xff, 0xff, 0xff, 0xff, 0xff, 0xdf, 0xf7,
    0x9f, 0xef, 0x9f, 0xef, 0xbf, 0xe7, 0x9f, 0xef, 0x9f, 0xef, 0xdf, 0xf7,
    0xdf, 0xf7, 0xdf, 0xf7, 0xdf, 0xf7, 0xdf, 0xf7, 0xbf, 0xef, 0xbf, 0xef,
    0x9f, 0xe7, 0x9f, 0xef, 0xbf, 0xe7, 0x9f, 0xe7, 0x9f, 0xef, 0x9f, 0xef,
    0x9f, 0xef, 0x9f, 0xef, 0x9f, 0xef, 0x9f, 0xef, 0x9f, 0xef, 0x9f, 0xef,
    0xbf, 0xef, 0x9f, 0xef, 0xbf, 0xef, 0xbf, 0xef, 0xbf, 0xef, 0xbf, 0xef,
    0xbf, 0xef, 0x9f, 0xef, 0x9f, 0xe7, 0x9f, 0xef, 0xbf, 0xef, 0xdf, 0xf7,
    0x7d, 0xa6, 0x7c, 0x75, 0xbc, 0x7d, 0xbc, 0x7d, 0xbc, 0x85, 0xdc, 0x7d,
    0x9c, 0x75, 0x9e, 0xb6, 0xdf, 0xf7, 0xbf, 0xef, 0x9f, 0xef, 0xbf, 0xef,
    0x5f, 0xdf, 0xdc, 0x85, 0xdc, 0x85, 0xdd, 0x8d, 0xfc, 0x85, 0xdc, 0x85,
    0xdd, 0x8d, 0xfc, 0x8d, 0xdd, 0x85, 0xfd, 0x8d, 0xfc, 0x85, 0xdd, 0x85,
    0xfc, 0x8d, 0xfc, 0x85, 0xfd, 0x85, 0x1d, 0x96, 0x1d, 0x96, 0xfd, 0x8d,
    0xfc, 0x85, 0xfd, 0x8d, 0xfc, 0x8d, 0xfc, 0x8d, 0xfc, 0x8d, 0xdc, 0x85,
    0xde, 0xbe, 0xdf, 0xf7, 0xdf, 0xf7, 0xde, 0xbe, 0xdc, 0x85, 0xfd, 0x8d,
    0xfd, 0x8d, 0x1d, 0x8e, 0xfd, 0x8d, 0x9d, 0xae, 0x7f, 0xdf, 0xbf, 0xef,
    0x9f, 0xef, 0xbf, 0xef, 0x9f, 0xef, 0x9f, 0xef, 0x9f, 0xe7, 0xbf, 0xef,
    0x9f, 0xef, 0x9f, 0xe7, 0xbf, 0xef, 0x9f, 0xef, 0x9f, 0xe7, 0x9f, 0xef,
    0x9f, 0xef, 0xbf, 0xef, 0x9f, 0xef, 0xbf, 0xef, 0x9f, 0xef, 0x9f, 0xef,
    0xbf, 0xef, 0x9f, 0xef, 0x9f, 0xef, 0xbf, 0xef, 0x9f, 0xef, 0xbf, 0xef,
    0xbf, 0xef, 0x9f, 0xef, 0xbf, 0xef, 0x9f, 0xe7, 0xbf, 0xef, 0xbf, 0xef,
    0x9f, 0xe7, 0x9f, 0xef, 0xbf, 0xef, 0x9f, 0xef, 0x9f, 0xef, 0xbf, 0xef,
    0x9f, 0xef, 0x9f, 0xef, 0xbf, 0xef, 0xbf, 0xef, 0xbf, 0xef, 0x9f, 0xef,
    0x9f, 0xef, 0x9f, 0xef, 0xbf, 0xef, 0xbf, 0xef, 0xbf, 0xef, 0x9f, 0xef,
    0xbf, 0xf7, 0xbf, 0xef, 0xbf, 0xef, 0xbf, 0xef, 0xbf, 0xef, 0xbf, 0xf7,
    0xbf, 0xef, 0xbf, 0xef, 0xbf, 0xef, 0xbf, 0xef, 0xbf, 0xef, 0xbf, 0xef,
    0xbf, 0xf7, 0xdf, 0xf7, 0xbf, 0xef, 0xbf, 0xf7, 0xdf, 0xef, 0xbf, 0xef,
    0xbf, 0xf7, 0xbf, 0xf7, 0xbf, 0xef, 0xbf, 0xef, 0xbf, 0xf7, 0xbf, 0xf7,
    0xbf, 0xf7, 0xbf, 0xef, 0xbf, 0xf7, 0xbf, 0xf7, 0xbf, 0xf7, 0xbf, 0xef,
    0xdf, 0xf7, 0xdf, 0xf7, 0xdf, 0xf7, 0xbf, 0xf7, 0xdf, 0xf7, 0xdf, 0xf7,
    0xdf, 0xf7, 0xbf, 0xf7, 0xdf, 0xf7, 0xdf, 0xf7, 0xdf, 0xf7, 0xdf, 0xf7,
    0xbf, 0xf7, 0xbf, 0xf7, 0xdf, 0xf7, 0xdf, 0xf7, 0xdf, 0xf7, 0xdf, 0xf7,
    0xdf, 0xf7, 0xbf, 0xf7, 0xdf, 0xf7, 0xbf, 0xf7, 0xbf, 0xf7, 0xdf, 0xf7,
    0xbf, 0xf7, 0xdf, 0xf7, 0xdf, 0xf7, 0xdf, 0xf7, 0xdf, 0xf7, 0xdf, 0xf7,
    0xbf, 0xf7, 0xdf, 0xf7, 0xdf, 0xf7, 0xdf, 0xf7, 0xdf, 0xf7, 0xdf, 0xf7,
    0xdf, 0xf7, 0xdf, 0xf7, 0xdf, 0xf7, 0xdf, 0xf7, 0xbf, 0xf7, 0xdf, 0xf7,
    0xbf, 0xf7, 0xdf, 0xf7, 0xdf, 0xf7, 0xbf, 0xf7, 0xdf, 0xf7, 0xdf, 0xf7,
    0xbf, 0xf7, 0xdf, 0xf7, 0xdf, 0xf7, 0xdf, 0xf7, 0xdf, 0xf7, 0xdf, 0xf7,
    0xbf, 0xf7, 0xdf, 0xf7, 0xdf, 0xf7, 0xdf, 0xff, 0xbf, 0xef, 0x3f, 0xd7,
    0x3f, 0xd7, 0x3f, 0xd7, 0x5f, 0xd7, 0x5f, 0xdf, 0x5f, 0xdf, 0x5f, 0xd7,
    0xbf, 0xf7, 0xff, 0xff, 0xff, 0xff, 0xff, 0xff, 0xff, 0xff, 0xff, 0xff,
    0xff, 0xff, 0xff, 0xff, 0xff, 0xff, 0xff, 0xff, 0xff, 0xff, 0xdf, 0xf7,
    0x9f, 0xef, 0xbf, 0xef, 0x9f, 0xef, 0x9f, 0xef, 0x9f, 0xe7, 0x9f, 0xe7,
    0x9f, 0xef, 0xbf, 0xef, 0xbf, 0xef, 0xbf, 0xf7, 0xdf, 0xf7, 0xdf, 0xf7,
    0xdf, 0xf7, 0xbf, 0xef, 0xbf, 0xef, 0xbf, 0xef, 0x9f, 0xe7, 0xbf, 0xe7,
    0x9f, 0xef, 0x9f, 0xe7, 0xbf, 0xe7, 0x9f, 0xef, 0xbf, 0xef, 0x9f, 0xef,
    0x9f, 0xef, 0x9f, 0xe7, 0x9f, 0xef, 0x9f, 0xef, 0xbf, 0xe7, 0x9f, 0xef,
    0xbf, 0xef, 0xbf, 0xef, 0x9f, 0xef, 0xbf, 0xef, 0x9f, 0xef, 0xbf, 0xef,
    0x9f, 0xdf, 0xdc, 0x85, 0x9c, 0x7d, 0xbc, 0x7d, 0xbc, 0x7d, 0xdc, 0x7d,
    0xbc, 0x7d, 0xfc, 0x8d, 0xbf, 0xef, 0xbf, 0xef, 0xbf, 0xef, 0xbf, 0xf7,
    0x5f, 0xdf, 0xdd, 0x85, 0xfc, 0x85, 0xdc, 0x85, 0xdc, 0x85, 0xfd, 0x85,
    0xfc, 0x85, 0xdc, 0x85, 0xdd, 0x8d, 0xfc, 0x8d, 0xfc, 0x85, 0xdd, 0x85,
    0xdc, 0x85, 0xfd, 0x8d, 0x3d, 0x96, 0x1d, 0x8e, 0xfc, 0x8d, 0xfc, 0x8d,
    0xfd, 0x8d, 0xfd, 0x8d, 0xfd, 0x8d, 0xfc, 0x8d, 0xdc, 0x85, 0x5d, 0x9e,
    0x7f, 0xdf, 0xbf, 0xef, 0xdf, 0xf7, 0x1f, 0xcf, 0xdc, 0x85, 0xfd, 0x8d,
    0xfc, 0x8d, 0x1d, 0x8e, 0x1d, 0x96, 0x1d, 0x96, 0x9d, 0xae, 0xbf, 0xef,
    0x9f, 0xe7, 0x9f, 0xe7, 0xbf, 0xef, 0x9f, 0xe7, 0x9f, 0xef, 0x9f, 0xe7,
    0x9f, 0xef, 0xbf, 0xef, 0xbf, 0xe7, 0x9f, 0xef, 0x9f, 0xef, 0x9f, 0xef,
    0xbf, 0xef, 0xbf, 0xef, 0x9f, 0xef, 0xbf, 0xef, 0xbf, 0xe7, 0x9f, 0xef,
    0xbf, 0xef, 0x9f, 0xef, 0xbf, 0xef, 0x9f, 0xef, 0x9f, 0xef, 0xbf, 0xe7,
    0x9f, 0xef, 0xbf, 0xef, 0xbf, 0xef, 0x9f, 0xef, 0x9f, 0xef, 0xbf, 0xef,
    0xbf, 0xef, 0x9f, 0xef, 0xbf, 0xef, 0xbf, 0xe7, 0x9f, 0xef, 0xbf, 0xef,
    0x9f, 0xef, 0xbf, 0xef, 0xbf, 0xef, 0xbf, 0xef, 0xbf, 0xef, 0x9f, 0xef,
    0xbf, 0xef, 0xbf, 0xef, 0xbf, 0xef, 0xbf, 0xef, 0x9f, 0xef, 0xbf, 0xf7,
    0xbf, 0xef, 0xbf, 0xef, 0xbf, 0xef, 0xbf, 0xf7, 0xbf, 0xef, 0xbf, 0xef,
    0xbf, 0xf7, 0xbf, 0xef, 0xbf, 0xf7, 0xbf, 0xf7, 0xbf, 0xef, 0xbf, 0xef,
    0xbf, 0xf7, 0xbf, 0xef, 0xbf, 0xf7, 0xbf, 0xef, 0xbf, 0xf7, 0xbf, 0xf7,
    0xbf, 0xf7, 0xdf, 0xf7, 0xbf, 0xef, 0xdf, 0xf7, 0xbf, 0xef, 0xbf, 0xef,
    0xdf, 0xf7, 0xbf, 0xef, 0xdf, 0xf7, 0xbf, 0xf7, 0xbf, 0xef, 0xbf, 0xf7,
    0xbf, 0xf7, 0xbf, 0xef, 0x7f, 0xdf, 0x9f, 0xef, 0xdf, 0xf7, 0x7f, 0xe7,
    0x9f, 0xe7, 0xbf, 0xf7, 0xbf, 0xf7, 0xdf, 0xef, 0xbf, 0xf7, 0xdf, 0xf7,
    0xbf, 0xf7, 0xbf, 0xf7, 0xbf, 0xf7, 0xbf, 0xf7, 0xbf, 0xf7, 0xdf, 0xf7,
    0xdf, 0xf7, 0xbf, 0xf7, 0xdf, 0xf7, 0xbf, 0xf7, 0xdf, 0xf7, 0xbf, 0xef,
    0xbf, 0xf7, 0xbf, 0xf7, 0xbf, 0xf7, 0xdf, 0xf7, 0xdf, 0xf7, 0xbf, 0xf7,
    0xdf, 0xf7, 0xdf, 0xf7, 0xbf, 0xf7, 0xbf, 0xf7, 0xdf, 0xf7, 0xbf, 0xf7,
    0xbf, 0xf7, 0xdf, 0xf7, 0xdf, 0xf7, 0xbf, 0xf7, 0xdf, 0xf7, 0xdf, 0xf7,
    0xdf, 0xf7, 0xbf, 0xf7, 0xdf, 0xf7, 0xdf, 0xf7, 0xdf, 0xf7, 0xdf, 0xf7,
    0xdf, 0xf7, 0xdf, 0xf7, 0xdf, 0xf7, 0xbf, 0xf7, 0xdf, 0xf7, 0xdf, 0xf7,
    0xdf, 0xf7, 0xbf, 0xf7, 0xdf, 0xf7, 0xdf, 0xf7, 0xbf, 0xf7, 0x3f, 0xd7,
    0x5f, 0xd7, 0x3f, 0xd7, 0x5f, 0xd7, 0x5f, 0xd7, 0x5f, 0xd7, 0x5f, 0xd7,
    0xbf, 0xef, 0xff, 0xff, 0xff, 0xff, 0xff, 0xff, 0xff, 0xff, 0xff, 0xff,
    0xff, 0xff, 0xff, 0xff, 0xff, 0xff, 0xff, 0xff, 0xff, 0xff, 0xdf, 0xf7,
    0xbf, 0xef, 0x9f, 0xef, 0xbf, 0xef, 0x9f, 0xe7, 0xbf, 0xe7, 0x9f, 0xef,
    0x9f, 0xe7, 0x9f, 0xe7, 0x9f, 0xef, 0x9f, 0xe7, 0x9f, 0xe7, 0x9f, 0xe7,
    0x9f, 0xef, 0xbf, 0xef, 0xbf, 0xef, 0xbf, 0xef, 0xbf, 0xef, 0xbf, 0xef,
    0xbf, 0xef, 0xbf, 0xef, 0xbf, 0xef, 0x9f, 0xe7, 0x9f, 0xe7, 0x9f, 0xef,
    0x9f, 0xe7, 0x9f, 0xef, 0x9f, 0xef, 0x9f, 0xe7, 0x9f, 0xef, 0x9f, 0xe7,
    0x9f, 0xe7, 0x9f, 0xef, 0x9f, 0xe7, 0x9f, 0xe7, 0x9f, 0xef, 0xbf, 0xef,
    0xdf, 0xf7, 0x1e, 0xcf, 0x9c, 0x7d, 0xbc, 0x7d, 0xbc, 0x7d, 0xbb, 0x7d,
    0xbc, 0x7d, 0xbc, 0x7d, 0x1e, 0xcf, 0xdf, 0xf7, 0x9f, 0xef, 0xbf, 0xef,
    0x7f, 0xdf, 0xfd, 0x85, 0xdc, 0x85, 0xdc, 0x85, 0xdd, 0x85, 0xfc, 0x85,
    0xfc, 0x85, 0xdd, 0x8d, 0xfc, 0x85, 0xdc, 0x85, 0xdc, 0x85, 0xfc, 0x8d,
    0x1d, 0x96, 0x1d, 0x96, 0xfc, 0x8d, 0xfd, 0x8d, 0xfc, 0x8d, 0xfc, 0x85,
    0xfd, 0x8d, 0xfc, 0x8d, 0xfc, 0x8d, 0xfc, 0x85, 0x3d, 0x9e, 0xfe, 0xbe,
    0x9f, 0xe7, 0x9f, 0xef, 0xdf, 0xf7, 0x1e, 0xc7, 0xdc, 0x85, 0xfc, 0x8d,
    0xfc, 0x8d, 0xfd, 0x8d, 0x1c, 0x8e, 0x1c, 0x8e, 0x5d, 0x9e, 0x9f, 0xef,
    0x9f, 0xef, 0x9f, 0xef, 0x9f, 0xe7, 0x9f, 0xef, 0xbf, 0xef, 0x9f, 0xef,
    0x9f, 0xef, 0xbf, 0xe7, 0x9f, 0xef, 0x9f, 0xe7, 0xbf, 0xef, 0xbf, 0xe7,
    0x9f, 0xef, 0x9f, 0xef, 0xbf, 0xef, 0x9f, 0xef, 0x9f, 0xe7, 0xbf, 0xef,
    0x9f, 0xef, 0xbf, 0xe7, 0xbf, 0xe7, 0x9f, 0xef, 0xbf, 0xef, 0x9f, 0xef,
    0x9f, 0xef, 0xbf, 0xef, 0xbf, 0xef, 0x9f, 0xef, 0xbf, 0xef, 0x9f, 0xef,
    0x9f, 0xef, 0xbf, 0xef, 0x9f, 0xef, 0x9f, 0xef, 0xbf, 0xef, 0x9f, 0xef,
    0xbf, 0xef, 0xbf, 0xef, 0xbf, 0xef, 0x9f, 0xef, 0xbf, 0xef, 0x9f, 0xef,
    0xbf, 0xef, 0xbf, 0xef, 0x9f, 0xef, 0xbf, 0xef, 0xbf, 0xef, 0xbf, 0xef,
    0xbf, 0xef, 0xbf, 0xef, 0xbf, 0xf7, 0xbf, 0xef, 0xbf, 0xef, 0xbf, 0xf7,
    0xbf, 0xef, 0xbf, 0xef, 0xbf, 0xef, 0xbf, 0xf7, 0xbf, 0xef, 0xbf, 0xf7,
    0xbf, 0xef, 0xbf, 0xef, 0xdf, 0xf7, 0xbf, 0xef, 0xbf, 0xef, 0xbf, 0xf7,
    0xdf, 0xef, 0xbf, 0xef, 0xbf, 0xf7, 0xbf, 0xf7, 0xdf, 0xf7, 0xbf, 0xf7,
    0xbf, 0xef, 0xbf, 0xf7, 0xbf, 0xf7, 0xdf, 0xef, 0xbf, 0xf7, 0xbf, 0xf7,
    0xbf, 0xf7, 0xbf, 0xef, 0x9f, 0xe7, 0x3f, 0xd7, 0x1f, 0xcf, 0x5f, 0xd7,
    0xbf, 0xef, 0xdf, 0xf7, 0xbf, 0xef, 0xbf, 0xf7, 0xdf, 0xf7, 0xbf, 0xf7,
    0xdf, 0xef, 0xbf, 0xf7, 0xbf, 0xf7, 0xdf, 0xef, 0xbf, 0xf7, 0xdf, 0xf7,
    0xdf, 0xf7, 0xbf, 0xef, 0xbf, 0xf7, 0xbf, 0xf7, 0xdf, 0xef, 0xdf, 0xf7,
    0xdf, 0xf7, 0xdf, 0xf7, 0xbf, 0xf7, 0xbf, 0xf7, 0xdf, 0xf7, 0xdf, 0xf7,
    0xdf, 0xf7, 0xdf, 0xf7, 0xdf, 0xf7, 0xdf, 0xf7, 0xdf, 0xf7, 0xbf, 0xf7,
    0xbf, 0xf7, 0xdf, 0xf7, 0xdf, 0xf7, 0xdf, 0xf7, 0xdf, 0xf7, 0xdf, 0xf7,
    0xdf, 0xf7, 0xdf, 0xf7, 0xdf, 0xf7, 0xdf, 0xf7, 0xbf, 0xf7, 0xbf, 0xf7,
    0xdf, 0xf7, 0xdf, 0xf7, 0xbf, 0xf7, 0xdf, 0xf7, 0xdf, 0xf7, 0xbf, 0xf7,
    0xdf, 0xf7, 0xdf, 0xf7, 0xdf, 0xf7, 0xdf, 0xf7, 0xbf, 0xf7, 0x3f, 0xd7,
    0x5f, 0xd7, 0x3f, 0xd7, 0x3f, 0xd7, 0x5f, 0xd7, 0x5f, 0xd7, 0x5f, 0xd7,
    0xbf, 0xf7, 0xff, 0xff, 0xff, 0xff, 0xff, 0xff, 0xff, 0xff, 0xff, 0xff,
    0xff, 0xff, 0xff, 0xff, 0xff, 0xff, 0xff, 0xff, 0xff, 0xff, 0xdf, 0xf7,
    0x9f, 0xef, 0xbf, 0xef, 0xbf, 0xef, 0xbf, 0xef, 0x9f, 0xef, 0x9f, 0xef,
    0x9f, 0xe7, 0x9f, 0xef, 0x9f, 0xef, 0x9f, 0xef, 0x9f, 0xef, 0x9f, 0xe7,
    0x9f, 0xef, 0x9f, 0xef, 0x9f, 0xef, 0x9f, 0xef, 0x9f, 0xef, 0x9f, 0xef,
    0xbf, 0xef, 0xbf, 0xef, 0xbf, 0xef, 0xbf, 0xef, 0xbf, 0xef, 0x9f, 0xef,
    0xbf, 0xe7, 0x9f, 0xef, 0x9f, 0xe7, 0x9f, 0xe7, 0x9f, 0xef, 0x9f, 0xef,
    0x9f, 0xe7, 0x9f, 0xef, 0x9f, 0xef, 0xbf, 0xef, 0x9f, 0xe7, 0xbf, 0xef,
    0x9f, 0xef, 0xdf, 0xf7, 0xfe, 0xbe, 0x9b, 0x75, 0x9c, 0x7d, 0xbc, 0x7d,
    0xdc, 0x85, 0xbc, 0x7d, 0xfd, 0x8d, 0x9f, 0xe7, 0xbf, 0xef, 0xbf, 0xf7,
    0xfe, 0xc6, 0xbc, 0x7d, 0xdd, 0x85, 0xdc, 0x85, 0xdc, 0x8d, 0xdc, 0x85,
    0xdd, 0x85, 0xfd, 0x8d, 0xfc, 0x85, 0xfd, 0x85, 0x1d, 0x96, 0x3d, 0x96,
    0x1d, 0x8e, 0xdc, 0x85, 0xfc, 0x8d, 0xfd, 0x8d, 0xfd, 0x8d, 0xfc, 0x85,
    0xfd, 0x85, 0xfc, 0x8d, 0xdc, 0x85, 0x1d, 0x96, 0x7e, 0xa6, 0x9e, 0xb6,
    0xdf, 0xf7, 0xbf, 0xef, 0xbf, 0xef, 0xbe, 0xb6, 0xdc, 0x7d, 0xfd, 0x8d,
    0xfd, 0x8d, 0xfd, 0x8d, 0xfc, 0x8d, 0xfc, 0x85, 0x5d, 0xa6, 0xbf, 0xef,
    0x9f, 0xef, 0x9f, 0xef, 0xbf, 0xe7, 0x9f, 0xe7, 0x9f, 0xef, 0xbf, 0xef,
    0x9f, 0xe7, 0xbf, 0xef, 0xbf, 0xef, 0x9f, 0xef, 0xbf, 0xef, 0xbf, 0xef,
    0x9f, 0xe7, 0xbf, 0xe7, 0x9f, 0xef, 0x9f, 0xef, 0xbf, 0xef, 0xbf, 0xef,
    0x9f, 0xef, 0x9f, 0xef, 0xbf, 0xef, 0x9f, 0xef, 0xbf, 0xef, 0xbf, 0xef,
    0x9f, 0xef, 0x9f, 0xe7, 0xbf, 0xef, 0xbf, 0xef, 0x9f, 0xe7, 0x9f, 0xef,
    0xbf, 0xef, 0x9f, 0xe7, 0xbf, 0xef, 0x9f, 0xef, 0xbf, 0xef, 0x9f, 0xe7,
    0x9f, 0xef, 0x9f, 0xef, 0xbf, 0xef, 0xbf, 0xef, 0xbf, 0xef, 0x9f, 0xef,
    0x9f, 0xef, 0x9f, 0xef, 0xbf, 0xef, 0xbf, 0xef, 0xbf, 0xef, 0xbf, 0xef,
    0xbf, 0xef, 0xbf, 0xf7, 0xbf, 0xf7, 0xbf, 0xef, 0xbf, 0xef, 0xbf, 0xef,
    0xbf, 0xf7, 0xbf, 0xef, 0xbf, 0xef, 0xbf, 0xf7, 0xbf, 0xef, 0xbf, 0xef,
    0xbf, 0xf7, 0xdf, 0xef, 0xbf, 0xf7, 0xbf, 0xf7, 0xbf, 0xef, 0xdf, 0xf7,
    0xbf, 0xf7, 0xbf, 0xf7, 0xbf, 0xef, 0xbf, 0xf7, 0xbf, 0xf7, 0xbf, 0xef,
    0xdf, 0xf7, 0xbf, 0xef, 0xbf, 0xf7, 0xbf, 0xef, 0xbf, 0xef, 0xbf, 0xf7,
    0xbf, 0xef, 0xbf, 0xf7, 0xdf, 0xf7, 0xbf, 0xef, 0x7f, 0xdf, 0xdf, 0xf7,
    0xbf, 0xf7, 0xbf, 0xf7, 0xbf, 0xf7, 0xdf, 0xf7, 0xbf, 0xf7, 0xdf, 0xf7,
    0xdf, 0xf7, 0xdf, 0xf7, 0xdf, 0xf7, 0xdf, 0xf7, 0xbf, 0xf7, 0xdf, 0xf7,
    0xdf, 0xf7, 0xdf, 0xf7, 0xbf, 0xf7, 0xbf, 0xf7, 0xdf, 0xf7, 0xbf, 0xf7,
    0xdf, 0xf7, 0xdf, 0xf7, 0xdf, 0xf7, 0xdf, 0xf7, 0xdf, 0xf7, 0xbf, 0xf7,
    0xdf, 0xf7, 0xdf, 0xf7, 0xbf, 0xf7, 0xdf, 0xf7, 0xdf, 0xf7, 0xdf, 0xf7,
    0xdf, 0xf7, 0xdf, 0xf7, 0xbf, 0xf7, 0xbf, 0xf7, 0xbf, 0xf7, 0xdf, 0xf7,
    0xdf, 0xf7, 0xbf, 0xf7, 0xdf, 0xf7, 0xdf, 0xf7, 0xdf, 0xf7, 0xdf, 0xf7,
    0xdf, 0xff, 0xdf, 0xf7, 0xdf, 0xf7, 0xdf, 0xff, 0xdf, 0xf7, 0xdf, 0xf7,
    0xdf, 0xff, 0xdf, 0xf7, 0xdf, 0xf7, 0xdf, 0xff, 0xbf, 0xf7, 0x3f, 0xd7,
    0x5f, 0xd7, 0x5f, 0xdf, 0x5f, 0xd7, 0x3f, 0xdf, 0x5f, 0xd7, 0x5f, 0xd7,
    0xbf, 0xef, 0xff, 0xff, 0xff, 0xff, 0xff, 0xff, 0xff, 0xff, 0xff, 0xff,
    0xff, 0xff, 0xff, 0xff, 0xff, 0xff, 0xff, 0xff, 0xff, 0xff, 0xff, 0xff,
    0xbf, 0xf7, 0xbf, 0xef, 0x9f, 0xe7, 0x9f, 0xef, 0x9f, 0xef, 0xbf, 0xe7,
    0x9f, 0xef, 0xbf, 0xef, 0x9f, 0xe7, 0x9f, 0xe7, 0xbf, 0xef, 0x9f, 0xef,
    0x9f, 0xef, 0xbf, 0xe7, 0x9f, 0xef, 0x9f, 0xe7, 0x9f, 0xef, 0x9f, 0xe7,
    0x9f, 0xe7, 0x9f, 0xef, 0x9f, 0xe7, 0x9f, 0xef, 0xbf, 0xef, 0x9f, 0xef,
    0x9f, 0xef, 0x9f, 0xef, 0xbf, 0xef, 0xbf, 0xe7, 0x9f, 0xef, 0x9f, 0xef,
    0xbf, 0xef, 0x9f, 0xef, 0x9f, 0xef, 0x9f, 0xe7, 0x9f, 0xef, 0x9f, 0xef,
    0x9f, 0xe7, 0xbf, 0xef, 0xdf, 0xf7, 0xde, 0xbe, 0x9c, 0x75, 0xbc, 0x7d,
    0xbc, 0x85, 0xbc, 0x7d, 0x9b, 0x75, 0x5d, 0xa6, 0xff, 0xff, 0xdf, 0xf7,
    0x1d, 0x96, 0xbc, 0x7d, 0xdc, 0x85, 0xdc, 0x85, 0xfc, 0x85, 0xfd, 0x85,
    0xdc, 0x85, 0xdc, 0x85, 0xfd, 0x8d, 0x1d, 0x96, 0x1d, 0x8e, 0xdd, 0x85,
    0xdc, 0x85, 0xfc, 0x8d, 0xfd, 0x8d, 0xfc, 0x85, 0xfd, 0x8d, 0xfd, 0x8d,
    0xfc, 0x8d, 0xfc, 0x8d, 0xfd, 0x8d, 0x1d, 0x96, 0xbc, 0x85, 0xde, 0xbe,
    0xdf, 0xf7, 0xbf, 0xef, 0x5f, 0xdf, 0xfd, 0x8d, 0xdc, 0x85, 0xfc, 0x8d,
    0x1d, 0x8e, 0x1d, 0x8e, 0xfc, 0x8d, 0xbc, 0x7d, 0x7d, 0xa6, 0xbf, 0xf7,
    0xbf, 0xef, 0xbf, 0xe7, 0x9f, 0xef, 0x9f, 0xe7, 0x9f, 0xef, 0x9f, 0xef,
    0x9f, 0xe7, 0xbf, 0xef, 0x9f, 0xef, 0x9f, 0xef, 0xbf, 0xef, 0x9f, 0xef,
    0xbf, 0xef, 0xbf, 0xef, 0x9f, 0xef, 0xbf, 0xef, 0xbf, 0xe7, 0x9f, 0xef,
    0xbf, 0xef, 0x9f, 0xef, 0xbf, 0xef, 0x9f, 0xef, 0x9f, 0xef, 0xbf, 0xef,
    0xbf, 0xef, 0x9f, 0xef, 0x9f, 0xef, 0xbf, 0xef, 0x9f, 0xef, 0xbf, 0xef,
    0xbf, 0xef, 0x9f, 0xef, 0xbf, 0xef, 0xbf, 0xef, 0x9f, 0xef, 0xbf, 0xef,
    0xbf, 0xef, 0x9f, 0xef, 0x9f, 0xef, 0x9f, 0xef, 0xbf, 0xef, 0xbf, 0xef,
    0xbf, 0xef, 0x9f, 0xef, 0xbf, 0xef, 0xbf, 0xef, 0x9f, 0xef, 0xbf, 0xef,
    0x9f, 0xf7, 0xbf, 0xef, 0xbf, 0xef, 0xbf, 0xef, 0xbf, 0xef, 0xbf, 0xef,
    0xbf, 0xf7, 0xbf, 0xf7, 0xbf, 0xef, 0xbf, 0xef, 0xbf, 0xf7, 0xbf, 0xef,
    0xbf, 0xef, 0xbf, 0xf7, 0xbf, 0xef, 0xbf, 0xf7, 0xdf, 0xef, 0xbf, 0xf7,
    0xbf, 0xf7, 0xdf, 0xef, 0xbf, 0xf7, 0xdf, 0xef, 0xbf, 0xef, 0xbf, 0xf7,
    0xdf, 0xf7, 0xbf, 0xf7, 0xbf, 0xf7, 0xbf, 0xf7, 0xdf, 0xf7, 0xbf, 0xef,
    0xbf, 0xf7, 0xbf, 0xf7, 0xbf, 0xef, 0xbf, 0xf7, 0xdf, 0xf7, 0xdf, 0xf7,
    0xdf, 0xf7, 0xdf, 0xf7, 0xbf, 0xef, 0xbf, 0xf7, 0xdf, 0xf7, 0xdf, 0xf7,
    0xbf, 0xf7, 0xbf, 0xf7, 0xdf, 0xf7, 0xbf, 0xef, 0xbf, 0xf7, 0xdf, 0xf7,
    0xdf, 0xf7, 0xdf, 0xf7, 0xdf, 0xf7, 0xbf, 0xf7, 0xbf, 0xf7, 0xdf, 0xf7,
    0xdf, 0xf7, 0xdf, 0xf7, 0xdf, 0xf7, 0xdf, 0xf7, 0xbf, 0xf7, 0xdf, 0xf7,
    0xdf, 0xf7, 0xbf, 0xf7, 0xdf, 0xf7, 0xdf, 0xf7, 0xdf, 0xf7, 0xdf, 0xf7,
    0xdf, 0xf7, 0xdf, 0xf7, 0xbf, 0xf7, 0xdf, 0xf7, 0xdf, 0xf7, 0xdf, 0xf7,
    0xdf, 0xf7, 0xdf, 0xf7, 0xdf, 0xf7, 0xdf, 0xf7, 0xdf, 0xf7, 0xbf, 0xf7,
    0xdf, 0xf7, 0xdf, 0xf7, 0xdf, 0xff, 0xdf, 0xf7, 0xdf, 0xf7, 0xbf, 0xf7,
    0xdf, 0xf7, 0xbf, 0xf7, 0xdf, 0xf7, 0xdf, 0xff, 0xbf, 0xef, 0x3f, 0xd7,
    0x3f, 0xd7, 0x5f, 0xd7, 0x3f, 0xd7, 0x3f, 0xd7, 0x5f, 0xd7, 0x5f, 0xd7,
    0x9f, 0xef, 0xff, 0xff, 0xff, 0xff, 0xff, 0xff, 0xff, 0xff, 0xff, 0xff,
    0xff, 0xff, 0xff, 0xff, 0xff, 0xff, 0xff, 0xff, 0xff, 0xff, 0xdf, 0xff,
    0xdf, 0xf7, 0xdf, 0xf7, 0xdf, 0xf7, 0xdf, 0xf7, 0xbf, 0xef, 0xbf, 0xef,
    0xbf, 0xef, 0xbf, 0xe7, 0x9f, 0xef, 0x9f, 0xef, 0xbf, 0xe7, 0x9f, 0xef,
    0x9f, 0xe7, 0x9f, 0xef, 0xbf, 0xe7, 0x9f, 0xef, 0xbf, 0xe7, 0xbf, 0xef,
    0x9f, 0xef, 0x9f, 0xe7, 0x9f, 0xef, 0x9f, 0xef, 0x9f, 0xe7, 0x9f, 0xe7,
    0x9f, 0xef, 0x9f, 0xe7, 0x9f, 0xef, 0x9f, 0xe7, 0x9f, 0xef, 0x9f, 0xe7,
    0xbf, 0xe7, 0x9f, 0xef, 0xbf, 0xe7, 0x9f, 0xef, 0x9f, 0xef, 0xbf, 0xe7,
    0x9f, 0xef, 0x9f, 0xef, 0x9f, 0xef, 0xdf, 0xf7, 0xfe, 0xc6, 0xbc, 0x7d,
    0x9c, 0x7d, 0xbc, 0x7d, 0xbc, 0x7d, 0xbc, 0x7d, 0xde, 0xbe, 0x1f, 0xc7,
    0xdc, 0x7d, 0xdc, 0x85, 0xdc, 0x85, 0xdd, 0x85, 0xdc, 0x85, 0xfc, 0x8d,
    0xfd, 0x8d, 0xfd, 0x8d, 0xfc, 0x8d, 0xdc, 0x85, 0xdc, 0x85, 0xdc, 0x85,
    0xfd, 0x8d, 0xfd, 0x85, 0xfd, 0x8d, 0xfc, 0x8d, 0xdc, 0x85, 0xfc, 0x8d,
    0xfd, 0x8d, 0xfd, 0x8d, 0x1c, 0x8e, 0xfc, 0x85, 0xbc, 0x7d, 0x3e, 0xcf,
    0xdf, 0xf7, 0xdf, 0xf7, 0xde, 0xbe, 0x7c, 0x75, 0xfc, 0x8d, 0xfc, 0x8d,
    0xfd, 0x8d, 0xfd, 0x8d, 0xfc, 0x8d, 0xdc, 0x85, 0x1f, 0xc7, 0xbf, 0xef,
    0xbf, 0xef, 0x9f, 0xef, 0x9f, 0xef, 0x9f, 0xef, 0xbf, 0xe7, 0x9f, 0xef,
    0xbf, 0xef, 0x9f, 0xef, 0x9f, 0xef, 0xbf, 0xe7, 0x9f, 0xef, 0x9f, 0xef,
    0x9f, 0xef, 0x9f, 0xe7, 0xbf, 0xef, 0x9f, 0xef, 0x9f, 0xe7, 0x9f, 0xef,
    0xbf, 0xe7, 0xbf, 0xef, 0x9f, 0xe7, 0xbf, 0xef, 0x9f, 0xef, 0x9f, 0xe7,
    0xbf, 0xef, 0xbf, 0xef, 0x9f, 0xef, 0xbf, 0xef, 0x9f, 0xef, 0x9f, 0xe7,
    0xbf, 0xef, 0xbf, 0xef, 0x9f, 0xef, 0x9f, 0xef, 0xbf, 0xef, 0x9f, 0xef,
    0xbf, 0xef, 0xbf, 0xef, 0xbf, 0xef, 0xbf, 0xef, 0xbf, 0xef, 0x9f, 0xef,
    0xbf, 0xef, 0xbf, 0xef, 0xbf, 0xef, 0xbf, 0xef, 0x9f, 0xef, 0xbf, 0xef,
    0xbf, 0xef, 0xbf, 0xef, 0xbf, 0xef, 0xbf, 0xf7, 0xbf, 0xef, 0xbf, 0xef,
    0xbf, 0xef, 0xbf, 0xf7, 0xbf, 0xef, 0xbf, 0xef, 0xbf, 0xf7, 0xbf, 0xf7,
    0xbf, 0xef, 0xbf, 0xef, 0xbf, 0xf7, 0xdf, 0xef, 0xbf, 0xef, 0xbf, 0xf7,
    0xbf, 0xef, 0xdf, 0xf7, 0xbf, 0xf7, 0xbf, 0xf7, 0xdf, 0xef, 0xbf, 0xf7,
    0xbf, 0xef, 0xbf, 0xef, 0xbf, 0xf7, 0xbf, 0xef, 0xbf, 0xf7, 0xdf, 0xf7,
    0xbf, 0xf7, 0xbf, 0xef, 0xdf, 0xf7, 0xdf, 0xf7, 0xdf, 0xf7, 0xbf, 0xf7,
    0xbf, 0xf7, 0xdf, 0xf7, 0xbf, 0xef, 0xbf, 0xf7, 0xbf, 0xf7, 0xdf, 0xef,
    0xdf, 0xf7, 0xdf, 0xf7, 0xbf, 0xef, 0xbf, 0xf7, 0xdf, 0xf7, 0xdf, 0xf7,
    0xbf, 0xef, 0xbf, 0xf7, 0xdf, 0xf7, 0xbf, 0xf7, 0xdf, 0xef, 0xbf, 0xf7,
    0xdf, 0xf7, 0xbf, 0xf7, 0xbf, 0xf7, 0xdf, 0xf7, 0xdf, 0xf7, 0xdf, 0xf7,
    0xdf, 0xf7, 0xdf, 0xf7, 0xdf, 0xf7, 0xbf, 0xf7, 0xdf, 0xf7, 0xbf, 0xf7,
    0xdf, 0xf7, 0xdf, 0xf7, 0xdf, 0xf7, 0xdf, 0xf7, 0xdf, 0xf7, 0xbf, 0xf7,
    0xdf, 0xf7, 0xdf, 0xf7, 0xbf, 0xf7, 0x7f, 0xdf, 0x5f, 0xdf, 0x5f, 0xdf,
    0x5f, 0xdf, 0x5f, 0xdf, 0xbf, 0xef, 0xdf, 0xff, 0xdf, 0xf7, 0xdf, 0xf7,
    0xdf, 0xf7, 0xdf, 0xf7, 0xbf, 0xf7, 0xdf, 0xf7, 0xbf, 0xf7, 0x5f, 0xd7,
    0x5f, 0xd7, 0x3f, 0xd7, 0x5f, 0xd7, 0x3f, 0xdf, 0x5f, 0xd7, 0x5f, 0xd7,
    0x9f, 0xef, 0xff, 0xff, 0xff, 0xff, 0xff, 0xff, 0xff, 0xff, 0xff, 0xff,
    0xff, 0xff, 0xff, 0xff, 0xff, 0xff, 0xff, 0xff, 0xff, 0xff, 0xdf, 0xf7,
    0x9f, 0xe7, 0xbf, 0xef, 0xbf, 0xef, 0xbf, 0xef, 0xbf, 0xf7, 0xbf, 0xf7,
    0xdf, 0xf7, 0x9f, 0xef, 0xbf, 0xef, 0xbf, 0xef, 0x9f, 0xef, 0x9f, 0xe7,
    0x9f, 0xef, 0x9f, 0xef, 0xbf, 0xef, 0xbf, 0xe7, 0x9f, 0xef, 0xbf, 0xef,
    0xbf, 0xef, 0xbf, 0xe7, 0x9f, 0xef, 0xbf, 0xef, 0x9f, 0xe7, 0x9f, 0xef,
    0x9f, 0xe7, 0x9f, 0xef, 0x9f, 0xe7, 0x9f, 0xef, 0x9f, 0xef, 0x9f, 0xe7,
    0x9f, 0xe7, 0x9f, 0xef, 0x9f, 0xef, 0xbf, 0xef, 0x9f, 0xef, 0x9f, 0xe7,
    0x9f, 0xef, 0x9f, 0xef, 0x9f, 0xef, 0xbf, 0xef, 0xdf, 0xf7, 0x1e, 0xcf,
    0x9c, 0x7d, 0x9b, 0x7d, 0xdc, 0x85, 0xdc, 0x85, 0xbc, 0x7d, 0xbc, 0x7d,
    0xdc, 0x85, 0xdd, 0x85, 0xdc, 0x85, 0xdc, 0x85, 0xdd, 0x85, 0xfd, 0x85,
    0xdc, 0x8d, 0xdc, 0x85, 0xdc, 0x85, 0xdc, 0x85, 0xdc, 0x85, 0xfc, 0x85,
    0xfd, 0x8d, 0xfc, 0x8d, 0xfd, 0x8d, 0xfd, 0x8d, 0xfc, 0x8d, 0xfc, 0x85,
    0xfd, 0x8d, 0xfd, 0x8d, 0xfc, 0x8d, 0xfc, 0x85, 0x7d, 0xa6, 0x9f, 0xe7,
    0xbf, 0xef, 0xbf, 0xef, 0x5f, 0xdf, 0x1d, 0x96, 0xdc, 0x85, 0xfc, 0x85,
    0xfc, 0x85, 0xfd, 0x8d, 0xfc, 0x8d, 0xbe, 0xb6, 0xbf, 0xef, 0x9f, 0xef,
    0x9f, 0xef, 0x9f, 0xef, 0x9f, 0xe7, 0xbf, 0xef, 0xbf, 0xef, 0x9f, 0xe7,
    0x9f, 0xe7, 0x9f, 0xef, 0xbf, 0xef, 0xbf, 0xe7, 0x9f, 0xef, 0xbf, 0xef,
    0xbf, 0xef, 0x9f, 0xef, 0xbf, 0xe7, 0xbf, 0xef, 0x9f, 0xef, 0x9f, 0xef,
    0x9f, 0xe7, 0xbf, 0xef, 0x9f, 0xef, 0xbf, 0xef, 0xbf, 0xef, 0x9f, 0xe7,
    0x9f, 0xef, 0xbf, 0xef, 0xbf, 0xef, 0x9f, 0xef, 0xbf, 0xef, 0x9f, 0xef,
    0x9f, 0xef, 0xbf, 0xef, 0x9f, 0xef, 0xbf, 0xef, 0x9f, 0xef, 0xbf, 0xef,
    0xbf, 0xef, 0x9f, 0xef, 0xbf, 0xef, 0xbf, 0xef, 0xbf, 0xef, 0xbf, 0xef,
    0x9f, 0xef, 0xbf, 0xef, 0xbf, 0xef, 0xbf, 0xef, 0xbf, 0xf7, 0xbf, 0xef,
    0x9f, 0xef, 0xbf, 0xf7, 0xbf, 0xef, 0x9f, 0xef, 0xbf, 0xf7, 0xbf, 0xef,
    0xbf, 0xef, 0xbf, 0xf7, 0xbf, 0xf7, 0xbf, 0xef, 0xbf, 0xef, 0xbf, 0xf7,
    0xbf, 0xef, 0xbf, 0xef, 0xbf, 0xf7, 0xbf, 0xf7, 0xbf, 0xef, 0xbf, 0xf7,
    0xdf, 0xf7, 0xbf, 0xef, 0xbf, 0xf7, 0xbf, 0xf7, 0xbf, 0xf7, 0xbf, 0xf7,
    0xbf, 0xef, 0xbf, 0xef, 0xbf, 0xf7, 0xbf, 0xef, 0xbf, 0xef, 0xbf, 0xf7,
    0xdf, 0xf7, 0xdf, 0xf7, 0xbf, 0xf7, 0xbf, 0xf7, 0xbf, 0xef, 0xdf, 0xf7,
    0xbf, 0xf7, 0xbf, 0xf7, 0xbf, 0xf7, 0xdf, 0xf7, 0xdf, 0xef, 0xdf, 0xf7,
    0xdf, 0xf7, 0xdf, 0xf7, 0xbf, 0xf7, 0xbf, 0xf7, 0xdf, 0xef, 0xdf, 0xf7,
    0xdf, 0xf7, 0xbf, 0xf7, 0xbf, 0xf7, 0xdf, 0xf7, 0xbf, 0xf7, 0xbf, 0xf7,
    0xdf, 0xf7, 0xbf, 0xef, 0xbf, 0xef, 0xdf, 0xf7, 0xbf, 0xf7, 0xdf, 0xf7,
    0xbf, 0xf7, 0xdf, 0xf7, 0xdf, 0xf7, 0xdf, 0xf7, 0xbf, 0xf7, 0xbf, 0xf7,
    0xdf, 0xf7, 0xdf, 0xf7, 0xbf, 0xf7, 0xdf, 0xf7, 0xdf, 0xf7, 0xbf, 0xf7,
    0xdf, 0xf7, 0xdf, 0xf7, 0x9f, 0xef, 0x3f, 0xd7, 0x3f, 0xd7, 0x3f, 0xd7,
    0x5f, 0xd7, 0x3f, 0xd7, 0xbf, 0xef, 0xdf, 0xff, 0xdf, 0xf7, 0xdf, 0xf7,
    0xdf, 0xff, 0xdf, 0xf7, 0xdf, 0xf7, 0xdf, 0xff, 0xbf, 0xf7, 0x5f, 0xd7,
    0x5f, 0xd7, 0x3f, 0xd7, 0x5f, 0xdf, 0x5f, 0xd7, 0x5f, 0xd7, 0x3f, 0xd7,
    0x9f, 0xef, 0xff, 0xff, 0xff, 0xff, 0xff, 0xff, 0xff, 0xff, 0xff, 0xff,
    0xff, 0xff, 0xff, 0xff, 0xff, 0xff, 0xff, 0xff, 0xff, 0xff, 0xdf, 0xf7,
    0x9f, 0xef, 0x9f, 0xef, 0x9f, 0xef, 0x9f, 0xe7, 0x9f, 0xe7, 0x9f, 0xe7,
    0x9f, 0xef, 0x9f, 0xef, 0xbf, 0xe7, 0x9f, 0xef, 0xbf, 0xef, 0x9f, 0xe7,
    0xbf, 0xef, 0x9f, 0xef, 0x9f, 0xef, 0xbf, 0xef, 0x9f, 0xe7, 0x9f, 0xef,
    0xbf, 0xe7, 0x9f, 0xe7, 0x9f, 0xef, 0x9f, 0xef, 0x9f, 0xe7, 0xbf, 0xef,
    0x9f, 0xef, 0x9f, 0xe7, 0x9f, 0xef, 0x9f, 0xef, 0x9f, 0xe7, 0x9f, 0xef,
    0x9f, 0xef, 0x9f, 0xe7, 0x9f, 0xe7, 0x9f, 0xe7, 0x9f, 0xef, 0x9f, 0xe7,
    0xbf, 0xe7, 0x9f, 0xef, 0x9f, 0xe7, 0x9f, 0xef, 0xbf, 0xef, 0xdf, 0xf7,
    0x3f, 0xcf, 0xbc, 0x7d, 0xbc, 0x7d, 0xdc, 0x85, 0xbc, 0x85, 0xbc, 0x85,
    0xdc, 0x85, 0xdd, 0x85, 0xdc, 0x85, 0xdd, 0x85, 0xdc, 0x85, 0xdc, 0x85,
    0xdc, 0x85, 0xdd, 0x85, 0xdc, 0x85, 0xdd, 0x85, 0xdc, 0x85, 0xdc, 0x85,
    0xdc, 0x85, 0xfc, 0x85, 0xfd, 0x8d, 0xfd, 0x8d, 0xfd, 0x8d, 0xfd, 0x8d,
    0xfc, 0x85, 0xfc, 0x85, 0xdc, 0x85, 0x3d, 0x96, 0x9f, 0xe7, 0x9f, 0xef,
    0x9f, 0xef, 0xbf, 0xef, 0x9f, 0xe7, 0x1d, 0x96, 0xdc, 0x85, 0xfc, 0x85,
    0xdc, 0x8d, 0xdc, 0x85, 0x1d, 0x8e, 0xbf, 0xe7, 0xbf, 0xef, 0x9f, 0xe7,
    0x9f, 0xef, 0x9f, 0xe7, 0x9f, 0xe7, 0x9f, 0xef, 0x9f, 0xef, 0x9f, 0xef,
    0x9f, 0xe7, 0x9f, 0xef, 0x9f, 0xef, 0x9f, 0xef, 0x9f, 0xef, 0xbf, 0xef,
    0x9f, 0xef, 0x9f, 0xef, 0x9f, 0xef, 0x9f, 0xef, 0xbf, 0xef, 0xbf, 0xe7,
    0x9f, 0xef, 0x9f, 0xef, 0x9f, 0xef, 0xbf, 0xe7, 0xbf, 0xef, 0x9f, 0xef,
    0x9f, 0xef, 0xbf, 0xef, 0x9f, 0xe7, 0x9f, 0xef, 0xbf, 0xef, 0xbf, 0xef,
    0x9f, 0xef, 0xbf, 0xef, 0xbf, 0xef, 0x9f, 0xef, 0xbf, 0xef, 0x9f, 0xef,
    0xbf, 0xef, 0xbf, 0xef, 0xbf, 0xef, 0x9f, 0xef, 0xbf, 0xef, 0xbf, 0xef,
    0xbf, 0xef, 0x9f, 0xef, 0xbf, 0xef, 0x9f, 0xef, 0xbf, 0xef, 0xbf, 0xef,
    0xbf, 0xef, 0xbf, 0xf7, 0xbf, 0xef, 0xbf, 0xef, 0x9f, 0xef, 0xbf, 0xf7,
    0xbf, 0xef, 0xbf, 0xef, 0xbf, 0xef, 0xbf, 0xf7, 0xbf, 0xef, 0xbf, 0xef,
    0xbf, 0xf7, 0xbf, 0xef, 0xdf, 0xf7, 0xbf, 0xf7, 0xbf, 0xef, 0xdf, 0xf7,
    0xbf, 0xf7, 0xbf, 0xef, 0xdf, 0xef, 0xbf, 0xef, 0xbf, 0xef, 0xdf, 0xf7,
    0xbf, 0xf7, 0xbf, 0xf7, 0xdf, 0xf7, 0xbf, 0xf7, 0xbf, 0xf7, 0xbf, 0xf7,
    0xbf, 0xef, 0xbf, 0xf7, 0xbf, 0xf7, 0xbf, 0xef, 0xdf, 0xf7, 0xdf, 0xf7,
    0xdf, 0xf7, 0xbf, 0xef, 0xdf, 0xf7, 0xbf, 0xf7, 0xbf, 0xf7, 0xdf, 0xf7,
    0xdf, 0xf7, 0xbf, 0xf7, 0xbf, 0xef, 0xbf, 0xf7, 0xdf, 0xf7, 0xdf, 0xf7,
    0xdf, 0xf7, 0xdf, 0xf7, 0xbf, 0xf7, 0xdf, 0xf7, 0xdf, 0xf7, 0xbf, 0xf7,
    0xdf, 0xf7, 0xbf, 0xef, 0xbf, 0xf7, 0xdf, 0xf7, 0xbf, 0xf7, 0xdf, 0xf7,
    0xdf, 0xf7, 0xbf, 0xf7, 0xdf, 0xf7, 0xdf, 0xf7, 0xbf, 0xf7, 0xdf, 0xf7,
    0xdf, 0xf7, 0xdf, 0xf7, 0xbf, 0xf7, 0xdf, 0xf7, 0xdf, 0xf7, 0xdf, 0xf7,
    0xdf, 0xf7, 0xdf, 0xff, 0x9f, 0xef, 0x3f, 0xd7, 0x5f, 0xd7, 0x5f, 0xd7,
    0x5f, 0xd7, 0x3f, 0xd7, 0xbf, 0xef, 0xff, 0xff, 0xdf, 0xf7, 0xbf, 0xf7,
    0xdf, 0xf7, 0xdf, 0xf7, 0xdf, 0xf7, 0xdf, 0xff, 0xbf, 0xf7, 0x5f, 0xd7,
    0x5f, 0xd7, 0x3f, 0xdf, 0x5f, 0xd7, 0x3f, 0xd7, 0x3f, 0xd7, 0x5f, 0xd7,
    0x9f, 0xef, 0xff, 0xff, 0xff, 0xff, 0xff, 0xff, 0xff, 0xff, 0xff, 0xff,
    0xff, 0xff, 0xff, 0xff, 0xff, 0xff, 0xff, 0xff, 0xff, 0xff, 0xdf, 0xf7,
    0x9f, 0xe7, 0x9f, 0xe7, 0x9f, 0xe7, 0x9f, 0xef, 0xbf, 0xef, 0x9f, 0xef,
    0x9f, 0xef, 0xbf, 0xef, 0x9f, 0xe7, 0x9f, 0xef, 0x9f, 0xef, 0x9f, 0xe7,
    0xbf, 0xe7, 0x9f, 0xef, 0x9f, 0xe7, 0x9f, 0xef, 0xbf, 0xef, 0x9f, 0xe7,
    0x9f, 0xef, 0xbf, 0xef, 0x9f, 0xef, 0x9f, 0xe7, 0x9f, 0xef, 0x9f, 0xef,
    0xbf, 0xe7, 0x9f, 0xef, 0x9f, 0xef, 0xbf, 0xe7, 0x9f, 0xe7, 0x9f, 0xef,
    0x9f, 0xe7, 0x9f, 0xe7, 0x9f, 0xef, 0x9f, 0xe7, 0xbf, 0xef, 0x9f, 0xef,
    0x9f, 0xef, 0xbf, 0xe7, 0x9f, 0xef, 0x9f, 0xe7, 0xbf, 0xef, 0x9f, 0xef,
    0xdf, 0xf7, 0x1e, 0xcf, 0xbc, 0x7d, 0xbc, 0x7d, 0xdc, 0x85, 0xdc, 0x85,
    0xdc, 0x85, 0xdc, 0x85, 0xdd, 0x85, 0xdd, 0x85, 0xdc, 0x85, 0xdc, 0x85,
    0xdc, 0x85, 0xdd, 0x85, 0xdc, 0x85, 0xfc, 0x85, 0xfd, 0x85, 0xfd, 0x8d,
    0xfd, 0x8d, 0x1d, 0x8e, 0xfd, 0x8d, 0xfc, 0x8d, 0xfd, 0x8d, 0xfc, 0x85,
    0xfd, 0x8d, 0xfc, 0x8d, 0xfd, 0x85, 0x1d, 0x8e, 0x1f, 0xcf, 0xbf, 0xf7,
    0x9f, 0xef, 0xbf, 0xef, 0xbf, 0xef, 0x7d, 0xae, 0xdc, 0x85, 0xdc, 0x85,
    0xfd, 0x85, 0xbc, 0x85, 0x1d, 0x96, 0xbf, 0xef, 0xbf, 0xef, 0xbf, 0xef,
    0x9f, 0xef, 0xbf, 0xef, 0x9f, 0xef, 0x9f, 0xe7, 0x9f, 0xef, 0xbf, 0xef,
    0x9f, 0xef, 0xbf, 0xe7, 0xbf, 0xef, 0x9f, 0xef, 0x9f, 0xe7, 0xbf, 0xe7,
    0xbf, 0xef, 0x9f, 0xef, 0xbf, 0xef, 0x9f, 0xef, 0x9f, 0xe7, 0x9f, 0xef,
    0xbf, 0xef, 0xbf, 0xef, 0x9f, 0xef, 0x9f, 0xef, 0x9f, 0xef, 0x9f, 0xef,
    0xbf, 0xe7, 0xbf, 0xef, 0x9f, 0xef, 0xbf, 0xef, 0x9f, 0xef, 0x9f, 0xe7,
    0xbf, 0xef, 0x9f, 0xef, 0x9f, 0xef, 0xbf, 0xef, 0xbf, 0xef, 0x9f, 0xef,
    0xbf, 0xef, 0xbf, 0xef, 0xbf, 0xef, 0x9f, 0xef, 0x9f, 0xef, 0xbf, 0xef,
    0xbf, 0xef, 0xbf, 0xef, 0xbf, 0xef, 0xbf, 0xef, 0x9f, 0xef, 0xbf, 0xef,
    0xbf, 0xef, 0x9f, 0xef, 0xbf, 0xef, 0xbf, 0xef, 0xbf, 0xef, 0xbf, 0xf7,
    0xbf, 0xf7, 0xbf, 0xef, 0xbf, 0xef, 0xdf, 0xf7, 0xbf, 0xef, 0xbf, 0xef,
    0xbf, 0xf7, 0xbf, 0xf7, 0xbf, 0xef, 0xdf, 0xef, 0xbf, 0xef, 0xbf, 0xf7,
    0xbf, 0xef, 0xbf, 0xf7, 0xbf, 0xf7, 0xdf, 0xf7, 0xbf, 0xf7, 0xbf, 0xef,
    0xbf, 0xf7, 0xbf, 0xef, 0xbf, 0xef, 0xdf, 0xf7, 0xbf, 0xf7, 0xdf, 0xef,
    0xbf, 0xef, 0xbf, 0xf7, 0xbf, 0xef, 0xbf, 0xf7, 0xbf, 0xf7, 0xdf, 0xef,
    0xbf, 0xf7, 0xdf, 0xf7, 0xdf, 0xf7, 0xbf, 0xf7, 0xbf, 0xef, 0xbf, 0xf7,
    0xbf, 0xf7, 0xdf, 0xef, 0xbf, 0xf7, 0xbf, 0xf7, 0xdf, 0xf7, 0xbf, 0xf7,
    0xdf, 0xf7, 0xbf, 0xf7, 0xdf, 0xf7, 0xdf, 0xef, 0xdf, 0xf7, 0xdf, 0xf7,
    0x9f, 0xe7, 0x5f, 0xd7, 0x5f, 0xd7, 0x9f, 0xef, 0xdf, 0xf7, 0xdf, 0xf7,
    0xdf, 0xf7, 0xdf, 0xf7, 0xbf, 0xf7, 0xdf, 0xf7, 0xdf, 0xf7, 0xdf, 0xf7,
    0xdf, 0xf7, 0xdf, 0xf7, 0xdf, 0xf7, 0xdf, 0xf7, 0xdf, 0xf7, 0xdf, 0xf7,
    0xdf, 0xf7, 0xdf, 0xff, 0xbf, 0xef, 0x3f, 0xcf, 0x5f, 0xd7, 0x5f, 0xd7,
    0x5f, 0xd7, 0x3f, 0xd7, 0xbf, 0xef, 0xdf, 0xf7, 0xdf, 0xf7, 0xdf, 0xf7,
    0xdf, 0xff, 0xdf, 0xf7, 0xdf, 0xf7, 0xdf, 0xf7, 0xbf, 0xf7, 0x5f, 0xd7,
    0x5f, 0xd7, 0x5f, 0xdf, 0x5f, 0xd7, 0x5f, 0xdf, 0x5f, 0xd7, 0x3f, 0xd7,
    0xbf, 0xef, 0xff, 0xff, 0xff, 0xff, 0xff, 0xff, 0xff, 0xff, 0xff, 0xff,
    0xff, 0xff, 0xff, 0xff, 0xff, 0xff, 0xff, 0xff, 0xff, 0xff, 0xff, 0xff,
    0xbf, 0xef, 0xbf, 0xef, 0xbf, 0xef, 0xbf, 0xef, 0xbf, 0xef, 0x9f, 0xe7,
    0x9f, 0xe7, 0x9f, 0xef, 0xbf, 0xef, 0x9f, 0xef, 0x9f, 0xef, 0x9f, 0xef,
    0x9f, 0xef, 0x9f, 0xe7, 0x9f, 0xef, 0x9f, 0xe7, 0x9f, 0xe7, 0x9f, 0xef,
    0x9f, 0xef, 0x9f, 0xef, 0x9f, 0xe7, 0xbf, 0xef, 0xbf, 0xe7, 0xbf, 0xef,
    0xbf, 0xe7, 0x9f, 0xef, 0x9f, 0xef, 0x9f, 0xe7, 0x9f, 0xef, 0x9f, 0xef,
    0x9f, 0xe7, 0x9f, 0xef, 0x9f, 0xef, 0x9f, 0xe7, 0x9f, 0xe7, 0xbf, 0xef,
    0xbf, 0xef, 0xbf, 0xef, 0xbf, 0xef, 0x9f, 0xe7, 0x9f, 0xef, 0x9f, 0xef,
    0xbf, 0xef, 0xdf, 0xef, 0x1d, 0x96, 0x9c, 0x7d, 0xdc, 0x85, 0xdc, 0x7d,
    0xdc, 0x85, 0xdc, 0x85, 0xdc, 0x85, 0xdc, 0x85, 0xdd, 0x85, 0xdc, 0x85,
    0xdc, 0x7d, 0xdc, 0x85, 0xdc, 0x85, 0xfd, 0x8d, 0x1d, 0x8e, 0xfd, 0x8d,
    0xfc, 0x8d, 0xfd, 0x8d, 0xfd, 0x8d, 0xfc, 0x8d, 0xfc, 0x85, 0xfd, 0x8d,
    0xfc, 0x8d, 0xfd, 0x8d, 0xfd, 0x8d, 0xfc, 0x8d, 0x7d, 0xa6, 0xbf, 0xef,
    0xbf, 0xef, 0xbf, 0xef, 0xdf, 0xf7, 0x3f, 0xcf, 0x9c, 0x7d, 0xbc, 0x7d,
    0xdc, 0x85, 0xbc, 0x7d, 0xbe, 0xb6, 0xbf, 0xef, 0x9f, 0xef, 0xbf, 0xef,
    0xbf, 0xe7, 0x9f, 0xe7, 0x9f, 0xef, 0xbf, 0xe7, 0x9f, 0xef, 0xbf, 0xef,
    0xbf, 0xef, 0x9f, 0xef, 0xbf, 0xe7, 0xbf, 0xef, 0x9f, 0xef, 0x9f, 0xef,
    0xbf, 0xef, 0xbf, 0xef, 0x9f, 0xef, 0x9f, 0xe7, 0x9f, 0xef, 0xbf, 0xef,
    0x9f, 0xef, 0xbf, 0xef, 0xbf, 0xef, 0x9f, 0xef, 0x9f, 0xef, 0x9f, 0xef,
    0x9f, 0xef, 0xbf, 0xef, 0x9f, 0xef, 0x9f, 0xef, 0xbf, 0xef, 0x9f, 0xef,
    0x9f, 0xef, 0xbf, 0xef, 0x9f, 0xef, 0xbf, 0xef, 0xbf, 0xef, 0xbf, 0xef,
    0xbf, 0xef, 0x9f, 0xef, 0x9f, 0xef, 0xbf, 0xef, 0x9f, 0xef, 0xbf, 0xef,
    0xbf, 0xef, 0x9f, 0xef, 0xbf, 0xef, 0xbf, 0xef, 0x9f, 0xf7, 0xbf, 0xf7,
    0xbf, 0xef, 0x9f, 0xef, 0xbf, 0xef, 0xbf, 0xf7, 0xbf, 0xef, 0xbf, 0xef,
    0xbf, 0xf7, 0xbf, 0xef, 0xbf, 0xf7, 0xbf, 0xf7, 0xbf, 0xef, 0xbf, 0xef,
    0xbf, 0xef, 0xbf, 0xf7, 0xbf, 0xef, 0xbf, 0xf7, 0xbf, 0xf7, 0xbf, 0xf7,
    0xdf, 0xef, 0xbf, 0xef, 0xbf, 0xf7, 0xbf, 0xf7, 0xbf, 0xef, 0xbf, 0xef,
    0xbf, 0xf7, 0xbf, 0xf7, 0xbf, 0xef, 0xbf, 0xf7, 0xdf, 0xef, 0xbf, 0xf7,
    0xdf, 0xf7, 0xbf, 0xf7, 0xdf, 0xef, 0xbf, 0xf7, 0xdf, 0xf7, 0xbf, 0xf7,
    0xbf, 0xef, 0xdf, 0xf7, 0xbf, 0xf7, 0xdf, 0xf7, 0xdf, 0xf7, 0xbf, 0xf7,
    0xbf, 0xf7, 0xdf, 0xf7, 0xdf, 0xf7, 0xbf, 0xf7, 0xbf, 0xf7, 0xdf, 0xf7,
    0xbf, 0xef, 0xbf, 0xf7, 0xdf, 0xf7, 0xdf, 0xf7, 0xdf, 0xf7, 0xdf, 0xf7,
    0x9f, 0xe7, 0x3f, 0xcf, 0x3f, 0xcf, 0x9f, 0xe7, 0xdf, 0xff, 0xdf, 0xf7,
    0xdf, 0xf7, 0xdf, 0xf7, 0xdf, 0xf7, 0xdf, 0xf7, 0xdf, 0xf7, 0xbf, 0xf7,
    0xdf, 0xf7, 0xbf, 0xf7, 0xdf, 0xf7, 0xdf, 0xf7, 0xdf, 0xf7, 0xbf, 0xf7,
    0xdf, 0xf7, 0xdf, 0xff, 0xbf, 0xef, 0x3f, 0xd7, 0x3f, 0xd7, 0x5f, 0xd7,
    0x3f, 0xd7, 0x5f, 0xd7, 0xbf, 0xef, 0xdf, 0xff, 0xdf, 0xf7, 0xdf, 0xf7,
    0xdf, 0xff, 0xdf, 0xf7, 0xdf, 0xf7, 0xdf, 0xff, 0xbf, 0xf7, 0x5f, 0xd7,
    0x5f, 0xd7, 0x5f, 0xd7, 0x5f, 0xdf, 0x5f, 0xd7, 0x5f, 0xdf, 0x5f, 0xd7,
    0x9f, 0xef, 0xff, 0xff, 0xff, 0xff, 0xff, 0xff, 0xff, 0xff, 0xff, 0xff,
    0xff, 0xff, 0xff, 0xff, 0xff, 0xff, 0xff, 0xff, 0xff, 0xff, 0xdf, 0xf7,
    0x9f, 0xef, 0xbf, 0xef, 0xbf, 0xf7, 0xbf, 0xef, 0xbf, 0xef, 0xbf, 0xef,
    0xbf, 0xef, 0xbf, 0xef, 0xbf, 0xef, 0x9f, 0xef, 0xbf, 0xe7, 0x9f, 0xef,
    0xbf, 0xef, 0x9f, 0xe7, 0xbf, 0xef, 0x9f, 0xef, 0x9f, 0xe7, 0x9f, 0xef,
    0xbf, 0xe7, 0x9f, 0xe7, 0x9f, 0xef, 0x9f, 0xef, 0x9f, 0xe7, 0x9f, 0xef,
    0x9f, 0xef, 0x9f, 0xef, 0x9f, 0xe7, 0xbf, 0xef, 0x9f, 0xe7, 0x9f, 0xe7,
    0x9f, 0xef, 0xbf, 0xe7, 0x9f, 0xef, 0x9f, 0xef, 0x9f, 0xe7, 0x9f, 0xe7,
    0x9f, 0xef, 0x9f, 0xe7, 0x9f, 0xef, 0xbf, 0xef, 0xbf, 0xef, 0x9f, 0xef,
    0xbf, 0xef, 0xbf, 0xef, 0x5d, 0x9e, 0x9c, 0x7d, 0xbc, 0x85, 0xdc, 0x85,
    0xdc, 0x85, 0xdd, 0x85, 0xdc, 0x85, 0xdc, 0x85, 0xdc, 0x85, 0xdd, 0x85,
    0xdc, 0x85, 0xdc, 0x85, 0xdd, 0x85, 0xdc, 0x85, 0xdc, 0x85, 0xdc, 0x85,
    0xfc, 0x85, 0xfc, 0x85, 0xfc, 0x85, 0xdc, 0x85, 0xfd, 0x85, 0xdd, 0x85,
    0xfc, 0x85, 0x1d, 0x8e, 0x1d, 0x96, 0xdc, 0x85, 0x5d, 0x9e, 0xbf, 0xef,
    0xbf, 0xef, 0xbf, 0xef, 0xbf, 0xef, 0xbf, 0xef, 0x1f, 0xcf, 0x5d, 0xa6,
    0x1d, 0x96, 0xfe, 0xc6, 0xbf, 0xef, 0xbf, 0xef, 0x9f, 0xef, 0x9f, 0xef,
    0x9f, 0xef, 0x9f, 0xef, 0x9f, 0xef, 0xbf, 0xef, 0xbf, 0xe7, 0x9f, 0xef,
    0x9f, 0xef, 0x9f, 0xe7, 0xbf, 0xef, 0x9f, 0xef, 0xbf, 0xef, 0x9f, 0xef,
    0x9f, 0xe7, 0xbf, 0xef, 0xbf, 0xef, 0xbf, 0xef, 0xbf, 0xef, 0x9f, 0xef,
    0x9f, 0xef, 0xbf, 0xef, 0xbf, 0xe7, 0xbf, 0xef, 0x9f, 0xef, 0x9f, 0xef,
    0xbf, 0xe7, 0x9f, 0xef, 0xbf, 0xef, 0xbf, 0xef, 0x9f, 0xef, 0xbf, 0xef,
    0xbf, 0xef, 0x9f, 0xef, 0xbf, 0xef, 0x9f, 0xef, 0xbf, 0xef, 0x9f, 0xef,
    0x9f, 0xef, 0x9f, 0xef, 0xbf, 0xef, 0xbf, 0xef, 0xbf, 0xef, 0xbf, 0xef,
    0x9f, 0xef, 0x9f, 0xef, 0x9f, 0xef, 0xbf, 0xef, 0xbf, 0xef, 0xbf, 0xef,
    0xbf, 0xf7, 0xbf, 0xef, 0xbf, 0xef, 0x9f, 0xf7, 0xbf, 0xef, 0xbf, 0xf7,
    0xbf, 0xef, 0xbf, 0xef, 0xbf, 0xef, 0xbf, 0xf7, 0xbf, 0xef, 0xbf, 0xf7,
    0xbf, 0xef, 0xdf, 0xf7, 0xbf, 0xf7, 0xbf, 0xef, 0xdf, 0xef, 0xbf, 0xf7,
    0xbf, 0xf7, 0xdf, 0xf7, 0xbf, 0xef, 0xbf, 0xf7, 0xbf, 0xf7, 0xdf, 0xf7,
    0xbf, 0xf7, 0xbf, 0xef, 0xdf, 0xf7, 0xbf, 0xf7, 0xdf, 0xf7, 0xbf, 0xf7,
    0xbf, 0xef, 0xbf, 0xf7, 0xbf, 0xf7, 0xbf, 0xef, 0xbf, 0xf7, 0xdf, 0xf7,
    0xdf, 0xf7, 0xbf, 0xf7, 0xbf, 0xef, 0xdf, 0xf7, 0xdf, 0xf7, 0xbf, 0xef,
    0xbf, 0xf7, 0xbf, 0xf7, 0xbf, 0xef, 0xdf, 0xf7, 0xdf, 0xf7, 0xdf, 0xf7,
    0xdf, 0xf7, 0xbf, 0xf7, 0xdf, 0xf7, 0xdf, 0xf7, 0xdf, 0xf7, 0xdf, 0xf7,
    0x7f, 0xe7, 0x5f, 0xd7, 0x5f, 0xd7, 0x7f, 0xdf, 0xdf, 0xf7, 0xdf, 0xf7,
    0xdf, 0xf7, 0xdf, 0xf7, 0xbf, 0xf7, 0xdf, 0xf7, 0xdf, 0xf7, 0xbf, 0xf7,
    0xdf, 0xf7, 0xdf, 0xf7, 0xdf, 0xf7, 0xdf, 0xff, 0xdf, 0xf7, 0xdf, 0xf7,
    0xdf, 0xf7, 0xdf, 0xff, 0xbf, 0xef, 0x3f, 0xd7, 0x5f, 0xd7, 0x3f, 0xd7,
    0x3f, 0xd7, 0x3f, 0xd7, 0xbf, 0xef, 0xdf, 0xff, 0xdf, 0xf7, 0xdf, 0xff,
    0xdf, 0xf7, 0xdf, 0xf7, 0xdf, 0xf7, 0xdf, 0xff, 0xbf, 0xf7, 0x5f, 0xdf,
    0x5f, 0xd7, 0x5f, 0xdf, 0x5f, 0xdf, 0x5f, 0xd7, 0x5f, 0xdf, 0x5f, 0xd7,
    0x9f, 0xe7, 0xff, 0xff, 0xff, 0xff, 0xff, 0xff, 0xff, 0xff, 0xff, 0xff,
    0xff, 0xff, 0xff, 0xff, 0xff, 0xff, 0xff, 0xff, 0xff, 0xff, 0xdf, 0xf7,
    0x9f, 0xef, 0x9f, 0xef, 0x9f, 0xef, 0x9f, 0xef, 0x9f, 0xef, 0xbf, 0xef,
    0xbf, 0xef, 0xbf, 0xef, 0x9f, 0xef, 0xbf, 0xef, 0xbf, 0xef, 0xbf, 0xef,
    0x9f, 0xef, 0xbf, 0xe7, 0x9f, 0xe7, 0x9f, 0xef, 0x9f, 0xef, 0x9f, 0xe7,
    0x9f, 0xef, 0xbf, 0xef, 0x9f, 0xe7, 0x9f, 0xef, 0x9f, 0xef, 0x9f, 0xe7,
    0x9f, 0xef, 0xbf, 0xe7, 0x9f, 0xef, 0x9f, 0xef, 0x9f, 0xe7, 0x9f, 0xef,
    0x9f, 0xef, 0x9f, 0xe7, 0x9f, 0xe7, 0xbf, 0xef, 0x9f, 0xef, 0x9f, 0xe7,
    0x9f, 0xe7, 0x9f, 0xef, 0x9f, 0xe7, 0xbf, 0xef, 0x9f, 0xef, 0xbf, 0xef,
    0x9f, 0xef, 0xdf, 0xf7, 0x3f, 0xd7, 0xdc, 0x7d, 0xbc, 0x7d, 0xbc, 0x7d,
    0xdc, 0x85, 0xdc, 0x85, 0xdd, 0x85, 0xdc, 0x85, 0xdc, 0x85, 0xdc, 0x85,
    0xdc, 0x85, 0xdd, 0x85, 0xdc, 0x85, 0xdc, 0x85, 0xdd, 0x85, 0xfd, 0x85,
    0xdc, 0x85, 0xfd, 0x85, 0xdc, 0x8d, 0xfd, 0x85, 0xdd, 0x8d, 0xfc, 0x8d,
    0xfc, 0x85, 0xfd, 0x85, 0x7d, 0xa6, 0x1d, 0x8e, 0x7e, 0xa6, 0xbf, 0xf7,
    0xbf, 0xef, 0xbf, 0xef, 0x9f, 0xef, 0xbf, 0xef, 0xdf, 0xf7, 0xbf, 0xef,
    0xbf, 0xef, 0xbf, 0xf7, 0xbf, 0xef, 0xbf, 0xef, 0x9f, 0xef, 0x9f, 0xef,
    0xbf, 0xef, 0x9f, 0xef, 0x9f, 0xe7, 0xbf, 0xef, 0x9f, 0xef, 0x9f, 0xe7,
    0x9f, 0xef, 0xbf, 0xef, 0x9f, 0xef, 0x9f, 0xe7, 0xbf, 0xef, 0xbf, 0xef,
    0x9f, 0xe7, 0x9f, 0xef, 0x9f, 0xef, 0xbf, 0xef, 0x9f, 0xef, 0x9f, 0xef,
    0xbf, 0xef, 0x9f, 0xef, 0x9f, 0xef, 0xbf, 0xef, 0xbf, 0xef, 0x9f, 0xe7,
    0xbf, 0xef, 0x9f, 0xef, 0xbf, 0xef, 0x9f, 0xef, 0x9f, 0xe7, 0xbf, 0xef,
    0x9f, 0xef, 0xbf, 0xef, 0x9f, 0xef, 0x9f, 0xef, 0xbf, 0xef, 0xbf, 0xef,
    0xbf, 0xef, 0xbf, 0xef, 0x9f, 0xef, 0xbf, 0xef, 0xbf, 0xef, 0xbf, 0xef,
    0xbf, 0xef, 0x9f, 0xef, 0xbf, 0xef, 0xbf, 0xef, 0xbf, 0xef, 0xbf, 0xef,
    0xbf, 0xef, 0xbf, 0xef, 0xbf, 0xef, 0xbf, 0xef, 0xbf, 0xf7, 0xbf, 0xef,
    0xbf, 0xf7, 0xbf, 0xef, 0xbf, 0xef, 0xbf, 0xf7, 0xbf, 0xef, 0xbf, 0xef,
    0xbf, 0xf7, 0xbf, 0xef, 0xbf, 0xef, 0xdf, 0xf7, 0xbf, 0xef, 0xbf, 0xef,
    0xbf, 0xf7, 0xbf, 0xf7, 0xdf, 0xef, 0xbf, 0xf7, 0xbf, 0xef, 0xbf, 0xf7,
    0xdf, 0xef, 0xbf, 0xf7, 0xbf, 0xf7, 0xbf, 0xf7, 0xbf, 0xf7, 0xdf, 0xef,
    0xdf, 0xf7, 0xbf, 0xf7, 0xbf, 0xf7, 0xdf, 0xf7, 0xdf, 0xef, 0xbf, 0xf7,
    0xdf, 0xf7, 0xdf, 0xf7, 0xbf, 0xf7, 0xbf, 0xf7, 0xdf, 0xf7, 0xdf, 0xf7,
    0xbf, 0xef, 0xdf, 0xf7, 0xbf, 0xf7, 0xdf, 0xef, 0xdf, 0xf7, 0xdf, 0xf7,
    0xdf, 0xf7, 0xdf, 0xf7, 0xdf, 0xf7, 0xdf, 0xf7, 0xdf, 0xf7, 0x9f, 0xe7,
    0x3f, 0xd7, 0x5f, 0xd7, 0x5f, 0xd7, 0x3f, 0xd7, 0x9f, 0xe7, 0xdf, 0xff,
    0xdf, 0xf7, 0xdf, 0xf7, 0xdf, 0xf7, 0xdf, 0xf7, 0xbf, 0xf7, 0xdf, 0xf7,
    0xdf, 0xf7, 0xdf, 0xf7, 0xdf, 0xff, 0xdf, 0xf7, 0xdf, 0xf7, 0xdf, 0xff,
    0xdf, 0xf7, 0xdf, 0xf7, 0x9f, 0xef, 0x3f, 0xd7, 0x5f, 0xd7, 0x5f, 0xd7,
    0x3f, 0xd7, 0x3f, 0xd7, 0xbf, 0xef, 0xff, 0xff, 0xdf, 0xf7, 0xdf, 0xf7,
    0xdf, 0xf7, 0xdf, 0xf7, 0xdf, 0xf7, 0xdf, 0xf7, 0xdf, 0xf7, 0x5f, 0xdf,
    0x5f, 0xd7, 0x5f, 0xdf, 0x5f, 0xd7, 0x5f, 0xdf, 0x5f, 0xd7, 0x5f, 0xdf,
    0x9f, 0xe7, 0xff, 0xff, 0xff, 0xff, 0xff, 0xff, 0xff, 0xff, 0xff, 0xff,
    0xff, 0xff, 0xff, 0xff, 0xff, 0xff, 0xff, 0xff, 0xff, 0xff, 0xdf, 0xf7,
    0x9f, 0xef, 0xbf, 0xef, 0x9f, 0xe7, 0x9f, 0xef, 0xbf, 0xef, 0x9f, 0xe7,
    0x9f, 0xef, 0x9f, 0xe7, 0x9f, 0xe7, 0x9f, 0xe7, 0x9f, 0xe7, 0x9f, 0xef,
    0x9f, 0xef, 0x9f, 0xef, 0xbf, 0xef, 0xbf, 0xef, 0xbf, 0xef, 0xbf, 0xe7,
    0x9f, 0xef, 0x9f, 0xe7, 0x9f, 0xe7, 0xbf, 0xef, 0x9f, 0xef, 0x9f, 0xe7,
    0xbf, 0xef, 0x9f, 0xef, 0x9f, 0xe7, 0x9f, 0xef, 0xbf, 0xe7, 0x9f, 0xef,
    0xbf, 0xe7, 0x9f, 0xef, 0x9f, 0xe7, 0x9f, 0xe7, 0x9f, 0xef, 0xbf, 0xef,
    0x9f, 0xe7, 0x9f, 0xef, 0x9f, 0xef, 0x9f, 0xef, 0xbf, 0xe7, 0x9f, 0xef,
    0xbf, 0xef, 0xbf, 0xf7, 0x1f, 0xcf, 0xbc, 0x7d, 0xdc, 0x7d, 0xbc, 0x7d,
    0xdc, 0x85, 0xdc, 0x7d, 0xdc, 0x85, 0xdd, 0x85, 0xdc, 0x85, 0xdc, 0x85,
    0xdd, 0x85, 0xdc, 0x85, 0xdc, 0x85, 0xfc, 0x85, 0xdc, 0x85, 0xdd, 0x8d,
    0xfc, 0x85, 0xdc, 0x8d, 0xdd, 0x85, 0xfc, 0x85, 0xfc, 0x8d, 0xdd, 0x85,
    0xfd, 0x8d, 0xdc, 0x85, 0xfc, 0x8d, 0x9e, 0xae, 0x1f, 0xcf, 0xbf, 0xf7,
    0xbf, 0xef, 0x9f, 0xef, 0x9f, 0xef, 0xbf, 0xef, 0xbf, 0xef, 0xbf, 0xef,
    0x9f, 0xef, 0xbf, 0xef, 0x9f, 0xef, 0xbf, 0xef, 0x9f, 0xef, 0x9f, 0xe7,
    0xbf, 0xef, 0xbf, 0xef, 0xbf, 0xe7, 0x9f, 0xef, 0xbf, 0xef, 0x9f, 0xef,
    0xbf, 0xef, 0xbf, 0xef, 0x9f, 0xef, 0x9f, 0xef, 0xbf, 0xef, 0x9f, 0xef,
    0x9f, 0xef, 0x9f, 0xef, 0xbf, 0xef, 0x9f, 0xe7, 0x9f, 0xef, 0xbf, 0xef,
    0xbf, 0xe7, 0x9f, 0xef, 0x9f, 0xef, 0xbf, 0xef, 0x9f, 0xef, 0xbf, 0xef,
    0x9f, 0xef, 0xbf, 0xef, 0xbf, 0xef, 0x9f, 0xef, 0xbf, 0xef, 0x9f, 0xef,
    0x9f, 0xef, 0xbf, 0xef, 0xbf, 0xef, 0x9f, 0xef, 0xbf, 0xef, 0xbf, 0xef,
    0xbf, 0xef, 0x9f, 0xef, 0x9f, 0xef, 0xbf, 0xef, 0xbf, 0xef, 0x9f, 0xef,
    0xbf, 0xef, 0xbf, 0xef, 0xbf, 0xef, 0xbf, 0xef, 0x9f, 0xef, 0xbf, 0xf7,
    0xbf, 0xef, 0xbf, 0xf7, 0xbf, 0xef, 0xbf, 0xf7, 0xbf, 0xef, 0xbf, 0xef,
    0xbf, 0xf7, 0xbf, 0xef, 0xbf, 0xf7, 0xbf, 0xf7, 0xbf, 0xef, 0xbf, 0xf7,
    0xbf, 0xf7, 0xbf, 0xef, 0xdf, 0xf7, 0xbf, 0xf7, 0xbf, 0xf7, 0xdf, 0xef,
    0xbf, 0xf7, 0xbf, 0xef, 0xbf, 0xf7, 0xdf, 0xf7, 0xbf, 0xef, 0xbf, 0xf7,
    0xbf, 0xf7, 0xdf, 0xef, 0xbf, 0xf7, 0xdf, 0xef, 0xdf, 0xf7, 0xbf, 0xf7,
    0xdf, 0xf7, 0xbf, 0xef, 0xdf, 0xf7, 0xdf, 0xf7, 0xbf, 0xf7, 0xbf, 0xf7,
    0xdf, 0xf7, 0xdf, 0xef, 0xbf, 0xf7, 0xbf, 0xf7, 0xdf, 0xf7, 0xdf, 0xf7,
    0xbf, 0xf7, 0xdf, 0xf7, 0xbf, 0xf7, 0xbf, 0xf7, 0xbf, 0xf7, 0xbf, 0xf7,
    0xdf, 0xf7, 0xdf, 0xf7, 0xdf, 0xf7, 0xdf, 0xf7, 0xdf, 0xf7, 0x9f, 0xef,
    0x5f, 0xd7, 0x5f, 0xd7, 0x5f, 0xd7, 0x5f, 0xd7, 0x9f, 0xe7, 0xdf, 0xff,
    0xdf, 0xf7, 0xdf, 0xf7, 0xdf, 0xf7, 0xbf, 0xf7, 0xdf, 0xf7, 0xdf, 0xf7,
    0xdf, 0xf7, 0xdf, 0xff, 0xdf, 0xf7, 0xdf, 0xf7, 0xdf, 0xff, 0xdf, 0xff,
    0xdf, 0xf7, 0xdf, 0xff, 0x9f, 0xef, 0x3f, 0xd7, 0x5e, 0xd7, 0x5f, 0xd7,
    0x3f, 0xd7, 0x3f, 0xd7, 0xbf, 0xef, 0xff, 0xff, 0xdf, 0xff, 0xdf, 0xf7,
    0xff, 0xff, 0xdf, 0xff, 0xdf, 0xff, 0xdf, 0xf7, 0xdf, 0xf7, 0x5f, 0xdf,
    0x5f, 0xd7, 0x5f, 0xdf, 0x5f, 0xdf, 0x5f, 0xd7, 0x7f, 0xdf, 0x5f, 0xd7,
    0x9f, 0xe7, 0xff, 0xff, 0xff, 0xff, 0xff, 0xff, 0xff, 0xff, 0xff, 0xff,
    0xff, 0xff, 0xff, 0xff, 0xff, 0xff, 0xff, 0xff, 0xff, 0xff, 0xdf, 0xf7,
    0x9f, 0xef, 0x9f, 0xef, 0xbf, 0xe7, 0xbf, 0xef, 0x9f, 0xe7, 0x9f, 0xe7,
    0x9f, 0xef, 0x9f, 0xef, 0x9f, 0xef, 0x9f, 0xef, 0x9f, 0xe7, 0x9f, 0xe7,
    0x9f, 0xef, 0x9f, 0xef, 0x9f, 0xe7, 0x9f, 0xe7, 0x9f, 0xe7, 0x9f, 0xef,
    0x9f, 0xe7, 0x9f, 0xef, 0x9f, 0xef, 0x9f, 0xef, 0xbf, 0xef, 0x9f, 0xef,
    0x9f, 0xe7, 0x9f, 0xef, 0xbf, 0xef, 0x9f, 0xe7, 0x9f, 0xef, 0x9f, 0xef,
    0x9f, 0xef, 0xbf, 0xef, 0x9f, 0xef, 0x9f, 0xe7, 0x9f, 0xe7, 0x9f, 0xef,
    0x9f, 0xef, 0xbf, 0xe7, 0x9f, 0xef, 0x9f, 0xe7, 0xbf, 0xef, 0xbf, 0xef,
    0xbf, 0xef, 0x9f, 0xe7, 0xfc, 0x8d, 0xbc, 0x7d, 0xdc, 0x85, 0xbc, 0x85,
    0xbc, 0x7d, 0xdc, 0x7d, 0xdc, 0x85, 0xdc, 0x85, 0xfd, 0x85, 0xfd, 0x8d,
    0xfd, 0x8d, 0xfd, 0x8d, 0xfc, 0x85, 0xdd, 0x85, 0xdc, 0x85, 0xdc, 0x85,
    0xfd, 0x8d, 0xfd, 0x8d, 0xdc, 0x85, 0xfc, 0x85, 0xdc, 0x85, 0xdc, 0x85,
    0xfc, 0x85, 0xdc, 0x85, 0x9c, 0x7d, 0x5d, 0x9e, 0x9f, 0xe7, 0xbf, 0xef,
    0x9f, 0xef, 0xbf, 0xef, 0x9f, 0xef, 0x9f, 0xef, 0x9f, 0xef, 0x9f, 0xef,
    0xbf, 0xef, 0x9f, 0xef, 0x9f, 0xef, 0xbf, 0xef, 0x9f, 0xe7, 0x9f, 0xef,
    0xbf, 0xef, 0x9f, 0xef, 0x9f, 0xef, 0xbf, 0xe7, 0x9f, 0xe7, 0xbf, 0xef,
    0x9f, 0xe7, 0xbf, 0xef, 0xbf, 0xe7, 0x9f, 0xef, 0xbf, 0xef, 0xbf, 0xef,
    0x9f, 0xef, 0x9f, 0xef, 0xbf, 0xef, 0xbf, 0xef, 0x9f, 0xef, 0xbf, 0xef,
    0xbf, 0xef, 0x9f, 0xef, 0xbf, 0xef, 0xbf, 0xef, 0xbf, 0xef, 0x9f, 0xef,
    0x9f, 0xef, 0xbf, 0xef, 0x9f, 0xef, 0xbf, 0xef, 0xbf, 0xef, 0x9f, 0xef,
    0xbf, 0xef, 0xbf, 0xef, 0xbf, 0xef, 0x9f, 0xef, 0x9f, 0xef, 0x9f, 0xef,
    0xbf, 0xef, 0xbf, 0xef, 0x9f, 0xef, 0xbf, 0xef, 0xbf, 0xef, 0xbf, 0xef,
    0xbf, 0xef, 0xbf, 0xf7, 0xbf, 0xef, 0x9f, 0xef, 0xbf, 0xef, 0xbf, 0xf7,
    0xbf, 0xef, 0xbf, 0xef, 0xbf, 0xef, 0xbf, 0xef, 0xbf, 0xf7, 0xbf, 0xef,
    0xbf, 0xef, 0xbf, 0xf7, 0xbf, 0xef, 0xbf, 0xef, 0xbf, 0xf7, 0xbf, 0xef,
    0xdf, 0xef, 0xbf, 0xf7, 0xbf, 0xf7, 0xbf, 0xef, 0xbf, 0xef, 0xbf, 0xf7,
    0xdf, 0xf7, 0xbf, 0xef, 0xbf, 0xf7, 0xbf, 0xf7, 0xdf, 0xef, 0xbf, 0xf7,
    0xbf, 0xf7, 0xdf, 0xf7, 0xbf, 0xf7, 0xdf, 0xf7, 0xbf, 0xef, 0xbf, 0xf7,
    0xbf, 0xf7, 0xbf, 0xef, 0xdf, 0xf7, 0xbf, 0xf7, 0xdf, 0xf7, 0xdf, 0xf7,
    0xdf, 0xf7, 0xdf, 0xf7, 0xdf, 0xf7, 0xbf, 0xf7, 0xdf, 0xf7, 0xdf, 0xf7,
    0xbf, 0xf7, 0xdf, 0xf7, 0xdf, 0xef, 0xbf, 0xf7, 0xdf, 0xf7, 0xbf, 0xf7,
    0xdf, 0xf7, 0xbf, 0xf7, 0xbf, 0xf7, 0xdf, 0xf7, 0xdf, 0xf7, 0x9f, 0xef,
    0x5f, 0xd7, 0x5f, 0xd7, 0x5f, 0xd7, 0x3f, 0xd7, 0x9f, 0xe7, 0xdf, 0xff,
    0xdf, 0xf7, 0xdf, 0xf7, 0xbf, 0xf7, 0xdf, 0xf7, 0xdf, 0xff, 0xdf, 0xf7,
    0xdf, 0xf7, 0xdf, 0xf7, 0xdf, 0xf7, 0xdf, 0xf7, 0xdf, 0xf7, 0xdf, 0xf7,
    0xff, 0xf7, 0xff, 0xff, 0x9f, 0xe7, 0x3f, 0xd7, 0x3f, 0xd7, 0x5f, 0xd7,
    0x5f, 0xd7, 0x5f, 0xd7, 0xbf, 0xef, 0xff, 0xff, 0xdf, 0xf7, 0xdf, 0xff,
    0xdf, 0xf7, 0xdf, 0xf7, 0xdf, 0xf7, 0xdf, 0xf7, 0xdf, 0xf7, 0x5f, 0xdf,
    0x5f, 0xdf, 0x5f, 0xdf, 0x7f, 0xd7, 0x5f, 0xd7, 0x7f, 0xdf, 0x5f, 0xdf,
    0x9f, 0xe7, 0xff, 0xff, 0xff, 0xff, 0xff, 0xff, 0xff, 0xff, 0xff, 0xff,
    0xff, 0xff, 0xff, 0xff, 0xff, 0xff, 0xff, 0xff, 0xff, 0xff, 0xdf, 0xf7,
    0x9f, 0xef, 0xbf, 0xef, 0xbf, 0xef, 0x9f, 0xef, 0x9f, 0xef, 0x9f, 0xef,
    0x9f, 0xe7, 0x9f, 0xef, 0x9f, 0xef, 0xbf, 0xef, 0x9f, 0xef, 0x9f, 0xef,
    0x9f, 0xe7, 0x9f, 0xe7, 0x9f, 0xef, 0x9f, 0xef, 0x9f, 0xef, 0x9f, 0xe7,
    0xbf, 0xef, 0x9f, 0xe7, 0x9f, 0xef, 0xbf, 0xe7, 0x9f, 0xe7, 0x9f, 0xef,
    0x9f, 0xe7, 0xbf, 0xef, 0x9f, 0xef, 0x9f, 0xe7, 0xbf, 0xe7, 0x9f, 0xef,
    0x9f, 0xe7, 0x9f, 0xe7, 0xbf, 0xef, 0x9f, 0xef, 0x9f, 0xef, 0xbf, 0xe7,
    0x9f, 0xef, 0x9f, 0xef, 0xbf, 0xe7, 0xbf, 0xef, 0x9f, 0xef, 0xbf, 0xef,
    0xdf, 0xf7, 0xfe, 0xc6, 0x9c, 0x75, 0xbc, 0x7d, 0xdc, 0x7d, 0xfd, 0x8d,
    0xfd, 0x8d, 0x1d, 0x8e, 0xfd, 0x8d, 0xfd, 0x8d, 0xfc, 0x85, 0xdc, 0x85,
    0xdc, 0x85, 0xbc, 0x85, 0xbc, 0x7d, 0xbc, 0x85, 0xbc, 0x85, 0xbc, 0x7d,
    0xdc, 0x85, 0xdc, 0x85, 0xdd, 0x85, 0xfd, 0x8d, 0xfc, 0x8d, 0xdc, 0x85,
    0xdc, 0x85, 0xdc, 0x85, 0xbc, 0x85, 0xdc, 0x8d, 0x7f, 0xdf, 0xbf, 0xef,
    0x9f, 0xef, 0xbf, 0xef, 0xbf, 0xef, 0xbf, 0xef, 0x9f, 0xef, 0xbf, 0xef,
    0xbf, 0xef, 0x9f, 0xef, 0xbf, 0xef, 0xbf, 0xef, 0x9f, 0xef, 0xbf, 0xef,
    0xbf, 0xef, 0x9f, 0xe7, 0xbf, 0xef, 0x9f, 0xef, 0xbf, 0xef, 0x9f, 0xef,
    0x9f, 0xef, 0x9f, 0xef, 0xbf, 0xef, 0x9f, 0xef, 0x9f, 0xef, 0xbf, 0xef,
    0xbf, 0xe7, 0x9f, 0xef, 0xbf, 0xef, 0x9f, 0xef, 0x9f, 0xef, 0xbf, 0xef,
    0x9f, 0xef, 0xbf, 0xef, 0x9f, 0xef, 0x9f, 0xef, 0xbf, 0xef, 0xbf, 0xef,
    0x9f, 0xef, 0xbf, 0xef, 0x9f, 0xef, 0xbf, 0xef, 0xbf, 0xef, 0xbf, 0xef,
    0x9f, 0xef, 0x9f, 0xef, 0xbf, 0xef, 0xbf, 0xef, 0xbf, 0xef, 0x9f, 0xef,
    0xbf, 0xef, 0xbf, 0xef, 0xbf, 0xef, 0xbf, 0xef, 0x9f, 0xef, 0xbf, 0xef,
    0x9f, 0xef, 0xbf, 0xef, 0xbf, 0xef, 0xbf, 0xef, 0xbf, 0xf7, 0xbf, 0xef,
    0xbf, 0xef, 0xbf, 0xef, 0xbf, 0xf7, 0xbf, 0xef, 0xbf, 0xef, 0xbf, 0xf7,
    0xbf, 0xef, 0xbf, 0xf7, 0xbf, 0xf7, 0xbf, 0xef, 0xbf, 0xef, 0xbf, 0xf7,
    0xbf, 0xef, 0xbf, 0xf7, 0xdf, 0xef, 0xbf, 0xef, 0xbf, 0xf7, 0xbf, 0xf7,
    0xbf, 0xef, 0xdf, 0xf7, 0xbf, 0xf7, 0xbf, 0xf7, 0xbf, 0xef, 0xbf, 0xf7,
    0xbf, 0xf7, 0xdf, 0xef, 0xbf, 0xf7, 0xbf, 0xf7, 0xdf, 0xf7, 0xdf, 0xf7,
    0xbf, 0xf7, 0xdf, 0xf7, 0xbf, 0xf7, 0xbf, 0xf7, 0xdf, 0xef, 0xbf, 0xf7,
    0xbf, 0xf7, 0xbf, 0xef, 0xdf, 0xf7, 0xbf, 0xf7, 0xbf, 0xf7, 0xdf, 0xef,
    0xdf, 0xf7, 0xbf, 0xf7, 0xdf, 0xf7, 0xdf, 0xf7, 0xbf, 0xf7, 0xdf, 0xf7,
    0xdf, 0xf7, 0xdf, 0xf7, 0xdf, 0xf7, 0xdf, 0xf7, 0xdf, 0xf7, 0x9f, 0xe7,
    0x3f, 0xd7, 0x5f, 0xd7, 0x5f, 0xd7, 0x5f, 0xd7, 0x9f, 0xe7, 0xdf, 0xff,
    0xdf, 0xf7, 0xbf, 0xf7, 0xdf, 0xf7, 0xdf, 0xf7, 0xdf, 0xf7, 0xdf, 0xf7,
    0xdf, 0xff, 0x7f, 0xe7, 0x5f, 0xdf, 0x5f, 0xdf, 0x5f, 0xdf, 0x7f, 0xdf,
    0x9f, 0xef, 0xff, 0xff, 0xbf, 0xef, 0x3f, 0xd7, 0x3f, 0xd7, 0x3f, 0xd7,
    0x5f, 0xd7, 0x3f, 0xd7, 0xbf, 0xef, 0xff, 0xff, 0xdf, 0xf7, 0x7f, 0xe7,
    0x7f, 0xdf, 0x7f, 0xdf, 0x7f, 0xdf, 0xdf, 0xf7, 0xbf, 0xf7, 0x7f, 0xdf,
    0x5f, 0xdf, 0x5f, 0xdf, 0x5f, 0xdf, 0x7f, 0xdf, 0x7f, 0xdf, 0x5f, 0xdf,
    0x7f, 0xdf, 0xdf, 0xff, 0xff, 0xff, 0xff, 0xff, 0xff, 0xff, 0xff, 0xff,
    0xff, 0xff, 0xff, 0xff, 0xff, 0xff, 0xff, 0xff, 0xff, 0xff, 0xdf, 0xff,
    0x9f, 0xef, 0x9f, 0xe7, 0x9f, 0xef, 0x9f, 0xef, 0x9f, 0xef, 0xbf, 0xef,
    0x9f, 0xef, 0x9f, 0xe7, 0xbf, 0xef, 0x9f, 0xe7, 0x9f, 0xef, 0xbf, 0xef,
    0x9f, 0xe7, 0x9f, 0xe7, 0xbf, 0xef, 0x9f, 0xef, 0x9f, 0xe7, 0x9f, 0xef,
    0xbf, 0xe7, 0x9f, 0xef, 0x9f, 0xef, 0x9f, 0xe7, 0x9f, 0xef, 0xbf, 0xef,
    0xbf, 0xef, 0x9f, 0xe7, 0x9f, 0xef, 0x9f, 0xef, 0xbf, 0xef, 0xbf, 0xef,
    0x9f, 0xef, 0x9f, 0xef, 0x9f, 0xe7, 0x9f, 0xe7, 0xbf, 0xef, 0x9f, 0xe7,
    0x9f, 0xef, 0x9f, 0xef, 0xbf, 0xe7, 0x9f, 0xef, 0x9f, 0xef, 0xbf, 0xef,
    0xbf, 0xef, 0x3d, 0x9e, 0xdc, 0x85, 0xfd, 0x8d, 0xfd, 0x8d, 0xfc, 0x85,
    0xbc, 0x85, 0xbc, 0x7d, 0x9c, 0x7d, 0x9c, 0x75, 0x9c, 0x75, 0xbc, 0x7d,
    0xbc, 0x7d, 0xbc, 0x7d, 0xbc, 0x7d, 0xbc, 0x7d, 0xbc, 0x7d, 0xbc, 0x7d,
    0xbc, 0x7d, 0xbc, 0x85, 0xdc, 0x85, 0xdc, 0x85, 0xfd, 0x8d, 0xfd, 0x8d,
    0xdc, 0x85, 0xdc, 0x85, 0xdc, 0x85, 0xdc, 0x85, 0x1e, 0xcf, 0xbf, 0xf7,
    0x9f, 0xe7, 0xbf, 0xef, 0x9f, 0xe7, 0x9f, 0xef, 0xbf, 0xef, 0xbf, 0xe7,
    0x9f, 0xef, 0x9f, 0xef, 0xbf, 0xef, 0x9f, 0xef, 0x9f, 0xe7, 0xbf, 0xef,
    0x9f, 0xef, 0xbf, 0xef, 0x9f, 0xef, 0x9f, 0xef, 0x9f, 0xef, 0xbf, 0xef,
    0xbf, 0xef, 0x9f, 0xef, 0xbf, 0xef, 0xbf, 0xef, 0x9f, 0xef, 0x9f, 0xef,
    0xbf, 0xef, 0xbf, 0xef, 0x9f, 0xef, 0xbf, 0xe7, 0xbf, 0xef, 0x9f, 0xef,
    0x9f, 0xef, 0xbf, 0xef, 0xbf, 0xef, 0x9f, 0xef, 0x9f, 0xef, 0xbf, 0xef,
    0xbf, 0xef, 0x9f, 0xef, 0x9f, 0xef, 0xbf, 0xef, 0xbf, 0xef, 0xbf, 0xef,
    0x9f, 0xef, 0x9f, 0xef, 0xbf, 0xef, 0xbf, 0xef, 0xbf, 0xef, 0xbf, 0xef,
    0xbf, 0xef, 0xbf, 0xef, 0xbf, 0xef, 0xbf, 0xef, 0xbf, 0xef, 0x9f, 0xef,
    0xbf, 0xef, 0xbf, 0xf7, 0xbf, 0xef, 0xbf, 0xef, 0xbf, 0xef, 0xbf, 0xf7,
    0xbf, 0xef, 0xbf, 0xef, 0xbf, 0xf7, 0xbf, 0xef, 0xbf, 0xef, 0xbf, 0xef,
    0xbf, 0xef, 0xbf, 0xf7, 0xdf, 0xf7, 0xbf, 0xef, 0xbf, 0xf7, 0xbf, 0xf7,
    0xbf, 0xef, 0xdf, 0xf7, 0xbf, 0xf7, 0xbf, 0xef, 0xbf, 0xf7, 0xdf, 0xf7,
    0xbf, 0xef, 0xbf, 0xf7, 0xdf, 0xf7, 0xbf, 0xf7, 0xdf, 0xf7, 0xbf, 0xef,
    0xdf, 0xf7, 0xdf, 0xf7, 0xbf, 0xf7, 0xbf, 0xef, 0xdf, 0xf7, 0xbf, 0xef,
    0xbf, 0xf7, 0xdf, 0xf7, 0xdf, 0xef, 0xbf, 0xf7, 0xdf, 0xf7, 0xbf, 0xf7,
    0xbf, 0xf7, 0xbf, 0xef, 0xdf, 0xf7, 0xbf, 0xf7, 0xdf, 0xf7, 0xbf, 0xf7,
    0xbf, 0xf7, 0xbf, 0xf7, 0xbf, 0xf7, 0xdf, 0xf7, 0xdf, 0xf7, 0xdf, 0xf7,
    0xdf, 0xf7, 0xbf, 0xf7, 0xdf, 0xf7, 0xdf, 0xf7, 0xdf, 0xff, 0x9f, 0xe7,
    0x3f, 0xd7, 0x5f, 0xd7, 0x5f, 0xdf, 0x5f, 0xd7, 0x9f, 0xe7, 0xdf, 0xff,
    0xdf, 0xf7, 0xdf, 0xf7, 0xdf, 0xf7, 0xdf, 0xf7, 0xdf, 0xf7, 0xdf, 0xf7,
    0xdf, 0xff, 0x7f, 0xe7, 0x5f, 0xd7, 0x5f, 0xdf, 0x5f, 0xdf, 0x5f, 0xd7,
    0x9f, 0xe7, 0xff, 0xff, 0xbf, 0xef, 0x3f, 0xd7, 0x5f, 0xd7, 0x3f, 0xd7,
    0x3f, 0xd7, 0x5f, 0xd7, 0xbf, 0xef, 0xff, 0xff, 0xbf, 0xef, 0x7f, 0xdf,
    0x5f, 0xdf, 0x5f, 0xdf, 0x5f, 0xdf, 0xbf, 0xf7, 0xdf, 0xf7, 0x7f, 0xdf,
    0x7f, 0xdf, 0x5f, 0xdf, 0x7f, 0xdf, 0x5f, 0xd7, 0x3f, 0xd7, 0x1f, 0xcf,
    0xfe, 0xbe, 0xbf, 0xef, 0xff, 0xff, 0xff, 0xff, 0xff, 0xff, 0xff, 0xff,
    0xff, 0xff, 0xff, 0xff, 0xff, 0xff, 0xff, 0xff, 0xff, 0xff, 0xdf, 0xf7,
    0xbf, 0xef, 0xbf, 0xef, 0x9f, 0xe7, 0x9f, 0xef, 0x9f, 0xe7, 0xbf, 0xe7,
    0x9f, 0xef, 0xbf, 0xef, 0x9f, 0xef, 0x9f, 0xef, 0x9f, 0xe7, 0x9f, 0xef,
    0x9f, 0xef, 0x9f, 0xe7, 0x9f, 0xe7, 0xbf, 0xe7, 0x9f, 0xef, 0x9f, 0xef,
    0x9f, 0xe7, 0x9f, 0xe7, 0x9f, 0xef, 0xbf, 0xef, 0x9f, 0xe7, 0x9f, 0xef,
    0xbf, 0xef, 0xbf, 0xe7, 0x9f, 0xef, 0x9f, 0xef, 0x9f, 0xef, 0x9f, 0xe7,
    0x9f, 0xef, 0xbf, 0xef, 0x9f, 0xef, 0x9f, 0xef, 0x9f, 0xe7, 0x9f, 0xe7,
    0x9f, 0xef, 0xbf, 0xe7, 0xbf, 0xef, 0x9f, 0xe7, 0xbf, 0xef, 0xbf, 0xef,
    0x1e, 0xc7, 0xdc, 0x85, 0x1d, 0x96, 0xbc, 0x7d, 0x9c, 0x75, 0x7c, 0x75,
    0x9c, 0x75, 0x9c, 0x75, 0xbc, 0x7d, 0xbc, 0x7d, 0xbc, 0x7d, 0x9c, 0x7d,
    0xbc, 0x7d, 0xbc, 0x7d, 0xbc, 0x7d, 0xbc, 0x7d, 0xbc, 0x7d, 0xbc, 0x85,
    0xbc, 0x7d, 0xbc, 0x7d, 0xbc, 0x7d, 0xbc, 0x7d, 0xbc, 0x7d, 0xdc, 0x85,
    0x3d, 0x96, 0x5d, 0x9e, 0x1d, 0x8e, 0xbc, 0x85, 0xbe, 0xb6, 0xdf, 0xf7,
    0xbf, 0xef, 0x9f, 0xef, 0x9f, 0xef, 0xbf, 0xe7, 0x9f, 0xef, 0x9f, 0xef,
    0xbf, 0xef, 0xbf, 0xef, 0x9f, 0xef, 0xbf, 0xef, 0xbf, 0xe7, 0x9f, 0xef,
    0x9f, 0xef, 0xbf, 0xe7, 0x9f, 0xef, 0x9f, 0xef, 0x9f, 0xe7, 0xbf, 0xef,
    0x9f, 0xef, 0xbf, 0xe7, 0x9f, 0xef, 0xbf, 0xef, 0xbf, 0xef, 0x9f, 0xef,
    0x9f, 0xef, 0xbf, 0xef, 0xbf, 0xef, 0x9f, 0xef, 0xbf, 0xef, 0xbf, 0xef,
    0xbf, 0xef, 0x9f, 0xef, 0xbf, 0xef, 0xbf, 0xef, 0xbf, 0xef, 0xbf, 0xef,
    0x9f, 0xef, 0xbf, 0xef, 0xbf, 0xef, 0xbf, 0xef, 0xbf, 0xef, 0xbf, 0xef,
    0xbf, 0xef, 0xbf, 0xef, 0x9f, 0xef, 0xbf, 0xef, 0xbf, 0xef, 0xbf, 0xef,
    0x9f, 0xef, 0xbf, 0xef, 0x9f, 0xef, 0xbf, 0xef, 0xbf, 0xf7, 0xbf, 0xef,
    0xbf, 0xef, 0xbf, 0xf7, 0xbf, 0xef, 0xbf, 0xef, 0xbf, 0xef, 0xbf, 0xf7,
    0xbf, 0xef, 0xbf, 0xef, 0x9f, 0xef, 0xbf, 0xf7, 0xbf, 0xf7, 0xbf, 0xef,
    0xbf, 0xef, 0xbf, 0xf7, 0xbf, 0xef, 0xbf, 0xef, 0xdf, 0xf7, 0xbf, 0xef,
    0xbf, 0xf7, 0xbf, 0xf7, 0xdf, 0xf7, 0xbf, 0xef, 0xbf, 0xef, 0xdf, 0xf7,
    0xbf, 0xf7, 0xdf, 0xf7, 0xdf, 0xef, 0xdf, 0xf7, 0xdf, 0xf7, 0xdf, 0xf7,
    0xbf, 0xef, 0xdf, 0xf7, 0xdf, 0xf7, 0xbf, 0xf7, 0xdf, 0xef, 0xbf, 0xf7,
    0xbf, 0xf7, 0xbf, 0xef, 0xdf, 0xf7, 0xbf, 0xf7, 0xbf, 0xf7, 0xdf, 0xef,
    0xbf, 0xf7, 0xdf, 0xf7, 0xbf, 0xf7, 0xdf, 0xf7, 0xdf, 0xf7, 0xdf, 0xf7,
    0xdf, 0xf7, 0xdf, 0xef, 0xdf, 0xf7, 0xbf, 0xf7, 0xdf, 0xf7, 0xdf, 0xf7,
    0xbf, 0xf7, 0xdf, 0xf7, 0xdf, 0xf7, 0xdf, 0xf7, 0xdf, 0xf7, 0x9f, 0xef,
    0x5f, 0xd7, 0x5f, 0xd7, 0x5f, 0xd7, 0x3f, 0xd7, 0x9f, 0xe7, 0xdf, 0xf7,
    0xdf, 0xf7, 0xdf, 0xf7, 0xbf, 0xf7, 0xdf, 0xf7, 0xdf, 0xf7, 0xdf, 0xf7,
    0xdf, 0xf7, 0x7f, 0xdf, 0x5f, 0xdf, 0x5f, 0xdf, 0x5f, 0xdf, 0x5f, 0xd7,
    0x9f, 0xe7, 0xff, 0xff, 0xbf, 0xef, 0x5f, 0xd7, 0x5f, 0xd7, 0x5f, 0xd7,
    0x5f, 0xd7, 0x5f, 0xd7, 0xbf, 0xef, 0xdf, 0xff, 0x9f, 0xef, 0x7f, 0xdf,
    0x7f, 0xdf, 0x7f, 0xdf, 0x5f, 0xdf, 0xbf, 0xef, 0xdf, 0xf7, 0x7f, 0xdf,
    0x5f, 0xdf, 0x5f, 0xd7, 0x1f, 0xcf, 0x1e, 0xc7, 0x1e, 0xc7, 0xff, 0xbe,
    0xfe, 0xbe, 0xbf, 0xef, 0xff, 0xff, 0xff, 0xff, 0xff, 0xff, 0xff, 0xff,
    0xff, 0xff, 0xff, 0xff, 0xff, 0xff, 0xff, 0xff, 0xff, 0xff, 0xdf, 0xf7,
    0x9f, 0xe7, 0x9f, 0xef, 0xbf, 0xef, 0xbf, 0xef, 0xbf, 0xef, 0xbf, 0xef,
    0xbf, 0xef, 0xbf, 0xef, 0xbf, 0xef, 0xbf, 0xef, 0xbf, 0xef, 0x9f, 0xef,
    0xbf, 0xef, 0x9f, 0xef, 0x9f, 0xe7, 0x9f, 0xef, 0x9f, 0xef, 0x9f, 0xef,
    0xbf, 0xe7, 0x9f, 0xe7, 0x9f, 0xef, 0x9f, 0xef, 0x9f, 0xe7, 0x9f, 0xef,
    0xbf, 0xe7, 0x9f, 0xef, 0x9f, 0xef, 0xbf, 0xe7, 0x9f, 0xef, 0xbf, 0xef,
    0xbf, 0xe7, 0xbf, 0xef, 0x9f, 0xef, 0x9f, 0xe7, 0xbf, 0xef, 0x9f, 0xef,
    0x9f, 0xef, 0x9f, 0xef, 0x9f, 0xe7, 0x9f, 0xef, 0x9f, 0xef, 0xbf, 0xef,
    0x3f, 0xd7, 0xfc, 0x8d, 0x9c, 0x7d, 0x9c, 0x75, 0x9c, 0x75, 0x9c, 0x7d,
    0x9c, 0x75, 0x9c, 0x75, 0xbc, 0x7d, 0x9c, 0x7d, 0x9c, 0x7d, 0xbc, 0x7d,
    0x9c, 0x7d, 0xbc, 0x7d, 0xbc, 0x7d, 0xbc, 0x7d, 0xbc, 0x7d, 0xbc, 0x7d,
    0xbc, 0x7d, 0xbc, 0x7d, 0xbc, 0x7d, 0xbc, 0x7d, 0xbc, 0x7d, 0xbc, 0x7d,
    0xbc, 0x7d, 0xfc, 0x8d, 0x5d, 0xa6, 0xfd, 0x8d, 0x7d, 0xae, 0xdf, 0xf7,
    0xbf, 0xe7, 0x9f, 0xef, 0xbf, 0xef, 0xbf, 0xef, 0x9f, 0xe7, 0x9f, 0xef,
    0xbf, 0xef, 0x9f, 0xe7, 0x9f, 0xef, 0xbf, 0xef, 0x9f, 0xef, 0x9f, 0xef,
    0xbf, 0xef, 0xbf, 0xe7, 0x9f, 0xe7, 0x9f, 0xef, 0xbf, 0xef, 0x9f, 0xef,
    0x9f, 0xef, 0xbf, 0xef, 0x9f, 0xef, 0xbf, 0xef, 0xbf, 0xef, 0xbf, 0xef,
    0xbf, 0xef, 0xbf, 0xe7, 0x9f, 0xef, 0x9f, 0xef, 0x9f, 0xef, 0xbf, 0xef,
    0xbf, 0xef, 0x9f, 0xef, 0x9f, 0xe7, 0xbf, 0xef, 0x9f, 0xef, 0xbf, 0xef,
    0xbf, 0xef, 0xbf, 0xef, 0xbf, 0xef, 0xbf, 0xef, 0x9f, 0xef, 0xbf, 0xef,
    0xbf, 0xef, 0xbf, 0xef, 0x9f, 0xef, 0xbf, 0xef, 0xbf, 0xef, 0xbf, 0xef,
    0xbf, 0xef, 0xbf, 0xef, 0xbf, 0xef, 0x9f, 0xef, 0xbf, 0xf7, 0xbf, 0xef,
    0xbf, 0xef, 0xbf, 0xef, 0xbf, 0xf7, 0xbf, 0xef, 0xbf, 0xf7, 0xbf, 0xef,
    0xbf, 0xf7, 0xbf, 0xef, 0xbf, 0xef, 0xbf, 0xf7, 0xbf, 0xf7, 0xbf, 0xef,
    0xbf, 0xef, 0xbf, 0xf7, 0xbf, 0xef, 0xbf, 0xef, 0xbf, 0xf7, 0xbf, 0xef,
    0xbf, 0xef, 0xbf, 0xef, 0xbf, 0xf7, 0xdf, 0xef, 0xbf, 0xf7, 0xbf, 0xf7,
    0xbf, 0xf7, 0xbf, 0xef, 0xbf, 0xf7, 0xbf, 0xf7, 0xbf, 0xef, 0xbf, 0xf7,
    0xbf, 0xf7, 0xbf, 0xef, 0xdf, 0xf7, 0xbf, 0xf7, 0xbf, 0xf7, 0xbf, 0xf7,
    0xbf, 0xf7, 0xbf, 0xf7, 0xbf, 0xf7, 0xdf, 0xf7, 0xdf, 0xef, 0xbf, 0xf7,
    0xdf, 0xf7, 0xbf, 0xf7, 0xbf, 0xf7, 0xbf, 0xef, 0xbf, 0xf7, 0xbf, 0xf7,
    0xdf, 0xf7, 0xbf, 0xf7, 0xbf, 0xf7, 0xdf, 0xf7, 0xdf, 0xf7, 0xbf, 0xf7,
    0xdf, 0xf7, 0xdf, 0xf7, 0xbf, 0xf7, 0xdf, 0xf7, 0xdf, 0xf7, 0x9f, 0xe7,
    0x3f, 0xd7, 0x5f, 0xd7, 0x5f, 0xd7, 0x5f, 0xd7, 0x9f, 0xe7, 0xdf, 0xff,
    0xdf, 0xf7, 0xdf, 0xff, 0xdf, 0xf7, 0xdf, 0xf7, 0xdf, 0xff, 0xdf, 0xff,
    0xdf, 0xf7, 0x7f, 0xe7, 0x5f, 0xd7, 0x5f, 0xdf, 0x7f, 0xdf, 0x5f, 0xd7,
    0x9f, 0xe7, 0xff, 0xff, 0xbf, 0xef, 0x3f, 0xd7, 0x5f, 0xd7, 0x5f, 0xd7,
    0x5f, 0xd7, 0x3f, 0xd7, 0xbf, 0xef, 0xff, 0xff, 0xbf, 0xef, 0x5f, 0xdf,
    0x7f, 0xdf, 0x7f, 0xdf, 0x7f, 0xdf, 0xbf, 0xf7, 0x9f, 0xef, 0x3f, 0xcf,
    0x1f, 0xc7, 0xfe, 0xc6, 0xfe, 0xc6, 0x1f, 0xc7, 0xff, 0xc6, 0xff, 0xc6,
    0xff, 0xbe, 0xbf, 0xf7, 0xff, 0xff, 0xff, 0xff, 0xff, 0xff, 0xff, 0xff,
    0xff, 0xff, 0xff, 0xff, 0xff, 0xff, 0xff, 0xff, 0xff, 0xff, 0x7f, 0xe7,
    0xdf, 0xbe, 0xff, 0xc6, 0xfe, 0xc6, 0x3f, 0xcf, 0x5f, 0xd7, 0x5f, 0xdf,
    0x7f, 0xdf, 0x9f, 0xe7, 0xbf, 0xef, 0xbf, 0xef, 0xbf, 0xef, 0xbf, 0xef,
    0xbf, 0xe7, 0xbf, 0xef, 0xbf, 0xef, 0x9f, 0xef, 0x9f, 0xe7, 0x9f, 0xef,
    0x9f, 0xef, 0xbf, 0xe7, 0x9f, 0xef, 0x9f, 0xef, 0xbf, 0xef, 0x9f, 0xef,
    0x9f, 0xef, 0x9f, 0xef, 0xbf, 0xef, 0x9f, 0xe7, 0x9f, 0xe7, 0x9f, 0xef,
    0x9f, 0xef, 0x9f, 0xef, 0x9f, 0xe7, 0x9f, 0xef, 0xbf, 0xe7, 0x9f, 0xef,
    0x9f, 0xe7, 0xbf, 0xef, 0x9f, 0xef, 0x9f, 0xe7, 0x9f, 0xef, 0x9f, 0xef,
    0xdf, 0xf7, 0x5d, 0xa6, 0x7b, 0x6d, 0x9c, 0x75, 0x9b, 0x75, 0x9b, 0x75,
    0x9c, 0x75, 0x9c, 0x7d, 0x9c, 0x75, 0x9c, 0x75, 0x9c, 0x75, 0xbc, 0x75,
    0x9c, 0x7d, 0x9c, 0x7d, 0xbc, 0x7d, 0x9c, 0x7d, 0xbc, 0x7d, 0xbc, 0x7d,
    0xbc, 0x7d, 0xbc, 0x7d, 0xbc, 0x7d, 0xbc, 0x7d, 0xbc, 0x7d, 0xbc, 0x85,
    0xbc, 0x85, 0x9c, 0x7d, 0x9c, 0x7d, 0x3c, 0x96, 0x1e, 0xcf, 0xbf, 0xef,
    0x9f, 0xef, 0xbf, 0xef, 0x9f, 0xef, 0xbf, 0xef, 0xbf, 0xef, 0x9f, 0xef,
    0x9f, 0xe7, 0x9f, 0xef, 0xbf, 0xef, 0x9f, 0xe7, 0xbf, 0xef, 0x9f, 0xef,
    0x9f, 0xef, 0xbf, 0xef, 0x9f, 0xef, 0x9f, 0xef, 0xbf, 0xe7, 0xbf, 0xef,
    0x9f, 0xef, 0xbf, 0xef, 0xbf, 0xef, 0xbf, 0xef, 0xbf, 0xef, 0xbf, 0xef,
    0xbf, 0xef, 0xbf, 0xef, 0xbf, 0xef, 0xbf, 0xef, 0x9f, 0xe7, 0x9f, 0xe7,
    0x9f, 0xe7, 0x7f, 0xdf, 0x7f, 0xe7, 0x7f, 0xdf, 0x7f, 0xdf, 0x7f, 0xe7,
    0x7f, 0xe7, 0x9f, 0xe7, 0x9f, 0xef, 0xbf, 0xef, 0xbf, 0xef, 0xbf, 0xef,
    0xbf, 0xef, 0xbf, 0xef, 0xbf, 0xef, 0x9f, 0xef, 0xbf, 0xef, 0xbf, 0xef,
    0xbf, 0xf7, 0xbf, 0xef, 0xbf, 0xef, 0xbf, 0xef, 0x9f, 0xef, 0x9f, 0xef,
    0xbf, 0xef, 0x9f, 0xef, 0xbf, 0xef, 0xbf, 0xf7, 0xbf, 0xef, 0xbf, 0xef,
    0xbf, 0xf7, 0xbf, 0xef, 0xbf, 0xef, 0xbf, 0xf7, 0xbf, 0xef, 0xbf, 0xef,
    0xbf, 0xf7, 0xbf, 0xf7, 0xbf, 0xef, 0xbf, 0xf7, 0xbf, 0xf7, 0xbf, 0xef,
    0xdf, 0xf7, 0xbf, 0xf7, 0xbf, 0xef, 0xbf, 0xf7, 0xbf, 0xef, 0xbf, 0xf7,
    0xdf, 0xf7, 0xdf, 0xf7, 0xbf, 0xf7, 0xdf, 0xf7, 0xdf, 0xef, 0xbf, 0xf7,
    0xbf, 0xf7, 0xbf, 0xf7, 0xdf, 0xf7, 0xbf, 0xef, 0xbf, 0xf7, 0xdf, 0xf7,
    0xdf, 0xef, 0xdf, 0xf7, 0xbf, 0xf7, 0xbf, 0xf7, 0xdf, 0xf7, 0xbf, 0xf7,
    0xbf, 0xef, 0xdf, 0xf7, 0xdf, 0xf7, 0xdf, 0xf7, 0xdf, 0xf7, 0xdf, 0xf7,
    0xdf, 0xef, 0xdf, 0xf7, 0xbf, 0xf7, 0xdf, 0xf7, 0xdf, 0xf7, 0xbf, 0xf7,
    0xdf, 0xf7, 0xdf, 0xf7, 0xdf, 0xf7, 0xdf, 0xf7, 0xdf, 0xf7, 0x9f, 0xef,
    0x3f, 0xd7, 0x5f, 0xd7, 0x5f, 0xd7, 0x3f, 0xd7, 0x9f, 0xe7, 0xdf, 0xff,
    0xdf, 0xf7, 0x9f, 0xef, 0x9f, 0xef, 0x7f, 0xe7, 0x9f, 0xef, 0xbf, 0xf7,
    0xff, 0xff, 0x7f, 0xe7, 0x5f, 0xd7, 0x5f, 0xd7, 0x7f, 0xdf, 0x7f, 0xdf,
    0x9f, 0xe7, 0xff, 0xff, 0x9f, 0xef, 0x3f, 0xd7, 0x5f, 0xd7, 0x5f, 0xd7,
    0x5f, 0xdf, 0x5f, 0xd7, 0x9f, 0xef, 0xff, 0xff, 0xbf, 0xef, 0x5f, 0xdf,
    0x7f, 0xdf, 0x5f, 0xdf, 0x3f, 0xd7, 0x3f, 0xcf, 0x1f, 0xc7, 0xfe, 0xc6,
    0x1e, 0xc7, 0xff, 0xc6, 0x1f, 0xc7, 0xff, 0xc6, 0xfe, 0xbe, 0xfe, 0xc6,
    0xfe, 0xbe, 0xbf, 0xef, 0xff, 0xff, 0xff, 0xff, 0xff, 0xff, 0xff, 0xff,
    0xff, 0xff, 0xff, 0xff, 0xff, 0xff, 0xff, 0xff, 0xff, 0xff, 0x7f, 0xdf,
    0xde, 0xb6, 0xdf, 0xbe, 0xde, 0xb6, 0xde, 0xb6, 0xdf, 0xbe, 0xdf, 0xbe,
    0xfe, 0xbe, 0xff, 0xbe, 0x1f, 0xcf, 0x3f, 0xd7, 0x7f, 0xdf, 0x9f, 0xe7,
    0xbf, 0xef, 0xbf, 0xef, 0xbf, 0xef, 0x9f, 0xe7, 0x9f, 0xef, 0x9f, 0xef,
    0x9f, 0xe7, 0x9f, 0xef, 0xbf, 0xe7, 0x9f, 0xef, 0x9f, 0xe7, 0x9f, 0xef,
    0x9f, 0xe7, 0x9f, 0xef, 0x9f, 0xef, 0x9f, 0xe7, 0xbf, 0xef, 0x9f, 0xef,
    0x9f, 0xef, 0x9f, 0xe7, 0xbf, 0xef, 0x9f, 0xe7, 0x9f, 0xef, 0x9f, 0xe7,
    0xbf, 0xef, 0x9f, 0xef, 0x9f, 0xe7, 0xbf, 0xe7, 0x9f, 0xe7, 0xbf, 0xef,
    0x9f, 0xe7, 0xbc, 0x85, 0x5b, 0x6d, 0x7c, 0x75, 0x9c, 0x75, 0x9c, 0x75,
    0x9b, 0x75, 0x9c, 0x75, 0x9b, 0x75, 0x9b, 0x75, 0x9c, 0x75, 0x9c, 0x7d,
    0xbc, 0x75, 0xbc, 0x75, 0x9c, 0x75, 0x9c, 0x7d, 0xbc, 0x7d, 0x9c, 0x7d,
    0xbc, 0x7d, 0xbc, 0x7d, 0xbc, 0x7d, 0xbc, 0x7d, 0xbc, 0x7d, 0xbc, 0x7d,
    0xbc, 0x7d, 0xbc, 0x7d, 0x9b, 0x75, 0xfc, 0x8d, 0xbf, 0xef, 0xbf, 0xef,
    0x9f, 0xef, 0x9f, 0xef, 0xbf, 0xe7, 0x9f, 0xe7, 0x9f, 0xef, 0x9f, 0xef,
    0x9f, 0xef, 0xbf, 0xef, 0x9f, 0xef, 0x9f, 0xe7, 0x9f, 0xef, 0xbf, 0xe7,
    0x9f, 0xef, 0x9f, 0xef, 0xbf, 0xef, 0x9f, 0xef, 0xbf, 0xef, 0x9f, 0xe7,
    0xbf, 0xef, 0x9f, 0xef, 0xbf, 0xef, 0xbf, 0xef, 0xbf, 0xef, 0xbf, 0xef,
    0xbf, 0xef, 0x9f, 0xe7, 0x9f, 0xe7, 0x7f, 0xdf, 0x7f, 0xdf, 0x7f, 0xdf,
    0x7f, 0xdf, 0x7f, 0xe7, 0x7f, 0xe7, 0x7f, 0xdf, 0x7f, 0xdf, 0x7f, 0xdf,
    0x7f, 0xe7, 0x7f, 0xdf, 0x7f, 0xe7, 0x9f, 0xe7, 0x9f, 0xef, 0xbf, 0xef,
    0xbf, 0xef, 0xbf, 0xef, 0xbf, 0xef, 0xbf, 0xef, 0xbf, 0xf7, 0xbf, 0xef,
    0xbf, 0xef, 0xbf, 0xf7, 0x9f, 0xef, 0xbf, 0xef, 0xbf, 0xef, 0xbf, 0xf7,
    0xbf, 0xef, 0xbf, 0xef, 0xbf, 0xf7, 0xbf, 0xef, 0xbf, 0xef, 0xbf, 0xf7,
    0xbf, 0xef, 0xbf, 0xf7, 0xbf, 0xef, 0xbf, 0xef, 0xbf, 0xf7, 0xbf, 0xef,
    0xbf, 0xf7, 0xbf, 0xef, 0xbf, 0xf7, 0xdf, 0xef, 0xbf, 0xef, 0xbf, 0xf7,
    0xbf, 0xef, 0xdf, 0xf7, 0xbf, 0xef, 0xbf, 0xef, 0xbf, 0xf7, 0xdf, 0xef,
    0xbf, 0xef, 0xbf, 0xf7, 0xbf, 0xf7, 0xbf, 0xef, 0xdf, 0xf7, 0xdf, 0xef,
    0xbf, 0xf7, 0xbf, 0xf7, 0xdf, 0xef, 0xbf, 0xf7, 0xbf, 0xf7, 0xdf, 0xf7,
    0xbf, 0xf7, 0xdf, 0xf7, 0xbf, 0xef, 0xdf, 0xf7, 0xbf, 0xf7, 0xbf, 0xf7,
    0xdf, 0xf7, 0xdf, 0xf7, 0xbf, 0xf7, 0xdf, 0xf7, 0xdf, 0xf7, 0xdf, 0xf7,
    0xdf, 0xf7, 0xdf, 0xf7, 0xdf, 0xf7, 0xbf, 0xf7, 0xbf, 0xf7, 0xdf, 0xf7,
    0xdf, 0xf7, 0xbf, 0xf7, 0xdf, 0xf7, 0xdf, 0xf7, 0xdf, 0xf7, 0x9f, 0xe7,
    0x5f, 0xd7, 0x5f, 0xd7, 0x5f, 0xdf, 0x5f, 0xd7, 0x9f, 0xe7, 0xdf, 0xff,
    0xbf, 0xef, 0x5f, 0xd7, 0x5f, 0xdf, 0x5f, 0xdf, 0x5f, 0xd7, 0x9f, 0xe7,
    0xff, 0xff, 0x9f, 0xe7, 0x5f, 0xd7, 0x5f, 0xdf, 0x5f, 0xdf, 0x5f, 0xdf,
    0x9f, 0xe7, 0xdf, 0xf7, 0x7f, 0xe7, 0x3e, 0xd7, 0x5f, 0xd7, 0x5f, 0xdf,
    0x5f, 0xdf, 0x5f, 0xd7, 0x9f, 0xe7, 0xdf, 0xf7, 0x9f, 0xef, 0x3f, 0xcf,
    0x1e, 0xcf, 0x1f, 0xc7, 0xfe, 0xc6, 0x1e, 0xc7, 0xff, 0xc6, 0xff, 0xc6,
    0x1e, 0xc7, 0xff, 0xc6, 0xff, 0xbe, 0xfe, 0xc6, 0xfe, 0xc6, 0xff, 0xbe,
    0xff, 0xbe, 0xbf, 0xf7, 0xff, 0xff, 0xff, 0xff, 0xff, 0xff, 0xff, 0xff,
    0xff, 0xff, 0xff, 0xff, 0xff, 0xff, 0xff, 0xff, 0xff, 0xff, 0x7f, 0xe7,
    0xde, 0xb6, 0xff, 0xbe, 0xff, 0xbe, 0xfe, 0xbe, 0xde, 0xbe, 0xff, 0xbe,
    0xff, 0xbe, 0xfe, 0xbe, 0xdf, 0xbe, 0xdf, 0xbe, 0xde, 0xbe, 0xfe, 0xbe,
    0xff, 0xc6, 0x5f, 0xd7, 0x9f, 0xe7, 0xbf, 0xef, 0xbf, 0xef, 0xbf, 0xef,
    0x9f, 0xef, 0xbf, 0xe7, 0x9f, 0xef, 0x9f, 0xef, 0x9f, 0xef, 0xbf, 0xef,
    0x9f, 0xe7, 0xbf, 0xef, 0x9f, 0xef, 0x9f, 0xef, 0xbf, 0xe7, 0x9f, 0xef,
    0x9f, 0xef, 0xbf, 0xe7, 0x9f, 0xef, 0x9f, 0xef, 0x9f, 0xe7, 0xbf, 0xef,
    0x9f, 0xef, 0x9f, 0xef, 0x9f, 0xef, 0x9f, 0xe7, 0x9f, 0xef, 0xbf, 0xef,
    0x3f, 0xd7, 0x5c, 0x6d, 0x7b, 0x6d, 0x7c, 0x75, 0x7c, 0x75, 0x9c, 0x75,
    0x9c, 0x75, 0x9c, 0x75, 0x9c, 0x75, 0x9c, 0x7d, 0x9b, 0x75, 0x9c, 0x75,
    0x9b, 0x7d, 0x9c, 0x75, 0x9c, 0x75, 0x9b, 0x7d, 0x9c, 0x7d, 0xbc, 0x7d,
    0x9c, 0x7d, 0xbc, 0x7d, 0xbc, 0x7d, 0x9c, 0x7d, 0xbc, 0x7d, 0xbc, 0x7d,
    0xbc, 0x7d, 0xbc, 0x7d, 0xbc, 0x7d, 0xdc, 0x8d, 0x7f, 0xdf, 0xbf, 0xef,
    0x9f, 0xef, 0x9f, 0xef, 0xbf, 0xef, 0xbf, 0xef, 0x9f, 0xef, 0x9f, 0xe7,
    0x9f, 0xef, 0x9f, 0xef, 0x9f, 0xe7, 0xbf, 0xef, 0xbf, 0xef, 0x9f, 0xef,
    0xbf, 0xe7, 0x9f, 0xef, 0xbf, 0xef, 0xbf, 0xef, 0x9f, 0xef, 0xbf, 0xef,
    0xbf, 0xef, 0xbf, 0xef, 0xbf, 0xef, 0x9f, 0xe7, 0x9f, 0xe7, 0x7f, 0xe7,
    0x7f, 0xdf, 0x7f, 0xdf, 0x7f, 0xdf, 0x7f, 0xe7, 0x7f, 0xe7, 0x7f, 0xe7,
    0x7f, 0xdf, 0x9f, 0xe7, 0x7f, 0xdf, 0x9f, 0xe7, 0x7f, 0xe7, 0x7f, 0xe7,
    0x9f, 0xdf, 0x7f, 0xe7, 0x7f, 0xe7, 0x7f, 0xe7, 0x7f, 0xe7, 0x9f, 0xe7,
    0x9f, 0xef, 0xbf, 0xef, 0xbf, 0xf7, 0xbf, 0xf7, 0xbf, 0xef, 0xbf, 0xef,
    0xbf, 0xef, 0xbf, 0xef, 0xbf, 0xef, 0xbf, 0xf7, 0xbf, 0xef, 0xbf, 0xf7,
    0xbf, 0xf7, 0xbf, 0xef, 0xbf, 0xf7, 0xbf, 0xef, 0xbf, 0xef, 0xbf, 0xf7,
    0xbf, 0xef, 0xbf, 0xef, 0xbf, 0xf7, 0xbf, 0xf7, 0xbf, 0xef, 0xbf, 0xf7,
    0xbf, 0xef, 0xbf, 0xf7, 0xbf, 0xf7, 0xbf, 0xef, 0xbf, 0xf7, 0xbf, 0xef,
    0xbf, 0xf7, 0xbf, 0xef, 0xbf, 0xef, 0xbf, 0xf7, 0xbf, 0xf7, 0xbf, 0xf7,
    0xbf, 0xef, 0xbf, 0xef, 0xbf, 0xf7, 0xdf, 0xf7, 0xbf, 0xf7, 0xbf, 0xf7,
    0xbf, 0xf7, 0xbf, 0xef, 0xdf, 0xf7, 0xdf, 0xf7, 0xbf, 0xef, 0xdf, 0xf7,
    0xbf, 0xf7, 0xbf, 0xf7, 0xdf, 0xf7, 0xdf, 0xf7, 0xbf, 0xef, 0xdf, 0xf7,
    0xbf, 0xf7, 0xbf, 0xf7, 0xdf, 0xf7, 0xbf, 0xef, 0xbf, 0xf7, 0xdf, 0xf7,
    0xbf, 0xf7, 0xdf, 0xf7, 0xdf, 0xf7, 0xdf, 0xf7, 0xdf, 0xf7, 0xdf, 0xf7,
    0xdf, 0xf7, 0xbf, 0xf7, 0xdf, 0xf7, 0xdf, 0xf7, 0xdf, 0xf7, 0x9f, 0xe7,
    0x3f, 0xd7, 0x5f, 0xd7, 0x5f, 0xdf, 0x3f, 0xd7, 0x9f, 0xe7, 0xdf, 0xf7,
    0xbf, 0xf7, 0x5f, 0xdf, 0x7f, 0xdf, 0x7f, 0xdf, 0x5f, 0xdf, 0x9f, 0xe7,
    0xff, 0xff, 0x7f, 0xe7, 0x5f, 0xdf, 0x7f, 0xdf, 0x7f, 0xdf, 0x5f, 0xdf,
    0x9f, 0xe7, 0xbf, 0xef, 0x9f, 0xe7, 0x5f, 0xd7, 0x5f, 0xdf, 0x5f, 0xdf,
    0x5f, 0xdf, 0x5f, 0xdf, 0x5f, 0xdf, 0x3f, 0xd7, 0x1f, 0xc7, 0xfe, 0xbe,
    0xff, 0xc6, 0xff, 0xc6, 0x1f, 0xc7, 0x1f, 0xc7, 0xff, 0xc6, 0xfe, 0xc6,
    0xff, 0xc6, 0x1f, 0xc7, 0xfe, 0xc6, 0xfe, 0xbe, 0xff, 0xc6, 0xff, 0xc6,
    0xff, 0xbe, 0xbf, 0xef, 0xff, 0xff, 0xff, 0xff, 0xff, 0xff, 0xff, 0xff,
    0xff, 0xff, 0xff, 0xff, 0xff, 0xff, 0xff, 0xff, 0xff, 0xff, 0x7f, 0xe7,
    0xde, 0xb6, 0xdf, 0xbe, 0xff, 0xbe, 0xff, 0xbe, 0xde, 0xbe, 0xde, 0xbe,
    0xff, 0xbe, 0xde, 0xbe, 0xff, 0xbe, 0xfe, 0xbe, 0xde, 0xbe, 0xdf, 0xbe,
    0xde, 0xbe, 0xde, 0xb6, 0xdf, 0xbe, 0x1f, 0xcf, 0x7f, 0xdf, 0x9f, 0xe7,
    0xbf, 0xef, 0xbf, 0xef, 0xbf, 0xef, 0xbf, 0xef, 0xbf, 0xef, 0x9f, 0xef,
    0x9f, 0xef, 0x9f, 0xe7, 0xbf, 0xef, 0x9f, 0xef, 0x9f, 0xe7, 0x9f, 0xef,
    0x9f, 0xe7, 0xbf, 0xef, 0x9f, 0xef, 0x9f, 0xe7, 0x9f, 0xef, 0x9f, 0xef,
    0x9f, 0xe7, 0x9f, 0xe7, 0x9f, 0xef, 0x9f, 0xef, 0xbf, 0xef, 0xdf, 0xef,
    0x1f, 0xcf, 0x5b, 0x65, 0x7b, 0x6d, 0x7b, 0x75, 0x7c, 0x75, 0x7b, 0x75,
    0x7c, 0x75, 0x7c, 0x75, 0x7b, 0x75, 0x9c, 0x75, 0x9c, 0x75, 0x9b, 0x75,
    0x9c, 0x75, 0x9c, 0x75, 0x9b, 0x75, 0x9b, 0x75, 0x9c, 0x75, 0x9c, 0x7d,
    0x9b, 0x7d, 0x9c, 0x7d, 0xbc, 0x7d, 0x9c, 0x7d, 0x9b, 0x7d, 0x9c, 0x7d,
    0xbc, 0x7d, 0xbc, 0x7d, 0xbc, 0x7d, 0x7b, 0x75, 0xfe, 0xc6, 0xbf, 0xef,
    0xbf, 0xef, 0x9f, 0xef, 0x9f, 0xe7, 0xbf, 0xef, 0x9f, 0xef, 0xbf, 0xef,
    0xbf, 0xef, 0x9f, 0xe7, 0xbf, 0xef, 0xbf, 0xef, 0x9f, 0xef, 0x9f, 0xef,
    0xbf, 0xef, 0x9f, 0xef, 0x9f, 0xef, 0xbf, 0xef, 0x9f, 0xef, 0xbf, 0xef,
    0x9f, 0xef, 0x9f, 0xe7, 0x7f, 0xe7, 0x7f, 0xdf, 0x7f, 0xdf, 0x7f, 0xe7,
    0x7f, 0xdf, 0x7f, 0xe7, 0x7f, 0xdf, 0x7f, 0xdf, 0x7f, 0xe7, 0x7f, 0xdf,
    0x7f, 0xe7, 0x7f, 0xdf, 0x7f, 0xdf, 0x7f, 0xe7, 0x7f, 0xdf, 0x7f, 0xdf,
    0x7f, 0xe7, 0x9f, 0xdf, 0x7f, 0xe7, 0x7f, 0xe7, 0x9f, 0xdf, 0x9f, 0xe7,
    0x9f, 0xe7, 0x7f, 0xe7, 0xbf, 0xef, 0xbf, 0xef, 0xbf, 0xef, 0xbf, 0xef,
    0xbf, 0xf7, 0x9f, 0xef, 0xbf, 0xef, 0xbf, 0xef, 0x9f, 0xef, 0xbf, 0xef,
    0x9f, 0xef, 0x9f, 0xef, 0xbf, 0xef, 0xbf, 0xef, 0xbf, 0xf7, 0xbf, 0xf7,
    0xbf, 0xf7, 0xbf, 0xef, 0xbf, 0xf7, 0xbf, 0xef, 0xbf, 0xf7, 0xbf, 0xef,
    0xbf, 0xef, 0xdf, 0xf7, 0xbf, 0xef, 0xbf, 0xf7, 0xbf, 0xf7, 0xbf, 0xef,
    0xbf, 0xf7, 0xbf, 0xef, 0xbf, 0xef, 0xdf, 0xf7, 0xbf, 0xef, 0xbf, 0xf7,
    0xdf, 0xf7, 0xbf, 0xf7, 0xbf, 0xf7, 0xbf, 0xef, 0xbf, 0xf7, 0xbf, 0xef,
    0xdf, 0xf7, 0xbf, 0xf7, 0xbf, 0xf7, 0xdf, 0xf7, 0xbf, 0xf7, 0xdf, 0xf7,
    0xdf, 0xf7, 0xbf, 0xf7, 0xdf, 0xf7, 0xbf, 0xf7, 0xdf, 0xf7, 0xdf, 0xf7,
    0xdf, 0xf7, 0x9f, 0xef, 0x7f, 0xdf, 0x7f, 0xe7, 0x9f, 0xe7, 0x7f, 0xdf,
    0xbf, 0xef, 0xdf, 0xf7, 0xdf, 0xf7, 0xdf, 0xf7, 0xdf, 0xf7, 0xdf, 0xf7,
    0xbf, 0xf7, 0xdf, 0xf7, 0xdf, 0xf7, 0xbf, 0xf7, 0xdf, 0xff, 0x9f, 0xe7,
    0x5f, 0xd7, 0x5f, 0xd7, 0x5f, 0xd7, 0x3f, 0xd7, 0x9f, 0xe7, 0xdf, 0xff,
    0xbf, 0xf7, 0x7f, 0xdf, 0x7f, 0xdf, 0x5f, 0xdf, 0x7f, 0xdf, 0x7f, 0xe7,
    0xbf, 0xef, 0x7f, 0xdf, 0x7f, 0xdf, 0x7f, 0xdf, 0x7f, 0xdf, 0x7f, 0xdf,
    0x7f, 0xdf, 0xbf, 0xef, 0x9f, 0xe7, 0x5f, 0xdf, 0x5f, 0xdf, 0x5f, 0xd7,
    0x3f, 0xcf, 0x1e, 0xc7, 0xff, 0xc6, 0xfe, 0xc6, 0xff, 0xc6, 0xfe, 0xc6,
    0xfe, 0xc6, 0xff, 0xc6, 0x1e, 0xc7, 0xff, 0xc6, 0xff, 0xc6, 0xfe, 0xc6,
    0xff, 0xc6, 0xff, 0xc6, 0xfe, 0xbe, 0xff, 0xc6, 0xfe, 0xbe, 0xfe, 0xc6,
    0xff, 0xbe, 0xbf, 0xef, 0xff, 0xff, 0xff, 0xff, 0xff, 0xff, 0xff, 0xff,
    0xff, 0xff, 0xff, 0xff, 0xff, 0xff, 0xff, 0xff, 0xff, 0xff, 0x7f, 0xe7,
    0xdf, 0xb6, 0xde, 0xbe, 0xdf, 0xbe, 0xff, 0xbe, 0xde, 0xbe, 0xff, 0xbe,
    0xdf, 0xbe, 0xde, 0xbe, 0xfe, 0xbe, 0xdf, 0xbe, 0xdf, 0xbe, 0xde, 0xbe,
    0xde, 0xbe, 0xff, 0xbe, 0xfe, 0xbe, 0xde, 0xbe, 0xde, 0xb6, 0xff, 0xbe,
    0x3f, 0xcf, 0x7f, 0xe7, 0xbf, 0xef, 0xbf, 0xef, 0x9f, 0xef, 0xbf, 0xef,
    0xbf, 0xef, 0x9f, 0xef, 0xbf, 0xef, 0x9f, 0xef, 0x9f, 0xef, 0x9f, 0xef,
    0x9f, 0xe7, 0x9f, 0xef, 0x9f, 0xef, 0xbf, 0xe7, 0x9f, 0xef, 0x9f, 0xe7,
    0xbf, 0xef, 0x9f, 0xef, 0x9f, 0xe7, 0x9f, 0xef, 0xbf, 0xe7, 0xdf, 0xf7,
    0xfe, 0xc6, 0x5b, 0x6d, 0x7c, 0x6d, 0x7c, 0x6d, 0x7b, 0x75, 0x7b, 0x75,
    0x7c, 0x75, 0x7b, 0x75, 0x9b, 0x75, 0x7c, 0x75, 0x7b, 0x75, 0x7c, 0x75,
    0x9c, 0x75, 0x9b, 0x75, 0x9c, 0x75, 0x9c, 0x7d, 0x9c, 0x75, 0x9c, 0x75,
    0x9c, 0x75, 0xbb, 0x7d, 0x9c, 0x75, 0x9c, 0x75, 0xbc, 0x7d, 0x9b, 0x75,
    0x9c, 0x7d, 0x9b, 0x7d, 0xbc, 0x7d, 0x7b, 0x6d, 0xbe, 0xbe, 0xdf, 0xf7,
    0xbf, 0xef, 0x9f, 0xef, 0x9f, 0xef, 0xbf, 0xef, 0x9f, 0xe7, 0xbf, 0xef,
    0xbf, 0xef, 0x9f, 0xef, 0x9f, 0xef, 0xbf, 0xef, 0x9f, 0xe7, 0x9f, 0xef,
    0xbf, 0xef, 0xbf, 0xef, 0x9f, 0xef, 0x9f, 0xe7, 0x9f, 0xe7, 0x7f, 0xe7,
    0x7f, 0xdf, 0x7f, 0xdf, 0x7f, 0xdf, 0x7f, 0xe7, 0x7f, 0xe7, 0x7f, 0xdf,
    0x7f, 0xdf, 0x7f, 0xe7, 0x7f, 0xe7, 0x7f, 0xdf, 0x7f, 0xdf, 0x7f, 0xe7,
    0x9f, 0xe7, 0x7f, 0xdf, 0x7f, 0xe7, 0x7f, 0xdf, 0x7f, 0xdf, 0x7f, 0xe7,
    0x7f, 0xdf, 0x7f, 0xdf, 0x7f, 0xe7, 0x7f, 0xdf, 0x7f, 0xe7, 0x7f, 0xe7,
    0x9f, 0xe7, 0x9f, 0xe7, 0x7f, 0xe7, 0x9f, 0xe7, 0x9f, 0xe7, 0x9f, 0xef,
    0x9f, 0xe7, 0x9f, 0xe7, 0x9f, 0xe7, 0x7f, 0xe7, 0x7f, 0xe7, 0x9f, 0xe7,
    0x7f, 0xe7, 0x7f, 0xe7, 0x9f, 0xe7, 0x9f, 0xe7, 0x9f, 0xe7, 0x9f, 0xef,
    0xbf, 0xef, 0xdf, 0xf7, 0xdf, 0xf7, 0xbf, 0xf7, 0xdf, 0xf7, 0xdf, 0xf7,
    0xbf, 0xf7, 0xbf, 0xef, 0xbf, 0xef, 0xbf, 0xf7, 0xbf, 0xf7, 0xdf, 0xef,
    0xbf, 0xf7, 0xbf, 0xf7, 0xbf, 0xf7, 0xbf, 0xef, 0xbf, 0xef, 0xbf, 0xf7,
    0xdf, 0xef, 0xbf, 0xf7, 0xbf, 0xef, 0xdf, 0xf7, 0xbf, 0xef, 0xbf, 0xf7,
    0xdf, 0xf7, 0xbf, 0xef, 0xbf, 0xf7, 0xdf, 0xf7, 0xbf, 0xef, 0xbf, 0xf7,
    0xdf, 0xf7, 0xbf, 0xef, 0xbf, 0xf7, 0xdf, 0xf7, 0xbf, 0xf7, 0xbf, 0xf7,
    0xdf, 0xf7, 0xbf, 0xe7, 0x5f, 0xdf, 0x7f, 0xdf, 0x7f, 0xdf, 0x5f, 0xdf,
    0x9f, 0xe7, 0xdf, 0xf7, 0xdf, 0xf7, 0xbf, 0xf7, 0xdf, 0xf7, 0xdf, 0xf7,
    0xdf, 0xf7, 0xdf, 0xf7, 0xdf, 0xf7, 0xdf, 0xf7, 0xdf, 0xf7, 0x9f, 0xe7,
    0x5f, 0xd7, 0x5f, 0xdf, 0x5f, 0xd7, 0x5f, 0xd7, 0x9f, 0xe7, 0xdf, 0xff,
    0xdf, 0xf7, 0x7f, 0xdf, 0x5f, 0xdf, 0x5f, 0xdf, 0x7f, 0xdf, 0x7f, 0xdf,
    0x9f, 0xe7, 0x7f, 0xdf, 0x7f, 0xdf, 0x7f, 0xdf, 0x7f, 0xdf, 0x7f, 0xdf,
    0x7f, 0xe7, 0xdf, 0xf7, 0x9f, 0xe7, 0x5f, 0xd7, 0x1e, 0xcf, 0xff, 0xc6,
    0xfe, 0xc6, 0x1f, 0xc7, 0x1f, 0xc7, 0xff, 0xc6, 0xfe, 0xc6, 0xff, 0xbe,
    0xff, 0xc6, 0xfe, 0xc6, 0xff, 0xc6, 0xfe, 0xc6, 0x1f, 0xc7, 0xfe, 0xc6,
    0xfe, 0xbe, 0xff, 0xc6, 0xff, 0xc6, 0xfe, 0xbe, 0xff, 0xc6, 0xff, 0xbe,
    0xfe, 0xbe, 0xbf, 0xf7, 0xff, 0xff, 0xff, 0xff, 0xff, 0xff, 0xff, 0xff,
    0xff, 0xff, 0xff, 0xff, 0xff, 0xff, 0xff, 0xff, 0xff, 0xff, 0x7f, 0xe7,
    0xde, 0xb6, 0xff, 0xbe, 0xfe, 0xbe, 0xde, 0xbe, 0xff, 0xbe, 0xff, 0xbe,
    0xdf, 0xbe, 0xdf, 0xbe, 0xde, 0xbe, 0xdf, 0xbe, 0xfe, 0xbe, 0xff, 0xbe,
    0xdf, 0xbe, 0xde, 0xbe, 0xff, 0xbe, 0xdf, 0xbe, 0xde, 0xbe, 0xde, 0xbe,
    0xde, 0xbe, 0xff, 0xbe, 0x1f, 0xcf, 0x7f, 0xe7, 0xbf, 0xef, 0xbf, 0xef,
    0xbf, 0xef, 0x9f, 0xef, 0xbf, 0xef, 0xbf, 0xe7, 0x9f, 0xef, 0xbf, 0xef,
    0x9f, 0xef, 0x9f, 0xe7, 0xbf, 0xef, 0x9f, 0xe7, 0x9f, 0xe7, 0xbf, 0xe7,
    0x9f, 0xef, 0x9f, 0xef, 0x9f, 0xe7, 0x9f, 0xef, 0x9f, 0xe7, 0xdf, 0xf7,
    0xfe, 0xc6, 0x5b, 0x65, 0x7b, 0x6d, 0x7c, 0x6d, 0x7c, 0x6d, 0x9b, 0x6d,
    0x7c, 0x6d, 0x9c, 0x75, 0x7c, 0x75, 0x7b, 0x75, 0x7c, 0x75, 0x7c, 0x75,
    0x7b, 0x75, 0x7c, 0x75, 0x9c, 0x75, 0x9b, 0x75, 0x9b, 0x75, 0x9c, 0x7d,
    0x9c, 0x75, 0x9c, 0x75, 0x9b, 0x75, 0x9c, 0x7d, 0x9c, 0x75, 0x9b, 0x75,
    0x9c, 0x75, 0xbc, 0x7d, 0x9c, 0x75, 0x7b, 0x75, 0xde, 0xbe, 0xdf, 0xf7,
    0xbf, 0xef, 0x9f, 0xef, 0xbf, 0xe7, 0x9f, 0xef, 0x9f, 0xef, 0x9f, 0xef,
    0x9f, 0xef, 0xbf, 0xef, 0x9f, 0xef, 0xbf, 0xef, 0xbf, 0xef, 0x9f, 0xe7,
    0x9f, 0xe7, 0x9f, 0xe7, 0x7f, 0xdf, 0x7f, 0xdf, 0x7f, 0xdf, 0x7f, 0xdf,
    0x7f, 0xdf, 0x7f, 0xe7, 0x7f, 0xdf, 0x7f, 0xdf, 0x7f, 0xe7, 0x7f, 0xdf,
    0x7f, 0xe7, 0x7f, 0xdf, 0x7f, 0xe7, 0x7f, 0xe7, 0x7f, 0xdf, 0x7f, 0xe7,
    0x7f, 0xe7, 0x9f, 0xdf, 0x7f, 0xdf, 0x7f, 0xe7, 0x7f, 0xdf, 0x7f, 0xe7,
    0x7f, 0xe7, 0x9f, 0xe7, 0x7f, 0xe7, 0x7f, 0xdf, 0x7f, 0xe7, 0x7f, 0xdf,
    0x7f, 0xe7, 0x7f, 0xe7, 0x9f, 0xe7, 0x7f, 0xe7, 0x7f, 0xe7, 0x7f, 0xe7,
    0x7f, 0xe7, 0x7f, 0xe7, 0x7f, 0xe7, 0x9f, 0xe7, 0x9f, 0xe7, 0x7f, 0xe7,
    0x9f, 0xe7, 0x7f, 0xe7, 0x7f, 0xe7, 0x9f, 0xe7, 0x9f, 0xe7, 0x9f, 0xe7,
    0x9f, 0xe7, 0xbf, 0xef, 0xbf, 0xf7, 0xbf, 0xf7, 0xdf, 0xef, 0xbf, 0xf7,
    0xbf, 0xf7, 0xbf, 0xf7, 0xdf, 0xef, 0xbf, 0xf7, 0xbf, 0xef, 0xbf, 0xef,
    0xbf, 0xf7, 0xbf, 0xf7, 0xbf, 0xf7, 0xbf, 0xf7, 0xbf, 0xf7, 0xbf, 0xef,
    0xbf, 0xf7, 0xbf, 0xef, 0xdf, 0xf7, 0xbf, 0xef, 0xbf, 0xf7, 0xbf, 0xf7,
    0xbf, 0xf7, 0xdf, 0xef, 0xbf, 0xf7, 0xdf, 0xf7, 0xbf, 0xf7, 0xbf, 0xf7,
    0xdf, 0xf7, 0xdf, 0xf7, 0xbf, 0xf7, 0xdf, 0xf7, 0xdf, 0xef, 0xbf, 0xf7,
    0xdf, 0xf7, 0xbf, 0xef, 0x7f, 0xdf, 0x7f, 0xdf, 0x7f, 0xdf, 0x5f, 0xdf,
    0xbf, 0xef, 0xdf, 0xf7, 0xdf, 0xf7, 0xbf, 0xf7, 0x7f, 0xe7, 0x7f, 0xe7,
    0x7f, 0xe7, 0x7f, 0xdf, 0xbf, 0xef, 0xdf, 0xf7, 0xdf, 0xff, 0x9f, 0xe7,
    0x5f, 0xd7, 0x5f, 0xdf, 0x5f, 0xdf, 0x5f, 0xd7, 0x7f, 0xe7, 0xbf, 0xef,
    0xdf, 0xf7, 0x7f, 0xdf, 0x7f, 0xdf, 0x5f, 0xdf, 0x7f, 0xdf, 0x7f, 0xe7,
    0x9f, 0xe7, 0x7f, 0xdf, 0x7f, 0xdf, 0x7f, 0xdf, 0x7f, 0xdf, 0x7f, 0xdf,
    0x7f, 0xdf, 0x7f, 0xdf, 0x3f, 0xcf, 0xfe, 0xc6, 0xff, 0xc6, 0xff, 0xc6,
    0xfe, 0xc6, 0xff, 0xc6, 0xff, 0xc6, 0xfe, 0xc6, 0xff, 0xbe, 0xff, 0xc6,
    0xff, 0xbe, 0xff, 0xc6, 0xfe, 0xc6, 0xff, 0xbe, 0xff, 0xc6, 0xff, 0xc6,
    0x1e, 0xbf, 0xfe, 0xbe, 0xff, 0xc6, 0xff, 0xbe, 0xff, 0xc6, 0xfe, 0xbe,
    0xff, 0xbe, 0xbf, 0xef, 0xff, 0xff, 0xff, 0xff, 0xff, 0xff, 0xff, 0xff,
    0xff, 0xff, 0xff, 0xff, 0xff, 0xff, 0xff, 0xff, 0xff, 0xff, 0x7f, 0xe7,
    0xde, 0xbe, 0xff, 0xbe, 0xdf, 0xbe, 0xde, 0xbe, 0xdf, 0xbe, 0xfe, 0xbe,
    0xde, 0xbe, 0xde, 0xbe, 0xff, 0xbe, 0xfe, 0xbe, 0xde, 0xbe, 0xdf, 0xbe,
    0xfe, 0xbe, 0xde, 0xbe, 0xdf, 0xbe, 0xff, 0xbe, 0xff, 0xbe, 0xde, 0xbe,
    0xdf, 0xbe, 0xfe, 0xbe, 0xde, 0xb6, 0xdf, 0xbe, 0x1f, 0xc7, 0x5f, 0xdf,
    0xbf, 0xef, 0xbf, 0xef, 0x9f, 0xef, 0xbf, 0xef, 0xbf, 0xe7, 0x9f, 0xef,
    0x9f, 0xef, 0xbf, 0xe7, 0x9f, 0xe7, 0x9f, 0xef, 0x9f, 0xef, 0x9f, 0xe7,
    0x9f, 0xe7, 0x9f, 0xef, 0xbf, 0xef, 0x9f, 0xe7, 0x9f, 0xef, 0xbf, 0xef,
    0x3f, 0xd7, 0x5b, 0x6d, 0x5b, 0x6d, 0x7c, 0x6d, 0x7b, 0x6d, 0x7c, 0x6d,
    0x7b, 0x75, 0x9b, 0x6d, 0x7c, 0x6d, 0x7c, 0x6d, 0x7b, 0x6d, 0x9b, 0x75,
    0x7c, 0x75, 0x7b, 0x75, 0x7c, 0x75, 0x7c, 0x75, 0x9b, 0x75, 0x9c, 0x75,
    0x9b, 0x75, 0x9c, 0x7d, 0x9c, 0x7d, 0x9c, 0x75, 0x9c, 0x75, 0x9c, 0x75,
    0x9c, 0x75, 0x9b, 0x75, 0x9c, 0x75, 0x7b, 0x75, 0x1e, 0xcf, 0xbf, 0xef,
    0x9f, 0xef, 0x9f, 0xe7, 0x9f, 0xef, 0xbf, 0xef, 0xbf, 0xef, 0x9f, 0xef,
    0xbf, 0xe7, 0x9f, 0xe7, 0x9f, 0xe7, 0x7f, 0xe7, 0x7f, 0xe7, 0x7f, 0xdf,
    0x7f, 0xdf, 0x7f, 0xdf, 0x7f, 0xdf, 0x7f, 0xe7, 0x7f, 0xe7, 0x7f, 0xdf,
    0x7f, 0xe7, 0x7f, 0xe7, 0x7f, 0xdf, 0x7f, 0xdf, 0x7f, 0xdf, 0x7f, 0xe7,
    0x7f, 0xe7, 0x7f, 0xdf, 0x7f, 0xdf, 0x7f, 0xe7, 0x7f, 0xdf, 0x7f, 0xdf,
    0x7f, 0xe7, 0x7f, 0xe7, 0x7f, 0xdf, 0x7f, 0xe7, 0x7f, 0xdf, 0x7f, 0xdf,
    0x7f, 0xdf, 0x9f, 0xdf, 0x7f, 0xe7, 0x9f, 0xe7, 0x7f, 0xdf, 0x7f, 0xe7,
    0x9f, 0xe7, 0x9f, 0xe7, 0x7f, 0xe7, 0x9f, 0xe7, 0x9f, 0xe7, 0x7f, 0xe7,
    0x9f, 0xe7, 0x9f, 0xe7, 0x7f, 0xe7, 0x9f, 0xe7, 0x7f, 0xe7, 0x9f, 0xe7,
    0x9f, 0xe7, 0x7f, 0xe7, 0x9f, 0xe7, 0x9f, 0xe7, 0x9f, 0xe7, 0x9f, 0xef,
    0x9f, 0xef, 0x9f, 0xe7, 0x9f, 0xe7, 0x9f, 0xef, 0xbf, 0xef, 0xdf, 0xf7,
    0xdf, 0xf7, 0xdf, 0xf7, 0xbf, 0xef, 0xbf, 0xf7, 0xbf, 0xf7, 0xbf, 0xef,
    0xbf, 0xef, 0xdf, 0xef, 0xdf, 0xef, 0xbf, 0xf7, 0xdf, 0xf7, 0xbf, 0xf7,
    0xbf, 0xf7, 0xbf, 0xf7, 0xbf, 0xf7, 0xbf, 0xf7, 0xdf, 0xef, 0xbf, 0xf7,
    0xbf, 0xf7, 0xbf, 0xf7, 0xbf, 0xef, 0xbf, 0xf7, 0xdf, 0xf7, 0xdf, 0xef,
    0xbf, 0xf7, 0xdf, 0xf7, 0xbf, 0xf7, 0xbf, 0xef, 0xdf, 0xf7, 0xdf, 0xf7,
    0xdf, 0xf7, 0x9f, 0xef, 0x7f, 0xdf, 0x7f, 0xdf, 0x7f, 0xdf, 0x7f, 0xdf,
    0x9f, 0xef, 0xdf, 0xff, 0xdf, 0xf7, 0xdf, 0xf7, 0x7f, 0xdf, 0x5f, 0xdf,
    0x7f, 0xdf, 0x5f, 0xdf, 0x9f, 0xef, 0xdf, 0xf7, 0xdf, 0xff, 0x9f, 0xe7,
    0x5f, 0xd7, 0x5f, 0xd7, 0x5f, 0xdf, 0x5f, 0xd7, 0x7f, 0xdf, 0x9f, 0xe7,
    0xbf, 0xef, 0x7f, 0xdf, 0x5f, 0xdf, 0x7f, 0xdf, 0x7f, 0xdf, 0x7f, 0xe7,
    0x9f, 0xe7, 0x7f, 0xe7, 0x7f, 0xdf, 0x7f, 0xdf, 0x5f, 0xdf, 0x3f, 0xd7,
    0x1f, 0xcf, 0xfe, 0xc6, 0xfe, 0xc6, 0x1f, 0xc7, 0x1f, 0xc7, 0xfe, 0xc6,
    0x1f, 0xc7, 0xfe, 0xc6, 0xff, 0xbe, 0xfe, 0xc6, 0xff, 0xc6, 0xfe, 0xbe,
    0xfe, 0xc6, 0xff, 0xc6, 0xff, 0xbe, 0xfe, 0xbe, 0xff, 0xc6, 0xff, 0xc6,
    0xff, 0xc6, 0xff, 0xbe, 0xfe, 0xbe, 0xff, 0xc6, 0xfe, 0xbe, 0xfe, 0xbe,
    0xdf, 0xbe, 0xbf, 0xf7, 0xff, 0xff, 0xff, 0xff, 0xff, 0xff, 0xff, 0xff,
    0xff, 0xff, 0xff, 0xff, 0xff, 0xff, 0xff, 0xff, 0xff, 0xff, 0x7f, 0xdf,
    0xde, 0xb6, 0xdf, 0xbe, 0xde, 0xbe, 0xdf, 0xbe, 0xde, 0xbe, 0xdf, 0xbe,
    0xde, 0xbe, 0xdf, 0xb6, 0xdf, 0xbe, 0xde, 0xbe, 0xdf, 0xb6, 0xdf, 0xbe,
    0xde, 0xbe, 0xdf, 0xbe, 0xde, 0xbe, 0xfe, 0xbe, 0xff, 0xbe, 0xdf, 0xbe,
    0xfe, 0xbe, 0xff, 0xbe, 0xde, 0xbe, 0xfe, 0xbe, 0xdf, 0xbe, 0xde, 0xbe,
    0x1f, 0xc7, 0x5f, 0xdf, 0x9f, 0xef, 0xbf, 0xef, 0x9f, 0xef, 0xbf, 0xef,
    0x9f, 0xef, 0x9f, 0xef, 0x9f, 0xef, 0xbf, 0xef, 0x9f, 0xef, 0x9f, 0xe7,
    0x9f, 0xe7, 0x9f, 0xef, 0xbf, 0xef, 0x9f, 0xe7, 0xbf, 0xef, 0xbf, 0xef,
    0x7f, 0xe7, 0x9c, 0x75, 0x7c, 0x6d, 0x7b, 0x75, 0x7c, 0x6d, 0x7b, 0x6d,
    0x7c, 0x75, 0x7b, 0x75, 0x7c, 0x75, 0x9c, 0x75, 0x7b, 0x6d, 0x7b, 0x6d,
    0x9c, 0x75, 0x7c, 0x75, 0x7b, 0x75, 0x7b, 0x75, 0x9c, 0x75, 0x7c, 0x75,
    0x9b, 0x75, 0x9b, 0x75, 0x9c, 0x75, 0x9b, 0x75, 0x9b, 0x75, 0x9c, 0x75,
    0x9b, 0x75, 0x9b, 0x75, 0x7b, 0x6d, 0xfc, 0x8d, 0x7f, 0xdf, 0x7f, 0xe7,
    0x7f, 0xdf, 0x7f, 0xdf, 0x7f, 0xdf, 0x7f, 0xdf, 0x9f, 0xe7, 0x7f, 0xdf,
    0x7f, 0xdf, 0x7f, 0xdf, 0x7f, 0xdf, 0x7f, 0xdf, 0x7f, 0xdf, 0x7f, 0xdf,
    0x7f, 0xdf, 0x7f, 0xdf, 0x7f, 0xe7, 0x7f, 0xe7, 0x7f, 0xdf, 0x7f, 0xdf,
    0x7f, 0xe7, 0x7f, 0xe7, 0x7f, 0xe7, 0x7f, 0xe7, 0x7f, 0xdf, 0x7f, 0xe7,
    0x7f, 0xdf, 0x7f, 0xdf, 0x7f, 0xe7, 0x7f, 0xdf, 0x7f, 0xdf, 0x7f, 0xe7,
    0x7f, 0xdf, 0x7f, 0xdf, 0x7f, 0xe7, 0x7f, 0xdf, 0x7f, 0xdf, 0x7f, 0xe7,
    0x7f, 0xe7, 0x7f, 0xdf, 0x7f, 0xe7, 0x9f, 0xe7, 0x9f, 0xe7, 0x7f, 0xe7,
    0x7f, 0xdf, 0x9f, 0xdf, 0x7f, 0xe7, 0x9f, 0xe7, 0x7f, 0xdf, 0x7f, 0xe7,
    0x9f, 0xe7, 0x7f, 0xe7, 0x9f, 0xe7, 0x7f, 0xe7, 0x7f, 0xe7, 0x9f, 0xe7,
    0x7f, 0xe7, 0x9f, 0xe7, 0x9f, 0xe7, 0x9f, 0xe7, 0x9f, 0xe7, 0x9f, 0xef,
    0x9f, 0xef, 0x9f, 0xe7, 0x9f, 0xe7, 0x9f, 0xe7, 0x9f, 0xe7, 0x9f, 0xef,
    0xbf, 0xef, 0xbf, 0xf7, 0xdf, 0xf7, 0xdf, 0xf7, 0xdf, 0xf7, 0xdf, 0xf7,
    0xbf, 0xf7, 0xbf, 0xf7, 0xbf, 0xef, 0xbf, 0xef, 0xbf, 0xf7, 0xdf, 0xef,
    0xbf, 0xef, 0xdf, 0xf7, 0xbf, 0xf7, 0xbf, 0xf7, 0xdf, 0xf7, 0xdf, 0xef,
    0xdf, 0xf7, 0xbf, 0xf7, 0xdf, 0xf7, 0xbf, 0xef, 0xdf, 0xf7, 0xbf, 0xf7,
    0xbf, 0xf7, 0xbf, 0xef, 0x9f, 0xdf, 0x7f, 0xdf, 0x7f, 0xe7, 0xdf, 0xf7,
    0xdf, 0xf7, 0x9f, 0xef, 0x7f, 0xdf, 0x7f, 0xe7, 0x7f, 0xdf, 0x7f, 0xdf,
    0xbf, 0xef, 0xdf, 0xff, 0xdf, 0xf7, 0xdf, 0xf7, 0x7f, 0xdf, 0x7f, 0xdf,
    0x7f, 0xdf, 0x7f, 0xdf, 0xbf, 0xef, 0xdf, 0xff, 0xdf, 0xf7, 0x9f, 0xe7,
    0x5f, 0xd7, 0x5f, 0xdf, 0x5f, 0xd7, 0x5f, 0xd7, 0x7f, 0xdf, 0x9f, 0xe7,
    0x9f, 0xef, 0x7f, 0xe7, 0x7f, 0xdf, 0x7f, 0xdf, 0x7f, 0xdf, 0x7f, 0xe7,
    0xbf, 0xef, 0x7f, 0xe7, 0x5f, 0xd7, 0x1f, 0xcf, 0xfe, 0xc6, 0x1f, 0xc7,
    0x1f, 0xc7, 0x1e, 0xc7, 0xff, 0xc6, 0xff, 0xc6, 0xfe, 0xc6, 0xff, 0xc6,
    0xff, 0xc6, 0x1f, 0xc7, 0xfe, 0xc6, 0xff, 0xc6, 0xff, 0xbe, 0xfe, 0xc6,
    0x1f, 0xc7, 0xff, 0xbe, 0xfe, 0xc6, 0x1e, 0xc7, 0xff, 0xbe, 0xfe, 0xbe,
    0xfe, 0xc6, 0xff, 0xc6, 0xff, 0xc6, 0xfe, 0xc6, 0xff, 0xbe, 0xff, 0xbe,
    0xff, 0xbe, 0xbf, 0xef, 0xff, 0xff, 0xff, 0xff, 0xff, 0xff, 0xff, 0xff,
    0xff, 0xff, 0xff, 0xff, 0xff, 0xff, 0xff, 0xff, 0xff, 0xff, 0x7f, 0xe7,
    0xde, 0xb6, 0xde, 0xbe, 0xdf, 0xbe, 0xfe, 0xbe, 0xdf, 0xbe, 0xdf, 0xbe,
    0xfe, 0xbe, 0xdf, 0xbe, 0xde, 0xbe, 0xde, 0xbe, 0xde, 0xbe, 0xff, 0xbe,
    0xdf, 0xbe, 0xde, 0xb6, 0xdf, 0xbe, 0xde, 0xbe, 0xde, 0xbe, 0xff, 0xbe,
    0xde, 0xbe, 0xdf, 0xbe, 0xfe, 0xbe, 0xde, 0xbe, 0xff, 0xbe, 0xfe, 0xbe,
    0xde, 0xbe, 0xdf, 0xbe, 0xff, 0xc6, 0x5f, 0xd7, 0x9f, 0xe7, 0xbf, 0xef,
    0xbf, 0xef, 0xbf, 0xef, 0xbf, 0xef, 0xbf, 0xef, 0xbf, 0xef, 0xbf, 0xef,
    0xbf, 0xef, 0xbf, 0xef, 0x9f, 0xef, 0xbf, 0xef, 0xbf, 0xef, 0xbf, 0xef,
    0x9f, 0xe7, 0xdc, 0x85, 0x5b, 0x65, 0x7c, 0x6d, 0x7b, 0x6d, 0x7b, 0x6d,
    0x7c, 0x6d, 0x7b, 0x75, 0x7b, 0x6d, 0x9c, 0x75, 0x7c, 0x75, 0x7b, 0x6d,
    0x9b, 0x75, 0x9c, 0x75, 0x9b, 0x75, 0x7c, 0x75, 0x9c, 0x75, 0x7c, 0x75,
    0x9c, 0x75, 0x9c, 0x75, 0x9b, 0x75, 0x9c, 0x75, 0x9c, 0x75, 0x9b, 0x75,
    0x7b, 0x75, 0x5b, 0x6d, 0xbc, 0x7d, 0x1f, 0xcf, 0x9f, 0xe7, 0x7f, 0xdf,
    0x7f, 0xdf, 0x7f, 0xdf, 0x7f, 0xdf, 0x7f, 0xdf, 0x7f, 0xdf, 0x7f, 0xdf,
    0x7f, 0xdf, 0x7f, 0xdf, 0x7f, 0xdf, 0x7f, 0xdf, 0x7f, 0xdf, 0x7f, 0xdf,
    0x7f, 0xe7, 0x7f, 0xdf, 0x7f, 0xdf, 0x7f, 0xe7, 0x7f, 0xdf, 0x9f, 0xe7,
    0x7f, 0xdf, 0x7f, 0xdf, 0x7f, 0xe7, 0x7f, 0xdf, 0x7f, 0xe7, 0x7f, 0xdf,
    0x7f, 0xe7, 0x7f, 0xe7, 0x7f, 0xdf, 0x7f, 0xdf, 0x7f, 0xe7, 0x7f, 0xe7,
    0x7f, 0xdf, 0x7f, 0xe7, 0x9f, 0xe7, 0x7f, 0xdf, 0x9f, 0xe7, 0x7f, 0xe7,
    0x7f, 0xe7, 0x7f, 0xdf, 0x7f, 0xe7, 0x7f, 0xdf, 0x7f, 0xe7, 0x9f, 0xe7,
    0x7f, 0xdf, 0x7f, 0xe7, 0x7f, 0xdf, 0x7f, 0xe7, 0x7f, 0xe7, 0x7f, 0xdf,
    0x9f, 0xe7, 0x7f, 0xe7, 0x9f, 0xe7, 0x9f, 0xe7, 0x7f, 0xe7, 0x7f, 0xe7,
    0x7f, 0xe7, 0x7f, 0xe7, 0x9f, 0xe7, 0x9f, 0xe7, 0x7f, 0xe7, 0x9f, 0xe7,
    0x9f, 0xe7, 0x9f, 0xe7, 0x9f, 0xef, 0x9f, 0xef, 0x9f, 0xe7, 0x9f, 0xe7,
    0x9f, 0xe7, 0x9f, 0xef, 0xbf, 0xef, 0xbf, 0xef, 0xdf, 0xf7, 0xdf, 0xf7,
    0xdf, 0xf7, 0xdf, 0xf7, 0xdf, 0xf7, 0xbf, 0xf7, 0xdf, 0xf7, 0xdf, 0xef,
    0xbf, 0xf7, 0xbf, 0xef, 0xbf, 0xf7, 0xdf, 0xf7, 0xdf, 0xef, 0xbf, 0xf7,
    0xdf, 0xf7, 0xdf, 0xf7, 0xbf, 0xf7, 0xbf, 0xf7, 0xdf, 0xf7, 0xbf, 0xf7,
    0xdf, 0xf7, 0xbf, 0xef, 0x5f, 0xdf, 0x7f, 0xdf, 0x7f, 0xdf, 0xdf, 0xf7,
    0xdf, 0xf7, 0x9f, 0xef, 0x7f, 0xdf, 0x7f, 0xdf, 0x7f, 0xe7, 0x7f, 0xdf,
    0x9f, 0xef, 0xdf, 0xf7, 0xdf, 0xf7, 0xdf, 0xf7, 0x7f, 0xdf, 0x7f, 0xdf,
    0x7f, 0xdf, 0x5f, 0xdf, 0x9f, 0xef, 0xbf, 0xef, 0x9f, 0xef, 0x9f, 0xe7,
    0x5f, 0xd7, 0x5f, 0xdf, 0x5f, 0xdf, 0x5f, 0xd7, 0x7f, 0xdf, 0x9f, 0xe7,
    0x9f, 0xe7, 0x7f, 0xe7, 0x7f, 0xdf, 0x7f, 0xdf, 0x7f, 0xe7, 0x9f, 0xe7,
    0x7f, 0xdf, 0x3f, 0xcf, 0xfe, 0xc6, 0x1e, 0xc7, 0xff, 0xc6, 0x1e, 0xc7,
    0xff, 0xc6, 0x1f, 0xc7, 0xff, 0xc6, 0xff, 0xc6, 0xfe, 0xc6, 0xff, 0xbe,
    0xff, 0xc6, 0x1e, 0xc7, 0xff, 0xc6, 0xfe, 0xc6, 0x1f, 0xbf, 0xff, 0xc6,
    0xfe, 0xc6, 0xff, 0xbe, 0xfe, 0xc6, 0xff, 0xc6, 0xff, 0xbe, 0xfe, 0xbe,
    0xff, 0xc6, 0xff, 0xbe, 0xfe, 0xbe, 0xff, 0xbe, 0xff, 0xbe, 0xfe, 0xc6,
    0xde, 0xbe, 0xbf, 0xf7, 0xff, 0xff, 0xff, 0xff, 0xff, 0xff, 0xff, 0xff,
    0xff, 0xff, 0xff, 0xff, 0xff, 0xff, 0xff, 0xff, 0xff, 0xff, 0x7f, 0xe7,
    0xdf, 0xb6, 0xde, 0xbe, 0xde, 0xbe, 0xde, 0xb6, 0xde, 0xbe, 0xde, 0xb6,
    0xde, 0xbe, 0xfe, 0xbe, 0xdf, 0xb6, 0xdf, 0xbe, 0xde, 0xbe, 0xdf, 0xbe,
    0xfe, 0xbe, 0xdf, 0xbe, 0xde, 0xbe, 0xdf, 0xbe, 0xdf, 0xbe, 0xde, 0xbe,
    0xff, 0xbe, 0xdf, 0xbe, 0xfe, 0xbe, 0xdf, 0xbe, 0xdf, 0xbe, 0xfe, 0xbe,
    0xff, 0xbe, 0xfe, 0xbe, 0xfe, 0xbe, 0xde, 0xbe, 0xff, 0xc6, 0x3f, 0xcf,
    0x7f, 0xdf, 0x9f, 0xe7, 0x7f, 0xe7, 0x7f, 0xdf, 0x7f, 0xdf, 0x7f, 0xdf,
    0x7f, 0xdf, 0x7f, 0xdf, 0x5f, 0xdf, 0x5f, 0xdf, 0x5f, 0xdf, 0x5f, 0xd7,
    0x7f, 0xdf, 0x3d, 0x9e, 0x3b, 0x65, 0x7b, 0x6d, 0x7b, 0x6d, 0x7c, 0x6d,
    0x7c, 0x6d, 0x7b, 0x6d, 0x7c, 0x6d, 0x9b, 0x75, 0x7c, 0x75, 0x7b, 0x75,
    0x9c, 0x75, 0x7c, 0x75, 0x7c, 0x6d, 0x7b, 0x75, 0x7b, 0x75, 0x9b, 0x75,
    0x7c, 0x75, 0x9c, 0x75, 0x7b, 0x75, 0x9c, 0x75, 0x9c, 0x75, 0x9c, 0x75,
    0x7c, 0x75, 0xbc, 0x85, 0x9e, 0xae, 0x7f, 0xe7, 0x7f, 0xe7, 0x7f, 0xe7,
    0x7f, 0xdf, 0x7f, 0xe7, 0x7f, 0xe7, 0x7f, 0xdf, 0x5f, 0xdf, 0x7f, 0xe7,
    0x7f, 0xe7, 0x7f, 0xdf, 0x7f, 0xdf, 0x7f, 0xe7, 0x7f, 0xdf, 0x5f, 0xdf,
    0x7f, 0xdf, 0x7f, 0xe7, 0x7f, 0xdf, 0x7f, 0xdf, 0x7f, 0xe7, 0x7f, 0xe7,
    0x9f, 0xe7, 0x9f, 0xdf, 0x7f, 0xe7, 0x7f, 0xdf, 0x9f, 0xe7, 0x7f, 0xe7,
    0x9f, 0xdf, 0x7f, 0xe7, 0x7f, 0xe7, 0x7f, 0xe7, 0x7f, 0xdf, 0x7f, 0xdf,
    0x7f, 0xe7, 0x7f, 0xdf, 0x7f, 0xe7, 0x7f, 0xdf, 0x7f, 0xdf, 0x9f, 0xdf,
    0x7f, 0xe7, 0x9f, 0xe7, 0x7f, 0xdf, 0x7f, 0xe7, 0x7f, 0xe7, 0x9f, 0xe7,
    0x7f, 0xdf, 0x7f, 0xe7, 0x9f, 0xe7, 0x7f, 0xdf, 0x9f, 0xe7, 0x9f, 0xe7,
    0x7f, 0xe7, 0x7f, 0xe7, 0x9f, 0xe7, 0x9f, 0xe7, 0x9f, 0xe7, 0x9f, 0xe7,
    0x9f, 0xe7, 0x9f, 0xe7, 0x9f, 0xe7, 0x9f, 0xe7, 0x9f, 0xe7, 0x9f, 0xe7,
    0x9f, 0xef, 0x9f, 0xe7, 0x9f, 0xe7, 0x9f, 0xef, 0x9f, 0xe7, 0x9f, 0xef,
    0x9f, 0xef, 0x9f, 0xe7, 0x9f, 0xe7, 0x9f, 0xef, 0x9f, 0xef, 0xbf, 0xef,
    0xdf, 0xf7, 0xdf, 0xf7, 0xdf, 0xf7, 0xbf, 0xf7, 0xdf, 0xf7, 0xbf, 0xf7,
    0xbf, 0xf7, 0xbf, 0xf7, 0xdf, 0xef, 0xdf, 0xf7, 0xbf, 0xf7, 0xbf, 0xf7,
    0xbf, 0xef, 0xdf, 0xf7, 0xdf, 0xf7, 0xbf, 0xf7, 0xdf, 0xf7, 0xdf, 0xf7,
    0xdf, 0xf7, 0x9f, 0xef, 0x7f, 0xdf, 0x7f, 0xdf, 0x7f, 0xe7, 0xdf, 0xf7,
    0xdf, 0xf7, 0x9f, 0xe7, 0x7f, 0xdf, 0x7f, 0xdf, 0x7f, 0xdf, 0x7f, 0xe7,
    0x9f, 0xe7, 0x9f, 0xe7, 0x9f, 0xe7, 0x9f, 0xef, 0x7f, 0xe7, 0x7f, 0xdf,
    0x7f, 0xdf, 0x7f, 0xdf, 0x7f, 0xe7, 0x9f, 0xe7, 0x9f, 0xe7, 0x7f, 0xdf,
    0x5f, 0xd7, 0x5f, 0xdf, 0x5f, 0xdf, 0x5f, 0xdf, 0x7f, 0xdf, 0x9f, 0xe7,
    0x7f, 0xe7, 0x7f, 0xdf, 0x7f, 0xe7, 0x9f, 0xe7, 0x7f, 0xdf, 0x3f, 0xcf,
    0xfe, 0xc6, 0x1e, 0xc7, 0x1f, 0xc7, 0x1f, 0xc7, 0xff, 0xc6, 0xfe, 0xc6,
    0x1f, 0xc7, 0xfe, 0xc6, 0xff, 0xc6, 0x1e, 0xc7, 0x1f, 0xc7, 0xfe, 0xc6,
    0xfe, 0xc6, 0xff, 0xc6, 0xfe, 0xc6, 0xfe, 0xbe, 0xff, 0xc6, 0xff, 0xc6,
    0xfe, 0xbe, 0xff, 0xc6, 0xff, 0xc6, 0xfe, 0xbe, 0xff, 0xbe, 0xff, 0xc6,
    0xfe, 0xc6, 0xff, 0xc6, 0xfe, 0xc6, 0xff, 0xbe, 0xff, 0xbe, 0xfe, 0xbe,
    0xdf, 0xbe, 0xbf, 0xef, 0xff, 0xff, 0xff, 0xff, 0xff, 0xff, 0xff, 0xff,
    0xff, 0xff, 0xff, 0xff, 0xff, 0xff, 0xff, 0xff, 0xff, 0xff, 0x7f, 0xdf,
    0xde, 0xb6, 0xdf, 0xbe, 0xdf, 0xbe, 0xde, 0xbe, 0xdf, 0xbe, 0xdf, 0xbe,
    0xdf, 0xb6, 0xde, 0xb6, 0xdf, 0xbe, 0xff, 0xb6, 0xde, 0xbe, 0xde, 0xbe,
    0xfe, 0xbe, 0xdf, 0xbe, 0xfe, 0xbe, 0xde, 0xbe, 0xde, 0xbe, 0xde, 0xbe,
    0xde, 0xbe, 0xde, 0xbe, 0xde, 0xbe, 0xfe, 0xbe, 0xdf, 0xbe, 0xdf, 0xbe,
    0xfe, 0xbe, 0xde, 0xbe, 0xff, 0xbe, 0xff, 0xbe, 0xfe, 0xbe, 0xde, 0xbe,
    0xff, 0xbe, 0xff, 0xc6, 0x1f, 0xc7, 0x3f, 0xcf, 0x5f, 0xd7, 0x5f, 0xd7,
    0x3f, 0xd7, 0x5f, 0xd7, 0x5f, 0xd7, 0x5f, 0xd7, 0x3f, 0xd7, 0x5f, 0xd7,
    0x5f, 0xd7, 0xde, 0xbe, 0x5b, 0x6d, 0x7c, 0x6d, 0x5b, 0x6d, 0x7b, 0x75,
    0x7b, 0x6d, 0x7c, 0x6d, 0x7b, 0x75, 0x7b, 0x6d, 0x7c, 0x75, 0x7b, 0x6d,
    0x7b, 0x6d, 0x7c, 0x75, 0x7c, 0x6d, 0x7b, 0x6d, 0x7c, 0x75, 0x7b, 0x75,
    0x7c, 0x6d, 0x9b, 0x75, 0x7c, 0x75, 0x9b, 0x75, 0x9b, 0x75, 0x9c, 0x75,
    0x9c, 0x75, 0xdc, 0x85, 0x5d, 0xa6, 0x9f, 0xe7, 0x7f, 0xdf, 0x7f, 0xdf,
    0x7f, 0xdf, 0x7f, 0xdf, 0x7f, 0xe7, 0x7f, 0xdf, 0x7f, 0xdf, 0x5f, 0xdf,
    0x7f, 0xdf, 0x7f, 0xe7, 0x7f, 0xdf, 0x7f, 0xdf, 0x7f, 0xe7, 0x7f, 0xdf,
    0x7f, 0xe7, 0x7f, 0xdf, 0x7f, 0xe7, 0x7f, 0xe7, 0x9f, 0xdf, 0x9f, 0xe7,
    0x9f, 0xe7, 0x9f, 0xe7, 0x9f, 0xe7, 0x9f, 0xe7, 0x7f, 0xdf, 0x7f, 0xdf,
    0x7f, 0xe7, 0x9f, 0xdf, 0x7f, 0xe7, 0x7f, 0xe7, 0x9f, 0xe7, 0x7f, 0xe7,
    0x9f, 0xe7, 0x7f, 0xe7, 0x7f, 0xdf, 0x9f, 0xe7, 0x9f, 0xe7, 0x7f, 0xe7,
    0x7f, 0xdf, 0x7f, 0xe7, 0x9f, 0xe7, 0x9f, 0xe7, 0x7f, 0xdf, 0x7f, 0xe7,
    0x7f, 0xe7, 0x7f, 0xe7, 0x7f, 0xdf, 0x9f, 0xe7, 0x9f, 0xe7, 0x7f, 0xe7,
    0x9f, 0xe7, 0x9f, 0xe7, 0x9f, 0xe7, 0x9f, 0xe7, 0x9f, 0xe7, 0x7f, 0xe7,
    0x7f, 0xe7, 0x7f, 0xe7, 0x7f, 0xe7, 0x7f, 0xe7, 0x7f, 0xe7, 0x9f, 0xef,
    0x9f, 0xe7, 0x9f, 0xe7, 0x9f, 0xe7, 0x9f, 0xe7, 0x9f, 0xef, 0x9f, 0xe7,
    0x9f, 0xef, 0x9f, 0xef, 0x9f, 0xef, 0x9f, 0xef, 0x9f, 0xef, 0x9f, 0xe7,
    0x9f, 0xef, 0xbf, 0xef, 0xbf, 0xef, 0xbf, 0xf7, 0xdf, 0xf7, 0xbf, 0xef,
    0xdf, 0xf7, 0xdf, 0xf7, 0xbf, 0xf7, 0xbf, 0xf7, 0xdf, 0xf7, 0xdf, 0xf7,
    0xdf, 0xef, 0xbf, 0xef, 0x9f, 0xef, 0xbf, 0xef, 0x9f, 0xef, 0xbf, 0xef,
    0xbf, 0xf7, 0x9f, 0xef, 0x7f, 0xdf, 0x7f, 0xe7, 0x7f, 0xe7, 0x9f, 0xe7,
    0x9f, 0xe7, 0x7f, 0xe7, 0x7f, 0xe7, 0x7f, 0xe7, 0x7f, 0xdf, 0x7f, 0xe7,
    0x7f, 0xe7, 0x7f, 0xe7, 0x7f, 0xe7, 0x7f, 0xe7, 0x7f, 0xdf, 0x7f, 0xdf,
    0x7f, 0xe7, 0x7f, 0xdf, 0x7f, 0xe7, 0x9f, 0xe7, 0x9f, 0xe7, 0x7f, 0xdf,
    0x5f, 0xdf, 0x7f, 0xdf, 0x5f, 0xdf, 0x7f, 0xdf, 0x7f, 0xdf, 0x9f, 0xe7,
    0x9f, 0xe7, 0x9f, 0xe7, 0x7f, 0xdf, 0x3f, 0xd7, 0x1e, 0xc7, 0xff, 0xc6,
    0xff, 0xc6, 0xff, 0xc6, 0x1f, 0xc7, 0x1f, 0xc7, 0x1f, 0xc7, 0xff, 0xc6,
    0x1e, 0xc7, 0xff, 0xc6, 0x1e, 0xc7, 0x1f, 0xc7, 0xff, 0xc6, 0x1f, 0xc7,
    0xff, 0xc6, 0x1f, 0xc7, 0xff, 0xc6, 0xfe, 0xbe, 0xfe, 0xc6, 0xff, 0xc6,
    0xfe, 0xc6, 0xfe, 0xc6, 0xff, 0xbe, 0xfe, 0xc6, 0xff, 0xc6, 0xff, 0xc6,
    0xfe, 0xbe, 0xff, 0xbe, 0xff, 0xbe, 0xde, 0xbe, 0xff, 0xbe, 0xbe, 0xb6,
    0x9e, 0xae, 0xbf, 0xef, 0xff, 0xff, 0xff, 0xff, 0xff, 0xff, 0xff, 0xff,
    0xff, 0xff, 0xff, 0xff, 0xff, 0xff, 0xff, 0xff, 0xff, 0xff, 0x7f, 0xe7,
    0xbe, 0xb6, 0xdf, 0xbe, 0xde, 0xb6, 0xde, 0xbe, 0xdf, 0xb6, 0xde, 0xbe,
    0xde, 0xbe, 0xdf, 0xbe, 0xde, 0xb6, 0xde, 0xbe, 0xdf, 0xbe, 0xde, 0xbe,
    0xdf, 0xb6, 0xdf, 0xbe, 0xdf, 0xbe, 0xfe, 0xb6, 0xff, 0xbe, 0xde, 0xbe,
    0xdf, 0xbe, 0xff, 0xbe, 0xde, 0xbe, 0xff, 0xbe, 0xfe, 0xbe, 0xde, 0xbe,
    0xdf, 0xbe, 0xfe, 0xc6, 0xff, 0xbe, 0xff, 0xc6, 0xfe, 0xbe, 0xff, 0xc6,
    0xff, 0xc6, 0xfe, 0xbe, 0xfe, 0xc6, 0xff, 0xc6, 0x1f, 0xc7, 0x1f, 0xcf,
    0x3f, 0xd7, 0x5f, 0xd7, 0x5f, 0xd7, 0x5f, 0xd7, 0x5f, 0xd7, 0x3f, 0xd7,
    0x5f, 0xd7, 0x7f, 0xdf, 0xfd, 0x8d, 0x5b, 0x6d, 0x7c, 0x6d, 0x5b, 0x6d,
    0x7b, 0x75, 0x7c, 0x75, 0x7b, 0x6d, 0x7b, 0x6d, 0x7c, 0x75, 0x7c, 0x6d,
    0x7b, 0x75, 0x7b, 0x75, 0x7c, 0x6d, 0x7b, 0x6d, 0x7c, 0x75, 0x7c, 0x6d,
    0x7b, 0x75, 0x7b, 0x6d, 0x9c, 0x75, 0x9c, 0x75, 0x9b, 0x75, 0x9b, 0x75,
    0x9c, 0x75, 0x7b, 0x6d, 0x5d, 0xa6, 0x9f, 0xe7, 0x7f, 0xdf, 0x7f, 0xdf,
    0x7f, 0xdf, 0x7f, 0xe7, 0x7f, 0xdf, 0x7f, 0xdf, 0x7f, 0xe7, 0x7f, 0xdf,
    0x7f, 0xdf, 0x7f, 0xe7, 0x7f, 0xe7, 0x7f, 0xdf, 0x7f, 0xdf, 0x7f, 0xdf,
    0x7f, 0xdf, 0x7f, 0xdf, 0x7f, 0xdf, 0x7f, 0xdf, 0x7f, 0xdf, 0x7f, 0xdf,
    0x7f, 0xdf, 0x7f, 0xdf, 0x7f, 0xdf, 0x7f, 0xe7, 0x9f, 0xe7, 0x9f, 0xe7,
    0x9f, 0xe7, 0x9f, 0xe7, 0x9f, 0xe7, 0x7f, 0xdf, 0x7f, 0xdf, 0x7f, 0xe7,
    0x7f, 0xdf, 0x9f, 0xe7, 0x7f, 0xe7, 0x9f, 0xe7, 0x7f, 0xe7, 0x9f, 0xe7,
    0x7f, 0xe7, 0x7f, 0xe7, 0x9f, 0xe7, 0x9f, 0xe7, 0x9f, 0xe7, 0x9f, 0xe7,
    0x9f, 0xe7, 0x7f, 0xe7, 0x7f, 0xe7, 0x9f, 0xe7, 0x7f, 0xe7, 0x7f, 0xdf,
    0x9f, 0xe7, 0x9f, 0xe7, 0x7f, 0xe7, 0x7f, 0xe7, 0x9f, 0xe7, 0x7f, 0xe7,
    0x9f, 0xe7, 0x9f, 0xe7, 0x7f, 0xe7, 0x9f, 0xe7, 0x7f, 0xe7, 0x9f, 0xe7,
    0x9f, 0xe7, 0x9f, 0xef, 0x9f, 0xef, 0x9f, 0xe7, 0x9f, 0xef, 0x9f, 0xe7,
    0x9f, 0xe7, 0x9f, 0xef, 0x9f, 0xe7, 0x9f, 0xef, 0x9f, 0xef, 0x9f, 0xe7,
    0x9f, 0xef, 0x9f, 0xe7, 0x9f, 0xef, 0xbf, 0xef, 0xbf, 0xef, 0xbf, 0xef,
    0xbf, 0xf7, 0xdf, 0xf7, 0xbf, 0xf7, 0xdf, 0xf7, 0xdf, 0xef, 0x9f, 0xef,
    0x9f, 0xe7, 0x7f, 0xdf, 0x7f, 0xdf, 0x7f, 0xdf, 0x7f, 0xdf, 0x9f, 0xe7,
    0x9f, 0xe7, 0x9f, 0xe7, 0x7f, 0xdf, 0x7f, 0xdf, 0x7f, 0xe7, 0x7f, 0xe7,
    0x9f, 0xe7, 0x7f, 0xe7, 0x7f, 0xdf, 0x7f, 0xe7, 0x7f, 0xe7, 0x7f, 0xdf,
    0x7f, 0xe7, 0x9f, 0xe7, 0x7f, 0xe7, 0x9f, 0xe7, 0x7f, 0xdf, 0x7f, 0xe7,
    0x7f, 0xdf, 0x7f, 0xdf, 0x7f, 0xe7, 0x9f, 0xe7, 0x9f, 0xe7, 0x7f, 0xe7,
    0x7f, 0xdf, 0x7f, 0xdf, 0x7f, 0xdf, 0x7f, 0xdf, 0x7f, 0xdf, 0x7f, 0xdf,
    0x3f, 0xd7, 0x1f, 0xcf, 0x1f, 0xc7, 0xfe, 0xc6, 0xff, 0xc6, 0x1f, 0xc7,
    0x1e, 0xc7, 0xff, 0xc6, 0xfe, 0xc6, 0x1f, 0xc7, 0x1e, 0xc7, 0x1f, 0xc7,
    0xff, 0xc6, 0xff, 0xc6, 0x1f, 0xc7, 0xfe, 0xc6, 0xff, 0xc6, 0x1e, 0xc7,
    0x1f, 0xbf, 0xfe, 0xc6, 0xff, 0xc6, 0xff, 0xbe, 0xfe, 0xc6, 0x1f, 0xc7,
    0xfe, 0xbe, 0x9e, 0xae, 0xff, 0xbe, 0x1f, 0xc7, 0xbe, 0xb6, 0xde, 0xbe,
    0x1f, 0xc7, 0xfe, 0xbe, 0x9e, 0xae, 0x9e, 0xae, 0x7e, 0xa6, 0x5d, 0x9e,
    0x3d, 0x9e, 0x9f, 0xe7, 0xff, 0xff, 0xff, 0xff, 0xff, 0xff, 0xff, 0xff,
    0xff, 0xff, 0xff, 0xff, 0xff, 0xff, 0xff, 0xff, 0xff, 0xff, 0x7f, 0xe7,
    0xdf, 0xb6, 0xde, 0xbe, 0xdf, 0xbe, 0xff, 0xbe, 0xde, 0xbe, 0xde, 0xb6,
    0xdf, 0xbe, 0xde, 0xbe, 0xde, 0xbe, 0xdf, 0xbe, 0xdf, 0xbe, 0xfe, 0xbe,
    0xde, 0xbe, 0xdf, 0xbe, 0xde, 0xbe, 0xfe, 0xbe, 0xff, 0xbe, 0xde, 0xbe,
    0xde, 0xbe, 0xdf, 0xbe, 0xff, 0xbe, 0xde, 0xbe, 0xff, 0xbe, 0xff, 0xbe,
    0xde, 0xbe, 0xff, 0xbe, 0xfe, 0xc6, 0xdf, 0xbe, 0xff, 0xc6, 0xfe, 0xbe,
    0xfe, 0xc6, 0xff, 0xbe, 0xff, 0xc6, 0xfe, 0xc6, 0xff, 0xbe, 0xfe, 0xc6,
    0xff, 0xc6, 0xff, 0xc6, 0x1f, 0xcf, 0x3f, 0xd7, 0x3f, 0xd7, 0x5f, 0xd7,
    0x3f, 0xd7, 0x7f, 0xdf, 0xde, 0xb6, 0x3b, 0x65, 0x5c, 0x6d, 0x7b, 0x6d,
    0x7c, 0x6d, 0x7b, 0x6d, 0x7b, 0x6d, 0x7c, 0x75, 0x7c, 0x75, 0x7c, 0x6d,
    0x7b, 0x6d, 0x7c, 0x6d, 0x7b, 0x75, 0x7b, 0x6d, 0x7c, 0x6d, 0x7b, 0x75,
    0x9c, 0x75, 0x7c, 0x6d, 0x7b, 0x75, 0x7c, 0x75, 0x7c, 0x6d, 0x9c, 0x75,
    0x9c, 0x75, 0x5b, 0x6d, 0x9d, 0xae, 0x9f, 0xef, 0x7f, 0xe7, 0x7f, 0xe7,
    0x7f, 0xdf, 0x7f, 0xe7, 0x7f, 0xdf, 0x7f, 0xdf, 0x7f, 0xe7, 0x7f, 0xdf,
    0x5f, 0xdf, 0x5f, 0xdf, 0x5f, 0xd7, 0x3f, 0xd7, 0x3f, 0xd7, 0x3f, 0xd7,
    0x3f, 0xd7, 0x3f, 0xd7, 0x3f, 0xd7, 0x3f, 0xd7, 0x3f, 0xd7, 0x3f, 0xcf,
    0x3f, 0xd7, 0x3f, 0xd7, 0x3f, 0xd7, 0x3f, 0xd7, 0x5f, 0xd7, 0x5f, 0xd7,
    0x5f, 0xdf, 0x5f, 0xdf, 0x7f, 0xdf, 0x7f, 0xe7, 0x9f, 0xe7, 0x9f, 0xe7,
    0x9f, 0xe7, 0x7f, 0xdf, 0x9f, 0xe7, 0x7f, 0xe7, 0x7f, 0xe7, 0x9f, 0xe7,
    0x9f, 0xe7, 0x9f, 0xe7, 0x9f, 0xe7, 0x9f, 0xe7, 0x7f, 0xe7, 0x7f, 0xe7,
    0x7f, 0xdf, 0x7f, 0xdf, 0x9f, 0xe7, 0x9f, 0xe7, 0x7f, 0xe7, 0x9f, 0xe7,
    0x9f, 0xe7, 0x9f, 0xe7, 0x7f, 0xe7, 0x7f, 0xe7, 0x9f, 0xe7, 0x9f, 0xe7,
    0x9f, 0xe7, 0x9f, 0xe7, 0x9f, 0xe7, 0x9f, 0xe7, 0x9f, 0xef, 0x9f, 0xe7,
    0x9f, 0xe7, 0x7f, 0xe7, 0x9f, 0xef, 0x9f, 0xe7, 0x9f, 0xef, 0x9f, 0xef,
    0x9f, 0xe7, 0x9f, 0xe7, 0xbf, 0xef, 0xbf, 0xe7, 0x9f, 0xef, 0xbf, 0xef,
    0x9f, 0xe7, 0x9f, 0xef, 0x9f, 0xef, 0x9f, 0xe7, 0x9f, 0xe7, 0x9f, 0xef,
    0xbf, 0xef, 0xbf, 0xef, 0xbf, 0xef, 0x9f, 0xef, 0x9f, 0xe7, 0x7f, 0xe7,
    0x7f, 0xe7, 0x9f, 0xe7, 0x7f, 0xdf, 0x7f, 0xdf, 0x7f, 0xdf, 0x9f, 0xe7,
    0x9f, 0xe7, 0x7f, 0xe7, 0x7f, 0xe7, 0x7f, 0xe7, 0x9f, 0xe7, 0x9f, 0xe7,
    0x9f, 0xe7, 0x9f, 0xe7, 0x7f, 0xdf, 0x7f, 0xe7, 0x7f, 0xe7, 0x7f, 0xdf,
    0x9f, 0xe7, 0x7f, 0xe7, 0x7f, 0xdf, 0x9f, 0xe7, 0x7f, 0xe7, 0x7f, 0xe7,
    0x7f, 0xe7, 0x7f, 0xe7, 0x7f, 0xe7, 0x9f, 0xe7, 0x9f, 0xe7, 0x9f, 0xe7,
    0x7f, 0xdf, 0x7f, 0xdf, 0x5f, 0xd7, 0x3f, 0xd7, 0x3f, 0xcf, 0x1e, 0xc7,
    0xfe, 0xc6, 0xfe, 0xc6, 0x1f, 0xc7, 0x1f, 0xc7, 0xfe, 0xc6, 0x1f, 0xc7,
    0x1e, 0xc7, 0xff, 0xc6, 0x1f, 0xc7, 0x1e, 0xc7, 0x1f, 0xcf, 0xff, 0xc6,
    0xfe, 0xc6, 0x1e, 0xc7, 0x1f, 0xc7, 0xff, 0xc6, 0x1e, 0xc7, 0xff, 0xc6,
    0xfe, 0xc6, 0xff, 0xc6, 0x1f, 0xc7, 0xfe, 0xc6, 0xff, 0xbe, 0xff, 0xc6,
    0x9e, 0xae, 0x9e, 0xa6, 0x9e, 0xae, 0xbe, 0xb6, 0x7e, 0xa6, 0x9e, 0xae,
    0x7e, 0xa6, 0x5d, 0x9e, 0x3d, 0x96, 0x3d, 0x96, 0x3d, 0x9e, 0x5e, 0x9e,
    0x3d, 0x96, 0x9f, 0xe7, 0xff, 0xff, 0xff, 0xff, 0xff, 0xff, 0xff, 0xff,
    0xff, 0xff, 0xff, 0xff, 0xff, 0xff, 0xff, 0xff, 0xff, 0xff, 0x7f, 0xe7,
    0xde, 0xb6, 0xde, 0xbe, 0xde, 0xbe, 0xdf, 0xbe, 0xff, 0xbe, 0xff, 0xbe,
    0xdf, 0xbe, 0xde, 0xbe, 0xdf, 0xbe, 0xfe, 0xbe, 0xde, 0xbe, 0xde, 0xbe,
    0xfe, 0xbe, 0xfe, 0xbe, 0xff, 0xbe, 0xdf, 0xbe, 0xfe, 0xbe, 0xde, 0xbe,
    0xff, 0xbe, 0xfe, 0xbe, 0xde, 0xbe, 0xdf, 0xbe, 0xfe, 0xbe, 0xfe, 0xbe,
    0xdf, 0xbe, 0xfe, 0xc6, 0xfe, 0xbe, 0xff, 0xc6, 0xfe, 0xbe, 0xfe, 0xc6,
    0xff, 0xbe, 0xff, 0xc6, 0xfe, 0xc6, 0xff, 0xc6, 0xff, 0xc6, 0x1e, 0xbf,
    0xff, 0xc6, 0xfe, 0xc6, 0xff, 0xbe, 0xff, 0xc6, 0xfe, 0xc6, 0x1f, 0xc7,
    0x3f, 0xcf, 0x5f, 0xd7, 0x5f, 0xd7, 0xbc, 0x7d, 0x5b, 0x6d, 0x7b, 0x6d,
    0x5c, 0x75, 0x7b, 0x6d, 0x5b, 0x6d, 0x7c, 0x6d, 0x5b, 0x6d, 0x7b, 0x6d,
    0x7b, 0x6d, 0x7c, 0x6d, 0x7b, 0x6d, 0x7b, 0x75, 0x7c, 0x6d, 0x7b, 0x75,
    0x7b, 0x6d, 0x7c, 0x6d, 0x7c, 0x75, 0x7b, 0x75, 0x9b, 0x6d, 0x7c, 0x75,
    0x9c, 0x75, 0x7b, 0x6d, 0xde, 0xbe, 0x9f, 0xe7, 0x7f, 0xdf, 0x7f, 0xdf,
    0x5f, 0xdf, 0x5f, 0xd7, 0x3f, 0xd7, 0x3f, 0xd7, 0x3f, 0xd7, 0x3f, 0xcf,
    0x3f, 0xcf, 0x3f, 0xcf, 0x3f, 0xcf, 0x1f, 0xcf, 0x3f, 0xcf, 0x3f, 0xd7,
    0x3f, 0xcf, 0x3f, 0xd7, 0x3f, 0xcf, 0x3f, 0xd7, 0x3f, 0xcf, 0x3f, 0xd7,
    0x3f, 0xd7, 0x3f, 0xd7, 0x3f, 0xd7, 0x3f, 0xd7, 0x5f, 0xd7, 0x3f, 0xd7,
    0x3f, 0xd7, 0x3f, 0xd7, 0x5f, 0xd7, 0x5f, 0xd7, 0x5f, 0xd7, 0x5f, 0xdf,
    0x7f, 0xdf, 0x7f, 0xe7, 0x9f, 0xe7, 0x9f, 0xe7, 0x9f, 0xe7, 0x9f, 0xe7,
    0x9f, 0xe7, 0x9f, 0xe7, 0x9f, 0xe7, 0x7f, 0xe7, 0x9f, 0xe7, 0x9f, 0xe7,
    0x9f, 0xe7, 0x9f, 0xe7, 0x7f, 0xe7, 0x9f, 0xe7, 0x9f, 0xe7, 0x9f, 0xe7,
    0x7f, 0xe7, 0x9f, 0xe7, 0x9f, 0xe7, 0x9f, 0xe7, 0x9f, 0xe7, 0x9f, 0xe7,
    0x7f, 0xe7, 0x9f, 0xe7, 0x9f, 0xe7, 0x7f, 0xe7, 0x9f, 0xe7, 0x9f, 0xef,
    0x9f, 0xe7, 0x9f, 0xe7, 0x9f, 0xe7, 0x9f, 0xef, 0x9f, 0xe7, 0x9f, 0xef,
    0x9f, 0xef, 0x9f, 0xe7, 0x9f, 0xef, 0x9f, 0xef, 0x9f, 0xe7, 0xbf, 0xef,
    0xbf, 0xef, 0xbf, 0xef, 0x9f, 0xe7, 0x9f, 0xe7, 0x9f, 0xef, 0xbf, 0xef,
    0x9f, 0xe7, 0x9f, 0xe7, 0x7f, 0xdf, 0x7f, 0xdf, 0x7f, 0xe7, 0x9f, 0xe7,
    0x7f, 0xdf, 0x7f, 0xe7, 0x7f, 0xe7, 0x7f, 0xe7, 0x7f, 0xe7, 0x7f, 0xdf,
    0x7f, 0xdf, 0x7f, 0xe7, 0x7f, 0xe7, 0x7f, 0xdf, 0x9f, 0xe7, 0x7f, 0xe7,
    0x7f, 0xdf, 0x9f, 0xe7, 0x7f, 0xe7, 0x7f, 0xe7, 0x9f, 0xe7, 0x7f, 0xdf,
    0x9f, 0xe7, 0x9f, 0xe7, 0x7f, 0xe7, 0x7f, 0xe7, 0x7f, 0xe7, 0x7f, 0xdf,
    0x7f, 0xdf, 0x7f, 0xe7, 0x9f, 0xe7, 0x9f, 0xe7, 0x9f, 0xe7, 0x5f, 0xdf,
    0x3f, 0xcf, 0x1f, 0xcf, 0x1e, 0xcf, 0x1e, 0xc7, 0xff, 0xce, 0x1f, 0xc7,
    0x1f, 0xc7, 0xfe, 0xc6, 0x1f, 0xc7, 0x1f, 0xc7, 0x1e, 0xc7, 0xff, 0xc6,
    0xff, 0xc6, 0x1f, 0xc7, 0x1f, 0xc7, 0x1f, 0xc7, 0x1e, 0xc7, 0xff, 0xc6,
    0x1e, 0xc7, 0xff, 0xc6, 0x1f, 0xc7, 0x1e, 0xc7, 0xff, 0xc6, 0x1f, 0xc7,
    0x1f, 0xc7, 0xfe, 0xc6, 0xff, 0xc6, 0xde, 0xb6, 0xbe, 0xb6, 0xbe, 0xb6,
    0x5e, 0x9e, 0x5d, 0x9e, 0x3d, 0x9e, 0x3d, 0x96, 0x5d, 0x9e, 0x5d, 0x9e,
    0x3d, 0x96, 0x3d, 0x9e, 0x3d, 0x9e, 0x3d, 0x9e, 0x5d, 0x9e, 0x5e, 0x9e,
    0x3e, 0x96, 0x9f, 0xe7, 0xff, 0xff, 0xff, 0xff, 0xff, 0xff, 0xff, 0xff,
    0xff, 0xff, 0xff, 0xff, 0xff, 0xff, 0xff, 0xff, 0xff, 0xff, 0x7f, 0xe7,
    0xde, 0xb6, 0xff, 0xbe, 0xfe, 0xbe, 0xde, 0xbe, 0xde, 0xbe, 0xde, 0xbe,
    0xde, 0xbe, 0xdf, 0xbe, 0xff, 0xbe, 0xde, 0xbe, 0xde, 0xb6, 0xdf, 0xbe,
    0xff, 0xbe, 0xde, 0xbe, 0xde, 0xbe, 0xff, 0xbe, 0xdf, 0xbe, 0xff, 0xbe,
    0xfe, 0xbe, 0xdf, 0xbe, 0xfe, 0xbe, 0xff, 0xbe, 0xfe, 0xc6, 0xff, 0xc6,
    0xff, 0xbe, 0xfe, 0xc6, 0xff, 0xc6, 0xff, 0xbe, 0xfe, 0xbe, 0xff, 0xc6,
    0xff, 0xbe, 0xfe, 0xc6, 0xff, 0xc6, 0xff, 0xc6, 0x1e, 0xc7, 0xfe, 0xbe,
    0xff, 0xc6, 0x1e, 0xc7, 0x1f, 0xc7, 0xfe, 0xc6, 0xfe, 0xbe, 0xff, 0xc6,
    0xff, 0xc6, 0xff, 0xc6, 0x3f, 0xcf, 0x5e, 0xa6, 0x5b, 0x65, 0x7b, 0x6d,
    0x7c, 0x75, 0x7b, 0x75, 0x7c, 0x6d, 0x5b, 0x6d, 0x5b, 0x6d, 0x7c, 0x6d,
    0x7b, 0x75, 0x7b, 0x6d, 0x7c, 0x6d, 0x7b, 0x6d, 0x7c, 0x75, 0x7c, 0x6d,
    0x7c, 0x75, 0x9b, 0x6d, 0x7b, 0x75, 0x7c, 0x75, 0x7b, 0x6d, 0x7b, 0x75,
    0x7b, 0x6d, 0x9c, 0x7d, 0x1f, 0xcf, 0x5f, 0xd7, 0x3f, 0xd7, 0x3f, 0xcf,
    0x1f, 0xcf, 0x1f, 0xcf, 0x3f, 0xcf, 0x3f, 0xcf, 0x3f, 0xcf, 0x3f, 0xcf,
    0x3f, 0xcf, 0x3f, 0xd7, 0x3f, 0xd7, 0x3f, 0xcf, 0x3f, 0xd7, 0x3f, 0xcf,
    0x3f, 0xd7, 0x3f, 0xcf, 0x3f, 0xd7, 0x3f, 0xcf, 0x3f, 0xd7, 0x3f, 0xcf,
    0x3f, 0xcf, 0x3f, 0xd7, 0x5f, 0xd7, 0x5f, 0xd7, 0x3f, 0xd7, 0x5f, 0xd7,
    0x5f, 0xd7, 0x3f, 0xd7, 0x5f, 0xd7, 0x5f, 0xd7, 0x5f, 0xd7, 0x3f, 0xd7,
    0x5f, 0xd7, 0x5f, 0xd7, 0x5f, 0xd7, 0x7f, 0xdf, 0x7f, 0xdf, 0x9f, 0xe7,
    0x9f, 0xe7, 0x9f, 0xe7, 0x7f, 0xe7, 0x9f, 0xe7, 0x9f, 0xe7, 0x9f, 0xe7,
    0x9f, 0xe7, 0x9f, 0xe7, 0x9f, 0xe7, 0x9f, 0xe7, 0x9f, 0xe7, 0x9f, 0xe7,
    0x9f, 0xe7, 0x9f, 0xe7, 0x9f, 0xe7, 0x9f, 0xe7, 0x7f, 0xe7, 0x7f, 0xe7,
    0x9f, 0xe7, 0x9f, 0xe7, 0x9f, 0xe7, 0x9f, 0xe7, 0x9f, 0xe7, 0x9f, 0xef,
    0x9f, 0xef, 0x9f, 0xe7, 0x9f, 0xe7, 0x9f, 0xef, 0x9f, 0xe7, 0x9f, 0xe7,
    0x9f, 0xef, 0xbf, 0xe7, 0x9f, 0xe7, 0x9f, 0xef, 0x9f, 0xe7, 0x9f, 0xef,
    0xbf, 0xef, 0xbf, 0xef, 0x9f, 0xe7, 0x9f, 0xe7, 0x9f, 0xe7, 0x7f, 0xe7,
    0x7f, 0xdf, 0x7f, 0xe7, 0x7f, 0xe7, 0x7f, 0xe7, 0x9f, 0xe7, 0x7f, 0xdf,
    0x9f, 0xe7, 0x7f, 0xdf, 0x7f, 0xe7, 0x9f, 0xdf, 0x7f, 0xe7, 0x7f, 0xe7,
    0x7f, 0xe7, 0x9f, 0xdf, 0x7f, 0xe7, 0x9f, 0xdf, 0x7f, 0xe7, 0x7f, 0xe7,
    0x9f, 0xdf, 0x7f, 0xe7, 0x7f, 0xe7, 0x9f, 0xdf, 0x9f, 0xe7, 0x7f, 0xe7,
    0x7f, 0xe7, 0x9f, 0xe7, 0x9f, 0xe7, 0x9f, 0xe7, 0x7f, 0xdf, 0x9f, 0xe7,
    0x9f, 0xe7, 0x7f, 0xe7, 0x7f, 0xdf, 0x5f, 0xd7, 0x1f, 0xcf, 0x1f, 0xcf,
    0x1e, 0xc7, 0x1f, 0xc7, 0x1f, 0xc7, 0x1f, 0xc7, 0xff, 0xce, 0x1e, 0xc7,
    0xfe, 0xc6, 0xff, 0xc6, 0xff, 0xc6, 0xfe, 0xc6, 0x1f, 0xcf, 0x1f, 0xc7,
    0x1e, 0xc7, 0x1f, 0xcf, 0x1f, 0xcf, 0xfe, 0xc6, 0xff, 0xc6, 0x1f, 0xc7,
    0x1f, 0xc7, 0x1f, 0xcf, 0x1f, 0xc7, 0xfe, 0xc6, 0xff, 0xc6, 0x1f, 0xc7,
    0x1f, 0xc7, 0xfe, 0xbe, 0xbe, 0xb6, 0x9e, 0xa6, 0x7e, 0xa6, 0x3d, 0x9e,
    0x3d, 0x96, 0x3d, 0x9e, 0x3d, 0x96, 0x5d, 0x9e, 0x5d, 0x9e, 0x3d, 0x96,
    0x3e, 0x9e, 0x5d, 0x9e, 0x5e, 0x96, 0x3d, 0x9e, 0x3d, 0x9e, 0x5e, 0x9e,
    0x3d, 0x96, 0x9f, 0xe7, 0xff, 0xff, 0xff, 0xff, 0xff, 0xff, 0xff, 0xff,
    0xff, 0xff, 0xff, 0xff, 0xff, 0xff, 0xff, 0xff, 0xff, 0xff, 0x7f, 0xe7,
    0xdf, 0xb6, 0xff, 0xbe, 0xdf, 0xbe, 0xdf, 0xbe, 0xfe, 0xbe, 0xdf, 0xbe,
    0xde, 0xbe, 0xff, 0xbe, 0xde, 0xbe, 0xde, 0xbe, 0xdf, 0xbe, 0xde, 0xbe,
    0xdf, 0xbe, 0xff, 0xbe, 0xfe, 0xbe, 0xde, 0xbe, 0xff, 0xbe, 0xfe, 0xbe,
    0xff, 0xbe, 0xde, 0xbe, 0xff, 0xbe, 0xff, 0xc6, 0xfe, 0xbe, 0xff, 0xc6,
    0xfe, 0xbe, 0xff, 0xbe, 0xff, 0xc6, 0xff, 0xbe, 0xff, 0xc6, 0xfe, 0xc6,
    0xfe, 0xbe, 0xff, 0xc6, 0xfe, 0xbe, 0xff, 0xc6, 0xfe, 0xc6, 0xff, 0xc6,
    0xff, 0xc6, 0xff, 0xc6, 0xfe, 0xbe, 0xff, 0xc6, 0xfe, 0xc6, 0xfe, 0xc6,
    0x1f, 0xc7, 0x1f, 0xc7, 0xfe, 0xc6, 0xdf, 0xbe, 0x9c, 0x75, 0x7c, 0x6d,
    0x7b, 0x6d, 0x7b, 0x6d, 0x7c, 0x75, 0x5b, 0x6d, 0x7b, 0x6d, 0x5c, 0x6d,
    0x7b, 0x6d, 0x7c, 0x75, 0x5b, 0x6d, 0x7c, 0x6d, 0x7b, 0x6d, 0x7c, 0x6d,
    0x7b, 0x6d, 0x7c, 0x75, 0x9c, 0x6d, 0x7b, 0x6d, 0x7b, 0x75, 0x7c, 0x6d,
    0x5b, 0x6d, 0x7d, 0xa6, 0x5f, 0xd7, 0x3f, 0xcf, 0x3f, 0xcf, 0x3f, 0xcf,
    0x3f, 0xcf, 0x3f, 0xcf, 0x3f, 0xcf, 0x3f, 0xd7, 0x3f, 0xd7, 0x3f, 0xcf,
    0x3f, 0xd7, 0x3f, 0xcf, 0x1f, 0xcf, 0x3f, 0xd7, 0x3f, 0xcf, 0x3f, 0xd7,
    0x3f, 0xd7, 0x3f, 0xd7, 0x3f, 0xcf, 0x3f, 0xd7, 0x3f, 0xd7, 0x3f, 0xd7,
    0x3f, 0xd7, 0x3f, 0xd7, 0x3f, 0xd7, 0x5f, 0xd7, 0x3f, 0xd7, 0x5f, 0xd7,
    0x3f, 0xd7, 0x5f, 0xd7, 0x5f, 0xd7, 0x5f, 0xd7, 0x5f, 0xd7, 0x5f, 0xdf,
    0x5f, 0xd7, 0x5f, 0xd7, 0x5f, 0xd7, 0x5f, 0xd7, 0x5f, 0xd7, 0x5f, 0xdf,
    0x7f, 0xdf, 0x7f, 0xdf, 0x9f, 0xe7, 0x9f, 0xe7, 0x9f, 0xe7, 0x9f, 0xe7,
    0x9f, 0xe7, 0x9f, 0xe7, 0x7f, 0xe7, 0x9f, 0xe7, 0x7f, 0xe7, 0x9f, 0xe7,
    0x9f, 0xe7, 0x7f, 0xe7, 0x9f, 0xe7, 0x9f, 0xe7, 0x7f, 0xe7, 0x9f, 0xe7,
    0x9f, 0xef, 0x9f, 0xe7, 0x7f, 0xe7, 0x9f, 0xef, 0x9f, 0xe7, 0x9f, 0xe7,
    0x9f, 0xe7, 0x9f, 0xef, 0x9f, 0xe7, 0x9f, 0xef, 0x9f, 0xef, 0x9f, 0xe7,
    0x9f, 0xef, 0xbf, 0xef, 0xbf, 0xef, 0x9f, 0xef, 0x9f, 0xef, 0x9f, 0xe7,
    0x9f, 0xe7, 0x7f, 0xe7, 0x7f, 0xe7, 0x7f, 0xdf, 0x7f, 0xdf, 0x7f, 0xdf,
    0x9f, 0xe7, 0x7f, 0xdf, 0x7f, 0xdf, 0x7f, 0xe7, 0x7f, 0xe7, 0x7f, 0xe7,
    0x9f, 0xe7, 0x9f, 0xe7, 0x7f, 0xdf, 0x7f, 0xe7, 0x9f, 0xdf, 0x9f, 0xe7,
    0x7f, 0xe7, 0x7f, 0xdf, 0x7f, 0xe7, 0x9f, 0xe7, 0x9f, 0xe7, 0x7f, 0xe7,
    0x9f, 0xe7, 0x7f, 0xe7, 0x7f, 0xdf, 0x9f, 0xe7, 0x7f, 0xe7, 0x9f, 0xdf,
    0x7f, 0xe7, 0x9f, 0xe7, 0x9f, 0xe7, 0x9f, 0xe7, 0x9f, 0xe7, 0x7f, 0xdf,
    0x5f, 0xdf, 0x3f, 0xcf, 0x1f, 0xcf, 0x1f, 0xc7, 0x1f, 0xc7, 0x1f, 0xcf,
    0x1f, 0xc7, 0x1f, 0xcf, 0x1f, 0xc7, 0x1f, 0xcf, 0x1f, 0xc7, 0x1e, 0xc7,
    0x1f, 0xcf, 0x1f, 0xcf, 0x1e, 0xc7, 0xff, 0xc6, 0x1f, 0xc7, 0x1e, 0xcf,
    0x1f, 0xcf, 0x1f, 0xc7, 0x1e, 0xc7, 0x1f, 0xc7, 0xff, 0xc6, 0xff, 0xc6,
    0x1e, 0xcf, 0x1f, 0xc7, 0x1f, 0xc7, 0xfe, 0xc6, 0xfe, 0xc6, 0x1f, 0xc7,
    0xbe, 0xae, 0x7e, 0xa6, 0x5d, 0x9e, 0x3d, 0x96, 0x3d, 0x96, 0x3d, 0x9e,
    0x3d, 0x9e, 0x5e, 0x9e, 0x5e, 0x9e, 0x5e, 0x96, 0x3e, 0x96, 0x3d, 0x96,
    0x5e, 0x9e, 0x3d, 0x96, 0x5d, 0x9e, 0x5e, 0x9e, 0x3d, 0x9e, 0x5d, 0x9e,
    0x3e, 0x96, 0x9f, 0xe7, 0xff, 0xff, 0xff, 0xff, 0xff, 0xff, 0xff, 0xff,
    0xff, 0xff, 0xff, 0xff, 0xff, 0xff, 0xff, 0xff, 0xff, 0xff, 0x9f, 0xe7,
    0xdf, 0xbe, 0xfe, 0xbe, 0xff, 0xbe, 0xfe, 0xbe, 0xff, 0xbe, 0xff, 0xbe,
    0xfe, 0xbe, 0xff, 0xbe, 0xff, 0xbe, 0xde, 0xbe, 0xff, 0xbe, 0xfe, 0xbe,
    0xfe, 0xbe, 0xdf, 0xbe, 0xfe, 0xbe, 0xff, 0xbe, 0xfe, 0xbe, 0xfe, 0xbe,
    0xff, 0xc6, 0xfe, 0xbe, 0xff, 0xbe, 0xff, 0xc6, 0xff, 0xbe, 0xfe, 0xc6,
    0xff, 0xc6, 0xfe, 0xbe, 0xde, 0xbe, 0xff, 0xc6, 0xff, 0xc6, 0xfe, 0xbe,
    0xff, 0xc6, 0xfe, 0xc6, 0xff, 0xc6, 0x1f, 0xc7, 0xff, 0xbe, 0xfe, 0xc6,
    0xff, 0xc6, 0x1f, 0xc7, 0x1e, 0xc7, 0xff, 0xc6, 0xff, 0xc6, 0xfe, 0xc6,
    0xff, 0xc6, 0xff, 0xc6, 0xfe, 0xbe, 0x1f, 0xcf, 0x3d, 0x96, 0x5b, 0x6d,
    0x5b, 0x6d, 0x5b, 0x6d, 0x7c, 0x6d, 0x7c, 0x6d, 0x7b, 0x75, 0x5b, 0x6d,
    0x7c, 0x6d, 0x7b, 0x6d, 0x7b, 0x6d, 0x7c, 0x75, 0x7c, 0x6d, 0x7b, 0x75,
    0x7b, 0x6d, 0x7c, 0x6d, 0x7c, 0x75, 0x7b, 0x6d, 0x9c, 0x75, 0x5b, 0x6d,
    0xdc, 0x85, 0x3f, 0xd7, 0x3f, 0xd7, 0x3f, 0xcf, 0x3f, 0xcf, 0x1f, 0xcf,
    0x3f, 0xcf, 0x3f, 0xd7, 0x3f, 0xcf, 0x3f, 0xcf, 0x3f, 0xcf, 0x3f, 0xd7,
    0x3f, 0xd7, 0x3f, 0xcf, 0x3f, 0xcf, 0x3e, 0xd7, 0x3f, 0xcf, 0x3f, 0xd7,
    0x3f, 0xcf, 0x3f, 0xcf, 0x3f, 0xd7, 0x3f, 0xd7, 0x3f, 0xd7, 0x3f, 0xd7,
    0x5f, 0xd7, 0x3f, 0xd7, 0x3f, 0xd7, 0x5f, 0xd7, 0x3f, 0xd7, 0x3f, 0xd7,
    0x5f, 0xd7, 0x3f, 0xd7, 0x5f, 0xdf, 0x5f, 0xd7, 0x5f, 0xd7, 0x5f, 0xdf,
    0x5f, 0xd7, 0x5f, 0xd7, 0x5f, 0xdf, 0x5f, 0xdf, 0x5f, 0xd7, 0x5f, 0xdf,
    0x5f, 0xd7, 0x5f, 0xd7, 0x5f, 0xdf, 0x7f, 0xdf, 0x7f, 0xe7, 0x7f, 0xe7,
    0x9f, 0xe7, 0x9f, 0xe7, 0x9f, 0xe7, 0x9f, 0xe7, 0x7f, 0xe7, 0x9f, 0xef,
    0x9f, 0xe7, 0x9f, 0xe7, 0x9f, 0xe7, 0x9f, 0xef, 0x9f, 0xe7, 0x9f, 0xe7,
    0x9f, 0xe7, 0x7f, 0xef, 0x9f, 0xe7, 0x9f, 0xe7, 0x9f, 0xef, 0x9f, 0xef,
    0x9f, 0xe7, 0x9f, 0xef, 0x9f, 0xe7, 0x9f, 0xe7, 0x9f, 0xe7, 0x9f, 0xe7,
    0x9f, 0xe7, 0x9f, 0xe7, 0x9f, 0xe7, 0x7f, 0xdf, 0x7f, 0xdf, 0x7f, 0xdf,
    0x7f, 0xdf, 0x7f, 0xdf, 0x7f, 0xdf, 0x7f, 0xe7, 0x7f, 0xe7, 0x7f, 0xe7,
    0x9f, 0xe7, 0x7f, 0xdf, 0x7f, 0xe7, 0x9f, 0xdf, 0x7f, 0xdf, 0x7f, 0xe7,
    0x9f, 0xe7, 0x7f, 0xe7, 0x9f, 0xdf, 0x9f, 0xe7, 0x7f, 0xe7, 0x7f, 0xdf,
    0x9f, 0xe7, 0x9f, 0xe7, 0x7f, 0xe7, 0x9f, 0xe7, 0x7f, 0xdf, 0x7f, 0xe7,
    0x9f, 0xe7, 0x7f, 0xdf, 0x9f, 0xe7, 0x7f, 0xe7, 0x9f, 0xe7, 0x7f, 0xdf,
    0x9f, 0xe7, 0x9f, 0xe7, 0x9f, 0xe7, 0x7f, 0xdf, 0x5f, 0xd7, 0x1f, 0xcf,
    0x1e, 0xc7, 0x1f, 0xcf, 0x1f, 0xcf, 0x1f, 0xcf, 0x1e, 0xc7, 0x1e, 0xcf,
    0x1f, 0xc7, 0x1f, 0xcf, 0x1e, 0xcf, 0x1f, 0xcf, 0x1f, 0xc7, 0x1f, 0xc7,
    0x1f, 0xcf, 0x1f, 0xc7, 0x1f, 0xc7, 0x1e, 0xc7, 0x1f, 0xc7, 0x1f, 0xcf,
    0x1f, 0xcf, 0x1f, 0xc7, 0x1f, 0xc7, 0x1e, 0xcf, 0x1f, 0xc7, 0x1f, 0xcf,
    0xfe, 0xbe, 0xde, 0xbe, 0xdf, 0xbe, 0x9e, 0xae, 0x9e, 0xae, 0x5e, 0x9e,
    0x3d, 0x96, 0x1d, 0x96, 0x3d, 0x96, 0x3d, 0x9e, 0x3e, 0x9e, 0x3d, 0x96,
    0x3e, 0x96, 0x5d, 0x9e, 0x5d, 0x9e, 0x5d, 0x9e, 0x3d, 0x96, 0x5e, 0x96,
    0x3d, 0x9e, 0x3d, 0x9e, 0x5d, 0x9e, 0x5e, 0x9e, 0x3d, 0x96, 0x5d, 0x96,
    0x3d, 0x96, 0x9f, 0xe7, 0xff, 0xff, 0xff, 0xff, 0xff, 0xff, 0xff, 0xff,
    0xff, 0xff, 0xff, 0xff, 0xff, 0xff, 0xff, 0xff, 0xff, 0xff, 0x7f, 0xe7,
    0xde, 0xbe, 0xff, 0xbe, 0xfe, 0xbe, 0xff, 0xbe, 0xfe, 0xbe, 0xde, 0xbe,
    0xdf, 0xbe, 0xfe, 0xbe, 0xfe, 0xbe, 0xff, 0xbe, 0xff, 0xbe, 0xff, 0xbe,
    0xff, 0xbe, 0xff, 0xc6, 0xfe, 0xbe, 0xde, 0xbe, 0xff, 0xc6, 0xdf, 0xbe,
    0xfe, 0xbe, 0xff, 0xc6, 0xfe, 0xbe, 0xff, 0xc6, 0xfe, 0xbe, 0xff, 0xbe,
    0xff, 0xc6, 0xff, 0xc6, 0xfe, 0xbe, 0xfe, 0xc6, 0xfe, 0xc6, 0xff, 0xc6,
    0xff, 0xc6, 0xff, 0xc6, 0xfe, 0xc6, 0xfe, 0xbe, 0xff, 0xc6, 0xfe, 0xc6,
    0x1f, 0xc7, 0x1e, 0xc7, 0xff, 0xc6, 0xff, 0xc6, 0x1f, 0xc7, 0x1f, 0xc7,
    0xfe, 0xbe, 0xff, 0xc6, 0xff, 0xc6, 0x3f, 0xcf, 0xfd, 0x8d, 0x5b, 0x6d,
    0x7b, 0x6d, 0x7b, 0x6d, 0x7b, 0x75, 0x7b, 0x75, 0x7b, 0x6d, 0x7c, 0x6d,
    0x7b, 0x75, 0x5c, 0x6d, 0x7c, 0x75, 0x7b, 0x6d, 0x7c, 0x6d, 0x7b, 0x75,
    0x7c, 0x6d, 0x7b, 0x75, 0x7b, 0x6d, 0x7b, 0x75, 0x9c, 0x6d, 0xbc, 0x7d,
    0x7d, 0xa6, 0x3f, 0xd7, 0x3f, 0xcf, 0x3f, 0xcf, 0x1f, 0xcf, 0x3f, 0xd7,
    0x3f, 0xd7, 0x3f, 0xcf, 0x3f, 0xd7, 0x3f, 0xcf, 0x3f, 0xcf, 0x3f, 0xcf,
    0x3e, 0xd7, 0x3f, 0xd7, 0x3f, 0xd7, 0x3f, 0xd7, 0x3f, 0xd7, 0x3f, 0xcf,
    0x3f, 0xd7, 0x3f, 0xd7, 0x3f, 0xd7, 0x3f, 0xd7, 0x3f, 0xd7, 0x3f, 0xcf,
    0x5f, 0xd7, 0x5f, 0xd7, 0x5f, 0xd7, 0x3f, 0xd7, 0x5f, 0xd7, 0x5f, 0xd7,
    0x5f, 0xd7, 0x5f, 0xd7, 0x5f, 0xd7, 0x5f, 0xd7, 0x5f, 0xdf, 0x5f, 0xd7,
    0x5f, 0xdf, 0x5f, 0xd7, 0x5f, 0xd7, 0x5f, 0xdf, 0x5f, 0xdf, 0x5f, 0xd7,
    0x5f, 0xdf, 0x5f, 0xdf, 0x5f, 0xdf, 0x5f, 0xdf, 0x5f, 0xd7, 0x7f, 0xdf,
    0x7f, 0xdf, 0x9f, 0xe7, 0x9f, 0xef, 0x9f, 0xef, 0x9f, 0xe7, 0x9f, 0xe7,
    0x9f, 0xef, 0x9f, 0xe7, 0x9f, 0xef, 0x7f, 0xe7, 0x9f, 0xef, 0x9f, 0xef,
    0x7f, 0xe7, 0x9f, 0xe7, 0x9f, 0xe7, 0x9f, 0xe7, 0x9f, 0xef, 0x9f, 0xe7,
    0x9f, 0xe7, 0x9f, 0xe7, 0x7f, 0xe7, 0x7f, 0xe7, 0x7f, 0xdf, 0x7f, 0xdf,
    0x7f, 0xdf, 0x7f, 0xdf, 0x7f, 0xdf, 0x7f, 0xdf, 0x7f, 0xdf, 0x7f, 0xdf,
    0x7f, 0xdf, 0x7f, 0xdf, 0x7f, 0xe7, 0x7f, 0xdf, 0x7f, 0xdf, 0x7f, 0xdf,
    0x7f, 0xe7, 0x9f, 0xe7, 0x9f, 0xe7, 0x9f, 0xe7, 0x7f, 0xe7, 0x7f, 0xdf,
    0x7f, 0xdf, 0x9f, 0xe7, 0x7f, 0xe7, 0x7f, 0xe7, 0x7f, 0xe7, 0x7f, 0xdf,
    0x9f, 0xe7, 0x7f, 0xe7, 0x9f, 0xe7, 0x7f, 0xe7, 0x9f, 0xe7, 0x9f, 0xe7,
    0x7f, 0xe7, 0x9f, 0xe7, 0x7f, 0xe7, 0x9f, 0xe7, 0x9f, 0xe7, 0x7f, 0xe7,
    0x7f, 0xdf, 0x5f, 0xdf, 0x3f, 0xcf, 0x1f, 0xcf, 0x1f, 0xcf, 0x1e, 0xcf,
    0x1f, 0xcf, 0x1f, 0xc7, 0x1e, 0xcf, 0x1f, 0xcf, 0x1f, 0xc7, 0x1e, 0xcf,
    0x1f, 0xc7, 0x1f, 0xcf, 0x1e, 0xcf, 0x1f, 0xc7, 0x1f, 0xcf, 0x1e, 0xcf,
    0x1f, 0xc7, 0x1f, 0xcf, 0x1f, 0xcf, 0x1f, 0xc7, 0x1e, 0xc7, 0x1f, 0xcf,
    0x1f, 0xcf, 0x1f, 0xc7, 0x1f, 0xcf, 0xde, 0xb6, 0xff, 0xc6, 0xbe, 0xb6,
    0x7e, 0xa6, 0x7e, 0xa6, 0x5d, 0x9e, 0x5d, 0x9e, 0x5e, 0x9e, 0x3d, 0x96,
    0x3d, 0x96, 0x3d, 0x9e, 0x3d, 0x96, 0x3d, 0x96, 0x3d, 0x9e, 0x3e, 0x9e,
    0x5d, 0x96, 0x3d, 0x9e, 0x3e, 0x96, 0x3d, 0x9e, 0x5d, 0x9e, 0x5d, 0x9e,
    0x3d, 0x96, 0x3d, 0x96, 0x5e, 0x9e, 0x5d, 0x9e, 0x3e, 0x9e, 0x3e, 0x96,
    0x3d, 0x96, 0x7f, 0xe7, 0xff, 0xff, 0xff, 0xff, 0xff, 0xff, 0xff, 0xff,
    0xff, 0xff, 0xff, 0xff, 0xff, 0xff, 0xff, 0xff, 0xff, 0xff, 0x7f, 0xdf,
    0x9e, 0xae, 0xbe, 0xb6, 0xbe, 0xb6, 0xbf, 0xb6, 0xde, 0xb6, 0xdf, 0xbe,
    0xdf, 0xbe, 0xff, 0xbe, 0xfe, 0xc6, 0xff, 0xc6, 0xff, 0xc6, 0xff, 0xc6,
    0xfe, 0xc6, 0xff, 0xbe, 0xdf, 0xbe, 0xfe, 0xc6, 0xff, 0xbe, 0xff, 0xc6,
    0xdf, 0xc6, 0xfe, 0xbe, 0xff, 0xc6, 0xff, 0xc6, 0xfe, 0xbe, 0xfe, 0xbe,
    0xff, 0xc6, 0xff, 0xc6, 0xff, 0xbe, 0xff, 0xbe, 0xff, 0xc6, 0xfe, 0xc6,
    0x1f, 0xc7, 0xff, 0xc6, 0xfe, 0xbe, 0x1f, 0xc7, 0xff, 0xc6, 0xff, 0xc6,
    0x1e, 0xc7, 0xff, 0xc6, 0x1e, 0xc7, 0xfe, 0xc6, 0xff, 0xc6, 0xfe, 0xc6,
    0x1f, 0xc7, 0x1e, 0xc7, 0x1f, 0xc7, 0x1f, 0xc7, 0x9c, 0x75, 0x5b, 0x6d,
    0x7c, 0x6d, 0x7b, 0x6d, 0x5b, 0x6d, 0x7b, 0x6d, 0x7c, 0x75, 0x7c, 0x6d,
    0x7b, 0x6d, 0x7b, 0x6d, 0x7c, 0x75, 0x7b, 0x6d, 0x7b, 0x6d, 0x7c, 0x75,
    0x7c, 0x6d, 0x7b, 0x6d, 0x7b, 0x75, 0x7b, 0x6d, 0xbc, 0x7d, 0xbc, 0x7d,
    0xbe, 0xb6, 0x3f, 0xcf, 0x1f, 0xcf, 0x1f, 0xcf, 0x1f, 0xcf, 0x3f, 0xd7,
    0x3f, 0xcf, 0x3f, 0xcf, 0x3f, 0xd7, 0x3e, 0xd7, 0x3f, 0xd7, 0x3f, 0xcf,
    0x3f, 0xcf, 0x3f, 0xd7, 0x3f, 0xd7, 0x3f, 0xd7, 0x3f, 0xd7, 0x3f, 0xd7,
    0x3f, 0xd7, 0x3f, 0xd7, 0x3f, 0xd7, 0x5f, 0xd7, 0x3f, 0xd7, 0x5f, 0xd7,
    0x3f, 0xd7, 0x5f, 0xd7, 0x3f, 0xd7, 0x3f, 0xd7, 0x5f, 0xd7, 0x5f, 0xd7,
    0x5f, 0xd7, 0x3f, 0xdf, 0x5f, 0xd7, 0x5f, 0xdf, 0x5f, 0xd7, 0x5f, 0xd7,
    0x5f, 0xdf, 0x5f, 0xd7, 0x5f, 0xd7, 0x5f, 0xdf, 0x5f, 0xd7, 0x5f, 0xd7,
    0x5f, 0xdf, 0x5f, 0xd7, 0x7f, 0xd7, 0x7f, 0xdf, 0x7f, 0xdf, 0x5f, 0xdf,
    0x5f, 0xdf, 0x5f, 0xdf, 0x7f, 0xdf, 0x7f, 0xe7, 0x9f, 0xe7, 0x9f, 0xef,
    0x9f, 0xef, 0x9f, 0xe7, 0x9f, 0xef, 0x9f, 0xe7, 0x9f, 0xe7, 0x9f, 0xe7,
    0x9f, 0xef, 0x9f, 0xe7, 0x9f, 0xe7, 0x7f, 0xe7, 0x7f, 0xe7, 0x7f, 0xe7,
    0x7f, 0xdf, 0x7f, 0xdf, 0x7f, 0xdf, 0x7f, 0xdf, 0x7f, 0xe7, 0x7f, 0xdf,
    0x7f, 0xdf, 0x7f, 0xdf, 0x7f, 0xdf, 0x7f, 0xe7, 0x7f, 0xe7, 0x7f, 0xdf,
    0x7f, 0xe7, 0x7f, 0xdf, 0x7f, 0xdf, 0x7f, 0xe7, 0x9f, 0xdf, 0x7f, 0xdf,
    0x7f, 0xe7, 0x7f, 0xdf, 0x9f, 0xdf, 0x7f, 0xe7, 0x9f, 0xe7, 0x9f, 0xe7,
    0x7f, 0xe7, 0x9f, 0xe7, 0x9f, 0xdf, 0x7f, 0xe7, 0x9f, 0xdf, 0x9f, 0xe7,
    0x7f, 0xe7, 0x7f, 0xdf, 0x9f, 0xe7, 0x9f, 0xe7, 0x9f, 0xe7, 0x9f, 0xe7,
    0x9f, 0xe7, 0x9f, 0xe7, 0x9f, 0xe7, 0x7f, 0xe7, 0x7f, 0xdf, 0x3f, 0xd7,
    0x1f, 0xcf, 0x1f, 0xcf, 0x1f, 0xc7, 0x1e, 0xcf, 0x1f, 0xcf, 0x1f, 0xcf,
    0x1f, 0xcf, 0x1f, 0xc7, 0x1f, 0xcf, 0x1e, 0xc7, 0x1f, 0xcf, 0x1f, 0xcf,
    0x1f, 0xc7, 0x1f, 0xcf, 0x1f, 0xc7, 0x1f, 0xc7, 0x1f, 0xcf, 0x1f, 0xcf,
    0x1e, 0xcf, 0x1e, 0xc7, 0x1f, 0xc7, 0x1f, 0xcf, 0xff, 0xc6, 0xfe, 0xc6,
    0xde, 0xb6, 0xfe, 0xbe, 0xbe, 0xb6, 0x7e, 0xa6, 0x5d, 0x9e, 0x3d, 0x9e,
    0x5d, 0x9e, 0x3d, 0x96, 0x5d, 0x9e, 0x5d, 0x9e, 0x3d, 0x96, 0x3d, 0x96,
    0x3d, 0x96, 0x3e, 0x9e, 0x3d, 0x96, 0x3d, 0x96, 0x3d, 0x96, 0x5d, 0x9e,
    0x3d, 0x9e, 0x5e, 0x96, 0x5d, 0x96, 0x3d, 0x96, 0x3e, 0x9e, 0x3d, 0x96,
    0x5e, 0x9e, 0x5e, 0x9e, 0x3d, 0x96, 0x3d, 0x96, 0x5e, 0x9e, 0x3d, 0x96,
    0x1d, 0x96, 0x9f, 0xe7, 0xff, 0xff, 0xff, 0xff, 0xff, 0xff, 0xff, 0xff,
    0xff, 0xff, 0xff, 0xff, 0xff, 0xff, 0xff, 0xff, 0xff, 0xff, 0x5f, 0xdf,
    0x9e, 0xa6, 0xbe, 0xae, 0xbe, 0xb6, 0xbe, 0xae, 0x9e, 0xae, 0xbe, 0xae,
    0xbe, 0xb6, 0xbe, 0xb6, 0xbf, 0xb6, 0xde, 0xbe, 0xde, 0xbe, 0xff, 0xbe,
    0xfe, 0xc6, 0xff, 0xbe, 0xff, 0xc6, 0xfe, 0xc6, 0xfe, 0xbe, 0xff, 0xc6,
    0xff, 0xc6, 0xfe, 0xbe, 0xff, 0xc6, 0xff, 0xc6, 0xfe, 0xc6, 0xff, 0xbe,
    0xfe, 0xc6, 0xfe, 0xc6, 0xfe, 0xc6, 0xff, 0xc6, 0xff, 0xc6, 0xfe, 0xc6,
    0x1e, 0xbf, 0x1f, 0xc7, 0xff, 0xc6, 0xfe, 0xc6, 0xff, 0xc6, 0xfe, 0xc6,
    0x1f, 0xc7, 0xff, 0xc6, 0x1f, 0xc7, 0xff, 0xc6, 0xfe, 0xbe, 0x1f, 0xc7,
    0xff, 0xc6, 0x1f, 0xc7, 0x1f, 0xcf, 0x9e, 0xae, 0x5b, 0x65, 0x5b, 0x6d,
    0x9c, 0x75, 0xbc, 0x7d, 0xdc, 0x85, 0xbc, 0x7d, 0x9c, 0x7d, 0x9c, 0x75,
    0x7c, 0x75, 0x7b, 0x6d, 0x7b, 0x6d, 0x7c, 0x6d, 0x7c, 0x6d, 0x7b, 0x6d,
    0x7b, 0x75, 0x7c, 0x75, 0x7c, 0x75, 0x7b, 0x6d, 0x5b, 0x6d, 0xbc, 0x7d,
    0x3f, 0xcf, 0x1f, 0xcf, 0x3f, 0xcf, 0x3f, 0xcf, 0x3f, 0xd7, 0x3f, 0xd7,
    0x3f, 0xcf, 0x3f, 0xcf, 0x1f, 0xd7, 0x3f, 0xcf, 0x3f, 0xd7, 0x3f, 0xd7,
    0x3f, 0xd7, 0x3f, 0xcf, 0x3f, 0xd7, 0x3f, 0xd7, 0x3f, 0xcf, 0x3f, 0xd7,
    0x3f, 0xd7, 0x3f, 0xcf, 0x5f, 0xd7, 0x3f, 0xd7, 0x3f, 0xcf, 0x5f, 0xd7,
    0x5f, 0xd7, 0x5f, 0xd7, 0x5f, 0xd7, 0x3f, 0xd7, 0x5f, 0xd7, 0x5f, 0xd7,
    0x5f, 0xd7, 0x5f, 0xdf, 0x5f, 0xdf, 0x5f, 0xd7, 0x5f, 0xd7, 0x5f, 0xdf,
    0x5f, 0xd7, 0x5f, 0xdf, 0x5f, 0xdf, 0x5f, 0xd7, 0x5f, 0xdf, 0x5f, 0xd7,
    0x5f, 0xdf, 0x5f, 0xd7, 0x5f, 0xd7, 0x5f, 0xdf, 0x5f, 0xdf, 0x7f, 0xdf,
    0x7f, 0xd7, 0x7f, 0xdf, 0x5f, 0xdf, 0x7f, 0xdf, 0x5f, 0xdf, 0x7f, 0xdf,
    0x7f, 0xe7, 0x9f, 0xe7, 0x9f, 0xe7, 0x9f, 0xef, 0x9f, 0xe7, 0x9f, 0xe7,
    0x7f, 0xe7, 0x7f, 0xe7, 0x7f, 0xe7, 0x7f, 0xdf, 0x7f, 0xdf, 0x7f, 0xdf,
    0x7f, 0xe7, 0x7f, 0xdf, 0x7f, 0xdf, 0x7f, 0xe7, 0x7f, 0xdf, 0x7f, 0xe7,
    0x7f, 0xe7, 0x7f, 0xdf, 0x7f, 0xdf, 0x7f, 0xdf, 0x7f, 0xdf, 0x7f, 0xe7,
    0x7f, 0xdf, 0x7f, 0xe7, 0x7f, 0xdf, 0x7f, 0xdf, 0x7f, 0xe7, 0x7f, 0xe7,
    0x7f, 0xe7, 0x7f, 0xe7, 0x9f, 0xdf, 0x7f, 0xe7, 0x7f, 0xe7, 0x9f, 0xe7,
    0x7f, 0xe7, 0x7f, 0xe7, 0x9f, 0xe7, 0x9f, 0xe7, 0x7f, 0xe7, 0x9f, 0xe7,
    0x9f, 0xe7, 0x9f, 0xe7, 0x9f, 0xe7, 0x7f, 0xe7, 0x7f, 0xdf, 0x7f, 0xdf,
    0x7f, 0xdf, 0x5f, 0xdf, 0x3f, 0xd7, 0x3f, 0xcf, 0x1f, 0xcf, 0x1f, 0xcf,
    0x1f, 0xcf, 0x3f, 0xcf, 0x1e, 0xcf, 0x1f, 0xcf, 0x1f, 0xc7, 0x1f, 0xcf,
    0x1e, 0xcf, 0x3f, 0xcf, 0x1f, 0xcf, 0x1f, 0xcf, 0x1f, 0xc7, 0x3f, 0xcf,
    0x1e, 0xcf, 0x1f, 0xc7, 0x1e, 0xcf, 0x1f, 0xcf, 0x3f, 0xcf, 0x3f, 0xcf,
    0xfe, 0xc6, 0xbe, 0xb6, 0x1f, 0xc7, 0x1f, 0xcf, 0xbe, 0xb6, 0x9e, 0xa6,
    0x5d, 0x9e, 0x3d, 0x96, 0x3d, 0x96, 0x5d, 0x9e, 0x3d, 0x9e, 0x5d, 0x9e,
    0x5e, 0x9e, 0x5e, 0x9e, 0x3d, 0x96, 0x1d, 0x96, 0x3d, 0x96, 0x1d, 0x96,
    0x3d, 0x96, 0x3d, 0x9e, 0x3e, 0x96, 0x3e, 0x96, 0x3d, 0x9e, 0x3d, 0x96,
    0x5e, 0x9e, 0x3d, 0x9e, 0x5e, 0x9e, 0x5d, 0x9e, 0x3d, 0x96, 0x7e, 0xa6,
    0x5e, 0xa6, 0x5d, 0x9e, 0x3d, 0x96, 0x3d, 0x9e, 0x3d, 0x96, 0x3d, 0x96,
    0x1d, 0x8e, 0x7f, 0xe7, 0xff, 0xff, 0xff, 0xff, 0xff, 0xff, 0xff, 0xff,
    0xff, 0xff, 0xff, 0xff, 0xff, 0xff, 0xff, 0xff, 0xff, 0xff, 0x5f, 0xdf,
    0x9e, 0xa6, 0xbf, 0xae, 0xbe, 0xae, 0xbe, 0xb6, 0xbe, 0xae, 0xbe, 0xae,
    0xbe, 0xae, 0xbe, 0xae, 0xbe, 0xae, 0xbe, 0xae, 0xbe, 0xae, 0xbe, 0xae,
    0xbe, 0xb6, 0xbe, 0xb6, 0xde, 0xb6, 0xde, 0xbe, 0xdf, 0xbe, 0xff, 0xbe,
    0xfe, 0xc6, 0xff, 0xbe, 0xfe, 0xc6, 0xff, 0xc6, 0xff, 0xc6, 0xff, 0xc6,
    0xff, 0xc6, 0xfe, 0xc6, 0xff, 0xc6, 0xfe, 0xc6, 0x1f, 0xc7, 0xff, 0xbe,
    0xfe, 0xbe, 0xff, 0xc6, 0xff, 0xc6, 0xfe, 0xbe, 0xff, 0xbe, 0xff, 0xbe,
    0xfe, 0xbe, 0xfe, 0xbe, 0xff, 0xbe, 0xfe, 0xbe, 0xfe, 0xbe, 0xff, 0xbe,
    0xfe, 0xbe, 0xfe, 0xbe, 0x1f, 0xc7, 0x1d, 0x96, 0x3b, 0x65, 0x7b, 0x6d,
    0x7b, 0x75, 0x9c, 0x75, 0x1d, 0x96, 0xbc, 0x7d, 0x7c, 0x6d, 0x7c, 0x75,
    0x7c, 0x75, 0x7c, 0x75, 0x7b, 0x6d, 0x7b, 0x6d, 0x7c, 0x75, 0x7b, 0x6d,
    0x7b, 0x6d, 0x7c, 0x6d, 0x9c, 0x75, 0x7b, 0x6d, 0x3b, 0x65, 0x3d, 0x9e,
    0x1f, 0xcf, 0xff, 0xc6, 0xff, 0xc6, 0x1e, 0xc7, 0xff, 0xc6, 0x1e, 0xcf,
    0x1e, 0xcf, 0x1f, 0xcf, 0x1f, 0xcf, 0x3f, 0xcf, 0x3f, 0xcf, 0x3f, 0xcf,
    0x3f, 0xd7, 0x3f, 0xd7, 0x3f, 0xd7, 0x5f, 0xd7, 0x5f, 0xd7, 0x5f, 0xd7,
    0x5f, 0xd7, 0x5f, 0xd7, 0x5f, 0xd7, 0x3f, 0xd7, 0x5f, 0xd7, 0x5f, 0xd7,
    0x5f, 0xd7, 0x5f, 0xd7, 0x5f, 0xd7, 0x5f, 0xd7, 0x5f, 0xd7, 0x5f, 0xd7,
    0x5f, 0xdf, 0x5f, 0xd7, 0x5f, 0xd7, 0x5f, 0xd7, 0x5f, 0xdf, 0x5f, 0xd7,
    0x5f, 0xd7, 0x5f, 0xdf, 0x5f, 0xd7, 0x5f, 0xdf, 0x5f, 0xd7, 0x5f, 0xdf,
    0x7f, 0xdf, 0x5f, 0xdf, 0x5f, 0xd7, 0x5f, 0xdf, 0x5f, 0xdf, 0x7f, 0xd7,
    0x7f, 0xdf, 0x5f, 0xdf, 0x7f, 0xdf, 0x7f, 0xdf, 0x7f, 0xd7, 0x5f, 0xdf,
    0x7f, 0xdf, 0x7f, 0xdf, 0x7f, 0xdf, 0x7f, 0xdf, 0x7f, 0xe7, 0x7f, 0xe7,
    0x7f, 0xdf, 0x7f, 0xe7, 0x7f, 0xe7, 0x7f, 0xdf, 0x7f, 0xdf, 0x7f, 0xdf,
    0x7f, 0xdf, 0x7f, 0xe7, 0x7f, 0xe7, 0x7f, 0xdf, 0x7f, 0xe7, 0x7f, 0xdf,
    0x7f, 0xdf, 0x7f, 0xe7, 0x7f, 0xe7, 0x7f, 0xdf, 0x7f, 0xdf, 0x7f, 0xe7,
    0x7f, 0xe7, 0x7f, 0xe7, 0x7f, 0xe7, 0x7f, 0xdf, 0x9f, 0xdf, 0x7f, 0xe7,
    0x7f, 0xdf, 0x7f, 0xdf, 0x7f, 0xdf, 0x7f, 0xdf, 0x7f, 0xdf, 0x7f, 0xdf,
    0x7f, 0xdf, 0x7f, 0xdf, 0x7f, 0xdf, 0x5f, 0xdf, 0x5f, 0xdf, 0x5f, 0xdf,
    0x7f, 0xd7, 0x5f, 0xd7, 0x5f, 0xd7, 0x5f, 0xd7, 0x3f, 0xd7, 0x3f, 0xcf,
    0x3f, 0xcf, 0x1e, 0xcf, 0x1f, 0xcf, 0x3f, 0xcf, 0x3e, 0xcf, 0x1f, 0xcf,
    0x1f, 0xcf, 0x3f, 0xcf, 0x3f, 0xcf, 0x3f, 0xcf, 0x3f, 0xcf, 0x1f, 0xc7,
    0x3f, 0xcf, 0x3f, 0xcf, 0x3f, 0xcf, 0x1e, 0xcf, 0x1f, 0xcf, 0x3f, 0xcf,
    0x3f, 0xcf, 0x3f, 0xcf, 0x1f, 0xcf, 0x1f, 0xcf, 0x3f, 0xcf, 0x1e, 0xc7,
    0x7e, 0xa6, 0x9e, 0xae, 0x9e, 0xa6, 0x7e, 0xa6, 0x5d, 0x9e, 0x3d, 0x96,
    0x3d, 0x96, 0x3d, 0x96, 0x3d, 0x96, 0x3d, 0x9e, 0x5d, 0x9e, 0x3e, 0x96,
    0x3d, 0x96, 0x3d, 0x96, 0x3d, 0x96, 0x3d, 0x96, 0x3e, 0x96, 0x3d, 0x96,
    0x3d, 0x96, 0x3d, 0x96, 0x3d, 0x96, 0x3d, 0x96, 0x3d, 0x96, 0x5e, 0x9e,
    0x7e, 0xa6, 0x3d, 0x96, 0x5e, 0x9e, 0x3d, 0x9e, 0x5d, 0x9e, 0x3d, 0x9e,
    0x3d, 0x96, 0x3d, 0x96, 0x1d, 0x96, 0x1d, 0x8e, 0x1d, 0x8e, 0x3e, 0x96,
    0x1d, 0x8e, 0x7f, 0xe7, 0xff, 0xff, 0xff, 0xff, 0xff, 0xff, 0xff, 0xff,
    0xff, 0xff, 0xff, 0xff, 0xff, 0xff, 0xff, 0xff, 0xff, 0xff, 0x5f, 0xdf,
    0x9e, 0xae, 0xbe, 0xae, 0xbf, 0xae, 0xbe, 0xb6, 0xbf, 0xb6, 0xbe, 0xb6,
    0xbf, 0xae, 0xbe, 0xb6, 0xbe, 0xae, 0xbe, 0xae, 0xbf, 0xae, 0x9e, 0xae,
    0xbe, 0xae, 0xbe, 0xae, 0xbe, 0xae, 0xbe, 0xae, 0xbe, 0xae, 0xbe, 0xb6,
    0xbe, 0xb6, 0xbe, 0xb6, 0xdf, 0xb6, 0xde, 0xbe, 0xfe, 0xbe, 0xff, 0xbe,
    0xff, 0xbe, 0xfe, 0xbe, 0xff, 0xbe, 0xfe, 0xbe, 0xfe, 0xbe, 0xdf, 0xbe,
    0xde, 0xbe, 0xde, 0xbe, 0xfe, 0xbe, 0xde, 0xbe, 0xde, 0xbe, 0xdf, 0xbe,
    0xde, 0xbe, 0xde, 0xbe, 0xdf, 0xbe, 0xde, 0xbe, 0xdf, 0xbe, 0xde, 0xbe,
    0xdf, 0xbe, 0xde, 0xbe, 0xff, 0xbe, 0x9e, 0xae, 0x9b, 0x75, 0x5b, 0x65,
    0x3b, 0x65, 0x5b, 0x65, 0x1d, 0x96, 0xbc, 0x7d, 0x9b, 0x75, 0x7b, 0x75,
    0x9c, 0x75, 0x7c, 0x75, 0x7c, 0x75, 0x7b, 0x75, 0x7c, 0x75, 0x7b, 0x6d,
    0x7b, 0x6d, 0x7b, 0x6d, 0x7b, 0x75, 0x7b, 0x6d, 0x9c, 0x75, 0xde, 0xbe,
    0x1f, 0xc7, 0xff, 0xc6, 0xfe, 0xc6, 0xff, 0xc6, 0xff, 0xc6, 0x1e, 0xc7,
    0xff, 0xc6, 0x1e, 0xc7, 0x1f, 0xc7, 0x1e, 0xc7, 0xfe, 0xc6, 0x1f, 0xc7,
    0x1e, 0xc7, 0x1f, 0xcf, 0x3f, 0xcf, 0x3f, 0xcf, 0x3f, 0xcf, 0x3f, 0xd7,
    0x3f, 0xd7, 0x5f, 0xd7, 0x5f, 0xd7, 0x5f, 0xd7, 0x5f, 0xd7, 0x5f, 0xd7,
    0x3f, 0xd7, 0x5f, 0xd7, 0x5f, 0xdf, 0x5f, 0xdf, 0x5f, 0xd7, 0x5f, 0xdf,
    0x5f, 0xdf, 0x5f, 0xd7, 0x5f, 0xd7, 0x5f, 0xdf, 0x5f, 0xd7, 0x5f, 0xd7,
    0x5f, 0xdf, 0x5f, 0xd7, 0x5f, 0xdf, 0x7f, 0xdf, 0x5f, 0xd7, 0x5f, 0xd7,
    0x5f, 0xdf, 0x7f, 0xd7, 0x7f, 0xdf, 0x5f, 0xdf, 0x5f, 0xdf, 0x7f, 0xdf,
    0x5f, 0xdf, 0x5f, 0xdf, 0x7f, 0xdf, 0x7f, 0xdf, 0x5f, 0xdf, 0x5f, 0xdf,
    0x7f, 0xdf, 0x7f, 0xdf, 0x5f, 0xdf, 0x5f, 0xdf, 0x7f, 0xdf, 0x7f, 0xdf,
    0x7f, 0xdf, 0x7f, 0xdf, 0x7f, 0xdf, 0x7f, 0xdf, 0x7f, 0xe7, 0x7f, 0xe7,
    0x7f, 0xe7, 0x9f, 0xe7, 0x9f, 0xdf, 0x7f, 0xe7, 0x9f, 0xe7, 0x7f, 0xdf,
    0x7f, 0xdf, 0x7f, 0xe7, 0x7f, 0xdf, 0x7f, 0xdf, 0x7f, 0xdf, 0x7f, 0xdf,
    0x5f, 0xd7, 0x5f, 0xd7, 0x5f, 0xd7, 0x5f, 0xd7, 0x5f, 0xd7, 0x5f, 0xd7,
    0x5f, 0xd7, 0x5f, 0xd7, 0x3f, 0xd7, 0x5f, 0xd7, 0x5f, 0xd7, 0x5f, 0xd7,
    0x5f, 0xd7, 0x5f, 0xd7, 0x5f, 0xd7, 0x5f, 0xd7, 0x5f, 0xd7, 0x5f, 0xd7,
    0x5f, 0xd7, 0x3f, 0xd7, 0x3f, 0xcf, 0x3f, 0xcf, 0x1e, 0xcf, 0x3f, 0xcf,
    0x1f, 0xcf, 0x3f, 0xcf, 0x1f, 0xcf, 0x3f, 0xcf, 0x3f, 0xcf, 0x3f, 0xcf,
    0x3f, 0xcf, 0x1f, 0xcf, 0x3f, 0xcf, 0x3f, 0xcf, 0x3e, 0xcf, 0x1f, 0xcf,
    0x3f, 0xcf, 0x3f, 0xcf, 0x3f, 0xcf, 0x3f, 0xcf, 0x1e, 0xc7, 0x1f, 0xc7,
    0x1f, 0xc7, 0xfe, 0xc6, 0xfe, 0xbe, 0xff, 0xc6, 0xbe, 0xb6, 0x7e, 0x9e,
    0x3d, 0x9e, 0x5d, 0x9e, 0x3d, 0x9e, 0x3d, 0x96, 0x3d, 0x96, 0x3d, 0x9e,
    0x3e, 0x96, 0x3d, 0x96, 0x3d, 0x96, 0x3e, 0x96, 0x3e, 0x9e, 0x3d, 0x96,
    0x3d, 0x9e, 0x3d, 0x9e, 0x3d, 0x96, 0x3d, 0x96, 0x3d, 0x96, 0x3d, 0x96,
    0x3d, 0x96, 0x3d, 0x96, 0x3d, 0x96, 0x3d, 0x96, 0x3e, 0x9e, 0x9e, 0xae,
    0x5d, 0x9e, 0x3d, 0x96, 0x3d, 0x96, 0x3d, 0x96, 0x1d, 0x96, 0x1d, 0x8e,
    0x1d, 0x8e, 0x1d, 0x96, 0x1d, 0x96, 0x1d, 0x8e, 0x1d, 0x8e, 0x1d, 0x96,
    0x1d, 0x8e, 0x7f, 0xe7, 0xff, 0xff, 0xff, 0xff, 0xff, 0xff, 0xff, 0xff,
    0xff, 0xff, 0xff, 0xff, 0xff, 0xff, 0xff, 0xff, 0xff, 0xff, 0x5f, 0xdf,
    0x9e, 0xa6, 0x9e, 0xae, 0xbe, 0xae, 0x9e, 0xae, 0xbe, 0xb6, 0xbf, 0xae,
    0x9e, 0xae, 0xbe, 0xb6, 0x9f, 0xae, 0xbe, 0xb6, 0xbe, 0xae, 0xbf, 0xb6,
    0xbe, 0xb6, 0xbf, 0xb6, 0xbe, 0xb6, 0xbe, 0xae, 0xbf, 0xb6, 0xbe, 0xae,
    0xbe, 0xae, 0x9e, 0xae, 0xbe, 0xae, 0x9e, 0xae, 0xbe, 0xae, 0xbe, 0xae,
    0xbe, 0xb6, 0xbe, 0xb6, 0xbe, 0xb6, 0xdf, 0xb6, 0xde, 0xbe, 0xdf, 0xbe,
    0xff, 0xbe, 0xfe, 0xb6, 0xff, 0xbe, 0xdf, 0xbe, 0xde, 0xbe, 0xdf, 0xbe,
    0xdf, 0xbe, 0xde, 0xbe, 0xdf, 0xbe, 0xff, 0xbe, 0xde, 0xbe, 0xdf, 0xbe,
    0xfe, 0xbe, 0xff, 0xbe, 0xdf, 0xbe, 0x1f, 0xc7, 0xfe, 0xbe, 0x1d, 0x96,
    0x9c, 0x7d, 0xbc, 0x7d, 0xfc, 0x8d, 0x9c, 0x75, 0x7c, 0x75, 0x9b, 0x6d,
    0x9b, 0x6d, 0x7c, 0x75, 0x7b, 0x75, 0x7c, 0x75, 0x7c, 0x75, 0x9c, 0x75,
    0x7c, 0x75, 0x7b, 0x75, 0x7b, 0x6d, 0x5b, 0x6d, 0x3d, 0x9e, 0x1f, 0xcf,
    0xff, 0xc6, 0xfe, 0xc6, 0x1f, 0xc7, 0x1f, 0xc7, 0xfe, 0xc6, 0x1f, 0xc7,
    0x1f, 0xc7, 0xff, 0xc6, 0x1f, 0xc7, 0x1f, 0xc7, 0x1f, 0xc7, 0x1f, 0xc7,
    0x1f, 0xc7, 0x1e, 0xc7, 0x1f, 0xc7, 0x1f, 0xc7, 0x1e, 0xc7, 0x1f, 0xc7,
    0x1e, 0xc7, 0x1f, 0xcf, 0x1f, 0xcf, 0x3f, 0xcf, 0x3f, 0xd7, 0x3f, 0xd7,
    0x5f, 0xd7, 0x5f, 0xdf, 0x5f, 0xdf, 0x5f, 0xdf, 0x5f, 0xd7, 0x5f, 0xdf,
    0x5f, 0xd7, 0x5f, 0xd7, 0x5f, 0xdf, 0x5f, 0xdf, 0x5f, 0xdf, 0x5f, 0xdf,
    0x7f, 0xdf, 0x5f, 0xd7, 0x5f, 0xd7, 0x5f, 0xdf, 0x5f, 0xd7, 0x5f, 0xdf,
    0x5f, 0xd7, 0x7f, 0xd7, 0x7f, 0xdf, 0x7f, 0xdf, 0x7f, 0xdf, 0x5f, 0xd7,
    0x7f, 0xdf, 0x7f, 0xdf, 0x5f, 0xd7, 0x5f, 0xdf, 0x7f, 0xdf, 0x7f, 0xdf,
    0x7f, 0xdf, 0x7f, 0xdf, 0x7f, 0xdf, 0x5f, 0xdf, 0x5f, 0xdf, 0x7f, 0xdf,
    0x7f, 0xdf, 0x7f, 0xdf, 0x7f, 0xdf, 0x5f, 0xdf, 0x7f, 0xdf, 0x7f, 0xd7,
    0x5f, 0xdf, 0x5f, 0xdf, 0x5f, 0xdf, 0x5f, 0xd7, 0x5f, 0xd7, 0x5f, 0xd7,
    0x3f, 0xd7, 0x3f, 0xd7, 0x3f, 0xcf, 0x3f, 0xcf, 0x3f, 0xcf, 0x3f, 0xcf,
    0x3f, 0xcf, 0x3f, 0xd7, 0x3f, 0xd7, 0x5f, 0xd7, 0x5f, 0xd7, 0x3f, 0xd7,
    0x3f, 0xd7, 0x3f, 0xd7, 0x5f, 0xd7, 0x5f, 0xd7, 0x5f, 0xd7, 0x5f, 0xd7,
    0x5f, 0xd7, 0x5f, 0xd7, 0x5f, 0xd7, 0x5f, 0xd7, 0x3f, 0xd7, 0x3f, 0xcf,
    0x3f, 0xcf, 0x3f, 0xcf, 0x3f, 0xcf, 0x3f, 0xcf, 0x3f, 0xcf, 0x3f, 0xcf,
    0x3f, 0xcf, 0x3f, 0xcf, 0x3f, 0xcf, 0x3f, 0xcf, 0x3f, 0xcf, 0x3f, 0xd7,
    0x3e, 0xcf, 0x1f, 0xcf, 0x1e, 0xc7, 0x1f, 0xc7, 0x1f, 0xc7, 0x1f, 0xcf,
    0xfe, 0xc6, 0xde, 0xbe, 0xfe, 0xbe, 0xde, 0xbe, 0xbe, 0xb6, 0xbe, 0xb6,
    0x9e, 0xae, 0x9e, 0xae, 0x9e, 0xae, 0x5d, 0x9e, 0x3d, 0x96, 0x3d, 0x96,
    0x5d, 0x9e, 0x5d, 0x9e, 0x5e, 0x9e, 0x3d, 0x96, 0x3d, 0x96, 0x3d, 0x9e,
    0x3e, 0x9e, 0x3d, 0x9e, 0x3d, 0x96, 0x3d, 0x9e, 0x3d, 0x96, 0x3d, 0x96,
    0x3d, 0x9e, 0x3d, 0x96, 0x3e, 0x96, 0x3d, 0x9e, 0x3d, 0x9e, 0x3d, 0x96,
    0x3e, 0x9e, 0x3d, 0x96, 0x3d, 0x96, 0x1d, 0x96, 0x5e, 0xa6, 0x5d, 0x9e,
    0x1d, 0x8e, 0x1d, 0x96, 0x1d, 0x8e, 0x1d, 0x8e, 0x1d, 0x96, 0x1d, 0x8e,
    0x1d, 0x8e, 0x1d, 0x8e, 0x1d, 0x96, 0x1d, 0x96, 0x1d, 0x96, 0x1d, 0x8e,
    0x1d, 0x8e, 0x9f, 0xe7, 0xff, 0xff, 0xff, 0xff, 0xff, 0xff, 0xff, 0xff,
    0xff, 0xff, 0xff, 0xff, 0xff, 0xff, 0xff, 0xff, 0xff, 0xff, 0x5f, 0xdf,
    0x9e, 0xae, 0xbe, 0xae, 0xbe, 0xb6, 0xbe, 0xb6, 0xbf, 0xae, 0xbe, 0xb6,
    0xbe, 0xae, 0x9e, 0xae, 0xbe, 0xae, 0xbe, 0xb6, 0x9e, 0xae, 0xbe, 0xae,
    0xbe, 0xb6, 0xbe, 0xae, 0xbe, 0xae, 0xbf, 0xb6, 0x9e, 0xae, 0xbe, 0xae,
    0xbf, 0xb6, 0xbe, 0xae, 0xbe, 0xae, 0xbe, 0xb6, 0xbe, 0xae, 0xbe, 0xae,
    0x9e, 0xae, 0xbe, 0xae, 0xbe, 0xae, 0xbe, 0xae, 0xbe, 0xb6, 0xbe, 0xb6,
    0xbe, 0xb6, 0xbe, 0xb6, 0xde, 0xb6, 0xde, 0xb6, 0xdf, 0xbe, 0xfe, 0xbe,
    0xde, 0xb6, 0xff, 0xbe, 0xfe, 0xbe, 0xfe, 0xbe, 0xdf, 0xbe, 0xff, 0xbe,
    0xff, 0xbe, 0xfe, 0xbe, 0xff, 0xbe, 0xdf, 0xbe, 0xff, 0xc6, 0x1f, 0xc7,
    0x1f, 0xc7, 0x1f, 0xc7, 0xfd, 0x8d, 0x5b, 0x65, 0x7c, 0x6d, 0x7c, 0x75,
    0x9b, 0x75, 0x9c, 0x6d, 0x9c, 0x75, 0x7b, 0x6d, 0x7b, 0x6d, 0x7c, 0x75,
    0x7c, 0x6d, 0xbc, 0x7d, 0x7b, 0x75, 0x5b, 0x6d, 0xdf, 0xbe, 0x1f, 0xc7,
    0x1e, 0xc7, 0xff, 0xc6, 0xff, 0xc6, 0x1e, 0xc7, 0xff, 0xc6, 0xff, 0xc6,
    0x1f, 0xc7, 0xfe, 0xc6, 0x1e, 0xc7, 0x1f, 0xc7, 0x1f, 0xc7, 0x1f, 0xc7,
    0xfe, 0xc6, 0xfe, 0xc6, 0x1f, 0xc7, 0x1f, 0xc7, 0x1f, 0xc7, 0x1e, 0xc7,
    0x1f, 0xc7, 0xff, 0xc6, 0x1e, 0xc7, 0x1e, 0xc7, 0xfe, 0xc6, 0x1f, 0xc7,
    0x1e, 0xcf, 0x1e, 0xcf, 0x3f, 0xcf, 0x3f, 0xcf, 0x3f, 0xd7, 0x3f, 0xd7,
    0x5f, 0xd7, 0x5f, 0xd7, 0x5f, 0xd7, 0x5f, 0xd7, 0x5f, 0xd7, 0x5f, 0xd7,
    0x5f, 0xdf, 0x5f, 0xd7, 0x5f, 0xd7, 0x5f, 0xd7, 0x5f, 0xdf, 0x5f, 0xd7,
    0x5f, 0xd7, 0x5f, 0xd7, 0x5f, 0xd7, 0x5f, 0xdf, 0x5f, 0xdf, 0x7f, 0xd7,
    0x5f, 0xdf, 0x7f, 0xdf, 0x5f, 0xd7, 0x7f, 0xdf, 0x7f, 0xdf, 0x7f, 0xd7,
    0x5f, 0xdf, 0x5f, 0xdf, 0x7f, 0xdf, 0x7f, 0xdf, 0x5f, 0xd7, 0x5f, 0xd7,
    0x3f, 0xd7, 0x3f, 0xcf, 0x1e, 0xcf, 0x1e, 0xcf, 0x1f, 0xcf, 0x1e, 0xc7,
    0x1f, 0xc7, 0x1f, 0xc7, 0x1e, 0xcf, 0x1e, 0xc7, 0x1f, 0xcf, 0x1e, 0xcf,
    0x3f, 0xcf, 0x3e, 0xcf, 0x3f, 0xcf, 0x1e, 0xcf, 0x3e, 0xcf, 0x3f, 0xcf,
    0x3f, 0xcf, 0x3e, 0xcf, 0x3f, 0xcf, 0x3f, 0xcf, 0x5f, 0xd7, 0x5f, 0xd7,
    0x3f, 0xcf, 0x3f, 0xcf, 0x5f, 0xd7, 0x3f, 0xd7, 0x3f, 0xd7, 0x3f, 0xd7,
    0x3f, 0xcf, 0x3f, 0xd7, 0x3f, 0xcf, 0x3f, 0xcf, 0x1f, 0xcf, 0x1f, 0xcf,
    0x3e, 0xcf, 0x1f, 0xcf, 0x3f, 0xcf, 0x1f, 0xcf, 0x3f, 0xd7, 0x1e, 0xcf,
    0x1f, 0xc7, 0x1f, 0xcf, 0x1f, 0xcf, 0xfe, 0xc6, 0xde, 0xbe, 0xfe, 0xc6,
    0xde, 0xbe, 0xde, 0xb6, 0xbe, 0xb6, 0xbe, 0xb6, 0xbe, 0xb6, 0xde, 0xb6,
    0xbe, 0xb6, 0xbe, 0xb6, 0x9e, 0xae, 0xbe, 0xae, 0x9e, 0xb6, 0x9e, 0xb6,
    0x7e, 0xa6, 0x5d, 0xa6, 0x5d, 0x9e, 0x3d, 0x96, 0x3d, 0x96, 0x3d, 0x96,
    0x3e, 0x9e, 0x5d, 0x9e, 0x3d, 0x96, 0x3e, 0x96, 0x3d, 0x9e, 0x3d, 0x96,
    0x3d, 0x96, 0x3d, 0x9e, 0x3d, 0x9e, 0x3d, 0x96, 0x3d, 0x96, 0x3d, 0x96,
    0x3e, 0x96, 0x3d, 0x96, 0x3d, 0x96, 0x3d, 0x96, 0x3d, 0x96, 0x5e, 0xa6,
    0x3e, 0x9e, 0x1d, 0x96, 0x1d, 0x96, 0x1d, 0x96, 0x1d, 0x8e, 0xfd, 0x8d,
    0x1d, 0x8e, 0x1d, 0x8e, 0x1d, 0x96, 0x1d, 0x96, 0x1d, 0x8e, 0x1d, 0x96,
    0x1d, 0x8e, 0x1d, 0x96, 0x1d, 0x8e, 0x1d, 0x96, 0x1d, 0x8e, 0x1d, 0x8e,
    0x1d, 0x8e, 0x9f, 0xe7, 0xff, 0xff, 0xff, 0xff, 0xff, 0xff, 0xff, 0xff,
    0xff, 0xff, 0xff, 0xff, 0xff, 0xff, 0xff, 0xff, 0xff, 0xff, 0x5f, 0xdf,
    0x9e, 0xae, 0xbe, 0xae, 0xbe, 0xb6, 0xbf, 0xb6, 0xbe, 0xae, 0xbe, 0xae,
    0x9e, 0xb6, 0xbf, 0xae, 0xbe, 0xae, 0xbf, 0xb6, 0x9e, 0xae, 0xbe, 0xb6,
    0xbf, 0xae, 0x9e, 0xae, 0xbe, 0xae, 0xbe, 0xb6, 0xbe, 0xb6, 0xbe, 0xae,
    0xbe, 0xb6, 0xbf, 0xb6, 0xbe, 0xae, 0xbe, 0xb6, 0x9e, 0xae, 0xbe, 0xae,
    0xbe, 0xb6, 0xbf, 0xae, 0xbe, 0xae, 0xbe, 0xae, 0xbe, 0xae, 0xbe, 0xae,
    0xbe, 0xae, 0xbe, 0xb6, 0xbe, 0xae, 0xbe, 0xae, 0xbe, 0xb6, 0xbe, 0xae,
    0xbe, 0xb6, 0xbe, 0xb6, 0xde, 0xb6, 0xde, 0xb6, 0xde, 0xbe, 0xde, 0xbe,
    0xff, 0xbe, 0xfe, 0xc6, 0xfe, 0xc6, 0xff, 0xbe, 0xde, 0xbe, 0xfe, 0xbe,
    0xff, 0xc6, 0xff, 0xc6, 0xdc, 0x7d, 0x5b, 0x65, 0x7b, 0x6d, 0x7c, 0x75,
    0x7c, 0x75, 0x7b, 0x6d, 0x7c, 0x75, 0x7b, 0x75, 0x7b, 0x6d, 0x7b, 0x6d,
    0x7b, 0x75, 0xdc, 0x85, 0xdc, 0x85, 0xdc, 0x85, 0x9e, 0xae, 0xff, 0xc6,
    0x1f, 0xc7, 0x1e, 0xc7, 0x1f, 0xc7, 0x1f, 0xc7, 0x1f, 0xc7, 0x1f, 0xc7,
    0x1e, 0xc7, 0x1f, 0xc7, 0x1f, 0xc7, 0x1e, 0xcf, 0x1f, 0xcf, 0x1f, 0xcf,
    0x1f, 0xcf, 0x1f, 0xcf, 0x1f, 0xcf, 0x1e, 0xcf, 0x1f, 0xcf, 0x1f, 0xcf,
    0x1f, 0xcf, 0x1f, 0xcf, 0x1f, 0xcf, 0x1f, 0xcf, 0x3f, 0xcf, 0x1f, 0xcf,
    0x3f, 0xcf, 0x1f, 0xcf, 0x3f, 0xcf, 0x3f, 0xcf, 0x3f, 0xcf, 0x3e, 0xd7,
    0x3f, 0xd7, 0x3f, 0xd7, 0x5f, 0xdf, 0x7f, 0xdf, 0x7f, 0xdf, 0x7f, 0xe7,
    0x7f, 0xe7, 0x9f, 0xe7, 0x7f, 0xe7, 0x9f, 0xe7, 0x7f, 0xe7, 0x9f, 0xe7,
    0x9f, 0xe7, 0x9f, 0xe7, 0x9f, 0xe7, 0x9f, 0xe7, 0x9f, 0xe7, 0x9f, 0xe7,
    0x9f, 0xe7, 0x9f, 0xe7, 0x9f, 0xe7, 0xbf, 0xe7, 0x9f, 0xef, 0x9f, 0xe7,
    0xbf, 0xe7, 0x9f, 0xe7, 0x9f, 0xe7, 0x9f, 0xe7, 0x9f, 0xe7, 0x7f, 0xe7,
    0x7f, 0xdf, 0x5f, 0xdf, 0x7f, 0xdf, 0x7f, 0xdf, 0x7f, 0xdf, 0x7f, 0xdf,
    0x7f, 0xdf, 0x7f, 0xdf, 0x7f, 0xdf, 0x7f, 0xdf, 0x7f, 0xdf, 0x7f, 0xdf,
    0x7f, 0xdf, 0x7f, 0xdf, 0x7f, 0xdf, 0x7f, 0xdf, 0x7f, 0xe7, 0x7f, 0xe7,
    0x7f, 0xdf, 0x7f, 0xdf, 0x7f, 0xdf, 0x9f, 0xe7, 0x9f, 0xe7, 0x7f, 0xe7,
    0x7f, 0xdf, 0x9f, 0xe7, 0x1e, 0xc7, 0x1f, 0xc7, 0x5f, 0xd7, 0xde, 0xbe,
    0x3f, 0xd7, 0x3f, 0xcf, 0xde, 0xbe, 0xde, 0xbe, 0xde, 0xbe, 0x1e, 0xc7,
    0xde, 0xbe, 0xde, 0xbe, 0xde, 0xbe, 0xde, 0xbe, 0xde, 0xb6, 0xbe, 0xb6,
    0xbe, 0xb6, 0xbe, 0xb6, 0xbe, 0xb6, 0xbe, 0xb6, 0xbe, 0xae, 0xbe, 0xae,
    0xbf, 0xae, 0xbf, 0xb6, 0xbe, 0xb6, 0xbe, 0xb6, 0xbe, 0xb6, 0xbe, 0xb6,
    0xbf, 0xb6, 0xbe, 0xb6, 0x9e, 0xae, 0x9e, 0xae, 0x9e, 0xae, 0x5e, 0x9e,
    0x3d, 0x96, 0x3d, 0x96, 0x3d, 0x9e, 0x3e, 0x9e, 0x3d, 0x9e, 0x3d, 0x96,
    0x3d, 0x96, 0x3d, 0x96, 0x3d, 0x96, 0x3d, 0x96, 0x5d, 0x9e, 0x3d, 0x9e,
    0x3d, 0x96, 0x5e, 0x96, 0x5e, 0x9e, 0x3d, 0x9e, 0x3d, 0x96, 0x3d, 0x96,
    0x3d, 0x9e, 0x3d, 0x96, 0x3e, 0x9e, 0x3d, 0x96, 0x3e, 0x9e, 0x5d, 0x9e,
    0x1d, 0x96, 0x1d, 0x96, 0x1d, 0x8e, 0x3d, 0x96, 0x1d, 0x8e, 0x1d, 0x96,
    0x1d, 0x8e, 0x1d, 0x8e, 0x1d, 0x96, 0xfd, 0x8d, 0x1d, 0x8e, 0x1d, 0x96,
    0x1d, 0x96, 0x1d, 0x8e, 0x1d, 0x8e, 0x1d, 0x96, 0x3d, 0x8e, 0x1d, 0x8e,
    0x1d, 0x8e, 0x7f, 0xe7, 0xff, 0xff, 0xff, 0xff, 0xff, 0xff, 0xff, 0xff,
    0xff, 0xff, 0xff, 0xff, 0xff, 0xff, 0xff, 0xff, 0xff, 0xff, 0x5f, 0xdf,
    0x9e, 0xa6, 0xbe, 0xae, 0xbf, 0xb6, 0xbe, 0xb6, 0xbe, 0xae, 0xbe, 0xae,
    0xbe, 0xae, 0x9e, 0xb6, 0xbf, 0xb6, 0xbe, 0xae, 0xbe, 0xb6, 0xbf, 0xb6,
    0xbe, 0xb6, 0xbe, 0xb6, 0xbf, 0xae, 0xbe, 0xb6, 0xbf, 0xb6, 0xbe, 0xb6,
    0xbe, 0xb6, 0xbe, 0xb6, 0xbf, 0xb6, 0xbe, 0xb6, 0xbf, 0xb6, 0xbe, 0xb6,
    0xbe, 0xb6, 0xbf, 0xb6, 0xbe, 0xb6, 0xbe, 0xb6, 0xbf, 0xb6, 0xbe, 0xb6,
    0xdf, 0xb6, 0xbf, 0xb6, 0xbf, 0xb6, 0xbf, 0xb6, 0xbe, 0xb6, 0xbe, 0xb6,
    0xbe, 0xb6, 0xbf, 0xb6, 0xbe, 0xb6, 0xbf, 0xb6, 0xde, 0xb6, 0xde, 0xbe,
    0xdf, 0xbe, 0xdf, 0xbe, 0xfe, 0xbe, 0xff, 0xbe, 0xfe, 0xbe, 0xff, 0xc6,
    0x1f, 0xc7, 0xff, 0xc6, 0xbc, 0x75, 0x7b, 0x6d, 0x7c, 0x6d, 0x7b, 0x6d,
    0x7c, 0x75, 0x7b, 0x75, 0x7c, 0x6d, 0x9c, 0x75, 0x7c, 0x75, 0x7b, 0x6d,
    0x7b, 0x6d, 0xbc, 0x7d, 0xde, 0xbe, 0x5d, 0x9e, 0xbc, 0x7d, 0x1f, 0xc7,
    0x1f, 0xcf, 0x3f, 0xcf, 0x3f, 0xcf, 0x1f, 0xcf, 0x3f, 0xcf, 0x3f, 0xcf,
    0x3f, 0xcf, 0x1f, 0xcf, 0x3f, 0xcf, 0x3f, 0xcf, 0x3f, 0xcf, 0x3f, 0xcf,
    0x3f, 0xd7, 0x3f, 0xcf, 0x3f, 0xcf, 0x3f, 0xd7, 0x3f, 0xd7, 0x3f, 0xcf,
    0x3f, 0xcf, 0x3f, 0xcf, 0x3f, 0xcf, 0x3f, 0xd7, 0x3f, 0xd7, 0x5f, 0xd7,
    0x3f, 0xd7, 0x3f, 0xd7, 0x3f, 0xd7, 0x3f, 0xd7, 0x3f, 0xd7, 0x3f, 0xd7,
    0x3f, 0xd7, 0x3f, 0xd7, 0x3f, 0xd7, 0x3f, 0xd7, 0x5f, 0xd7, 0x5f, 0xd7,
    0x5f, 0xd7, 0x5f, 0xd7, 0x5f, 0xd7, 0x5f, 0xd7, 0x5f, 0xd7, 0x5f, 0xd7,
    0x5f, 0xdf, 0x5f, 0xdf, 0x5f, 0xdf, 0x7f, 0xdf, 0x7f, 0xdf, 0x5f, 0xdf,
    0x7f, 0xdf, 0x7f, 0xdf, 0x7f, 0xdf, 0x7f, 0xe7, 0x7f, 0xdf, 0x7f, 0xe7,
    0x9f, 0xe7, 0x7f, 0xe7, 0x9f, 0xe7, 0x9f, 0xe7, 0x9f, 0xe7, 0x9f, 0xe7,
    0x9f, 0xe7, 0x9f, 0xe7, 0x9f, 0xe7, 0xbf, 0xef, 0xbf, 0xef, 0xbf, 0xef,
    0x9f, 0xef, 0x9f, 0xef, 0x9f, 0xef, 0xbf, 0xef, 0x9f, 0xef, 0x9f, 0xe7,
    0xbf, 0xef, 0xbf, 0xef, 0xbf, 0xef, 0xbf, 0xef, 0xbf, 0xef, 0xbf, 0xf7,
    0xbf, 0xef, 0xbf, 0xef, 0xbf, 0xf7, 0x5f, 0xdf, 0x3e, 0xcf, 0xfe, 0xc6,
    0x9f, 0xef, 0x5f, 0xdf, 0xde, 0xb6, 0xfe, 0xc6, 0xde, 0xb6, 0xde, 0xb6,
    0xfe, 0xc6, 0xde, 0xb6, 0xbe, 0xb6, 0xbe, 0xb6, 0xbe, 0xb6, 0xbe, 0xb6,
    0xbe, 0xb6, 0xbe, 0xb6, 0xbe, 0xb6, 0xbe, 0xae, 0xbe, 0xae, 0xbe, 0xb6,
    0xbe, 0xb6, 0xbe, 0xb6, 0xbe, 0xb6, 0xbe, 0xb6, 0xbe, 0xae, 0xbe, 0xae,
    0xbe, 0xb6, 0xbf, 0xb6, 0xbe, 0xb6, 0xbf, 0xb6, 0xbe, 0xae, 0xbe, 0xae,
    0xbe, 0xae, 0x9e, 0xae, 0xbe, 0xae, 0x7e, 0xa6, 0x5d, 0x96, 0x3d, 0x96,
    0x3d, 0x96, 0x3d, 0x9e, 0x3e, 0x96, 0x3d, 0x96, 0x5d, 0x9e, 0x5e, 0x9e,
    0x3d, 0x96, 0x3d, 0x96, 0x3d, 0x96, 0x3e, 0x9e, 0x5d, 0x9e, 0x3d, 0x96,
    0x5e, 0x9e, 0x7e, 0xa6, 0x3d, 0x96, 0x5d, 0x9e, 0x3d, 0x96, 0x3d, 0x96,
    0x3d, 0x96, 0x3d, 0x96, 0x3d, 0x96, 0x1d, 0x96, 0x1d, 0x96, 0x1d, 0x8e,
    0x1d, 0x8e, 0x1d, 0x8e, 0x1d, 0x96, 0x1d, 0x8e, 0x1d, 0x96, 0x1d, 0x96,
    0x1d, 0x8e, 0x1d, 0x8e, 0x1d, 0x8e, 0x1d, 0x8e, 0x1d, 0x8e, 0x1d, 0x8e,
    0x1d, 0x96, 0x1d, 0x96, 0x1d, 0x8e, 0x1d, 0x8e, 0x1d, 0x96, 0x1d, 0x96,
    0x1d, 0x8e, 0x7f, 0xe7, 0xff, 0xff, 0xff, 0xff, 0xff, 0xff, 0xff, 0xff,
    0xff, 0xff, 0xff, 0xff, 0xff, 0xff, 0xff, 0xff, 0xff, 0xff, 0x7f, 0xe7,
    0xdf, 0xb6, 0xff, 0xbe, 0xdf, 0xbe, 0xdf, 0xbe, 0xdf, 0xbe, 0xdf, 0xbe,
    0xdf, 0xbe, 0xdf, 0xbe, 0xdf, 0xbe, 0xde, 0xbe, 0xdf, 0xbe, 0xdf, 0xbe,
    0xdf, 0xbe, 0xff, 0xbe, 0xdf, 0xbe, 0xff, 0xbe, 0xff, 0xbe, 0xff, 0xbe,
    0xff, 0xbe, 0xff, 0xbe, 0xff, 0xbe, 0xff, 0xbe, 0xff, 0xbe, 0xff, 0xbe,
    0xff, 0xc6, 0xdf, 0xbe, 0xff, 0xbe, 0xff, 0xc6, 0xff, 0xbe, 0xff, 0xbe,
    0xff, 0xc6, 0xff, 0xc6, 0xff, 0xc6, 0xff, 0xbe, 0xff, 0xbe, 0xff, 0xbe,
    0xff, 0xc6, 0xff, 0xc6, 0xff, 0xc6, 0xff, 0xc6, 0x1f, 0xc7, 0x1f, 0xc7,
    0xff, 0xc6, 0x1f, 0xc7, 0xff, 0xc6, 0xff, 0xc6, 0x1f, 0xc7, 0x1f, 0xc7,
    0x1f, 0xcf, 0xde, 0xb6, 0x7b, 0x6d, 0x7b, 0x6d, 0x7c, 0x6d, 0x7c, 0x6d,
    0x7b, 0x75, 0x7c, 0x6d, 0x7b, 0x6d, 0x7b, 0x6d, 0x9c, 0x75, 0x9c, 0x75,
    0x5b, 0x6d, 0x1d, 0x96, 0xfe, 0xbe, 0xbc, 0x7d, 0x5b, 0x65, 0xbe, 0xb6,
    0x3f, 0xcf, 0x3f, 0xcf, 0x1f, 0xcf, 0x1f, 0xcf, 0x1f, 0xcf, 0x1f, 0xcf,
    0x1f, 0xcf, 0x1f, 0xcf, 0x1f, 0xcf, 0x1f, 0xcf, 0x1e, 0xcf, 0x1f, 0xcf,
    0x3f, 0xcf, 0x3f, 0xcf, 0x1f, 0xcf, 0x1f, 0xcf, 0x3e, 0xcf, 0x3f, 0xcf,
    0x3f, 0xcf, 0x3e, 0xcf, 0x3f, 0xcf, 0x3f, 0xcf, 0x3f, 0xcf, 0x3f, 0xcf,
    0x3f, 0xcf, 0x3f, 0xd7, 0x3f, 0xd7, 0x3f, 0xcf, 0x3f, 0xcf, 0x3f, 0xcf,
    0x3f, 0xcf, 0x3f, 0xcf, 0x3f, 0xcf, 0x3f, 0xd7, 0x3f, 0xd7, 0x3f, 0xcf,
    0x3f, 0xd7, 0x3f, 0xd7, 0x3f, 0xd7, 0x5f, 0xd7, 0x3f, 0xd7, 0x3f, 0xd7,
    0x5f, 0xd7, 0x5f, 0xd7, 0x5f, 0xd7, 0x5f, 0xd7, 0x5f, 0xdf, 0x5f, 0xd7,
    0x5f, 0xd7, 0x5f, 0xdf, 0x5f, 0xdf, 0x5f, 0xdf, 0x5f, 0xdf, 0x7f, 0xdf,
    0x7f, 0xdf, 0x7f, 0xdf, 0x7f, 0xdf, 0x7f, 0xdf, 0x7f, 0xdf, 0x7f, 0xdf,
    0x7f, 0xe7, 0x7f, 0xe7, 0x7f, 0xdf, 0x7f, 0xe7, 0x7f, 0xe7, 0x9f, 0xe7,
    0x7f, 0xdf, 0x9f, 0xdf, 0x7f, 0xe7, 0x9f, 0xe7, 0x9f, 0xe7, 0x9f, 0xe7,
    0x9f, 0xe7, 0x7f, 0xe7, 0x9f, 0xe7, 0x9f, 0xe7, 0x9f, 0xe7, 0x3f, 0xcf,
    0x5f, 0xdf, 0x5f, 0xd7, 0x1e, 0xc7, 0x9e, 0xae, 0x9e, 0xae, 0xbe, 0xae,
    0xde, 0xbe, 0xde, 0xb6, 0xde, 0xb6, 0xbe, 0xb6, 0xbe, 0xb6, 0xbe, 0xb6,
    0xbe, 0xae, 0xbe, 0xb6, 0xbe, 0xb6, 0xbe, 0xb6, 0xde, 0xb6, 0xbf, 0xb6,
    0xbe, 0xb6, 0xbe, 0xb6, 0xbe, 0xb6, 0xbe, 0xb6, 0xbe, 0xb6, 0xbe, 0xb6,
    0xbe, 0xb6, 0xbe, 0xae, 0xbe, 0xae, 0xbe, 0xb6, 0xbe, 0xb6, 0xbe, 0xb6,
    0xbe, 0xb6, 0xbe, 0xb6, 0xbe, 0xae, 0xbe, 0xae, 0xbf, 0xb6, 0xbe, 0xae,
    0x9e, 0xae, 0x7e, 0xa6, 0x5e, 0x9e, 0x3d, 0x96, 0x3d, 0x9e, 0x3d, 0x9e,
    0x3d, 0x96, 0x3d, 0x9e, 0x5d, 0x96, 0x3d, 0x96, 0x3d, 0x96, 0x3d, 0x9e,
    0x3e, 0x9e, 0x3d, 0x96, 0x5d, 0x9e, 0x5e, 0x9e, 0x5e, 0xa6, 0x7e, 0xa6,
    0x9e, 0xae, 0x3d, 0x96, 0x3d, 0x96, 0x3d, 0x96, 0x1d, 0x96, 0x1d, 0x96,
    0x1d, 0x96, 0x1d, 0x96, 0x1d, 0x96, 0x1d, 0x96, 0x1d, 0x96, 0x3d, 0x96,
    0x1d, 0x8e, 0x1d, 0x96, 0x3d, 0x96, 0x1d, 0x8e, 0x1d, 0x8e, 0x1d, 0x8e,
    0x1d, 0x96, 0x1d, 0x96, 0x1d, 0x8e, 0x1d, 0x8e, 0x1d, 0x96, 0x1d, 0x8e,
    0x1d, 0x8e, 0x1d, 0x96, 0x1d, 0x8e, 0x1d, 0x8e, 0x1d, 0x8e, 0x1d, 0x8e,
    0x1d, 0x8e, 0x7f, 0xe7, 0xff, 0xff, 0xff, 0xff, 0xff, 0xff, 0xff, 0xff,
    0xff, 0xff, 0xff, 0xff, 0xff, 0xff, 0xff, 0xff, 0xff, 0xff, 0x9f, 0xe7,
    0xff, 0xbe, 0xff, 0xbe, 0xfe, 0xbe, 0xff, 0xbe, 0xff, 0xbe, 0xfe, 0xbe,
    0xff, 0xbe, 0xff, 0xbe, 0xfe, 0xbe, 0xfe, 0xbe, 0xff, 0xbe, 0xfe, 0xbe,
    0xfe, 0xbe, 0xfe, 0xbe, 0xff, 0xbe, 0xfe, 0xbe, 0xff, 0xbe, 0xdf, 0xc6,
    0xfe, 0xbe, 0xff, 0xbe, 0xfe, 0xbe, 0xff, 0xbe, 0xde, 0xc6, 0xff, 0xbe,
    0xff, 0xbe, 0xfe, 0xc6, 0xfe, 0xc6, 0xff, 0xc6, 0xfe, 0xbe, 0xff, 0xbe,
    0x1f, 0xc7, 0x1f, 0xc7, 0x1e, 0xc7, 0xfe, 0xbe, 0xfe, 0xbe, 0xff, 0xc6,
    0x1f, 0xc7, 0x1e, 0xbf, 0xff, 0xbe, 0xff, 0xc6, 0xff, 0xc6, 0x1e, 0xc7,
    0xff, 0xc6, 0xff, 0xc6, 0x1e, 0xc7, 0x3f, 0xcf, 0x1f, 0xcf, 0xff, 0xc6,
    0xff, 0xc6, 0x7e, 0xa6, 0x5b, 0x65, 0x7c, 0x6d, 0x7b, 0x6d, 0x7b, 0x6d,
    0x7b, 0x6d, 0x7b, 0x75, 0x7b, 0x6d, 0x7b, 0x6d, 0x7c, 0x6d, 0x9b, 0x75,
    0x7b, 0x6d, 0x9e, 0xae, 0x7c, 0x75, 0x7b, 0x6d, 0x5b, 0x65, 0x5d, 0xa6,
    0x5f, 0xd7, 0x1f, 0xcf, 0x1f, 0xc7, 0x1e, 0xc7, 0x1f, 0xcf, 0x1f, 0xcf,
    0x1e, 0xcf, 0x1f, 0xcf, 0x1f, 0xcf, 0x1e, 0xc7, 0x1f, 0xcf, 0x1f, 0xcf,
    0x1e, 0xcf, 0x1f, 0xcf, 0x1f, 0xcf, 0x1e, 0xc7, 0x1f, 0xcf, 0x1f, 0xcf,
    0x1f, 0xcf, 0x1f, 0xcf, 0x1f, 0xcf, 0x1e, 0xcf, 0x1f, 0xcf, 0x3f, 0xcf,
    0x1e, 0xcf, 0x3f, 0xcf, 0x3f, 0xcf, 0x3e, 0xcf, 0x3f, 0xcf, 0x3f, 0xcf,
    0x3f, 0xcf, 0x3f, 0xcf, 0x3e, 0xcf, 0x1f, 0xcf, 0x3f, 0xcf, 0x3f, 0xcf,
    0x3f, 0xcf, 0x3f, 0xd7, 0x5f, 0xd7, 0x5f, 0xd7, 0x3f, 0xd7, 0x5f, 0xd7,
    0x5f, 0xd7, 0x5f, 0xd7, 0x5f, 0xd7, 0x5f, 0xd7, 0x5f, 0xd7, 0x5f, 0xdf,
    0x5f, 0xdf, 0x7f, 0xdf, 0x7f, 0xdf, 0x7f, 0xdf, 0x7f, 0xdf, 0x7f, 0xdf,
    0x7f, 0xdf, 0x7f, 0xe7, 0x7f, 0xe7, 0x7f, 0xe7, 0x9f, 0xe7, 0x9f, 0xe7,
    0x9f, 0xe7, 0xbf, 0xef, 0xbf, 0xef, 0xbf, 0xef, 0xbf, 0xef, 0xbf, 0xef,
    0xbf, 0xef, 0xbf, 0xef, 0xbf, 0xef, 0xbf, 0xef, 0xbf, 0xf7, 0xbf, 0xef,
    0x7f, 0xdf, 0xbf, 0xef, 0x5f, 0xd7, 0x3f, 0xd7, 0x1f, 0xcf, 0xde, 0xb6,
    0xff, 0xbe, 0xde, 0xb6, 0xbe, 0xae, 0xbe, 0xae, 0xbe, 0xb6, 0xbe, 0xb6,
    0xbe, 0xae, 0xde, 0xb6, 0xdf, 0xb6, 0xbe, 0xb6, 0xbe, 0xb6, 0xbf, 0xb6,
    0xbe, 0xb6, 0xbe, 0xb6, 0xbf, 0xb6, 0xbe, 0xb6, 0xdf, 0xb6, 0xbe, 0xb6,
    0xbe, 0xae, 0xbe, 0xae, 0xbe, 0xae, 0xbe, 0xae, 0xbe, 0xb6, 0xde, 0xbe,
    0xff, 0xbe, 0xff, 0xbe, 0xfe, 0xbe, 0xdf, 0xb6, 0xbe, 0xb6, 0xbe, 0xb6,
    0xbf, 0xae, 0xbe, 0xae, 0xbe, 0xae, 0xbe, 0xae, 0x9e, 0xb6, 0xbe, 0xae,
    0x5e, 0x9e, 0x3d, 0x9e, 0x3d, 0x96, 0x5d, 0x9e, 0x3e, 0x9e, 0x3d, 0x96,
    0x3d, 0x96, 0x3e, 0x9e, 0x3d, 0x96, 0x3d, 0x9e, 0x5d, 0x9e, 0x5e, 0x9e,
    0x5e, 0x9e, 0x5d, 0x9e, 0x7e, 0xa6, 0x7e, 0xa6, 0x7e, 0xa6, 0x7d, 0xa6,
    0x3d, 0x96, 0xfd, 0x8d, 0x1d, 0x96, 0xfd, 0x8d, 0x1d, 0x96, 0x1d, 0x8e,
    0x1d, 0x96, 0x1d, 0x96, 0x1d, 0x8e, 0x1d, 0x8e, 0x3d, 0x96, 0x1d, 0x96,
    0x1d, 0x96, 0x1d, 0x8e, 0x1d, 0x8e, 0x1d, 0x96, 0x1d, 0x8e, 0x1d, 0x8e,
    0x1d, 0x96, 0x1d, 0x8e, 0x1d, 0x96, 0x1d, 0x8e, 0xfd, 0x8d, 0x1d, 0x96,
    0x1d, 0x8e, 0x1d, 0x96, 0x1d, 0x96, 0x1d, 0x8e, 0x1d, 0x96, 0x1d, 0x8e,
    0xfd, 0x8d, 0x7f, 0xe7, 0xff, 0xff, 0xff, 0xff, 0xff, 0xff, 0xff, 0xff,
    0xff, 0xff, 0xff, 0xff, 0xff, 0xff, 0xff, 0xff, 0xff, 0xff, 0x7f, 0xe7,
    0xde, 0xbe, 0xff, 0xbe, 0xfe, 0xbe, 0xff, 0xc6, 0xfe, 0xbe, 0xfe, 0xbe,
    0xff, 0xc6, 0xff, 0xbe, 0xfe, 0xc6, 0xff, 0xbe, 0xff, 0xc6, 0xff, 0xc6,
    0xfe, 0xc6, 0xff, 0xc6, 0xff, 0xc6, 0xfe, 0xc6, 0xfe, 0xc6, 0xff, 0xc6,
    0xff, 0xc6, 0xfe, 0xc6, 0xff, 0xc6, 0xff, 0xc6, 0xfe, 0xc6, 0xff, 0xc6,
    0x1f, 0xc7, 0xff, 0xc6, 0x1f, 0xc7, 0x1f, 0xc7, 0x1f, 0xc7, 0x1f, 0xcf,
    0xfe, 0xbe, 0x9e, 0xae, 0xde, 0xbe, 0x1f, 0xcf, 0x1f, 0xcf, 0x1f, 0xcf,
    0x1f, 0xc7, 0x1f, 0xc7, 0x1e, 0xc7, 0x1f, 0xc7, 0x1f, 0xc7, 0x1f, 0xcf,
    0x1f, 0xcf, 0x3f, 0xcf, 0x1f, 0xc7, 0x7d, 0xa6, 0xfc, 0x8d, 0xbc, 0x7d,
    0xbc, 0x7d, 0x9c, 0x75, 0x7b, 0x6d, 0x7c, 0x75, 0x7c, 0x6d, 0x7c, 0x6d,
    0x7b, 0x6d, 0x7c, 0x6d, 0x7b, 0x6d, 0x7c, 0x6d, 0x7b, 0x75, 0x5b, 0x6d,
    0x3d, 0x96, 0x3d, 0x9e, 0x5b, 0x6d, 0x9c, 0x75, 0x7b, 0x75, 0xfc, 0x8d,
    0x7f, 0xdf, 0x5f, 0xdf, 0x5f, 0xd7, 0x5f, 0xd7, 0x5f, 0xd7, 0x7f, 0xd7,
    0x7f, 0xdf, 0x5f, 0xd7, 0x7f, 0xdf, 0x5f, 0xdf, 0x7f, 0xd7, 0x7f, 0xdf,
    0x7f, 0xdf, 0x7f, 0xdf, 0x7f, 0xdf, 0x7f, 0xdf, 0x7f, 0xdf, 0x7f, 0xdf,
    0x7f, 0xdf, 0x7f, 0xdf, 0x7f, 0xdf, 0x7f, 0xdf, 0x7f, 0xdf, 0x7f, 0xdf,
    0x7f, 0xdf, 0x7f, 0xdf, 0x7f, 0xdf, 0x7f, 0xdf, 0x7f, 0xdf, 0x7f, 0xdf,
    0x7f, 0xdf, 0x7f, 0xdf, 0x7f, 0xdf, 0x7f, 0xdf, 0x7f, 0xdf, 0x7f, 0xe7,
    0x7f, 0xdf, 0x9f, 0xe7, 0x7f, 0xe7, 0x7f, 0xdf, 0x9f, 0xe7, 0x7f, 0xe7,
    0x9f, 0xe7, 0x9f, 0xe7, 0x9f, 0xe7, 0x7f, 0xe7, 0x9f, 0xe7, 0x9f, 0xe7,
    0x9f, 0xe7, 0x9f, 0xe7, 0x9f, 0xe7, 0x9f, 0xe7, 0x9f, 0xe7, 0x9f, 0xe7,
    0x9f, 0xe7, 0x9f, 0xe7, 0x9f, 0xe7, 0x9f, 0xe7, 0x9f, 0xe7, 0x9f, 0xef,
    0xbf, 0xef, 0xbf, 0xef, 0xbf, 0xef, 0xbf, 0xef, 0x9f, 0xe7, 0xbf, 0xef,
    0x9f, 0xef, 0x5f, 0xd7, 0x9f, 0xe7, 0x9f, 0xe7, 0x1f, 0xcf, 0xde, 0xbe,
    0xff, 0xbe, 0xfe, 0xbe, 0x9e, 0xae, 0x9e, 0xae, 0xbe, 0xae, 0xbe, 0xb6,
    0xbe, 0xb6, 0xbe, 0xb6, 0xbe, 0xb6, 0xbe, 0xb6, 0xbf, 0xb6, 0xbe, 0xb6,
    0xbe, 0xb6, 0xbf, 0xb6, 0xbf, 0xb6, 0xde, 0xb6, 0xbe, 0xb6, 0xbe, 0xb6,
    0xbe, 0xb6, 0xbe, 0xae, 0xbe, 0xae, 0xbe, 0xb6, 0xbe, 0xb6, 0xde, 0xb6,
    0xdf, 0xbe, 0x1f, 0xc7, 0x3f, 0xcf, 0x3f, 0xd7, 0x3f, 0xcf, 0x1f, 0xc7,
    0xdf, 0xbe, 0xbe, 0xb6, 0xbe, 0xae, 0x9e, 0xae, 0x9e, 0xae, 0xbe, 0xae,
    0xbe, 0xae, 0x9e, 0xae, 0xbe, 0xb6, 0x9e, 0xae, 0x5e, 0xa6, 0x5e, 0x9e,
    0x3d, 0x96, 0x3d, 0x96, 0x5e, 0x9e, 0x3d, 0x9e, 0x3d, 0x96, 0x3d, 0x96,
    0x3d, 0x9e, 0x3d, 0x96, 0x3d, 0x9e, 0x5e, 0x9e, 0x5d, 0x9e, 0x5e, 0x9e,
    0x5d, 0x9e, 0x5d, 0x9e, 0x3d, 0x96, 0x1d, 0x96, 0x1d, 0x8e, 0x1d, 0x8e,
    0xfd, 0x8d, 0x1d, 0x8e, 0xfd, 0x8d, 0x1d, 0x8e, 0x1d, 0x8e, 0x1d, 0x8e,
    0x1d, 0x8e, 0x1d, 0x8e, 0x1d, 0x8e, 0x1d, 0x8e, 0x1d, 0x8e, 0x1d, 0x96,
    0x1d, 0x8e, 0x1d, 0x8e, 0x1d, 0x8e, 0x1d, 0x8e, 0x1d, 0x8e, 0x1d, 0x96,
    0x1d, 0x8e, 0x1d, 0x8e, 0x1d, 0x8e, 0x1d, 0x8e, 0x1d, 0x8e, 0x1d, 0x8e,
    0x1d, 0x96, 0x1d, 0x8e, 0x1d, 0x8e, 0x1d, 0x96, 0x1d, 0x8e, 0x1d, 0x8e,
    0x1d, 0x8e, 0x7f, 0xe7, 0xff, 0xff, 0xff, 0xff, 0xff, 0xff, 0xff, 0xff,
    0xff, 0xff, 0xff, 0xff, 0xff, 0xff, 0xff, 0xff, 0xff, 0xff, 0x9f, 0xe7,
    0xff, 0xc6, 0x1f, 0xc7, 0x1f, 0xc7, 0x1f, 0xc7, 0x1f, 0xcf, 0x1f, 0xcf,
    0x1f, 0xcf, 0x1f, 0xcf, 0x1f, 0xcf, 0x1f, 0xcf, 0x3f, 0xcf, 0x3f, 0xcf,
    0x3f, 0xcf, 0x3f, 0xcf, 0x3f, 0xcf, 0x3f, 0xcf, 0x3f, 0xcf, 0x3f, 0xcf,
    0x3f, 0xcf, 0x3f, 0xd7, 0x3f, 0xd7, 0x3f, 0xcf, 0x3f, 0xcf, 0x3f, 0xcf,
    0x3f, 0xd7, 0x5f, 0xd7, 0x3f, 0xd7, 0x5f, 0xd7, 0x7f, 0xdf, 0xbe, 0xb6,
    0x7b, 0x75, 0x3b, 0x65, 0x7b, 0x75, 0x5d, 0xa6, 0x1f, 0xcf, 0x7f, 0xdf,
    0x5f, 0xd7, 0x3f, 0xd7, 0x3f, 0xd7, 0x5f, 0xd7, 0x3f, 0xd7, 0x5f, 0xd7,
    0x7f, 0xdf, 0x1f, 0xcf, 0xdc, 0x7d, 0x3b, 0x65, 0x5b, 0x65, 0x5b, 0x6d,
    0x5b, 0x6d, 0x5b, 0x6d, 0x7b, 0x6d, 0x7b, 0x75, 0x7c, 0x6d, 0x7b, 0x6d,
    0x7b, 0x6d, 0x7b, 0x75, 0x7b, 0x6d, 0x7c, 0x75, 0x7b, 0x6d, 0x9c, 0x75,
    0xbe, 0xb6, 0x7b, 0x6d, 0x7b, 0x75, 0x7c, 0x75, 0x7b, 0x6d, 0x9c, 0x7d,
    0x1f, 0xcf, 0x3f, 0xcf, 0x3f, 0xcf, 0x3f, 0xcf, 0x3f, 0xd7, 0x3f, 0xcf,
    0x3f, 0xcf, 0x3f, 0xcf, 0x3f, 0xd7, 0x5f, 0xd7, 0x5f, 0xd7, 0x5f, 0xd7,
    0x5f, 0xd7, 0x5f, 0xd7, 0x7f, 0xdf, 0x7f, 0xdf, 0x7f, 0xdf, 0x9f, 0xe7,
    0x9f, 0xe7, 0x9f, 0xe7, 0x9f, 0xe7, 0x9f, 0xe7, 0xbf, 0xef, 0x9f, 0xef,
    0x9f, 0xe7, 0xbf, 0xef, 0x9f, 0xef, 0x9f, 0xef, 0x9f, 0xef, 0x9f, 0xef,
    0x9f, 0xef, 0x9f, 0xef, 0x9f, 0xef, 0xbf, 0xef, 0x9f, 0xef, 0xbf, 0xef,
    0xbf, 0xef, 0x9f, 0xef, 0xbf, 0xef, 0x9f, 0xef, 0xbf, 0xe7, 0x9f, 0xef,
    0x9f, 0xe7, 0x9f, 0xef, 0x9f, 0xef, 0x9f, 0xe7, 0x9f, 0xe7, 0xbf, 0xef,
    0xbf, 0xe7, 0x9f, 0xe7, 0x9f, 0xef, 0x9f, 0xef, 0xbf, 0xef, 0x9f, 0xe7,
    0xbf, 0xef, 0xbf, 0xef, 0xbf, 0xef, 0xbf, 0xef, 0xbf, 0xef, 0xbf, 0xef,
    0xbf, 0xef, 0xbf, 0xf7, 0x9f, 0xe7, 0x3f, 0xcf, 0xfe, 0xc6, 0x3f, 0xcf,
    0xfe, 0xbe, 0xbe, 0xb6, 0xde, 0xb6, 0xbe, 0xae, 0x9e, 0xae, 0xbe, 0xae,
    0xbe, 0xae, 0xbe, 0xb6, 0xbe, 0xb6, 0xbe, 0xb6, 0xbe, 0xb6, 0xbe, 0xb6,
    0xbe, 0xb6, 0xbe, 0xae, 0xbe, 0xb6, 0xbe, 0xb6, 0xde, 0xb6, 0xbf, 0xb6,
    0xbe, 0xb6, 0xbe, 0xae, 0xbe, 0xae, 0xbe, 0xb6, 0xbe, 0xb6, 0xde, 0xb6,
    0xff, 0xbe, 0x1f, 0xc7, 0x3f, 0xcf, 0x7f, 0xdf, 0x7f, 0xe7, 0x9f, 0xe7,
    0x7f, 0xdf, 0x3f, 0xd7, 0x1f, 0xc7, 0xde, 0xbe, 0xbe, 0xae, 0x9e, 0xae,
    0xbe, 0xae, 0x9e, 0xae, 0x9e, 0xb6, 0xbe, 0xae, 0xbe, 0xb6, 0x9e, 0xae,
    0x9e, 0xb6, 0xbf, 0xb6, 0x9e, 0xae, 0x3d, 0x96, 0x3d, 0x96, 0x1d, 0x96,
    0x3d, 0x96, 0x3d, 0x96, 0x5e, 0x9e, 0x3d, 0x9e, 0x3d, 0x96, 0x3d, 0x96,
    0x3d, 0x9e, 0x7e, 0xa6, 0x7e, 0xa6, 0x1d, 0x96, 0x3d, 0x9e, 0x1d, 0x96,
    0x1d, 0x96, 0x1d, 0x8e, 0xfd, 0x8d, 0xfd, 0x8d, 0x1d, 0x8e, 0xfd, 0x8d,
    0x1d, 0x8e, 0xfd, 0x8d, 0x1d, 0x8e, 0xfd, 0x8d, 0xfd, 0x8d, 0x1d, 0x96,
    0x1d, 0x8e, 0x1d, 0x8e, 0x1d, 0x96, 0x1d, 0x96, 0x1d, 0x8e, 0x1d, 0x8e,
    0x1d, 0x96, 0x1d, 0x96, 0x1d, 0x8e, 0x1d, 0x8e, 0x1d, 0x96, 0x1d, 0x8e,
    0x1d, 0x8e, 0x1d, 0x8e, 0x1d, 0x96, 0x1d, 0x8e, 0x1d, 0x8e, 0x1d, 0x8e,
    0x1d, 0x8e, 0x1d, 0x8e, 0x1d, 0x8e, 0x1d, 0x8e, 0x1d, 0x8e, 0x1d, 0x8e,
    0x1d, 0x8e, 0x7f, 0xe7, 0xff, 0xff, 0xff, 0xff, 0xff, 0xff, 0xff, 0xff,
    0xff, 0xff, 0xff, 0xff, 0xff, 0xff, 0xff, 0xff, 0xff, 0xff, 0x9f, 0xe7,
    0xdf, 0xbe, 0xff, 0xbe, 0xfe, 0xbe, 0xff, 0xbe, 0xff, 0xbe, 0xde, 0xbe,
    0xfe, 0xbe, 0xfe, 0xbe, 0xde, 0xbe, 0xfe, 0xbe, 0xff, 0xbe, 0xfe, 0xbe,
    0xff, 0xbe, 0xff, 0xbe, 0xfe, 0xbe, 0xdf, 0xc6, 0xfe, 0xbe, 0xff, 0xc6,
    0xff, 0xc6, 0x1f, 0xc7, 0x3f, 0xcf, 0x3f, 0xcf, 0x3f, 0xcf, 0x3f, 0xcf,
    0x3f, 0xcf, 0x3f, 0xd7, 0x5f, 0xd7, 0x5f, 0xd7, 0x9e, 0xae, 0x5b, 0x6d,
    0x5b, 0x6d, 0x5b, 0x6d, 0x5b, 0x65, 0xbc, 0x7d, 0xfd, 0x8d, 0x1c, 0x96,
    0xde, 0xb6, 0x1f, 0xc7, 0x1f, 0xcf, 0x3f, 0xcf, 0x3f, 0xc7, 0x1f, 0xc7,
    0x9d, 0xae, 0x7b, 0x75, 0x5b, 0x65, 0x7b, 0x6d, 0x7b, 0x6d, 0x7b, 0x6d,
    0x7b, 0x6d, 0x7c, 0x6d, 0x7c, 0x6d, 0x7b, 0x6d, 0x7c, 0x75, 0x5c, 0x6d,
    0x7b, 0x6d, 0x5c, 0x6d, 0x7b, 0x6d, 0x7b, 0x75, 0x5b, 0x65, 0x5d, 0xa6,
    0x1d, 0x96, 0x5b, 0x65, 0x7b, 0x75, 0x7b, 0x75, 0x7b, 0x6d, 0x7b, 0x75,
    0xff, 0xc6, 0x3f, 0xcf, 0x1f, 0xcf, 0x1f, 0xcf, 0x1f, 0xcf, 0x1f, 0xcf,
    0x1f, 0xcf, 0x1f, 0xcf, 0x3e, 0xcf, 0x1f, 0xcf, 0x1f, 0xcf, 0x1f, 0xcf,
    0x1f, 0xcf, 0x1f, 0xcf, 0x1f, 0xcf, 0x3f, 0xcf, 0x3f, 0xd7, 0x3f, 0xd7,
    0x3f, 0xd7, 0x5f, 0xd7, 0x3f, 0xd7, 0x5f, 0xd7, 0x5f, 0xd7, 0x5f, 0xd7,
    0x5f, 0xd7, 0x5f, 0xd7, 0x5f, 0xd7, 0x5f, 0xd7, 0x5f, 0xd7, 0x5f, 0xd7,
    0x5f, 0xdf, 0x5f, 0xdf, 0x5f, 0xd7, 0x5f, 0xd7, 0x5f, 0xdf, 0x5f, 0xdf,
    0x5f, 0xd7, 0x7f, 0xdf, 0x7f, 0xdf, 0x9f, 0xdf, 0x9f, 0xe7, 0x9f, 0xef,
    0xbf, 0xef, 0xbf, 0xef, 0xbf, 0xef, 0xbf, 0xef, 0x9f, 0xef, 0x5f, 0xd7,
    0x9f, 0xe7, 0xbf, 0xef, 0xbf, 0xef, 0xbf, 0xef, 0x9f, 0xe7, 0x9f, 0xe7,
    0x9f, 0xef, 0x7f, 0xdf, 0xbf, 0xef, 0x7f, 0xdf, 0x3f, 0xd7, 0x5f, 0xd7,
    0x3f, 0xcf, 0x1e, 0xc7, 0xde, 0xb6, 0xbe, 0xae, 0x9e, 0xae, 0x9e, 0xa6,
    0x9e, 0xae, 0xbe, 0xae, 0xbe, 0xae, 0xbe, 0xb6, 0xbe, 0xae, 0xbe, 0xb6,
    0xbe, 0xb6, 0xbe, 0xb6, 0xbe, 0xae, 0xbe, 0xb6, 0xbe, 0xb6, 0xbe, 0xae,
    0xbe, 0xae, 0xbe, 0xae, 0xbe, 0xae, 0xbe, 0xb6, 0xbe, 0xb6, 0xde, 0xb6,
    0xff, 0xbe, 0x1f, 0xc7, 0x3f, 0xcf, 0x5f, 0xd7, 0x9f, 0xe7, 0xbf, 0xef,
    0xbf, 0xef, 0xbf, 0xef, 0x9f, 0xe7, 0x5f, 0xd7, 0x1f, 0xc7, 0xdf, 0xb6,
    0x9e, 0xae, 0x9e, 0xae, 0x9e, 0xae, 0x9e, 0xae, 0xbe, 0xae, 0xbe, 0xb6,
    0xbe, 0xae, 0xbe, 0xae, 0x9e, 0xae, 0xbe, 0xae, 0xbe, 0xae, 0x9e, 0xae,
    0x9e, 0xae, 0x7e, 0xa6, 0x3d, 0x96, 0x1d, 0x96, 0x3d, 0x96, 0x5e, 0x9e,
    0x7e, 0xa6, 0x7e, 0xa6, 0x7e, 0xa6, 0x5e, 0x9e, 0x3d, 0x96, 0x3d, 0x96,
    0x5e, 0x9e, 0x7e, 0xa6, 0x1d, 0x8e, 0x1d, 0x8e, 0x1d, 0x8e, 0x1d, 0x8e,
    0xfd, 0x8d, 0x1d, 0x96, 0x1d, 0x96, 0x1d, 0x8e, 0xfd, 0x8d, 0x1d, 0x8e,
    0xfd, 0x8d, 0x1d, 0x8e, 0x1d, 0x96, 0x1c, 0x8e, 0xfd, 0x8d, 0x1d, 0x8e,
    0x1d, 0x96, 0x1d, 0x8e, 0x1d, 0x8e, 0x1d, 0x8e, 0x1d, 0x8e, 0x1d, 0x8e,
    0x1d, 0x8e, 0x1d, 0x8e, 0x1d, 0x8e, 0x1d, 0x8e, 0x1d, 0x8e, 0x1d, 0x8e,
    0x1d, 0x8e, 0x1d, 0x8e, 0x1d, 0x96, 0xfd, 0x8d, 0x1d, 0x96, 0x1d, 0x8e,
    0x1c, 0x8e, 0x1d, 0x96, 0x1d, 0x8e, 0x1d, 0x8e, 0x1d, 0x8e, 0x1d, 0x8e,
    0x1d, 0x8e, 0x7f, 0xe7, 0xff, 0xff, 0xff, 0xff, 0xff, 0xff, 0xff, 0xff,
    0xff, 0xff, 0xff, 0xff, 0xff, 0xff, 0xff, 0xff, 0xff, 0xff, 0x7f, 0xe7,
    0xde, 0xbe, 0xff, 0xbe, 0xff, 0xbe, 0xde, 0xbe, 0xff, 0xbe, 0xde, 0xbe,
    0xdf, 0xbe, 0xff, 0xbe, 0xff, 0xbe, 0xff, 0xbe, 0xfe, 0xbe, 0xdf, 0xbe,
    0xff, 0xbe, 0xfe, 0xbe, 0xff, 0xc6, 0xff, 0xc6, 0x1f, 0xc7, 0x1f, 0xc7,
    0x1f, 0xcf, 0x1f, 0xcf, 0x1f, 0xcf, 0x3f, 0xcf, 0x3f, 0xcf, 0x3f, 0xcf,
    0x3f, 0xcf, 0x1f, 0xcf, 0x3f, 0xcf, 0x3f, 0xcf, 0xbc, 0x7d, 0x5b, 0x6d,
    0x5b, 0x6d, 0x5b, 0x6d, 0x5b, 0x6d, 0x9c, 0x7d, 0x3d, 0x96, 0x7b, 0x6d,
    0x5b, 0x6d, 0xdc, 0x85, 0xde, 0xbe, 0xbe, 0xb6, 0x3d, 0x96, 0xbc, 0x7d,
    0x5b, 0x65, 0x5b, 0x6d, 0x5c, 0x6d, 0x5c, 0x6d, 0x7b, 0x6d, 0x7c, 0x6d,
    0x7c, 0x6d, 0x7b, 0x6d, 0x7c, 0x6d, 0x7b, 0x6d, 0x7b, 0x75, 0x7c, 0x6d,
    0x7b, 0x6d, 0x7c, 0x6d, 0x7b, 0x75, 0x7b, 0x6d, 0xbc, 0x7d, 0x7d, 0xae,
    0x5b, 0x6d, 0x7b, 0x6d, 0x7c, 0x6d, 0x7c, 0x75, 0x5b, 0x6d, 0xdc, 0x85,
    0x3f, 0xcf, 0x3f, 0xcf, 0x3f, 0xcf, 0x3e, 0xcf, 0x3f, 0xcf, 0x1f, 0xcf,
    0x1f, 0xcf, 0x3f, 0xcf, 0x3f, 0xcf, 0x3f, 0xcf, 0x3f, 0xcf, 0x3f, 0xcf,
    0x1e, 0xcf, 0x3f, 0xcf, 0x3f, 0xcf, 0x3e, 0xcf, 0x5f, 0xd7, 0x5f, 0xd7,
    0x5f, 0xd7, 0x5f, 0xd7, 0x3f, 0xd7, 0x5f, 0xd7, 0x5f, 0xd7, 0x5f, 0xd7,
    0x5f, 0xdf, 0x5f, 0xd7, 0x5f, 0xd7, 0x5f, 0xdf, 0x5f, 0xd7, 0x3f, 0xd7,
    0x5f, 0xd7, 0x5f, 0xd7, 0x5f, 0xd7, 0x5f, 0xdf, 0x7f, 0xdf, 0x5f, 0xdf,
    0x5f, 0xdf, 0x5f, 0xdf, 0x7f, 0xdf, 0x7f, 0xdf, 0x7f, 0xe7, 0x9f, 0xe7,
    0x7f, 0xdf, 0x7f, 0xdf, 0x9f, 0xe7, 0x9f, 0xe7, 0x1e, 0xc7, 0xfe, 0xc6,
    0x7f, 0xdf, 0x9f, 0xe7, 0x5f, 0xd7, 0x3f, 0xcf, 0xde, 0xbe, 0x7f, 0xdf,
    0x1f, 0xc7, 0xfe, 0xbe, 0xfe, 0xbe, 0xbe, 0xb6, 0xbe, 0xb6, 0xbe, 0xae,
    0xbe, 0xae, 0x9e, 0xae, 0x9e, 0xae, 0xbe, 0xae, 0xbe, 0xae, 0xbe, 0xb6,
    0xbe, 0xb6, 0xbe, 0xae, 0xbf, 0xb6, 0xbe, 0xb6, 0xbe, 0xae, 0xbf, 0xae,
    0xbe, 0xb6, 0x9e, 0xae, 0x9e, 0xae, 0xbe, 0xae, 0xbe, 0xb6, 0xdf, 0xb6,
    0xdf, 0xbe, 0xff, 0xc6, 0x3f, 0xcf, 0x5f, 0xd7, 0x7f, 0xdf, 0x9f, 0xe7,
    0xbf, 0xef, 0xdf, 0xf7, 0xdf, 0xf7, 0xbf, 0xef, 0x9f, 0xe7, 0x5f, 0xd7,
    0x1f, 0xc7, 0xde, 0xbe, 0x9e, 0xae, 0x7e, 0xa6, 0x9e, 0xae, 0x9e, 0xae,
    0x9e, 0xae, 0xbe, 0xae, 0x9e, 0xae, 0x9e, 0xae, 0xbe, 0xb6, 0x9e, 0xae,
    0x9e, 0xae, 0xbe, 0xae, 0x9e, 0xae, 0x9e, 0xb6, 0xbe, 0xb6, 0x9e, 0xae,
    0x5e, 0x9e, 0x5d, 0x9e, 0x7e, 0xa6, 0x7e, 0xa6, 0x9e, 0xae, 0xbe, 0xae,
    0x7e, 0xa6, 0x7e, 0xa6, 0x5d, 0x9e, 0x3d, 0x96, 0x1d, 0x96, 0x1d, 0x96,
    0x1d, 0x96, 0x1d, 0x8e, 0x1d, 0x8e, 0x1d, 0x8e, 0x1d, 0x8e, 0x1d, 0x96,
    0x1d, 0x8e, 0x1d, 0x8e, 0x1d, 0x8e, 0x1d, 0x8e, 0xfd, 0x8d, 0x1d, 0x8e,
    0xfc, 0x8d, 0xfd, 0x8d, 0x1d, 0x96, 0x1d, 0x8e, 0xfd, 0x8d, 0xfd, 0x8d,
    0x1d, 0x8e, 0x1d, 0x8e, 0x1d, 0x8e, 0x1d, 0x8e, 0x1d, 0x8e, 0x1d, 0x8e,
    0x1d, 0x8e, 0x1d, 0x8e, 0x1d, 0x8e, 0x1d, 0x8e, 0x1d, 0x8e, 0xfd, 0x8d,
    0xfd, 0x8d, 0x1d, 0x8e, 0x1d, 0x8e, 0x1d, 0x8e, 0xfd, 0x8d, 0x1d, 0x8e,
    0xfd, 0x8d, 0x1d, 0x8e, 0x1d, 0x8e, 0x1d, 0x8e, 0x1d, 0x8e, 0x1d, 0x8e,
    0xfd, 0x8d, 0x7f, 0xe7, 0xff, 0xff, 0xff, 0xff, 0xff, 0xff, 0xff, 0xff,
    0xff, 0xff, 0xff, 0xff, 0xff, 0xff, 0xff, 0xff, 0xff, 0xff, 0x7f, 0xe7,
    0xde, 0xbe, 0xff, 0xbe, 0xff, 0xc6, 0xfe, 0xc6, 0xff, 0xbe, 0xff, 0xbe,
    0xff, 0xc6, 0xff, 0xbe, 0xff, 0xbe, 0xfe, 0xc6, 0xfe, 0xbe, 0xff, 0xbe,
    0xfe, 0xc6, 0xff, 0xbe, 0xfe, 0xbe, 0xff, 0xc6, 0xff, 0xc6, 0xfe, 0xbe,
    0xfe, 0xbe, 0xfe, 0xbe, 0xff, 0xbe, 0xff, 0xc6, 0xff, 0xc6, 0xff, 0xc6,
    0xfe, 0xc6, 0xff, 0xbe, 0x1f, 0xc7, 0x9d, 0xae, 0x5b, 0x6d, 0x5b, 0x6d,
    0x5b, 0x6d, 0x5b, 0x6d, 0x5b, 0x6d, 0x9b, 0x75, 0xfd, 0x8d, 0x7b, 0x6d,
    0x5b, 0x65, 0x5b, 0x65, 0x7c, 0x6d, 0x5b, 0x6d, 0x3b, 0x65, 0x5b, 0x65,
    0x5c, 0x6d, 0x7b, 0x6d, 0x7b, 0x6d, 0x5c, 0x6d, 0x7b, 0x6d, 0x7b, 0x6d,
    0x7c, 0x6d, 0x7b, 0x75, 0x7b, 0x6d, 0x7c, 0x6d, 0x7c, 0x6d, 0x7b, 0x75,
    0x7b, 0x6d, 0x7b, 0x6d, 0x7b, 0x6d, 0x5b, 0x6d, 0x7d, 0xae, 0xbc, 0x7d,
    0x5b, 0x6d, 0x7b, 0x6d, 0x7b, 0x75, 0x7c, 0x6d, 0x5b, 0x6d, 0x3d, 0x9e,
    0x5f, 0xd7, 0x3f, 0xcf, 0x3f, 0xcf, 0x3f, 0xcf, 0x3f, 0xcf, 0x3f, 0xcf,
    0x3f, 0xd7, 0x5f, 0xd7, 0x5f, 0xd7, 0x5f, 0xd7, 0x3f, 0xcf, 0x5f, 0xd7,
    0x5f, 0xd7, 0x3f, 0xcf, 0x5f, 0xd7, 0x5f, 0xd7, 0x5f, 0xd7, 0x5f, 0xd7,
    0x5f, 0xd7, 0x3f, 0xd7, 0x3f, 0xd7, 0x3f, 0xd7, 0x3f, 0xd7, 0x3f, 0xd7,
    0x3f, 0xcf, 0x3f, 0xd7, 0x3f, 0xd7, 0x3f, 0xd7, 0x3f, 0xcf, 0x3f, 0xd7,
    0x5f, 0xd7, 0x7f, 0xdf, 0x7f, 0xdf, 0x7f, 0xdf, 0x7f, 0xdf, 0x7f, 0xdf,
    0x7f, 0xdf, 0x7f, 0xdf, 0x7f, 0xe7, 0x7f, 0xdf, 0x7f, 0xdf, 0x7f, 0xdf,
    0x7f, 0xdf, 0x7f, 0xdf, 0x7f, 0xdf, 0xfe, 0xc6, 0xde, 0xb6, 0x1f, 0xc7,
    0xfe, 0xc6, 0x1f, 0xcf, 0xbe, 0xae, 0x9e, 0xae, 0x9e, 0xae, 0xbe, 0xb6,
    0xbe, 0xae, 0x9e, 0xae, 0x7e, 0xa6, 0xbe, 0xae, 0xbe, 0xb6, 0xbe, 0xb6,
    0xbe, 0xae, 0x9e, 0xae, 0x9e, 0xb6, 0xbe, 0xae, 0xbe, 0xae, 0xbe, 0xae,
    0x9e, 0xae, 0x9e, 0xae, 0x9e, 0xae, 0xbe, 0xae, 0xbf, 0xb6, 0xdf, 0xbe,
    0xff, 0xc6, 0x1f, 0xc7, 0x3f, 0xcf, 0x5f, 0xdf, 0x7f, 0xdf, 0x9f, 0xe7,
    0xbf, 0xef, 0xbf, 0xf7, 0xdf, 0xf7, 0xdf, 0xf7, 0xbf, 0xf7, 0x9f, 0xe7,
    0x7f, 0xdf, 0x3f, 0xd7, 0xfe, 0xc6, 0xbe, 0xb6, 0x9e, 0xae, 0x9e, 0xae,
    0x9e, 0xae, 0x9e, 0xae, 0x9e, 0xae, 0x9e, 0xae, 0x9e, 0xae, 0x9e, 0xae,
    0xbe, 0xae, 0x9e, 0xae, 0xbe, 0xb6, 0xbe, 0xb6, 0x9e, 0xae, 0x9e, 0xae,
    0x9e, 0xae, 0x9e, 0xb6, 0xbf, 0xae, 0x9e, 0xae, 0x9e, 0xae, 0x9e, 0xae,
    0x9e, 0xae, 0x9e, 0xae, 0x9e, 0xae, 0xbe, 0xae, 0x9e, 0xae, 0x5d, 0x9e,
    0x3d, 0x9e, 0x7e, 0xa6, 0x1d, 0x96, 0x1d, 0x8e, 0x1d, 0x8e, 0x1d, 0x96,
    0x1d, 0x8e, 0x1d, 0x96, 0x1d, 0x96, 0x1d, 0x8e, 0x1d, 0x96, 0x1d, 0x8e,
    0x1d, 0x96, 0x1d, 0x8e, 0x1d, 0x8e, 0x1d, 0x96, 0x1d, 0x96, 0x1d, 0x8e,
    0xfc, 0x8d, 0x1d, 0x8e, 0x1d, 0x8e, 0x1d, 0x8e, 0xfc, 0x8d, 0x1d, 0x8e,
    0x1d, 0x8e, 0xfd, 0x8d, 0x1d, 0x8e, 0x1d, 0x8e, 0x1d, 0x96, 0x1d, 0x8e,
    0x1d, 0x8e, 0xfd, 0x8d, 0xfd, 0x8d, 0x1d, 0x96, 0x1d, 0x8e, 0x1d, 0x8e,
    0xfd, 0x8d, 0x1d, 0x8e, 0x1d, 0x8e, 0x1d, 0x8e, 0x1d, 0x8e, 0x1d, 0x8e,
    0x1d, 0x8e, 0xfd, 0x8d, 0xfc, 0x8d, 0x1d, 0x8e, 0x1d, 0x8e, 0x1d, 0x8e,
    0x1d, 0x8e, 0x7f, 0xdf, 0xff, 0xff, 0xff, 0xff, 0xff, 0xff, 0xff, 0xff,
    0xff, 0xff, 0xff, 0xff, 0xff, 0xff, 0xff, 0xff, 0xff, 0xff, 0x9f, 0xe7,
    0xdf, 0xbe, 0xff, 0xbe, 0xfe, 0xbe, 0xdf, 0xbe, 0xfe, 0xbe, 0xff, 0xbe,
    0xfe, 0xc6, 0xde, 0xbe, 0xfe, 0xbe, 0xff, 0xc6, 0xff, 0xbe, 0xff, 0xc6,
    0xff, 0xc6, 0xfe, 0xc6, 0xff, 0xbe, 0xfe, 0xbe, 0xfe, 0xbe, 0xff, 0xbe,
    0xff, 0xbe, 0xff, 0xbe, 0xfe, 0xbe, 0xfe, 0xbe, 0xff, 0xbe, 0xff, 0xbe,
    0xfe, 0xbe, 0xff, 0xbe, 0x1f, 0xc7, 0x3d, 0x96, 0x3b, 0x65, 0x5b, 0x6d,
    0x5b, 0x6d, 0x5b, 0x65, 0x5b, 0x65, 0x7b, 0x6d, 0xdd, 0x85, 0x5b, 0x6d,
    0x5b, 0x6d, 0x7b, 0x6d, 0x7b, 0x6d, 0x5b, 0x6d, 0x7c, 0x6d, 0x5b, 0x6d,
    0x7b, 0x6d, 0x7c, 0x6d, 0x5b, 0x6d, 0x7b, 0x6d, 0x5b, 0x6d, 0x7c, 0x6d,
    0x7c, 0x6d, 0x7b, 0x6d, 0x7c, 0x75, 0x7c, 0x6d, 0x7b, 0x6d, 0x7c, 0x75,
    0x7c, 0x75, 0x7b, 0x6d, 0x3b, 0x65, 0x1d, 0x96, 0x5e, 0xa6, 0x3b, 0x65,
    0x7c, 0x75, 0x7b, 0x75, 0x7b, 0x6d, 0x7c, 0x75, 0x7b, 0x6d, 0xde, 0xb6,
    0x9f, 0xe7, 0x7f, 0xdf, 0x7f, 0xdf, 0x7f, 0xe7, 0x9f, 0xe7, 0x9f, 0xe7,
    0x9f, 0xe7, 0x9f, 0xe7, 0x9f, 0xe7, 0x9f, 0xe7, 0x9f, 0xdf, 0x7f, 0xdf,
    0x7f, 0xe7, 0x9f, 0xe7, 0x7f, 0xdf, 0x7f, 0xdf, 0x5f, 0xdf, 0x7f, 0xdf,
    0x7f, 0xdf, 0x5f, 0xdf, 0x5f, 0xd7, 0x5f, 0xd7, 0x5f, 0xd7, 0x3f, 0xd7,
    0x3f, 0xd7, 0x3f, 0xd7, 0x3f, 0xcf, 0x3f, 0xd7, 0x3f, 0xcf, 0x3f, 0xcf,
    0x3f, 0xd7, 0x5f, 0xd7, 0x5f, 0xd7, 0x5f, 0xdf, 0x5f, 0xdf, 0x5f, 0xd7,
    0x5f, 0xd7, 0x7f, 0xdf, 0x5f, 0xdf, 0x5f, 0xd7, 0x5f, 0xdf, 0x5f, 0xdf,
    0x5f, 0xdf, 0x7f, 0xdf, 0xff, 0xbe, 0x9e, 0xae, 0xde, 0xb6, 0xbe, 0xb6,
    0xbe, 0xb6, 0x9e, 0xae, 0x9e, 0xae, 0x9e, 0xae, 0xbe, 0xae, 0xbe, 0xae,
    0x9e, 0xae, 0x9e, 0xb6, 0xbe, 0xae, 0xbe, 0xae, 0xbe, 0xae, 0x9e, 0xae,
    0x9e, 0xae, 0xbe, 0xae, 0xbe, 0xb6, 0xbe, 0xb6, 0xde, 0xbe, 0xff, 0xc6,
    0x1f, 0xc7, 0x3f, 0xcf, 0x5f, 0xd7, 0x7f, 0xdf, 0x9f, 0xe7, 0xbf, 0xef,
    0xbf, 0xef, 0xbf, 0xef, 0xdf, 0xef, 0xbf, 0xf7, 0xdf, 0xf7, 0xdf, 0xf7,
    0xbf, 0xef, 0xbf, 0xef, 0x7f, 0xdf, 0x3f, 0xcf, 0xdf, 0xbe, 0xbe, 0xb6,
    0x9e, 0xae, 0x7e, 0xa6, 0x9e, 0xa6, 0x9e, 0xae, 0x9e, 0xae, 0x9e, 0xae,
    0x9e, 0xae, 0x9e, 0xae, 0x9e, 0xae, 0x9e, 0xae, 0x9e, 0xae, 0xbe, 0xae,
    0x9e, 0xae, 0x9e, 0xae, 0xbe, 0xb6, 0xbe, 0xb6, 0x9e, 0xae, 0x9e, 0xae,
    0xbe, 0xae, 0xbe, 0xb6, 0xbe, 0xae, 0xbe, 0xae, 0x9e, 0xae, 0x9e, 0xae,
    0x9e, 0xae, 0x7e, 0xa6, 0x7e, 0xa6, 0x7e, 0xa6, 0x3d, 0x96, 0x1d, 0x96,
    0x3d, 0x96, 0x1d, 0x8e, 0x1d, 0x8e, 0x1d, 0x96, 0x1d, 0x96, 0x1d, 0x8e,
    0x1d, 0x8e, 0x1d, 0x8e, 0x1d, 0x8e, 0x1d, 0x96, 0x1d, 0x8e, 0x1d, 0x8e,
    0xfd, 0x8d, 0x1d, 0x96, 0xfd, 0x8d, 0x1d, 0x8e, 0x1d, 0x8e, 0x1d, 0x96,
    0x1d, 0x8e, 0x1d, 0x96, 0xfd, 0x8d, 0xfc, 0x8d, 0x1d, 0x8e, 0xfd, 0x8d,
    0x1d, 0x8e, 0x1c, 0x8e, 0xfd, 0x8d, 0x1d, 0x8e, 0xfc, 0x8d, 0xfd, 0x8d,
    0x1d, 0x8e, 0xfc, 0x8d, 0xfd, 0x8d, 0x1d, 0x8e, 0x1d, 0x8e, 0xfd, 0x8d,
    0xfd, 0x8d, 0xfd, 0x8d, 0xfd, 0x8d, 0xfd, 0x8d, 0x1c, 0x8e, 0x1d, 0x8e,
    0x1d, 0x96, 0xfd, 0x8d, 0xfd, 0x8d, 0xfc, 0x8d, 0x1d, 0x8e, 0x1d, 0x8e,
    0xfd, 0x8d, 0x7f, 0xe7, 0xff, 0xff, 0xff, 0xff, 0xff, 0xff, 0xff, 0xff,
    0xff, 0xff, 0xff, 0xff, 0xff, 0xff, 0xff, 0xff, 0xff, 0xff, 0x9f, 0xe7,
    0xdf, 0xbe, 0xfe, 0xbe, 0xff, 0xc6, 0xff, 0xc6, 0xde, 0xbe, 0xff, 0xc6,
    0xff, 0xbe, 0xdf, 0xbe, 0xff, 0xc6, 0xff, 0xbe, 0xff, 0xbe, 0xfe, 0xc6,
    0xff, 0xbe, 0xff, 0xbe, 0xff, 0xbe, 0xff, 0xc6, 0xfe, 0xbe, 0xff, 0xbe,
    0xff, 0xc6, 0xff, 0xc6, 0xff, 0xc6, 0xfe, 0xc6, 0xff, 0xbe, 0xfe, 0xbe,
    0xff, 0xc6, 0xff, 0xc6, 0x1f, 0xc7, 0xfc, 0x85, 0x3b, 0x65, 0x5b, 0x6d,
    0x7b, 0x6d, 0x5b, 0x6d, 0x5b, 0x6d, 0x7c, 0x6d, 0xdc, 0x85, 0x5b, 0x65,
    0x5b, 0x6d, 0x5c, 0x6d, 0x5b, 0x6d, 0x7b, 0x6d, 0x7c, 0x6d, 0x7b, 0x6d,
    0x7b, 0x6d, 0x7c, 0x6d, 0x5b, 0x6d, 0x7b, 0x6d, 0x7b, 0x6d, 0x7b, 0x6d,
    0x5b, 0x6d, 0x7c, 0x6d, 0x7b, 0x6d, 0x7b, 0x75, 0x7b, 0x6d, 0x7b, 0x6d,
    0x7c, 0x75, 0x7b, 0x6d, 0x3b, 0x65, 0xde, 0xb6, 0x1d, 0x96, 0x5b, 0x65,
    0x7b, 0x75, 0x7c, 0x75, 0x7c, 0x6d, 0x7b, 0x6d, 0x9c, 0x75, 0xff, 0xbe,
    0x3f, 0xcf, 0x1f, 0xcf, 0x1f, 0xcf, 0x1f, 0xcf, 0x3f, 0xcf, 0x3f, 0xcf,
    0x1e, 0xcf, 0x1f, 0xcf, 0x1f, 0xcf, 0x1f, 0xcf, 0x1e, 0xcf, 0x1f, 0xcf,
    0x3f, 0xcf, 0x3f, 0xcf, 0x3f, 0xcf, 0x1f, 0xcf, 0x1f, 0xcf, 0x1f, 0xcf,
    0x3f, 0xcf, 0x3f, 0xcf, 0x3f, 0xcf, 0x3f, 0xcf, 0x3f, 0xcf, 0x3f, 0xd7,
    0x3f, 0xd7, 0x5f, 0xcf, 0x3f, 0xd7, 0x3f, 0xd7, 0x3f, 0xcf, 0x3f, 0xd7,
    0x3f, 0xd7, 0x3f, 0xd7, 0x3f, 0xcf, 0x3f, 0xd7, 0x3f, 0xd7, 0x3f, 0xd7,
    0x3f, 0xd7, 0x3f, 0xd7, 0x3f, 0xd7, 0x3f, 0xcf, 0x1e, 0xc7, 0x1f, 0xc7,
    0xfe, 0xc6, 0xde, 0xbe, 0x9e, 0xae, 0xbe, 0xae, 0xbe, 0xb6, 0xbe, 0xb6,
    0xbe, 0xb6, 0xbe, 0xae, 0xbe, 0xae, 0xbe, 0xae, 0xbe, 0xae, 0x9e, 0xae,
    0x9e, 0xae, 0xbe, 0xae, 0xbe, 0xb6, 0xde, 0xbe, 0xdf, 0xbe, 0xff, 0xc6,
    0x3f, 0xcf, 0x5f, 0xd7, 0x5f, 0xdf, 0x7f, 0xe7, 0x9f, 0xe7, 0x9f, 0xef,
    0xbf, 0xef, 0xbf, 0xef, 0xbf, 0xef, 0xbf, 0xef, 0xbf, 0xef, 0xbf, 0xef,
    0xbf, 0xef, 0xbf, 0xef, 0xbf, 0xef, 0x9f, 0xef, 0x7f, 0xdf, 0x3f, 0xcf,
    0xff, 0xbe, 0xde, 0xb6, 0x9e, 0xae, 0x9e, 0xa6, 0x7e, 0xa6, 0x9e, 0xae,
    0x9e, 0xae, 0x9e, 0xae, 0x9e, 0xae, 0x9e, 0xae, 0x9e, 0xae, 0x9e, 0xae,
    0x9e, 0xae, 0x9e, 0xae, 0xbe, 0xae, 0xbe, 0xae, 0xbe, 0xae, 0x9e, 0xae,
    0x9e, 0xae, 0x9e, 0xae, 0x9e, 0xae, 0xbe, 0xb6, 0xbe, 0xb6, 0x7e, 0xa6,
    0xbe, 0xb6, 0xbe, 0xb6, 0xbe, 0xb6, 0x7e, 0xa6, 0x5e, 0xa6, 0x7e, 0xa6,
    0x5d, 0x9e, 0x3d, 0x9e, 0x3d, 0x9e, 0x1d, 0x96, 0x3d, 0x96, 0x1d, 0x96,
    0x1d, 0x8e, 0x1d, 0x8e, 0x1d, 0x96, 0x1d, 0x96, 0x1d, 0x8e, 0x1d, 0x8e,
    0x1d, 0x96, 0x1d, 0x8e, 0x1d, 0x8e, 0x1d, 0x96, 0x1d, 0x8e, 0x1d, 0x8e,
    0x1d, 0x8e, 0x1d, 0x8e, 0x1d, 0x8e, 0x1c, 0x8e, 0x1d, 0x8e, 0xfd, 0x8d,
    0x1d, 0x8e, 0x1d, 0x8e, 0xfd, 0x8d, 0x1d, 0x96, 0xfd, 0x8d, 0xfc, 0x8d,
    0x1d, 0x8e, 0xfd, 0x8d, 0xfd, 0x8d, 0x1d, 0x8e, 0x1d, 0x8e, 0xfd, 0x8d,
    0x1d, 0x8e, 0x1d, 0x8e, 0xfd, 0x8d, 0x1d, 0x8e, 0x1d, 0x8e, 0xfd, 0x8d,
    0x1c, 0x8e, 0x1d, 0x8e, 0xfd, 0x8d, 0xfd, 0x8d, 0xfd, 0x8d, 0xfd, 0x8d,
    0x1d, 0x8e, 0x1d, 0x8e, 0x1d, 0x8e, 0xfd, 0x8d, 0x1d, 0x8e, 0x1d, 0x8e,
    0xfd, 0x8d, 0x7f, 0xe7, 0xff, 0xff, 0xff, 0xff, 0xff, 0xff, 0xff, 0xff,
    0xff, 0xff, 0xff, 0xff, 0xff, 0xff, 0xff, 0xff, 0xff, 0xff, 0x7f, 0xe7,
    0xde, 0xbe, 0xff, 0xbe, 0xff, 0xc6, 0xfe, 0xc6, 0xff, 0xbe, 0xfe, 0xbe,
    0xff, 0xc6, 0xfe, 0xc6, 0xfe, 0xc6, 0xff, 0xc6, 0x1f, 0xc7, 0x1e, 0xc7,
    0x1f, 0xcf, 0x1f, 0xcf, 0x1f, 0xcf, 0x3f, 0xcf, 0x3f, 0xcf, 0x3f, 0xcf,
    0x3f, 0xcf, 0x3f, 0xcf, 0x3f, 0xcf, 0x3f, 0xcf, 0x1f, 0xcf, 0x1f, 0xc7,
    0x1f, 0xc7, 0x3f, 0xcf, 0x3f, 0xd7, 0xfc, 0x8d, 0x3b, 0x65, 0x5b, 0x65,
    0x7b, 0x6d, 0x5b, 0x6d, 0x5b, 0x65, 0x9c, 0x75, 0xbc, 0x85, 0x3b, 0x65,
    0x5b, 0x6d, 0x7c, 0x6d, 0x5b, 0x6d, 0x5b, 0x6d, 0x7b, 0x6d, 0x7c, 0x6d,
    0x5b, 0x6d, 0x5b, 0x6d, 0x7c, 0x6d, 0x7c, 0x6d, 0x7b, 0x6d, 0x5b, 0x6d,
    0x7b, 0x6d, 0x7c, 0x75, 0x7c, 0x75, 0x7b, 0x75, 0x7b, 0x6d, 0x7b, 0x6d,
    0x7b, 0x6d, 0x5b, 0x6d, 0x7b, 0x6d, 0xff, 0xbe, 0x9c, 0x75, 0x7b, 0x6d,
    0x7c, 0x6d, 0x7b, 0x75, 0x7c, 0x6d, 0x7b, 0x6d, 0x9c, 0x7d, 0x1f, 0xc7,
    0x1f, 0xcf, 0x1f, 0xcf, 0x1e, 0xcf, 0x1f, 0xcf, 0x1f, 0xcf, 0x1e, 0xcf,
    0x1f, 0xcf, 0x1f, 0xc7, 0x1e, 0xcf, 0x1f, 0xcf, 0x3f, 0xcf, 0x3f, 0xcf,
    0x3f, 0xcf, 0x3f, 0xcf, 0x3f, 0xcf, 0x3f, 0xd7, 0x3f, 0xcf, 0x3f, 0xd7,
    0x3f, 0xcf, 0x3e, 0xcf, 0x3f, 0xd7, 0x3f, 0xd7, 0x3f, 0xcf, 0x3f, 0xd7,
    0x3f, 0xd7, 0x3f, 0xd7, 0x3f, 0xd7, 0x3f, 0xcf, 0x5f, 0xd7, 0x3f, 0xd7,
    0x3f, 0xd7, 0x3f, 0xcf, 0x3f, 0xcf, 0x3f, 0xd7, 0x5f, 0xd7, 0x3f, 0xcf,
    0x5f, 0xd7, 0x1f, 0xc7, 0x3f, 0xcf, 0xde, 0xbe, 0xbe, 0xae, 0xbe, 0xb6,
    0xde, 0xb6, 0xbe, 0xae, 0xbe, 0xae, 0xbe, 0xae, 0x9e, 0xae, 0xbf, 0xae,
    0xbe, 0xae, 0xbe, 0xb6, 0xde, 0xb6, 0xde, 0xbe, 0xff, 0xc6, 0x3f, 0xcf,
    0x5f, 0xd7, 0x7f, 0xdf, 0x7f, 0xdf, 0x9f, 0xe7, 0x9f, 0xe7, 0x9f, 0xef,
    0xbf, 0xef, 0x9f, 0xe7, 0x9f, 0xe7, 0x9f, 0xe7, 0x9f, 0xe7, 0x9f, 0xe7,
    0x9f, 0xe7, 0xbf, 0xef, 0xbf, 0xef, 0xbf, 0xef, 0xbf, 0xef, 0xbf, 0xef,
    0x9f, 0xe7, 0x5f, 0xd7, 0xff, 0xc6, 0xbe, 0xb6, 0x9e, 0xae, 0x9e, 0xa6,
    0x9e, 0xae, 0x9e, 0xae, 0x9e, 0xae, 0xbe, 0xae, 0x9e, 0xae, 0x9e, 0xae,
    0x9e, 0xae, 0x9e, 0xae, 0xbe, 0xae, 0x9e, 0xae, 0xbe, 0xae, 0xbe, 0xae,
    0x9e, 0xae, 0x9e, 0xae, 0xbe, 0xae, 0x9e, 0xae, 0x9e, 0xae, 0x9e, 0xae,
    0xbe, 0xae, 0xbe, 0xae, 0xbe, 0xb6, 0xbe, 0xb6, 0x7e, 0xa6, 0x5d, 0x9e,
    0x9e, 0xae, 0xbe, 0xae, 0x5e, 0x9e, 0x3d, 0x96, 0x5d, 0x9e, 0x3d, 0x96,
    0x1d, 0x96, 0x1d, 0x96, 0x1d, 0x8e, 0x1d, 0x96, 0x1d, 0x96, 0x1d, 0x8e,
    0x1d, 0x96, 0x1d, 0x96, 0x1d, 0x96, 0x1d, 0x8e, 0x1d, 0x8e, 0x1d, 0x96,
    0x1d, 0x8e, 0x1d, 0x8e, 0x1d, 0x96, 0xfd, 0x8d, 0x1d, 0x8e, 0xfc, 0x8d,
    0x1d, 0x8e, 0x1d, 0x96, 0xfd, 0x8d, 0x1d, 0x96, 0x1d, 0x8e, 0x1d, 0x8e,
    0xfc, 0x95, 0x1d, 0x8e, 0x1c, 0x8e, 0xfd, 0x8d, 0x1d, 0x8e, 0x1d, 0x8e,
    0x1d, 0x8e, 0x1d, 0x8e, 0xfd, 0x8d, 0x1d, 0x8e, 0x1d, 0x8e, 0x1d, 0x8e,
    0x1d, 0x8e, 0xfd, 0x8d, 0xfd, 0x8d, 0x1c, 0x8e, 0xfd, 0x8d, 0xfd, 0x8d,
    0xfd, 0x8d, 0x1d, 0x8e, 0xfd, 0x8d, 0x1d, 0x8e, 0xfd, 0x8d, 0x1d, 0x8e,
    0xfc, 0x8d, 0xfd, 0x8d, 0x1d, 0x8e, 0xfd, 0x8d, 0x1d, 0x8e, 0x1d, 0x8e,
    0x1d, 0x8e, 0x7f, 0xdf, 0xff, 0xff, 0xff, 0xff, 0xff, 0xff, 0xff, 0xff,
    0xff, 0xff, 0xff, 0xff, 0xff, 0xff, 0xff, 0xff, 0xff, 0xff, 0x9f, 0xe7,
    0xff, 0xbe, 0xff, 0xc6, 0xff, 0xc6, 0xfe, 0xc6, 0xff, 0xc6, 0xff, 0xc6,
    0xff, 0xc6, 0xff, 0xc6, 0x1e, 0xc7, 0x1f, 0xc7, 0x1f, 0xc7, 0x1f, 0xc7,
    0x1e, 0xc7, 0x1f, 0xc7, 0x1e, 0xc7, 0x1f, 0xc7, 0x1f, 0xc7, 0xff, 0xc6,
    0xfe, 0xc6, 0xff, 0xc6, 0xff, 0xc6, 0xff, 0xc6, 0xff, 0xc6, 0xfe, 0xc6,
    0x1f, 0xc7, 0xff, 0xc6, 0x1f, 0xcf, 0xfc, 0x8d, 0x3b, 0x65, 0x5b, 0x6d,
    0x5b, 0x6d, 0x5b, 0x65, 0x3b, 0x65, 0xbc, 0x85, 0xbc, 0x7d, 0x3b, 0x65,
    0x5b, 0x65, 0x5b, 0x6d, 0x5b, 0x65, 0x5b, 0x6d, 0x5b, 0x6d, 0x5b, 0x6d,
    0x5b, 0x6d, 0x7b, 0x6d, 0x7c, 0x6d, 0x5b, 0x6d, 0x7b, 0x75, 0x7c, 0x6d,
    0x7b, 0x6d, 0x7b, 0x75, 0x5b, 0x6d, 0x5b, 0x6d, 0x9c, 0x75, 0x5c, 0x6d,
    0x7b, 0x6d, 0x5b, 0x6d, 0x7e, 0xa6, 0x9e, 0xae, 0x5b, 0x65, 0x7c, 0x6d,
    0x7b, 0x6d, 0x7b, 0x6d, 0x7b, 0x6d, 0x5b, 0x65, 0xdc, 0x85, 0x1f, 0xcf,
    0x1f, 0xcf, 0x1f, 0xcf, 0x1f, 0xcf, 0x1f, 0xcf, 0x1e, 0xcf, 0x1f, 0xcf,
    0x3f, 0xcf, 0x1f, 0xcf, 0x3f, 0xcf, 0x3f, 0xcf, 0x3f, 0xcf, 0x3f, 0xcf,
    0x1f, 0xcf, 0x1f, 0xcf, 0x3f, 0xd7, 0x3f, 0xd7, 0x3e, 0xcf, 0x3f, 0xd7,
    0x3f, 0xcf, 0x3f, 0xcf, 0x3f, 0xd7, 0x3f, 0xd7, 0x3f, 0xcf, 0x3f, 0xcf,
    0x5f, 0xd7, 0x3f, 0xcf, 0x3f, 0xd7, 0x5f, 0xd7, 0x3f, 0xcf, 0x3f, 0xcf,
    0x3f, 0xd7, 0x3f, 0xcf, 0x3f, 0xcf, 0x3f, 0xd7, 0x1e, 0xc7, 0x3f, 0xcf,
    0x1f, 0xc7, 0xde, 0xb6, 0xbe, 0xae, 0xbe, 0xae, 0xbe, 0xb6, 0x9e, 0xae,
    0xbe, 0xae, 0xdf, 0xb6, 0xff, 0xbe, 0xff, 0xbe, 0x1f, 0xc7, 0x3f, 0xd7,
    0x5f, 0xd7, 0x7f, 0xdf, 0x7f, 0xe7, 0x9f, 0xe7, 0xbf, 0xef, 0x9f, 0xef,
    0x9f, 0xef, 0x9f, 0xe7, 0x9f, 0xe7, 0x9f, 0xe7, 0x9f, 0xe7, 0x9f, 0xe7,
    0x9f, 0xe7, 0x9f, 0xe7, 0x9f, 0xe7, 0x9f, 0xef, 0x9f, 0xe7, 0x9f, 0xe7,
    0x9f, 0xe7, 0x9f, 0xef, 0xbf, 0xef, 0x9f, 0xe7, 0x3f, 0xd7, 0xdf, 0xbe,
    0x9e, 0xae, 0x7e, 0xa6, 0x7e, 0xa6, 0x9e, 0xae, 0x9e, 0xae, 0xbe, 0xae,
    0x9e, 0xae, 0x9e, 0xae, 0xbe, 0xae, 0x9e, 0xae, 0x9e, 0xae, 0x9e, 0xae,
    0xbe, 0xae, 0xbe, 0xae, 0x9e, 0xae, 0xbe, 0xae, 0x9e, 0xae, 0xbe, 0xb6,
    0x9e, 0xae, 0x9e, 0xae, 0xbe, 0xae, 0xbe, 0xb6, 0x9e, 0xae, 0xbe, 0xae,
    0x9e, 0xb6, 0xbe, 0xae, 0xbe, 0xb6, 0x7e, 0xae, 0x3d, 0x96, 0x5e, 0x9e,
    0x5e, 0x9e, 0x5e, 0x9e, 0x3d, 0x96, 0x3d, 0x96, 0x1d, 0x96, 0x1d, 0x96,
    0x3d, 0x96, 0x3d, 0x96, 0x1d, 0x96, 0x1d, 0x8e, 0x1d, 0x8e, 0x3d, 0x96,
    0x1d, 0x8e, 0x1d, 0x96, 0x1d, 0x8e, 0x1d, 0x8e, 0x1d, 0x96, 0x1d, 0x8e,
    0x1d, 0x8e, 0x1d, 0x96, 0x1d, 0x8e, 0x1d, 0x96, 0x1d, 0x8e, 0x1d, 0x8e,
    0xfd, 0x95, 0xfd, 0x8d, 0x1d, 0x8e, 0x1d, 0x8e, 0xfd, 0x8d, 0xfd, 0x8d,
    0x1d, 0x96, 0xfd, 0x8d, 0xfd, 0x8d, 0x1c, 0x8e, 0xfd, 0x8d, 0xfd, 0x8d,
    0x1d, 0x8e, 0xfd, 0x8d, 0xfc, 0x95, 0x1d, 0x8e, 0xfd, 0x8d, 0xfc, 0x8d,
    0x1d, 0x8e, 0xfd, 0x8d, 0xfc, 0x8d, 0x1d, 0x8e, 0xfd, 0x8d, 0x1d, 0x8e,
    0x1d, 0x8e, 0xfd, 0x8d, 0xfc, 0x8d, 0xfd, 0x8d, 0xfd, 0x8d, 0xfd, 0x8d,
    0x1d, 0x8e, 0xfd, 0x8d, 0x1d, 0x8e, 0xfd, 0x8d, 0x1d, 0x8e, 0x1d, 0x8e,
    0xfd, 0x8d, 0x7f, 0xe7, 0xff, 0xff, 0xff, 0xff, 0xff, 0xff, 0xff, 0xff,
    0xff, 0xff, 0xff, 0xff, 0xff, 0xff, 0xff, 0xff, 0xff, 0xff, 0x7f, 0xe7,
    0xfe, 0xbe, 0xfe, 0xbe, 0xff, 0xbe, 0xff, 0xbe, 0xfe, 0xbe, 0xff, 0xbe,
    0xfe, 0xbe, 0xff, 0xbe, 0xff, 0xbe, 0xfe, 0xbe, 0xdf, 0xbe, 0xfe, 0xbe,
    0xdf, 0xbe, 0xff, 0xbe, 0xfe, 0xbe, 0xde, 0xc6, 0xff, 0xc6, 0xff, 0xbe,
    0xfe, 0xc6, 0xfe, 0xbe, 0xff, 0xbe, 0xfe, 0xbe, 0xff, 0xc6, 0xfe, 0xc6,
    0xff, 0xc6, 0xff, 0xbe, 0x1f, 0xc7, 0x9e, 0xa6, 0x5b, 0x65, 0x5b, 0x65,
    0x5b, 0x6d, 0x3b, 0x65, 0x5b, 0x65, 0xfc, 0x8d, 0x9c, 0x75, 0x5b, 0x65,
    0x5b, 0x6d, 0x7b, 0x6d, 0x5b, 0x6d, 0x5b, 0x65, 0x5b, 0x65, 0x5b, 0x65,
    0x5b, 0x6d, 0x5b, 0x6d, 0x7c, 0x6d, 0x5b, 0x6d, 0x5b, 0x6d, 0x5b, 0x6d,
    0x5b, 0x6d, 0x7b, 0x6d, 0xdc, 0x85, 0x1d, 0x8e, 0x7b, 0x6d, 0x3b, 0x65,
    0x3b, 0x65, 0xfd, 0x8d, 0x5f, 0xd7, 0xdc, 0x85, 0x5b, 0x6d, 0x5b, 0x6d,
    0x7c, 0x6d, 0x7b, 0x6d, 0x7c, 0x6d, 0x5b, 0x65, 0x1d, 0x96, 0x3f, 0xd7,
    0x1f, 0xc7, 0x1e, 0xcf, 0x3f, 0xcf, 0x3f, 0xcf, 0x3f, 0xcf, 0x1f, 0xc7,
    0x3e, 0xcf, 0x3f, 0xcf, 0x1f, 0xcf, 0x1f, 0xcf, 0x3f, 0xcf, 0x3e, 0xcf,
    0x3f, 0xcf, 0x3f, 0xcf, 0x3f, 0xcf, 0x1f, 0xcf, 0x3f, 0xcf, 0x3f, 0xd7,
    0x3f, 0xd7, 0x3f, 0xcf, 0x3f, 0xd7, 0x3f, 0xcf, 0x3f, 0xcf, 0x3f, 0xd7,
    0x5f, 0xcf, 0x3f, 0xcf, 0x3f, 0xd7, 0x1e, 0xcf, 0x3f, 0xcf, 0x3f, 0xd7,
    0x1e, 0xc7, 0x1e, 0xc7, 0x3f, 0xcf, 0xff, 0xc6, 0xfe, 0xbe, 0xff, 0xc6,
    0xde, 0xb6, 0xde, 0xbe, 0xde, 0xbe, 0xff, 0xc6, 0x3f, 0xcf, 0x5f, 0xd7,
    0x5f, 0xdf, 0x7f, 0xe7, 0x9f, 0xe7, 0x9f, 0xe7, 0x9f, 0xef, 0x9f, 0xef,
    0xbf, 0xe7, 0x9f, 0xe7, 0x9f, 0xe7, 0x9f, 0xe7, 0x9f, 0xe7, 0x9f, 0xe7,
    0x9f, 0xe7, 0x9f, 0xe7, 0x9f, 0xe7, 0x9f, 0xe7, 0x9f, 0xe7, 0x9f, 0xe7,
    0x9f, 0xe7, 0x9f, 0xe7, 0x9f, 0xe7, 0x9f, 0xe7, 0x9f, 0xe7, 0x9f, 0xe7,
    0x9f, 0xe7, 0x5f, 0xdf, 0xff, 0xc6, 0xdf, 0xb6, 0x9e, 0xae, 0x7e, 0xa6,
    0x9e, 0xae, 0x9e, 0xae, 0x9e, 0xae, 0x9e, 0xae, 0x9e, 0xae, 0xbe, 0xae,
    0xbe, 0xae, 0x9e, 0xae, 0x9e, 0xae, 0x9e, 0xae, 0x9e, 0xae, 0x9e, 0xae,
    0x9e, 0xae, 0xbe, 0xae, 0x9e, 0xb6, 0x9e, 0xae, 0xbe, 0xae, 0xbe, 0xae,
    0x9e, 0xae, 0x9e, 0xae, 0x9e, 0xae, 0xbe, 0xb6, 0x9e, 0xae, 0x9e, 0xae,
    0xbe, 0xb6, 0x9e, 0xae, 0x7e, 0xa6, 0x3e, 0x9e, 0x3d, 0x96, 0x3d, 0x96,
    0x3d, 0x96, 0x3d, 0x96, 0x3d, 0x96, 0x1d, 0x96, 0x1d, 0x96, 0x3d, 0x96,
    0x1d, 0x8e, 0x1d, 0x8e, 0x1d, 0x96, 0x3d, 0x96, 0x1d, 0x8e, 0x1d, 0x96,
    0x3d, 0x96, 0x1d, 0x8e, 0x1d, 0x96, 0x1d, 0x8e, 0x1d, 0x96, 0x1d, 0x8e,
    0x1d, 0x8e, 0x1d, 0x96, 0x1d, 0x8e, 0x1d, 0x8e, 0x1d, 0x96, 0x1d, 0x8e,
    0x1d, 0x8e, 0x1c, 0x8e, 0xfd, 0x8d, 0xfc, 0x8d, 0x1d, 0x8e, 0xfc, 0x8d,
    0x1d, 0x8e, 0x1d, 0x8e, 0xfd, 0x8d, 0x1d, 0x8e, 0x1d, 0x8e, 0xfc, 0x8d,
    0x1d, 0x8e, 0xfd, 0x8d, 0x1d, 0x8e, 0xfc, 0x8d, 0xfd, 0x8d, 0x1d, 0x8e,
    0x1c, 0x8e, 0xfd, 0x8d, 0x1d, 0x8e, 0x1d, 0x8e, 0xfd, 0x8d, 0x1d, 0x8e,
    0x1d, 0x8e, 0xfd, 0x85, 0x1d, 0x8e, 0xfd, 0x85, 0x1d, 0x8e, 0x1d, 0x8e,
    0xfd, 0x8d, 0x1d, 0x8e, 0xfd, 0x8d, 0x1d, 0x8e, 0x1d, 0x8e, 0x1d, 0x8e,
    0xfd, 0x85, 0x7f, 0xe7, 0xff, 0xff, 0xff, 0xff, 0xff, 0xff, 0xff, 0xff,
    0xff, 0xff, 0xff, 0xff, 0xff, 0xff, 0xff, 0xff, 0xff, 0xff, 0x7f, 0xe7,
    0xdf, 0xbe, 0xff, 0xbe, 0xfe, 0xbe, 0xff, 0xbe, 0xff, 0xbe, 0xfe, 0xbe,
    0xff, 0xbe, 0xfe, 0xbe, 0xff, 0xc6, 0xff, 0xc6, 0xfe, 0xbe, 0xff, 0xc6,
    0xff, 0xc6, 0xff, 0xc6, 0xff, 0xc6, 0xfe, 0xbe, 0xff, 0xc6, 0xff, 0xc6,
    0xff, 0xbe, 0xfe, 0xc6, 0xfe, 0xc6, 0xff, 0xbe, 0xff, 0xc6, 0x1e, 0xc7,
    0xfe, 0xc6, 0xff, 0xc6, 0x1f, 0xc7, 0xfe, 0xbe, 0x7b, 0x6d, 0x3b, 0x65,
    0x3b, 0x65, 0x3b, 0x65, 0x7b, 0x6d, 0xfd, 0x8d, 0x7c, 0x75, 0x5b, 0x6d,
    0x7b, 0x6d, 0x7b, 0x6d, 0x3b, 0x65, 0x9c, 0x7d, 0x3d, 0x9e, 0x9e, 0xae,
    0xbe, 0xb6, 0xbe, 0xb6, 0xbe, 0xae, 0x9e, 0xa6, 0x5e, 0x9e, 0x7d, 0xa6,
    0x9e, 0xae, 0xde, 0xbe, 0x1f, 0xcf, 0xff, 0xc6, 0x9e, 0xae, 0x7d, 0xa6,
    0x9e, 0xb6, 0x1f, 0xcf, 0xff, 0xbe, 0x7b, 0x6d, 0x5b, 0x6d, 0x5c, 0x6d,
    0x7b, 0x6d, 0x7c, 0x6d, 0x7b, 0x6d, 0x5b, 0x65, 0x3d, 0x9e, 0x3f, 0xcf,
    0x3f, 0xcf, 0x1f, 0xcf, 0x1f, 0xcf, 0x1f, 0xcf, 0x3f, 0xcf, 0x1f, 0xcf,
    0x1f, 0xcf, 0x3e, 0xcf, 0x1f, 0xcf, 0x1f, 0xcf, 0x3f, 0xcf, 0x3f, 0xd7,
    0x1f, 0xcf, 0x3f, 0xd7, 0x3e, 0xd7, 0x3f, 0xcf, 0x3f, 0xd7, 0x3f, 0xcf,
    0x3f, 0xcf, 0x3e, 0xcf, 0x3f, 0xd7, 0x3f, 0xd7, 0x3e, 0xcf, 0x3f, 0xd7,
    0x3f, 0xcf, 0x3f, 0xcf, 0x1e, 0xcf, 0x1e, 0xc7, 0x3f, 0xcf, 0x1f, 0xc7,
    0xfe, 0xc6, 0x3f, 0xcf, 0x3f, 0xcf, 0x5f, 0xd7, 0x5f, 0xd7, 0x5f, 0xdf,
    0x7f, 0xdf, 0x7f, 0xe7, 0x9f, 0xe7, 0x9f, 0xe7, 0x9f, 0xe7, 0x9f, 0xe7,
    0x9f, 0xe7, 0x7f, 0xe7, 0x9f, 0xe7, 0x9f, 0xe7, 0x9f, 0xe7, 0x9f, 0xe7,
    0x9f, 0xe7, 0x9f, 0xe7, 0x9f, 0xe7, 0x9f, 0xe7, 0x9f, 0xe7, 0x9f, 0xe7,
    0x9f, 0xe7, 0x9f, 0xe7, 0x9f, 0xef, 0x9f, 0xe7, 0x9f, 0xe7, 0x9f, 0xe7,
    0x7f, 0xe7, 0x7f, 0xe7, 0x9f, 0xe7, 0x7f, 0xe7, 0x9f, 0xe7, 0x7f, 0xe7,
    0x9f, 0xe7, 0xff, 0xc6, 0xbe, 0xae, 0xbe, 0xb6, 0xbe, 0xae, 0x9e, 0xae,
    0x9e, 0xae, 0xbe, 0xae, 0x9e, 0xae, 0x9e, 0xae, 0x9e, 0xae, 0xbe, 0xae,
    0x9e, 0xae, 0xbe, 0xae, 0x9e, 0xae, 0x9e, 0xae, 0xbe, 0xae, 0x9e, 0xae,
    0x9e, 0xae, 0x9e, 0xae, 0xbe, 0xae, 0x9e, 0xb6, 0xbe, 0xb6, 0x9e, 0xae,
    0x9e, 0xae, 0x9e, 0xae, 0xbe, 0xae, 0x9e, 0xae, 0x7e, 0xa6, 0x5e, 0x9e,
    0x9e, 0xa6, 0x5d, 0x9e, 0x3d, 0x96, 0x3d, 0x96, 0x3d, 0x96, 0x3d, 0x96,
    0x3d, 0x96, 0x3d, 0x96, 0x3d, 0x96, 0x1d, 0x96, 0x3d, 0x96, 0x3d, 0x96,
    0x1d, 0x96, 0x1d, 0x8e, 0x1d, 0x96, 0x1d, 0x96, 0x1d, 0x8e, 0x1d, 0x8e,
    0x1d, 0x96, 0x1d, 0x8e, 0x1d, 0x8e, 0x1d, 0x96, 0x1d, 0x8e, 0x1d, 0x8e,
    0x1d, 0x8e, 0x1d, 0x8e, 0x1d, 0x8e, 0x1d, 0x8e, 0x1d, 0x8e, 0xfd, 0x8d,
    0x1d, 0x8e, 0x1d, 0x8e, 0xfd, 0x8d, 0x1d, 0x96, 0x1c, 0x8e, 0xfd, 0x8d,
    0x1d, 0x8e, 0xfc, 0x8d, 0xfd, 0x8d, 0x1d, 0x8e, 0xfd, 0x8d, 0xfd, 0x8d,
    0xfc, 0x8d, 0x1d, 0x8e, 0x1d, 0x8e, 0xfd, 0x8d, 0x1d, 0x8e, 0x1d, 0x8e,
    0xfd, 0x8d, 0xfd, 0x8d, 0x1d, 0x8e, 0xfd, 0x8d, 0xfd, 0x8d, 0xfc, 0x85,
    0xfd, 0x8d, 0x1d, 0x8e, 0x1d, 0x8e, 0xfd, 0x8d, 0x1d, 0x86, 0x1d, 0x8e,
    0xfd, 0x8d, 0x1d, 0x8e, 0x1d, 0x8e, 0xfd, 0x85, 0x1d, 0x8e, 0x1d, 0x8e,
    0x1d, 0x86, 0x7f, 0xe7, 0xff, 0xff, 0xff, 0xff, 0xff, 0xff, 0xff, 0xff,
    0xff, 0xff, 0xff, 0xff, 0xff, 0xff, 0xff, 0xff, 0xff, 0xff, 0x9f, 0xe7,
    0xdf, 0xbe, 0xff, 0xbe, 0xfe, 0xc6, 0xff, 0xc6, 0xff, 0xc6, 0xfe, 0xc6,
    0xdf, 0xbe, 0xff, 0xbe, 0xfe, 0xc6, 0xff, 0xc6, 0xff, 0xbe, 0xfe, 0xc6,
    0xff, 0xbe, 0xfe, 0xbe, 0xff, 0xc6, 0xff, 0xbe, 0xfe, 0xbe, 0xff, 0xc6,
    0xff, 0xbe, 0xff, 0xbe, 0xff, 0xc6, 0xff, 0xc6, 0xfe, 0xbe, 0xff, 0xbe,
    0xff, 0xc6, 0xfe, 0xbe, 0x1f, 0xc7, 0xde, 0xbe, 0x5b, 0x6d, 0x3a, 0x65,
    0x3a, 0x65, 0x3b, 0x65, 0x7b, 0x75, 0xfc, 0x8d, 0x7c, 0x6d, 0x7b, 0x6d,
    0x5b, 0x6d, 0x3b, 0x65, 0xbc, 0x7d, 0x1f, 0xc7, 0x3f, 0xcf, 0x1f, 0xcf,
    0x1f, 0xc7, 0x1f, 0xcf, 0x3f, 0xcf, 0x3f, 0xcf, 0x3f, 0xcf, 0x3f, 0xd7,
    0x3f, 0xcf, 0x3f, 0xcf, 0x1f, 0xc7, 0x1f, 0xc7, 0x1f, 0xcf, 0x3f, 0xcf,
    0x3f, 0xcf, 0x3f, 0xd7, 0x7e, 0xa6, 0x3b, 0x65, 0x7b, 0x6d, 0x5c, 0x6d,
    0x5b, 0x6d, 0x7b, 0x6d, 0x7b, 0x6d, 0x3b, 0x65, 0x3d, 0x96, 0x3f, 0xcf,
    0x1f, 0xcf, 0x1f, 0xcf, 0x1e, 0xcf, 0x1f, 0xc7, 0x1e, 0xcf, 0x3f, 0xcf,
    0x1f, 0xcf, 0x3f, 0xcf, 0x3f, 0xcf, 0x1e, 0xcf, 0x3f, 0xcf, 0x3f, 0xcf,
    0x3f, 0xcf, 0x3f, 0xd7, 0x3f, 0xcf, 0x3f, 0xd7, 0x3f, 0xcf, 0x3f, 0xcf,
    0x3f, 0xd7, 0x3f, 0xcf, 0x3f, 0xcf, 0x3e, 0xcf, 0x3f, 0xcf, 0x3f, 0xd7,
    0x5f, 0xd7, 0x3f, 0xd7, 0x3f, 0xd7, 0x5f, 0xd7, 0x5f, 0xdf, 0x7f, 0xdf,
    0x7f, 0xe7, 0x7f, 0xe7, 0x9f, 0xe7, 0x9f, 0xe7, 0x7f, 0xe7, 0x7f, 0xe7,
    0x7f, 0xe7, 0x7f, 0xdf, 0x7f, 0xe7, 0x7f, 0xe7, 0x7f, 0xe7, 0x9f, 0xe7,
    0x7f, 0xe7, 0x7f, 0xe7, 0x9f, 0xe7, 0x9f, 0xe7, 0x7f, 0xe7, 0x7f, 0xe7,
    0x7f, 0xe7, 0x9f, 0xe7, 0x9f, 0xe7, 0x7f, 0xe7, 0x9f, 0xe7, 0x9f, 0xe7,
    0x9f, 0xe7, 0x9f, 0xe7, 0x7f, 0xe7, 0x9f, 0xe7, 0x7f, 0xe7, 0x7f, 0xe7,
    0x7f, 0xe7, 0x7f, 0xe7, 0x7f, 0xe7, 0x7f, 0xdf, 0x7f, 0xdf, 0x7f, 0xdf,
    0x7f, 0xe7, 0x7f, 0xe7, 0x5f, 0xd7, 0x1f, 0xc7, 0xff, 0xc6, 0xde, 0xbe,
    0xde, 0xb6, 0xde, 0xb6, 0xbe, 0xb6, 0xbe, 0xae, 0xbe, 0xae, 0xbe, 0xae,
    0xbe, 0xae, 0xbe, 0xae, 0xbe, 0xae, 0x9e, 0xae, 0x9e, 0xae, 0x9e, 0xae,
    0xbe, 0xb6, 0x9e, 0xae, 0x9e, 0xae, 0x9e, 0xae, 0xbe, 0xae, 0x9e, 0xae,
    0x9e, 0xae, 0x7e, 0xa6, 0x9e, 0xae, 0x5e, 0x9e, 0x5d, 0x9e, 0x3d, 0x96,
    0x3d, 0x96, 0x1d, 0x96, 0x3d, 0x96, 0x3d, 0x96, 0x3d, 0x96, 0x3e, 0x96,
    0x3d, 0x96, 0x3d, 0x96, 0x3e, 0x96, 0x1d, 0x96, 0x3d, 0x96, 0x3d, 0x96,
    0x3d, 0x96, 0x1d, 0x96, 0x1d, 0x8e, 0x1d, 0x96, 0x1d, 0x8e, 0x1d, 0x96,
    0x1d, 0x8e, 0x1d, 0x8e, 0x1d, 0x8e, 0x1d, 0x96, 0x1d, 0x8e, 0x1d, 0x8e,
    0x1d, 0x96, 0x1d, 0x8e, 0x1d, 0x96, 0x1d, 0x8e, 0x1d, 0x8e, 0x1d, 0x8e,
    0x1d, 0x96, 0xfd, 0x8d, 0x1d, 0x8e, 0x1d, 0x8e, 0xfd, 0x8d, 0x1d, 0x8e,
    0xfd, 0x8d, 0xfd, 0x8d, 0x1d, 0x8e, 0x1d, 0x8e, 0xfd, 0x8d, 0x1d, 0x8e,
    0xfd, 0x8d, 0xfd, 0x8d, 0x1d, 0x8e, 0xfd, 0x8d, 0xfd, 0x8d, 0x1d, 0x8e,
    0xfd, 0x8d, 0xfc, 0x8d, 0xfc, 0x8d, 0xfd, 0x8d, 0xfd, 0x8d, 0x1d, 0x8e,
    0xfd, 0x85, 0xfd, 0x85, 0xfd, 0x8d, 0x1d, 0x8e, 0xfd, 0x8d, 0x1c, 0x8e,
    0xfd, 0x8d, 0x1d, 0x8e, 0x1d, 0x8e, 0x1d, 0x8e, 0x1d, 0x8e, 0x1d, 0x8e,
    0xfd, 0x85, 0x7f, 0xe7, 0xff, 0xff, 0xff, 0xff, 0xff, 0xff, 0xff, 0xff,
    0xff, 0xff, 0xff, 0xff, 0xff, 0xff, 0xff, 0xff, 0xff, 0xff, 0x9f, 0xe7,
    0xde, 0xbe, 0xff, 0xc6, 0xfe, 0xc6, 0xff, 0xbe, 0xff, 0xbe, 0xfe, 0xc6,
    0xff, 0xbe, 0xff, 0xc6, 0xfe, 0xbe, 0xff, 0xbe, 0xfe, 0xc6, 0xff, 0xbe,
    0xfe, 0xc6, 0xff, 0xc6, 0xfe, 0xc6, 0xff, 0xc6, 0xff, 0xc6, 0xfe, 0xbe,
    0xfe, 0xc6, 0xff, 0xbe, 0xfe, 0xc6, 0xfe, 0xbe, 0xff, 0xc6, 0xff, 0xc6,
    0x1f, 0xc7, 0xff, 0xbe, 0x3f, 0xcf, 0x5e, 0xa6, 0x3b, 0x65, 0x5b, 0x65,
    0x5b, 0x6d, 0x3b, 0x65, 0x9b, 0x7d, 0xdc, 0x85, 0x5b, 0x65, 0x5b, 0x6d,
    0x5b, 0x6d, 0x3b, 0x5d, 0xfd, 0x8d, 0x3f, 0xcf, 0x1f, 0xc7, 0x1f, 0xc7,
    0x1f, 0xc7, 0x1f, 0xc7, 0x1f, 0xc7, 0x1f, 0xc7, 0x1f, 0xcf, 0x1f, 0xcf,
    0x1f, 0xc7, 0x1f, 0xcf, 0x1f, 0xcf, 0x1f, 0xc7, 0x1f, 0xcf, 0x1f, 0xcf,
    0x1f, 0xc7, 0x5f, 0xd7, 0x1d, 0x8e, 0x3b, 0x5d, 0x5b, 0x6d, 0x5b, 0x6d,
    0x5b, 0x6d, 0x5b, 0x6d, 0x5c, 0x6d, 0x5b, 0x65, 0x1d, 0x96, 0x3f, 0xcf,
    0x1f, 0xcf, 0x1f, 0xcf, 0x3f, 0xcf, 0x1f, 0xcf, 0x1f, 0xcf, 0x3f, 0xcf,
    0x1e, 0xcf, 0x1f, 0xcf, 0x3f, 0xcf, 0x3e, 0xcf, 0x1f, 0xcf, 0x3f, 0xcf,
    0x3e, 0xcf, 0x3f, 0xcf, 0x1f, 0xcf, 0x3f, 0xcf, 0x3e, 0xcf, 0x3f, 0xd7,
    0x3f, 0xd7, 0x5f, 0xd7, 0x5f, 0xdf, 0x7f, 0xdf, 0x7f, 0xdf, 0x7f, 0xdf,
    0x9f, 0xe7, 0x9f, 0xe7, 0x9f, 0xe7, 0x7f, 0xdf, 0x9f, 0xe7, 0x7f, 0xe7,
    0x7f, 0xdf, 0x7f, 0xdf, 0x7f, 0xe7, 0x7f, 0xdf, 0x7f, 0xdf, 0x7f, 0xdf,
    0x7f, 0xdf, 0x9f, 0xe7, 0x7f, 0xe7, 0x7f, 0xdf, 0x7f, 0xe7, 0x7f, 0xe7,
    0x9f, 0xdf, 0x7f, 0xe7, 0x7f, 0xe7, 0x7f, 0xdf, 0x7f, 0xe7, 0x7f, 0xdf,
    0x7f, 0xe7, 0x7f, 0xe7, 0x7f, 0xe7, 0x7f, 0xe7, 0x9f, 0xe7, 0x7f, 0xe7,
    0x7f, 0xe7, 0x7f, 0xe7, 0x7f, 0xe7, 0x7f, 0xe7, 0x7f, 0xdf, 0x7f, 0xe7,
    0x7f, 0xdf, 0x7f, 0xe7, 0x7f, 0xdf, 0x7f, 0xe7, 0x7f, 0xe7, 0x7f, 0xdf,
    0x7f, 0xdf, 0x7f, 0xdf, 0x7f, 0xe7, 0x9f, 0xe7, 0x9f, 0xe7, 0x7f, 0xdf,
    0x7f, 0xdf, 0x5f, 0xdf, 0x5f, 0xd7, 0x3f, 0xcf, 0x1f, 0xc7, 0xff, 0xc6,
    0xff, 0xbe, 0xdf, 0xbe, 0xbe, 0xb6, 0xbe, 0xb6, 0xbe, 0xb6, 0xbe, 0xb6,
    0xbe, 0xb6, 0xbe, 0xb6, 0xbe, 0xb6, 0xbe, 0xae, 0x9e, 0xae, 0x7e, 0xa6,
    0x5e, 0x9e, 0x5d, 0x9e, 0x3d, 0x9e, 0x3d, 0x96, 0x1d, 0x96, 0x3d, 0x96,
    0x3d, 0x96, 0x3d, 0x96, 0x3e, 0x96, 0x3d, 0x96, 0x3d, 0x96, 0x3d, 0x96,
    0x3d, 0x9e, 0x3d, 0x96, 0x3e, 0x96, 0x3d, 0x96, 0x1d, 0x96, 0x1d, 0x8e,
    0x1d, 0x8e, 0x1d, 0x96, 0x3d, 0x96, 0x1d, 0x8e, 0x1d, 0x96, 0x1d, 0x8e,
    0x1d, 0x8e, 0x1d, 0x96, 0x1d, 0x96, 0x1d, 0x8e, 0x1d, 0x8e, 0x1d, 0x96,
    0x1d, 0x8e, 0x1d, 0x8e, 0x1d, 0x96, 0xfd, 0x8d, 0x1d, 0x8e, 0x1d, 0x96,
    0xfc, 0x8d, 0xfd, 0x8d, 0x1c, 0x8e, 0xfd, 0x8d, 0xfd, 0x8d, 0x1d, 0x8e,
    0x1d, 0x8e, 0xfd, 0x8d, 0x1c, 0x8e, 0xfc, 0x8d, 0x1d, 0x8e, 0x1d, 0x8e,
    0xfd, 0x8d, 0xfd, 0x8d, 0x1c, 0x8e, 0x1c, 0x8e, 0xfd, 0x8d, 0x1d, 0x8e,
    0xfc, 0x8d, 0xfd, 0x8d, 0x1d, 0x8e, 0xfd, 0x85, 0xfd, 0x8d, 0xfd, 0x8d,
    0xfd, 0x85, 0xfc, 0x8d, 0xfd, 0x85, 0xfd, 0x8d, 0xfd, 0x8d, 0x1d, 0x86,
    0x1d, 0x8e, 0xfd, 0x85, 0xfd, 0x8d, 0x1d, 0x8e, 0x1d, 0x8e, 0xfd, 0x8d,
    0xfd, 0x85, 0x7f, 0xe7, 0xff, 0xff, 0xff, 0xff, 0xff, 0xff, 0xff, 0xff,
    0xff, 0xff, 0xff, 0xff, 0xff, 0xff, 0xff, 0xff, 0xff, 0xff, 0x7f, 0xe7,
    0xff, 0xbe, 0xff, 0xc6, 0xfe, 0xc6, 0xff, 0xbe, 0xff, 0xc6, 0xfe, 0xbe,
    0xff, 0xc6, 0xfe, 0xc6, 0xff, 0xc6, 0xff, 0xc6, 0xfe, 0xc6, 0xff, 0xc6,
    0xff, 0xc6, 0xfe, 0xbe, 0xff, 0xbe, 0xff, 0xc6, 0xfe, 0xc6, 0xff, 0xbe,
    0xfe, 0xbe, 0xfe, 0xc6, 0xff, 0xc6, 0xff, 0xc6, 0xfe, 0xc6, 0xfe, 0xc6,
    0xff, 0xc6, 0x1f, 0xc7, 0xde, 0xb6, 0x7b, 0x6d, 0x5b, 0x65, 0x5b, 0x6d,
    0x5b, 0x65, 0x3b, 0x65, 0x9c, 0x7d, 0xbc, 0x7d, 0x5b, 0x65, 0x5b, 0x6d,
    0x5b, 0x65, 0xfc, 0x85, 0xff, 0xc6, 0x1f, 0xcf, 0x1f, 0xc7, 0xff, 0xc6,
    0x1f, 0xc7, 0x1f, 0xc7, 0x1f, 0xc7, 0x1f, 0xcf, 0x1f, 0xc7, 0x1f, 0xcf,
    0x1f, 0xcf, 0x1f, 0xc7, 0x1f, 0xcf, 0x1e, 0xc7, 0x1f, 0xc7, 0x1f, 0xcf,
    0x1f, 0xcf, 0x3f, 0xcf, 0xbc, 0x7d, 0x3b, 0x65, 0x5b, 0x65, 0x5c, 0x6d,
    0x5b, 0x65, 0x5b, 0x6d, 0x5b, 0x6d, 0x5b, 0x65, 0x1c, 0x8e, 0x3f, 0xd7,
    0x1f, 0xc7, 0x1f, 0xcf, 0x1e, 0xcf, 0x3f, 0xcf, 0x3f, 0xcf, 0x3f, 0xcf,
    0x3f, 0xcf, 0x1f, 0xcf, 0x3f, 0xcf, 0x1f, 0xcf, 0x1f, 0xcf, 0x3f, 0xd7,
    0x3f, 0xd7, 0x5f, 0xd7, 0x5f, 0xdf, 0x5f, 0xdf, 0x7f, 0xdf, 0x7f, 0xe7,
    0x7f, 0xdf, 0x7f, 0xe7, 0x7f, 0xe7, 0x7f, 0xe7, 0x7f, 0xdf, 0x7f, 0xdf,
    0x7f, 0xdf, 0x7f, 0xdf, 0x7f, 0xdf, 0x7f, 0xdf, 0x7f, 0xdf, 0x7f, 0xdf,
    0x7f, 0xdf, 0x7f, 0xe7, 0x7f, 0xe7, 0x7f, 0xe7, 0x7f, 0xdf, 0x7f, 0xe7,
    0x9f, 0xe7, 0x9f, 0xe7, 0x7f, 0xdf, 0x7f, 0xe7, 0x9f, 0xe7, 0x9f, 0xe7,
    0x9f, 0xdf, 0x7f, 0xe7, 0x7f, 0xdf, 0x9f, 0xe7, 0x9f, 0xe7, 0x9f, 0xe7,
    0x9f, 0xe7, 0x9f, 0xe7, 0x7f, 0xe7, 0x9f, 0xe7, 0x7f, 0xe7, 0x7f, 0xdf,
    0x7f, 0xdf, 0x7f, 0xdf, 0x7f, 0xe7, 0x7f, 0xdf, 0x7f, 0xdf, 0x7f, 0xdf,
    0x7f, 0xdf, 0x7f, 0xe7, 0x7f, 0xdf, 0x7f, 0xdf, 0x7f, 0xe7, 0x7f, 0xdf,
    0x7f, 0xe7, 0x7f, 0xdf, 0x7f, 0xe7, 0x7f, 0xdf, 0x9f, 0xe7, 0x9f, 0xe7,
    0x7f, 0xe7, 0x9f, 0xe7, 0x9f, 0xe7, 0x7f, 0xe7, 0x9f, 0xe7, 0x7f, 0xe7,
    0x7f, 0xdf, 0x7f, 0xdf, 0x5f, 0xdf, 0x3f, 0xd7, 0x3f, 0xcf, 0x1f, 0xc7,
    0xff, 0xc6, 0xff, 0xbe, 0xff, 0xbe, 0xde, 0xbe, 0xbf, 0xb6, 0xbe, 0xb6,
    0xbe, 0xb6, 0xbe, 0xb6, 0x7e, 0xae, 0x7e, 0xa6, 0x5d, 0xa6, 0x5e, 0x9e,
    0x5d, 0x9e, 0x3d, 0x96, 0x1d, 0x96, 0x1d, 0x96, 0x1d, 0x96, 0x3d, 0x96,
    0x3e, 0x96, 0x3d, 0x96, 0x3d, 0x96, 0x3d, 0x96, 0x1d, 0x96, 0x1d, 0x96,
    0x1d, 0x8e, 0x1d, 0x96, 0x1d, 0x8e, 0x1d, 0x8e, 0x1d, 0x8e, 0x1d, 0x8e,
    0x1d, 0x8e, 0x1d, 0x8e, 0x1d, 0x96, 0x1d, 0x8e, 0x1d, 0x8e, 0x1d, 0x8e,
    0x1d, 0x8e, 0x1d, 0x8e, 0x1d, 0x8e, 0x1d, 0x8e, 0x1d, 0x96, 0x1d, 0x8e,
    0x1c, 0x8e, 0xfd, 0x8d, 0x1d, 0x8e, 0x1d, 0x8e, 0xfd, 0x8d, 0x1c, 0x8e,
    0x1d, 0x8e, 0xfd, 0x8d, 0xfd, 0x8d, 0x1d, 0x8e, 0xfd, 0x8d, 0xfd, 0x8d,
    0x1d, 0x8e, 0x1d, 0x8e, 0xfd, 0x8d, 0xfd, 0x8d, 0xfd, 0x8d, 0xfd, 0x8d,
    0xfd, 0x8d, 0xfd, 0x8d, 0x1d, 0x86, 0xfd, 0x8d, 0xfc, 0x85, 0xfd, 0x8d,
    0xfd, 0x8d, 0x1d, 0x8e, 0xfc, 0x85, 0xfd, 0x8d, 0xfd, 0x85, 0x1d, 0x8e,
    0xfd, 0x8d, 0xfd, 0x85, 0x1d, 0x8e, 0x1d, 0x8e, 0x1d, 0x8e, 0x1d, 0x8e,
    0x1d, 0x86, 0x7f, 0xe7, 0xff, 0xff, 0xff, 0xff, 0xff, 0xff, 0xff, 0xff,
    0xff, 0xff, 0xff, 0xff, 0xff, 0xff, 0xff, 0xff, 0xff, 0xff, 0x7f, 0xe7,
    0xff, 0xbe, 0x1f, 0xc7, 0xfe, 0xc6, 0xff, 0xc6, 0xff, 0xc6, 0xff, 0xc6,
    0xff, 0xc6, 0xff, 0xbe, 0xfe, 0xc6, 0xff, 0xc6, 0xff, 0xbe, 0xfe, 0xbe,
    0xff, 0xbe, 0xff, 0xc6, 0xfe, 0xbe, 0xff, 0xbe, 0xff, 0xc6, 0xff, 0xbe,
    0xff, 0xc6, 0xff, 0xbe, 0xff, 0xbe, 0xff, 0xc6, 0xff, 0xbe, 0xff, 0xc6,
    0x1f, 0xc7, 0x1f, 0xc7, 0x9c, 0x75, 0x1b, 0x5d, 0x5b, 0x6d, 0x5b, 0x6d,
    0x5b, 0x6d, 0x3b, 0x65, 0xbc, 0x7d, 0xbc, 0x7d, 0x3b, 0x65, 0x3b, 0x65,
    0xbc, 0x7d, 0xbe, 0xb6, 0xff, 0xc6, 0x1f, 0xc7, 0x1e, 0xc7, 0x1f, 0xc7,
    0xff, 0xc6, 0x1e, 0xcf, 0x1f, 0xcf, 0xff, 0xc6, 0x1e, 0xc7, 0x1f, 0xc7,
    0x1f, 0xc7, 0x1e, 0xc7, 0x1f, 0xcf, 0x1f, 0xc7, 0x1f, 0xc7, 0x1f, 0xcf,
    0x1f, 0xc7, 0x1f, 0xc7, 0x9c, 0x75, 0x3b, 0x65, 0x5b, 0x6d, 0x5b, 0x65,
    0x7c, 0x6d, 0x5b, 0x6d, 0x7b, 0x6d, 0x5b, 0x65, 0xfc, 0x8d, 0x3f, 0xcf,
    0x3f, 0xcf, 0x1f, 0xc7, 0x1f, 0xcf, 0x3f, 0xcf, 0x3f, 0xcf, 0x3f, 0xcf,
    0x3f, 0xcf, 0x3f, 0xd7, 0x5f, 0xd7, 0x7f, 0xdf, 0x7f, 0xdf, 0x7f, 0xe7,
    0x7f, 0xe7, 0x7f, 0xe7, 0x9f, 0xe7, 0x7f, 0xdf, 0x7f, 0xdf, 0x7f, 0xdf,
    0x7f, 0xdf, 0x7f, 0xdf, 0x7f, 0xdf, 0x7f, 0xdf, 0x7f, 0xdf, 0x7f, 0xdf,
    0x7f, 0xe7, 0x7f, 0xdf, 0x7f, 0xdf, 0x7f, 0xe7, 0x7f, 0xdf, 0x7f, 0xdf,
    0x7f, 0xe7, 0x7f, 0xdf, 0x7f, 0xdf, 0x7f, 0xe7, 0x9f, 0xe7, 0x7f, 0xe7,
    0x7f, 0xdf, 0x7f, 0xe7, 0x7f, 0xdf, 0x7f, 0xdf, 0x9f, 0xe7, 0x9f, 0xe7,
    0x9f, 0xe7, 0x7f, 0xe7, 0x9f, 0xe7, 0x9f, 0xe7, 0x7f, 0xdf, 0x7f, 0xdf,
    0x7f, 0xdf, 0x7f, 0xdf, 0x7f, 0xdf, 0x7f, 0xdf, 0x7f, 0xdf, 0x7f, 0xdf,
    0x7f, 0xdf, 0x7f, 0xdf, 0x7f, 0xe7, 0x7f, 0xdf, 0x7f, 0xdf, 0x7f, 0xe7,
    0x7f, 0xdf, 0x7f, 0xe7, 0x7f, 0xe7, 0x7f, 0xdf, 0x7f, 0xe7, 0x7f, 0xe7,
    0x7f, 0xdf, 0x7f, 0xe7, 0x7f, 0xdf, 0x9f, 0xe7, 0x7f, 0xdf, 0x7f, 0xdf,
    0x7f, 0xdf, 0x7f, 0xdf, 0x7f, 0xdf, 0x7f, 0xdf, 0x7f, 0xdf, 0x7f, 0xdf,
    0x7f, 0xdf, 0x7f, 0xdf, 0x7f, 0xe7, 0x7f, 0xe7, 0x9f, 0xe7, 0x7f, 0xe7,
    0x7f, 0xdf, 0x7f, 0xdf, 0x7f, 0xdf, 0x5f, 0xd7, 0x3f, 0xcf, 0x1f, 0xcf,
    0xfe, 0xc6, 0xfe, 0xbe, 0xdf, 0xb6, 0xbe, 0xb6, 0xdf, 0xb6, 0xdf, 0xbe,
    0xde, 0xb6, 0xbe, 0xb6, 0x9e, 0xae, 0x9e, 0xa6, 0x7e, 0xa6, 0x5e, 0x9e,
    0x3d, 0x96, 0x1d, 0x96, 0x1d, 0x96, 0x3d, 0x96, 0x3d, 0x96, 0x3d, 0x96,
    0x1d, 0x96, 0x3d, 0x96, 0x1d, 0x8e, 0x1d, 0x8e, 0x1d, 0x96, 0x1d, 0x8e,
    0xfd, 0x8d, 0x1c, 0x8e, 0x1d, 0x8e, 0x1d, 0x8e, 0x1d, 0x8e, 0x1d, 0x96,
    0x1d, 0x8e, 0xfd, 0x95, 0x1d, 0x8e, 0x1d, 0x8e, 0xfd, 0x8d, 0x1d, 0x8e,
    0xfd, 0x8d, 0xfd, 0x8d, 0x1d, 0x8e, 0xfd, 0x8d, 0x1d, 0x8e, 0xfd, 0x8d,
    0xfd, 0x8d, 0x1c, 0x8e, 0x1d, 0x8e, 0xfd, 0x8d, 0xfd, 0x8d, 0x1d, 0x8e,
    0xfc, 0x8d, 0x1d, 0x8e, 0xfd, 0x8d, 0xfd, 0x8d, 0x1c, 0x8e, 0x1d, 0x8e,
    0x1d, 0x8e, 0x1d, 0x86, 0xfd, 0x8d, 0xfd, 0x8d, 0x1d, 0x86, 0xfd, 0x8d,
    0xfd, 0x8d, 0xfd, 0x85, 0x1d, 0x8e, 0xfd, 0x85, 0xfd, 0x85, 0xfd, 0x8d,
    0x1d, 0x8e, 0xfd, 0x8d, 0xfc, 0x8d, 0xfd, 0x8d, 0xfd, 0x8d, 0xfd, 0x8d,
    0xfd, 0x85, 0x7f, 0xe7, 0xff, 0xff, 0xff, 0xff, 0xff, 0xff, 0xff, 0xff,
    0xff, 0xff, 0xff, 0xff, 0xff, 0xff, 0xff, 0xff, 0xff, 0xff, 0x9f, 0xe7,
    0xfe, 0xbe, 0xff, 0xc6, 0xff, 0xbe, 0xfe, 0xbe, 0xfe, 0xc6, 0xff, 0xbe,
    0xff, 0xc6, 0x1e, 0xbf, 0xff, 0xc6, 0xfe, 0xc6, 0xff, 0xbe, 0xff, 0xc6,
    0xfe, 0xc6, 0xff, 0xc6, 0xff, 0xc6, 0xfe, 0xbe, 0xfe, 0xc6, 0xff, 0xc6,
    0xfe, 0xbe, 0xfe, 0xc6, 0xff, 0xc6, 0xfe, 0xbe, 0xff, 0xc6, 0xff, 0xbe,
    0x3f, 0xcf, 0x9e, 0xae, 0x3b, 0x65, 0x5b, 0x6d, 0x5b, 0x65, 0x5b, 0x65,
    0x3b, 0x6d, 0x5a, 0x65, 0xbc, 0x7d, 0xbc, 0x85, 0x3a, 0x65, 0x5b, 0x65,
    0x9e, 0xae, 0xde, 0xbe, 0xbe, 0xb6, 0x1f, 0xc7, 0xff, 0xc6, 0xff, 0xc6,
    0x1e, 0xc7, 0x1f, 0xcf, 0x1f, 0xc7, 0x1e, 0xc7, 0x1f, 0xc7, 0x1f, 0xc7,
    0x1e, 0xcf, 0x1f, 0xc7, 0x1f, 0xcf, 0x1e, 0xcf, 0x1f, 0xc7, 0x1e, 0xcf,
    0x1f, 0xc7, 0xfe, 0xc6, 0x9b, 0x75, 0x5b, 0x65, 0x5b, 0x6d, 0x5b, 0x6d,
    0x5b, 0x6d, 0x5c, 0x65, 0x7b, 0x6d, 0x5b, 0x65, 0xdc, 0x85, 0x3f, 0xcf,
    0x3f, 0xcf, 0x3f, 0xcf, 0x5f, 0xd7, 0x5f, 0xd7, 0x5f, 0xd7, 0x5f, 0xdf,
    0x5f, 0xdf, 0x5f, 0xdf, 0x5f, 0xdf, 0x5f, 0xdf, 0x5f, 0xdf, 0x5f, 0xdf,
    0x5f, 0xdf, 0x7f, 0xdf, 0x5f, 0xdf, 0x5f, 0xdf, 0x7f, 0xdf, 0x7f, 0xdf,
    0x5f, 0xdf, 0x5f, 0xdf, 0x7f, 0xdf, 0x7f, 0xdf, 0x7f, 0xe7, 0x7f, 0xdf,
    0x7f, 0xe7, 0x7f, 0xe7, 0x7f, 0xe7, 0x7f, 0xdf, 0x9f, 0xe7, 0x7f, 0xdf,
    0x9f, 0xdf, 0x7f, 0xe7, 0x7f, 0xdf, 0x9f, 0xdf, 0x9f, 0xdf, 0x7f, 0xdf,
    0x7f, 0xdf, 0x9f, 0xe7, 0x9f, 0xe7, 0x9f, 0xe7, 0x9f, 0xe7, 0x9f, 0xe7,
    0x7f, 0xe7, 0x7f, 0xdf, 0x7f, 0xdf, 0x5f, 0xdf, 0x5f, 0xdf, 0x5f, 0xdf,
    0x7f, 0xdf, 0x7f, 0xdf, 0x7f, 0xdf, 0x7f, 0xdf, 0x7f, 0xe7, 0x7f, 0xe7,
    0x7f, 0xe7, 0x7f, 0xe7, 0x7f, 0xdf, 0x7f, 0xe7, 0x7f, 0xe7, 0x7f, 0xdf,
    0x7f, 0xdf, 0x7f, 0xdf, 0x7f, 0xdf, 0x7f, 0xdf, 0x7f, 0xe7, 0x7f, 0xdf,
    0x7f, 0xe7, 0x9f, 0xdf, 0x7f, 0xe7, 0x7f, 0xdf, 0x7f, 0xdf, 0x7f, 0xdf,
    0x7f, 0xe7, 0x7f, 0xdf, 0x7f, 0xe7, 0x7f, 0xe7, 0x7f, 0xdf, 0x7f, 0xe7,
    0x7f, 0xdf, 0x7f, 0xdf, 0x7f, 0xdf, 0x7f, 0xdf, 0x7f, 0xdf, 0x7f, 0xdf,
    0x7f, 0xdf, 0x7f, 0xdf, 0x5f, 0xdf, 0x5f, 0xdf, 0x7f, 0xdf, 0x7f, 0xdf,
    0x7f, 0xdf, 0x5f, 0xdf, 0x5f, 0xd7, 0x3f, 0xcf, 0x1f, 0xc7, 0xde, 0xbe,
    0xdf, 0xb6, 0xdf, 0xb6, 0xdf, 0xbe, 0xff, 0xbe, 0xde, 0xbe, 0xde, 0xbe,
    0xde, 0xb6, 0xbe, 0xb6, 0x7e, 0xa6, 0x5d, 0x9e, 0x1d, 0x96, 0x1d, 0x8e,
    0x1d, 0x96, 0x1d, 0x96, 0x1d, 0x96, 0x1d, 0x8e, 0x1d, 0x8e, 0x1d, 0x96,
    0xfc, 0x8d, 0xfd, 0x8d, 0x1d, 0x8e, 0x1d, 0x8e, 0xfd, 0x8d, 0x1d, 0x8e,
    0x1d, 0x8e, 0x1d, 0x8e, 0xfd, 0x8d, 0x1c, 0x8e, 0xfd, 0x8d, 0xfd, 0x8d,
    0x1d, 0x8e, 0xfd, 0x8d, 0xfd, 0x8d, 0x1d, 0x8e, 0x1d, 0x8e, 0xfd, 0x8d,
    0x1d, 0x8e, 0x1d, 0x8e, 0xfc, 0x8d, 0x1d, 0x8e, 0x1d, 0x8e, 0xfd, 0x8d,
    0x1d, 0x8e, 0xfc, 0x8d, 0x1d, 0x8e, 0x1d, 0x8e, 0xfd, 0x8d, 0xfd, 0x8d,
    0x1d, 0x8e, 0xfd, 0x8d, 0x1d, 0x8e, 0xfd, 0x8d, 0xfd, 0x8d, 0xfd, 0x8d,
    0xfd, 0x85, 0xfd, 0x8d, 0xfd, 0x8d, 0x1d, 0x8e, 0xfd, 0x8d, 0xfc, 0x85,
    0xfd, 0x8d, 0x1d, 0x8e, 0x1d, 0x86, 0xfd, 0x85, 0x1d, 0x8e, 0x1d, 0x8e,
    0xfd, 0x85, 0x7f, 0xdf, 0xff, 0xff, 0xff, 0xff, 0xff, 0xff, 0xff, 0xff,
    0xff, 0xff, 0xff, 0xff, 0xff, 0xff, 0xff, 0xff, 0xff, 0xff, 0x7f, 0xe7,
    0xde, 0xbe, 0xff, 0xc6, 0xff, 0xbe, 0xfe, 0xc6, 0xff, 0xc6, 0xff, 0xbe,
    0xfe, 0xc6, 0xff, 0xc6, 0x1f, 0xbf, 0xfe, 0xc6, 0xfe, 0xc6, 0xff, 0xc6,
    0xfe, 0xbe, 0xff, 0xc6, 0x1f, 0xc7, 0xfe, 0xbe, 0xfe, 0xc6, 0xff, 0xbe,
    0xff, 0xc6, 0xfe, 0xc6, 0xff, 0xc6, 0xff, 0xc6, 0xfe, 0xc6, 0xff, 0xc6,
    0x1f, 0xc7, 0xfc, 0x85, 0x3b, 0x65, 0x5b, 0x6d, 0x5b, 0x65, 0x5b, 0x65,
    0x3b, 0x65, 0x3b, 0x65, 0x9b, 0x75, 0xbc, 0x85, 0x1a, 0x65, 0xfc, 0x85,
    0xdf, 0xbe, 0x9e, 0xa6, 0xff, 0xc6, 0x1f, 0xc7, 0xff, 0xc6, 0x1e, 0xcf,
    0x1f, 0xc7, 0xff, 0xc6, 0x1f, 0xc7, 0x1f, 0xc7, 0xff, 0xce, 0x1e, 0xc7,
    0xff, 0xc6, 0x1f, 0xc7, 0x1f, 0xc7, 0x1f, 0xcf, 0x1f, 0xcf, 0x1f, 0xc7,
    0x1f, 0xc7, 0x1f, 0xc7, 0xbc, 0x7d, 0x5b, 0x65, 0x5b, 0x6d, 0x5c, 0x6d,
    0x7b, 0x65, 0x5b, 0x6d, 0x5c, 0x6d, 0x5b, 0x65, 0xdc, 0x85, 0x5f, 0xdf,
    0x5f, 0xdf, 0x5f, 0xd7, 0x5f, 0xd7, 0x3f, 0xd7, 0x3f, 0xd7, 0x5f, 0xd7,
    0x5f, 0xd7, 0x3f, 0xd7, 0x3f, 0xd7, 0x3e, 0xd7, 0x5f, 0xd7, 0x5f, 0xd7,
    0x5f, 0xd7, 0x5f, 0xd7, 0x3f, 0xd7, 0x5f, 0xd7, 0x5f, 0xd7, 0x5f, 0xdf,
    0x5f, 0xd7, 0x5f, 0xd7, 0x5f, 0xdf, 0x5f, 0xdf, 0x5f, 0xdf, 0x5f, 0xdf,
    0x5f, 0xdf, 0x7f, 0xdf, 0x7f, 0xdf, 0x7f, 0xdf, 0x5f, 0xdf, 0x7f, 0xdf,
    0x7f, 0xdf, 0x7f, 0xdf, 0x7f, 0xe7, 0x9f, 0xe7, 0x9f, 0xef, 0xbf, 0xef,
    0xbf, 0xef, 0xbf, 0xef, 0x9f, 0xe7, 0x7f, 0xe7, 0x7f, 0xdf, 0x5f, 0xdf,
    0x5f, 0xdf, 0x7f, 0xdf, 0x5f, 0xdf, 0x7f, 0xdf, 0x7f, 0xdf, 0x7f, 0xdf,
    0x7f, 0xe7, 0x9f, 0xe7, 0x9f, 0xe7, 0x7f, 0xe7, 0x7f, 0xe7, 0x9f, 0xe7,
    0x9f, 0xe7, 0x7f, 0xe7, 0x7f, 0xdf, 0x7f, 0xdf, 0x7f, 0xdf, 0x7f, 0xdf,
    0x7f, 0xe7, 0x7f, 0xe7, 0x7f, 0xe7, 0x7f, 0xdf, 0x7f, 0xdf, 0x7f, 0xdf,
    0x7f, 0xdf, 0x7f, 0xdf, 0x7f, 0xdf, 0x7f, 0xdf, 0x7f, 0xdf, 0x7f, 0xe7,
    0x7f, 0xdf, 0x7f, 0xdf, 0x7f, 0xdf, 0x7f, 0xdf, 0x7f, 0xdf, 0x7f, 0xdf,
    0x7f, 0xe7, 0x7f, 0xe7, 0x7f, 0xdf, 0x7f, 0xdf, 0x7f, 0xdf, 0x7f, 0xdf,
    0x7f, 0xdf, 0x5f, 0xdf, 0x7f, 0xdf, 0x7f, 0xdf, 0x5f, 0xdf, 0x5f, 0xdf,
    0x5f, 0xdf, 0x5f, 0xdf, 0x7f, 0xdf, 0x7f, 0xdf, 0x7f, 0xdf, 0x5f, 0xdf,
    0x5f, 0xd7, 0x1f, 0xc7, 0xde, 0xbe, 0xbe, 0xb6, 0xde, 0xb6, 0xbf, 0xb6,
    0xdf, 0xb6, 0xdf, 0xbe, 0xff, 0xbe, 0xff, 0xbe, 0xde, 0xbe, 0x9e, 0xae,
    0x5e, 0x9e, 0x1d, 0x8e, 0x1d, 0x8e, 0x1d, 0x96, 0x1d, 0x8e, 0x1d, 0x8e,
    0xfd, 0x8d, 0x1d, 0x8e, 0xfd, 0x8d, 0x1d, 0x8e, 0x1c, 0x8e, 0xfd, 0x8d,
    0xfd, 0x8d, 0xfd, 0x8d, 0x1d, 0x8e, 0xfd, 0x8d, 0x1d, 0x8e, 0xfd, 0x8d,
    0x1c, 0x8e, 0x1d, 0x8e, 0xfc, 0x8d, 0x1d, 0x8e, 0xfc, 0x8d, 0xfd, 0x8d,
    0xfd, 0x8d, 0xfd, 0x8d, 0xfd, 0x8d, 0xfd, 0x8d, 0x1d, 0x8e, 0xfd, 0x8d,
    0xfd, 0x8d, 0x1d, 0x86, 0xfd, 0x8d, 0xfd, 0x8d, 0x1c, 0x86, 0xfd, 0x8d,
    0xfd, 0x85, 0x1d, 0x8e, 0xfc, 0x8d, 0x1d, 0x86, 0xfd, 0x8d, 0x1c, 0x86,
    0x1d, 0x8e, 0xfd, 0x85, 0xfc, 0x8d, 0xfd, 0x85, 0x1d, 0x8e, 0xfd, 0x8d,
    0x1d, 0x8e, 0x1d, 0x8e, 0xfd, 0x85, 0x1c, 0x8e, 0xfd, 0x8d, 0x1d, 0x8e,
    0xfd, 0x85, 0x7f, 0xdf, 0xff, 0xff, 0xff, 0xff, 0xff, 0xff, 0xff, 0xff,
    0xff, 0xff, 0xff, 0xff, 0xff, 0xff, 0xff, 0xff, 0xff, 0xff, 0x9f, 0xe7,
    0xff, 0xbe, 0xff, 0xc6, 0xfe, 0xbe, 0xff, 0xbe, 0xfe, 0xc6, 0xfe, 0xbe,
    0xff, 0xbe, 0xff, 0xc6, 0xfe, 0xbe, 0xff, 0xbe, 0xff, 0xc6, 0x1f, 0xc7,
    0xff, 0xc6, 0xff, 0xc6, 0xfe, 0xbe, 0xff, 0xc6, 0xff, 0xc6, 0xff, 0xbe,
    0xff, 0xc6, 0xfe, 0xbe, 0xff, 0xc6, 0x1f, 0xc7, 0x1f, 0xc7, 0x1f, 0xc7,
    0xde, 0xb6, 0x7b, 0x6d, 0x3b, 0x65, 0x5b, 0x65, 0x5b, 0x6d, 0x5b, 0x6d,
    0x5b, 0x65, 0x3b, 0x65, 0x7b, 0x6d, 0xbc, 0x7d, 0x7c, 0x75, 0xde, 0xbe,
    0xff, 0xc6, 0xff, 0xbe, 0x1f, 0xc7, 0x1f, 0xc7, 0x1e, 0xcf, 0x1f, 0xc7,
    0x1f, 0xc7, 0xfe, 0xc6, 0x1f, 0xcf, 0x1f, 0xc7, 0xfe, 0xc6, 0x1f, 0xc7,
    0x1f, 0xcf, 0x1e, 0xc7, 0x1f, 0xc7, 0x1f, 0xc7, 0x1e, 0xc7, 0x1f, 0xc7,
    0x1f, 0xc7, 0x3f, 0xcf, 0x1d, 0x96, 0x3b, 0x65, 0x7c, 0x6d, 0x5b, 0x6d,
    0x5b, 0x65, 0x5b, 0x6d, 0x5b, 0x6d, 0x5b, 0x65, 0xfd, 0x8d, 0x5f, 0xd7,
    0x3f, 0xd7, 0x3f, 0xd7, 0x3f, 0xd7, 0x3f, 0xd7, 0x5f, 0xd7, 0x3f, 0xd7,
    0x5f, 0xd7, 0x5f, 0xd7, 0x3f, 0xd7, 0x5f, 0xd7, 0x5f, 0xd7, 0x3f, 0xd7,
    0x3f, 0xd7, 0x3f, 0xd7, 0x3f, 0xd7, 0x3f, 0xd7, 0x5f, 0xd7, 0x3f, 0xd7,
    0x3f, 0xd7, 0x5f, 0xd7, 0x5f, 0xd7, 0x5f, 0xd7, 0x5f, 0xd7, 0x5f, 0xd7,
    0x5f, 0xd7, 0x5f, 0xd7, 0x5f, 0xd7, 0x5f, 0xd7, 0x5f, 0xdf, 0x7f, 0xe7,
    0x9f, 0xe7, 0x9f, 0xef, 0x9f, 0xef, 0x9f, 0xe7, 0x9f, 0xe7, 0x7f, 0xdf,
    0x5f, 0xdf, 0x5f, 0xd7, 0x5f, 0xd7, 0x5f, 0xdf, 0x7f, 0xdf, 0x7f, 0xdf,
    0x7f, 0xdf, 0x7f, 0xdf, 0x7f, 0xe7, 0x9f, 0xe7, 0x9f, 0xe7, 0x7f, 0xe7,
    0x7f, 0xe7, 0x7f, 0xdf, 0x7f, 0xdf, 0x7f, 0xdf, 0x5f, 0xdf, 0x7f, 0xdf,
    0x7f, 0xdf, 0x7f, 0xdf, 0x7f, 0xdf, 0x7f, 0xdf, 0x7f, 0xdf, 0x7f, 0xdf,
    0x7f, 0xdf, 0x7f, 0xdf, 0x7f, 0xdf, 0x7f, 0xdf, 0x7f, 0xdf, 0x7f, 0xdf,
    0x5f, 0xdf, 0x5f, 0xdf, 0x7f, 0xdf, 0x7f, 0xdf, 0x7f, 0xdf, 0x5f, 0xdf,
    0x5f, 0xdf, 0x5f, 0xdf, 0x5f, 0xdf, 0x5f, 0xdf, 0x7f, 0xdf, 0x7f, 0xdf,
    0x7f, 0xdf, 0x7f, 0xe7, 0x7f, 0xdf, 0x7f, 0xdf, 0x7f, 0xdf, 0x7f, 0xdf,
    0x5f, 0xdf, 0x5f, 0xdf, 0x7f, 0xdf, 0x7f, 0xdf, 0x5f, 0xdf, 0x7f, 0xdf,
    0x7f, 0xdf, 0x5f, 0xdf, 0x7f, 0xdf, 0x5f, 0xdf, 0x5f, 0xdf, 0x5f, 0xdf,
    0x7f, 0xdf, 0x7f, 0xdf, 0x7f, 0xdf, 0x3f, 0xcf, 0xdf, 0xbe, 0xbe, 0xb6,
    0xde, 0xb6, 0xde, 0xb6, 0xde, 0xb6, 0xdf, 0xb6, 0xff, 0xbe, 0xff, 0xbe,
    0xff, 0xbe, 0xbe, 0xb6, 0x5d, 0x9e, 0xfd, 0x8d, 0xfd, 0x8d, 0xfc, 0x8d,
    0x1d, 0x8e, 0xfc, 0x8d, 0xfd, 0x8d, 0xfd, 0x8d, 0x1d, 0x8e, 0xfd, 0x8d,
    0xfc, 0x8d, 0x1d, 0x8e, 0xfd, 0x8d, 0x1d, 0x8e, 0xfd, 0x8d, 0x1d, 0x8e,
    0x1d, 0x8e, 0xfd, 0x8d, 0x1d, 0x8e, 0xfd, 0x8d, 0xfd, 0x8d, 0xfc, 0x8d,
    0xfd, 0x8d, 0xfc, 0x85, 0xfd, 0x8d, 0x1d, 0x86, 0xfc, 0x8d, 0x1d, 0x8e,
    0xfd, 0x8d, 0x1d, 0x8e, 0xfd, 0x8d, 0x1d, 0x8e, 0x1d, 0x8e, 0x1c, 0x8e,
    0xfd, 0x8d, 0xfd, 0x85, 0xfd, 0x8d, 0xfd, 0x8d, 0x1d, 0x8e, 0xfd, 0x8d,
    0x1d, 0x86, 0x1d, 0x8e, 0x1d, 0x8e, 0x1d, 0x8e, 0xfd, 0x85, 0xfd, 0x8d,
    0x1d, 0x8e, 0x1d, 0x8e, 0xfd, 0x85, 0xfd, 0x8d, 0x1d, 0x8e, 0x1d, 0x8e,
    0xfd, 0x85, 0x7f, 0xe7, 0xff, 0xff, 0xff, 0xff, 0xff, 0xff, 0xff, 0xff,
    0xff, 0xff, 0xff, 0xff, 0xff, 0xff, 0xff, 0xff, 0xff, 0xff, 0x7f, 0xe7,
    0xff, 0xbe, 0xfe, 0xc6, 0xff, 0xc6, 0xfe, 0xbe, 0xff, 0xc6, 0xfe, 0xbe,
    0xff, 0xc6, 0xfe, 0xc6, 0xff, 0xc6, 0xff, 0xbe, 0xff, 0xc6, 0xfe, 0xc6,
    0x1f, 0xc7, 0x1f, 0xc7, 0xfe, 0xbe, 0xff, 0xc6, 0x1f, 0xc7, 0xfe, 0xc6,
    0xff, 0xc6, 0x1f, 0xc7, 0xff, 0xc6, 0x1e, 0xc7, 0x1f, 0xc7, 0x1f, 0xc7,
    0xbe, 0xb6, 0x3b, 0x65, 0x3b, 0x65, 0x5b, 0x6d, 0x5b, 0x6d, 0x5b, 0x65,
    0x5b, 0x6d, 0x3b, 0x65, 0x7b, 0x6d, 0x7b, 0x75, 0xfd, 0x8d, 0x5f, 0xd7,
    0x1f, 0xc7, 0xff, 0xc6, 0xff, 0xc6, 0x1f, 0xc7, 0x1f, 0xc7, 0xff, 0xc6,
    0x1e, 0xc7, 0xff, 0xc6, 0xff, 0xc6, 0xfe, 0xc6, 0xfe, 0xc6, 0xff, 0xc6,
    0x1f, 0xcf, 0x1f, 0xcf, 0x1f, 0xcf, 0x1f, 0xcf, 0x3f, 0xd7, 0x3f, 0xd7,
    0x5f, 0xd7, 0x7f, 0xe7, 0xbe, 0xb6, 0x5b, 0x65, 0x5b, 0x6d, 0x5b, 0x6d,
    0x5b, 0x65, 0x5b, 0x65, 0x5b, 0x6d, 0x5b, 0x65, 0x3d, 0x96, 0x7f, 0xdf,
    0x3f, 0xd7, 0x3f, 0xd7, 0x3f, 0xd7, 0x3f, 0xd7, 0x3f, 0xd7, 0x3f, 0xd7,
    0x3e, 0xd7, 0x3f, 0xd7, 0x3f, 0xcf, 0x3f, 0xd7, 0x3f, 0xd7, 0x3f, 0xd7,
    0x5f, 0xd7, 0x5f, 0xd7, 0x3f, 0xd7, 0x5f, 0xd7, 0x3f, 0xd7, 0x3f, 0xd7,
    0x5f, 0xd7, 0x5f, 0xdf, 0x5f, 0xd7, 0x5f, 0xd7, 0x5f, 0xd7, 0x5f, 0xd7,
    0x5f, 0xd7, 0x5f, 0xd7, 0x3f, 0xd7, 0x5f, 0xd7, 0x9f, 0xe7, 0x9f, 0xe7,
    0x7f, 0xdf, 0x7f, 0xdf, 0x5f, 0xd7, 0x5f, 0xd7, 0x3f, 0xd7, 0x5f, 0xd7,
    0x5f, 0xd7, 0x5f, 0xdf, 0x7f, 0xdf, 0x7f, 0xe7, 0x9f, 0xe7, 0x7f, 0xe7,
    0x7f, 0xdf, 0x7f, 0xdf, 0x7f, 0xdf, 0x7f, 0xdf, 0x5f, 0xdf, 0x7f, 0xdf,
    0x7f, 0xdf, 0x5f, 0xdf, 0x7f, 0xdf, 0x7f, 0xdf, 0x7f, 0xdf, 0x7f, 0xdf,
    0x7f, 0xdf, 0x7f, 0xdf, 0x5f, 0xdf, 0x5f, 0xdf, 0x5f, 0xdf, 0x5f, 0xdf,
    0x5f, 0xdf, 0x5f, 0xdf, 0x5f, 0xdf, 0x5f, 0xdf, 0x5f, 0xdf, 0x5f, 0xdf,
    0x5f, 0xdf, 0x5f, 0xdf, 0x5f, 0xdf, 0x5f, 0xdf, 0x5f, 0xdf, 0x5f, 0xdf,
    0x7f, 0xdf, 0x7f, 0xe7, 0x5f, 0xdf, 0x7f, 0xdf, 0x7f, 0xe7, 0x5f, 0xdf,
    0x7f, 0xdf, 0x7f, 0xdf, 0x7f, 0xdf, 0x7f, 0xe7, 0x5f, 0xdf, 0x5f, 0xdf,
    0x5f, 0xdf, 0x7f, 0xdf, 0x5f, 0xdf, 0x5f, 0xdf, 0x5f, 0xdf, 0x7f, 0xdf,
    0x7f, 0xdf, 0x5f, 0xdf, 0x5f, 0xdf, 0x5f, 0xdf, 0x5f, 0xdf, 0x5f, 0xd7,
    0x5f, 0xdf, 0x5f, 0xdf, 0x5f, 0xdf, 0x7f, 0xdf, 0x5f, 0xdf, 0xff, 0xc6,
    0xdf, 0xbe, 0xfe, 0xbe, 0xdf, 0xbe, 0xde, 0xb6, 0xde, 0xb6, 0xbe, 0xb6,
    0xbe, 0xb6, 0xdf, 0xbe, 0xff, 0xc6, 0xde, 0xb6, 0x3d, 0x9e, 0xfd, 0x8d,
    0x1d, 0x8e, 0x1d, 0x8e, 0xfc, 0x8d, 0x1d, 0x8e, 0x1d, 0x8e, 0xfd, 0x8d,
    0x1d, 0x8e, 0x1d, 0x8e, 0xfc, 0x8d, 0x1d, 0x8e, 0x1d, 0x8e, 0xfd, 0x8d,
    0x1d, 0x8e, 0x1d, 0x8e, 0xfd, 0x8d, 0x1c, 0x8e, 0xfd, 0x8d, 0x1d, 0x8e,
    0xfd, 0x8d, 0xfd, 0x85, 0x1d, 0x8e, 0x1d, 0x8e, 0xfd, 0x8d, 0x1d, 0x8e,
    0x1d, 0x8e, 0x1c, 0x8e, 0xfd, 0x8d, 0xfd, 0x8d, 0x1d, 0x86, 0xfd, 0x8d,
    0x1d, 0x8e, 0xfd, 0x8d, 0xfd, 0x85, 0xfc, 0x8d, 0x1d, 0x8e, 0xfd, 0x8d,
    0xfc, 0x8d, 0xfd, 0x8d, 0xfd, 0x8d, 0x1d, 0x8e, 0xfd, 0x85, 0xfd, 0x85,
    0xfd, 0x8d, 0x1d, 0x8e, 0xfd, 0x8d, 0xfd, 0x85, 0x1d, 0x86, 0x1d, 0x8e,
    0xfd, 0x85, 0x7f, 0xe7, 0xff, 0xff, 0xff, 0xff, 0xff, 0xff, 0xff, 0xff,
    0xff, 0xff, 0xff, 0xff, 0xff, 0xff, 0xff, 0xff, 0xff, 0xff, 0x9f, 0xe7,
    0xfe, 0xbe, 0xff, 0xc6, 0xfe, 0xbe, 0xff, 0xc6, 0xff, 0xbe, 0xfe, 0xc6,
    0xfe, 0xbe, 0xff, 0xbe, 0xfe, 0xc6, 0xff, 0xc6, 0xff, 0xbe, 0xfe, 0xc6,
    0xff, 0xc6, 0xff, 0xbe, 0xfe, 0xc6, 0xff, 0xc6, 0x1e, 0xbf, 0xff, 0xc6,
    0xff, 0xc6, 0xfe, 0xbe, 0x1f, 0xc7, 0x1f, 0xc7, 0x1f, 0xc7, 0x1f, 0xc7,
    0xbe, 0xb6, 0x5b, 0x65, 0x3b, 0x65, 0x3b, 0x65, 0x5b, 0x65, 0x3b, 0x65,
    0x5b, 0x6d, 0x5b, 0x65, 0x7b, 0x75, 0x5b, 0x6d, 0x1d, 0x96, 0x3f, 0xcf,
    0x1e, 0xc7, 0x1f, 0xc7, 0x1e, 0xc7, 0x1f, 0xc7, 0x1f, 0xc7, 0x1e, 0xc7,
    0xff, 0xc6, 0x1f, 0xc7, 0x1f, 0xcf, 0x1f, 0xcf, 0x1f, 0xcf, 0x3f, 0xcf,
    0x3f, 0xd7, 0x3f, 0xd7, 0x5f, 0xd7, 0x5f, 0xd7, 0x3f, 0xd7, 0x5f, 0xd7,
    0x5f, 0xd7, 0x5f, 0xd7, 0x3f, 0xcf, 0x9c, 0x75, 0x5b, 0x65, 0x5b, 0x6d,
    0x5b, 0x6d, 0x5b, 0x6d, 0x5b, 0x6d, 0x3b, 0x65, 0x5d, 0x9e, 0x5f, 0xdf,
    0x3f, 0xcf, 0x3f, 0xcf, 0x3f, 0xd7, 0x3f, 0xcf, 0x3f, 0xcf, 0x3f, 0xcf,
    0x3f, 0xcf, 0x3f, 0xcf, 0x3f, 0xcf, 0x3f, 0xd7, 0x3f, 0xcf, 0x3e, 0xd7,
    0x3f, 0xd7, 0x3f, 0xd7, 0x3f, 0xd7, 0x3f, 0xd7, 0x3f, 0xd7, 0x5f, 0xd7,
    0x5f, 0xd7, 0x3f, 0xd7, 0x3f, 0xd7, 0x3f, 0xd7, 0x3f, 0xd7, 0x3f, 0xd7,
    0x3f, 0xd7, 0x5f, 0xd7, 0x3f, 0xd7, 0x3f, 0xd7, 0x5f, 0xd7, 0x5f, 0xd7,
    0x5f, 0xd7, 0x5f, 0xd7, 0x5f, 0xd7, 0x5f, 0xd7, 0x5f, 0xd7, 0x3f, 0xd7,
    0x5f, 0xd7, 0x5f, 0xdf, 0x7f, 0xdf, 0x7f, 0xdf, 0x5f, 0xdf, 0x5f, 0xd7,
    0x5f, 0xd7, 0x5f, 0xd7, 0x5f, 0xd7, 0x5f, 0xdf, 0x5f, 0xdf, 0x7f, 0xd7,
    0x7f, 0xdf, 0x7f, 0xdf, 0x7f, 0xdf, 0x7f, 0xdf, 0x5f, 0xdf, 0x5f, 0xdf,
    0x5f, 0xdf, 0x5f, 0xd7, 0x5f, 0xd7, 0x5f, 0xdf, 0x5f, 0xd7, 0x5f, 0xd7,
    0x5f, 0xd7, 0x5f, 0xd7, 0x5f, 0xdf, 0x5f, 0xdf, 0x5f, 0xdf, 0x5f, 0xd7,
    0x5f, 0xdf, 0x5f, 0xdf, 0x5f, 0xdf, 0x7f, 0xdf, 0x5f, 0xdf, 0x5f, 0xdf,
    0x7f, 0xdf, 0x7f, 0xdf, 0x7f, 0xdf, 0x7f, 0xdf, 0x7f, 0xe7, 0x7f, 0xe7,
    0x7f, 0xdf, 0x7f, 0xdf, 0x5f, 0xdf, 0x5f, 0xdf, 0x5f, 0xdf, 0x5f, 0xdf,
    0x5f, 0xdf, 0x5f, 0xdf, 0x5f, 0xdf, 0x5f, 0xdf, 0x5f, 0xd7, 0x5f, 0xdf,
    0x5f, 0xd7, 0x5f, 0xdf, 0x5f, 0xd7, 0x7f, 0xd7, 0x5f, 0xdf, 0x5f, 0xdf,
    0x5f, 0xd7, 0x5f, 0xd7, 0x5f, 0xd7, 0x5f, 0xd7, 0x5f, 0xdf, 0x7f, 0xdf,
    0xff, 0xbe, 0xff, 0xbe, 0xff, 0xbe, 0xdf, 0xbe, 0xde, 0xb6, 0xde, 0xb6,
    0xde, 0xb6, 0xbe, 0xb6, 0xbe, 0xb6, 0xdf, 0xbe, 0xff, 0xc6, 0x9e, 0xae,
    0xfd, 0x8d, 0xfd, 0x8d, 0x1d, 0x8e, 0xfd, 0x8d, 0x1d, 0x8e, 0xfd, 0x8d,
    0x1d, 0x8e, 0xfc, 0x8d, 0xfd, 0x8d, 0x1d, 0x8e, 0x1d, 0x8e, 0x1c, 0x8e,
    0x1d, 0x8e, 0xfd, 0x8d, 0x1d, 0x8e, 0x1d, 0x8e, 0xfd, 0x8d, 0xfd, 0x8d,
    0xfc, 0x85, 0xfd, 0x8d, 0x1d, 0x8e, 0xfd, 0x8d, 0xfd, 0x8d, 0xfd, 0x8d,
    0x1d, 0x8e, 0x1d, 0x8e, 0xfc, 0x85, 0x1d, 0x8e, 0xfd, 0x8d, 0xfd, 0x85,
    0x1d, 0x8e, 0x1d, 0x8e, 0xfd, 0x8d, 0xfc, 0x85, 0xfd, 0x85, 0x1d, 0x86,
    0x1d, 0x8e, 0xfd, 0x85, 0xfd, 0x8d, 0xfc, 0x8d, 0xfd, 0x8d, 0xfd, 0x85,
    0xfc, 0x8d, 0xfd, 0x85, 0x1d, 0x8e, 0x1d, 0x8e, 0xfd, 0x8d, 0xfd, 0x8d,
    0xfd, 0x85, 0x7f, 0xe7, 0xff, 0xff, 0xff, 0xff, 0xff, 0xff, 0xff, 0xff,
    0xff, 0xff, 0xff, 0xff, 0xff, 0xff, 0xff, 0xff, 0xff, 0xff, 0x9f, 0xe7,
    0xff, 0xbe, 0xfe, 0xc6, 0xff, 0xbe, 0xff, 0xbe, 0xff, 0xc6, 0xff, 0xc6,
    0xff, 0xbe, 0xff, 0xc6, 0xfe, 0xc6, 0xfe, 0xbe, 0xff, 0xc6, 0x1f, 0xbf,
    0xfe, 0xc6, 0xff, 0xc6, 0x1f, 0xc7, 0xff, 0xc6, 0xfe, 0xc6, 0xff, 0xbe,
    0xff, 0xc6, 0xff, 0xc6, 0x1e, 0xc7, 0x1f, 0xc7, 0x1f, 0xc7, 0x1f, 0xc7,
    0xbe, 0xb6, 0x5b, 0x65, 0x5b, 0x6d, 0x5b, 0x6d, 0x5b, 0x65, 0x5b, 0x6d,
    0x5b, 0x65, 0x5a, 0x65, 0xbc, 0x7d, 0x7b, 0x75, 0x5d, 0x9e, 0x1f, 0xcf,
    0x1f, 0xc7, 0x1f, 0xc7, 0x1f, 0xc7, 0x1f, 0xcf, 0x1f, 0xcf, 0x1f, 0xcf,
    0x3f, 0xcf, 0x3f, 0xd7, 0x3f, 0xd7, 0x3f, 0xd7, 0x5f, 0xd7, 0x3f, 0xd7,
    0x3f, 0xd7, 0x3f, 0xd7, 0x3f, 0xd7, 0x3f, 0xd7, 0x3f, 0xd7, 0x5f, 0xd7,
    0x5f, 0xd7, 0x5f, 0xd7, 0x5f, 0xdf, 0xfc, 0x8d, 0x3b, 0x65, 0x5b, 0x65,
    0x5b, 0x6d, 0x7c, 0x6d, 0x7b, 0x6d, 0x5b, 0x65, 0x9e, 0xae, 0x5f, 0xd7,
    0x3f, 0xcf, 0x3f, 0xd7, 0x3f, 0xcf, 0x3f, 0xd7, 0x3f, 0xd7, 0x3e, 0xcf,
    0x3f, 0xd7, 0x3f, 0xd7, 0x3e, 0xd7, 0x3f, 0xcf, 0x3f, 0xcf, 0x3f, 0xd7,
    0x3f, 0xd7, 0x3f, 0xcf, 0x3f, 0xd7, 0x3e, 0xd7, 0x3f, 0xd7, 0x3f, 0xd7,
    0x3f, 0xd7, 0x3f, 0xd7, 0x3f, 0xd7, 0x3f, 0xd7, 0x3f, 0xd7, 0x3f, 0xd7,
    0x3f, 0xd7, 0x3f, 0xd7, 0x5f, 0xd7, 0x3f, 0xd7, 0x3f, 0xd7, 0x5f, 0xd7,
    0x5f, 0xd7, 0x5f, 0xd7, 0x5f, 0xd7, 0x5f, 0xd7, 0x5f, 0xd7, 0x3f, 0xd7,
    0x5f, 0xd7, 0x5f, 0xd7, 0x5f, 0xd7, 0x5f, 0xd7, 0x5f, 0xd7, 0x5f, 0xd7,
    0x5f, 0xd7, 0x5f, 0xdf, 0x5f, 0xdf, 0x7f, 0xdf, 0x7f, 0xdf, 0x7f, 0xdf,
    0x7f, 0xdf, 0x5f, 0xdf, 0x5f, 0xd7, 0x5f, 0xd7, 0x5f, 0xdf, 0x5f, 0xd7,
    0x5f, 0xdf, 0x5f, 0xdf, 0x3f, 0xd7, 0x5f, 0xdf, 0x5f, 0xdf, 0x5f, 0xd7,
    0x5f, 0xd7, 0x5f, 0xd7, 0x5f, 0xd7, 0x5f, 0xdf, 0x5f, 0xd7, 0x7f, 0xd7,
    0x7f, 0xdf, 0x5f, 0xd7, 0x5f, 0xdf, 0x7f, 0xdf, 0x7f, 0xdf, 0x5f, 0xdf,
    0x5f, 0xdf, 0x7f, 0xdf, 0x7f, 0xe7, 0x7f, 0xdf, 0x7f, 0xdf, 0x5f, 0xdf,
    0x5f, 0xdf, 0x7f, 0xdf, 0x5f, 0xdf, 0x5f, 0xdf, 0x5f, 0xdf, 0x5f, 0xdf,
    0x7f, 0xdf, 0x5f, 0xd7, 0x5f, 0xdf, 0x5f, 0xdf, 0x5f, 0xd7, 0x5f, 0xdf,
    0x5f, 0xdf, 0x5f, 0xd7, 0x7f, 0xdf, 0x5f, 0xdf, 0x5f, 0xd7, 0x7f, 0xdf,
    0x5f, 0xdf, 0x5f, 0xd7, 0x5f, 0xdf, 0x5f, 0xdf, 0x5f, 0xd7, 0x7f, 0xdf,
    0x3f, 0xd7, 0xde, 0xbe, 0xfe, 0xbe, 0xdf, 0xbe, 0xdf, 0xbe, 0xdf, 0xbe,
    0xdf, 0xb6, 0xde, 0xb6, 0xde, 0xbe, 0xde, 0xb6, 0xde, 0xb6, 0xff, 0xbe,
    0xbe, 0xb6, 0xfd, 0x8d, 0xfc, 0x8d, 0x1d, 0x8e, 0x1d, 0x8e, 0x1d, 0x8e,
    0xfd, 0x8d, 0x1d, 0x8e, 0x1d, 0x8e, 0x1d, 0x8e, 0x1d, 0x8e, 0x1d, 0x8e,
    0x1d, 0x8e, 0xfd, 0x8d, 0xfd, 0x8d, 0x1d, 0x8e, 0x1d, 0x8e, 0xfc, 0x8d,
    0xfd, 0x8d, 0xfc, 0x8d, 0x1d, 0x8e, 0x1d, 0x8e, 0xfc, 0x8d, 0xfd, 0x85,
    0x1d, 0x8e, 0xfd, 0x8d, 0x1d, 0x8e, 0x1c, 0x8e, 0xfd, 0x8d, 0xfc, 0x8d,
    0xfd, 0x85, 0xfd, 0x8d, 0x1c, 0x8e, 0xfd, 0x8d, 0xfd, 0x8d, 0xfd, 0x8d,
    0xfd, 0x8d, 0xfd, 0x8d, 0x1d, 0x86, 0x1d, 0x8e, 0xfd, 0x8d, 0xfd, 0x8d,
    0x1d, 0x86, 0x1d, 0x8e, 0xfd, 0x8d, 0x1d, 0x8e, 0xfd, 0x8d, 0x1d, 0x8e,
    0xfd, 0x85, 0x7f, 0xe7, 0xff, 0xff, 0xff, 0xff, 0xff, 0xff, 0xff, 0xff,
    0xff, 0xff, 0xff, 0xff, 0xff, 0xff, 0xff, 0xff, 0xff, 0xff, 0x7f, 0xe7,
    0xdf, 0xbe, 0xfe, 0xc6, 0xff, 0xc6, 0xfe, 0xbe, 0xfe, 0xc6, 0xff, 0xbe,
    0xff, 0xc6, 0xfe, 0xc6, 0xff, 0xbe, 0xff, 0xc6, 0xfe, 0xc6, 0xff, 0xbe,
    0xfe, 0xbe, 0xfe, 0xc6, 0x1f, 0xc7, 0xff, 0xbe, 0xff, 0xc6, 0x1e, 0xc7,
    0xff, 0xc6, 0x1f, 0xc7, 0xff, 0xc6, 0xff, 0xc6, 0x1f, 0xc7, 0x1f, 0xc7,
    0xde, 0xbe, 0x7b, 0x75, 0x5b, 0x65, 0x5b, 0x6d, 0x5b, 0x6d, 0x5b, 0x65,
    0x3b, 0x65, 0x3b, 0x65, 0xbc, 0x85, 0x9b, 0x75, 0xbe, 0xb6, 0x1f, 0xcf,
    0x1f, 0xcf, 0x1f, 0xcf, 0x3f, 0xcf, 0x3f, 0xd7, 0x3f, 0xd7, 0x3f, 0xcf,
    0x3f, 0xd7, 0x3e, 0xcf, 0x3f, 0xcf, 0x3e, 0xcf, 0x3e, 0xcf, 0x3f, 0xcf,
    0x3f, 0xd7, 0x3f, 0xcf, 0x3f, 0xcf, 0x3f, 0xd7, 0x3f, 0xd7, 0x3f, 0xd7,
    0x3f, 0xd7, 0x3f, 0xd7, 0x7f, 0xdf, 0x7e, 0xa6, 0x3b, 0x65, 0x5b, 0x6d,
    0x5b, 0x65, 0x7c, 0x6d, 0x7b, 0x6d, 0x7b, 0x65, 0xde, 0xbe, 0x5f, 0xd7,
    0x3f, 0xcf, 0x3f, 0xcf, 0x3f, 0xcf, 0x1e, 0xcf, 0x3f, 0xd7, 0x3f, 0xcf,
    0x3e, 0xcf, 0x3f, 0xcf, 0x3f, 0xd7, 0x3f, 0xcf, 0x3f, 0xd7, 0x3f, 0xd7,
    0x3f, 0xcf, 0x3f, 0xcf, 0x3f, 0xd7, 0x5f, 0xd7, 0x3f, 0xd7, 0x3f, 0xd7,
    0x3f, 0xd7, 0x3f, 0xd7, 0x3f, 0xd7, 0x3f, 0xd7, 0x3e, 0xd7, 0x3f, 0xd7,
    0x3f, 0xd7, 0x3f, 0xd7, 0x5f, 0xd7, 0x5f, 0xd7, 0x3f, 0xd7, 0x3f, 0xd7,
    0x5f, 0xd7, 0x3f, 0xd7, 0x3f, 0xd7, 0x3f, 0xd7, 0x5f, 0xd7, 0x5f, 0xd7,
    0x5f, 0xd7, 0x5f, 0xd7, 0x3f, 0xd7, 0x5f, 0xd7, 0x5f, 0xd7, 0x5f, 0xdf,
    0x7f, 0xdf, 0x7f, 0xdf, 0x7f, 0xdf, 0x5f, 0xdf, 0x5f, 0xd7, 0x5f, 0xd7,
    0x5f, 0xdf, 0x5f, 0xd7, 0x5f, 0xdf, 0x5f, 0xdf, 0x5f, 0xd7, 0x5f, 0xd7,
    0x5f, 0xdf, 0x5f, 0xd7, 0x5f, 0xdf, 0x5f, 0xd7, 0x5f, 0xdf, 0x5f, 0xdf,
    0x5f, 0xdf, 0x5f, 0xdf, 0x5f, 0xd7, 0x5f, 0xdf, 0x5f, 0xd7, 0x5f, 0xdf,
    0x5f, 0xd7, 0x5f, 0xd7, 0x5f, 0xdf, 0x7f, 0xdf, 0x7f, 0xdf, 0x7f, 0xdf,
    0x7f, 0xdf, 0x7f, 0xdf, 0x5f, 0xdf, 0x5f, 0xdf, 0x5f, 0xd7, 0x5f, 0xdf,
    0x5f, 0xdf, 0x5f, 0xdf, 0x5f, 0xdf, 0x5f, 0xd7, 0x7f, 0xdf, 0x5f, 0xd7,
    0x5f, 0xdf, 0x5f, 0xd7, 0x5f, 0xdf, 0x5f, 0xd7, 0x5f, 0xdf, 0x5f, 0xdf,
    0x7f, 0xd7, 0x5f, 0xdf, 0x5f, 0xdf, 0x5f, 0xd7, 0x5f, 0xdf, 0x5f, 0xdf,
    0x5f, 0xdf, 0x5f, 0xd7, 0x5f, 0xdf, 0x5f, 0xdf, 0x5f, 0xdf, 0x5f, 0xdf,
    0x5f, 0xdf, 0xdf, 0xbe, 0xde, 0xbe, 0xde, 0xbe, 0xde, 0xbe, 0xde, 0xbe,
    0xde, 0xbe, 0xdf, 0xb6, 0xbe, 0xb6, 0xbe, 0xb6, 0xde, 0xb6, 0xbe, 0xb6,
    0xdf, 0xbe, 0xbe, 0xb6, 0xfd, 0x85, 0xfd, 0x8d, 0xfd, 0x8d, 0x1c, 0x8e,
    0xfd, 0x8d, 0xfd, 0x8d, 0x1d, 0x8e, 0xfd, 0x8d, 0x1d, 0x8e, 0xfd, 0x8d,
    0xfd, 0x8d, 0x1c, 0x8e, 0xfd, 0x8d, 0xfd, 0x8d, 0x1d, 0x8e, 0x1d, 0x86,
    0x1d, 0x8e, 0xfd, 0x8d, 0xfd, 0x8d, 0xfc, 0x8d, 0xfd, 0x8d, 0xfd, 0x8d,
    0x1c, 0x86, 0xfd, 0x8d, 0xfd, 0x8d, 0x1d, 0x8e, 0xfd, 0x8d, 0x1d, 0x8e,
    0xfd, 0x8d, 0x1d, 0x8e, 0x1d, 0x86, 0xfd, 0x8d, 0xfd, 0x85, 0x1d, 0x86,
    0xfc, 0x8d, 0xfd, 0x8d, 0x1d, 0x8e, 0x1d, 0x86, 0xfd, 0x8d, 0xfd, 0x8d,
    0xfd, 0x8d, 0x1d, 0x8e, 0xfc, 0x85, 0xfd, 0x8d, 0x1d, 0x8e, 0x1d, 0x86,
    0xfd, 0x85, 0x7f, 0xe7, 0xff, 0xff, 0xff, 0xff, 0xff, 0xff, 0xff, 0xff,
    0xff, 0xff, 0xff, 0xff, 0xff, 0xff, 0xff, 0xff, 0xff, 0xff, 0x7f, 0xe7,
    0xff, 0xbe, 0xff, 0xc6, 0xfe, 0xc6, 0xff, 0xbe, 0xff, 0xc6, 0xff, 0xc6,
    0xff, 0xbe, 0xff, 0xc6, 0xff, 0xbe, 0xff, 0xc6, 0xfe, 0xc6, 0xff, 0xc6,
    0xff, 0xbe, 0x1f, 0xc7, 0xfe, 0xc6, 0xff, 0xc6, 0x1e, 0xc7, 0xff, 0xc6,
    0xfe, 0xc6, 0x1f, 0xc7, 0x1f, 0xc7, 0xfe, 0xc6, 0xff, 0xc6, 0xff, 0xc6,
    0xff, 0xc6, 0xbc, 0x7d, 0x3b, 0x65, 0x5b, 0x6d, 0x5b, 0x6d, 0x5b, 0x65,
    0x5b, 0x6d, 0x5b, 0x6d, 0x9b, 0x7d, 0xdc, 0x85, 0x3f, 0xcf, 0x3f, 0xcf,
    0x1f, 0xcf, 0x1f, 0xcf, 0x1f, 0xcf, 0x1e, 0xcf, 0x1f, 0xcf, 0x1f, 0xcf,
    0x1f, 0xcf, 0x3f, 0xcf, 0x1f, 0xcf, 0x3f, 0xcf, 0x3f, 0xcf, 0x3f, 0xcf,
    0x3e, 0xcf, 0x3e, 0xd7, 0x3f, 0xcf, 0x3f, 0xd7, 0x3e, 0xcf, 0x3f, 0xd7,
    0x3f, 0xd7, 0x3f, 0xd7, 0x5f, 0xd7, 0xfe, 0xc6, 0x7c, 0x6d, 0x5b, 0x6d,
    0x7b, 0x6d, 0x5b, 0x6d, 0x7c, 0x6d, 0x7b, 0x6d, 0xde, 0xbe, 0x3f, 0xd7,
    0x3f, 0xcf, 0x1f, 0xcf, 0x1f, 0xcf, 0x3f, 0xd7, 0x1f, 0xcf, 0x3f, 0xd7,
    0x1f, 0xcf, 0x1f, 0xcf, 0x3e, 0xcf, 0x3f, 0xd7, 0x3f, 0xcf, 0x3e, 0xd7,
    0x3e, 0xd7, 0x3f, 0xcf, 0x3f, 0xd7, 0x3f, 0xcf, 0x3f, 0xd7, 0x5f, 0xcf,
    0x3e, 0xcf, 0x3f, 0xd7, 0x3f, 0xd7, 0x3f, 0xd7, 0x5f, 0xd7, 0x5f, 0xd7,
    0x3f, 0xd7, 0x3f, 0xd7, 0x3f, 0xd7, 0x5f, 0xd7, 0x5f, 0xd7, 0x3f, 0xd7,
    0x5f, 0xd7, 0x3f, 0xd7, 0x3f, 0xd7, 0x5f, 0xd7, 0x5f, 0xd7, 0x3f, 0xd7,
    0x5f, 0xdf, 0x5f, 0xdf, 0x7f, 0xdf, 0x7f, 0xe7, 0x7f, 0xdf, 0x5f, 0xdf,
    0x5f, 0xdf, 0x5f, 0xd7, 0x3f, 0xd7, 0x5f, 0xd7, 0x5f, 0xd7, 0x3f, 0xd7,
    0x5f, 0xd7, 0x3f, 0xd7, 0x5f, 0xdf, 0x5f, 0xd7, 0x5f, 0xd7, 0x5f, 0xdf,
    0x5f, 0xd7, 0x5f, 0xdf, 0x5f, 0xd7, 0x5f, 0xd7, 0x5f, 0xd7, 0x5f, 0xd7,
    0x5f, 0xd7, 0x5f, 0xdf, 0x5f, 0xdf, 0x5f, 0xd7, 0x5f, 0xd7, 0x5f, 0xdf,
    0x5f, 0xdf, 0x7f, 0xdf, 0x7f, 0xdf, 0x7f, 0xdf, 0x7f, 0xdf, 0x5f, 0xdf,
    0x5f, 0xd7, 0x5f, 0xd7, 0x3f, 0xd7, 0x5f, 0xd7, 0x5f, 0xd7, 0x5f, 0xdf,
    0x5f, 0xd7, 0x5f, 0xd7, 0x5f, 0xdf, 0x5f, 0xdf, 0x5f, 0xd7, 0x5f, 0xdf,
    0x5f, 0xdf, 0x5f, 0xdf, 0x5f, 0xd7, 0x5f, 0xdf, 0x5f, 0xd7, 0x5f, 0xd7,
    0x5f, 0xd7, 0x5f, 0xdf, 0x5f, 0xdf, 0x7f, 0xd7, 0x5f, 0xdf, 0x5f, 0xd7,
    0x5f, 0xd7, 0x5f, 0xd7, 0x7f, 0xd7, 0x7f, 0xd7, 0x5f, 0xd7, 0x7f, 0xdf,
    0x5f, 0xd7, 0xdf, 0xbe, 0xde, 0xbe, 0xde, 0xbe, 0xdf, 0xbe, 0xde, 0xbe,
    0xde, 0xbe, 0xbe, 0xb6, 0xbf, 0xb6, 0xde, 0xb6, 0xbe, 0xb6, 0xbe, 0xb6,
    0xbe, 0xb6, 0xff, 0xbe, 0x7e, 0xae, 0xfc, 0x85, 0x1d, 0x8e, 0xfd, 0x8d,
    0x1d, 0x8e, 0x1d, 0x8e, 0x1c, 0x8e, 0xfd, 0x8d, 0xfd, 0x8d, 0x1d, 0x8e,
    0xfd, 0x8d, 0x1d, 0x8e, 0x1d, 0x8e, 0xfd, 0x8d, 0xfd, 0x8d, 0xfd, 0x8d,
    0x1d, 0x8e, 0xfd, 0x8d, 0xfd, 0x85, 0xfd, 0x8d, 0xfd, 0x8d, 0x1d, 0x8e,
    0xfc, 0x8d, 0xfd, 0x8d, 0x1d, 0x8e, 0xfd, 0x85, 0x1d, 0x8e, 0xfd, 0x8d,
    0xfc, 0x85, 0xfd, 0x85, 0x1d, 0x8e, 0x1d, 0x8e, 0x1d, 0x8e, 0xfd, 0x8d,
    0xfc, 0x85, 0x1d, 0x8e, 0xfd, 0x8d, 0xfc, 0x8d, 0xfd, 0x85, 0x1d, 0x8e,
    0x1c, 0x8e, 0xfd, 0x8d, 0x1d, 0x86, 0xfd, 0x8d, 0x1d, 0x8e, 0x1d, 0x8e,
    0x1d, 0x86, 0x7f, 0xe7, 0xff, 0xff, 0xff, 0xff, 0xff, 0xff, 0xff, 0xff,
    0xff, 0xff, 0xff, 0xff, 0xff, 0xff, 0xff, 0xff, 0xff, 0xff, 0x9f, 0xe7,
    0xfe, 0xbe, 0xff, 0xbe, 0xff, 0xbe, 0xfe, 0xbe, 0xfe, 0xc6, 0xfe, 0xc6,
    0xff, 0xbe, 0xfe, 0xbe, 0xfe, 0xc6, 0xff, 0xbe, 0xff, 0xc6, 0xfe, 0xc6,
    0xff, 0xc6, 0xff, 0xc6, 0xfe, 0xc6, 0xff, 0xc6, 0xff, 0xc6, 0x1e, 0xbf,
    0x1f, 0xc7, 0xfe, 0xc6, 0x1f, 0xc7, 0x1f, 0xc7, 0xfe, 0xc6, 0x1f, 0xc7,
    0x3f, 0xcf, 0x7d, 0xa6, 0x3b, 0x65, 0x5b, 0x65, 0x5b, 0x6d, 0x5b, 0x6d,
    0x5b, 0x65, 0x7b, 0x6d, 0x7b, 0x75, 0x5d, 0x9e, 0x5f, 0xd7, 0x1f, 0xcf,
    0x1f, 0xcf, 0x1e, 0xcf, 0x3f, 0xcf, 0x3f, 0xcf, 0x1e, 0xcf, 0x1f, 0xcf,
    0x3e, 0xcf, 0x1f, 0xd7, 0x1f, 0xcf, 0x1f, 0xcf, 0x3f, 0xd7, 0x3f, 0xcf,
    0x1f, 0xcf, 0x3f, 0xcf, 0x3f, 0xd7, 0x1e, 0xcf, 0x3f, 0xcf, 0x3f, 0xcf,
    0x3f, 0xcf, 0x3f, 0xcf, 0x3f, 0xcf, 0x5f, 0xd7, 0xdc, 0x85, 0x5b, 0x65,
    0x7b, 0x6d, 0x7c, 0x6d, 0x5b, 0x65, 0x7b, 0x6d, 0xff, 0xc6, 0x3f, 0xd7,
    0x3f, 0xcf, 0x1f, 0xcf, 0x3e, 0xd7, 0x3f, 0xcf, 0x3f, 0xd7, 0x3f, 0xd7,
    0x1e, 0xcf, 0x1f, 0xd7, 0x3f, 0xd7, 0x3f, 0xcf, 0x3f, 0xcf, 0x3f, 0xd7,
    0x3f, 0xd7, 0x3f, 0xd7, 0x3f, 0xd7, 0x3e, 0xcf, 0x3f, 0xd7, 0x3f, 0xd7,
    0x3f, 0xcf, 0x3f, 0xcf, 0x5f, 0xd7, 0x3f, 0xd7, 0x5f, 0xcf, 0x3f, 0xd7,
    0x3f, 0xd7, 0x5f, 0xcf, 0x3f, 0xd7, 0x5f, 0xd7, 0x3f, 0xd7, 0x5f, 0xd7,
    0x5f, 0xd7, 0x5f, 0xd7, 0x3f, 0xd7, 0x5f, 0xd7, 0x5f, 0xd7, 0x5f, 0xd7,
    0x7f, 0xe7, 0x7f, 0xdf, 0x5f, 0xdf, 0x3f, 0xd7, 0x3f, 0xd7, 0x3f, 0xd7,
    0x5f, 0xd7, 0x3f, 0xd7, 0x5f, 0xd7, 0x5f, 0xd7, 0x5f, 0xdf, 0x5f, 0xd7,
    0x3f, 0xd7, 0x3f, 0xd7, 0x3f, 0xd7, 0x5f, 0xd7, 0x5f, 0xdf, 0x5f, 0xd7,
    0x5f, 0xdf, 0x5f, 0xdf, 0x5f, 0xd7, 0x5f, 0xdf, 0x5f, 0xd7, 0x5f, 0xdf,
    0x5f, 0xd7, 0x5f, 0xd7, 0x5f, 0xdf, 0x5f, 0xdf, 0x7f, 0xdf, 0x7f, 0xdf,
    0x7f, 0xdf, 0x7f, 0xdf, 0x5f, 0xdf, 0x5f, 0xd7, 0x3f, 0xd7, 0x3f, 0xd7,
    0x5f, 0xdf, 0x5f, 0xd7, 0x5f, 0xd7, 0x5f, 0xd7, 0x5f, 0xdf, 0x5f, 0xd7,
    0x5f, 0xd7, 0x5f, 0xd7, 0x5f, 0xdf, 0x5f, 0xdf, 0x5f, 0xd7, 0x5f, 0xdf,
    0x5f, 0xd7, 0x5f, 0xd7, 0x5f, 0xdf, 0x5f, 0xd7, 0x5f, 0xdf, 0x5f, 0xdf,
    0x5f, 0xd7, 0x5f, 0xd7, 0x5f, 0xdf, 0x5f, 0xd7, 0x5f, 0xd7, 0x5f, 0xdf,
    0x5f, 0xdf, 0x5f, 0xd7, 0x5f, 0xdf, 0x5f, 0xdf, 0x5f, 0xd7, 0x7f, 0xdf,
    0x1f, 0xcf, 0xde, 0xb6, 0xde, 0xb6, 0xdf, 0xb6, 0xdf, 0xbe, 0xde, 0xb6,
    0xde, 0xb6, 0xbf, 0xbe, 0xbe, 0xb6, 0xbe, 0xb6, 0xdf, 0xb6, 0xbe, 0xb6,
    0xde, 0xb6, 0xbe, 0xb6, 0xde, 0xbe, 0x1d, 0x96, 0xfd, 0x8d, 0x1d, 0x8e,
    0xfd, 0x8d, 0x1d, 0x8e, 0x1d, 0x8e, 0x1d, 0x8e, 0xfd, 0x8d, 0x1d, 0x8e,
    0x1d, 0x8e, 0xfd, 0x8d, 0x1c, 0x8e, 0xfd, 0x8d, 0xfd, 0x85, 0x1c, 0x8e,
    0xfd, 0x8d, 0x1d, 0x8e, 0xfc, 0x85, 0xfd, 0x8d, 0x1d, 0x86, 0xfc, 0x8d,
    0xfd, 0x8d, 0xfc, 0x85, 0xfd, 0x8d, 0x1d, 0x8e, 0xfc, 0x8d, 0xfd, 0x8d,
    0xfc, 0x85, 0xfc, 0x8d, 0xfd, 0x8d, 0xfd, 0x8d, 0xfc, 0x8d, 0xfd, 0x85,
    0x1d, 0x8e, 0xfd, 0x85, 0x1d, 0x8e, 0xfc, 0x85, 0xfd, 0x85, 0x1d, 0x8e,
    0xfd, 0x8d, 0x1d, 0x8e, 0x1d, 0x8e, 0x1d, 0x8e, 0x1d, 0x8e, 0x1d, 0x8e,
    0xfd, 0x85, 0x7f, 0xe7, 0xff, 0xff, 0xff, 0xff, 0xff, 0xff, 0xff, 0xff,
    0xff, 0xff, 0xff, 0xff, 0xff, 0xff, 0xff, 0xff, 0xff, 0xff, 0x7f, 0xe7,
    0xfe, 0xbe, 0xff, 0xc6, 0xff, 0xc6, 0xff, 0xc6, 0xff, 0xbe, 0xff, 0xc6,
    0xff, 0xbe, 0xfe, 0xc6, 0xff, 0xc6, 0xff, 0xbe, 0xfe, 0xbe, 0xff, 0xc6,
    0x1f, 0xc7, 0xff, 0xbe, 0x1e, 0xc7, 0xff, 0xc6, 0xff, 0xc6, 0x1f, 0xc7,
    0xff, 0xc6, 0xfe, 0xc6, 0xff, 0xc6, 0x1f, 0xc7, 0xfe, 0xc6, 0x1f, 0xc7,
    0x1f, 0xc7, 0x1f, 0xc7, 0x7c, 0x6d, 0x3b, 0x5d, 0x5b, 0x65, 0x5b, 0x6d,
    0x5b, 0x65, 0xbc, 0x7d, 0xbc, 0x7d, 0xff, 0xc6, 0x1f, 0xcf, 0x3f, 0xcf,
    0x1f, 0xcf, 0x1f, 0xcf, 0x1f, 0xcf, 0x1f, 0xcf, 0x1f, 0xcf, 0x3f, 0xcf,
    0x1f, 0xcf, 0x1f, 0xcf, 0x1e, 0xcf, 0x1f, 0xcf, 0x1e, 0xcf, 0x1f, 0xcf,
    0x1f, 0xcf, 0x3f, 0xcf, 0x1f, 0xcf, 0x1e, 0xcf, 0x3f, 0xcf, 0x1f, 0xcf,
    0x1e, 0xcf, 0x3f, 0xcf, 0x3f, 0xcf, 0x5f, 0xd7, 0x3d, 0x9e, 0x3b, 0x65,
    0x7c, 0x6d, 0x7b, 0x6d, 0x5b, 0x6d, 0x7c, 0x6d, 0xff, 0xc6, 0x3f, 0xd7,
    0x3f, 0xcf, 0x3f, 0xd7, 0x3f, 0xcf, 0x3f, 0xcf, 0x1f, 0xcf, 0x3f, 0xcf,
    0x1f, 0xcf, 0x3e, 0xcf, 0x3f, 0xd7, 0x3f, 0xcf, 0x1f, 0xcf, 0x3e, 0xcf,
    0x3f, 0xcf, 0x3f, 0xcf, 0x3f, 0xcf, 0x3f, 0xd7, 0x3f, 0xcf, 0x3f, 0xd7,
    0x3e, 0xd7, 0x3f, 0xd7, 0x3f, 0xcf, 0x3f, 0xcf, 0x3f, 0xd7, 0x3f, 0xd7,
    0x3f, 0xcf, 0x3f, 0xd7, 0x5f, 0xd7, 0x3f, 0xd7, 0x3f, 0xcf, 0x5f, 0xd7,
    0x3f, 0xd7, 0x3f, 0xd7, 0x3f, 0xd7, 0x3f, 0xd7, 0x3f, 0xd7, 0x3f, 0xd7,
    0x3f, 0xd7, 0x3f, 0xcf, 0x3f, 0xd7, 0x3f, 0xd7, 0x5f, 0xd7, 0x3f, 0xd7,
    0x3f, 0xd7, 0x5f, 0xd7, 0x3f, 0xd7, 0x3f, 0xd7, 0x3f, 0xd7, 0x5f, 0xd7,
    0x5f, 0xd7, 0x5f, 0xd7, 0x3f, 0xd7, 0x3f, 0xdf, 0x5f, 0xd7, 0x5f, 0xdf,
    0x5f, 0xd7, 0x5f, 0xd7, 0x5f, 0xdf, 0x5f, 0xdf, 0x5f, 0xd7, 0x5f, 0xdf,
    0x5f, 0xdf, 0x7f, 0xdf, 0x7f, 0xdf, 0x7f, 0xdf, 0x5f, 0xdf, 0x5f, 0xdf,
    0x3f, 0xd7, 0x5f, 0xd7, 0x3f, 0xd7, 0x5f, 0xdf, 0x5f, 0xdf, 0x5f, 0xd7,
    0x5f, 0xd7, 0x3f, 0xdf, 0x5f, 0xd7, 0x5f, 0xd7, 0x3f, 0xd7, 0x5f, 0xd7,
    0x5f, 0xdf, 0x5f, 0xd7, 0x5f, 0xd7, 0x5f, 0xd7, 0x5f, 0xdf, 0x5f, 0xd7,
    0x5f, 0xd7, 0x5f, 0xdf, 0x5f, 0xd7, 0x5f, 0xd7, 0x5f, 0xd7, 0x5f, 0xdf,
    0x5f, 0xdf, 0x5f, 0xd7, 0x5f, 0xd7, 0x5f, 0xdf, 0x5f, 0xdf, 0x5f, 0xd7,
    0x5f, 0xd7, 0x5f, 0xdf, 0x5f, 0xd7, 0x5f, 0xdf, 0x5f, 0xdf, 0x7f, 0xdf,
    0xbe, 0xb6, 0xde, 0xb6, 0xdf, 0xbe, 0xde, 0xbe, 0xde, 0xb6, 0xbe, 0xb6,
    0xbe, 0xb6, 0xde, 0xb6, 0xbe, 0xb6, 0xbe, 0xb6, 0xbf, 0xb6, 0xbe, 0xb6,
    0xbe, 0xb6, 0xde, 0xb6, 0xdf, 0xbe, 0x7e, 0xa6, 0xfc, 0x85, 0x1c, 0x8e,
    0xfd, 0x8d, 0x1d, 0x8e, 0x1d, 0x8e, 0x1d, 0x8e, 0xfc, 0x8d, 0x1d, 0x8e,
    0xfd, 0x8d, 0xfd, 0x8d, 0xfd, 0x8d, 0xfd, 0x8d, 0xfd, 0x8d, 0xfd, 0x85,
    0xfd, 0x8d, 0x1d, 0x8e, 0x1d, 0x8e, 0xfc, 0x8d, 0xfc, 0x85, 0xfd, 0x85,
    0x1d, 0x8e, 0x5d, 0x9e, 0x1d, 0x8e, 0xfd, 0x8d, 0xfd, 0x8d, 0x1d, 0x8e,
    0x5d, 0x9e, 0xfd, 0x8d, 0xfd, 0x85, 0xfd, 0x85, 0x3d, 0x96, 0x5d, 0x9e,
    0xfd, 0x8d, 0xfd, 0x8d, 0xfd, 0x85, 0x1d, 0x8e, 0x3d, 0x96, 0xfd, 0x8d,
    0x1d, 0x8e, 0xfd, 0x8d, 0x1d, 0x8e, 0x1d, 0x86, 0x1d, 0x8e, 0x1d, 0x8e,
    0x1d, 0x86, 0x7f, 0xe7, 0xff, 0xff, 0xff, 0xff, 0xff, 0xff, 0xff, 0xff,
    0xff, 0xff, 0xff, 0xff, 0xff, 0xff, 0xff, 0xff, 0xff, 0xff, 0x7f, 0xe7,
    0xff, 0xbe, 0xff, 0xc6, 0xfe, 0xc6, 0xfe, 0xbe, 0xff, 0xc6, 0xff, 0xc6,
    0xfe, 0xc6, 0xff, 0xc6, 0xff, 0xc6, 0xfe, 0xc6, 0xff, 0xc6, 0xff, 0xc6,
    0xff, 0xc6, 0x1f, 0xc7, 0x1f, 0xc7, 0xfe, 0xbe, 0xfe, 0xc6, 0xff, 0xc6,
    0xff, 0xbe, 0xfe, 0xbe, 0xff, 0xc6, 0xff, 0xc6, 0xfe, 0xc6, 0x1f, 0xc7,
    0x1f, 0xc7, 0x1f, 0xcf, 0xbe, 0xae, 0x3b, 0x65, 0x3b, 0x65, 0x5b, 0x65,
    0x7b, 0x6d, 0xdc, 0x85, 0x9e, 0xae, 0x3f, 0xcf, 0x1f, 0xcf, 0x1e, 0xcf,
    0x1f, 0xcf, 0x3f, 0xcf, 0x1e, 0xcf, 0x1f, 0xcf, 0x1f, 0xcf, 0x1e, 0xcf,
    0x1f, 0xcf, 0x3f, 0xcf, 0x1f, 0xcf, 0x1f, 0xcf, 0x1f, 0xcf, 0x1e, 0xcf,
    0x3f, 0xcf, 0x3e, 0xcf, 0x1f, 0xcf, 0x3f, 0xcf, 0x1f, 0xcf, 0x1e, 0xcf,
    0x3f, 0xcf, 0x3f, 0xcf, 0x3f, 0xcf, 0x3f, 0xd7, 0xbe, 0xb6, 0x5b, 0x65,
    0x5c, 0x6d, 0x7b, 0x6d, 0x7b, 0x6d, 0x7b, 0x6d, 0xff, 0xc6, 0x3f, 0xcf,
    0x3f, 0xcf, 0x3f, 0xd7, 0x3f, 0xcf, 0x3f, 0xcf, 0x1e, 0xcf, 0x1f, 0xcf,
    0x3f, 0xcf, 0x1f, 0xcf, 0x1e, 0xcf, 0x1f, 0xd7, 0x1f, 0xd7, 0x1e, 0xcf,
    0x1f, 0xcf, 0x3e, 0xcf, 0x3f, 0xcf, 0x3f, 0xd7, 0x3f, 0xcf, 0x3f, 0xcf,
    0x3f, 0xd7, 0x3f, 0xd7, 0x3f, 0xd7, 0x3f, 0xcf, 0x3f, 0xd7, 0x3f, 0xd7,
    0x3f, 0xcf, 0x3f, 0xd7, 0x5f, 0xd7, 0x5f, 0xd7, 0x5f, 0xd7, 0x3f, 0xd7,
    0x3f, 0xd7, 0x3f, 0xcf, 0x3f, 0xd7, 0x3f, 0xcf, 0x3f, 0xd7, 0x3f, 0xd7,
    0x3f, 0xcf, 0x3f, 0xd7, 0x5f, 0xd7, 0x3f, 0xcf, 0x3f, 0xcf, 0x5f, 0xd7,
    0x5f, 0xd7, 0x3f, 0xd7, 0x5f, 0xd7, 0x3f, 0xd7, 0x5f, 0xd7, 0x3f, 0xd7,
    0x3f, 0xd7, 0x5f, 0xd7, 0x5f, 0xd7, 0x5f, 0xd7, 0x5f, 0xd7, 0x5f, 0xdf,
    0x5f, 0xd7, 0x5f, 0xd7, 0x5f, 0xd7, 0x5f, 0xdf, 0x7f, 0xdf, 0x7f, 0xdf,
    0x5f, 0xdf, 0x5f, 0xdf, 0x5f, 0xd7, 0x3f, 0xd7, 0x3f, 0xd7, 0x5f, 0xd7,
    0x5f, 0xd7, 0x3f, 0xd7, 0x5f, 0xd7, 0x5f, 0xdf, 0x5f, 0xd7, 0x5f, 0xd7,
    0x3f, 0xdf, 0x5f, 0xdf, 0x5f, 0xd7, 0x5f, 0xd7, 0x3f, 0xd7, 0x5f, 0xdf,
    0x5f, 0xd7, 0x3f, 0xd7, 0x5f, 0xd7, 0x5f, 0xdf, 0x5f, 0xdf, 0x5f, 0xd7,
    0x5f, 0xdf, 0x5f, 0xd7, 0x5f, 0xdf, 0x5f, 0xd7, 0x5f, 0xd7, 0x5f, 0xd7,
    0x5f, 0xd7, 0x5f, 0xd7, 0x5f, 0xdf, 0x5f, 0xd7, 0x5f, 0xd7, 0x5f, 0xd7,
    0x5f, 0xd7, 0x5f, 0xd7, 0x5f, 0xd7, 0x5f, 0xd7, 0x7f, 0xdf, 0xff, 0xc6,
    0xbe, 0xb6, 0xde, 0xb6, 0xdf, 0xbe, 0xde, 0xbe, 0xbe, 0xb6, 0xdf, 0xb6,
    0xbe, 0xb6, 0xbe, 0xb6, 0xdf, 0xb6, 0xbe, 0xb6, 0xbe, 0xb6, 0xdf, 0xb6,
    0xbe, 0xb6, 0xbe, 0xb6, 0xdf, 0xb6, 0xbe, 0xb6, 0xfd, 0x8d, 0xfd, 0x8d,
    0x1d, 0x8e, 0xfd, 0x8d, 0x1c, 0x96, 0x1d, 0x8e, 0x1d, 0x8e, 0xfd, 0x8d,
    0x1d, 0x8e, 0xfc, 0x8d, 0xfd, 0x8d, 0x1d, 0x8e, 0xfd, 0x8d, 0xfd, 0x8d,
    0x1d, 0x86, 0x1d, 0x8e, 0x1d, 0x96, 0x1d, 0x8e, 0xfd, 0x85, 0xfd, 0x85,
    0x1d, 0x96, 0xff, 0xbe, 0x3d, 0x96, 0xfd, 0x85, 0xfc, 0x85, 0x5d, 0x9e,
    0xde, 0xb6, 0x1d, 0x8e, 0xfd, 0x8d, 0xfd, 0x85, 0x7d, 0x9e, 0xbe, 0xb6,
    0x1d, 0x8e, 0xfd, 0x8d, 0xfd, 0x85, 0x7d, 0x9e, 0x7e, 0xae, 0x1d, 0x86,
    0x1d, 0x8e, 0x1d, 0x8e, 0xfd, 0x8d, 0x1d, 0x8e, 0x1d, 0x8e, 0x1d, 0x8e,
    0xfd, 0x85, 0x7f, 0xe7, 0xff, 0xff, 0xff, 0xff, 0xff, 0xff, 0xff, 0xff,
    0xff, 0xff, 0xff, 0xff, 0xff, 0xff, 0xff, 0xff, 0xff, 0xff, 0x9f, 0xe7,
    0xff, 0xbe, 0x1f, 0xc7, 0xff, 0xc6, 0xff, 0xbe, 0xff, 0xc6, 0xff, 0xbe,
    0xfe, 0xc6, 0x1f, 0xbf, 0x1f, 0xc7, 0x1e, 0xc7, 0xff, 0xbe, 0xfe, 0xbe,
    0xfe, 0xbe, 0xfe, 0xbe, 0xdf, 0xbe, 0xfe, 0xbe, 0xfe, 0xbe, 0xff, 0xbe,
    0xfe, 0xbe, 0xff, 0xbe, 0xff, 0xc6, 0xfe, 0xc6, 0x1f, 0xc7, 0xff, 0xc6,
    0xfe, 0xc6, 0x1f, 0xc7, 0x1f, 0xcf, 0x7d, 0xa6, 0x7b, 0x6d, 0x3b, 0x65,
    0xbc, 0x7d, 0x9e, 0xb6, 0x3f, 0xcf, 0x1f, 0xcf, 0x1f, 0xc7, 0x1e, 0xc7,
    0x1f, 0xcf, 0x1f, 0xc7, 0x3e, 0xcf, 0x1f, 0xcf, 0x3f, 0xcf, 0x1e, 0xcf,
    0x1f, 0xcf, 0x1f, 0xcf, 0x3e, 0xcf, 0x1f, 0xcf, 0x1f, 0xcf, 0x3f, 0xcf,
    0x1f, 0xcf, 0x1f, 0xcf, 0x1e, 0xcf, 0x1f, 0xcf, 0x3f, 0xcf, 0x3f, 0xcf,
    0x1e, 0xcf, 0x1f, 0xd7, 0x1f, 0xcf, 0x3f, 0xd7, 0xfe, 0xc6, 0x7c, 0x6d,
    0x5b, 0x65, 0x7b, 0x6d, 0x7b, 0x6d, 0x7b, 0x6d, 0xfe, 0xc6, 0x5f, 0xd7,
    0x3f, 0xd7, 0x3f, 0xd7, 0x1f, 0xcf, 0x1f, 0xcf, 0x1e, 0xd7, 0x3f, 0xcf,
    0x3f, 0xcf, 0x3f, 0xcf, 0x3f, 0xcf, 0x3f, 0xcf, 0x3f, 0xcf, 0x3f, 0xcf,
    0x1f, 0xd7, 0x3f, 0xcf, 0x3e, 0xd7, 0x1f, 0xcf, 0x3e, 0xcf, 0x3f, 0xcf,
    0x3f, 0xcf, 0x3f, 0xcf, 0x3f, 0xd7, 0x3e, 0xd7, 0x3f, 0xcf, 0x3f, 0xd7,
    0x3f, 0xd7, 0x5f, 0xd7, 0x5f, 0xd7, 0x3f, 0xd7, 0x3f, 0xcf, 0x3f, 0xcf,
    0x3f, 0xcf, 0x3f, 0xcf, 0x5f, 0xd7, 0x3f, 0xcf, 0x3f, 0xcf, 0x3e, 0xcf,
    0x3f, 0xd7, 0x3f, 0xcf, 0x3f, 0xcf, 0x5f, 0xd7, 0x5f, 0xdf, 0x5f, 0xd7,
    0x3f, 0xd7, 0x3f, 0xd7, 0x3f, 0xd7, 0x5f, 0xd7, 0x5f, 0xd7, 0x3f, 0xd7,
    0x5f, 0xd7, 0x3f, 0xd7, 0x5f, 0xdf, 0x5f, 0xdf, 0x5f, 0xd7, 0x5f, 0xd7,
    0x5f, 0xdf, 0x7f, 0xdf, 0x7f, 0xdf, 0x7f, 0xdf, 0x5f, 0xdf, 0x5f, 0xd7,
    0x3f, 0xd7, 0x3f, 0xd7, 0x5f, 0xd7, 0x3f, 0xd7, 0x5f, 0xd7, 0x3f, 0xd7,
    0x3f, 0xd7, 0x5f, 0xd7, 0x3f, 0xd7, 0x3f, 0xd7, 0x5f, 0xd7, 0x3f, 0xd7,
    0x5f, 0xd7, 0x5f, 0xd7, 0x5f, 0xd7, 0x3f, 0xd7, 0x5f, 0xd7, 0x5f, 0xd7,
    0x3f, 0xd7, 0x5f, 0xd7, 0x5f, 0xd7, 0x5f, 0xd7, 0x5f, 0xd7, 0x5f, 0xd7,
    0x5f, 0xd7, 0x5f, 0xd7, 0x5f, 0xd7, 0x3f, 0xdf, 0x3f, 0xd7, 0x5f, 0xd7,
    0x5f, 0xd7, 0x5f, 0xd7, 0x5f, 0xd7, 0x5f, 0xd7, 0x5f, 0xd7, 0x5f, 0xd7,
    0x5f, 0xd7, 0x3f, 0xd7, 0x5f, 0xd7, 0x7f, 0xdf, 0x1f, 0xcf, 0xbe, 0xb6,
    0xbe, 0xb6, 0xde, 0xb6, 0xdf, 0xbe, 0xbf, 0xb6, 0xbe, 0xb6, 0xbe, 0xb6,
    0xbe, 0xb6, 0xbe, 0xb6, 0xbf, 0xb6, 0xde, 0xb6, 0xbe, 0xb6, 0xbe, 0xb6,
    0xbe, 0xb6, 0xbe, 0xb6, 0xde, 0xb6, 0xbe, 0xb6, 0x1d, 0x8e, 0x1d, 0x8e,
    0xfd, 0x8d, 0x1d, 0x8e, 0x1d, 0x8e, 0x1d, 0x8e, 0x1d, 0x8e, 0xfd, 0x8d,
    0x1d, 0x8e, 0x1d, 0x8e, 0x1d, 0x8e, 0x1d, 0x86, 0x1c, 0x8e, 0xfd, 0x8d,
    0xfc, 0x8d, 0xfc, 0x8d, 0xfd, 0x8d, 0x1d, 0x8e, 0xfd, 0x8d, 0xfd, 0x8d,
    0x1d, 0x8e, 0x3d, 0x96, 0x1d, 0x8e, 0xfd, 0x8d, 0xfd, 0x85, 0xfd, 0x8d,
    0x3d, 0x8e, 0x1d, 0x8e, 0x1d, 0x8e, 0xfd, 0x85, 0xfd, 0x8d, 0x1d, 0x8e,
    0xfd, 0x85, 0xfd, 0x85, 0x1d, 0x8e, 0x1d, 0x8e, 0x1d, 0x8e, 0xfd, 0x8d,
    0x1d, 0x8e, 0x1d, 0x86, 0xfd, 0x8d, 0xfd, 0x8d, 0xfd, 0x8d, 0x1d, 0x8e,
    0x1d, 0x86, 0x7f, 0xe7, 0xff, 0xff, 0xff, 0xff, 0xff, 0xff, 0xff, 0xff,
    0xff, 0xff, 0xff, 0xff, 0xff, 0xff, 0xff, 0xff, 0xff, 0xff, 0x7f, 0xe7,
    0xfe, 0xbe, 0x1f, 0xc7, 0x1f, 0xc7, 0x1e, 0xc7, 0x1f, 0xc7, 0xfe, 0xbe,
    0xff, 0xbe, 0xff, 0xbe, 0xde, 0xbe, 0xde, 0xb6, 0xde, 0xb6, 0xde, 0xbe,
    0xde, 0xb6, 0xde, 0xbe, 0xdf, 0xbe, 0xdf, 0xbe, 0xfe, 0xbe, 0xff, 0xbe,
    0xfe, 0xbe, 0xfe, 0xbe, 0xff, 0xbe, 0xfe, 0xc6, 0xff, 0xc6, 0xff, 0xc6,
    0x1f, 0xc7, 0x1f, 0xc7, 0xff, 0xc6, 0x1f, 0xc7, 0xfe, 0xbe, 0xbe, 0xb6,
    0xff, 0xc6, 0x1f, 0xcf, 0x1e, 0xc7, 0x1f, 0xcf, 0x1e, 0xcf, 0x1f, 0xcf,
    0x1f, 0xcf, 0x1f, 0xc7, 0x1f, 0xc7, 0x1f, 0xcf, 0x1e, 0xc7, 0x1f, 0xc7,
    0x1f, 0xcf, 0x1e, 0xc7, 0x1f, 0xcf, 0x1f, 0xcf, 0x1e, 0xcf, 0x1f, 0xcf,
    0x1f, 0xcf, 0x1f, 0xcf, 0x1f, 0xcf, 0x1e, 0xcf, 0x3f, 0xcf, 0x1f, 0xcf,
    0x3f, 0xcf, 0x3e, 0xcf, 0x1f, 0xcf, 0x3f, 0xcf, 0x3f, 0xcf, 0xbc, 0x7d,
    0x5b, 0x65, 0x5c, 0x6d, 0x7b, 0x6d, 0x5b, 0x65, 0xfe, 0xbe, 0x5f, 0xd7,
    0x1f, 0xc7, 0xfe, 0xc6, 0x3f, 0xcf, 0x3f, 0xcf, 0x1f, 0xcf, 0x3f, 0xcf,
    0x1f, 0xcf, 0x1e, 0xcf, 0x1f, 0xcf, 0x3f, 0xcf, 0x1e, 0xcf, 0x3f, 0xcf,
    0x1f, 0xcf, 0x1f, 0xcf, 0x1f, 0xcf, 0x1f, 0xd7, 0x3e, 0xd7, 0x3f, 0xcf,
    0x3f, 0xcf, 0x3e, 0xcf, 0x3f, 0xcf, 0x3f, 0xcf, 0x3f, 0xcf, 0x3f, 0xd7,
    0x3f, 0xd7, 0x3f, 0xcf, 0x3f, 0xcf, 0x3f, 0xcf, 0x3f, 0xcf, 0x3f, 0xd7,
    0x3f, 0xcf, 0x3f, 0xd7, 0x3e, 0xcf, 0x3f, 0xcf, 0x3f, 0xcf, 0x3e, 0xcf,
    0x3f, 0xd7, 0x5f, 0xd7, 0x7f, 0xdf, 0x7f, 0xdf, 0x5f, 0xdf, 0x3f, 0xd7,
    0x3f, 0xd7, 0x3f, 0xd7, 0x5f, 0xd7, 0x3e, 0xd7, 0x3f, 0xd7, 0x5f, 0xd7,
    0x5f, 0xd7, 0x5f, 0xd7, 0x5f, 0xd7, 0x5f, 0xdf, 0x7f, 0xdf, 0x7f, 0xdf,
    0x5f, 0xdf, 0x5f, 0xdf, 0x3f, 0xd7, 0x3f, 0xd7, 0x3f, 0xd7, 0x5f, 0xd7,
    0x5f, 0xd7, 0x3f, 0xd7, 0x5f, 0xd7, 0x5f, 0xd7, 0x3f, 0xd7, 0x5f, 0xd7,
    0x3f, 0xd7, 0x5f, 0xd7, 0x3f, 0xd7, 0x3f, 0xd7, 0x5f, 0xd7, 0x3f, 0xd7,
    0x3f, 0xd7, 0x3f, 0xd7, 0x3f, 0xd7, 0x3f, 0xd7, 0x5f, 0xd7, 0x3f, 0xd7,
    0x3f, 0xd7, 0x5f, 0xd7, 0x5f, 0xd7, 0x5f, 0xdf, 0x5f, 0xdf, 0x5f, 0xd7,
    0x3f, 0xd7, 0x3f, 0xd7, 0x3f, 0xd7, 0x5f, 0xd7, 0x3f, 0xd7, 0x3f, 0xd7,
    0x5f, 0xdf, 0x5f, 0xd7, 0x5f, 0xd7, 0x3f, 0xd7, 0x5f, 0xd7, 0x5f, 0xdf,
    0x3f, 0xd7, 0x3f, 0xd7, 0x7f, 0xe7, 0x1f, 0xcf, 0xbe, 0xb6, 0xbe, 0xb6,
    0xbe, 0xb6, 0xde, 0xbe, 0xbe, 0xb6, 0xbe, 0xb6, 0xde, 0xb6, 0xbe, 0xb6,
    0xbe, 0xb6, 0xde, 0xb6, 0xbe, 0xb6, 0xbe, 0xb6, 0xbf, 0xb6, 0xde, 0xb6,
    0xbe, 0xb6, 0xbf, 0xb6, 0xbe, 0xb6, 0xbe, 0xb6, 0x1d, 0x8e, 0x1d, 0x8e,
    0x1d, 0x8e, 0xfd, 0x8d, 0x1c, 0x8e, 0xfd, 0x8d, 0x1d, 0x8e, 0x1d, 0x8e,
    0xfd, 0x8d, 0xfc, 0x8d, 0xfd, 0x8d, 0xfd, 0x8d, 0x1d, 0x86, 0x1d, 0x8e,
    0xfd, 0x8d, 0xfd, 0x8d, 0xfd, 0x85, 0x1d, 0x8e, 0x1d, 0x8e, 0x1d, 0x8e,
    0xfd, 0x8d, 0xfd, 0x85, 0xfd, 0x8d, 0x1d, 0x8e, 0xfd, 0x8d, 0xfd, 0x85,
    0xfd, 0x8d, 0x1d, 0x8e, 0x1d, 0x8e, 0xfd, 0x85, 0xfd, 0x85, 0xfd, 0x85,
    0xfd, 0x8d, 0xfc, 0x85, 0xfd, 0x8d, 0xfd, 0x8d, 0xfd, 0x8d, 0xfd, 0x8d,
    0xfd, 0x8d, 0x1d, 0x8e, 0xfd, 0x85, 0x1d, 0x8e, 0xfd, 0x8d, 0xfd, 0x8d,
    0x1d, 0x86, 0x7f, 0xe7, 0xff, 0xff, 0xff, 0xff, 0xff, 0xff, 0xff, 0xff,
    0xff, 0xff, 0xff, 0xff, 0xff, 0xff, 0xff, 0xff, 0xff, 0xff, 0x7f, 0xe7,
    0xff, 0xbe, 0xff, 0xc6, 0xde, 0xbe, 0xde, 0xbe, 0xde, 0xb6, 0xde, 0xb6,
    0xbe, 0xb6, 0xbe, 0xb6, 0xbe, 0xb6, 0xdf, 0xb6, 0xdf, 0xb6, 0xdf, 0xbe,
    0xde, 0xbe, 0xdf, 0xbe, 0xde, 0xbe, 0xde, 0xbe, 0xdf, 0xbe, 0xdf, 0xbe,
    0xfe, 0xbe, 0xff, 0xbe, 0xff, 0xbe, 0xfe, 0xc6, 0xfe, 0xbe, 0xff, 0xbe,
    0xfe, 0xc6, 0xff, 0xc6, 0x1f, 0xc7, 0x1f, 0xc7, 0x1f, 0xc7, 0x1f, 0xcf,
    0x1f, 0xc7, 0x1f, 0xc7, 0x1f, 0xc7, 0x1f, 0xc7, 0x1e, 0xc7, 0x1f, 0xcf,
    0x1f, 0xcf, 0x1e, 0xc7, 0x1f, 0xcf, 0x1f, 0xcf, 0x1f, 0xc7, 0x1f, 0xcf,
    0x1f, 0xcf, 0x1f, 0xc7, 0x1f, 0xc7, 0x1e, 0xcf, 0x1f, 0xc7, 0x1e, 0xcf,
    0x1e, 0xcf, 0x1e, 0xcf, 0x1f, 0xcf, 0x1f, 0xcf, 0x1f, 0xcf, 0x3f, 0xcf,
    0x1f, 0xcf, 0x1f, 0xcf, 0x1f, 0xcf, 0x1f, 0xcf, 0x3f, 0xcf, 0x1d, 0x8e,
    0x3b, 0x65, 0x7c, 0x6d, 0x5b, 0x6d, 0x5b, 0x65, 0xbe, 0xb6, 0x7f, 0xdf,
    0xde, 0xbe, 0xbe, 0xb6, 0x1f, 0xcf, 0x3f, 0xd7, 0x5f, 0xd7, 0x3f, 0xd7,
    0x3f, 0xd7, 0x1f, 0xcf, 0x3f, 0xcf, 0x1f, 0xcf, 0x1e, 0xcf, 0x3f, 0xcf,
    0x3e, 0xcf, 0x1e, 0xcf, 0x1f, 0xcf, 0x3f, 0xcf, 0x3f, 0xcf, 0x1f, 0xd7,
    0x3f, 0xd7, 0x3f, 0xcf, 0x1f, 0xcf, 0x3e, 0xcf, 0x3f, 0xcf, 0x3f, 0xcf,
    0x3e, 0xcf, 0x3f, 0xcf, 0x3f, 0xcf, 0x3e, 0xcf, 0x3f, 0xcf, 0x3f, 0xcf,
    0x3f, 0xd7, 0x3f, 0xcf, 0x3f, 0xcf, 0x3f, 0xd7, 0x5f, 0xd7, 0x5f, 0xdf,
    0x5f, 0xd7, 0x5f, 0xd7, 0x3f, 0xd7, 0x3f, 0xcf, 0x3e, 0xcf, 0x3f, 0xd7,
    0x3f, 0xcf, 0x3f, 0xcf, 0x5f, 0xd7, 0x5f, 0xd7, 0x3f, 0xd7, 0x5f, 0xd7,
    0x5f, 0xd7, 0x5f, 0xdf, 0x5f, 0xdf, 0x5f, 0xdf, 0x5f, 0xd7, 0x3f, 0xd7,
    0x3f, 0xd7, 0x3f, 0xd7, 0x3f, 0xd7, 0x3f, 0xd7, 0x3f, 0xd7, 0x3f, 0xd7,
    0x3f, 0xd7, 0x3f, 0xd7, 0x3f, 0xd7, 0x3f, 0xd7, 0x5f, 0xd7, 0x3f, 0xd7,
    0x5f, 0xd7, 0x5f, 0xd7, 0x5f, 0xd7, 0x5f, 0xd7, 0x5f, 0xd7, 0x5f, 0xd7,
    0x3f, 0xd7, 0x3f, 0xd7, 0x5f, 0xd7, 0x5f, 0xd7, 0x5f, 0xd7, 0x3f, 0xd7,
    0x5f, 0xdf, 0x3f, 0xd7, 0x3f, 0xd7, 0x5f, 0xd7, 0x5f, 0xd7, 0x3f, 0xd7,
    0x5f, 0xd7, 0x3f, 0xd7, 0x5f, 0xd7, 0x5f, 0xd7, 0x3f, 0xd7, 0x3f, 0xd7,
    0x3f, 0xd7, 0x3f, 0xd7, 0x5f, 0xd7, 0x5f, 0xd7, 0x3f, 0xd7, 0x3f, 0xd7,
    0x5f, 0xd7, 0x7f, 0xe7, 0x3f, 0xcf, 0xbe, 0xb6, 0xbe, 0xb6, 0xbe, 0xb6,
    0xbf, 0xb6, 0xbe, 0xb6, 0xbe, 0xb6, 0xbe, 0xb6, 0xbe, 0xb6, 0xbe, 0xb6,
    0xbe, 0xb6, 0xbf, 0xb6, 0xbe, 0xb6, 0xbe, 0xb6, 0xbe, 0xb6, 0xdf, 0xb6,
    0xbe, 0xb6, 0xbe, 0xb6, 0xbe, 0xb6, 0xde, 0xb6, 0x3e, 0x96, 0x1d, 0x8e,
    0x1d, 0x8e, 0xfd, 0x8d, 0xfd, 0x8d, 0x1d, 0x96, 0x1d, 0x8e, 0x1d, 0x8e,
    0xfc, 0x8d, 0xfd, 0x8d, 0x1d, 0x8e, 0xfd, 0x8d, 0xfd, 0x8d, 0xfc, 0x8d,
    0x1d, 0x8e, 0x1d, 0x8e, 0xfc, 0x8d, 0xfd, 0x8d, 0x1d, 0x8e, 0x1c, 0x8e,
    0xfd, 0x8d, 0xfd, 0x8d, 0xfc, 0x8d, 0x1d, 0x8e, 0xfd, 0x85, 0xfc, 0x85,
    0xfd, 0x8d, 0xfd, 0x8d, 0xfd, 0x8d, 0xfd, 0x8d, 0xfd, 0x8d, 0xfd, 0x8d,
    0xfd, 0x8d, 0xfd, 0x85, 0xfd, 0x85, 0x1d, 0x8e, 0x1d, 0x8e, 0x1d, 0x86,
    0xfd, 0x85, 0xfd, 0x8d, 0x1d, 0x8e, 0x1d, 0x8e, 0xfd, 0x8d, 0x1d, 0x8e,
    0xfd, 0x85, 0x7f, 0xe7, 0xff, 0xff, 0xff, 0xff, 0xff, 0xff, 0xff, 0xff,
    0xff, 0xff, 0xff, 0xff, 0xff, 0xff, 0xff, 0xff, 0xff, 0xff, 0x7f, 0xdf,
    0x9e, 0xae, 0xbe, 0xb6, 0xbe, 0xae, 0x9e, 0xae, 0xbe, 0xae, 0xbf, 0xb6,
    0xbe, 0xb6, 0xdf, 0xb6, 0xde, 0xb6, 0xde, 0xb6, 0xdf, 0xb6, 0xde, 0xb6,
    0xde, 0xb6, 0xdf, 0xb6, 0xdf, 0xbe, 0xde, 0xbe, 0xde, 0xbe, 0xff, 0xbe,
    0xfe, 0xbe, 0xfe, 0xbe, 0xff, 0xbe, 0xfe, 0xc6, 0xff, 0xbe, 0xff, 0xbe,
    0xfe, 0xc6, 0xfe, 0xc6, 0x1e, 0xc7, 0xff, 0xc6, 0x1f, 0xc7, 0x1e, 0xc7,
    0x1f, 0xc7, 0x1f, 0xc7, 0x1f, 0xc7, 0xff, 0xce, 0x1f, 0xc7, 0x1f, 0xc7,
    0x1f, 0xc7, 0x1e, 0xc7, 0x1e, 0xc7, 0x1f, 0xcf, 0x1f, 0xc7, 0x1e, 0xcf,
    0x1f, 0xcf, 0x1f, 0xcf, 0x1e, 0xcf, 0x1f, 0xc7, 0x1f, 0xcf, 0x1f, 0xc7,
    0x3f, 0xcf, 0x1f, 0xcf, 0x3f, 0xcf, 0x1f, 0xcf, 0x1f, 0xcf, 0x3e, 0xcf,
    0x1f, 0xcf, 0x1f, 0xcf, 0x1e, 0xcf, 0x1f, 0xc7, 0x3f, 0xcf, 0x5d, 0xa6,
    0x5b, 0x65, 0x5b, 0x6d, 0x7b, 0x6d, 0x5b, 0x65, 0xfc, 0x8d, 0x5d, 0xa6,
    0xbe, 0xb6, 0xfe, 0xc6, 0x5f, 0xd7, 0xde, 0xbe, 0x5d, 0x9e, 0x7d, 0xa6,
    0x1f, 0xcf, 0x3f, 0xd7, 0x1f, 0xcf, 0x1f, 0xcf, 0x1f, 0xcf, 0x1f, 0xcf,
    0x3f, 0xcf, 0x1f, 0xcf, 0x3f, 0xcf, 0x3e, 0xcf, 0x1f, 0xcf, 0x3f, 0xcf,
    0x1e, 0xcf, 0x1f, 0xcf, 0x1f, 0xcf, 0x1f, 0xcf, 0x1f, 0xcf, 0x3f, 0xcf,
    0x1e, 0xcf, 0x1f, 0xcf, 0x3f, 0xcf, 0x3e, 0xcf, 0x1f, 0xcf, 0x3f, 0xcf,
    0x3f, 0xd7, 0x5f, 0xd7, 0x5f, 0xd7, 0x5f, 0xd7, 0x3f, 0xd7, 0x3f, 0xcf,
    0x3f, 0xcf, 0x3f, 0xcf, 0x3f, 0xd7, 0x3f, 0xd7, 0x3f, 0xd7, 0x3f, 0xd7,
    0x5f, 0xd7, 0x3f, 0xcf, 0x5f, 0xd7, 0x5f, 0xd7, 0x5f, 0xdf, 0x5f, 0xdf,
    0x5f, 0xd7, 0x3f, 0xd7, 0x3f, 0xcf, 0x1f, 0xcf, 0x3f, 0xcf, 0x3f, 0xd7,
    0x3f, 0xd7, 0x3f, 0xd7, 0x3f, 0xd7, 0x3f, 0xd7, 0x3f, 0xd7, 0x3f, 0xd7,
    0x3f, 0xd7, 0x3f, 0xd7, 0x3f, 0xd7, 0x3f, 0xd7, 0x3f, 0xd7, 0x5f, 0xd7,
    0x3f, 0xd7, 0x3f, 0xd7, 0x3f, 0xd7, 0x3f, 0xd7, 0x3f, 0xd7, 0x3f, 0xd7,
    0x3f, 0xd7, 0x3f, 0xd7, 0x5f, 0xd7, 0x5f, 0xd7, 0x5f, 0xd7, 0x3f, 0xd7,
    0x5f, 0xd7, 0x5f, 0xd7, 0x3f, 0xd7, 0x5f, 0xd7, 0x3f, 0xd7, 0x3f, 0xd7,
    0x3f, 0xd7, 0x3f, 0xd7, 0x5f, 0xd7, 0x3f, 0xd7, 0x5f, 0xd7, 0x3f, 0xd7,
    0x5f, 0xd7, 0x3f, 0xd7, 0x3f, 0xd7, 0x5f, 0xd7, 0x3f, 0xd7, 0x5f, 0xd7,
    0x7f, 0xdf, 0x1f, 0xcf, 0xbe, 0xae, 0xbe, 0xb6, 0xbe, 0xb6, 0xbe, 0xb6,
    0xbe, 0xb6, 0xbe, 0xb6, 0xbe, 0xb6, 0xbf, 0xb6, 0xbe, 0xb6, 0xbe, 0xb6,
    0xbf, 0xb6, 0xbe, 0xb6, 0xbe, 0xb6, 0xde, 0xb6, 0xbe, 0xb6, 0xbe, 0xb6,
    0xbe, 0xb6, 0xbe, 0xb6, 0xde, 0xb6, 0xdf, 0xb6, 0x3d, 0x96, 0x1d, 0x8e,
    0x1d, 0x8e, 0xfd, 0x8d, 0x1d, 0x8e, 0x1d, 0x8e, 0x1d, 0x8e, 0x1d, 0x8e,
    0xfd, 0x8d, 0x1d, 0x8e, 0x1d, 0x8e, 0x1d, 0x8e, 0xfc, 0x8d, 0xfd, 0x8d,
    0xfd, 0x8d, 0xfd, 0x8d, 0xfc, 0x85, 0x1d, 0x8e, 0xfd, 0x8d, 0xfc, 0x8d,
    0x1d, 0x8e, 0xfc, 0x85, 0xfd, 0x85, 0xfd, 0x8d, 0xfd, 0x8d, 0xfd, 0x85,
    0xfc, 0x85, 0xfd, 0x85, 0xfd, 0x8d, 0x1d, 0x8e, 0xfd, 0x8d, 0xfc, 0x85,
    0xfd, 0x8d, 0xfd, 0x8d, 0xfc, 0x85, 0xfd, 0x85, 0xfd, 0x85, 0xfd, 0x8d,
    0x1d, 0x8e, 0x1d, 0x8e, 0x1d, 0x8e, 0x1d, 0x8e, 0x1d, 0x8e, 0x1d, 0x8e,
    0x1d, 0x86, 0x7f, 0xe7, 0xff, 0xff, 0xff, 0xff, 0xff, 0xff, 0xff, 0xff,
    0xff, 0xff, 0xff, 0xff, 0xff, 0xff, 0xff, 0xff, 0xff, 0xff, 0x5f, 0xdf,
    0x9e, 0xa6, 0xbe, 0xae, 0xbe, 0xae, 0xbe, 0xae, 0xbf, 0xb6, 0xbe, 0xb6,
    0xbf, 0xb6, 0xbe, 0xb6, 0xbf, 0xb6, 0xbe, 0xb6, 0xde, 0xbe, 0xde, 0xbe,
    0xde, 0xb6, 0xde, 0xb6, 0xde, 0xb6, 0xdf, 0xbe, 0xde, 0xbe, 0xde, 0xbe,
    0xdf, 0xbe, 0xde, 0xbe, 0xff, 0xbe, 0xff, 0xbe, 0xfe, 0xc6, 0xfe, 0xc6,
    0xff, 0xc6, 0xff, 0xbe, 0xff, 0xc6, 0xfe, 0xc6, 0x1f, 0xc7, 0xff, 0xc6,
    0xfe, 0xc6, 0xff, 0xc6, 0xfe, 0xc6, 0xfe, 0xc6, 0x1f, 0xc7, 0x1e, 0xc7,
    0xff, 0xc6, 0x1f, 0xc7, 0x1f, 0xc7, 0x1e, 0xc7, 0x1f, 0xc7, 0x1e, 0xc7,
    0x1f, 0xc7, 0x1f, 0xcf, 0x1f, 0xcf, 0x3f, 0xcf, 0x3f, 0xcf, 0x3f, 0xcf,
    0x1f, 0xcf, 0x1f, 0xc7, 0x1e, 0xc7, 0x1f, 0xc7, 0x1f, 0xcf, 0x1f, 0xc7,
    0x3e, 0xc7, 0x1f, 0xcf, 0x1f, 0xcf, 0x1f, 0xcf, 0x3f, 0xcf, 0x9e, 0xae,
    0x3b, 0x65, 0x7b, 0x6d, 0x7b, 0x6d, 0x7c, 0x6d, 0x7c, 0x75, 0x5b, 0x6d,
    0x3d, 0x96, 0x3f, 0xcf, 0x3d, 0x9e, 0x5b, 0x65, 0x3b, 0x65, 0x3b, 0x65,
    0xdc, 0x85, 0x3f, 0xcf, 0x3f, 0xcf, 0x3f, 0xcf, 0x1e, 0xcf, 0x1f, 0xcf,
    0x1f, 0xcf, 0x1f, 0xcf, 0x1f, 0xcf, 0x1e, 0xcf, 0x1f, 0xcf, 0x1f, 0xcf,
    0x1e, 0xcf, 0x1f, 0xcf, 0x1f, 0xcf, 0x1e, 0xcf, 0x3f, 0xcf, 0x1f, 0xcf,
    0x1f, 0xcf, 0x1f, 0xcf, 0x3f, 0xcf, 0x3f, 0xd7, 0x5f, 0xd7, 0x5f, 0xdf,
    0x5f, 0xd7, 0x5f, 0xd7, 0x3f, 0xd7, 0x1f, 0xcf, 0x3f, 0xcf, 0x3f, 0xcf,
    0x3f, 0xcf, 0x3f, 0xcf, 0x3f, 0xcf, 0x3f, 0xd7, 0x3f, 0xcf, 0x3f, 0xd7,
    0x5f, 0xd7, 0x7f, 0xdf, 0x5f, 0xdf, 0x5f, 0xd7, 0x3f, 0xd7, 0x3e, 0xcf,
    0x1f, 0xcf, 0x3e, 0xcf, 0x3e, 0xd7, 0x3f, 0xcf, 0x3e, 0xcf, 0x3f, 0xcf,
    0x3f, 0xcf, 0x3f, 0xcf, 0x3f, 0xcf, 0x5f, 0xd7, 0x3f, 0xcf, 0x3f, 0xcf,
    0x3f, 0xcf, 0x3f, 0xd7, 0x3f, 0xcf, 0x3f, 0xd7, 0x3f, 0xd7, 0x3f, 0xd7,
    0x3f, 0xd7, 0x3f, 0xd7, 0x3f, 0xd7, 0x5f, 0xd7, 0x3f, 0xd7, 0x3f, 0xd7,
    0x3f, 0xd7, 0x3f, 0xd7, 0x3f, 0xd7, 0x3f, 0xd7, 0x3f, 0xd7, 0x5f, 0xd7,
    0x5f, 0xd7, 0x3f, 0xd7, 0x5f, 0xd7, 0x3f, 0xd7, 0x3f, 0xd7, 0x3f, 0xd7,
    0x3f, 0xd7, 0x3f, 0xd7, 0x3f, 0xd7, 0x5f, 0xd7, 0x3f, 0xd7, 0x5f, 0xd7,
    0x5f, 0xd7, 0x5f, 0xd7, 0x5f, 0xd7, 0x3f, 0xd7, 0x5f, 0xd7, 0x7f, 0xdf,
    0xff, 0xc6, 0x9e, 0xb6, 0xbe, 0xb6, 0xde, 0xb6, 0xbf, 0xb6, 0xbe, 0xb6,
    0xbe, 0xb6, 0xbe, 0xb6, 0xbe, 0xb6, 0xbe, 0xb6, 0xbe, 0xb6, 0xbe, 0xb6,
    0xdf, 0xb6, 0xbe, 0xb6, 0xbe, 0xb6, 0xbf, 0xb6, 0xbf, 0xb6, 0xbe, 0xb6,
    0xbe, 0xb6, 0xbe, 0xb6, 0xbe, 0xb6, 0x9e, 0xae, 0x3e, 0x9e, 0x3d, 0x96,
    0x1d, 0x96, 0x1d, 0x8e, 0x1d, 0x8e, 0x1d, 0x8e, 0x1d, 0x8e, 0x1d, 0x8e,
    0x1d, 0x8e, 0x1d, 0x8e, 0x1d, 0x8e, 0xfd, 0x8d, 0xfd, 0x8d, 0x1d, 0x86,
    0xfd, 0x8d, 0x1d, 0x8e, 0x3d, 0x96, 0x1d, 0x8e, 0xfd, 0x8d, 0xfd, 0x8d,
    0x1d, 0x8e, 0x3d, 0x96, 0x1d, 0x8e, 0xfd, 0x85, 0xfc, 0x8d, 0x1d, 0x8e,
    0x3d, 0x96, 0xfd, 0x8d, 0xfc, 0x85, 0x1d, 0x86, 0x1d, 0x8e, 0x3d, 0x96,
    0x1d, 0x8e, 0x1d, 0x8e, 0xfc, 0x8d, 0x1d, 0x8e, 0x1d, 0x8e, 0xfd, 0x85,
    0xfd, 0x8d, 0xfd, 0x8d, 0x1d, 0x8e, 0x1d, 0x8e, 0x1d, 0x8e, 0x1d, 0x8e,
    0xfd, 0x85, 0x7f, 0xe7, 0xff, 0xff, 0xff, 0xff, 0xff, 0xff, 0xff, 0xff,
    0xff, 0xff, 0xff, 0xff, 0xff, 0xff, 0xff, 0xff, 0xff, 0xff, 0x5f, 0xdf,
    0x9e, 0xae, 0xbe, 0xae, 0xbe, 0xae, 0xbf, 0xb6, 0xbe, 0xb6, 0xbe, 0xb6,
    0xbe, 0xb6, 0xbe, 0xb6, 0xbe, 0xb6, 0xdf, 0xb6, 0xdf, 0xb6, 0xde, 0xbe,
    0xdf, 0xbe, 0xde, 0xb6, 0xde, 0xbe, 0xdf, 0xbe, 0xde, 0xbe, 0xde, 0xbe,
    0xff, 0xbe, 0xde, 0xbe, 0xfe, 0xbe, 0xff, 0xc6, 0xfe, 0xc6, 0xff, 0xbe,
    0xff, 0xc6, 0xff, 0xbe, 0xfe, 0xc6, 0xff, 0xc6, 0xfe, 0xc6, 0xff, 0xc6,
    0xff, 0xc6, 0xfe, 0xc6, 0xff, 0xc6, 0xff, 0xc6, 0x1f, 0xc7, 0xfe, 0xc6,
    0xff, 0xce, 0x1f, 0xcf, 0x1e, 0xc7, 0xff, 0xc6, 0x1f, 0xcf, 0x1f, 0xcf,
    0x3f, 0xcf, 0x1f, 0xcf, 0x3f, 0xcf, 0x1f, 0xcf, 0x1e, 0xc7, 0x1f, 0xc7,
    0x1e, 0xc7, 0x1f, 0xcf, 0x1f, 0xcf, 0x1e, 0xcf, 0x3f, 0xc7, 0x1f, 0xcf,
    0x1f, 0xcf, 0x1f, 0xc7, 0x1f, 0xc7, 0x1e, 0xc7, 0x1f, 0xcf, 0xbe, 0xb6,
    0x5b, 0x65, 0x5b, 0x6d, 0x5b, 0x6d, 0x7b, 0x6d, 0x7b, 0x6d, 0x7c, 0x75,
    0x5b, 0x6d, 0x7b, 0x6d, 0x3b, 0x65, 0x5b, 0x6d, 0x5b, 0x6d, 0x7b, 0x6d,
    0x5b, 0x6d, 0xbe, 0xbe, 0x3f, 0xd7, 0x1e, 0xcf, 0x1f, 0xcf, 0x1f, 0xcf,
    0x1e, 0xcf, 0x1e, 0xcf, 0x1f, 0xcf, 0x1f, 0xcf, 0x1e, 0xcf, 0x1f, 0xcf,
    0x1f, 0xcf, 0x1f, 0xcf, 0x1e, 0xcf, 0x1f, 0xcf, 0x3f, 0xcf, 0x3e, 0xcf,
    0x3f, 0xcf, 0x3f, 0xd7, 0x5f, 0xd7, 0x5f, 0xd7, 0x3f, 0xd7, 0x3f, 0xcf,
    0x1f, 0xcf, 0x1e, 0xcf, 0x3f, 0xcf, 0x3f, 0xcf, 0x3f, 0xd7, 0x3f, 0xd7,
    0x3f, 0xd7, 0x3f, 0xd7, 0x3f, 0xd7, 0x3e, 0xcf, 0x5f, 0xd7, 0x7f, 0xdf,
    0x5f, 0xd7, 0x3f, 0xd7, 0x1f, 0xcf, 0x1e, 0xcf, 0x1f, 0xcf, 0x3f, 0xcf,
    0x3f, 0xcf, 0x1f, 0xd7, 0x3f, 0xcf, 0x1f, 0xd7, 0x3f, 0xcf, 0x3e, 0xcf,
    0x1f, 0xd7, 0x3e, 0xd7, 0x3f, 0xcf, 0x3f, 0xcf, 0x3f, 0xd7, 0x3f, 0xcf,
    0x3f, 0xd7, 0x3f, 0xd7, 0x3f, 0xcf, 0x3f, 0xd7, 0x3f, 0xd7, 0x3f, 0xd7,
    0x3f, 0xd7, 0x3f, 0xd7, 0x3f, 0xd7, 0x3f, 0xd7, 0x3f, 0xd7, 0x5f, 0xd7,
    0x3f, 0xd7, 0x3f, 0xd7, 0x3f, 0xd7, 0x3f, 0xd7, 0x3f, 0xd7, 0x3f, 0xd7,
    0x3f, 0xd7, 0x3f, 0xd7, 0x3f, 0xd7, 0x3f, 0xd7, 0x3f, 0xd7, 0x5f, 0xd7,
    0x3f, 0xd7, 0x3f, 0xd7, 0x3f, 0xd7, 0x5f, 0xd7, 0x3f, 0xd7, 0x3f, 0xd7,
    0x3f, 0xd7, 0x5f, 0xd7, 0x3f, 0xd7, 0x5f, 0xdf, 0x7f, 0xdf, 0xde, 0xbe,
    0x9e, 0xae, 0xbe, 0xb6, 0xbe, 0xb6, 0xbe, 0xb6, 0xbe, 0xb6, 0xbe, 0xb6,
    0xbe, 0xb6, 0xbf, 0xb6, 0xbe, 0xae, 0xbe, 0xae, 0xbe, 0xae, 0xbe, 0xb6,
    0xbe, 0xb6, 0xbe, 0xb6, 0xbe, 0xae, 0xbe, 0xb6, 0xbe, 0xae, 0xbe, 0xb6,
    0xbe, 0xae, 0xbe, 0xae, 0xdf, 0xb6, 0x7e, 0xa6, 0x5d, 0x9e, 0x5d, 0x9e,
    0x3d, 0x96, 0x1d, 0x96, 0xfd, 0x8d, 0x1d, 0x8e, 0xfc, 0x8d, 0x1d, 0x8e,
    0x1d, 0x8e, 0xfd, 0x8d, 0x1d, 0x8e, 0xfd, 0x8d, 0x1d, 0x8e, 0x1d, 0x8e,
    0xfc, 0x85, 0x1d, 0x8e, 0xbe, 0xae, 0x3d, 0x9e, 0xfd, 0x8d, 0xfd, 0x85,
    0x3d, 0x96, 0xde, 0xbe, 0x3d, 0x96, 0xdc, 0x85, 0xfd, 0x85, 0x5d, 0x9e,
    0xde, 0xbe, 0x1d, 0x96, 0xfd, 0x85, 0xfd, 0x85, 0x7d, 0xa6, 0xde, 0xb6,
    0xfd, 0x8d, 0xfd, 0x8d, 0xfd, 0x85, 0x7e, 0xa6, 0x7e, 0xa6, 0xfc, 0x85,
    0xfd, 0x8d, 0x1d, 0x8e, 0xfd, 0x85, 0x1d, 0x8e, 0x1d, 0x8e, 0x1d, 0x8e,
    0xfd, 0x8d, 0x7f, 0xe7, 0xff, 0xff, 0xff, 0xff, 0xff, 0xff, 0xff, 0xff,
    0xff, 0xff, 0xff, 0xff, 0xff, 0xff, 0xff, 0xff, 0xff, 0xff, 0x5f, 0xdf,
    0x9e, 0xae, 0xbe, 0xae, 0x9f, 0xae, 0xbe, 0xb6, 0xbe, 0xae, 0xbe, 0xae,
    0xbe, 0xb6, 0xbe, 0xb6, 0xbe, 0xb6, 0xde, 0xb6, 0xbe, 0xb6, 0xbf, 0xb6,
    0xbe, 0xb6, 0xbe, 0xb6, 0xbe, 0xb6, 0xdf, 0xbe, 0xde, 0xbe, 0xff, 0xbe,
    0xff, 0xbe, 0xff, 0xc6, 0xff, 0xc6, 0xff, 0xbe, 0xff, 0xbe, 0xfe, 0xc6,
    0xff, 0xbe, 0xfe, 0xbe, 0xff, 0xc6, 0xff, 0xbe, 0xfe, 0xc6, 0xff, 0xc6,
    0x1f, 0xc7, 0x1e, 0xc7, 0x1f, 0xc7, 0x1f, 0xc7, 0xfe, 0xc6, 0xff, 0xc6,
    0xfe, 0xc6, 0xff, 0xc6, 0x1f, 0xcf, 0x3f, 0xcf, 0x3f, 0xcf, 0x3f, 0xcf,
    0x1f, 0xcf, 0x1e, 0xc7, 0x1e, 0xc7, 0x1e, 0xc7, 0x1f, 0xcf, 0x1e, 0xc7,
    0x1f, 0xcf, 0x1f, 0xc7, 0x1e, 0xcf, 0x1f, 0xcf, 0x1f, 0xc7, 0x1e, 0xc7,
    0x1e, 0xc7, 0x1f, 0xc7, 0xff, 0xc6, 0x1f, 0xc7, 0x1f, 0xc7, 0xfe, 0xbe,
    0x7c, 0x75, 0x7b, 0x6d, 0x7c, 0x6d, 0x5b, 0x6d, 0x5b, 0x6d, 0x7c, 0x75,
    0x7b, 0x6d, 0x5b, 0x6d, 0x5b, 0x6d, 0x5b, 0x6d, 0x5b, 0x6d, 0x5b, 0x6d,
    0x5b, 0x6d, 0x9e, 0xae, 0x3f, 0xd7, 0x1e, 0xcf, 0x1f, 0xcf, 0x1f, 0xcf,
    0x1f, 0xcf, 0x1f, 0xcf, 0x1e, 0xcf, 0x1f, 0xcf, 0x1f, 0xcf, 0x1f, 0xcf,
    0x1f, 0xcf, 0x1e, 0xcf, 0x1f, 0xc7, 0x1f, 0xcf, 0x3f, 0xcf, 0x3f, 0xd7,
    0x3f, 0xd7, 0x3f, 0xcf, 0x1f, 0xcf, 0x1f, 0xcf, 0x1f, 0xcf, 0x3f, 0xcf,
    0x3f, 0xcf, 0x3f, 0xcf, 0x3f, 0xcf, 0x3f, 0xd7, 0x3f, 0xd7, 0x3f, 0xd7,
    0x3f, 0xcf, 0x3f, 0xcf, 0x1e, 0xcf, 0x3f, 0xcf, 0x3f, 0xd7, 0x3f, 0xcf,
    0x1e, 0xc7, 0x1f, 0xcf, 0x1f, 0xcf, 0x1f, 0xcf, 0x3e, 0xcf, 0x3f, 0xcf,
    0x1f, 0xcf, 0x1f, 0xcf, 0x3f, 0xcf, 0x1f, 0xcf, 0x1f, 0xd7, 0x1f, 0xcf,
    0x3f, 0xcf, 0x1e, 0xcf, 0x3f, 0xcf, 0x3f, 0xd7, 0x3e, 0xcf, 0x3f, 0xcf,
    0x3f, 0xd7, 0x3f, 0xcf, 0x3f, 0xcf, 0x3e, 0xd7, 0x3f, 0xcf, 0x3f, 0xcf,
    0x3f, 0xd7, 0x3f, 0xd7, 0x5f, 0xd7, 0x3f, 0xd7, 0x3f, 0xd7, 0x3f, 0xd7,
    0x5f, 0xcf, 0x3f, 0xcf, 0x5f, 0xd7, 0x3f, 0xcf, 0x3f, 0xd7, 0x3f, 0xd7,
    0x3f, 0xd7, 0x3f, 0xd7, 0x3f, 0xcf, 0x3f, 0xd7, 0x5f, 0xd7, 0x3f, 0xd7,
    0x3f, 0xd7, 0x5f, 0xd7, 0x5f, 0xd7, 0x3f, 0xd7, 0x5f, 0xd7, 0x5f, 0xd7,
    0x5f, 0xd7, 0x3f, 0xd7, 0x5f, 0xdf, 0x5f, 0xd7, 0xbe, 0xb6, 0xbe, 0xb6,
    0xbe, 0xb6, 0xbe, 0xb6, 0xbf, 0xb6, 0xbe, 0xb6, 0xbe, 0xb6, 0xbe, 0xb6,
    0xbe, 0xae, 0xbe, 0xae, 0xbe, 0xb6, 0xbe, 0xae, 0xbf, 0xb6, 0xbe, 0xb6,
    0xbe, 0xae, 0xbe, 0xb6, 0xbe, 0xb6, 0xbe, 0xae, 0xbe, 0xb6, 0xbe, 0xb6,
    0xbe, 0xb6, 0xbf, 0xae, 0xdf, 0xb6, 0x7e, 0xa6, 0x5d, 0x9e, 0x5e, 0xa6,
    0x5e, 0x9e, 0x3d, 0x96, 0x1d, 0x8e, 0xfd, 0x8d, 0xfd, 0x8d, 0x1d, 0x8e,
    0x1d, 0x8e, 0xfd, 0x8d, 0xfc, 0x8d, 0x1d, 0x8e, 0x1d, 0x8e, 0xfd, 0x8d,
    0xfd, 0x8d, 0x1d, 0x8e, 0x3d, 0x96, 0x1d, 0x8e, 0x1d, 0x8e, 0x1d, 0x8e,
    0xfd, 0x8d, 0x3d, 0x96, 0xfd, 0x8d, 0xfd, 0x85, 0xfd, 0x85, 0x1d, 0x8e,
    0x3d, 0x96, 0x1d, 0x8e, 0xfd, 0x8d, 0xfd, 0x8d, 0x1d, 0x8e, 0x1d, 0x96,
    0xfd, 0x85, 0xfd, 0x8d, 0xfd, 0x8d, 0x3d, 0x96, 0x1d, 0x96, 0xfd, 0x85,
    0xfd, 0x8d, 0xfc, 0x8d, 0xfd, 0x8d, 0x1d, 0x8e, 0x1d, 0x8e, 0x1d, 0x8e,
    0x1d, 0x86, 0x7f, 0xe7, 0xff, 0xff, 0xff, 0xff, 0xff, 0xff, 0xff, 0xff,
    0xff, 0xff, 0xff, 0xff, 0xff, 0xff, 0xff, 0xff, 0xff, 0xff, 0x5f, 0xdf,
    0x9e, 0xae, 0xbe, 0xae, 0xbe, 0xb6, 0xbe, 0xae, 0xbe, 0xae, 0xbe, 0xae,
    0xbe, 0xae, 0xbe, 0xb6, 0xbf, 0xb6, 0xde, 0xb6, 0xbe, 0xb6, 0xbe, 0xb6,
    0xde, 0xb6, 0xff, 0xbe, 0xff, 0xc6, 0xfe, 0xbe, 0xff, 0xbe, 0xff, 0xbe,
    0xfe, 0xbe, 0xfe, 0xbe, 0xfe, 0xbe, 0xde, 0xbe, 0xff, 0xbe, 0xfe, 0xbe,
    0xff, 0xc6, 0xfe, 0xbe, 0xfe, 0xbe, 0xfe, 0xbe, 0xfe, 0xbe, 0xfe, 0xc6,
    0xff, 0xc6, 0xff, 0xc6, 0xfe, 0xc6, 0x1e, 0xc7, 0x1f, 0xc7, 0x1f, 0xcf,
    0x3f, 0xcf, 0x3f, 0xcf, 0x3f, 0xcf, 0x1f, 0xcf, 0x1e, 0xc7, 0x1f, 0xc7,
    0x1e, 0xc7, 0xff, 0xc6, 0xff, 0xc6, 0x1f, 0xc7, 0x1f, 0xcf, 0x1e, 0xcf,
    0x1f, 0xc7, 0x1f, 0xc7, 0xfe, 0xc6, 0xfe, 0xc6, 0xff, 0xc6, 0xff, 0xc6,
    0x1e, 0xc7, 0xfe, 0xc6, 0xff, 0xc6, 0x1f, 0xcf, 0x1f, 0xcf, 0x9e, 0xb6,
    0x7c, 0x75, 0x7b, 0x6d, 0x7c, 0x6d, 0x5b, 0x6d, 0x7b, 0x6d, 0x7c, 0x75,
    0x5b, 0x6d, 0x5b, 0x6d, 0x5b, 0x6d, 0x7b, 0x6d, 0x7b, 0x6d, 0x5b, 0x6d,
    0x7b, 0x75, 0xbe, 0xb6, 0x1f, 0xcf, 0x1f, 0xc7, 0x1f, 0xc7, 0x1e, 0xcf,
    0x1f, 0xc7, 0x1f, 0xcf, 0x3f, 0xcf, 0x1f, 0xcf, 0x3e, 0xcf, 0x1f, 0xcf,
    0x3f, 0xcf, 0x1f, 0xcf, 0x3f, 0xcf, 0x3e, 0xcf, 0x1f, 0xcf, 0x1f, 0xcf,
    0x1e, 0xc7, 0x1f, 0xcf, 0x1e, 0xcf, 0x3e, 0xcf, 0x3f, 0xcf, 0x3f, 0xcf,
    0x3f, 0xd7, 0x3f, 0xd7, 0x3f, 0xd7, 0x3f, 0xcf, 0x3e, 0xcf, 0x1e, 0xcf,
    0x1f, 0xcf, 0x1f, 0xcf, 0x1e, 0xcf, 0x1f, 0xcf, 0x1e, 0xcf, 0x1e, 0xcf,
    0x1f, 0xcf, 0x1f, 0xcf, 0x1e, 0xcf, 0x3f, 0xcf, 0x3f, 0xcf, 0x1f, 0xcf,
    0x3e, 0xcf, 0x1f, 0xcf, 0x1f, 0xcf, 0x3f, 0xcf, 0x3e, 0xcf, 0x1f, 0xcf,
    0x3f, 0xcf, 0x1e, 0xcf, 0x1f, 0xcf, 0x3f, 0xcf, 0x1f, 0xcf, 0x3f, 0xd7,
    0x3f, 0xd7, 0x3f, 0xcf, 0x3f, 0xd7, 0x3f, 0xcf, 0x3f, 0xcf, 0x3f, 0xcf,
    0x3e, 0xd7, 0x3f, 0xcf, 0x3e, 0xcf, 0x3f, 0xcf, 0x3f, 0xd7, 0x3f, 0xcf,
    0x3f, 0xd7, 0x3f, 0xd7, 0x3f, 0xcf, 0x3f, 0xd7, 0x3f, 0xcf, 0x5f, 0xcf,
    0x5f, 0xd7, 0x3f, 0xcf, 0x3f, 0xcf, 0x5e, 0xd7, 0x3f, 0xcf, 0x3f, 0xcf,
    0x3e, 0xd7, 0x5f, 0xd7, 0x5f, 0xd7, 0x3f, 0xd7, 0x3f, 0xd7, 0x5f, 0xd7,
    0x5f, 0xd7, 0x5f, 0xdf, 0x1f, 0xcf, 0xbe, 0xb6, 0xbe, 0xb6, 0xbe, 0xb6,
    0xbe, 0xb6, 0xbe, 0xb6, 0xbe, 0xb6, 0xbe, 0xae, 0xbe, 0xae, 0xbf, 0xb6,
    0x9e, 0xae, 0x9e, 0xae, 0xbe, 0xb6, 0xbf, 0xb6, 0xbe, 0xb6, 0x9e, 0xae,
    0xbe, 0xae, 0xbf, 0xae, 0xbe, 0xb6, 0xbe, 0xb6, 0xbf, 0xb6, 0xbe, 0xae,
    0xbe, 0xae, 0xbe, 0xb6, 0x9e, 0xae, 0x5e, 0x9e, 0x5d, 0xa6, 0x5e, 0x9e,
    0x5d, 0x9e, 0x5d, 0x9e, 0x1d, 0x96, 0x1d, 0x8e, 0x1d, 0x8e, 0x1d, 0x96,
    0x1d, 0x8e, 0x1d, 0x8e, 0x1d, 0x8e, 0x1d, 0x8e, 0x1d, 0x8e, 0xfd, 0x8d,
    0x1d, 0x8e, 0xfd, 0x8d, 0xfd, 0x8d, 0xfd, 0x8d, 0x1d, 0x8e, 0xfd, 0x8d,
    0xfd, 0x85, 0xfc, 0x85, 0xfd, 0x8d, 0xfd, 0x8d, 0xfc, 0x8d, 0xfd, 0x8d,
    0xfd, 0x85, 0x1d, 0x8e, 0xfd, 0x8d, 0xfd, 0x85, 0xfd, 0x85, 0xfd, 0x85,
    0xfd, 0x8d, 0xfd, 0x85, 0xfc, 0x8d, 0xfd, 0x8d, 0xfd, 0x8d, 0xfd, 0x8d,
    0xfc, 0x85, 0xfd, 0x8d, 0xfd, 0x8d, 0x1d, 0x8e, 0x1d, 0x8e, 0x1d, 0x8e,
    0x1d, 0x86, 0x7f, 0xe7, 0xff, 0xff, 0xff, 0xff, 0xff, 0xff, 0xff, 0xff,
    0xff, 0xff, 0xff, 0xff, 0xff, 0xff, 0xff, 0xff, 0xff, 0xff, 0x5f, 0xdf,
    0x9e, 0xae, 0xbe, 0xae, 0xbf, 0xae, 0xbe, 0xae, 0xbe, 0xb6, 0xbe, 0xb6,
    0x9e, 0xae, 0xbe, 0xae, 0xbf, 0xae, 0xdf, 0xb6, 0xff, 0xc6, 0x1f, 0xc7,
    0x1f, 0xcf, 0x1f, 0xcf, 0xff, 0xc6, 0xde, 0xb6, 0xde, 0xbe, 0xde, 0xbe,
    0xde, 0xbe, 0xdf, 0xbe, 0xde, 0xbe, 0xdf, 0xbe, 0xde, 0xbe, 0xde, 0xbe,
    0xde, 0xbe, 0xdf, 0xbe, 0xff, 0xbe, 0xff, 0xbe, 0xff, 0xbe, 0xfe, 0xbe,
    0xff, 0xc6, 0x1f, 0xc7, 0x1f, 0xcf, 0x1f, 0xcf, 0x3f, 0xcf, 0x1f, 0xcf,
    0x1f, 0xc7, 0xfe, 0xc6, 0xfe, 0xc6, 0xff, 0xc6, 0xff, 0xc6, 0x1e, 0xc7,
    0x1f, 0xc7, 0x1f, 0xc7, 0x1e, 0xc7, 0xff, 0xc6, 0xff, 0xc6, 0xfe, 0xc6,
    0xfe, 0xc6, 0xff, 0xc6, 0xff, 0xc6, 0xfe, 0xc6, 0x1f, 0xc7, 0xff, 0xc6,
    0xff, 0xc6, 0x1e, 0xc7, 0x1f, 0xc7, 0xff, 0xce, 0xfe, 0xc6, 0x9b, 0x75,
    0x5b, 0x6d, 0x5b, 0x6d, 0x7b, 0x6d, 0x7c, 0x6d, 0x7b, 0x75, 0x5b, 0x65,
    0x5b, 0x6d, 0x5b, 0x6d, 0x5b, 0x6d, 0x5b, 0x6d, 0x5c, 0x65, 0x7b, 0x6d,
    0xdc, 0x85, 0xff, 0xc6, 0x1f, 0xcf, 0x1f, 0xc7, 0x1e, 0xc7, 0x1f, 0xcf,
    0x1f, 0xc7, 0x1e, 0xc7, 0x1f, 0xcf, 0x1f, 0xc7, 0x1f, 0xcf, 0x3e, 0xcf,
    0x1f, 0xcf, 0x3f, 0xcf, 0x1e, 0xc7, 0x1f, 0xcf, 0x1f, 0xcf, 0x1f, 0xc7,
    0x1e, 0xcf, 0x1f, 0xcf, 0x1f, 0xcf, 0x3f, 0xcf, 0x3f, 0xcf, 0x3f, 0xd7,
    0x3f, 0xd7, 0x3f, 0xcf, 0x3f, 0xcf, 0x1f, 0xcf, 0x1f, 0xcf, 0x3f, 0xcf,
    0x1f, 0xcf, 0x3e, 0xcf, 0x1f, 0xcf, 0x1f, 0xc7, 0x1f, 0xcf, 0x1f, 0xcf,
    0x1f, 0xcf, 0x1f, 0xcf, 0x1f, 0xcf, 0x3e, 0xcf, 0x1f, 0xcf, 0x1f, 0xcf,
    0x1f, 0xcf, 0x1e, 0xcf, 0x1f, 0xcf, 0x1f, 0xcf, 0x3e, 0xcf, 0x1f, 0xcf,
    0x1f, 0xcf, 0x1f, 0xd7, 0x1f, 0xcf, 0x3e, 0xcf, 0x1f, 0xcf, 0x3e, 0xcf,
    0x3e, 0xcf, 0x1f, 0xcf, 0x3f, 0xcf, 0x3e, 0xcf, 0x3f, 0xd7, 0x3f, 0xd7,
    0x3f, 0xcf, 0x3f, 0xd7, 0x3f, 0xd7, 0x3f, 0xcf, 0x3f, 0xcf, 0x3f, 0xd7,
    0x3f, 0xcf, 0x3f, 0xd7, 0x3f, 0xcf, 0x3f, 0xd7, 0x3f, 0xcf, 0x3f, 0xcf,
    0x3f, 0xd7, 0x3f, 0xd7, 0x3f, 0xd7, 0x3f, 0xd7, 0x3f, 0xd7, 0x3f, 0xcf,
    0x3f, 0xd7, 0x5f, 0xcf, 0x3f, 0xd7, 0x5f, 0xcf, 0x3f, 0xcf, 0x5f, 0xd7,
    0x5f, 0xdf, 0xfe, 0xbe, 0x9e, 0xae, 0xbe, 0xb6, 0xbe, 0xb6, 0xbe, 0xb6,
    0xbe, 0xae, 0xbe, 0xae, 0xbe, 0xb6, 0x9e, 0xae, 0x9e, 0xae, 0xbe, 0xb6,
    0x9e, 0xae, 0xbe, 0xae, 0xbe, 0xae, 0xbe, 0xb6, 0x9e, 0xae, 0x9e, 0xae,
    0xbe, 0xae, 0xbe, 0xae, 0xbf, 0xae, 0xbe, 0xb6, 0xbe, 0xae, 0xbf, 0xae,
    0x9e, 0xae, 0xbe, 0xb6, 0x7e, 0xa6, 0x5d, 0x9e, 0x5e, 0x9e, 0x5d, 0x9e,
    0x5e, 0x9e, 0x5e, 0x9e, 0x5d, 0x9e, 0xfd, 0x8d, 0x1d, 0x8e, 0x1d, 0x96,
    0x1d, 0x8e, 0xfd, 0x8d, 0x1d, 0x8e, 0x1d, 0x8e, 0xfd, 0x8d, 0x1d, 0x8e,
    0x1c, 0x8e, 0xfd, 0x8d, 0xfc, 0x8d, 0x1d, 0x8e, 0xfd, 0x85, 0xfc, 0x8d,
    0x1d, 0x8e, 0x1d, 0x8e, 0xfd, 0x8d, 0xfd, 0x85, 0xfd, 0x8d, 0xfc, 0x8d,
    0xfd, 0x8d, 0xfd, 0x8d, 0xfc, 0x8d, 0xfd, 0x8d, 0xfd, 0x85, 0xfd, 0x8d,
    0x1d, 0x8e, 0xfd, 0x85, 0xfc, 0x8d, 0x1d, 0x8e, 0xfd, 0x85, 0x1c, 0x8e,
    0xfd, 0x85, 0xfd, 0x8d, 0x1d, 0x8e, 0xfd, 0x85, 0x1d, 0x8e, 0x1d, 0x8e,
    0xfd, 0x85, 0x7f, 0xe7, 0xff, 0xff, 0xff, 0xff, 0xff, 0xff, 0xff, 0xff,
    0xff, 0xff, 0xff, 0xff, 0xff, 0xff, 0xff, 0xff, 0xff, 0xff, 0x5f, 0xdf,
    0x9e, 0xa6, 0xbe, 0xae, 0x9e, 0xb6, 0xbe, 0xae, 0x9e, 0xae, 0xbf, 0xae,
    0xdf, 0xbe, 0xff, 0xc6, 0x1f, 0xcf, 0x1f, 0xc7, 0xfe, 0xc6, 0xde, 0xb6,
    0xbe, 0xb6, 0xbe, 0xae, 0xbe, 0xae, 0xbe, 0xb6, 0xbe, 0xb6, 0xde, 0xb6,
    0xdf, 0xb6, 0xbe, 0xb6, 0xdf, 0xb6, 0xdf, 0xbe, 0xde, 0xbe, 0xdf, 0xbe,
    0xff, 0xbe, 0xfe, 0xbe, 0xde, 0xbe, 0xff, 0xc6, 0x1f, 0xc7, 0x1f, 0xcf,
    0x1f, 0xcf, 0x3f, 0xcf, 0x1f, 0xc7, 0xfe, 0xc6, 0xfe, 0xbe, 0xff, 0xc6,
    0xfe, 0xc6, 0xff, 0xc6, 0xff, 0xc6, 0x1e, 0xc7, 0xff, 0xc6, 0xff, 0xc6,
    0xfe, 0xc6, 0xff, 0xc6, 0xfe, 0xc6, 0xfe, 0xbe, 0xdf, 0xbe, 0xde, 0xbe,
    0xff, 0xc6, 0xff, 0xc6, 0xfe, 0xc6, 0x1f, 0xc7, 0x1e, 0xc7, 0xff, 0xc6,
    0xff, 0xc6, 0x1e, 0xc7, 0xff, 0xc6, 0x1f, 0xc7, 0xde, 0xbe, 0x9c, 0x75,
    0x7b, 0x65, 0x5c, 0x65, 0x5b, 0x6d, 0x5b, 0x6d, 0x5b, 0x6d, 0x7b, 0x65,
    0x5b, 0x65, 0x5b, 0x65, 0x5b, 0x65, 0x5b, 0x6d, 0x7b, 0x6d, 0xbc, 0x7d,
    0x7e, 0xa6, 0x1f, 0xcf, 0x1e, 0xc7, 0xff, 0xc6, 0x1e, 0xcf, 0x1f, 0xcf,
    0x1f, 0xcf, 0x1f, 0xcf, 0x1e, 0xc7, 0x1f, 0xcf, 0x1f, 0xc7, 0x1f, 0xc7,
    0x1f, 0xc7, 0x1e, 0xc7, 0x1f, 0xcf, 0x1f, 0xc7, 0x1f, 0xcf, 0x1e, 0xc7,
    0x1f, 0xcf, 0x3f, 0xcf, 0x3f, 0xcf, 0x3f, 0xcf, 0x3f, 0xcf, 0x1f, 0xcf,
    0x1f, 0xcf, 0x3e, 0xcf, 0x3f, 0xcf, 0x1f, 0xcf, 0x1e, 0xcf, 0x1f, 0xcf,
    0x1f, 0xcf, 0x3f, 0xcf, 0x1f, 0xc7, 0x1e, 0xcf, 0x1f, 0xcf, 0x3f, 0xc7,
    0x1e, 0xc7, 0x1f, 0xcf, 0x1f, 0xcf, 0x1f, 0xcf, 0x3f, 0xcf, 0x1f, 0xcf,
    0x1f, 0xcf, 0x3f, 0xcf, 0x1f, 0xcf, 0x1f, 0xcf, 0x1f, 0xcf, 0x1e, 0xcf,
    0x1e, 0xcf, 0x3f, 0xcf, 0x1f, 0xcf, 0x3f, 0xcf, 0x1f, 0xcf, 0x1f, 0xcf,
    0x1f, 0xcf, 0x1f, 0xcf, 0x1e, 0xcf, 0x1f, 0xcf, 0x1f, 0xd7, 0x3f, 0xcf,
    0x3f, 0xcf, 0x1f, 0xd7, 0x3f, 0xd7, 0x3e, 0xcf, 0x3f, 0xd7, 0x3f, 0xcf,
    0x3e, 0xcf, 0x3f, 0xcf, 0x3f, 0xcf, 0x3e, 0xd7, 0x3f, 0xd7, 0x3f, 0xcf,
    0x3f, 0xd7, 0x3f, 0xd7, 0x3f, 0xcf, 0x3f, 0xd7, 0x3f, 0xd7, 0x3f, 0xd7,
    0x3f, 0xcf, 0x5f, 0xd7, 0x3f, 0xd7, 0x3f, 0xd7, 0x7f, 0xdf, 0x3f, 0xcf,
    0xbe, 0xb6, 0x9e, 0xae, 0xbe, 0xb6, 0xbe, 0xb6, 0xbe, 0xb6, 0x9e, 0xae,
    0x9e, 0xae, 0xbe, 0xae, 0xbe, 0xb6, 0x9e, 0xae, 0xbe, 0xae, 0x9e, 0xae,
    0xbe, 0xae, 0x9e, 0xae, 0xbf, 0xb6, 0x9e, 0xae, 0xbe, 0xae, 0xbe, 0xae,
    0x9e, 0xb6, 0xbe, 0xb6, 0xbe, 0xae, 0xbe, 0xb6, 0xbe, 0xb6, 0xbe, 0xae,
    0xbe, 0xb6, 0xbf, 0xb6, 0x5e, 0x9e, 0x5d, 0x9e, 0x5e, 0xa6, 0x5d, 0xa6,
    0x5e, 0x9e, 0x5e, 0x9e, 0x5d, 0x9e, 0x3d, 0x96, 0xfd, 0x8d, 0x1d, 0x8e,
    0xfd, 0x8d, 0xfd, 0x8d, 0x1d, 0x8e, 0x1d, 0x8e, 0xfd, 0x8d, 0xfd, 0x8d,
    0x1d, 0x8e, 0xfd, 0x8d, 0xfd, 0x8d, 0xfd, 0x85, 0xfd, 0x85, 0xfd, 0x8d,
    0xfd, 0x8d, 0x1d, 0x8e, 0xfd, 0x8d, 0xfc, 0x8d, 0x1d, 0x8e, 0x1d, 0x8e,
    0xfd, 0x8d, 0xfd, 0x8d, 0xfc, 0x85, 0xfd, 0x8d, 0xfd, 0x8d, 0xfc, 0x85,
    0xfd, 0x85, 0xfd, 0x8d, 0xfc, 0x85, 0xfd, 0x85, 0xfd, 0x8d, 0xfd, 0x8d,
    0xfd, 0x8d, 0x1d, 0x8e, 0xfc, 0x85, 0xfd, 0x8d, 0xfd, 0x8d, 0x1d, 0x8e,
    0x1d, 0x86, 0x7f, 0xe7, 0xff, 0xff, 0xff, 0xff, 0xff, 0xff, 0xff, 0xff,
    0xff, 0xff, 0xff, 0xff, 0xff, 0xff, 0xff, 0xff, 0xff, 0xff, 0x5f, 0xd7,
    0x9e, 0xa6, 0x9e, 0xae, 0x9e, 0xae, 0xbf, 0xb6, 0x1f, 0xcf, 0x1f, 0xc7,
    0xfe, 0xc6, 0xde, 0xbe, 0xbe, 0xae, 0x9e, 0xa6, 0x9e, 0xa6, 0x9e, 0xae,
    0x9e, 0xae, 0xbe, 0xae, 0xbe, 0xae, 0xbe, 0xb6, 0xbe, 0xb6, 0xbe, 0xb6,
    0xbe, 0xb6, 0xbe, 0xb6, 0xde, 0xbe, 0xff, 0xbe, 0xff, 0xbe, 0xff, 0xbe,
    0xff, 0xc6, 0xfe, 0xc6, 0xff, 0xc6, 0x1f, 0xc7, 0x1f, 0xcf, 0xfe, 0xc6,
    0xff, 0xbe, 0xfe, 0xbe, 0xfe, 0xc6, 0xff, 0xc6, 0xff, 0xc6, 0xfe, 0xbe,
    0xff, 0xc6, 0xfe, 0xc6, 0xff, 0xbe, 0xfe, 0xbe, 0xde, 0xbe, 0xde, 0xbe,
    0xdf, 0xb6, 0xde, 0xbe, 0xdf, 0xbe, 0xde, 0xbe, 0xfe, 0xbe, 0xff, 0xc6,
    0xff, 0xc6, 0xfe, 0xc6, 0xff, 0xc6, 0x1f, 0xc7, 0xfe, 0xc6, 0xfe, 0xc6,
    0xfe, 0xc6, 0x1f, 0xc7, 0x1f, 0xc7, 0xff, 0xc6, 0xfe, 0xc6, 0x9c, 0x75,
    0x5b, 0x65, 0x7b, 0x6d, 0x5b, 0x6d, 0x5b, 0x65, 0x7c, 0x6d, 0x5b, 0x6d,
    0x5b, 0x65, 0x5b, 0x65, 0x7c, 0x75, 0x9c, 0x75, 0xbc, 0x7d, 0x1d, 0x96,
    0x1f, 0xc7, 0x1f, 0xc7, 0x1e, 0xc7, 0x1f, 0xc7, 0x1f, 0xc7, 0x1f, 0xc7,
    0x1e, 0xc7, 0x1f, 0xcf, 0x1f, 0xc7, 0x1e, 0xcf, 0x1f, 0xcf, 0x1f, 0xcf,
    0x1f, 0xcf, 0x1f, 0xc7, 0x1f, 0xc7, 0x1f, 0xcf, 0x3f, 0xcf, 0x3f, 0xcf,
    0x3f, 0xcf, 0x3f, 0xcf, 0x1f, 0xcf, 0x1f, 0xcf, 0x1e, 0xcf, 0x1f, 0xcf,
    0x3f, 0xcf, 0x1f, 0xcf, 0x1e, 0xcf, 0x1f, 0xcf, 0x3f, 0xcf, 0x1e, 0xcf,
    0x1f, 0xcf, 0x1e, 0xc7, 0x1e, 0xcf, 0x1f, 0xcf, 0x1f, 0xcf, 0x1f, 0xcf,
    0x1e, 0xcf, 0x1e, 0xc7, 0x1f, 0xcf, 0x1f, 0xcf, 0x1e, 0xcf, 0x1f, 0xcf,
    0x1e, 0xcf, 0x3f, 0xcf, 0x1e, 0xcf, 0x1f, 0xcf, 0x1f, 0xcf, 0x1f, 0xcf,
    0x1f, 0xcf, 0x1e, 0xcf, 0x1f, 0xcf, 0x1f, 0xcf, 0x1f, 0xcf, 0x1e, 0xd7,
    0x1f, 0xcf, 0x1f, 0xcf, 0x3f, 0xd7, 0x1f, 0xcf, 0x3e, 0xcf, 0x1f, 0xcf,
    0x1e, 0xcf, 0x3f, 0xcf, 0x1f, 0xcf, 0x3f, 0xcf, 0x3f, 0xd7, 0x3f, 0xcf,
    0x3f, 0xd7, 0x3f, 0xd7, 0x3f, 0xcf, 0x3f, 0xd7, 0x3f, 0xcf, 0x3f, 0xd7,
    0x3e, 0xcf, 0x3f, 0xcf, 0x3f, 0xd7, 0x3e, 0xcf, 0x5f, 0xd7, 0x3f, 0xd7,
    0x3f, 0xcf, 0x3f, 0xcf, 0x5f, 0xd7, 0x5f, 0xdf, 0x1f, 0xc7, 0xbe, 0xae,
    0xbe, 0xb6, 0xbe, 0xb6, 0xbe, 0xb6, 0xbe, 0xb6, 0xbe, 0xae, 0x9e, 0xae,
    0x9e, 0xae, 0xbe, 0xae, 0x9e, 0xae, 0x9e, 0xae, 0x9e, 0xae, 0x9e, 0xae,
    0x9e, 0xae, 0xbe, 0xb6, 0x9e, 0xb6, 0x9e, 0xae, 0xbe, 0xae, 0x9e, 0xae,
    0x9e, 0xae, 0x9e, 0xae, 0xbe, 0xae, 0xbe, 0xae, 0x9e, 0xae, 0xbe, 0xae,
    0xbf, 0xb6, 0x7e, 0xa6, 0x5d, 0x9e, 0x5e, 0x9e, 0x5d, 0x9e, 0x5d, 0xa6,
    0x5d, 0x9e, 0x5e, 0x9e, 0x5d, 0x9e, 0x5d, 0x9e, 0x1d, 0x96, 0x1d, 0x8e,
    0x1d, 0x8e, 0x1d, 0x8e, 0x1d, 0x8e, 0x1d, 0x8e, 0x1d, 0x8e, 0x1d, 0x8e,
    0xfd, 0x8d, 0x1d, 0x8e, 0xfd, 0x85, 0xfc, 0x8d, 0x1d, 0x8e, 0xfd, 0x8d,
    0xfc, 0x85, 0x1d, 0x8e, 0x1d, 0x8e, 0xfd, 0x8d, 0x1d, 0x8e, 0x1d, 0x8e,
    0x1d, 0x8e, 0xfd, 0x85, 0xfc, 0x85, 0x1d, 0x8e, 0x1d, 0x8e, 0x1d, 0x8e,
    0xfc, 0x85, 0xfd, 0x85, 0xfd, 0x85, 0xfd, 0x8d, 0xfc, 0x8d, 0xfd, 0x8d,
    0x1d, 0x8e, 0x1d, 0x8e, 0x1d, 0x8e, 0x1d, 0x8e, 0xfd, 0x8d, 0x1d, 0x8e,
    0x1d, 0x86, 0x7f, 0xe7, 0xff, 0xff, 0xff, 0xff, 0xff, 0xff, 0xff, 0xff,
    0xff, 0xff, 0xff, 0xff, 0xff, 0xff, 0xff, 0xff, 0xff, 0xff, 0x5f, 0xdf,
    0x7e, 0xa6, 0x9e, 0xae, 0x9e, 0xae, 0x9e, 0xae, 0xbe, 0xae, 0x9e, 0xa6,
    0x9e, 0xa6, 0x9e, 0xa6, 0x9e, 0xa6, 0x9e, 0xae, 0x9e, 0xae, 0x9e, 0xae,
    0x9e, 0xae, 0x9e, 0xae, 0x9e, 0xae, 0x9e, 0xae, 0x9e, 0xae, 0xbf, 0xb6,
    0xdf, 0xbe, 0xff, 0xbe, 0xff, 0xbe, 0xfe, 0xbe, 0xff, 0xbe, 0xff, 0xc6,
    0xfe, 0xc6, 0xff, 0xc6, 0xff, 0xbe, 0xfe, 0xbe, 0xde, 0xbe, 0xff, 0xbe,
    0xfe, 0xbe, 0xff, 0xc6, 0xff, 0xc6, 0xff, 0xc6, 0xfe, 0xbe, 0xff, 0xbe,
    0xde, 0xbe, 0xde, 0xb6, 0xde, 0xb6, 0xde, 0xb6, 0xdf, 0xb6, 0xde, 0xb6,
    0xde, 0xbe, 0xdf, 0xb6, 0xde, 0xb6, 0xdf, 0xbe, 0xff, 0xc6, 0xff, 0xbe,
    0xfe, 0xbe, 0xfe, 0xc6, 0x1f, 0xc7, 0xff, 0xc6, 0xff, 0xc6, 0x1f, 0xc7,
    0x1f, 0xc7, 0x1f, 0xcf, 0x1e, 0xcf, 0x1f, 0xcf, 0xff, 0xc6, 0xbc, 0x75,
    0x5b, 0x65, 0x5b, 0x6d, 0x5c, 0x6d, 0x7b, 0x6d, 0x7b, 0x6d, 0x5b, 0x65,
    0x5b, 0x6d, 0x9c, 0x75, 0xbc, 0x7d, 0xdc, 0x85, 0x5d, 0xa6, 0x1f, 0xc7,
    0x1f, 0xcf, 0x1e, 0xcf, 0xff, 0xc6, 0xff, 0xc6, 0xff, 0xc6, 0x1e, 0xc7,
    0x1e, 0xc7, 0x1f, 0xc7, 0x1f, 0xc7, 0x1e, 0xc7, 0x1e, 0xc7, 0x1f, 0xc7,
    0x1e, 0xcf, 0x3f, 0xcf, 0x3e, 0xcf, 0x3f, 0xcf, 0x3f, 0xcf, 0x1e, 0xcf,
    0x1e, 0xc7, 0x1e, 0xcf, 0x1f, 0xcf, 0x1f, 0xcf, 0x1f, 0xcf, 0x1f, 0xcf,
    0x1f, 0xcf, 0x1f, 0xcf, 0x1f, 0xcf, 0x1f, 0xcf, 0x1f, 0xcf, 0x1e, 0xc7,
    0x1f, 0xcf, 0x1f, 0xcf, 0x1f, 0xc7, 0x1f, 0xc7, 0x1f, 0xcf, 0x1e, 0xcf,
    0x1f, 0xcf, 0x1f, 0xcf, 0x1e, 0xc7, 0x1e, 0xc7, 0x1f, 0xcf, 0x1f, 0xcf,
    0x1f, 0xcf, 0x1e, 0xcf, 0x1f, 0xcf, 0x1f, 0xcf, 0x1e, 0xcf, 0x1f, 0xcf,
    0x1f, 0xcf, 0x1f, 0xcf, 0x1e, 0xcf, 0x3f, 0xcf, 0x3f, 0xcf, 0x1e, 0xcf,
    0x3f, 0xcf, 0x1f, 0xcf, 0x1e, 0xcf, 0x3e, 0xcf, 0x3f, 0xcf, 0x1f, 0xcf,
    0x3f, 0xcf, 0x3e, 0xcf, 0x1f, 0xcf, 0x1f, 0xcf, 0x3e, 0xcf, 0x3f, 0xcf,
    0x1f, 0xcf, 0x3f, 0xcf, 0x1f, 0xcf, 0x1f, 0xcf, 0x3f, 0xcf, 0x3f, 0xd7,
    0x3f, 0xd7, 0x3f, 0xcf, 0x3f, 0xd7, 0x3f, 0xd7, 0x3f, 0xcf, 0x5f, 0xcf,
    0x3f, 0xd7, 0x5f, 0xdf, 0x3f, 0xd7, 0xde, 0xb6, 0xbe, 0xae, 0xbf, 0xb6,
    0xbe, 0xb6, 0x9e, 0xae, 0x9e, 0xb6, 0xbe, 0xb6, 0x9e, 0xae, 0xbe, 0xae,
    0xbe, 0xb6, 0x9e, 0xae, 0x9e, 0xae, 0x9e, 0xae, 0x9e, 0xae, 0x9e, 0xae,
    0xbe, 0xae, 0xbe, 0xae, 0x9e, 0xae, 0x9e, 0xae, 0x9e, 0xae, 0x9e, 0xae,
    0x9e, 0xae, 0x9e, 0xae, 0x9e, 0xae, 0x9e, 0xae, 0x9e, 0xb6, 0xbf, 0xb6,
    0xbe, 0xb6, 0x5e, 0x9e, 0x5d, 0x9e, 0x5e, 0xa6, 0x5e, 0x9e, 0x5d, 0x9e,
    0x5e, 0x9e, 0x5d, 0xa6, 0x5d, 0x9e, 0x5e, 0xa6, 0x5d, 0x9e, 0x1d, 0x8e,
    0x1d, 0x8e, 0x1d, 0x96, 0x3d, 0x96, 0x1d, 0x96, 0x1d, 0x8e, 0x1d, 0x8e,
    0x1d, 0x8e, 0x1d, 0x8e, 0x7d, 0xa6, 0x3d, 0x96, 0xfd, 0x8d, 0x1d, 0x8e,
    0x3d, 0x8e, 0xbe, 0xb6, 0x3d, 0x96, 0xfd, 0x85, 0xfd, 0x85, 0x5d, 0x9e,
    0x9e, 0xae, 0x1d, 0x8e, 0xfd, 0x8d, 0xfd, 0x8d, 0x7d, 0x9e, 0x9e, 0xae,
    0xfd, 0x8d, 0xfd, 0x8d, 0xfc, 0x85, 0x5d, 0x9e, 0x7e, 0xa6, 0xfd, 0x85,
    0xfd, 0x8d, 0x1c, 0x86, 0xfd, 0x8d, 0xfd, 0x85, 0x1d, 0x8e, 0x1d, 0x8e,
    0xfd, 0x85, 0x9f, 0xe7, 0xff, 0xff, 0xff, 0xff, 0xff, 0xff, 0xff, 0xff,
    0xff, 0xff, 0xff, 0xff, 0xff, 0xff, 0xff, 0xff, 0xff, 0xff, 0x3f, 0xd7,
    0x5e, 0x9e, 0x7e, 0xa6, 0x9e, 0xa6, 0x7e, 0xa6, 0x7e, 0xa6, 0x9e, 0xae,
    0x9e, 0xae, 0x9e, 0xa6, 0x7e, 0xae, 0x9e, 0xae, 0x9e, 0xae, 0x9e, 0xa6,
    0x9e, 0xae, 0x9e, 0xae, 0x9e, 0xae, 0xbe, 0xb6, 0xdf, 0xbe, 0xff, 0xbe,
    0xde, 0xbe, 0xff, 0xbe, 0xff, 0xbe, 0xfe, 0xc6, 0xfe, 0xbe, 0xff, 0xbe,
    0xde, 0xbe, 0xfe, 0xbe, 0xdf, 0xbe, 0xde, 0xbe, 0xfe, 0xbe, 0xff, 0xc6,
    0xff, 0xc6, 0xfe, 0xbe, 0xde, 0xb6, 0xbe, 0xb6, 0xbe, 0xb6, 0xbe, 0xae,
    0xbe, 0xb6, 0xbe, 0xb6, 0xbe, 0xb6, 0xbf, 0xb6, 0xde, 0xb6, 0xde, 0xb6,
    0xdf, 0xbe, 0xde, 0xbe, 0xff, 0xbe, 0xfe, 0xc6, 0xfe, 0xc6, 0xfe, 0xc6,
    0xff, 0xc6, 0xff, 0xc6, 0xfe, 0xbe, 0xfe, 0xc6, 0x1f, 0xc7, 0x1f, 0xc7,
    0x1f, 0xcf, 0x1f, 0xcf, 0x1f, 0xcf, 0x1e, 0xc7, 0xff, 0xc6, 0xbc, 0x7d,
    0x5b, 0x65, 0x5b, 0x6d, 0x5b, 0x6d, 0x7c, 0x6d, 0x5b, 0x65, 0x5b, 0x6d,
    0x9c, 0x75, 0xdc, 0x85, 0x9e, 0xae, 0xff, 0xc6, 0x1f, 0xcf, 0x1f, 0xc7,
    0x1e, 0xc7, 0xff, 0xc6, 0x1f, 0xc7, 0x1e, 0xc7, 0xff, 0xce, 0xff, 0xc6,
    0xff, 0xce, 0xfe, 0xc6, 0xff, 0xc6, 0x1f, 0xc7, 0x1f, 0xc7, 0x1f, 0xcf,
    0x3f, 0xcf, 0x1f, 0xcf, 0x1f, 0xcf, 0xfe, 0xc6, 0xff, 0xc6, 0x1f, 0xc7,
    0x1f, 0xcf, 0x1e, 0xc7, 0x1f, 0xcf, 0x1f, 0xcf, 0x1e, 0xcf, 0x1f, 0xc7,
    0x1f, 0xcf, 0x1e, 0xcf, 0x1f, 0xc7, 0x1f, 0xcf, 0x1e, 0xcf, 0x1f, 0xc7,
    0x1f, 0xcf, 0x1e, 0xcf, 0x1f, 0xc7, 0x1f, 0xcf, 0x1e, 0xc7, 0x1f, 0xc7,
    0x1f, 0xc7, 0x1f, 0xcf, 0x1f, 0xcf, 0x1f, 0xc7, 0x1e, 0xcf, 0x1f, 0xcf,
    0x1f, 0xcf, 0x1f, 0xcf, 0x1f, 0xcf, 0x1f, 0xcf, 0x1e, 0xcf, 0x1f, 0xcf,
    0x1f, 0xcf, 0x1f, 0xcf, 0x3f, 0xcf, 0x1f, 0xcf, 0x1f, 0xcf, 0x1f, 0xcf,
    0x1f, 0xcf, 0x3f, 0xcf, 0x1f, 0xcf, 0x1f, 0xcf, 0x1f, 0xcf, 0x1f, 0xcf,
    0x1f, 0xcf, 0x3f, 0xcf, 0x1e, 0xd7, 0x1f, 0xcf, 0x3f, 0xcf, 0x1f, 0xcf,
    0x3f, 0xcf, 0x3e, 0xcf, 0x3f, 0xd7, 0x1f, 0xcf, 0x3e, 0xcf, 0x3f, 0xcf,
    0x3f, 0xd7, 0x3f, 0xd7, 0x3f, 0xcf, 0x3f, 0xd7, 0x3f, 0xcf, 0x5f, 0xd7,
    0x5f, 0xdf, 0x1e, 0xc7, 0xbe, 0xae, 0xbe, 0xb6, 0xbe, 0xb6, 0xbe, 0xb6,
    0xbe, 0xae, 0xbe, 0xae, 0x9e, 0xb6, 0x9e, 0xae, 0xbe, 0xae, 0x9e, 0xae,
    0x9e, 0xae, 0x9e, 0xae, 0x9e, 0xae, 0x9e, 0xae, 0x9e, 0xae, 0x9e, 0xae,
    0xbe, 0xae, 0x9e, 0xae, 0x9e, 0xae, 0x9e, 0xae, 0x9e, 0xae, 0x9e, 0xae,
    0x9e, 0xae, 0x9e, 0xae, 0x9e, 0xae, 0xbe, 0xae, 0xbe, 0xae, 0xbf, 0xb6,
    0x9e, 0xa6, 0x5d, 0x9e, 0x5e, 0x9e, 0x5d, 0x9e, 0x5d, 0x9e, 0x5e, 0x9e,
    0x5d, 0x9e, 0x5d, 0x9e, 0x5e, 0x9e, 0x5d, 0x9e, 0x3d, 0x9e, 0x1d, 0x96,
    0x1d, 0x8e, 0x1d, 0x8e, 0x1d, 0x96, 0x1d, 0x8e, 0x1d, 0x8e, 0x1d, 0x8e,
    0x1d, 0x8e, 0x1d, 0x8e, 0x5d, 0x9e, 0x1d, 0x8e, 0x1d, 0x86, 0xfd, 0x8d,
    0x1d, 0x8e, 0x7d, 0xa6, 0x1d, 0x8e, 0xfd, 0x8d, 0xfd, 0x8d, 0x3d, 0x8e,
    0x5d, 0x9e, 0x1d, 0x8e, 0xfd, 0x8d, 0xfd, 0x8d, 0x1d, 0x8e, 0x5d, 0x96,
    0xfd, 0x8d, 0x1d, 0x8e, 0xfd, 0x85, 0x3d, 0x96, 0x3d, 0x96, 0xfd, 0x8d,
    0xfd, 0x85, 0xfc, 0x8d, 0xfd, 0x8d, 0x1d, 0x8e, 0x1d, 0x8e, 0x1d, 0x8e,
    0x1d, 0x8e, 0x9f, 0xe7, 0xff, 0xff, 0xff, 0xff, 0xff, 0xff, 0xff, 0xff,
    0xff, 0xff, 0xff, 0xff, 0xff, 0xff, 0xff, 0xff, 0xff, 0xff, 0x7f, 0xdf,
    0x5d, 0x9e, 0x9e, 0xa6, 0x9e, 0xa6, 0x7e, 0xa6, 0x7e, 0xa6, 0x7e, 0xa6,
    0x7e, 0xa6, 0x9e, 0xa6, 0x9e, 0xae, 0x9e, 0xa6, 0x9e, 0xae, 0x9e, 0xae,
    0xbe, 0xae, 0xdf, 0xb6, 0xdf, 0xbe, 0xfe, 0xbe, 0xff, 0xbe, 0xde, 0xbe,
    0xde, 0xbe, 0xde, 0xbe, 0xdf, 0xbe, 0xde, 0xbe, 0xff, 0xbe, 0xdf, 0xbe,
    0xff, 0xbe, 0xfe, 0xbe, 0xff, 0xbe, 0xdf, 0xbe, 0xde, 0xbe, 0xde, 0xb6,
    0xbe, 0xae, 0x9e, 0xae, 0x9e, 0xa6, 0x9e, 0xae, 0x9e, 0xae, 0xbe, 0xae,
    0xbe, 0xae, 0xbe, 0xb6, 0xbe, 0xb6, 0xbe, 0xb6, 0xdf, 0xbe, 0xdf, 0xbe,
    0xff, 0xbe, 0xfe, 0xc6, 0xff, 0xbe, 0xff, 0xbe, 0xfe, 0xbe, 0xfe, 0xbe,
    0xff, 0xc6, 0x1f, 0xc7, 0x1f, 0xc7, 0x1e, 0xc7, 0xff, 0xc6, 0xfe, 0xc6,
    0xfe, 0xc6, 0xff, 0xc6, 0xfe, 0xc6, 0xff, 0xc6, 0x1f, 0xcf, 0xdc, 0x7d,
    0x3b, 0x65, 0x5b, 0x65, 0x7b, 0x6d, 0x7b, 0x6d, 0x7c, 0x6d, 0x9c, 0x7d,
    0xdc, 0x85, 0xde, 0xbe, 0x3f, 0xcf, 0x1f, 0xc7, 0x1e, 0xc7, 0xff, 0xc6,
    0xff, 0xc6, 0x1e, 0xc7, 0xff, 0xc6, 0x1f, 0xc7, 0x1e, 0xc7, 0x1f, 0xc7,
    0x1f, 0xc7, 0xfe, 0xc6, 0x1e, 0xcf, 0x1f, 0xcf, 0x1f, 0xcf, 0x1f, 0xcf,
    0x1f, 0xc7, 0xfe, 0xc6, 0xff, 0xc6, 0x1f, 0xcf, 0x1e, 0xc7, 0x1f, 0xc7,
    0x1f, 0xcf, 0x1f, 0xcf, 0x1e, 0xc7, 0x1f, 0xc7, 0x1e, 0xcf, 0x1f, 0xc7,
    0x3f, 0xcf, 0x1e, 0xcf, 0x1f, 0xc7, 0x1f, 0xc7, 0x1f, 0xc7, 0x1e, 0xc7,
    0x1f, 0xc7, 0x1e, 0xc7, 0x1f, 0xcf, 0x1e, 0xcf, 0x1f, 0xcf, 0x1f, 0xcf,
    0x1e, 0xc7, 0x1e, 0xc7, 0x1f, 0xcf, 0x1f, 0xcf, 0x1e, 0xc7, 0x1f, 0xc7,
    0x1f, 0xcf, 0x1e, 0xc7, 0x1f, 0xc7, 0x1f, 0xc7, 0x1f, 0xcf, 0x1e, 0xc7,
    0x1f, 0xcf, 0x1e, 0xcf, 0x1f, 0xcf, 0x1e, 0xcf, 0x1f, 0xcf, 0x3f, 0xcf,
    0x1e, 0xcf, 0x1f, 0xcf, 0x1f, 0xcf, 0x1f, 0xcf, 0x1e, 0xcf, 0x1f, 0xcf,
    0x1f, 0xcf, 0x3f, 0xcf, 0x1f, 0xcf, 0x3f, 0xcf, 0x1f, 0xcf, 0x1f, 0xcf,
    0x3f, 0xd7, 0x3f, 0xcf, 0x3f, 0xcf, 0x3e, 0xd7, 0x3f, 0xd7, 0x3f, 0xcf,
    0x3f, 0xcf, 0x3e, 0xd7, 0x3f, 0xcf, 0x3f, 0xd7, 0x5f, 0xdf, 0x3f, 0xd7,
    0xde, 0xb6, 0xbe, 0xae, 0xbe, 0xb6, 0xbe, 0xb6, 0xbf, 0xb6, 0xbe, 0xae,
    0xbe, 0xae, 0xbe, 0xb6, 0xbe, 0xae, 0x9e, 0xae, 0xbe, 0xae, 0x9e, 0xae,
    0x9e, 0xae, 0x9e, 0xae, 0x9e, 0xae, 0x9e, 0xae, 0xbe, 0xae, 0xbe, 0xae,
    0x9e, 0xae, 0x9e, 0xae, 0x9e, 0xae, 0x9e, 0xae, 0x9e, 0xae, 0x9e, 0xae,
    0x9e, 0xae, 0x9e, 0xae, 0x9e, 0xae, 0x9e, 0xae, 0x9e, 0xae, 0xbe, 0xae,
    0x5e, 0x9e, 0x5e, 0x9e, 0x5e, 0x9e, 0x5d, 0x9e, 0x5d, 0x9e, 0x5d, 0x9e,
    0x5e, 0x9e, 0x5d, 0x9e, 0x3e, 0x9e, 0x3d, 0x9e, 0x3d, 0x9e, 0x3d, 0x96,
    0x1d, 0x96, 0x1d, 0x8e, 0x1d, 0x8e, 0x1d, 0x8e, 0xfd, 0x8d, 0xfd, 0x8d,
    0x1d, 0x8e, 0x1d, 0x8e, 0x1d, 0x8e, 0xfd, 0x8d, 0xfd, 0x8d, 0xfd, 0x8d,
    0xfd, 0x8d, 0xfd, 0x85, 0xfd, 0x8d, 0xfd, 0x8d, 0xfd, 0x85, 0xfd, 0x85,
    0xfd, 0x8d, 0x1d, 0x8e, 0x1d, 0x8e, 0xfd, 0x8d, 0xfd, 0x85, 0xdc, 0x85,
    0xfd, 0x8d, 0x1d, 0x8e, 0xfd, 0x8d, 0xfd, 0x85, 0xfd, 0x85, 0xfd, 0x8d,
    0xfd, 0x8d, 0xfd, 0x85, 0xfd, 0x8d, 0x1d, 0x8e, 0x1d, 0x8e, 0xfd, 0x8d,
    0x3d, 0x8e, 0xbf, 0xf7, 0xff, 0xff, 0xff, 0xff, 0xff, 0xff, 0xff, 0xff,
    0xff, 0xff, 0xff, 0xff, 0xff, 0xff, 0xff, 0xff, 0xff, 0xff, 0x9f, 0xe7,
    0x7e, 0xa6, 0x9e, 0xa6, 0x7e, 0xa6, 0x9e, 0xa6, 0x7e, 0xa6, 0x7d, 0xa6,
    0x7e, 0xa6, 0x9e, 0xae, 0x9e, 0xae, 0xbe, 0xb6, 0xbe, 0xb6, 0xde, 0xb6,
    0xdf, 0xbe, 0xde, 0xbe, 0xde, 0xbe, 0xdf, 0xbe, 0xde, 0xbe, 0xdf, 0xbe,
    0xff, 0xbe, 0xfe, 0xbe, 0xfe, 0xbe, 0xdf, 0xbe, 0xde, 0xbe, 0xff, 0xbe,
    0xde, 0xbe, 0xbe, 0xb6, 0xbe, 0xae, 0x9e, 0xae, 0x7e, 0xa6, 0x7e, 0xa6,
    0x7e, 0xa6, 0x9e, 0xa6, 0x9e, 0xae, 0x9e, 0xae, 0x9e, 0xae, 0x9e, 0xae,
    0x9e, 0xae, 0xbf, 0xb6, 0xdf, 0xb6, 0xdf, 0xbe, 0xfe, 0xbe, 0xff, 0xc6,
    0xfe, 0xbe, 0xfe, 0xbe, 0xdf, 0xbe, 0xfe, 0xc6, 0xff, 0xc6, 0xff, 0xc6,
    0xfe, 0xc6, 0xfe, 0xc6, 0xde, 0xbe, 0xdf, 0xbe, 0xfe, 0xbe, 0xff, 0xc6,
    0xff, 0xc6, 0xfe, 0xbe, 0xff, 0xbe, 0x1f, 0xc7, 0xfe, 0xc6, 0xdc, 0x85,
    0x7c, 0x75, 0x7c, 0x75, 0xbc, 0x75, 0xbc, 0x7d, 0xdc, 0x85, 0xdc, 0x7d,
    0x5d, 0x9e, 0x1f, 0xcf, 0xff, 0xc6, 0xfe, 0xc6, 0xff, 0xc6, 0xfe, 0xc6,
    0xff, 0xc6, 0xfe, 0xc6, 0x1f, 0xc7, 0xff, 0xce, 0x1f, 0xc7, 0x1f, 0xcf,
    0x1f, 0xcf, 0x3f, 0xcf, 0x1f, 0xcf, 0x1f, 0xc7, 0xfe, 0xc6, 0xfe, 0xc6,
    0x1f, 0xc7, 0x1e, 0xc7, 0xff, 0xc6, 0x1e, 0xc7, 0x1f, 0xcf, 0xfe, 0xce,
    0x1f, 0xc7, 0x1e, 0xc7, 0x1f, 0xc7, 0x1f, 0xcf, 0x1f, 0xc7, 0x1f, 0xc7,
    0x1f, 0xcf, 0x1f, 0xc7, 0x1e, 0xcf, 0x1f, 0xcf, 0x1f, 0xcf, 0x1f, 0xc7,
    0x1e, 0xc7, 0xff, 0xce, 0xff, 0xc6, 0x1e, 0xcf, 0x1f, 0xc7, 0x1f, 0xcf,
    0x1e, 0xcf, 0x1f, 0xc7, 0x1f, 0xc7, 0x1f, 0xcf, 0x1e, 0xcf, 0x1f, 0xc7,
    0x1f, 0xc7, 0x1e, 0xcf, 0x1f, 0xcf, 0x1e, 0xcf, 0x1f, 0xc7, 0x1f, 0xcf,
    0x1f, 0xcf, 0x1f, 0xc7, 0x3e, 0xcf, 0x1f, 0xcf, 0x1e, 0xcf, 0x1f, 0xcf,
    0x3f, 0xcf, 0x1f, 0xcf, 0x1e, 0xcf, 0x3f, 0xcf, 0x3f, 0xcf, 0x1e, 0xcf,
    0x1f, 0xcf, 0x1e, 0xcf, 0x1f, 0xcf, 0x3f, 0xcf, 0x3e, 0xcf, 0x1f, 0xcf,
    0x3f, 0xd7, 0x3f, 0xcf, 0x1f, 0xcf, 0x3f, 0xcf, 0x3f, 0xd7, 0x3f, 0xd7,
    0x3e, 0xcf, 0x3f, 0xcf, 0x5f, 0xd7, 0x5f, 0xdf, 0x1f, 0xc7, 0xbe, 0xae,
    0xbe, 0xae, 0xbe, 0xb6, 0xbe, 0xb6, 0xbf, 0xae, 0xbe, 0xae, 0xbe, 0xb6,
    0x9f, 0xb6, 0x9e, 0xae, 0x9e, 0xae, 0xbe, 0xae, 0xbe, 0xae, 0x9e, 0xb6,
    0x9e, 0xae, 0x9e, 0xae, 0x9e, 0xae, 0xbe, 0xae, 0x9e, 0xae, 0x9e, 0xae,
    0x9e, 0xae, 0x9e, 0xae, 0x9e, 0xa6, 0x9e, 0xae, 0x7e, 0xae, 0x9e, 0xae,
    0x9e, 0xae, 0x9e, 0xae, 0x9e, 0xa6, 0x9e, 0xa6, 0xbf, 0xb6, 0x7e, 0xa6,
    0x5d, 0x9e, 0x5e, 0xa6, 0x5d, 0x9e, 0x5e, 0xa6, 0x5d, 0x9e, 0x5e, 0x9e,
    0x5d, 0x9e, 0x3d, 0x9e, 0x3d, 0x9e, 0x3e, 0x96, 0x3d, 0x96, 0x3d, 0x96,
    0x3d, 0x96, 0x1d, 0x96, 0x1d, 0x8e, 0x1d, 0x8e, 0x1d, 0x8e, 0xfd, 0x8d,
    0x1d, 0x8e, 0x1d, 0x8e, 0x1d, 0x8e, 0x1d, 0x8e, 0x1d, 0x8e, 0x1c, 0x8e,
    0xfd, 0x8d, 0xfd, 0x8d, 0x1d, 0x8e, 0xfd, 0x8d, 0xfc, 0x85, 0xfd, 0x8d,
    0xfd, 0x8d, 0x1d, 0x8e, 0xfd, 0x8d, 0xfc, 0x85, 0xfd, 0x8d, 0xfd, 0x8d,
    0x1d, 0x8e, 0xfd, 0x8d, 0xfd, 0x8d, 0x1d, 0x8e, 0xfc, 0x8d, 0xfc, 0x85,
    0xfd, 0x85, 0xfd, 0x8d, 0x1d, 0x8e, 0xfd, 0x8d, 0x1d, 0x8e, 0xfd, 0x85,
    0x5d, 0x9e, 0xff, 0xff, 0xff, 0xff, 0xff, 0xff, 0xff, 0xff, 0xff, 0xff,
    0xff, 0xff, 0xff, 0xff, 0xff, 0xff, 0xff, 0xff, 0xff, 0xff, 0xdf, 0xf7,
    0x9e, 0xae, 0x7e, 0xa6, 0x7e, 0xa6, 0x7e, 0xa6, 0x7e, 0xa6, 0x9e, 0xae,
    0x9e, 0xae, 0xbe, 0xb6, 0xde, 0xb6, 0xde, 0xb6, 0xdf, 0xbe, 0xde, 0xb6,
    0xdf, 0xbe, 0xdf, 0xbe, 0xde, 0xb6, 0xde, 0xbe, 0xdf, 0xbe, 0xff, 0xbe,
    0xfe, 0xbe, 0xff, 0xbe, 0xff, 0xbe, 0xde, 0xbe, 0xbe, 0xb6, 0x9e, 0xae,
    0x7e, 0xa6, 0x7e, 0xa6, 0x7e, 0xa6, 0x7e, 0xa6, 0x7e, 0xa6, 0x9e, 0xa6,
    0x7e, 0xa6, 0x7e, 0xa6, 0x7e, 0xa6, 0x7e, 0xa6, 0x9e, 0xae, 0xbe, 0xae,
    0xde, 0xb6, 0xdf, 0xbe, 0xde, 0xbe, 0xfe, 0xbe, 0xdf, 0xbe, 0xdf, 0xbe,
    0xff, 0xbe, 0xff, 0xc6, 0x1e, 0xc7, 0x1f, 0xcf, 0xfe, 0xc6, 0xbe, 0xb6,
    0xbe, 0xb6, 0xde, 0xb6, 0xdf, 0xbe, 0xff, 0xc6, 0x1f, 0xc7, 0xff, 0xc6,
    0xff, 0xc6, 0x1e, 0xbf, 0x1f, 0xc7, 0x1f, 0xc7, 0xde, 0xbe, 0xdc, 0x85,
    0xdc, 0x85, 0xfd, 0x8d, 0xfc, 0x8d, 0xfc, 0x85, 0xdc, 0x85, 0xfc, 0x8d,
    0x9e, 0xae, 0xde, 0xb6, 0xfe, 0xbe, 0xff, 0xc6, 0xff, 0xc6, 0x1f, 0xc7,
    0xfe, 0xc6, 0xff, 0xc6, 0x1e, 0xc7, 0x1f, 0xcf, 0x1f, 0xcf, 0x1f, 0xcf,
    0x1f, 0xc7, 0xff, 0xc6, 0xff, 0xc6, 0xff, 0xc6, 0x1e, 0xc7, 0xff, 0xc6,
    0xff, 0xc6, 0x1f, 0xcf, 0xfe, 0xc6, 0xff, 0xc6, 0x1f, 0xc7, 0xff, 0xc6,
    0x1f, 0xc7, 0x1e, 0xcf, 0x1f, 0xcf, 0x1e, 0xc7, 0x1e, 0xcf, 0x1f, 0xcf,
    0x1f, 0xc7, 0x1e, 0xc7, 0x1f, 0xc7, 0x1e, 0xcf, 0xfe, 0xc6, 0x1f, 0xc7,
    0xff, 0xce, 0xff, 0xc6, 0x1f, 0xc7, 0x1f, 0xc7, 0xff, 0xc6, 0xff, 0xc6,
    0x1e, 0xcf, 0x1f, 0xcf, 0xff, 0xc6, 0x1f, 0xcf, 0x1e, 0xc7, 0x1f, 0xcf,
    0x1f, 0xcf, 0x1f, 0xc7, 0x1e, 0xc7, 0x1f, 0xcf, 0x1f, 0xcf, 0x1f, 0xcf,
    0x1e, 0xcf, 0x1f, 0xc7, 0x1f, 0xcf, 0x1f, 0xcf, 0x1e, 0xc7, 0x1f, 0xcf,
    0x1f, 0xcf, 0x1f, 0xcf, 0x1f, 0xcf, 0x1f, 0xcf, 0x1f, 0xcf, 0x3f, 0xcf,
    0x1f, 0xcf, 0x1e, 0xcf, 0x1f, 0xcf, 0x1f, 0xcf, 0x3f, 0xcf, 0x1f, 0xcf,
    0x1f, 0xcf, 0x3e, 0xcf, 0x3f, 0xcf, 0x1f, 0xcf, 0x3f, 0xcf, 0x3e, 0xcf,
    0x3f, 0xd7, 0x5f, 0xd7, 0x3f, 0xd7, 0xde, 0xb6, 0xbe, 0xae, 0xbe, 0xb6,
    0xbf, 0xb6, 0xbe, 0xb6, 0xbe, 0xae, 0x9e, 0xae, 0xbe, 0xb6, 0xbe, 0xb6,
    0x9e, 0xae, 0x9e, 0xae, 0x9e, 0xae, 0x9e, 0xae, 0x9e, 0xae, 0x9e, 0xae,
    0x9e, 0xae, 0x9e, 0xae, 0x9e, 0xae, 0xbe, 0xae, 0x7e, 0xae, 0x9e, 0xae,
    0x7e, 0xae, 0x7e, 0xa6, 0x7e, 0xa6, 0x7e, 0xa6, 0x9e, 0xae, 0x9e, 0xa6,
    0x9e, 0xa6, 0x9e, 0xae, 0x7e, 0xa6, 0x9e, 0xae, 0x9e, 0xae, 0x5e, 0x9e,
    0x5d, 0x9e, 0x5e, 0x9e, 0x5e, 0x9e, 0x5d, 0x9e, 0x5d, 0x9e, 0x3e, 0x9e,
    0x3d, 0x9e, 0x5d, 0x9e, 0x3d, 0x9e, 0x3d, 0x96, 0x3d, 0x96, 0x3d, 0x96,
    0x3d, 0x96, 0x1d, 0x96, 0xfd, 0x8d, 0x1d, 0x8e, 0x1d, 0x8e, 0x1d, 0x8e,
    0x1d, 0x8e, 0x1d, 0x8e, 0xfd, 0x8d, 0x1d, 0x8e, 0x1d, 0x8e, 0xfd, 0x8d,
    0xfc, 0x8d, 0xfd, 0x85, 0x1d, 0x8e, 0xfd, 0x85, 0xfd, 0x8d, 0xfc, 0x8d,
    0xfd, 0x85, 0xfd, 0x85, 0xfc, 0x8d, 0xfd, 0x8d, 0x1d, 0x8e, 0xfd, 0x8d,
    0xfd, 0x85, 0xfd, 0x8d, 0x1d, 0x8e, 0xfd, 0x8d, 0xfc, 0x8d, 0xfd, 0x85,
    0xfd, 0x85, 0xfc, 0x8d, 0xfd, 0x85, 0x1d, 0x8e, 0xfd, 0x85, 0xfd, 0x85,
    0x9e, 0xae, 0xff, 0xff, 0xff, 0xff, 0xff, 0xff, 0xff, 0xff, 0xff, 0xff,
    0xff, 0xff, 0xff, 0xff, 0xff, 0xff, 0xff, 0xff, 0xff, 0xff, 0xff, 0xff,
    0xbe, 0xb6, 0x7e, 0xa6, 0x9e, 0xa6, 0x9e, 0xae, 0xbe, 0xae, 0xbe, 0xae,
    0xbe, 0xb6, 0xbe, 0xb6, 0xbe, 0xb6, 0xbe, 0xb6, 0xdf, 0xb6, 0xdf, 0xbe,
    0xde, 0xbe, 0xdf, 0xb6, 0xde, 0xbe, 0xdf, 0xbe, 0xfe, 0xbe, 0xde, 0xbe,
    0xde, 0xb6, 0xbe, 0xae, 0x7e, 0xae, 0x7e, 0xa6, 0x7e, 0x9e, 0x7e, 0x9e,
    0x7e, 0xa6, 0x7e, 0xa6, 0x7e, 0xa6, 0x7e, 0xa6, 0x7e, 0xa6, 0x7d, 0xa6,
    0x7e, 0xa6, 0x7d, 0xa6, 0x7e, 0xa6, 0xbe, 0xae, 0xde, 0xb6, 0xde, 0xbe,
    0xdf, 0xbe, 0xde, 0xbe, 0xde, 0xb6, 0xdf, 0xb6, 0xfe, 0xbe, 0x1e, 0xcf,
    0x1f, 0xcf, 0xfe, 0xbe, 0xbe, 0xb6, 0xbe, 0xae, 0xbe, 0xb6, 0xdf, 0xb6,
    0xff, 0xbe, 0xff, 0xc6, 0xff, 0xbe, 0xfe, 0xc6, 0x1f, 0xc7, 0x1f, 0xc7,
    0xfe, 0xc6, 0xfe, 0xbe, 0xde, 0xbe, 0x9e, 0xae, 0x5e, 0x9e, 0xfd, 0x8d,
    0xfd, 0x85, 0xfc, 0x8d, 0xfc, 0x85, 0xdd, 0x85, 0xfd, 0x8d, 0x7e, 0xa6,
    0xde, 0xb6, 0xff, 0xbe, 0xff, 0xc6, 0x1e, 0xc7, 0xff, 0xc6, 0xfe, 0xc6,
    0xfe, 0xc6, 0x1f, 0xc7, 0x1f, 0xcf, 0x1e, 0xcf, 0x1f, 0xc7, 0xfe, 0xc6,
    0xfe, 0xc6, 0x1f, 0xc7, 0x1e, 0xc7, 0x1e, 0xc7, 0x1f, 0xc7, 0xfe, 0xc6,
    0x1f, 0xc7, 0x1e, 0xcf, 0xfe, 0xc6, 0x1f, 0xc7, 0xfe, 0xc6, 0xfe, 0xc6,
    0xff, 0xce, 0xff, 0xc6, 0xff, 0xc6, 0x1e, 0xc7, 0xff, 0xce, 0x1e, 0xc7,
    0xfe, 0xc6, 0xff, 0xc6, 0xff, 0xc6, 0x1f, 0xc7, 0x1f, 0xcf, 0x1f, 0xcf,
    0xfe, 0xc6, 0x1e, 0xcf, 0xff, 0xc6, 0x1e, 0xcf, 0x1f, 0xc7, 0x1f, 0xc7,
    0xff, 0xc6, 0x1e, 0xcf, 0x1f, 0xcf, 0xfe, 0xc6, 0x1f, 0xc7, 0xfe, 0xc6,
    0x1f, 0xc7, 0xff, 0xce, 0x1e, 0xc7, 0x1f, 0xc7, 0x1f, 0xcf, 0x1e, 0xc7,
    0x1f, 0xc7, 0x1f, 0xcf, 0x1f, 0xcf, 0x1e, 0xc7, 0x1f, 0xcf, 0x1f, 0xcf,
    0x1e, 0xc7, 0x1e, 0xcf, 0x3f, 0xcf, 0x1f, 0xcf, 0x1e, 0xcf, 0x1f, 0xcf,
    0x1f, 0xcf, 0x3f, 0xcf, 0x1e, 0xcf, 0x1e, 0xcf, 0x3f, 0xcf, 0x3f, 0xcf,
    0x1f, 0xcf, 0x3e, 0xcf, 0x3f, 0xcf, 0x3f, 0xd7, 0x3f, 0xcf, 0x3f, 0xd7,
    0x5f, 0xd7, 0xff, 0xc6, 0xbe, 0xae, 0xbe, 0xae, 0xbf, 0xb6, 0xbe, 0xb6,
    0xbe, 0xb6, 0xbe, 0xb6, 0x9e, 0xae, 0x9e, 0xb6, 0x9e, 0xae, 0xbe, 0xae,
    0x9e, 0xae, 0x9e, 0xae, 0x9e, 0xae, 0x9e, 0xae, 0x9e, 0xae, 0x9e, 0xae,
    0x9e, 0xa6, 0x9e, 0xae, 0xbe, 0xae, 0x9e, 0xae, 0x7e, 0xa6, 0x7e, 0xa6,
    0x9e, 0xae, 0x9e, 0xae, 0x7e, 0xa6, 0x7d, 0xae, 0x9e, 0xa6, 0x7e, 0xa6,
    0x7e, 0xae, 0x7e, 0xa6, 0x9e, 0xa6, 0x9e, 0xb6, 0x5e, 0x9e, 0x5d, 0x9e,
    0x5d, 0x9e, 0x5e, 0x9e, 0x5d, 0x9e, 0x5d, 0x9e, 0x3d, 0x9e, 0x5d, 0x9e,
    0x3e, 0x9e, 0x3d, 0x96, 0x3e, 0x96, 0x3d, 0x96, 0x3d, 0x9e, 0x3e, 0x96,
    0x1d, 0x96, 0x1d, 0x96, 0x1d, 0x8e, 0x1d, 0x8e, 0x1d, 0x96, 0x1d, 0x8e,
    0x1d, 0x8e, 0x1d, 0x96, 0x1d, 0x96, 0x1d, 0x8e, 0x1d, 0x8e, 0x1d, 0x8e,
    0x1d, 0x8e, 0x1d, 0x8e, 0xfc, 0x8d, 0xfd, 0x8d, 0xfd, 0x85, 0x1d, 0x8e,
    0x1d, 0x8e, 0xfd, 0x8d, 0xfd, 0x8d, 0x1d, 0x8e, 0x1d, 0x8e, 0x1d, 0x8e,
    0xfc, 0x8d, 0xfc, 0x8d, 0xfd, 0x85, 0xfd, 0x8d, 0xfd, 0x8d, 0xfd, 0x8d,
    0xfd, 0x8d, 0x1c, 0x8e, 0x1d, 0x86, 0xfd, 0x8d, 0x1d, 0x8e, 0xfd, 0x85,
    0xfe, 0xc6, 0xff, 0xff, 0xff, 0xff, 0xff, 0xff, 0xff, 0xff, 0xff, 0xff,
    0xff, 0xff, 0xff, 0xff, 0xff, 0xff, 0xff, 0xff, 0xff, 0xff, 0xff, 0xff,
    0x3f, 0xd7, 0x9e, 0xa6, 0xbe, 0xae, 0x9e, 0xae, 0xbe, 0xae, 0xbe, 0xb6,
    0xbe, 0xae, 0xbe, 0xae, 0xbf, 0xb6, 0xbe, 0xb6, 0xbe, 0xb6, 0xde, 0xb6,
    0xde, 0xb6, 0xdf, 0xbe, 0xde, 0xbe, 0xde, 0xb6, 0xbe, 0xae, 0x7e, 0xa6,
    0x7e, 0xa6, 0x5e, 0x9e, 0x5e, 0x9e, 0x7e, 0xa6, 0x7e, 0xa6, 0x7e, 0xa6,
    0x7d, 0xa6, 0x7e, 0xa6, 0x7d, 0xa6, 0x7e, 0xa6, 0x7d, 0xa6, 0x7e, 0xa6,
    0x9e, 0xa6, 0xbe, 0xb6, 0xde, 0xb6, 0xde, 0xbe, 0xde, 0xbe, 0xdf, 0xb6,
    0xde, 0xb6, 0xdf, 0xbe, 0x1f, 0xc7, 0x1f, 0xcf, 0x1f, 0xcf, 0xde, 0xbe,
    0xbe, 0xae, 0x9e, 0xae, 0xbf, 0xb6, 0xdf, 0xbe, 0xff, 0xc6, 0xff, 0xc6,
    0xfe, 0xc6, 0xff, 0xc6, 0xfe, 0xc6, 0xff, 0xc6, 0xfe, 0xbe, 0xbe, 0xb6,
    0x7e, 0xa6, 0x3d, 0x9e, 0x1d, 0x96, 0x1d, 0x96, 0x1d, 0x8e, 0x3d, 0x96,
    0x3d, 0x96, 0x3d, 0x96, 0x5e, 0x9e, 0x9e, 0xae, 0xde, 0xbe, 0xfe, 0xc6,
    0xff, 0xc6, 0xff, 0xc6, 0xff, 0xc6, 0xfe, 0xc6, 0x1f, 0xc7, 0x1f, 0xc7,
    0x1f, 0xc7, 0xff, 0xc6, 0xfe, 0xc6, 0xff, 0xc6, 0xff, 0xc6, 0x1f, 0xc7,
    0xfe, 0xc6, 0x1f, 0xc7, 0xff, 0xc6, 0xff, 0xc6, 0x1f, 0xc7, 0xff, 0xc6,
    0xfe, 0xc6, 0x1f, 0xc7, 0xff, 0xc6, 0xfe, 0xc6, 0xfe, 0xc6, 0x1f, 0xc7,
    0xff, 0xc6, 0x1e, 0xc7, 0xff, 0xc6, 0xff, 0xc6, 0x1f, 0xc7, 0xff, 0xc6,
    0xfe, 0xce, 0x1f, 0xc7, 0xff, 0xc6, 0xff, 0xc6, 0x1f, 0xcf, 0x1f, 0xc7,
    0xff, 0xc6, 0x1e, 0xc7, 0x1f, 0xcf, 0xfe, 0xc6, 0xfe, 0xce, 0x1f, 0xc7,
    0x1f, 0xc7, 0xfe, 0xce, 0xff, 0xc6, 0xff, 0xc6, 0xfe, 0xce, 0x1f, 0xc7,
    0xfe, 0xc6, 0xff, 0xce, 0x1f, 0xcf, 0x1e, 0xc7, 0x1f, 0xc7, 0xff, 0xce,
    0x1e, 0xc7, 0x1e, 0xcf, 0x1f, 0xcf, 0x1f, 0xcf, 0x1f, 0xcf, 0x1e, 0xcf,
    0x1f, 0xc7, 0x1f, 0xcf, 0x1f, 0xcf, 0x1e, 0xcf, 0x1f, 0xcf, 0x1f, 0xcf,
    0x1e, 0xcf, 0x1f, 0xcf, 0x1f, 0xcf, 0x1e, 0xcf, 0x1f, 0xcf, 0x3f, 0xcf,
    0x1f, 0xcf, 0x1f, 0xcf, 0x3f, 0xcf, 0x3f, 0xcf, 0x3f, 0xd7, 0x1f, 0xcf,
    0xbe, 0xb6, 0xbe, 0xae, 0xbe, 0xb6, 0xbe, 0xb6, 0xbe, 0xb6, 0xbe, 0xae,
    0x9e, 0xae, 0xbe, 0xae, 0xbe, 0xb6, 0xbe, 0xb6, 0xbe, 0xae, 0x9e, 0xae,
    0x9e, 0xae, 0x9e, 0xae, 0xbe, 0xae, 0x9e, 0xae, 0x9e, 0xae, 0x9e, 0xa6,
    0x9e, 0xae, 0xbe, 0xb6, 0x7e, 0xae, 0x9e, 0xae, 0x7e, 0xa6, 0x7e, 0xa6,
    0x9e, 0xa6, 0x7e, 0xa6, 0x9e, 0xae, 0x9e, 0xa6, 0x7e, 0xa6, 0x9e, 0xa6,
    0x7d, 0xa6, 0x9e, 0xa6, 0xbe, 0xae, 0x7e, 0xa6, 0x3d, 0x9e, 0x5d, 0x9e,
    0x5e, 0x9e, 0x5e, 0x9e, 0x5d, 0x9e, 0x3d, 0x9e, 0x5e, 0x9e, 0x5d, 0x9e,
    0x5d, 0x9e, 0x3d, 0x96, 0x3d, 0x96, 0x3d, 0x96, 0x3d, 0x96, 0x3d, 0x96,
    0x1d, 0x96, 0x1d, 0x96, 0x1d, 0x96, 0x1d, 0x8e, 0x1d, 0x96, 0x1d, 0x8e,
    0x1d, 0x8e, 0x1d, 0x8e, 0x5d, 0xa6, 0x3d, 0x96, 0x1d, 0x8e, 0x1d, 0x8e,
    0x1d, 0x96, 0x7e, 0xa6, 0x1d, 0x8e, 0xfc, 0x8d, 0x1d, 0x8e, 0x3d, 0x96,
    0x5d, 0x9e, 0x1d, 0x8e, 0x1d, 0x8e, 0x1d, 0x86, 0x3d, 0x96, 0x5d, 0x9e,
    0x1d, 0x8e, 0x1d, 0x8e, 0xfd, 0x85, 0x3d, 0x96, 0x3d, 0x96, 0xfd, 0x85,
    0xfd, 0x8d, 0x1d, 0x8e, 0xfd, 0x85, 0xfd, 0x85, 0x1c, 0x86, 0xfd, 0x85,
    0x9f, 0xe7, 0xff, 0xff, 0xff, 0xff, 0xff, 0xff, 0xff, 0xff, 0xff, 0xff,
    0xff, 0xff, 0xff, 0xff, 0xff, 0xff, 0xff, 0xff, 0xff, 0xff, 0xff, 0xff,
    0xbf, 0xef, 0x7e, 0xa6, 0x9e, 0xae, 0xbe, 0xae, 0xbe, 0xb6, 0xbe, 0xae,
    0x9e, 0xae, 0xbe, 0xae, 0xbe, 0xae, 0xbe, 0xb6, 0xde, 0xb6, 0xbe, 0xb6,
    0xbe, 0xae, 0x9e, 0xa6, 0x7e, 0xa6, 0x5d, 0x9e, 0x5e, 0x9e, 0x5e, 0x9e,
    0x5d, 0x9e, 0x7e, 0xa6, 0x5d, 0x9e, 0x7e, 0x9e, 0x7e, 0xa6, 0x7d, 0xa6,
    0x7e, 0x9e, 0x7d, 0xa6, 0x7e, 0xa6, 0x7d, 0xa6, 0x9e, 0xa6, 0xbe, 0xae,
    0xde, 0xb6, 0xde, 0xbe, 0xde, 0xb6, 0xbf, 0xb6, 0xde, 0xb6, 0xff, 0xc6,
    0x3f, 0xcf, 0x3f, 0xcf, 0xde, 0xbe, 0xbe, 0xb6, 0x7e, 0xa6, 0xbe, 0xae,
    0xfe, 0xbe, 0xff, 0xc6, 0xff, 0xc6, 0xfe, 0xc6, 0xff, 0xc6, 0xfe, 0xc6,
    0xff, 0xc6, 0xde, 0xbe, 0xbe, 0xae, 0x7e, 0xa6, 0x3d, 0x96, 0x1d, 0x96,
    0x1d, 0x96, 0x3d, 0x96, 0x3d, 0x96, 0x3d, 0x96, 0x3d, 0x96, 0x5d, 0x9e,
    0x9e, 0xae, 0xbe, 0xb6, 0xfe, 0xbe, 0xff, 0xc6, 0xff, 0xc6, 0xfe, 0xc6,
    0xff, 0xbe, 0xfe, 0xc6, 0x1f, 0xc7, 0x1f, 0xcf, 0xff, 0xc6, 0xfe, 0xc6,
    0xfe, 0xc6, 0xfe, 0xc6, 0xfe, 0xbe, 0xff, 0xc6, 0xfe, 0xc6, 0xff, 0xc6,
    0x1f, 0xc7, 0xff, 0xc6, 0xfe, 0xc6, 0x1f, 0xc7, 0xfe, 0xc6, 0xff, 0xc6,
    0xff, 0xc6, 0xff, 0xc6, 0xff, 0xc6, 0xff, 0xc6, 0x1f, 0xc7, 0xff, 0xc6,
    0x1e, 0xc7, 0x1e, 0xcf, 0x1f, 0xc7, 0xfe, 0xce, 0xfe, 0xc6, 0x1f, 0xc7,
    0x1f, 0xc7, 0x1e, 0xcf, 0xfe, 0xc6, 0xfe, 0xc6, 0x1f, 0xc7, 0x1e, 0xc7,
    0xff, 0xc6, 0xff, 0xc6, 0x1f, 0xc7, 0xff, 0xc6, 0xfe, 0xce, 0x1f, 0xc7,
    0x1f, 0xcf, 0x1f, 0xc7, 0x1e, 0xc7, 0x1f, 0xcf, 0xff, 0xc6, 0x1f, 0xcf,
    0x1f, 0xc7, 0xfe, 0xc6, 0xff, 0xce, 0x1f, 0xcf, 0x1f, 0xc7, 0xfe, 0xce,
    0x1f, 0xcf, 0x1f, 0xc7, 0x1e, 0xc7, 0x1f, 0xc7, 0x1f, 0xcf, 0x1e, 0xcf,
    0x1f, 0xcf, 0x1f, 0xcf, 0x1f, 0xc7, 0x1f, 0xcf, 0x1f, 0xc7, 0x1f, 0xcf,
    0x1e, 0xcf, 0x1f, 0xcf, 0x3f, 0xcf, 0x1f, 0xcf, 0x1f, 0xcf, 0x3e, 0xcf,
    0x3f, 0xcf, 0x3f, 0xcf, 0x3f, 0xd7, 0x3f, 0xd7, 0xde, 0xbe, 0xbe, 0xae,
    0xbe, 0xb6, 0xbf, 0xb6, 0xbf, 0xb6, 0xbe, 0xb6, 0xbe, 0xb6, 0xbe, 0xae,
    0xbf, 0xae, 0xbe, 0xae, 0x9e, 0xae, 0xbf, 0xae, 0x9e, 0xae, 0x9e, 0xae,
    0x9e, 0xae, 0x9e, 0xae, 0x9e, 0xae, 0x9e, 0xa6, 0x9e, 0xa6, 0x9e, 0xae,
    0xbe, 0xae, 0x9e, 0xae, 0x7e, 0xae, 0x7e, 0xa6, 0x9e, 0xae, 0x9e, 0xae,
    0x7e, 0xa6, 0x7e, 0xa6, 0x9e, 0xae, 0x7d, 0xa6, 0x9e, 0xae, 0x7e, 0xa6,
    0x7e, 0xa6, 0x9e, 0xae, 0x9e, 0xae, 0x5d, 0x9e, 0x5d, 0x9e, 0x5e, 0x9e,
    0x3d, 0x9e, 0x5d, 0x9e, 0x5d, 0x9e, 0x3e, 0x9e, 0x5e, 0x9e, 0x3d, 0x9e,
    0x3d, 0x9e, 0x3d, 0x96, 0x3d, 0x9e, 0x3d, 0x96, 0x1d, 0x96, 0x1d, 0x96,
    0x1d, 0x96, 0x1d, 0x96, 0x1d, 0x8e, 0x1d, 0x8e, 0x1d, 0x96, 0x1d, 0x8e,
    0x1d, 0x8e, 0x1d, 0x8e, 0x1d, 0x96, 0x1d, 0x8e, 0x1d, 0x8e, 0x1d, 0x8e,
    0x1d, 0x8e, 0x3d, 0x96, 0x1d, 0x8e, 0x1d, 0x8e, 0xfd, 0x8d, 0x1d, 0x8e,
    0x1d, 0x8e, 0x1d, 0x8e, 0xfd, 0x8d, 0xfd, 0x8d, 0x1d, 0x8e, 0x1d, 0x8e,
    0xfd, 0x8d, 0xfd, 0x8d, 0xfd, 0x85, 0x1d, 0x8e, 0x1d, 0x8e, 0x1d, 0x8e,
    0x1d, 0x8e, 0xfd, 0x8d, 0xfd, 0x8d, 0x1d, 0x8e, 0xfc, 0x85, 0x5d, 0x9e,
    0xff, 0xff, 0xff, 0xff, 0xff, 0xff, 0xff, 0xff, 0xff, 0xff, 0xff, 0xff,
    0xff, 0xff, 0xff, 0xff, 0xff, 0xff, 0xff, 0xff, 0xff, 0xff, 0xff, 0xff,
    0xff, 0xff, 0xfe, 0xc6, 0x9e, 0xae, 0xbe, 0xb6, 0xbe, 0xae, 0xbf, 0xae,
    0xbe, 0xb6, 0xbe, 0xae, 0x9e, 0xae, 0x9e, 0xae, 0x7e, 0xa6, 0x7e, 0x9e,
    0x5e, 0x9e, 0x5d, 0x9e, 0x5d, 0x9e, 0x5e, 0x9e, 0x5d, 0x9e, 0x7d, 0x9e,
    0x5e, 0xa6, 0x7e, 0xa6, 0x7e, 0x9e, 0x7d, 0xa6, 0x5e, 0xa6, 0x7e, 0xa6,
    0x7e, 0xa6, 0x7e, 0xa6, 0x9e, 0xa6, 0xbe, 0xae, 0xbe, 0xb6, 0xbe, 0xb6,
    0xde, 0xb6, 0xdf, 0xb6, 0xff, 0xbe, 0x1f, 0xcf, 0x1f, 0xcf, 0xfe, 0xc6,
    0xbe, 0xb6, 0x9e, 0xae, 0x9e, 0xae, 0xde, 0xbe, 0xff, 0xbe, 0xfe, 0xbe,
    0xff, 0xc6, 0xff, 0xc6, 0xfe, 0xc6, 0xfe, 0xbe, 0xde, 0xb6, 0x9e, 0xa6,
    0x5d, 0x9e, 0x3d, 0x96, 0x3d, 0x96, 0x3d, 0x96, 0x1d, 0x8e, 0x3d, 0x96,
    0x3d, 0x96, 0x3d, 0x96, 0x3d, 0x96, 0x5e, 0x9e, 0x9e, 0xae, 0xde, 0xbe,
    0xff, 0xbe, 0xff, 0xbe, 0xff, 0xc6, 0xfe, 0xc6, 0xff, 0xbe, 0xff, 0xc6,
    0x1e, 0xc7, 0x1f, 0xc7, 0xfe, 0xc6, 0xff, 0xc6, 0xfe, 0xbe, 0xff, 0xc6,
    0xff, 0xc6, 0xfe, 0xc6, 0xff, 0xc6, 0xfe, 0xbe, 0xfe, 0xc6, 0xff, 0xc6,
    0x1e, 0xc7, 0xff, 0xc6, 0xff, 0xc6, 0xfe, 0xc6, 0x1f, 0xc7, 0xfe, 0xc6,
    0xfe, 0xce, 0xfe, 0xc6, 0x1e, 0xc7, 0xff, 0xc6, 0xfe, 0xc6, 0xfe, 0xc6,
    0x1f, 0xc7, 0xff, 0xc6, 0xfe, 0xc6, 0xfe, 0xc6, 0xff, 0xc6, 0xfe, 0xc6,
    0xff, 0xc6, 0xff, 0xc6, 0xff, 0xc6, 0xfe, 0xce, 0x1f, 0xc7, 0x1e, 0xc7,
    0xfe, 0xce, 0x1f, 0xc7, 0x1f, 0xc7, 0x1f, 0xcf, 0xff, 0xc6, 0x1e, 0xc7,
    0x1f, 0xcf, 0xff, 0xc6, 0x1e, 0xc7, 0xff, 0xc6, 0x1e, 0xc7, 0xff, 0xce,
    0x1e, 0xc7, 0x1f, 0xc7, 0x1e, 0xcf, 0x1f, 0xc7, 0x1e, 0xc7, 0x1f, 0xcf,
    0x1f, 0xc7, 0xff, 0xc6, 0x1e, 0xcf, 0x1f, 0xcf, 0x1f, 0xc7, 0x1f, 0xcf,
    0x1e, 0xcf, 0x1f, 0xc7, 0x1e, 0xcf, 0x1e, 0xc7, 0x1f, 0xcf, 0x1f, 0xcf,
    0x1e, 0xcf, 0x1f, 0xcf, 0x1f, 0xcf, 0x1f, 0xcf, 0x3e, 0xcf, 0x1f, 0xcf,
    0x3f, 0xcf, 0x3f, 0xd7, 0x1e, 0xc7, 0xbe, 0xb6, 0xbe, 0xae, 0xbe, 0xb6,
    0xbf, 0xb6, 0xbe, 0xb6, 0xbe, 0xae, 0xbf, 0xae, 0xbe, 0xb6, 0xbe, 0xb6,
    0x9e, 0xb6, 0xbe, 0xb6, 0x9e, 0xae, 0x9e, 0xae, 0x9e, 0xae, 0x9e, 0xae,
    0x9e, 0xae, 0x9e, 0xa6, 0x9e, 0xae, 0x9e, 0xae, 0xbe, 0xae, 0xbe, 0xb6,
    0x7e, 0xa6, 0x9e, 0xae, 0x9e, 0xae, 0x9e, 0xa6, 0x9e, 0xae, 0x7e, 0xa6,
    0x9e, 0xa6, 0x7d, 0xae, 0x7e, 0xa6, 0x7e, 0xa6, 0x7d, 0xae, 0x7e, 0xa6,
    0x7e, 0xa6, 0x9e, 0xae, 0x5d, 0x9e, 0x5e, 0x9e, 0x5d, 0x9e, 0x5d, 0x9e,
    0x5e, 0x9e, 0x5d, 0x9e, 0x5d, 0x9e, 0x3e, 0x9e, 0x3d, 0x9e, 0x3d, 0x96,
    0x3e, 0x96, 0x3d, 0x9e, 0x3d, 0x96, 0x1e, 0x96, 0x3d, 0x96, 0x1d, 0x96,
    0x1d, 0x96, 0x3d, 0x96, 0x1d, 0x96, 0x1d, 0x8e, 0x1d, 0x8e, 0x1d, 0x96,
    0x1d, 0x96, 0x1d, 0x8e, 0xfd, 0x8d, 0x1d, 0x8e, 0x1d, 0x8e, 0x1d, 0x8e,
    0xfd, 0x8d, 0xfc, 0x8d, 0xfd, 0x8d, 0x1d, 0x8e, 0xfd, 0x8d, 0xfd, 0x8d,
    0x1d, 0x8e, 0x1d, 0x8e, 0xfd, 0x8d, 0xfd, 0x8d, 0xfd, 0x8d, 0xfd, 0x85,
    0xfd, 0x8d, 0xfd, 0x8d, 0xfc, 0x85, 0xfd, 0x8d, 0xfd, 0x8d, 0x1d, 0x8e,
    0xfd, 0x8d, 0x1d, 0x8e, 0x1d, 0x8e, 0x1d, 0x8e, 0xdd, 0x7d, 0xfe, 0xc6,
    0xff, 0xff, 0xff, 0xff, 0xff, 0xff, 0xff, 0xff, 0xff, 0xff, 0xff, 0xff,
    0xff, 0xff, 0xff, 0xff, 0xff, 0xff, 0xff, 0xff, 0xff, 0xff, 0xff, 0xff,
    0xff, 0xff, 0x9f, 0xe7, 0x9e, 0xae, 0xbe, 0xb6, 0xbe, 0xae, 0x9e, 0xae,
    0x7e, 0xa6, 0x7e, 0xa6, 0x5e, 0x9e, 0x5e, 0x9e, 0x5d, 0x9e, 0x5d, 0x9e,
    0x5e, 0x9e, 0x5d, 0x9e, 0x5e, 0x9e, 0x5e, 0x9e, 0x5d, 0x9e, 0x7e, 0xa6,
    0x5d, 0x9e, 0x5e, 0x9e, 0x7e, 0xa6, 0x7e, 0xa6, 0x7e, 0xa6, 0x7e, 0x9e,
    0x7e, 0xa6, 0xbe, 0xae, 0xde, 0xb6, 0xde, 0xb6, 0xbf, 0xb6, 0xdf, 0xbe,
    0xff, 0xc6, 0x3f, 0xcf, 0xff, 0xc6, 0xbe, 0xb6, 0x7e, 0xa6, 0x7e, 0xa6,
    0xbe, 0xb6, 0xde, 0xbe, 0xff, 0xc6, 0xff, 0xc6, 0xfe, 0xbe, 0xff, 0xbe,
    0xde, 0xbe, 0xbe, 0xb6, 0x7e, 0xa6, 0x5e, 0x9e, 0x3d, 0x96, 0x3d, 0x96,
    0x3d, 0x96, 0x3d, 0x96, 0x3d, 0x96, 0x3d, 0x96, 0x1d, 0x96, 0x3d, 0x96,
    0x5e, 0x9e, 0x9e, 0xae, 0xbe, 0xb6, 0xff, 0xbe, 0xff, 0xc6, 0xfe, 0xc6,
    0xff, 0xbe, 0xff, 0xc6, 0x1e, 0xc7, 0x1f, 0xc7, 0x1f, 0xc7, 0x1e, 0xc7,
    0xff, 0xc6, 0xfe, 0xbe, 0xff, 0xc6, 0xfe, 0xc6, 0xfe, 0xbe, 0xff, 0xc6,
    0xff, 0xc6, 0xfe, 0xbe, 0xff, 0xc6, 0xff, 0xc6, 0xfe, 0xc6, 0xff, 0xc6,
    0xff, 0xc6, 0x1e, 0xc7, 0xff, 0xc6, 0xff, 0xc6, 0xff, 0xc6, 0x1f, 0xc7,
    0xff, 0xc6, 0xff, 0xc6, 0x1f, 0xc7, 0xfe, 0xce, 0xff, 0xc6, 0xff, 0xc6,
    0x1f, 0xc7, 0xff, 0xc6, 0xff, 0xc6, 0xff, 0xc6, 0xff, 0xc6, 0xfe, 0xc6,
    0x1f, 0xc7, 0x1f, 0xc7, 0x1e, 0xc7, 0xff, 0xc6, 0xff, 0xc6, 0xff, 0xce,
    0xfe, 0xc6, 0xfe, 0xc6, 0xfe, 0xc6, 0x1f, 0xcf, 0x1f, 0xc7, 0xff, 0xc6,
    0x1f, 0xc7, 0xfe, 0xc6, 0xff, 0xce, 0x1f, 0xc7, 0xfe, 0xc6, 0xff, 0xce,
    0xff, 0xc6, 0x1e, 0xc7, 0xff, 0xce, 0xff, 0xc6, 0x1e, 0xcf, 0x1f, 0xc7,
    0xff, 0xc6, 0x1e, 0xcf, 0x1f, 0xcf, 0xfe, 0xc6, 0x1f, 0xc7, 0x1e, 0xc7,
    0xff, 0xce, 0x1f, 0xcf, 0x1e, 0xc7, 0x1f, 0xcf, 0x1e, 0xcf, 0x1f, 0xc7,
    0x3f, 0xcf, 0x1e, 0xcf, 0x1f, 0xcf, 0x1f, 0xc7, 0x3f, 0xcf, 0x3f, 0xd7,
    0x1f, 0xcf, 0xde, 0xb6, 0x9e, 0xae, 0xbe, 0xb6, 0xbf, 0xb6, 0xbe, 0xae,
    0xbe, 0xb6, 0xde, 0xb6, 0xbe, 0xae, 0xbe, 0xae, 0x9e, 0xae, 0xbe, 0xae,
    0xbe, 0xae, 0xbf, 0xb6, 0xbe, 0xae, 0x9e, 0xae, 0x9e, 0xae, 0x9e, 0xae,
    0x9e, 0xa6, 0x9e, 0xa6, 0x9e, 0xa6, 0x9e, 0xae, 0xbe, 0xb6, 0x7e, 0xa6,
    0x7e, 0xae, 0x7e, 0xae, 0x9e, 0xa6, 0x9e, 0xae, 0x7e, 0xa6, 0x7e, 0xa6,
    0x9e, 0xa6, 0x7e, 0xa6, 0x7e, 0xae, 0x9e, 0xa6, 0x9d, 0xa6, 0x7e, 0xa6,
    0x9e, 0xae, 0x7e, 0xa6, 0x3d, 0x9e, 0x5d, 0x9e, 0x5e, 0x9e, 0x3d, 0x9e,
    0x5e, 0x9e, 0x5d, 0x9e, 0x5d, 0x9e, 0x3e, 0x96, 0x3d, 0x9e, 0x5d, 0x96,
    0x3d, 0x96, 0x3d, 0x96, 0x1d, 0x96, 0x3d, 0x96, 0x3d, 0x96, 0x1d, 0x96,
    0x1d, 0x8e, 0x1d, 0x8e, 0x1d, 0x96, 0x1d, 0x96, 0x1d, 0x8e, 0x1d, 0x8e,
    0x1d, 0x96, 0x1d, 0x8e, 0x1d, 0x8e, 0x1d, 0x8e, 0x1d, 0x8e, 0xfd, 0x8d,
    0xfd, 0x8d, 0x1d, 0x8e, 0x1d, 0x8e, 0xfd, 0x8d, 0x1d, 0x8e, 0x1d, 0x8e,
    0xfd, 0x8d, 0x1d, 0x8e, 0x1d, 0x8e, 0xfd, 0x85, 0xfd, 0x8d, 0xfd, 0x8d,
    0xfd, 0x8d, 0xfd, 0x8d, 0xfd, 0x8d, 0xfd, 0x8d, 0x1d, 0x86, 0xfd, 0x8d,
    0xfd, 0x85, 0xfd, 0x8d, 0x1d, 0x8e, 0xfd, 0x85, 0x3d, 0x96, 0xdf, 0xff,
    0xff, 0xff, 0xff, 0xff, 0xff, 0xff, 0xff, 0xff, 0xff, 0xff, 0xff, 0xff,
    0xff, 0xff, 0xff, 0xff, 0xff, 0xff, 0xff, 0xff, 0xff, 0xff, 0xff, 0xff,
    0xff, 0xff, 0xff, 0xff, 0xdf, 0xbe, 0x5e, 0xa6, 0x5e, 0x9e, 0x5d, 0x9e,
    0x3e, 0x9e, 0x3d, 0x9e, 0x5d, 0x9e, 0x5e, 0x9e, 0x5e, 0x9e, 0x5d, 0x9e,
    0x5e, 0x9e, 0x5d, 0x9e, 0x5d, 0x9e, 0x5e, 0x9e, 0x5e, 0x9e, 0x5e, 0x9e,
    0x5d, 0x9e, 0x7d, 0x9e, 0x7e, 0xa6, 0x7e, 0x9e, 0x7e, 0xa6, 0x9e, 0xae,
    0xbe, 0xae, 0xbe, 0xb6, 0xdf, 0xbe, 0x1f, 0xc7, 0x3f, 0xcf, 0x1f, 0xcf,
    0xde, 0xb6, 0x7e, 0xa6, 0x5d, 0x9e, 0x9e, 0xae, 0xde, 0xbe, 0xff, 0xbe,
    0xff, 0xbe, 0xfe, 0xbe, 0xff, 0xbe, 0xbe, 0xb6, 0x9e, 0xae, 0x7e, 0xa6,
    0x3d, 0x9e, 0x3d, 0x96, 0x3d, 0x96, 0x3d, 0x96, 0x3d, 0x9e, 0x3d, 0x96,
    0x3d, 0x96, 0x1d, 0x96, 0x3d, 0x96, 0x5d, 0x9e, 0x9e, 0xae, 0xde, 0xb6,
    0xde, 0xbe, 0xff, 0xbe, 0xfe, 0xc6, 0xff, 0xc6, 0xff, 0xc6, 0xff, 0xc6,
    0xfe, 0xbe, 0x1f, 0xc7, 0x1f, 0xc7, 0xff, 0xc6, 0xfe, 0xc6, 0xff, 0xbe,
    0xff, 0xc6, 0xff, 0xc6, 0xfe, 0xbe, 0xff, 0xc6, 0xfe, 0xc6, 0xfe, 0xbe,
    0xff, 0xc6, 0xfe, 0xbe, 0xfe, 0xc6, 0xff, 0xc6, 0xff, 0xbe, 0xfe, 0xc6,
    0xff, 0xc6, 0xfe, 0xc6, 0x1e, 0xc7, 0xff, 0xc6, 0xfe, 0xc6, 0xfe, 0xc6,
    0x1f, 0xc7, 0xff, 0xc6, 0xfe, 0xc6, 0xff, 0xc6, 0xff, 0xc6, 0x1e, 0xc7,
    0xfe, 0xc6, 0xff, 0xce, 0xfe, 0xc6, 0x1f, 0xc7, 0xfe, 0xc6, 0xfe, 0xc6,
    0xff, 0xc6, 0xfe, 0xc6, 0xff, 0xc6, 0xff, 0xc6, 0xfe, 0xc6, 0x1f, 0xc7,
    0xff, 0xc6, 0x1f, 0xc7, 0xff, 0xc6, 0x1e, 0xc7, 0xff, 0xc6, 0x1f, 0xcf,
    0x1e, 0xc7, 0xfe, 0xc6, 0x1f, 0xc7, 0x1f, 0xc7, 0x1e, 0xc7, 0xff, 0xce,
    0x1e, 0xc7, 0xff, 0xc6, 0xfe, 0xc6, 0xff, 0xce, 0xff, 0xce, 0x1e, 0xc7,
    0x1f, 0xcf, 0x1f, 0xc7, 0xff, 0xc6, 0x1f, 0xcf, 0xfe, 0xce, 0xff, 0xc6,
    0x1f, 0xc7, 0x1e, 0xcf, 0x1f, 0xcf, 0x1f, 0xc7, 0x1f, 0xcf, 0x1f, 0xcf,
    0x1f, 0xcf, 0x3f, 0xcf, 0x1f, 0xcf, 0x3f, 0xcf, 0x3f, 0xcf, 0xfe, 0xbe,
    0xbe, 0xae, 0xbe, 0xae, 0xbe, 0xb6, 0xbe, 0xb6, 0xbe, 0xae, 0xbe, 0xb6,
    0xbe, 0xae, 0xbe, 0xb6, 0xbe, 0xb6, 0xbe, 0xb6, 0x9e, 0xb6, 0x9e, 0xae,
    0xbe, 0xae, 0xbe, 0xb6, 0x9e, 0xae, 0x9e, 0xae, 0x9e, 0xae, 0x9e, 0xae,
    0x9e, 0xae, 0x9e, 0xa6, 0x9e, 0xae, 0xbe, 0xb6, 0x7e, 0xa6, 0x9e, 0xa6,
    0x9e, 0xae, 0x9e, 0xa6, 0x9e, 0xa6, 0x9e, 0xae, 0x7e, 0xae, 0x9d, 0xa6,
    0x7e, 0xa6, 0x7e, 0xae, 0x7e, 0xa6, 0x9e, 0xa6, 0x9e, 0xae, 0x9e, 0xae,
    0x9e, 0xae, 0x5d, 0x9e, 0x5d, 0x9e, 0x5d, 0x9e, 0x3e, 0x9e, 0x3d, 0x9e,
    0x3d, 0x9e, 0x3d, 0x9e, 0x3e, 0x9e, 0x5d, 0x9e, 0x3d, 0x9e, 0x3e, 0x96,
    0x3d, 0x96, 0x1d, 0x96, 0x1d, 0x96, 0x1d, 0x96, 0x1d, 0x96, 0x1d, 0x96,
    0x1d, 0x96, 0x1d, 0x8e, 0x1d, 0x8e, 0x1d, 0x8e, 0x1d, 0x8e, 0x1d, 0x96,
    0x1d, 0x8e, 0x1d, 0x8e, 0x1d, 0x8e, 0x1d, 0x8e, 0x1d, 0x8e, 0xfd, 0x8d,
    0xfd, 0x8d, 0x1d, 0x8e, 0x1d, 0x8e, 0x1d, 0x8e, 0xfd, 0x8d, 0x1d, 0x8e,
    0x1d, 0x8e, 0xfc, 0x8d, 0x1d, 0x8e, 0x1d, 0x8e, 0x1c, 0x8e, 0xfd, 0x8d,
    0x1d, 0x8e, 0x1d, 0x8e, 0x1c, 0x8e, 0x1d, 0x86, 0xfd, 0x8d, 0xfd, 0x8d,
    0x1c, 0x8e, 0x1d, 0x8e, 0x1d, 0x8e, 0xfd, 0x85, 0x1e, 0xcf, 0xff, 0xff,
    0xff, 0xff, 0xff, 0xff, 0xff, 0xff, 0xff, 0xff, 0xff, 0xff, 0xff, 0xff,
    0xff, 0xff, 0xff, 0xff, 0xff, 0xff, 0xff, 0xff, 0xff, 0xff, 0xff, 0xff,
    0xff, 0xff, 0xff, 0xff, 0x9f, 0xe7, 0x3d, 0x96, 0x5d, 0x96, 0x5e, 0x9e,
    0x5d, 0x9e, 0x5d, 0x96, 0x5e, 0x9e, 0x5d, 0x9e, 0x5e, 0x9e, 0x5e, 0x9e,
    0x5e, 0x9e, 0x5e, 0x9e, 0x5d, 0x9e, 0x5d, 0x9e, 0x5d, 0x9e, 0x5e, 0x9e,
    0x5e, 0x9e, 0x7d, 0xa6, 0x5d, 0xa6, 0x7e, 0xa6, 0xbe, 0xae, 0xbe, 0xb6,
    0xff, 0xbe, 0x3f, 0xcf, 0x3f, 0xd7, 0xfe, 0xbe, 0x9e, 0xae, 0x5d, 0x9e,
    0x5d, 0x9e, 0x9e, 0xae, 0xde, 0xbe, 0x1f, 0xc7, 0x1f, 0xc7, 0xff, 0xbe,
    0xde, 0xb6, 0x9e, 0xae, 0x5d, 0x9e, 0x3d, 0x96, 0x3d, 0x96, 0x3d, 0x9e,
    0x5d, 0x9e, 0x3d, 0x9e, 0x5d, 0x9e, 0x5d, 0x9e, 0x3d, 0x96, 0x3d, 0x96,
    0x3d, 0x9e, 0x7e, 0xa6, 0xbe, 0xb6, 0xde, 0xbe, 0xff, 0xc6, 0xff, 0xc6,
    0xff, 0xc6, 0xfe, 0xbe, 0xff, 0xc6, 0xfe, 0xc6, 0xff, 0xbe, 0xfe, 0xc6,
    0x1f, 0xc7, 0x1f, 0xc7, 0xff, 0xc6, 0xff, 0xc6, 0xfe, 0xc6, 0xff, 0xbe,
    0xfe, 0xc6, 0xff, 0xc6, 0xfe, 0xbe, 0xff, 0xc6, 0xff, 0xc6, 0xfe, 0xc6,
    0xff, 0xbe, 0xfe, 0xc6, 0xff, 0xc6, 0xfe, 0xc6, 0xfe, 0xbe, 0xff, 0xc6,
    0xff, 0xc6, 0xff, 0xc6, 0xff, 0xc6, 0x1e, 0xc7, 0xff, 0xc6, 0xfe, 0xc6,
    0xff, 0xc6, 0xfe, 0xc6, 0x1f, 0xc7, 0xff, 0xc6, 0xfe, 0xc6, 0xff, 0xc6,
    0xfe, 0xc6, 0xff, 0xc6, 0xff, 0xc6, 0x1e, 0xc7, 0xff, 0xc6, 0xff, 0xc6,
    0x1f, 0xc7, 0xfe, 0xc6, 0xff, 0xc6, 0x1e, 0xc7, 0x1f, 0xc7, 0x1e, 0xc7,
    0xff, 0xc6, 0xff, 0xc6, 0x1e, 0xc7, 0xff, 0xc6, 0x1f, 0xcf, 0xff, 0xc6,
    0xfe, 0xc6, 0x1f, 0xc7, 0xff, 0xc6, 0xfe, 0xc6, 0x1f, 0xc7, 0x1f, 0xc7,
    0xfe, 0xce, 0x1e, 0xc7, 0xff, 0xc6, 0xff, 0xc6, 0x1e, 0xc7, 0xff, 0xce,
    0x1e, 0xcf, 0x1f, 0xc7, 0xfe, 0xc6, 0x1f, 0xc7, 0xff, 0xce, 0xfe, 0xc6,
    0x1f, 0xc7, 0xff, 0xce, 0x1f, 0xcf, 0x1f, 0xcf, 0x1e, 0xcf, 0x1f, 0xcf,
    0x1f, 0xc7, 0x3f, 0xcf, 0x5f, 0xd7, 0x1e, 0xc7, 0xbe, 0xb6, 0xbe, 0xae,
    0xbe, 0xb6, 0xbe, 0xb6, 0xbe, 0xb6, 0xbf, 0xae, 0xdf, 0xb6, 0xdf, 0xb6,
    0xbe, 0xae, 0xbe, 0xb6, 0xbe, 0xb6, 0xbe, 0xae, 0xbf, 0xb6, 0xbe, 0xae,
    0xbe, 0xb6, 0x9e, 0xae, 0xbe, 0xae, 0x9e, 0xae, 0x9e, 0xae, 0x9e, 0xa6,
    0x9e, 0xa6, 0xbe, 0xb6, 0xbe, 0xb6, 0x7e, 0xa6, 0x9e, 0xa6, 0x7e, 0xae,
    0x7e, 0xae, 0x9e, 0xa6, 0x7e, 0xa6, 0x7d, 0xa6, 0x7e, 0xa6, 0x7e, 0xae,
    0x7d, 0xae, 0x7d, 0xa6, 0x7e, 0xa6, 0x7d, 0xa6, 0x7e, 0xae, 0xbe, 0xb6,
    0x5e, 0x9e, 0x5d, 0x9e, 0x5e, 0x9e, 0x3d, 0x9e, 0x5d, 0x9e, 0x5d, 0x9e,
    0x3d, 0x96, 0x5e, 0x96, 0x5d, 0x9e, 0x3d, 0x96, 0x3d, 0x96, 0x3d, 0x9e,
    0x3d, 0x96, 0x3d, 0x96, 0x1d, 0x96, 0x1d, 0x96, 0x1d, 0x8e, 0x3d, 0x96,
    0x1d, 0x8e, 0x1d, 0x8e, 0x1d, 0x8e, 0x1d, 0x96, 0x1d, 0x8e, 0x1d, 0x8e,
    0x1d, 0x8e, 0x1d, 0x8e, 0x1d, 0x96, 0x1d, 0x8e, 0x1d, 0x8e, 0xfd, 0x8d,
    0x1d, 0x8e, 0xfc, 0x8d, 0xfd, 0x8d, 0xfd, 0x8d, 0x1d, 0x8e, 0x1d, 0x8e,
    0xfd, 0x8d, 0xfd, 0x8d, 0xfd, 0x8d, 0x1d, 0x8e, 0x1d, 0x8e, 0xfd, 0x8d,
    0x1d, 0x86, 0xfd, 0x8d, 0xfd, 0x8d, 0xfc, 0x8d, 0x1d, 0x8e, 0xfd, 0x8d,
    0x1c, 0x86, 0xfd, 0x8d, 0xfd, 0x85, 0x7d, 0x9e, 0xff, 0xff, 0xff, 0xff,
    0xff, 0xff, 0xff, 0xff, 0xff, 0xff, 0xff, 0xff, 0xff, 0xff, 0xff, 0xff,
    0xff, 0xff, 0xff, 0xff, 0xff, 0xff, 0xff, 0xff, 0xff, 0xff, 0xff, 0xff,
    0xff, 0xff, 0xff, 0xff, 0xff, 0xff, 0x1e, 0xc7, 0x1d, 0x96, 0x5e, 0x9e,
    0x5e, 0x9e, 0x5d, 0x9e, 0x5e, 0x9e, 0x5d, 0x96, 0x5d, 0x9e, 0x5d, 0x96,
    0x5d, 0x9e, 0x5e, 0x9e, 0x5e, 0x9e, 0x5e, 0x9e, 0x5d, 0x9e, 0x7d, 0x9e,
    0x5e, 0x9e, 0x7e, 0x9e, 0x5d, 0x9e, 0x7e, 0xa6, 0xde, 0xb6, 0x1e, 0xc7,
    0xfe, 0xbe, 0x9e, 0xae, 0x7e, 0xa6, 0x5d, 0x96, 0x7e, 0xa6, 0xbe, 0xb6,
    0xff, 0xbe, 0xff, 0xc6, 0xde, 0xbe, 0xbe, 0xae, 0x7e, 0xa6, 0x5d, 0x9e,
    0x5d, 0x9e, 0x3d, 0x96, 0x5d, 0x9e, 0x5d, 0x9e, 0x5e, 0x9e, 0x5e, 0x9e,
    0x5d, 0x96, 0x3e, 0x96, 0x3d, 0x96, 0x3e, 0x9e, 0x7e, 0xa6, 0x9e, 0xae,
    0xdf, 0xbe, 0x1f, 0xc7, 0x1f, 0xc7, 0xff, 0xc6, 0xff, 0xbe, 0xfe, 0xc6,
    0xff, 0xc6, 0xff, 0xc6, 0xfe, 0xbe, 0xff, 0xc6, 0xff, 0xc6, 0xfe, 0xc6,
    0xff, 0xbe, 0xfe, 0xc6, 0xfe, 0xc6, 0xff, 0xc6, 0xff, 0xc6, 0xfe, 0xc6,
    0xff, 0xc6, 0xfe, 0xc6, 0xfe, 0xc6, 0xff, 0xbe, 0xfe, 0xc6, 0xff, 0xc6,
    0xfe, 0xbe, 0xff, 0xc6, 0xff, 0xbe, 0xff, 0xc6, 0xfe, 0xc6, 0xff, 0xc6,
    0xfe, 0xc6, 0xff, 0xc6, 0xff, 0xc6, 0xff, 0xc6, 0xff, 0xc6, 0xfe, 0xc6,
    0xfe, 0xc6, 0xff, 0xc6, 0x1f, 0xc7, 0xff, 0xc6, 0xff, 0xc6, 0x1e, 0xc7,
    0xff, 0xc6, 0xff, 0xc6, 0x1e, 0xc7, 0xff, 0xc6, 0xff, 0xc6, 0x1e, 0xc7,
    0xff, 0xc6, 0xff, 0xc6, 0xfe, 0xc6, 0xff, 0xc6, 0xff, 0xc6, 0xfe, 0xc6,
    0xfe, 0xc6, 0xff, 0xc6, 0xfe, 0xc6, 0x1f, 0xcf, 0x1f, 0xc7, 0xfe, 0xc6,
    0x1f, 0xc7, 0x1f, 0xc7, 0xfe, 0xce, 0xff, 0xce, 0x1f, 0xc7, 0xfe, 0xc6,
    0x1f, 0xc7, 0x1f, 0xcf, 0x1f, 0xc7, 0x1e, 0xc7, 0xfe, 0xc6, 0xff, 0xc6,
    0x1f, 0xcf, 0x1f, 0xcf, 0x1f, 0xcf, 0x1f, 0xc7, 0x1e, 0xc7, 0x1f, 0xcf,
    0x1e, 0xc7, 0x1f, 0xc7, 0x1f, 0xcf, 0x1e, 0xcf, 0x1f, 0xc7, 0x1f, 0xcf,
    0x3f, 0xcf, 0x3f, 0xcf, 0xfe, 0xbe, 0xbe, 0xae, 0xbe, 0xb6, 0xbe, 0xb6,
    0xbe, 0xb6, 0xbe, 0xb6, 0xbf, 0xb6, 0xde, 0xb6, 0xde, 0xb6, 0xbe, 0xb6,
    0xbe, 0xb6, 0xbf, 0xb6, 0xbe, 0xae, 0xbe, 0xae, 0xbe, 0xae, 0xbe, 0xb6,
    0x9e, 0xae, 0x9e, 0xae, 0x9e, 0xae, 0x9e, 0xae, 0x9e, 0xa6, 0x7e, 0xa6,
    0xbe, 0xb6, 0xbe, 0xb6, 0x9e, 0xa6, 0x9e, 0xa6, 0x7e, 0xae, 0x9e, 0xa6,
    0x7e, 0xa6, 0x7e, 0xa6, 0x7e, 0xa6, 0x7d, 0xa6, 0x7e, 0xa6, 0x9e, 0xa6,
    0x7e, 0xa6, 0x9e, 0xa6, 0x7e, 0xa6, 0x7e, 0xa6, 0x9e, 0xae, 0x7e, 0xa6,
    0x5d, 0x9e, 0x5e, 0x9e, 0x5e, 0x9e, 0x5d, 0x9e, 0x3d, 0x9e, 0x3e, 0x96,
    0x3d, 0x9e, 0x3d, 0x9e, 0x3e, 0x96, 0x3d, 0x96, 0x3d, 0x96, 0x3d, 0x96,
    0x3d, 0x96, 0x1d, 0x96, 0x1d, 0x96, 0x3d, 0x96, 0x1d, 0x8e, 0x1d, 0x8e,
    0x1d, 0x8e, 0x1d, 0x8e, 0x1d, 0x96, 0xfd, 0x8d, 0x1d, 0x8e, 0x1d, 0x96,
    0xfd, 0x8d, 0x1d, 0x8e, 0x1d, 0x8e, 0xfd, 0x8d, 0x1d, 0x8e, 0xfc, 0x8d,
    0x1d, 0x8e, 0x1d, 0x8e, 0xfd, 0x8d, 0x1d, 0x8e, 0xfc, 0x8d, 0xfd, 0x8d,
    0x1d, 0x8e, 0x1d, 0x8e, 0xfd, 0x8d, 0xfd, 0x8d, 0x1d, 0x86, 0xfd, 0x8d,
    0xfd, 0x8d, 0x1d, 0x8e, 0xfd, 0x8d, 0x1d, 0x8e, 0x1d, 0x86, 0xfd, 0x8d,
    0x1d, 0x8e, 0xfd, 0x85, 0xfd, 0x8d, 0x9f, 0xef, 0xff, 0xff, 0xff, 0xff,
    0xff, 0xff, 0xff, 0xff, 0xff, 0xff, 0xff, 0xff, 0xff, 0xff, 0xff, 0xff,
    0xff, 0xff, 0xff, 0xff, 0xff, 0xff, 0xff, 0xff, 0xff, 0xff, 0xff, 0xff,
    0xff, 0xff, 0xff, 0xff, 0xff, 0xff, 0xff, 0xff, 0x9e, 0xae, 0x3d, 0x8e,
    0x5e, 0x9e, 0x3d, 0x9e, 0x5e, 0x9e, 0x5e, 0x9e, 0x3d, 0x96, 0x5e, 0x9e,
    0x5d, 0x9e, 0x5d, 0x9e, 0x5e, 0x9e, 0x5d, 0x9e, 0x5e, 0x9e, 0x5d, 0x9e,
    0x5d, 0x9e, 0x7e, 0xa6, 0x7e, 0xa6, 0x9e, 0xa6, 0x7e, 0xa6, 0x5d, 0xa6,
    0x3d, 0x96, 0x5d, 0x9e, 0x9e, 0xae, 0xbe, 0xb6, 0xde, 0xbe, 0xde, 0xbe,
    0x9e, 0xae, 0x7e, 0xa6, 0x5d, 0x9e, 0x3d, 0x9e, 0x3d, 0x96, 0x5e, 0x9e,
    0x5d, 0x9e, 0x5e, 0x96, 0x5d, 0x9e, 0x5d, 0x9e, 0x3e, 0x96, 0x3d, 0x96,
    0x3d, 0x96, 0x5e, 0x9e, 0x9e, 0xae, 0xde, 0xb6, 0xff, 0xc6, 0x1f, 0xc7,
    0xff, 0xc6, 0xfe, 0xbe, 0xff, 0xc6, 0xff, 0xc6, 0xfe, 0xbe, 0xfe, 0xbe,
    0xff, 0xc6, 0x1f, 0xc7, 0xff, 0xc6, 0xff, 0xbe, 0xfe, 0xc6, 0xff, 0xbe,
    0xff, 0xc6, 0xfe, 0xbe, 0xff, 0xbe, 0xff, 0xc6, 0xfe, 0xbe, 0xfe, 0xc6,
    0xff, 0xbe, 0xff, 0xc6, 0xfe, 0xbe, 0xff, 0xc6, 0xfe, 0xbe, 0xde, 0xc6,
    0xff, 0xc6, 0xfe, 0xbe, 0xff, 0xc6, 0xff, 0xc6, 0xff, 0xc6, 0xfe, 0xbe,
    0xff, 0xc6, 0xfe, 0xbe, 0xfe, 0xc6, 0xfe, 0xc6, 0xff, 0xc6, 0xff, 0xc6,
    0xff, 0xc6, 0xfe, 0xc6, 0xfe, 0xc6, 0xff, 0xc6, 0x1f, 0xc7, 0xfe, 0xc6,
    0xff, 0xc6, 0xfe, 0xc6, 0xfe, 0xc6, 0xff, 0xc6, 0xfe, 0xc6, 0xfe, 0xc6,
    0xff, 0xc6, 0x1f, 0xc7, 0xfe, 0xc6, 0xfe, 0xc6, 0xff, 0xc6, 0xff, 0xc6,
    0x1f, 0xc7, 0xff, 0xc6, 0xfe, 0xc6, 0x1f, 0xc7, 0xfe, 0xc6, 0xff, 0xc6,
    0xff, 0xc6, 0x1f, 0xc7, 0x1e, 0xc7, 0x1f, 0xc7, 0x1e, 0xc7, 0xff, 0xce,
    0xff, 0xc6, 0xfe, 0xc6, 0x1f, 0xc7, 0xff, 0xce, 0x1f, 0xc7, 0x1e, 0xc7,
    0x1f, 0xc7, 0x1f, 0xc7, 0xff, 0xc6, 0x1e, 0xcf, 0x1f, 0xc7, 0x1f, 0xc7,
    0x1f, 0xcf, 0x1e, 0xc7, 0x1e, 0xc7, 0x1f, 0xc7, 0x3f, 0xcf, 0x3f, 0xcf,
    0xfe, 0xc6, 0xbe, 0xae, 0xbe, 0xae, 0xbf, 0xb6, 0xbe, 0xb6, 0xbe, 0xb6,
    0xbf, 0xae, 0xdf, 0xb6, 0xde, 0xb6, 0xbe, 0xb6, 0xbe, 0xb6, 0xbe, 0xb6,
    0xbf, 0xb6, 0xbe, 0xb6, 0xbe, 0xb6, 0xbe, 0xae, 0x9e, 0xae, 0xbe, 0xae,
    0x9e, 0xae, 0x9e, 0xae, 0x9e, 0xae, 0x9e, 0xa6, 0x7e, 0xa6, 0xbe, 0xb6,
    0xbe, 0xb6, 0x7e, 0xa6, 0x9e, 0xae, 0x9e, 0xae, 0x7e, 0xae, 0x7e, 0xa6,
    0x7e, 0xa6, 0x7d, 0xa6, 0x7e, 0xa6, 0x7e, 0xa6, 0x9e, 0xa6, 0x7d, 0xa6,
    0x7e, 0xa6, 0x7e, 0xa6, 0x9d, 0xa6, 0x9e, 0xae, 0x7e, 0xa6, 0x5d, 0x9e,
    0x5d, 0x9e, 0x5d, 0x9e, 0x5e, 0x9e, 0x5d, 0x9e, 0x3d, 0x96, 0x3e, 0x9e,
    0x3d, 0x96, 0x3d, 0x9e, 0x3d, 0x96, 0x3d, 0x96, 0x3d, 0x96, 0x3d, 0x96,
    0x1d, 0x96, 0x1d, 0x96, 0x1d, 0x96, 0x1d, 0x8e, 0x1d, 0x8e, 0x1d, 0x96,
    0xfd, 0x8d, 0x1d, 0x8e, 0xfd, 0x8d, 0x1d, 0x8e, 0x1d, 0x8e, 0x1d, 0x96,
    0x1d, 0x8e, 0x1d, 0x8e, 0x1d, 0x96, 0x1d, 0x8e, 0x1d, 0x8e, 0x1d, 0x8e,
    0x1d, 0x8e, 0xfd, 0x8d, 0x1d, 0x8e, 0x1d, 0x8e, 0x1d, 0x8e, 0xfd, 0x8d,
    0xfd, 0x8d, 0x1d, 0x86, 0x1d, 0x8e, 0xfd, 0x8d, 0x1d, 0x8e, 0xfc, 0x85,
    0x1d, 0x8e, 0x1d, 0x8e, 0xfc, 0x8d, 0xfd, 0x8d, 0x1d, 0x8e, 0x1d, 0x8e,
    0x1d, 0x8e, 0xdd, 0x7d, 0x3f, 0xcf, 0xff, 0xff, 0xff, 0xff, 0xff, 0xff,
    0xff, 0xff, 0xff, 0xff, 0xff, 0xff, 0xff, 0xff, 0xff, 0xff, 0xff, 0xff,
    0xff, 0xff, 0xff, 0xff, 0xff, 0xff, 0xff, 0xff, 0xff, 0xff, 0xff, 0xff,
    0xff, 0xff, 0xff, 0xff, 0xff, 0xff, 0xff, 0xff, 0xdf, 0xf7, 0x7e, 0xa6,
    0x3d, 0x96, 0x5d, 0x9e, 0x5e, 0x96, 0x5d, 0x9e, 0x5e, 0x9e, 0x5e, 0x96,
    0x5e, 0x9e, 0x5d, 0x9e, 0x5d, 0x9e, 0x5e, 0x96, 0x5d, 0x9e, 0x7e, 0xa6,
    0x7e, 0xa6, 0x7e, 0xa6, 0x7d, 0xa6, 0x5d, 0x9e, 0x3d, 0x96, 0x5e, 0x9e,
    0x9e, 0xae, 0xbe, 0xb6, 0xde, 0xb6, 0x9e, 0xae, 0x7e, 0xa6, 0x5d, 0x9e,
    0x3d, 0x96, 0x5d, 0x96, 0x5e, 0x9e, 0x5d, 0x9e, 0x5e, 0x9e, 0x3d, 0x9e,
    0x3d, 0x96, 0x5e, 0x9e, 0x3d, 0x96, 0x3d, 0x96, 0x3d, 0x9e, 0x7e, 0xa6,
    0xbe, 0xb6, 0xff, 0xbe, 0x1f, 0xc7, 0xff, 0xc6, 0xfe, 0xc6, 0xff, 0xc6,
    0xfe, 0xbe, 0xfe, 0xbe, 0xff, 0xc6, 0xfe, 0xc6, 0xff, 0xc6, 0xff, 0xbe,
    0xfe, 0xc6, 0xfe, 0xbe, 0xff, 0xc6, 0xfe, 0xc6, 0xff, 0xc6, 0xff, 0xc6,
    0xfe, 0xc6, 0xff, 0xc6, 0xff, 0xc6, 0xfe, 0xc6, 0xfe, 0xc6, 0xff, 0xc6,
    0xfe, 0xbe, 0xfe, 0xbe, 0xff, 0xc6, 0xff, 0xc6, 0xfe, 0xbe, 0xff, 0xc6,
    0xff, 0xc6, 0xfe, 0xbe, 0xfe, 0xc6, 0xff, 0xc6, 0xfe, 0xbe, 0xff, 0xc6,
    0xff, 0xc6, 0xff, 0xc6, 0xfe, 0xbe, 0xff, 0xc6, 0xfe, 0xc6, 0x1e, 0xc7,
    0xff, 0xc6, 0xff, 0xc6, 0xfe, 0xc6, 0x1f, 0xc7, 0xff, 0xc6, 0xfe, 0xc6,
    0xff, 0xc6, 0xff, 0xc6, 0xff, 0xc6, 0xfe, 0xc6, 0xff, 0xc6, 0xff, 0xc6,
    0xfe, 0xc6, 0xfe, 0xc6, 0xff, 0xc6, 0xfe, 0xc6, 0xff, 0xc6, 0xff, 0xc6,
    0xfe, 0xc6, 0xff, 0xc6, 0xff, 0xc6, 0xfe, 0xc6, 0x1f, 0xc7, 0xff, 0xc6,
    0xfe, 0xc6, 0xff, 0xc6, 0xff, 0xc6, 0x1e, 0xc7, 0xff, 0xc6, 0x1f, 0xc7,
    0x1e, 0xcf, 0xfe, 0xc6, 0xfe, 0xc6, 0x1f, 0xc7, 0xff, 0xce, 0xfe, 0xce,
    0x1e, 0xc7, 0x1f, 0xc7, 0x1f, 0xcf, 0xfe, 0xc6, 0x1f, 0xc7, 0x1e, 0xcf,
    0x1f, 0xcf, 0x1f, 0xc7, 0x1f, 0xcf, 0x3f, 0xcf, 0x1f, 0xc7, 0xde, 0xb6,
    0x9e, 0xae, 0xbe, 0xb6, 0xbe, 0xb6, 0xbf, 0xb6, 0xbe, 0xae, 0xbe, 0xb6,
    0xdf, 0xb6, 0xde, 0xb6, 0xbe, 0xb6, 0xbf, 0xb6, 0xbe, 0xb6, 0xbe, 0xb6,
    0xbf, 0xb6, 0xbf, 0xb6, 0xbe, 0xb6, 0xbe, 0xae, 0x9e, 0xae, 0xbe, 0xae,
    0xbe, 0xae, 0x9e, 0xae, 0x9e, 0xa6, 0x7e, 0xa6, 0xbe, 0xb6, 0xbe, 0xb6,
    0x7e, 0xa6, 0x9e, 0xa6, 0x7e, 0xa6, 0x9e, 0xae, 0x9e, 0xae, 0x7e, 0xa6,
    0x7d, 0xa6, 0x7d, 0xa6, 0x7e, 0xa6, 0x7e, 0xa6, 0x7e, 0xae, 0x7d, 0xa6,
    0x7e, 0xa6, 0x7e, 0xa6, 0x9e, 0xae, 0x9e, 0xae, 0x5d, 0x9e, 0x5e, 0x9e,
    0x5d, 0x9e, 0x5d, 0x9e, 0x5e, 0x9e, 0x5d, 0x9e, 0x3d, 0x9e, 0x3d, 0x96,
    0x3d, 0x9e, 0x3d, 0x96, 0x3d, 0x96, 0x3d, 0x96, 0x1d, 0x96, 0x3d, 0x96,
    0x1d, 0x96, 0x1d, 0x96, 0x1d, 0x8e, 0x1d, 0x8e, 0x1d, 0x96, 0x1d, 0x8e,
    0xfd, 0x8d, 0xfd, 0x8d, 0x1d, 0x8e, 0x1d, 0x8e, 0xfd, 0x8d, 0x1d, 0x8e,
    0x1c, 0x8e, 0x1d, 0x8e, 0xfd, 0x95, 0x1d, 0x8e, 0x1d, 0x8e, 0x1d, 0x8e,
    0x1d, 0x8e, 0xfd, 0x8d, 0x1d, 0x8e, 0x1d, 0x8e, 0xfd, 0x8d, 0x1d, 0x8e,
    0xfd, 0x8d, 0x1d, 0x8e, 0xfd, 0x8d, 0x1d, 0x8e, 0xfd, 0x8d, 0x1d, 0x8e,
    0xfd, 0x8d, 0x1d, 0x8e, 0xfd, 0x85, 0xfd, 0x8d, 0x1d, 0x8e, 0x1d, 0x8e,
    0xdd, 0x7d, 0xfe, 0xbe, 0xff, 0xff, 0xff, 0xff, 0xff, 0xff, 0xff, 0xff,
    0xff, 0xff, 0xff, 0xff, 0xff, 0xff, 0xff, 0xff, 0xff, 0xff, 0xff, 0xff,
    0xff, 0xff, 0xff, 0xff, 0xff, 0xff, 0xff, 0xff, 0xff, 0xff, 0xff, 0xff,
    0xff, 0xff, 0xff, 0xff, 0xff, 0xff, 0xff, 0xff, 0xff, 0xff, 0xbf, 0xf7,
    0x7e, 0xa6, 0x3d, 0x96, 0x5e, 0x9e, 0x3d, 0x9e, 0x5d, 0x9e, 0x5e, 0x9e,
    0x5d, 0x9e, 0x5d, 0x96, 0x5e, 0x9e, 0x5e, 0x9e, 0x7e, 0xa6, 0x7e, 0xa6,
    0x5e, 0x9e, 0x5d, 0x9e, 0x5e, 0x9e, 0x5d, 0x9e, 0x7e, 0xa6, 0x9e, 0xa6,
    0x9e, 0xae, 0x7e, 0xa6, 0x5e, 0x9e, 0x3d, 0x96, 0x5d, 0x96, 0x5e, 0x9e,
    0x5e, 0x9e, 0x5d, 0x9e, 0x5d, 0x9e, 0x5e, 0x9e, 0x5d, 0x9e, 0x5e, 0x96,
    0x3d, 0x96, 0x3d, 0x96, 0x5e, 0x9e, 0x9e, 0xae, 0xdf, 0xbe, 0xff, 0xc6,
    0x1f, 0xc7, 0xfe, 0xc6, 0xff, 0xc6, 0xff, 0xc6, 0xfe, 0xbe, 0xff, 0xc6,
    0xff, 0xc6, 0xfe, 0xc6, 0xff, 0xbe, 0xff, 0xc6, 0xfe, 0xc6, 0xff, 0xc6,
    0xff, 0xbe, 0xfe, 0xc6, 0xff, 0xbe, 0xff, 0xc6, 0x1e, 0xc7, 0xff, 0xbe,
    0xff, 0xbe, 0xfe, 0xc6, 0xfe, 0xbe, 0xff, 0xbe, 0xff, 0xc6, 0xff, 0xc6,
    0xff, 0xc6, 0xfe, 0xc6, 0xdf, 0xc6, 0xff, 0xbe, 0xde, 0xbe, 0xfe, 0xc6,
    0xff, 0xc6, 0xfe, 0xbe, 0xfe, 0xc6, 0xff, 0xbe, 0xfe, 0xc6, 0xff, 0xc6,
    0xff, 0xc6, 0xfe, 0xc6, 0xff, 0xc6, 0xff, 0xbe, 0xff, 0xc6, 0xfe, 0xc6,
    0xff, 0xc6, 0xff, 0xc6, 0x1e, 0xc7, 0xff, 0xc6, 0xff, 0xc6, 0x1e, 0xc7,
    0xff, 0xc6, 0xff, 0xc6, 0x1e, 0xc7, 0xff, 0xc6, 0xff, 0xc6, 0xff, 0xc6,
    0xff, 0xc6, 0xff, 0xbe, 0xff, 0xc6, 0xff, 0xc6, 0x1e, 0xc7, 0xfe, 0xc6,
    0xff, 0xc6, 0x1e, 0xc7, 0xff, 0xc6, 0xff, 0xc6, 0xfe, 0xc6, 0xff, 0xc6,
    0xfe, 0xc6, 0xff, 0xc6, 0x1f, 0xc7, 0xfe, 0xc6, 0xff, 0xce, 0x1f, 0xc7,
    0x1e, 0xc7, 0xff, 0xc6, 0x1f, 0xc7, 0x1e, 0xcf, 0xff, 0xc6, 0xff, 0xc6,
    0xff, 0xce, 0x1f, 0xc7, 0x1f, 0xcf, 0x1e, 0xc7, 0xff, 0xc6, 0x1f, 0xcf,
    0x1f, 0xc7, 0x1f, 0xcf, 0x1f, 0xcf, 0xde, 0xbe, 0xbe, 0xae, 0xbe, 0xb6,
    0xbe, 0xb6, 0xbe, 0xae, 0xbe, 0xae, 0xbf, 0xb6, 0xde, 0xb6, 0xde, 0xb6,
    0xbe, 0xb6, 0xbe, 0xb6, 0xbe, 0xb6, 0xbf, 0xae, 0xbe, 0xb6, 0xbe, 0xb6,
    0xde, 0xae, 0xbe, 0xb6, 0xbe, 0xae, 0xbe, 0xae, 0x9e, 0xae, 0x9f, 0xae,
    0x9e, 0xae, 0x9e, 0xae, 0x7e, 0xa6, 0xbe, 0xb6, 0xbe, 0xb6, 0x7e, 0xa6,
    0x9e, 0xa6, 0x7e, 0xae, 0x9e, 0xae, 0x7e, 0xa6, 0x7e, 0xa6, 0x7e, 0xa6,
    0x7e, 0xa6, 0x7e, 0xa6, 0x7e, 0xa6, 0x7d, 0xa6, 0x9e, 0xa6, 0x7e, 0xa6,
    0x7e, 0xa6, 0x9e, 0xa6, 0x9e, 0xae, 0x5e, 0x9e, 0x5d, 0x9e, 0x5e, 0x9e,
    0x5d, 0x9e, 0x3e, 0x9e, 0x5e, 0x9e, 0x5d, 0x96, 0x5e, 0x9e, 0x5d, 0x9e,
    0x3d, 0x96, 0x3d, 0x96, 0x3d, 0x96, 0x1d, 0x96, 0x3d, 0x96, 0x1d, 0x96,
    0x1d, 0x96, 0x1d, 0x8e, 0x1d, 0x8e, 0x1d, 0x8e, 0x1d, 0x8e, 0x1d, 0x8e,
    0x1d, 0x8e, 0x1d, 0x8e, 0xfd, 0x8d, 0x1d, 0x96, 0x1d, 0x8e, 0xfd, 0x8d,
    0x1d, 0x8e, 0x1d, 0x8e, 0xfd, 0x8d, 0x1c, 0x8e, 0x1d, 0x96, 0x1d, 0x8e,
    0x1d, 0x8e, 0xfd, 0x8d, 0xfc, 0x8d, 0x1d, 0x8e, 0x1d, 0x8e, 0xfc, 0x8d,
    0x1d, 0x8e, 0x1d, 0x8e, 0x1d, 0x8e, 0xfd, 0x8d, 0x1d, 0x8e, 0xfd, 0x8d,
    0x1d, 0x8e, 0x1d, 0x8e, 0x1d, 0x8e, 0x1d, 0x8e, 0xfd, 0x8d, 0xdd, 0x7d,
    0xfe, 0xbe, 0xff, 0xff, 0xff, 0xff, 0xff, 0xff, 0xff, 0xff, 0xff, 0xff,
    0xff, 0xff, 0xff, 0xff, 0xff, 0xff, 0xff, 0xff, 0xff, 0xff, 0xff, 0xff,
    0xff, 0xff, 0xff, 0xff, 0xff, 0xff, 0xff, 0xff, 0xff, 0xff, 0xff, 0xff,
    0xff, 0xff, 0xff, 0xff, 0xff, 0xff, 0xff, 0xff, 0xff, 0xff, 0xff, 0xff,
    0xdf, 0xf7, 0x9e, 0xae, 0x3d, 0x96, 0x5e, 0x96, 0x5e, 0x9e, 0x5e, 0x9e,
    0x5e, 0x9e, 0x7e, 0x9e, 0x7e, 0x9e, 0x5e, 0x9e, 0x5d, 0x9e, 0x5d, 0x9e,
    0x5e, 0x9e, 0x5e, 0x9e, 0x5d, 0x9e, 0x5e, 0x9e, 0x7e, 0x9e, 0x5d, 0x9e,
    0x5d, 0x96, 0x5d, 0x9e, 0x5e, 0x9e, 0x5d, 0x9e, 0x5d, 0x9e, 0x3e, 0x9e,
    0x5d, 0x9e, 0x5d, 0x9e, 0x3e, 0x9e, 0x5d, 0x96, 0x3d, 0x96, 0x5e, 0x9e,
    0x7e, 0xa6, 0xbe, 0xb6, 0xfe, 0xbe, 0x1f, 0xc7, 0xff, 0xc6, 0xfe, 0xbe,
    0xff, 0xc6, 0xff, 0xc6, 0xfe, 0xbe, 0xff, 0xc6, 0xff, 0xbe, 0xfe, 0xbe,
    0xff, 0xc6, 0xfe, 0xc6, 0xff, 0xbe, 0xff, 0xbe, 0xfe, 0xc6, 0xff, 0xbe,
    0xfe, 0xc6, 0xff, 0xc6, 0xff, 0xbe, 0xfe, 0xc6, 0xfe, 0xbe, 0xff, 0xc6,
    0xff, 0xc6, 0xff, 0xbe, 0xff, 0xc6, 0xff, 0xc6, 0xfe, 0xbe, 0xff, 0xbe,
    0xff, 0xc6, 0xfe, 0xbe, 0xfe, 0xc6, 0xff, 0xc6, 0xff, 0xc6, 0xff, 0xbe,
    0xfe, 0xc6, 0xff, 0xc6, 0xff, 0xbe, 0xff, 0xc6, 0xfe, 0xc6, 0xff, 0xc6,
    0xfe, 0xbe, 0xff, 0xc6, 0xfe, 0xbe, 0xff, 0xc6, 0xff, 0xc6, 0xfe, 0xbe,
    0xff, 0xbe, 0xff, 0xc6, 0xfe, 0xc6, 0xff, 0xc6, 0x1f, 0xc7, 0xff, 0xc6,
    0xff, 0xc6, 0xfe, 0xc6, 0xfe, 0xc6, 0xff, 0xc6, 0xfe, 0xbe, 0x1e, 0xc7,
    0xff, 0xc6, 0xfe, 0xc6, 0xff, 0xc6, 0xff, 0xc6, 0xfe, 0xc6, 0x1f, 0xc7,
    0xff, 0xc6, 0xfe, 0xc6, 0xff, 0xc6, 0xff, 0xc6, 0x1e, 0xc7, 0xff, 0xc6,
    0xff, 0xc6, 0x1f, 0xc7, 0x1f, 0xc7, 0xfe, 0xc6, 0x1f, 0xc7, 0xff, 0xc6,
    0xfe, 0xc6, 0xff, 0xc6, 0x1f, 0xc7, 0xff, 0xce, 0x1e, 0xc7, 0x1f, 0xc7,
    0x1e, 0xc7, 0x1f, 0xcf, 0x1f, 0xcf, 0x1f, 0xc7, 0x1e, 0xc7, 0x1f, 0xcf,
    0x1f, 0xcf, 0xde, 0xbe, 0xbe, 0xae, 0xbe, 0xae, 0xbe, 0xae, 0xbe, 0xb6,
    0xbf, 0xb6, 0xbe, 0xae, 0xde, 0xb6, 0xdf, 0xbe, 0xde, 0xb6, 0xbe, 0xb6,
    0xbf, 0xb6, 0xbe, 0xb6, 0xbe, 0xb6, 0xbe, 0xb6, 0xbf, 0xb6, 0xde, 0xae,
    0xbe, 0xb6, 0xbe, 0xb6, 0xbe, 0xae, 0xbe, 0xae, 0xbe, 0xae, 0x9e, 0xae,
    0x9e, 0xae, 0x9e, 0xae, 0xbe, 0xb6, 0xbe, 0xb6, 0x7e, 0xa6, 0x9e, 0xa6,
    0x9e, 0xa6, 0x9e, 0xae, 0x7e, 0xa6, 0x7d, 0xa6, 0x7e, 0xa6, 0x7e, 0xa6,
    0x7d, 0xa6, 0x7e, 0xa6, 0x7e, 0xa6, 0x7e, 0xa6, 0x9d, 0xa6, 0x7e, 0xa6,
    0x7e, 0xa6, 0x9e, 0xae, 0x7e, 0xa6, 0x5d, 0x9e, 0x5d, 0x9e, 0x5d, 0x9e,
    0x5e, 0x9e, 0x5d, 0x9e, 0x3e, 0x9e, 0x5d, 0x9e, 0x3e, 0x9e, 0x3d, 0x96,
    0x3d, 0x96, 0x3d, 0x9e, 0x3d, 0x96, 0x1d, 0x96, 0x3d, 0x96, 0x1d, 0x96,
    0x1d, 0x8e, 0x1d, 0x96, 0x1d, 0x96, 0x1d, 0x8e, 0x1d, 0x8e, 0x1d, 0x8e,
    0x1d, 0x8e, 0x1d, 0x8e, 0xfd, 0x8d, 0x1c, 0x96, 0x1d, 0x8e, 0x1d, 0x8e,
    0x1d, 0x8e, 0x1d, 0x8e, 0x1d, 0x8e, 0x1d, 0x96, 0xfd, 0x8d, 0x1d, 0x8e,
    0x1d, 0x8e, 0xfd, 0x8d, 0xfd, 0x8d, 0x1d, 0x8e, 0x1d, 0x8e, 0x1d, 0x8e,
    0xfd, 0x8d, 0x1d, 0x8e, 0x1d, 0x8e, 0x1d, 0x8e, 0x1c, 0x8e, 0x1d, 0x8e,
    0x1d, 0x8e, 0x1d, 0x8e, 0x1d, 0x8e, 0xfc, 0x85, 0xfd, 0x85, 0x1e, 0xc7,
    0xff, 0xff, 0xff, 0xff, 0xff, 0xff, 0xff, 0xff, 0xff, 0xff, 0xff, 0xff,
    0xff, 0xff, 0xff, 0xff, 0xff, 0xff, 0xff, 0xff, 0xff, 0xff, 0xff, 0xff,
    0xff, 0xff, 0xff, 0xff, 0xff, 0xff, 0xff, 0xff, 0xff, 0xff, 0xff, 0xff,
    0xff, 0xff, 0xff, 0xff, 0xff, 0xff, 0xff, 0xff, 0xff, 0xff, 0xff, 0xff,
    0xff, 0xff, 0xff, 0xff, 0xff, 0xc6, 0x3d, 0x96, 0x5e, 0x9e, 0x7e, 0xa6,
    0x7e, 0x9e, 0x5d, 0x9e, 0x5d, 0x96, 0x5e, 0x9e, 0x5d, 0x9e, 0x5e, 0x9e,
    0x5d, 0x9e, 0x5e, 0x9e, 0x5d, 0x9e, 0x5d, 0x9e, 0x5e, 0x9e, 0x5d, 0x9e,
    0x5d, 0x9e, 0x5e, 0x9e, 0x5e, 0x9e, 0x5d, 0x9e, 0x5e, 0x9e, 0x3d, 0x96,
    0x5d, 0x9e, 0x5e, 0x96, 0x3d, 0x9e, 0x5e, 0x9e, 0x9e, 0xae, 0xde, 0xbe,
    0x1f, 0xc7, 0x1f, 0xc7, 0xff, 0xc6, 0xff, 0xc6, 0xfe, 0xc6, 0x1f, 0xbf,
    0xff, 0xc6, 0xff, 0xbe, 0x1e, 0xc7, 0xff, 0xc6, 0xfe, 0xc6, 0xff, 0xbe,
    0xff, 0xc6, 0xfe, 0xbe, 0xff, 0xbe, 0xff, 0xc6, 0xfe, 0xc6, 0xff, 0xbe,
    0xff, 0xc6, 0xfe, 0xc6, 0xff, 0xc6, 0xff, 0xbe, 0xff, 0xc6, 0xff, 0xc6,
    0xfe, 0xbe, 0xfe, 0xc6, 0xff, 0xc6, 0xfe, 0xc6, 0xfe, 0xc6, 0xff, 0xc6,
    0xff, 0xbe, 0xfe, 0xbe, 0xff, 0xc6, 0xfe, 0xc6, 0xfe, 0xbe, 0xff, 0xc6,
    0xfe, 0xbe, 0xde, 0xc6, 0xff, 0xbe, 0xff, 0xc6, 0xfe, 0xbe, 0xff, 0xc6,
    0xff, 0xc6, 0xfe, 0xbe, 0xff, 0xc6, 0xfe, 0xc6, 0xff, 0xc6, 0x1f, 0xc7,
    0xfe, 0xc6, 0xff, 0xbe, 0xff, 0xc6, 0xfe, 0xc6, 0xff, 0xc6, 0x1f, 0xc7,
    0x1f, 0xc7, 0xfe, 0xc6, 0xff, 0xc6, 0xff, 0xc6, 0xff, 0xc6, 0xfe, 0xbe,
    0xff, 0xc6, 0xfe, 0xc6, 0xfe, 0xc6, 0xff, 0xc6, 0xff, 0xbe, 0xff, 0xc6,
    0xfe, 0xc6, 0xff, 0xbe, 0xff, 0xc6, 0xfe, 0xbe, 0xff, 0xc6, 0x1e, 0xc7,
    0xfe, 0xc6, 0xff, 0xc6, 0x1e, 0xc7, 0xff, 0xc6, 0x1e, 0xc7, 0xff, 0xce,
    0xff, 0xc6, 0x1e, 0xcf, 0xff, 0xce, 0x1f, 0xc7, 0x1e, 0xc7, 0x1f, 0xcf,
    0x1e, 0xc7, 0xff, 0xc6, 0x1f, 0xc7, 0x1e, 0xcf, 0x1f, 0xcf, 0xfe, 0xc6,
    0xbe, 0xb6, 0x9e, 0xae, 0xbe, 0xae, 0xbe, 0xae, 0xbe, 0xb6, 0xdf, 0xb6,
    0xbe, 0xae, 0xdf, 0xb6, 0xde, 0xbe, 0xde, 0xb6, 0xbf, 0xb6, 0xde, 0xb6,
    0xde, 0xb6, 0xbf, 0xb6, 0xde, 0xb6, 0xbe, 0xb6, 0xbe, 0xb6, 0xbf, 0xb6,
    0xbe, 0xb6, 0xbf, 0xb6, 0xbe, 0xae, 0x9e, 0xae, 0x9e, 0xae, 0x9e, 0xae,
    0x9e, 0xae, 0xbe, 0xb6, 0xbe, 0xae, 0x9e, 0xa6, 0x9e, 0xae, 0x9e, 0xae,
    0x9e, 0xae, 0x7e, 0xa6, 0x7e, 0xa6, 0x7e, 0xa6, 0x7d, 0xa6, 0x7e, 0xa6,
    0x9e, 0xa6, 0x7d, 0xa6, 0x7e, 0xae, 0x9e, 0xa6, 0x9e, 0xa6, 0x7d, 0xa6,
    0x9e, 0xae, 0x9e, 0xae, 0x5d, 0x9e, 0x5e, 0x9e, 0x5d, 0x9e, 0x5d, 0x9e,
    0x5d, 0x9e, 0x5e, 0x9e, 0x5d, 0x96, 0x5d, 0x9e, 0x5d, 0x9e, 0x3e, 0x96,
    0x3d, 0x9e, 0x3e, 0x96, 0x3d, 0x96, 0x1d, 0x96, 0x1d, 0x96, 0x1d, 0x96,
    0x3d, 0x8e, 0x1d, 0x8e, 0x1d, 0x96, 0x1d, 0x8e, 0x1d, 0x96, 0xfd, 0x95,
    0x1d, 0x8e, 0x1c, 0x8e, 0x1d, 0x8e, 0x1d, 0x8e, 0xfd, 0x8d, 0x1d, 0x8e,
    0xfc, 0x8d, 0x1d, 0x8e, 0x1d, 0x96, 0x1d, 0x8e, 0x1d, 0x96, 0x1d, 0x8e,
    0x1d, 0x8e, 0xfd, 0x95, 0x1d, 0x8e, 0xfc, 0x8d, 0xfd, 0x8d, 0x1d, 0x8e,
    0xfd, 0x8d, 0x1d, 0x8e, 0x1d, 0x8e, 0xfd, 0x8d, 0x1d, 0x8e, 0x1d, 0x8e,
    0x1d, 0x8e, 0xfd, 0x8d, 0xdc, 0x85, 0x1d, 0x8e, 0x5f, 0xdf, 0xff, 0xff,
    0xff, 0xff, 0xff, 0xff, 0xff, 0xff, 0xff, 0xff, 0xff, 0xff, 0xff, 0xff,
    0xff, 0xff, 0xff, 0xff, 0xff, 0xff, 0xff, 0xff, 0xff, 0xff, 0xff, 0xff,
    0xff, 0xff, 0xff, 0xff, 0xff, 0xff, 0xff, 0xff, 0xff, 0xff, 0xff, 0xff,
    0xff, 0xff, 0xff, 0xff, 0xff, 0xff, 0xff, 0xff, 0xff, 0xff, 0xff, 0xff,
    0xff, 0xff, 0xff, 0xff, 0xff, 0xff, 0x9f, 0xe7, 0xbe, 0xae, 0x3d, 0x8e,
    0x3d, 0x96, 0x5d, 0x9e, 0x5e, 0x9e, 0x5e, 0x9e, 0x5e, 0x9e, 0x5d, 0x9e,
    0x5e, 0x9e, 0x5d, 0x9e, 0x5e, 0x9e, 0x5e, 0x9e, 0x5d, 0x9e, 0x5e, 0x9e,
    0x5e, 0x9e, 0x3d, 0x96, 0x5d, 0x9e, 0x5e, 0x9e, 0x5d, 0x96, 0x3d, 0x96,
    0x5e, 0x9e, 0x9e, 0xa6, 0xde, 0xb6, 0xff, 0xc6, 0x1f, 0xc7, 0x1f, 0xc7,
    0xfe, 0xc6, 0xff, 0xbe, 0xff, 0xc6, 0xff, 0xc6, 0xff, 0xbe, 0x1e, 0xc7,
    0xff, 0xc6, 0xff, 0xbe, 0xfe, 0xc6, 0xff, 0xc6, 0xff, 0xc6, 0xfe, 0xc6,
    0xff, 0xc6, 0xff, 0xc6, 0xfe, 0xc6, 0xff, 0xbe, 0xff, 0xc6, 0xfe, 0xbe,
    0xff, 0xc6, 0xff, 0xbe, 0x1f, 0xc7, 0xfe, 0xc6, 0xff, 0xc6, 0xfe, 0xc6,
    0xff, 0xc6, 0xff, 0xc6, 0xff, 0xbe, 0xff, 0xbe, 0xfe, 0xc6, 0xff, 0xc6,
    0xff, 0xc6, 0xfe, 0xc6, 0xff, 0xc6, 0xff, 0xbe, 0xfe, 0xc6, 0xff, 0xc6,
    0xff, 0xc6, 0xfe, 0xbe, 0xfe, 0xc6, 0xff, 0xc6, 0xff, 0xbe, 0xfe, 0xc6,
    0xff, 0xc6, 0xff, 0xc6, 0xfe, 0xc6, 0xff, 0xbe, 0xff, 0xc6, 0xfe, 0xc6,
    0x1f, 0xc7, 0xfe, 0xc6, 0xff, 0xbe, 0xff, 0xc6, 0xfe, 0xc6, 0xff, 0xc6,
    0xfe, 0xc6, 0x1f, 0xc7, 0xff, 0xc6, 0x1f, 0xc7, 0xfe, 0xc6, 0xff, 0xc6,
    0xff, 0xbe, 0xff, 0xc6, 0xff, 0xc6, 0xfe, 0xc6, 0xff, 0xbe, 0xfe, 0xc6,
    0x1f, 0xc7, 0xff, 0xc6, 0xfe, 0xc6, 0xff, 0xc6, 0xff, 0xc6, 0xff, 0xc6,
    0xff, 0xc6, 0xfe, 0xc6, 0x1f, 0xc7, 0xff, 0xc6, 0x1e, 0xc7, 0x1f, 0xc7,
    0xff, 0xc6, 0x1f, 0xcf, 0x1f, 0xcf, 0x1f, 0xc7, 0x1f, 0xcf, 0xff, 0xc6,
    0x1f, 0xc7, 0x1f, 0xcf, 0x1f, 0xcf, 0x1f, 0xc7, 0xde, 0xb6, 0x9e, 0xae,
    0xbe, 0xae, 0xbf, 0xae, 0xbe, 0xae, 0xbe, 0xb6, 0xbf, 0xae, 0xde, 0xb6,
    0xde, 0xb6, 0xdf, 0xb6, 0xbe, 0xb6, 0xbe, 0xb6, 0xdf, 0xb6, 0xbe, 0xb6,
    0xde, 0xb6, 0xde, 0xb6, 0xbf, 0xb6, 0xbe, 0xb6, 0xde, 0xb6, 0xbe, 0xae,
    0xbe, 0xb6, 0xbe, 0xae, 0xbe, 0xae, 0xbe, 0xb6, 0x9e, 0xae, 0x9e, 0xae,
    0xdf, 0xb6, 0xbe, 0xae, 0x7e, 0xa6, 0x9e, 0xae, 0x9e, 0xae, 0x9e, 0xae,
    0x7e, 0xae, 0x7e, 0xa6, 0x7e, 0xa6, 0x7e, 0xa6, 0x7e, 0xa6, 0x7e, 0xa6,
    0x9e, 0xa6, 0x9e, 0xae, 0x9e, 0xae, 0x7e, 0xa6, 0x9e, 0xa6, 0x9e, 0xae,
    0x9e, 0xae, 0x5d, 0x9e, 0x5e, 0x9e, 0x5e, 0x9e, 0x5d, 0x9e, 0x3e, 0x9e,
    0x5e, 0x9e, 0x3d, 0x9e, 0x5e, 0x9e, 0x3e, 0x9e, 0x3d, 0x9e, 0x5e, 0x96,
    0x5d, 0x9e, 0x3d, 0x96, 0x3d, 0x96, 0x3d, 0x96, 0x3d, 0x96, 0x1d, 0x96,
    0x1d, 0x96, 0x1d, 0x8e, 0x1d, 0x8e, 0x1d, 0x8e, 0x1d, 0x8e, 0x1d, 0x96,
    0x1d, 0x96, 0xfd, 0x8d, 0x1d, 0x96, 0x1d, 0x8e, 0x1d, 0x8e, 0xfd, 0x95,
    0x1d, 0x96, 0x1d, 0x8e, 0xfd, 0x8d, 0x1d, 0x96, 0x1d, 0x8e, 0x1d, 0x96,
    0x1d, 0x8e, 0x1d, 0x8e, 0xfd, 0x8d, 0x1d, 0x8e, 0x1d, 0x8e, 0x1d, 0x8e,
    0x1d, 0x8e, 0x1d, 0x8e, 0x1d, 0x8e, 0x1d, 0x8e, 0x1d, 0x8e, 0x1d, 0x8e,
    0xfd, 0x85, 0xfd, 0x8d, 0xbe, 0xb6, 0xdf, 0xf7, 0xff, 0xff, 0xff, 0xff,
    0xff, 0xff, 0xff, 0xff, 0xff, 0xff, 0xff, 0xff, 0xff, 0xff, 0xff, 0xff,
    0xff, 0xff, 0xff, 0xff, 0xff, 0xff, 0xff, 0xff, 0xff, 0xff, 0xff, 0xff,
    0xff, 0xff, 0xff, 0xff, 0xff, 0xff, 0xff, 0xff, 0xff, 0xff, 0xff, 0xff,
    0xff, 0xff, 0xff, 0xff, 0xff, 0xff, 0xff, 0xff, 0xff, 0xff, 0xff, 0xff,
    0xff, 0xff, 0xff, 0xff, 0xff, 0xff, 0xff, 0xff, 0xff, 0xff, 0x5f, 0xd7,
    0x9e, 0xae, 0x3d, 0x96, 0x3d, 0x96, 0x5e, 0x96, 0x5e, 0x9e, 0x5d, 0x9e,
    0x5d, 0x9e, 0x5e, 0x96, 0x5d, 0x9e, 0x5e, 0x9e, 0x5e, 0x9e, 0x5e, 0x9e,
    0x5d, 0x9e, 0x5e, 0x96, 0x3e, 0x96, 0x5d, 0x9e, 0x5e, 0x9e, 0x9e, 0xae,
    0xdf, 0xbe, 0xff, 0xc6, 0x1f, 0xc7, 0xff, 0xc6, 0xff, 0xc6, 0xfe, 0xc6,
    0xff, 0xc6, 0xfe, 0xc6, 0x1f, 0xbf, 0xfe, 0xc6, 0xfe, 0xc6, 0xff, 0xc6,
    0x1e, 0xc7, 0xff, 0xc6, 0xfe, 0xc6, 0xff, 0xbe, 0xff, 0xc6, 0x1e, 0xc7,
    0xff, 0xbe, 0xff, 0xc6, 0xfe, 0xc6, 0xff, 0xbe, 0xff, 0xc6, 0xff, 0xc6,
    0xfe, 0xc6, 0x1f, 0xc7, 0xff, 0xc6, 0xff, 0xc6, 0xfe, 0xc6, 0x1f, 0xc7,
    0xff, 0xc6, 0xfe, 0xc6, 0xff, 0xc6, 0xff, 0xc6, 0xfe, 0xc6, 0xff, 0xbe,
    0xfe, 0xc6, 0xff, 0xc6, 0xff, 0xc6, 0xff, 0xc6, 0xfe, 0xc6, 0xff, 0xc6,
    0xff, 0xc6, 0xfe, 0xc6, 0xff, 0xc6, 0xff, 0xc6, 0xfe, 0xc6, 0xff, 0xc6,
    0xff, 0xc6, 0xfe, 0xc6, 0x1f, 0xc7, 0x1f, 0xc7, 0xff, 0xc6, 0xfe, 0xc6,
    0xff, 0xc6, 0x1f, 0xc7, 0xfe, 0xc6, 0x1f, 0xc7, 0xfe, 0xbe, 0xff, 0xc6,
    0xff, 0xc6, 0xfe, 0xc6, 0xff, 0xc6, 0x1e, 0xc7, 0xff, 0xc6, 0xff, 0xc6,
    0x1e, 0xc7, 0xff, 0xc6, 0xfe, 0xbe, 0x1f, 0xc7, 0xfe, 0xc6, 0xff, 0xc6,
    0xff, 0xbe, 0xfe, 0xc6, 0x1e, 0xc7, 0xfe, 0xc6, 0xff, 0xc6, 0x1f, 0xc7,
    0x1f, 0xc7, 0x1f, 0xc7, 0xff, 0xc6, 0x1f, 0xcf, 0xfe, 0xc6, 0xff, 0xc6,
    0x1f, 0xcf, 0x1e, 0xc7, 0x1f, 0xc7, 0x1f, 0xcf, 0x1f, 0xcf, 0x1e, 0xc7,
    0x1f, 0xcf, 0x1f, 0xc7, 0xde, 0xbe, 0x9e, 0xae, 0x9e, 0xae, 0xbe, 0xae,
    0xbf, 0xae, 0xbe, 0xae, 0xbe, 0xb6, 0xbe, 0xb6, 0xbf, 0xb6, 0xde, 0xb6,
    0xde, 0xb6, 0xbf, 0xb6, 0xde, 0xb6, 0xde, 0xb6, 0xbf, 0xb6, 0xbf, 0xb6,
    0xbe, 0xb6, 0xde, 0xb6, 0xde, 0xb6, 0xdf, 0xb6, 0xbe, 0xb6, 0xbe, 0xb6,
    0xbe, 0xae, 0xbe, 0xae, 0xbe, 0xae, 0x9e, 0xae, 0x9e, 0xae, 0xde, 0xbe,
    0x9e, 0xae, 0x9e, 0xae, 0x9e, 0xae, 0x9e, 0xae, 0x9e, 0xa6, 0x9e, 0xa6,
    0x7e, 0xa6, 0x9e, 0xa6, 0x9d, 0xa6, 0x7d, 0xa6, 0x9e, 0xa6, 0x9e, 0xae,
    0x7e, 0xa6, 0x9e, 0xa6, 0x9e, 0xae, 0x9e, 0xa6, 0x7e, 0xa6, 0x9e, 0xae,
    0x7e, 0x9e, 0x5d, 0x9e, 0x5d, 0x9e, 0x5e, 0x9e, 0x5d, 0x9e, 0x5e, 0x9e,
    0x5e, 0x9e, 0x5d, 0x9e, 0x5e, 0x9e, 0x5d, 0x96, 0x5e, 0x9e, 0x5d, 0x9e,
    0x5e, 0x9e, 0x3e, 0x9e, 0x3d, 0x96, 0x3e, 0x96, 0x3d, 0x96, 0x3d, 0x96,
    0x1d, 0x96, 0x1d, 0x96, 0x3d, 0x96, 0x3d, 0x96, 0x1d, 0x8e, 0x1d, 0x8e,
    0x1d, 0x8e, 0x1d, 0x96, 0x1d, 0x8e, 0x1d, 0x96, 0x1d, 0x8e, 0x1d, 0x96,
    0x1d, 0x8e, 0x1d, 0x8e, 0x1d, 0x96, 0x1d, 0x96, 0x1d, 0x8e, 0x1d, 0x8e,
    0x1d, 0x96, 0x1d, 0x8e, 0x1d, 0x96, 0x1d, 0x96, 0x1d, 0x8e, 0x1d, 0x8e,
    0x1d, 0x96, 0x1d, 0x8e, 0x1d, 0x8e, 0xfd, 0x8d, 0xfc, 0x8d, 0x1d, 0x8e,
    0xbe, 0xb6, 0x9f, 0xe7, 0xff, 0xff, 0xff, 0xff, 0xff, 0xff, 0xff, 0xff,
    0xff, 0xff, 0xff, 0xff, 0xff, 0xff, 0xff, 0xff, 0xff, 0xff, 0xff, 0xff,
    0xff, 0xff, 0xff, 0xff, 0xff, 0xff, 0xff, 0xff, 0xff, 0xff, 0xff, 0xff,
    0xff, 0xff, 0xff, 0xff, 0xff, 0xff, 0xff, 0xff, 0xff, 0xff, 0xff, 0xff,
    0xff, 0xff, 0xff, 0xff, 0xff, 0xff, 0xff, 0xff, 0xff, 0xff, 0xff, 0xff,
    0xff, 0xff, 0xff, 0xff, 0xff, 0xff, 0xff, 0xff, 0xff, 0xff, 0xff, 0xff,
    0xff, 0xff, 0x7f, 0xe7, 0xfe, 0xbe, 0x9e, 0xa6, 0x5e, 0x9e, 0x5d, 0x96,
    0x3e, 0x96, 0x3d, 0x96, 0x3d, 0x96, 0x3d, 0x96, 0x3d, 0x96, 0x3d, 0x96,
    0x3d, 0x96, 0x3d, 0x96, 0x7e, 0x9e, 0x9e, 0xae, 0xdf, 0xbe, 0xff, 0xbe,
    0xde, 0xbe, 0xdf, 0xbe, 0xdf, 0xbe, 0xfe, 0xbe, 0xff, 0xbe, 0xdf, 0xbe,
    0xfe, 0xbe, 0xff, 0xbe, 0xff, 0xbe, 0xfe, 0xbe, 0xff, 0xbe, 0xff, 0xbe,
    0xfe, 0xbe, 0xfe, 0xbe, 0xff, 0xbe, 0xfe, 0xbe, 0xfe, 0xbe, 0xff, 0xbe,
    0xfe, 0xbe, 0xff, 0xbe, 0xfe, 0xbe, 0xfe, 0xbe, 0xff, 0xbe, 0xfe, 0xbe,
    0xff, 0xbe, 0xfe, 0xbe, 0xfe, 0xbe, 0xff, 0xbe, 0xff, 0xbe, 0xfe, 0xbe,
    0xff, 0xbe, 0xfe, 0xbe, 0xfe, 0xbe, 0xfe, 0xbe, 0xff, 0xbe, 0xff, 0xbe,
    0xde, 0xbe, 0xfe, 0xbe, 0xff, 0xbe, 0xde, 0xbe, 0xfe, 0xbe, 0xff, 0xbe,
    0xdf, 0xbe, 0xfe, 0xbe, 0xff, 0xbe, 0xdf, 0xbe, 0xfe, 0xbe, 0xff, 0xbe,
    0xfe, 0xbe, 0xff, 0xbe, 0xfe, 0xbe, 0xff, 0xbe, 0xfe, 0xbe, 0xff, 0xbe,
    0xff, 0xbe, 0xfe, 0xbe, 0xff, 0xbe, 0xff, 0xbe, 0xfe, 0xbe, 0xff, 0xbe,
    0xff, 0xbe, 0xfe, 0xbe, 0xff, 0xbe, 0xff, 0xbe, 0xfe, 0xbe, 0xff, 0xbe,
    0xfe, 0xbe, 0xff, 0xbe, 0xff, 0xbe, 0xfe, 0xbe, 0xff, 0xbe, 0xff, 0xbe,
    0xfe, 0xbe, 0xff, 0xbe, 0xff, 0xbe, 0xfe, 0xbe, 0xfe, 0xbe, 0xde, 0xbe,
    0xff, 0xbe, 0xfe, 0xbe, 0xff, 0xc6, 0xff, 0xc6, 0xff, 0xc6, 0xfe, 0xc6,
    0xfe, 0xc6, 0xff, 0xc6, 0xfe, 0xc6, 0xff, 0xc6, 0xfe, 0xc6, 0xff, 0xc6,
    0xde, 0xbe, 0x9e, 0xa6, 0x7e, 0xa6, 0x9e, 0xae, 0x9e, 0xae, 0x9e, 0xae,
    0x9e, 0xae, 0x9e, 0xae, 0x9e, 0xae, 0xde, 0xb6, 0xbf, 0xb6, 0xbe, 0xae,
    0xbe, 0xae, 0xbe, 0xb6, 0xbe, 0xae, 0xbe, 0xae, 0xbe, 0xae, 0xbe, 0xae,
    0xbe, 0xae, 0xbf, 0xae, 0xbe, 0xae, 0xbe, 0xae, 0x9e, 0xae, 0xbe, 0xae,
    0x9e, 0xae, 0x9e, 0xa6, 0x9e, 0xa6, 0x9e, 0xae, 0xbe, 0xb6, 0x9e, 0xa6,
    0x7e, 0xa6, 0x7e, 0xa6, 0x7e, 0xa6, 0x7e, 0xa6, 0x7e, 0xa6, 0x5e, 0x9e,
    0x5d, 0x9e, 0x7e, 0xa6, 0x7e, 0xa6, 0x5e, 0x9e, 0x7e, 0x9e, 0x7d, 0xa6,
    0x7d, 0x9e, 0x5e, 0xa6, 0x7d, 0xa6, 0x7d, 0xa6, 0x7e, 0xa6, 0x5e, 0x9e,
    0x3d, 0x96, 0x3d, 0x96, 0x3d, 0x96, 0x3d, 0x96, 0x3d, 0x96, 0x3d, 0x96,
    0x3d, 0x96, 0x3d, 0x96, 0x3d, 0x96, 0x3e, 0x96, 0x3d, 0x96, 0x3e, 0x96,
    0x3d, 0x96, 0x3d, 0x96, 0x1d, 0x8e, 0x1d, 0x8e, 0x1d, 0x8e, 0x1d, 0x8e,
    0x1d, 0x86, 0xfd, 0x85, 0xfd, 0x8d, 0x1d, 0x8e, 0xfd, 0x8d, 0x1d, 0x86,
    0x1d, 0x86, 0xfd, 0x85, 0xfd, 0x85, 0xfd, 0x8d, 0xfd, 0x85, 0x1d, 0x8e,
    0xfd, 0x8d, 0xfd, 0x85, 0xfd, 0x85, 0xfd, 0x85, 0xfd, 0x85, 0xfd, 0x85,
    0xfd, 0x85, 0xfd, 0x85, 0xfd, 0x85, 0xfd, 0x8d, 0xfd, 0x85, 0xfd, 0x8d,
    0xfc, 0x85, 0xfc, 0x85, 0x1d, 0x8e, 0x7d, 0xa6, 0x1e, 0xc7, 0xbf, 0xef,
    0xff, 0xff, 0xff, 0xff, 0xff, 0xff, 0xff, 0xff, 0xff, 0xff, 0xff, 0xff,
    0xff, 0xff, 0xff, 0xff, 0xff, 0xff, 0xff, 0xff, 0xff, 0xff, 0xff, 0xff,
    0xff, 0xff, 0xff, 0xff, 0xff, 0xff, 0xff, 0xff, 0xff, 0xff, 0xff, 0xff,
    0xff, 0xff, 0xff, 0xff, 0xff, 0xff, 0xff, 0xff, 0xff, 0xff, 0xff, 0xff,
    0xff, 0xff, 0xff, 0xff, 0xff, 0xff, 0xff, 0xff, 0xff, 0xff, 0xff, 0xff,
    0xff, 0xff, 0xff, 0xff, 0xff, 0xff, 0xff, 0xff, 0xff, 0xff, 0xff, 0xff,
    0xff, 0xff, 0xff, 0xff, 0xff, 0xff, 0xff, 0xff, 0xbf, 0xef, 0x7f, 0xdf,
    0x3f, 0xcf, 0x1f, 0xc7, 0x1e, 0xc7, 0x1e, 0xc7, 0x1f, 0xc7, 0x1e, 0xc7,
    0x1e, 0xc7, 0x5f, 0xd7, 0x5f, 0xdf, 0x7f, 0xdf, 0x7f, 0xdf, 0x5f, 0xdf,
    0x5f, 0xdf, 0x7f, 0xdf, 0x7f, 0xdf, 0x7f, 0xdf, 0x5f, 0xdf, 0x7f, 0xdf,
    0x7f, 0xdf, 0x7f, 0xdf, 0x5f, 0xdf, 0x7f, 0xdf, 0x7f, 0xdf, 0x7f, 0xdf,
    0x5f, 0xdf, 0x7f, 0xdf, 0x7f, 0xdf, 0x7f, 0xdf, 0x7f, 0xdf, 0x7f, 0xdf,
    0x5f, 0xdf, 0x7f, 0xdf, 0x7f, 0xdf, 0x7f, 0xdf, 0x7f, 0xdf, 0x7f, 0xdf,
    0x7f, 0xdf, 0x7f, 0xdf, 0x7f, 0xdf, 0x7f, 0xdf, 0x7f, 0xdf, 0x7f, 0xdf,
    0x7f, 0xdf, 0x7f, 0xdf, 0x7f, 0xdf, 0x7f, 0xdf, 0x5f, 0xdf, 0x7f, 0xdf,
    0x5f, 0xdf, 0x7f, 0xdf, 0x7f, 0xdf, 0x5f, 0xdf, 0x7f, 0xdf, 0x7f, 0xdf,
    0x7f, 0xdf, 0x7f, 0xdf, 0x7f, 0xdf, 0x7f, 0xdf, 0x7f, 0xdf, 0x7f, 0xdf,
    0x7f, 0xdf, 0x7f, 0xdf, 0x5f, 0xdf, 0x7f, 0xdf, 0x7f, 0xdf, 0x7f, 0xdf,
    0x7f, 0xdf, 0x7f, 0xdf, 0x5f, 0xdf, 0x7f, 0xdf, 0x7f, 0xdf, 0x7f, 0xdf,
    0x7f, 0xdf, 0x7f, 0xdf, 0x7f, 0xdf, 0x7f, 0xdf, 0x7f, 0xdf, 0x7f, 0xdf,
    0x7f, 0xdf, 0x7f, 0xdf, 0x7f, 0xdf, 0x7f, 0xdf, 0x7f, 0xdf, 0x7f, 0xdf,
    0x7f, 0xdf, 0x5f, 0xdf, 0x7f, 0xdf, 0x7f, 0xdf, 0x7f, 0xdf, 0x7f, 0xdf,
    0x7f, 0xdf, 0x7f, 0xdf, 0x7f, 0xdf, 0x7f, 0xdf, 0x7f, 0xe7, 0x7f, 0xdf,
    0x7f, 0xe7, 0x7f, 0xdf, 0x7f, 0xdf, 0x7f, 0xdf, 0x7f, 0xe7, 0x5f, 0xd7,
    0x3f, 0xcf, 0x3f, 0xd7, 0x3f, 0xd7, 0x3f, 0xcf, 0x3f, 0xcf, 0x3f, 0xd7,
    0x3f, 0xcf, 0x3f, 0xcf, 0x5f, 0xd7, 0x5f, 0xd7, 0x3f, 0xd7, 0x3f, 0xd7,
    0x5f, 0xd7, 0x3f, 0xd7, 0x3f, 0xd7, 0x3f, 0xd7, 0x5f, 0xd7, 0x5f, 0xd7,
    0x5f, 0xd7, 0x3f, 0xd7, 0x5f, 0xd7, 0x5f, 0xd7, 0x3f, 0xd7, 0x3f, 0xd7,
    0x3f, 0xd7, 0x3f, 0xcf, 0x3f, 0xcf, 0x5f, 0xdf, 0x3f, 0xcf, 0x3f, 0xcf,
    0x3f, 0xcf, 0x3f, 0xcf, 0x3f, 0xcf, 0x3f, 0xcf, 0x1e, 0xcf, 0x1f, 0xcf,
    0x1e, 0xcf, 0x3e, 0xcf, 0x1f, 0xcf, 0x1e, 0xcf, 0x1f, 0xcf, 0x1f, 0xcf,
    0x1e, 0xcf, 0x3f, 0xcf, 0x1f, 0xcf, 0x3e, 0xcf, 0x3f, 0xd7, 0x1e, 0xc7,
    0x1e, 0xcf, 0x1f, 0xc7, 0x1f, 0xc7, 0x1e, 0xc7, 0xfe, 0xc6, 0xff, 0xc6,
    0x1e, 0xc7, 0xfe, 0xc6, 0x1f, 0xc7, 0x1f, 0xc7, 0xfe, 0xc6, 0x1f, 0xc7,
    0xfe, 0xc6, 0xfe, 0xc6, 0xff, 0xc6, 0xfe, 0xbe, 0xfe, 0xbe, 0xfe, 0xbe,
    0xde, 0xbe, 0xfe, 0xbe, 0xde, 0xbe, 0xfe, 0xbe, 0xfe, 0xbe, 0xde, 0xbe,
    0xfe, 0xc6, 0xde, 0xbe, 0xfe, 0xbe, 0xfe, 0xbe, 0xfe, 0xbe, 0xfe, 0xbe,
    0xde, 0xbe, 0xfe, 0xbe, 0xde, 0xbe, 0xde, 0xbe, 0xde, 0xbe, 0xfe, 0xbe,
    0xfe, 0xc6, 0xfe, 0xbe, 0xfe, 0xbe, 0xfe, 0xbe, 0xfe, 0xbe, 0xfe, 0xc6,
    0x3e, 0xcf, 0x7f, 0xdf, 0xbf, 0xf7, 0xff, 0xff, 0xff, 0xff, 0xff, 0xff,
    0xff, 0xff, 0xff, 0xff, 0xff, 0xff, 0xff, 0xff, 0xff, 0xff, 0xff, 0xff,
    0xff, 0xff, 0xff, 0xff, 0xff, 0xff, 0xff, 0xff, 0xff, 0xff, 0xff, 0xff,
    0xff, 0xff, 0xff, 0xff, 0xff, 0xff, 0xff, 0xff, 0xff, 0xff, 0xff, 0xff,
    0xff, 0xff, 0xff, 0xff, 0xff, 0xff, 0xff, 0xff, 0xff, 0xff, 0xff, 0xff,
    0xff, 0xff, 0xff, 0xff, 0xff, 0xff, 0xff, 0xff, 0xff, 0xff, 0xff, 0xff,
    0xff, 0xff, 0xff, 0xff, 0xff, 0xff, 0xff, 0xff, 0xff, 0xff, 0xff, 0xff,
    0xff, 0xff, 0xff, 0xff, 0xff, 0xff, 0xff, 0xff, 0xff, 0xff, 0xff, 0xff,
    0xff, 0xff, 0xff, 0xff, 0xff, 0xff, 0xff, 0xff, 0xff, 0xff, 0xff, 0xff,
    0xff, 0xff, 0xff, 0xff, 0xff, 0xff, 0xff, 0xff, 0xff, 0xff, 0xff, 0xff,
    0xff, 0xff, 0xff, 0xff, 0xff, 0xff, 0xff, 0xff, 0xff, 0xff, 0xff, 0xff,
    0xff, 0xff, 0xff, 0xff, 0xff, 0xff, 0xff, 0xff, 0xff, 0xff, 0xff, 0xff,
    0xff, 0xff, 0xff, 0xff, 0xff, 0xff, 0xff, 0xff, 0xff, 0xff, 0xff, 0xff,
    0xff, 0xff, 0xff, 0xff, 0xff, 0xff, 0xff, 0xff, 0xff, 0xff, 0xff, 0xff,
    0xff, 0xff, 0xff, 0xff, 0xff, 0xff, 0xff, 0xff, 0xff, 0xff, 0xff, 0xff,
    0xff, 0xff, 0xff, 0xff, 0xff, 0xff, 0xff, 0xff, 0xff, 0xff, 0xff, 0xff,
    0xff, 0xff, 0xff, 0xff, 0xff, 0xff, 0xff, 0xff, 0xff, 0xff, 0xff, 0xff,
    0xff, 0xff, 0xff, 0xff, 0xff, 0xff, 0xff, 0xff, 0xff, 0xff, 0xff, 0xff,
    0xff, 0xff, 0xff, 0xff, 0xff, 0xff, 0xff, 0xff, 0xff, 0xff, 0xff, 0xff,
    0xff, 0xff, 0xff, 0xff, 0xff, 0xff, 0xff, 0xff, 0xff, 0xff, 0xff, 0xff,
    0xff, 0xff, 0xff, 0xff, 0xff, 0xff, 0xff, 0xff, 0xff, 0xff, 0xff, 0xff,
    0xff, 0xff, 0xff, 0xff, 0xff, 0xff, 0xff, 0xff, 0xff, 0xff, 0xff, 0xff,
    0xff, 0xff, 0xff, 0xff, 0xff, 0xff, 0xff, 0xff, 0xff, 0xff, 0xff, 0xff,
    0xff, 0xff, 0xff, 0xff, 0xff, 0xff, 0xff, 0xff, 0xff, 0xff, 0xff, 0xff,
    0xff, 0xff, 0xff, 0xff, 0xff, 0xff, 0xff, 0xff, 0xff, 0xff, 0xff, 0xff,
    0xff, 0xff, 0xff, 0xff, 0xff, 0xff, 0xff, 0xff, 0xff, 0xff, 0xff, 0xff,
    0xff, 0xff, 0xff, 0xff, 0xff, 0xff, 0xff, 0xff, 0xff, 0xff, 0xff, 0xff,
    0xff, 0xff, 0xff, 0xff, 0xff, 0xff, 0xff, 0xff, 0xff, 0xff, 0xff, 0xff,
    0xff, 0xff, 0xff, 0xff, 0xff, 0xff, 0xff, 0xff, 0xff, 0xff, 0xff, 0xff,
    0xff, 0xff, 0xff, 0xff, 0xff, 0xff, 0xff, 0xff, 0xff, 0xff, 0xff, 0xff,
    0xff, 0xff, 0xff, 0xff, 0xff, 0xff, 0xff, 0xff, 0xff, 0xff, 0xff, 0xff,
    0xff, 0xff, 0xff, 0xff, 0xff, 0xff, 0xff, 0xff, 0xff, 0xff, 0xff, 0xff,
    0xff, 0xff, 0xff, 0xff, 0xff, 0xff, 0xff, 0xff, 0xff, 0xff, 0xff, 0xff,
    0xff, 0xff, 0xff, 0xff, 0xff, 0xff, 0xff, 0xff, 0xff, 0xff, 0xff, 0xff,
    0xff, 0xff, 0xff, 0xff, 0xff, 0xff, 0xff, 0xff, 0xff, 0xff, 0xff, 0xff,
    0xff, 0xff, 0xff, 0xff, 0xff, 0xff, 0xff, 0xff, 0xff, 0xff, 0xff, 0xff,
    0xff, 0xff, 0xff, 0xff, 0xff, 0xff, 0xff, 0xff, 0xff, 0xff, 0xff, 0xff,
    0xff, 0xff, 0xff, 0xff, 0xff, 0xff, 0xff, 0xff, 0xff, 0xff, 0xff, 0xff,
    0xff, 0xff, 0xff, 0xff, 0xff, 0xff, 0xff, 0xff, 0xff, 0xff, 0xff, 0xff,
    0xff, 0xff, 0xff, 0xff, 0xff, 0xff, 0xff, 0xff, 0xff, 0xff, 0xff, 0xff,
    0xff, 0xff, 0xff, 0xff, 0xff, 0xff, 0xff, 0xff, 0xff, 0xff, 0xff, 0xff,
    0xff, 0xff, 0xff, 0xff, 0xff, 0xff, 0xff, 0xff, 0xff, 0xff, 0xff, 0xff,
    0xff, 0xff, 0xff, 0xff, 0xff, 0xff, 0xff, 0xff, 0xff, 0xff, 0xff, 0xff,
    0xff, 0xff, 0xff, 0xff, 0xff, 0xff, 0xff, 0xff, 0xff, 0xff, 0xff, 0xff,
    0xff, 0xff, 0xff, 0xff, 0xff, 0xff, 0xff, 0xff, 0xff, 0xff, 0xff, 0xff,
    0xff, 0xff, 0xff, 0xff, 0xff, 0xff, 0xff, 0xff, 0xff, 0xff, 0xff, 0xff,
    0xff, 0xff, 0xff, 0xff, 0xff, 0xff, 0xff, 0xff, 0xff, 0xff, 0xff, 0xff,
    0xff, 0xff, 0xff, 0xff, 0xff, 0xff, 0xff, 0xff, 0xff, 0xff, 0xff, 0xff,
    0xff, 0xff, 0xff, 0xff, 0xff, 0xff, 0xff, 0xff, 0xff, 0xff, 0xff, 0xff,
    0xff, 0xff, 0xff, 0xff, 0xff, 0xff, 0xff, 0xff, 0xff, 0xff, 0xff, 0xff,
    0xff, 0xff, 0xff, 0xff, 0xff, 0xff, 0xff, 0xff, 0xff, 0xff, 0xff, 0xff,
    0xff, 0xff, 0xff, 0xff, 0xff, 0xff, 0xff, 0xff, 0xff, 0xff, 0xff, 0xff,
    0xff, 0xff, 0xff, 0xff, 0xff, 0xff, 0xff, 0xff, 0xff, 0xff, 0xff, 0xff,
    0xff, 0xff, 0xff, 0xff, 0xff, 0xff, 0xff, 0xff, 0xff, 0xff, 0xff, 0xff,
    0xff, 0xff, 0xff, 0xff, 0xff, 0xff, 0xff, 0xff, 0xff, 0xff, 0xff, 0xff,
    0xff, 0xff, 0xff, 0xff, 0xff, 0xff, 0xff, 0xff, 0xff, 0xff, 0xff, 0xff,
    0xff, 0xff, 0xff, 0xff, 0xff, 0xff, 0xff, 0xff, 0xff, 0xff, 0xff, 0xff,
    0xff, 0xff, 0xff, 0xff, 0xff, 0xff, 0xff, 0xff, 0xff, 0xff, 0xff, 0xff,
    0xff, 0xff, 0xff, 0xff, 0xff, 0xff, 0xff, 0xff, 0xff, 0xff, 0xff, 0xff,
    0xff, 0xff, 0xff, 0xff, 0xff, 0xff, 0xff, 0xff, 0xff, 0xff, 0xff, 0xff,
    0xff, 0xff, 0xff, 0xff, 0xff, 0xff, 0xff, 0xff, 0xff, 0xff, 0xff, 0xff,
    0xff, 0xff, 0xff, 0xff, 0xff, 0xff, 0xff, 0xff, 0xff, 0xff, 0xff, 0xff,
    0xff, 0xff, 0xff, 0xff, 0xff, 0xff, 0xff, 0xff, 0xff, 0xff, 0xff, 0xff,
    0xff, 0xff, 0xff, 0xff, 0xff, 0xff, 0xff, 0xff, 0xff, 0xff, 0xff, 0xff,
    0xff, 0xff, 0xff, 0xff, 0xff, 0xff, 0xff, 0xff, 0xff, 0xff, 0xff, 0xff,
    0xff, 0xff, 0xff, 0xff, 0xff, 0xff, 0xff, 0xff, 0xff, 0xff, 0xff, 0xff,
    0xff, 0xff, 0xff, 0xff, 0xff, 0xff, 0xff, 0xff, 0xff, 0xff, 0xff, 0xff,
    0xff, 0xff, 0xff, 0xff, 0xff, 0xff, 0xff, 0xff, 0xff, 0xff, 0xff, 0xff,
    0xff, 0xff, 0xff, 0xff, 0xff, 0xff, 0xff, 0xff, 0xff, 0xff, 0xff, 0xff,
    0xff, 0xff, 0xff, 0xff, 0xff, 0xff, 0xff, 0xff, 0xff, 0xff, 0xff, 0xff,
    0xff, 0xff, 0xff, 0xff, 0xff, 0xff, 0xff, 0xff, 0xff, 0xff, 0xff, 0xff,
    0xff, 0xff, 0xff, 0xff, 0xff, 0xff, 0xff, 0xff, 0xff, 0xff, 0xff, 0xff,
    0xff, 0xff, 0xff, 0xff, 0xff, 0xff, 0xff, 0xff, 0xff, 0xff, 0xff, 0xff,
    0xff, 0xff, 0xff, 0xff, 0xff, 0xff, 0xff, 0xff, 0xff, 0xff, 0xff, 0xff,
    0xff, 0xff, 0xff, 0xff, 0xff, 0xff, 0xff, 0xff, 0xff, 0xff, 0xff, 0xff,
    0xff, 0xff, 0xff, 0xff, 0xff, 0xff, 0xff, 0xff, 0xff, 0xff, 0xff, 0xff,
    0xff, 0xff, 0xff, 0xff, 0xff, 0xff, 0xff, 0xff, 0xff, 0xff, 0xff, 0xff,
    0xff, 0xff, 0xff, 0xff, 0xff, 0xff, 0xff, 0xff, 0xff, 0xff, 0xff, 0xff,
    0xff, 0xff, 0xff, 0xff, 0xff, 0xff, 0xff, 0xff, 0xff, 0xff, 0xff, 0xff,
    0xff, 0xff, 0xff, 0xff, 0xff, 0xff, 0xff, 0xff, 0xff, 0xff, 0xff, 0xff,
    0xff, 0xff, 0xff, 0xff, 0xff, 0xff, 0xff, 0xff, 0xff, 0xff, 0xff, 0xff,
    0xff, 0xff, 0xff, 0xff, 0xff, 0xff, 0xff, 0xff, 0xff, 0xff, 0xff, 0xff,
    0xff, 0xff, 0xff, 0xff, 0xff, 0xff, 0xff, 0xff, 0xff, 0xff, 0xff, 0xff,
    0xff, 0xff, 0xff, 0xff, 0xff, 0xff, 0xff, 0xff, 0xff, 0xff, 0xff, 0xff,
    0xff, 0xff, 0xff, 0xff, 0xff, 0xff, 0xff, 0xff, 0xff, 0xff, 0xff, 0xff,
    0xff, 0xff, 0xff, 0xff, 0xff, 0xff, 0xff, 0xff, 0xff, 0xff, 0xff, 0xff,
    0xff, 0xff, 0xff, 0xff, 0xff, 0xff, 0xff, 0xff, 0xff, 0xff, 0xff, 0xff,
    0xff, 0xff, 0xff, 0xff, 0xff, 0xff, 0xff, 0xff, 0xff, 0xff, 0xff, 0xff,
    0xff, 0xff, 0xff, 0xff, 0xff, 0xff, 0xff, 0xff, 0xff, 0xff, 0xff, 0xff,
    0xff, 0xff, 0xff, 0xff, 0xff, 0xff, 0xff, 0xff, 0xff, 0xff, 0xff, 0xff,
    0xff, 0xff, 0xff, 0xff, 0xff, 0xff, 0xff, 0xff, 0xff, 0xff, 0xff, 0xff,
    0xff, 0xff, 0xff, 0xff, 0xff, 0xff, 0xff, 0xff, 0xff, 0xff, 0xff, 0xff,
    0xff, 0xff, 0xff, 0xff, 0xff, 0xff, 0xff, 0xff, 0xff, 0xff, 0xff, 0xff,
    0xff, 0xff, 0xff, 0xff, 0xff, 0xff, 0xff, 0xff, 0xff, 0xff, 0xff, 0xff,
    0xff, 0xff, 0xff, 0xff, 0xff, 0xff, 0xff, 0xff, 0xff, 0xff, 0xff, 0xff,
    0xff, 0xff, 0xff, 0xff, 0xff, 0xff, 0xff, 0xff, 0xff, 0xff, 0xff, 0xff,
    0xff, 0xff, 0xff, 0xff, 0xff, 0xff, 0xff, 0xff, 0xff, 0xff, 0xff, 0xff,
    0xff, 0xff, 0xff, 0xff, 0xff, 0xff, 0xff, 0xff, 0xff, 0xff, 0xff, 0xff,
    0xff, 0xff, 0xff, 0xff, 0xff, 0xff, 0xff, 0xff, 0xff, 0xff, 0xff, 0xff,
    0xff, 0xff, 0xff, 0xff, 0xff, 0xff, 0xff, 0xff, 0xff, 0xff, 0xff, 0xff,
    0xff, 0xff, 0xff, 0xff, 0xff, 0xff, 0xff, 0xff, 0xff, 0xff, 0xff, 0xff,
    0xff, 0xff, 0xff, 0xff, 0xff, 0xff, 0xff, 0xff, 0xff, 0xff, 0xff, 0xff,
    0xff, 0xff, 0xff, 0xff, 0xff, 0xff, 0xff, 0xff, 0xff, 0xff, 0xff, 0xff,
    0xff, 0xff, 0xff, 0xff, 0xff, 0xff, 0xff, 0xff, 0xff, 0xff, 0xff, 0xff,
    0xff, 0xff, 0xff, 0xff, 0xff, 0xff, 0xff, 0xff, 0xff, 0xff, 0xff, 0xff,
    0xff, 0xff, 0xff, 0xff, 0xff, 0xff, 0xff, 0xff, 0xff, 0xff, 0xff, 0xff,
    0xff, 0xff, 0xff, 0xff, 0xff, 0xff, 0xff, 0xff, 0xff, 0xff, 0xff, 0xff,
    0xff, 0xff, 0xff, 0xff, 0xff, 0xff, 0xff, 0xff, 0xff, 0xff, 0xff, 0xff,
    0xff, 0xff, 0xff, 0xff, 0xff, 0xff, 0xff, 0xff, 0xff, 0xff, 0xff, 0xff,
    0xff, 0xff, 0xff, 0xff, 0xff, 0xff, 0xff, 0xff, 0xff, 0xff, 0xff, 0xff,
    0xff, 0xff, 0xff, 0xff, 0xff, 0xff, 0xff, 0xff, 0xff, 0xff, 0xff, 0xff,
    0xff, 0xff, 0xff, 0xff, 0xff, 0xff, 0xff, 0xff, 0xff, 0xff, 0xff, 0xff,
    0xff, 0xff, 0xff, 0xff, 0xff, 0xff, 0xff, 0xff, 0xff, 0xff, 0xff, 0xff,
    0xff, 0xff, 0xff, 0xff, 0xff, 0xff, 0xff, 0xff, 0xff, 0xff, 0xff, 0xff,
    0xff, 0xff, 0xff, 0xff, 0xff, 0xff, 0xff, 0xff, 0xff, 0xff, 0xff, 0xff,
    0xff, 0xff, 0xff, 0xff, 0xff, 0xff, 0xff, 0xff, 0xff, 0xff, 0xff, 0xff,
    0xff, 0xff, 0xff, 0xff, 0xff, 0xff, 0xff, 0xff, 0xff, 0xff, 0xff, 0xff,
    0xff, 0xff, 0xff, 0xff, 0xff, 0xff, 0xff, 0xff, 0xff, 0xff, 0xff, 0xff,
    0xff, 0xff, 0xff, 0xff, 0xff, 0xff, 0xff, 0xff, 0xff, 0xff, 0xff, 0xff,
    0xff, 0xff, 0xff, 0xff, 0xff, 0xff, 0xff, 0xff, 0xff, 0xff, 0xff, 0xff,
    0xff, 0xff, 0xff, 0xff, 0xff, 0xff, 0xff, 0xff, 0xff, 0xff, 0xff, 0xff,
    0xff, 0xff, 0xff, 0xff, 0xff, 0xff, 0xff, 0xff, 0xff, 0xff, 0xff, 0xff,
    0xff, 0xff, 0xff, 0xff, 0xff, 0xff, 0xff, 0xff, 0xff, 0xff, 0xff, 0xff,
    0xff, 0xff, 0xff, 0xff, 0xff, 0xff, 0xff, 0xff, 0xff, 0xff, 0xff, 0xff
};
