// 4.26.1 0x4b572374 D2 R0 FRGB565 U565 N0 SExtFlashSection
// Generated by imageconverter. Please, do not edit!

#include <touchgfx/hal/Config.hpp>

LOCATION_PRAGMA("ExtFlashSection")
KEEP extern const unsigned char image_a[] LOCATION_ATTRIBUTE("ExtFlashSection") = { // 180x75 RGB565 pixels.
    0x62, 0xca, 0x63, 0xc2, 0x63, 0xba, 0x64, 0xaa, 0x86, 0x9a, 0x87, 0x8a,
    0xa8, 0x7a, 0xe8, 0x72, 0x09, 0x7b, 0x2a, 0x83, 0x4b, 0x93, 0x6b, 0xa3,
    0x6b, 0xb3, 0x6a, 0xbb, 0x69, 0xc3, 0x68, 0xc3, 0x66, 0xc3, 0x85, 0xc3,
    0x84, 0xc3, 0x83, 0xc3, 0x42, 0xbb, 0xe2, 0xaa, 0x62, 0xa2, 0x02, 0x9a,
    0xc2, 0x91, 0xa2, 0x89, 0x82, 0x91, 0x82, 0x89, 0x82, 0x91, 0xa2, 0x91,
    0xc2, 0x99, 0x03, 0xa2, 0x43, 0xaa, 0x84, 0xba, 0xe4, 0xc2, 0x25, 0xc3,
    0x65, 0xcb, 0xc6, 0xd3, 0x26, 0xdc, 0x87, 0xdc, 0xc8, 0xe4, 0x08, 0xed,
    0x29, 0xed, 0x29, 0xe5, 0x28, 0xed, 0x28, 0xe5, 0x08, 0xe5, 0x08, 0xed,
    0x28, 0xe5, 0x09, 0xe5, 0x2a, 0xed, 0x2b, 0xe5, 0x4c, 0xe5, 0x4d, 0xed,
    0x6f, 0xe5, 0x6f, 0xe5, 0x90, 0xe5, 0x90, 0xed, 0x6f, 0xed, 0x6e, 0xe5,
    0x4d, 0xed, 0x2d, 0xe5, 0x2c, 0xe5, 0x4c, 0xed, 0x4d, 0xe5, 0x6e, 0xe5,
    0x6f, 0xed, 0x8f, 0xed, 0x90, 0xe5, 0x90, 0xed, 0xb0, 0xed, 0xaf, 0xed,
    0xaf, 0xed, 0xb0, 0xed, 0xaf, 0xed, 0xb0, 0xed, 0xd0, 0xed, 0xd0, 0xed,
    0xd1, 0xed, 0xd1, 0xed, 0xd0, 0xf5, 0xcf, 0xf5, 0xae, 0xf5, 0xac, 0xf5,
    0xab, 0xf5, 0xaa, 0xf5, 0xaa, 0xf5, 0xca, 0xf5, 0xca, 0xf5, 0xcb, 0xf5,
    0xcb, 0xf5, 0xcb, 0xf5, 0xcb, 0xf5, 0xcb, 0xf5, 0xeb, 0xf5, 0xeb, 0xf5,
    0xeb, 0xf5, 0xeb, 0xf5, 0xeb, 0xf5, 0xeb, 0xf5, 0xeb, 0xf5, 0xeb, 0xf5,
    0xeb, 0xfd, 0xec, 0xf5, 0xeb, 0xf5, 0xeb, 0xfd, 0xec, 0xf5, 0xeb, 0xf5,
    0xec, 0xfd, 0xec, 0xfd, 0x0b, 0xf6, 0x0c, 0xfe, 0x0c, 0xfe, 0x0c, 0xfe,
    0x2b, 0xfe, 0x0b, 0xfe, 0x0b, 0xfe, 0x2b, 0xfe, 0x0b, 0xfe, 0x0a, 0xfe,
    0x0a, 0xfe, 0xea, 0xfd, 0xea, 0xfd, 0xeb, 0xfd, 0xec, 0xf5, 0x0e, 0xfe,
    0x30, 0xfe, 0x52, 0xf6, 0x73, 0xfe, 0x74, 0xfe, 0x73, 0xfe, 0x73, 0xfe,
    0x73, 0xfe, 0x52, 0xfe, 0x73, 0xfe, 0x93, 0xfe, 0xd3, 0xfe, 0x14, 0xff,
    0x55, 0xff, 0x96, 0xff, 0xd7, 0xff, 0xf7, 0xff, 0xd7, 0xff, 0xb6, 0xff,
    0x75, 0xff, 0x34, 0xff, 0xf3, 0xfe, 0xd3, 0xfe, 0xd3, 0xfe, 0xf3, 0xfe,
    0x15, 0xff, 0x56, 0xff, 0x98, 0xff, 0xda, 0xff, 0xfb, 0xff, 0xfc, 0xff,
    0xfd, 0xff, 0xfd, 0xff, 0xfe, 0xff, 0xfe, 0xff, 0xff, 0xff, 0xff, 0xff,
    0xff, 0xff, 0xff, 0xff, 0xfe, 0xff, 0xff, 0xff, 0xff, 0xff, 0xff, 0xff,
    0xfe, 0xff, 0xff, 0xff, 0xff, 0xff, 0xfe, 0xff, 0xff, 0xff, 0xff, 0xff,
    0xff, 0xff, 0xfe, 0xff, 0xfe, 0xff, 0xfe, 0xff, 0xfe, 0xff, 0xfe, 0xff,
    0x62, 0xca, 0x83, 0xca, 0x84, 0xba, 0x85, 0xaa, 0x85, 0x9a, 0xa7, 0x8a,
    0xc8, 0x7a, 0xe9, 0x72, 0x09, 0x7b, 0x2a, 0x83, 0x4b, 0x93, 0x6b, 0xa3,
    0x6b, 0xb3, 0x6a, 0xc3, 0x69, 0xc3, 0x68, 0xc3, 0x86, 0xc3, 0x85, 0xc3,
    0xa4, 0xc3, 0x83, 0xc3, 0x42, 0xbb, 0x02, 0xb3, 0x82, 0xaa, 0x42, 0xa2,
    0xe2, 0x91, 0xa2, 0x91, 0x82, 0x91, 0x82, 0x89, 0x82, 0x91, 0xa2, 0x91,
    0xe2, 0x99, 0x03, 0xa2, 0x43, 0xaa, 0xa4, 0xba, 0xe4, 0xc2, 0x24, 0xcb,
    0x65, 0xcb, 0xc6, 0xd3, 0x27, 0xdc, 0x87, 0xdc, 0xc8, 0xe4, 0x08, 0xe5,
    0x29, 0xed, 0x49, 0xed, 0x29, 0xed, 0x29, 0xe5, 0x29, 0xed, 0x28, 0xed,
    0x29, 0xe5, 0x29, 0xed, 0x29, 0xed, 0x2b, 0xe5, 0x4c, 0xed, 0x4d, 0xed,
    0x6f, 0xe5, 0x8f, 0xed, 0x90, 0xed, 0x90, 0xe5, 0x90, 0xed, 0x8f, 0xed,
    0x6e, 0xed, 0x6e, 0xed, 0x6e, 0xed, 0x6e, 0xed, 0x6e, 0xed, 0x6f, 0xed,
    0x8f, 0xed, 0x90, 0xed, 0x90, 0xed, 0xb0, 0xed, 0x8f, 0xed, 0xb0, 0xed,
    0xb0, 0xed, 0xb0, 0xed, 0xb0, 0xed, 0xd0, 0xed, 0xd0, 0xf5, 0xd1, 0xf5,
    0xd1, 0xf5, 0xf1, 0xf5, 0xd0, 0xf5, 0xcf, 0xed, 0xce, 0xf5, 0xac, 0xf5,
    0xab, 0xf5, 0xab, 0xf5, 0xca, 0xf5, 0xca, 0xf5, 0xcb, 0xf5, 0xcb, 0xf5,
    0xcb, 0xf5, 0xcb, 0xf5, 0xcb, 0xf5, 0xeb, 0xf5, 0xeb, 0xf5, 0xeb, 0xf5,
    0xcb, 0xf5, 0xeb, 0xfd, 0xeb, 0xf5, 0xeb, 0xfd, 0xeb, 0xf5, 0xeb, 0xf5,
    0xec, 0xfd, 0xec, 0xfd, 0xeb, 0xf5, 0x0c, 0xfe, 0x0c, 0xfe, 0x0c, 0xfe,
    0x0b, 0xfe, 0x0c, 0xfe, 0x0c, 0xfe, 0x2c, 0xfe, 0x2c, 0xfe, 0x0c, 0xfe,
    0x2c, 0xfe, 0x0c, 0xfe, 0x2b, 0xfe, 0x0b, 0xfe, 0x2b, 0xfe, 0x0a, 0xfe,
    0x0a, 0xfe, 0x0a, 0xfe, 0xea, 0xfd, 0xea, 0xf5, 0x0c, 0xfe, 0x0e, 0xfe,
    0x30, 0xf6, 0x51, 0xfe, 0x73, 0xfe, 0x94, 0xfe, 0x94, 0xfe, 0x73, 0xfe,
    0x73, 0xfe, 0x73, 0xfe, 0x72, 0xfe, 0x93, 0xfe, 0xd3, 0xfe, 0x14, 0xff,
    0x55, 0xff, 0x96, 0xff, 0xd6, 0xff, 0xf7, 0xff, 0xd7, 0xff, 0xb6, 0xff,
    0x76, 0xff, 0x34, 0xff, 0x13, 0xff, 0xf3, 0xfe, 0xf3, 0xfe, 0x14, 0xff,
    0x35, 0xff, 0x57, 0xff, 0x98, 0xff, 0xda, 0xff, 0xfb, 0xff, 0xfc, 0xff,
    0xfd, 0xff, 0xfd, 0xff, 0xfe, 0xff, 0xfe, 0xff, 0xfe, 0xff, 0xfe, 0xff,
    0xfe, 0xff, 0xfe, 0xff, 0xfe, 0xff, 0xfe, 0xff, 0xfe, 0xff, 0xfe, 0xff,
    0xfe, 0xff, 0xfe, 0xff, 0xfe, 0xff, 0xfe, 0xff, 0xfe, 0xff, 0xfe, 0xff,
    0xfe, 0xff, 0xfe, 0xff, 0xfe, 0xff, 0xff, 0xff, 0xfe, 0xff, 0xfe, 0xff,
    0x83, 0xca, 0x83, 0xca, 0x84, 0xba, 0x85, 0xaa, 0xa6, 0x9a, 0xa7, 0x8a,
    0xc8, 0x7a, 0xe9, 0x7a, 0x09, 0x7b, 0x4a, 0x83, 0x6b, 0x93, 0x8c, 0xa3,
    0x8c, 0xb3, 0x8b, 0xbb, 0x8a, 0xc3, 0x89, 0xc3, 0x87, 0xc3, 0xa5, 0xc3,
    0xa4, 0xc3, 0xa3, 0xc3, 0x62, 0xbb, 0x22, 0xb3, 0xc2, 0xaa, 0x42, 0xa2,
    0xe2, 0x99, 0xa2, 0x91, 0x82, 0x91, 0x82, 0x89, 0x82, 0x91, 0xa2, 0x99,
    0xe2, 0x99, 0x23, 0xaa, 0x43, 0xaa, 0xa3, 0xba, 0xe4, 0xba, 0x25, 0xc3,
    0x65, 0xcb, 0xc6, 0xd3, 0x27, 0xdc, 0x87, 0xe4, 0xe8, 0xe4, 0x29, 0xed,
    0x49, 0xed, 0x49, 0xed, 0x29, 0xed, 0x29, 0xed, 0x29, 0xed, 0x29, 0xe5,
    0x29, 0xed, 0x29, 0xed, 0x2a, 0xe5, 0x4b, 0xe5, 0x4c, 0xed, 0x4d, 0xe5,
    0x6f, 0xed, 0x90, 0xed, 0x90, 0xed, 0x90, 0xed, 0xb0, 0xed, 0x90, 0xed,
    0x90, 0xed, 0x8f, 0xed, 0x8f, 0xed, 0x8f, 0xed, 0x8f, 0xed, 0x8f, 0xed,
    0x90, 0xed, 0x90, 0xed, 0x90, 0xed, 0xaf, 0xed, 0xb0, 0xed, 0xb0, 0xed,
    0xb0, 0xed, 0xb0, 0xed, 0xd0, 0xed, 0xd0, 0xf5, 0xd1, 0xf5, 0xf1, 0xf5,
    0xf1, 0xf5, 0xf1, 0xf5, 0xf0, 0xf5, 0xcf, 0xf5, 0xce, 0xf5, 0xcd, 0xf5,
    0xcb, 0xf5, 0xab, 0xf5, 0xcb, 0xf5, 0xca, 0xf5, 0xeb, 0xfd, 0xea, 0xf5,
    0xea, 0xfd, 0xcb, 0xfd, 0xcb, 0xf5, 0xeb, 0xfd, 0xeb, 0xfd, 0xeb, 0xf5,
    0xeb, 0xfd, 0xeb, 0xfd, 0xeb, 0xfd, 0xeb, 0xfd, 0xec, 0xfd, 0x0b, 0xf6,
    0x0c, 0xfe, 0xec, 0xf5, 0xeb, 0xfd, 0x0c, 0xfe, 0x0c, 0xfe, 0x0c, 0xf6,
    0x0c, 0xfe, 0x2b, 0xfe, 0x2c, 0xfe, 0x2b, 0xfe, 0x2c, 0xfe, 0x2b, 0xfe,
    0x2b, 0xfe, 0x0b, 0xfe, 0x2b, 0xfe, 0x2b, 0xfe, 0x0b, 0xfe, 0x0a, 0xfe,
    0x0a, 0xfe, 0x0a, 0xfe, 0x0a, 0xfe, 0xeb, 0xf5, 0x0c, 0xfe, 0x2e, 0xfe,
    0x50, 0xfe, 0x72, 0xfe, 0x93, 0xfe, 0x94, 0xfe, 0x94, 0xfe, 0x93, 0xfe,
    0x73, 0xfe, 0x73, 0xfe, 0x73, 0xfe, 0x93, 0xfe, 0xd3, 0xfe, 0x14, 0xff,
    0x55, 0xff, 0xb6, 0xff, 0xd7, 0xff, 0xf8, 0xff, 0xf8, 0xff, 0xb7, 0xff,
    0x96, 0xff, 0x55, 0xff, 0x14, 0xff, 0xf3, 0xfe, 0xf3, 0xfe, 0x14, 0xff,
    0x35, 0xff, 0x77, 0xff, 0xb9, 0xff, 0xda, 0xff, 0xfb, 0xff, 0xfc, 0xff,
    0xfc, 0xff, 0xfd, 0xff, 0xfe, 0xff, 0xfe, 0xff, 0xfe, 0xff, 0xfe, 0xff,
    0xfe, 0xff, 0xfe, 0xff, 0xfe, 0xff, 0xfe, 0xff, 0xfe, 0xff, 0xfe, 0xff,
    0xfe, 0xff, 0xfe, 0xff, 0xfe, 0xff, 0xfe, 0xff, 0xfe, 0xff, 0xfe, 0xff,
    0xfe, 0xff, 0xfe, 0xff, 0xfe, 0xff, 0xfe, 0xff, 0xfe, 0xff, 0xfe, 0xff,
    0x83, 0xd2, 0x83, 0xca, 0x84, 0xba, 0x85, 0xaa, 0xa6, 0xa2, 0xa7, 0x8a,
    0xc8, 0x82, 0x09, 0x7b, 0x2a, 0x7b, 0x4b, 0x83, 0x6b, 0x93, 0x8c, 0xa3,
    0xac, 0xb3, 0x8b, 0xbb, 0x8a, 0xc3, 0x89, 0xc3, 0x87, 0xc3, 0xa5, 0xc3,
    0xa4, 0xc3, 0xa3, 0xc3, 0x63, 0xc3, 0x22, 0xbb, 0xc2, 0xb2, 0x63, 0xa2,
    0x22, 0x9a, 0xc2, 0x91, 0x82, 0x91, 0x82, 0x91, 0x82, 0x91, 0xa2, 0x91,
    0xc2, 0x99, 0x23, 0xa2, 0x43, 0xb2, 0xa3, 0xba, 0xe4, 0xc2, 0x25, 0xcb,
    0x65, 0xcb, 0xe6, 0xd3, 0x26, 0xdc, 0x87, 0xe4, 0xe8, 0xe4, 0x29, 0xed,
    0x49, 0xed, 0x49, 0xed, 0x49, 0xed, 0x49, 0xed, 0x29, 0xed, 0x28, 0xed,
    0x28, 0xed, 0x29, 0xed, 0x29, 0xed, 0x4a, 0xed, 0x4c, 0xed, 0x6d, 0xe5,
    0x6f, 0xed, 0x90, 0xed, 0x90, 0xed, 0x90, 0xed, 0x90, 0xed, 0x8f, 0xed,
    0x8f, 0xed, 0x8f, 0xed, 0x90, 0xed, 0x90, 0xed, 0x8f, 0xed, 0x90, 0xed,
    0xb0, 0xed, 0xaf, 0xed, 0xb0, 0xed, 0xb0, 0xed, 0xb0, 0xed, 0xb0, 0xed,
    0xb0, 0xed, 0xd0, 0xed, 0xd0, 0xf5, 0xf0, 0xf5, 0xf1, 0xf5, 0xf1, 0xf5,
    0xf1, 0xf5, 0x11, 0xf6, 0xf1, 0xf5, 0xf0, 0xf5, 0xcf, 0xf5, 0xcd, 0xf5,
    0xac, 0xf5, 0xab, 0xf5, 0xcb, 0xf5, 0xcb, 0xf5, 0xcb, 0xfd, 0xeb, 0xf5,
    0xeb, 0xf5, 0xcb, 0xf5, 0xeb, 0xf5, 0xeb, 0xfd, 0xec, 0xf5, 0xec, 0xfd,
    0xec, 0xfd, 0xec, 0xf5, 0xeb, 0xf5, 0xec, 0xfd, 0xeb, 0xf5, 0xeb, 0xfd,
    0xeb, 0xf5, 0xeb, 0xf5, 0x0b, 0xf6, 0x0b, 0xfe, 0x0b, 0xf6, 0x0b, 0xf6,
    0x0b, 0xfe, 0x0c, 0xfe, 0x0b, 0xf6, 0x0b, 0xfe, 0x0b, 0xfe, 0x0b, 0xfe,
    0x2b, 0xfe, 0x2b, 0xfe, 0x2b, 0xfe, 0x2b, 0xfe, 0x2b, 0xfe, 0x2b, 0xfe,
    0x0a, 0xfe, 0x0a, 0xfe, 0x0a, 0xfe, 0x0b, 0xfe, 0x0c, 0xfe, 0x2e, 0xf6,
    0x50, 0xfe, 0x72, 0xfe, 0x93, 0xfe, 0x94, 0xfe, 0x94, 0xfe, 0x73, 0xfe,
    0x73, 0xfe, 0x73, 0xfe, 0x73, 0xfe, 0x93, 0xfe, 0xd3, 0xfe, 0x14, 0xff,
    0x55, 0xff, 0xb6, 0xff, 0xd8, 0xff, 0xf8, 0xff, 0xf8, 0xff, 0xb8, 0xff,
    0x96, 0xff, 0x55, 0xff, 0x14, 0xff, 0xf3, 0xfe, 0xf4, 0xfe, 0x14, 0xff,
    0x36, 0xff, 0x77, 0xff, 0x99, 0xff, 0xda, 0xff, 0xfb, 0xff, 0xfc, 0xff,
    0xfd, 0xff, 0xfd, 0xff, 0xfe, 0xff, 0xfe, 0xff, 0xfe, 0xff, 0xfe, 0xff,
    0xfe, 0xff, 0xfe, 0xff, 0xfe, 0xff, 0xfe, 0xff, 0xfe, 0xff, 0xfe, 0xff,
    0xfe, 0xff, 0xfe, 0xff, 0xfe, 0xff, 0xfe, 0xff, 0xfe, 0xff, 0xfe, 0xff,
    0xfe, 0xff, 0xfe, 0xff, 0xfe, 0xff, 0xfe, 0xff, 0xff, 0xff, 0xfe, 0xff,
    0x62, 0xca, 0x63, 0xc2, 0x63, 0xba, 0x64, 0xb2, 0x85, 0xa2, 0xa7, 0x8a,
    0xe8, 0x82, 0x09, 0x7b, 0x2a, 0x7b, 0x6b, 0x83, 0x8b, 0x93, 0x8c, 0xa3,
    0x8c, 0xb3, 0xab, 0xc3, 0x8a, 0xc3, 0x89, 0xc3, 0x87, 0xc3, 0x86, 0xc3,
    0xa4, 0xc3, 0x83, 0xc3, 0x83, 0xc3, 0x42, 0xbb, 0xe2, 0xb2, 0x82, 0xaa,
    0x22, 0xa2, 0xc2, 0x99, 0xa2, 0x91, 0x62, 0x91, 0x82, 0x91, 0xa2, 0x99,
    0xc2, 0x99, 0x03, 0xa2, 0x43, 0xb2, 0x84, 0xba, 0xe4, 0xc2, 0x25, 0xcb,
    0x85, 0xcb, 0xc6, 0xd3, 0x27, 0xdc, 0x87, 0xe4, 0xe8, 0xe4, 0x29, 0xed,
    0x4a, 0xed, 0x4a, 0xed, 0x69, 0xed, 0x49, 0xed, 0x49, 0xed, 0x48, 0xed,
    0x28, 0xed, 0x29, 0xe5, 0x29, 0xed, 0x4b, 0xed, 0x4c, 0xed, 0x6d, 0xed,
    0x8f, 0xed, 0x8f, 0xed, 0x90, 0xed, 0x90, 0xe5, 0x8f, 0xe5, 0x8f, 0xed,
    0x8f, 0xed, 0x8f, 0xed, 0x8f, 0xed, 0x90, 0xed, 0x90, 0xed, 0xb0, 0xed,
    0xb0, 0xed, 0xb0, 0xed, 0xb0, 0xed, 0xd0, 0xed, 0xb0, 0xed, 0xd0, 0xed,
    0xd0, 0xf5, 0xf1, 0xf5, 0xf1, 0xf5, 0xf1, 0xf5, 0x11, 0xf6, 0x12, 0xf6,
    0x32, 0xf6, 0x12, 0xf6, 0x12, 0xf6, 0xf0, 0xf5, 0xce, 0xf5, 0xad, 0xf5,
    0xab, 0xf5, 0xaa, 0xf5, 0xaa, 0xf5, 0xca, 0xf5, 0xcb, 0xf5, 0xcb, 0xfd,
    0xcb, 0xf5, 0xeb, 0xf5, 0xcb, 0xf5, 0xcc, 0xf5, 0xeb, 0xfd, 0xeb, 0xf5,
    0xec, 0xfd, 0xeb, 0xfd, 0xec, 0xf5, 0xec, 0xfd, 0xeb, 0xf5, 0xec, 0xfd,
    0xeb, 0xfd, 0xec, 0xf5, 0x0c, 0xfe, 0x0b, 0xfe, 0x0c, 0xfe, 0x0b, 0xfe,
    0x0b, 0xfe, 0x0c, 0xfe, 0x0b, 0xfe, 0x0c, 0xfe, 0x0c, 0xfe, 0x2c, 0xfe,
    0x2c, 0xfe, 0x2b, 0xfe, 0x2c, 0xfe, 0x2b, 0xfe, 0x4b, 0xfe, 0x4b, 0xfe,
    0x2b, 0xfe, 0x2b, 0xfe, 0x2b, 0xfe, 0x0b, 0xfe, 0x0c, 0xfe, 0x2e, 0xfe,
    0x50, 0xf6, 0x72, 0xfe, 0x93, 0xfe, 0x94, 0xfe, 0x94, 0xfe, 0x93, 0xfe,
    0x73, 0xfe, 0x73, 0xfe, 0x73, 0xfe, 0x92, 0xfe, 0xd3, 0xfe, 0x14, 0xff,
    0x55, 0xff, 0xb7, 0xff, 0xd8, 0xff, 0xf9, 0xff, 0xf9, 0xff, 0xd8, 0xff,
    0x97, 0xff, 0x56, 0xff, 0x34, 0xff, 0x14, 0xff, 0x14, 0xff, 0x14, 0xff,
    0x56, 0xff, 0x77, 0xff, 0xb9, 0xff, 0xda, 0xff, 0xfb, 0xff, 0xfc, 0xff,
    0xfd, 0xff, 0xfd, 0xff, 0xfe, 0xff, 0xfe, 0xff, 0xfe, 0xff, 0xfe, 0xff,
    0xfe, 0xff, 0xfe, 0xff, 0xfe, 0xff, 0xfd, 0xff, 0xfe, 0xff, 0xfe, 0xff,
    0xfe, 0xff, 0xfe, 0xff, 0xfe, 0xff, 0xfe, 0xff, 0xfe, 0xff, 0xfe, 0xff,
    0xfe, 0xff, 0xfe, 0xff, 0xfe, 0xff, 0xfe, 0xff, 0xfe, 0xff, 0xfe, 0xff,
    0x83, 0xca, 0x63, 0xca, 0x84, 0xba, 0x85, 0xb2, 0xa5, 0xa2, 0xc7, 0x8a,
    0xe8, 0x82, 0x09, 0x7b, 0x2a, 0x7b, 0x6b, 0x83, 0x8b, 0x93, 0x8c, 0xa3,
    0xac, 0xb3, 0x8b, 0xbb, 0x8b, 0xc3, 0x89, 0xc3, 0x88, 0xc3, 0xa6, 0xcb,
    0xa4, 0xc3, 0x83, 0xc3, 0x82, 0xbb, 0x42, 0xbb, 0x02, 0xb3, 0xa3, 0xaa,
    0x42, 0xa2, 0xe2, 0x91, 0xa2, 0x91, 0x82, 0x91, 0x62, 0x91, 0xa2, 0x91,
    0xc2, 0x99, 0x03, 0xaa, 0x43, 0xaa, 0xa4, 0xba, 0xe4, 0xba, 0x25, 0xc3,
    0x65, 0xcb, 0xc6, 0xd3, 0x27, 0xdc, 0xa7, 0xe4, 0xe8, 0xe4, 0x29, 0xed,
    0x49, 0xed, 0x6a, 0xed, 0x49, 0xed, 0x49, 0xed, 0x49, 0xed, 0x48, 0xed,
    0x28, 0xed, 0x28, 0xed, 0x49, 0xe5, 0x4b, 0xed, 0x4c, 0xe5, 0x6e, 0xed,
    0x8f, 0xed, 0x90, 0xed, 0xb0, 0xed, 0xb0, 0xed, 0x90, 0xed, 0x90, 0xed,
    0x90, 0xed, 0x90, 0xed, 0xb0, 0xed, 0xb0, 0xed, 0xd1, 0xed, 0xb0, 0xed,
    0xd1, 0xed, 0xd1, 0xed, 0xd1, 0xed, 0xd1, 0xed, 0xd1, 0xed, 0xd1, 0xf5,
    0xf1, 0xf5, 0xf1, 0xf5, 0xf2, 0xf5, 0x12, 0xf6, 0x12, 0xf6, 0x12, 0xf6,
    0x12, 0xf6, 0x12, 0xf6, 0x12, 0xf6, 0xf0, 0xf5, 0xce, 0xf5, 0xac, 0xf5,
    0xab, 0xf5, 0xaa, 0xf5, 0xaa, 0xf5, 0xca, 0xf5, 0xcb, 0xf5, 0xeb, 0xfd,
    0xeb, 0xfd, 0xec, 0xf5, 0xcb, 0xfd, 0xcc, 0xf5, 0xeb, 0xfd, 0xec, 0xf5,
    0xeb, 0xf5, 0xeb, 0xfd, 0xec, 0xfd, 0xeb, 0xfd, 0xeb, 0xfd, 0x0c, 0xf6,
    0x0b, 0xfe, 0x0b, 0xfe, 0xec, 0xfd, 0x0b, 0xfe, 0x0c, 0xfe, 0x0b, 0xfe,
    0x0c, 0xfe, 0x0b, 0xfe, 0x2b, 0xfe, 0x2c, 0xfe, 0x2b, 0xfe, 0x2c, 0xfe,
    0x4c, 0xfe, 0x4c, 0xfe, 0x4c, 0xfe, 0x4c, 0xfe, 0x4c, 0xfe, 0x4c, 0xfe,
    0x4b, 0xfe, 0x2b, 0xfe, 0x2b, 0xfe, 0x2b, 0xfe, 0x0d, 0xfe, 0x2e, 0xfe,
    0x50, 0xfe, 0x72, 0xf6, 0x93, 0xfe, 0x94, 0xfe, 0x94, 0xfe, 0x94, 0xfe,
    0x73, 0xfe, 0x73, 0xfe, 0x73, 0xfe, 0x93, 0xfe, 0xd3, 0xfe, 0x14, 0xff,
    0x56, 0xff, 0xb7, 0xff, 0xf9, 0xff, 0xf9, 0xff, 0xfa, 0xff, 0xd9, 0xff,
    0x97, 0xff, 0x56, 0xff, 0x15, 0xff, 0xf4, 0xfe, 0x14, 0xff, 0x14, 0xff,
    0x35, 0xff, 0x77, 0xff, 0xb9, 0xff, 0xda, 0xff, 0xfb, 0xff, 0xfc, 0xff,
    0xfd, 0xff, 0xfe, 0xff, 0xfe, 0xff, 0xfe, 0xff, 0xfe, 0xff, 0xfe, 0xff,
    0xfe, 0xff, 0xfe, 0xff, 0xfe, 0xff, 0xfd, 0xff, 0xfe, 0xff, 0xfe, 0xff,
    0xfe, 0xff, 0xfe, 0xff, 0xfe, 0xff, 0xfe, 0xff, 0xfe, 0xff, 0xfe, 0xff,
    0xfd, 0xff, 0xfd, 0xff, 0xfe, 0xff, 0xfe, 0xff, 0xfe, 0xff, 0xfe, 0xff,
    0x04, 0xd3, 0x05, 0xcb, 0x05, 0xc3, 0xe6, 0xb2, 0xc6, 0xa2, 0xc7, 0x92,
    0xe8, 0x82, 0x09, 0x7b, 0x4a, 0x7b, 0x6b, 0x83, 0x8b, 0x93, 0x8c, 0xa3,
    0xac, 0xb3, 0xac, 0xc3, 0xab, 0xc3, 0x89, 0xc3, 0x88, 0xcb, 0xa6, 0xcb,
    0xa5, 0xc3, 0xa3, 0xc3, 0xa3, 0xc3, 0x62, 0xbb, 0x22, 0xb3, 0xc3, 0xaa,
    0x62, 0xa2, 0xe2, 0x99, 0xa2, 0x91, 0x82, 0x89, 0x62, 0x91, 0x82, 0x91,
    0xc2, 0x99, 0x03, 0xa2, 0x43, 0xb2, 0xa4, 0xba, 0xe4, 0xc2, 0x24, 0xcb,
    0x85, 0xcb, 0xc5, 0xd3, 0x26, 0xdc, 0x88, 0xe4, 0xe8, 0xe4, 0x29, 0xed,
    0x49, 0xed, 0x49, 0xed, 0x49, 0xed, 0x49, 0xed, 0x28, 0xed, 0x28, 0xed,
    0x28, 0xed, 0x29, 0xed, 0x29, 0xed, 0x2b, 0xed, 0x4d, 0xed, 0x6e, 0xed,
    0x8f, 0xed, 0xb1, 0xed, 0xb1, 0xed, 0xb1, 0xed, 0xb1, 0xed, 0xb1, 0xed,
    0xb1, 0xed, 0xb1, 0xed, 0xb1, 0xed, 0xd1, 0xf5, 0xd1, 0xf5, 0xd1, 0xf5,
    0xd1, 0xed, 0xd1, 0xf5, 0xd0, 0xf5, 0xd1, 0xed, 0xd1, 0xf5, 0xd0, 0xed,
    0xd0, 0xed, 0xd0, 0xf5, 0xd0, 0xed, 0xd0, 0xf5, 0xf1, 0xf5, 0xf1, 0xf5,
    0xd0, 0xf5, 0xd0, 0xf5, 0xcf, 0xf5, 0xae, 0xf5, 0xad, 0xf5, 0xac, 0xf5,
    0xab, 0xf5, 0xaa, 0xf5, 0xaa, 0xf5, 0xcb, 0xf5, 0xeb, 0xfd, 0xeb, 0xfd,
    0xec, 0xf5, 0xec, 0xfd, 0xeb, 0xfd, 0xec, 0xf5, 0xec, 0xfd, 0xec, 0xfd,
    0xec, 0xf5, 0xec, 0xfd, 0xec, 0xf5, 0x0c, 0xfe, 0x0c, 0xf6, 0x0c, 0xfe,
    0x0b, 0xfe, 0x0c, 0xfe, 0x0b, 0xfe, 0x2c, 0xfe, 0x2c, 0xfe, 0x2c, 0xfe,
    0x2c, 0xfe, 0x2c, 0xfe, 0x2c, 0xfe, 0x4c, 0xfe, 0x4c, 0xfe, 0x4c, 0xfe,
    0x4c, 0xfe, 0x4c, 0xfe, 0x6d, 0xfe, 0x6c, 0xfe, 0x6c, 0xfe, 0x6c, 0xfe,
    0x6c, 0xfe, 0x4b, 0xfe, 0x2b, 0xfe, 0x2c, 0xfe, 0x2d, 0xfe, 0x4e, 0xfe,
    0x50, 0xfe, 0x72, 0xfe, 0x94, 0xfe, 0x94, 0xfe, 0x94, 0xfe, 0x94, 0xfe,
    0x93, 0xfe, 0x93, 0xfe, 0x93, 0xfe, 0x93, 0xfe, 0xd4, 0xfe, 0x15, 0xff,
    0x56, 0xff, 0xb7, 0xff, 0xd9, 0xff, 0xfa, 0xff, 0xfa, 0xff, 0xd9, 0xff,
    0x98, 0xff, 0x56, 0xff, 0x15, 0xff, 0xf4, 0xfe, 0x14, 0xff, 0x14, 0xff,
    0x56, 0xff, 0x77, 0xff, 0xb9, 0xff, 0xda, 0xff, 0xfb, 0xff, 0xfc, 0xff,
    0xfd, 0xff, 0xfd, 0xff, 0xfe, 0xff, 0xfe, 0xff, 0xfe, 0xff, 0xfe, 0xff,
    0xfe, 0xff, 0xfe, 0xff, 0xfe, 0xff, 0xfe, 0xff, 0xfe, 0xff, 0xfe, 0xff,
    0xfe, 0xff, 0xfe, 0xff, 0xfe, 0xff, 0xfe, 0xff, 0xfe, 0xff, 0xfd, 0xff,
    0xfd, 0xff, 0xfd, 0xff, 0xfe, 0xff, 0xfe, 0xff, 0xfe, 0xff, 0xfe, 0xff,
    0x86, 0xdb, 0x86, 0xd3, 0x67, 0xc3, 0x46, 0xb3, 0x07, 0xa3, 0x07, 0x93,
    0xe8, 0x82, 0x09, 0x7b, 0x4a, 0x83, 0x6b, 0x8b, 0x8b, 0x93, 0x8c, 0xab,
    0xac, 0xbb, 0xac, 0xc3, 0xab, 0xcb, 0x8a, 0xcb, 0xa9, 0xcb, 0xc7, 0xcb,
    0xc5, 0xcb, 0xc4, 0xc3, 0xa3, 0xc3, 0x83, 0xc3, 0x43, 0xbb, 0xe2, 0xaa,
    0x62, 0xa2, 0x02, 0x9a, 0xa2, 0x89, 0x61, 0x89, 0x41, 0x89, 0x62, 0x91,
    0xa2, 0x99, 0xe2, 0xa1, 0x43, 0xaa, 0x83, 0xb2, 0xe4, 0xc2, 0x25, 0xcb,
    0x85, 0xd3, 0xc6, 0xd3, 0x27, 0xdc, 0x87, 0xe4, 0xe8, 0xe4, 0x29, 0xed,
    0x49, 0xed, 0x6a, 0xed, 0x4a, 0xf5, 0x49, 0xed, 0x28, 0xed, 0x28, 0xed,
    0x28, 0xed, 0x29, 0xe5, 0x2a, 0xed, 0x4b, 0xed, 0x4d, 0xe5, 0x6e, 0xed,
    0x8f, 0xed, 0x90, 0xed, 0x90, 0xed, 0x90, 0xed, 0x90, 0xed, 0x8f, 0xed,
    0x8f, 0xed, 0x8f, 0xed, 0x8f, 0xed, 0x8e, 0xed, 0x6e, 0xed, 0x6e, 0xed,
    0x6e, 0xed, 0x6d, 0xed, 0x6d, 0xed, 0x8d, 0xed, 0x8d, 0xed, 0x6d, 0xed,
    0x6d, 0xed, 0x6d, 0xed, 0x6d, 0xed, 0x6c, 0xed, 0x8c, 0xf5, 0x8c, 0xed,
    0x8c, 0xf5, 0x8c, 0xf5, 0xac, 0xf5, 0x8c, 0xf5, 0xab, 0xf5, 0xab, 0xf5,
    0xab, 0xf5, 0xcb, 0xf5, 0xcb, 0xf5, 0xcb, 0xfd, 0xec, 0xf5, 0xec, 0xfd,
    0xec, 0xf5, 0xeb, 0xfd, 0xec, 0xfd, 0xec, 0xf5, 0xeb, 0xfd, 0xeb, 0xfd,
    0xeb, 0xfd, 0x0b, 0xfe, 0x0c, 0xfe, 0x0b, 0xfe, 0x2c, 0xfe, 0x0c, 0xfe,
    0x2c, 0xfe, 0x2c, 0xfe, 0x2c, 0xfe, 0x4c, 0xfe, 0x4c, 0xfe, 0x4c, 0xfe,
    0x4c, 0xfe, 0x4c, 0xfe, 0x4c, 0xfe, 0x6d, 0xfe, 0x6d, 0xfe, 0x6d, 0xfe,
    0x6d, 0xfe, 0x6d, 0xfe, 0x6d, 0xfe, 0x8d, 0xfe, 0x8c, 0xfe, 0x6c, 0xfe,
    0x6c, 0xfe, 0x4b, 0xfe, 0x2b, 0xfe, 0x2c, 0xfe, 0x2d, 0xfe, 0x4f, 0xfe,
    0x51, 0xfe, 0x72, 0xfe, 0xb4, 0xfe, 0x94, 0xfe, 0xb4, 0xfe, 0xb4, 0xfe,
    0x93, 0xfe, 0x73, 0xfe, 0x93, 0xfe, 0x93, 0xfe, 0xd4, 0xfe, 0x15, 0xff,
    0x56, 0xff, 0xb8, 0xff, 0xd9, 0xff, 0xfa, 0xff, 0xfa, 0xff, 0xd9, 0xff,
    0x98, 0xff, 0x56, 0xff, 0x35, 0xff, 0x14, 0xff, 0xf4, 0xfe, 0x15, 0xff,
    0x56, 0xff, 0x77, 0xff, 0xb9, 0xff, 0xda, 0xff, 0xfc, 0xff, 0xfc, 0xff,
    0xfd, 0xff, 0xfd, 0xff, 0xfe, 0xff, 0xfe, 0xff, 0xfe, 0xff, 0xfd, 0xff,
    0xfe, 0xff, 0xfe, 0xff, 0xfe, 0xff, 0xfe, 0xff, 0xfe, 0xff, 0xfe, 0xff,
    0xfe, 0xff, 0xfe, 0xff, 0xfe, 0xff, 0xfe, 0xff, 0xfd, 0xff, 0xfe, 0xff,
    0xfd, 0xff, 0xfd, 0xff, 0xfe, 0xff, 0xfd, 0xff, 0xfd, 0xff, 0xfe, 0xff,
    0xa7, 0xd3, 0xa6, 0xd3, 0x87, 0xcb, 0x46, 0xbb, 0x27, 0xab, 0x27, 0xa3,
    0x07, 0x9b, 0x28, 0x93, 0x29, 0x93, 0x69, 0x9b, 0x6a, 0xa3, 0x8a, 0xb3,
    0x8b, 0xbb, 0x8a, 0xc3, 0x8a, 0xc3, 0x89, 0xcb, 0x88, 0xcb, 0xa6, 0xcb,
    0xc5, 0xcb, 0xa4, 0xcb, 0xc3, 0xcb, 0xa3, 0xc3, 0x63, 0xbb, 0x03, 0xb3,
    0xa3, 0xaa, 0x23, 0xa2, 0xe2, 0x99, 0xa2, 0x91, 0x82, 0x91, 0xa2, 0x91,
    0xc2, 0x99, 0x03, 0xa2, 0x43, 0xaa, 0x84, 0xb2, 0xe4, 0xc2, 0x24, 0xc3,
    0x85, 0xcb, 0xe6, 0xd3, 0x47, 0xdc, 0x88, 0xe4, 0xe8, 0xe4, 0x29, 0xed,
    0x49, 0xed, 0x49, 0xed, 0x49, 0xed, 0x49, 0xed, 0x49, 0xed, 0x49, 0xed,
    0x29, 0xed, 0x29, 0xed, 0x2a, 0xed, 0x2a, 0xe5, 0x2b, 0xed, 0x4c, 0xed,
    0x4c, 0xe5, 0x6d, 0xed, 0x6d, 0xed, 0x4d, 0xed, 0x4d, 0xe5, 0x4c, 0xed,
    0x4c, 0xed, 0x2b, 0xed, 0x2b, 0xed, 0x4b, 0xed, 0x2b, 0xed, 0x2a, 0xed,
    0x2a, 0xed, 0x2a, 0xed, 0x2a, 0xed, 0x4a, 0xed, 0x4a, 0xed, 0x4a, 0xed,
    0x4a, 0xed, 0x4a, 0xed, 0x69, 0xed, 0x6a, 0xf5, 0x6a, 0xf5, 0x6a, 0xf5,
    0x8a, 0xf5, 0x8a, 0xf5, 0x8a, 0xf5, 0xab, 0xf5, 0xcb, 0xf5, 0xcb, 0xf5,
    0xcb, 0xf5, 0xec, 0xfd, 0xeb, 0xfd, 0xec, 0xf5, 0xeb, 0xfd, 0xeb, 0xf5,
    0xeb, 0xfd, 0xec, 0xf5, 0x0b, 0xfe, 0x0b, 0xfe, 0x0c, 0xfe, 0x0c, 0xfe,
    0x0b, 0xfe, 0x2c, 0xfe, 0x0c, 0xfe, 0x2c, 0xfe, 0x2c, 0xfe, 0x4c, 0xfe,
    0x4c, 0xfe, 0x4d, 0xfe, 0x4d, 0xfe, 0x4d, 0xfe, 0x4d, 0xfe, 0x4d, 0xfe,
    0x6d, 0xfe, 0x4d, 0xfe, 0x6d, 0xfe, 0x6d, 0xfe, 0x6d, 0xfe, 0x6d, 0xfe,
    0x6d, 0xfe, 0x8d, 0xfe, 0x8d, 0xfe, 0x8d, 0xfe, 0x8d, 0xfe, 0x6c, 0xfe,
    0x6c, 0xfe, 0x4c, 0xfe, 0x4b, 0xfe, 0x2c, 0xfe, 0x2d, 0xfe, 0x4f, 0xfe,
    0x71, 0xfe, 0x92, 0xfe, 0xb4, 0xfe, 0xb4, 0xfe, 0xb4, 0xfe, 0xb4, 0xfe,
    0x94, 0xfe, 0x93, 0xfe, 0x93, 0xfe, 0xb3, 0xfe, 0xf4, 0xfe, 0x15, 0xff,
    0x76, 0xff, 0xb8, 0xff, 0xfa, 0xff, 0xfa, 0xff, 0xfb, 0xff, 0xda, 0xff,
    0x98, 0xff, 0x56, 0xff, 0x35, 0xff, 0x14, 0xff, 0x14, 0xff, 0x15, 0xff,
    0x56, 0xff, 0x78, 0xff, 0xb9, 0xff, 0xda, 0xff, 0xfc, 0xff, 0xfc, 0xff,
    0xfd, 0xff, 0xfd, 0xff, 0xfe, 0xff, 0xfe, 0xff, 0xfe, 0xff, 0xfe, 0xff,
    0xfe, 0xff, 0xfe, 0xff, 0xfe, 0xff, 0xfe, 0xff, 0xfe, 0xff, 0xfe, 0xff,
    0xfe, 0xff, 0xfd, 0xff, 0xfd, 0xff, 0xfd, 0xff, 0xfe, 0xff, 0xfe, 0xff,
    0xfe, 0xff, 0xfd, 0xff, 0xfe, 0xff, 0xfe, 0xff, 0xfe, 0xff, 0xfd, 0xff,
    0x65, 0xd3, 0x65, 0xcb, 0x45, 0xcb, 0x45, 0xc3, 0x25, 0xc3, 0x26, 0xbb,
    0x26, 0xb3, 0x26, 0xb3, 0x47, 0xb3, 0x47, 0xb3, 0x47, 0xb3, 0x47, 0xbb,
    0x67, 0xc3, 0x67, 0xcb, 0x67, 0xcb, 0x67, 0xcb, 0x66, 0xcb, 0x65, 0xcb,
    0x65, 0xcb, 0x84, 0xcb, 0x64, 0xc3, 0x64, 0xc3, 0x44, 0xc3, 0x24, 0xc3,
    0x04, 0xbb, 0xc4, 0xb2, 0xa4, 0xb2, 0x83, 0xb2, 0x64, 0xaa, 0x64, 0xaa,
    0x63, 0xb2, 0x64, 0xb2, 0x84, 0xb2, 0xa4, 0xba, 0xe4, 0xc2, 0x25, 0xcb,
    0x85, 0xcb, 0xe6, 0xd3, 0x47, 0xdc, 0x87, 0xe4, 0xe8, 0xe4, 0x29, 0xed,
    0x49, 0xed, 0x49, 0xed, 0x49, 0xed, 0x49, 0xed, 0x4a, 0xed, 0x49, 0xed,
    0x49, 0xed, 0x49, 0xed, 0x49, 0xed, 0x29, 0xed, 0x2a, 0xed, 0x2a, 0xed,
    0x29, 0xe5, 0x2a, 0xe5, 0x2a, 0xed, 0x29, 0xed, 0x29, 0xe5, 0x29, 0xed,
    0x49, 0xed, 0x29, 0xed, 0x29, 0xed, 0x49, 0xed, 0x49, 0xed, 0x49, 0xed,
    0x69, 0xed, 0x69, 0xed, 0x69, 0xed, 0x69, 0xed, 0x6a, 0xf5, 0x8a, 0xf5,
    0x89, 0xf5, 0xaa, 0xf5, 0x8a, 0xf5, 0xaa, 0xf5, 0xaa, 0xf5, 0xab, 0xf5,
    0xcb, 0xf5, 0xcb, 0xf5, 0xcb, 0xf5, 0xcb, 0xf5, 0xec, 0xfd, 0xec, 0xf5,
    0xec, 0xfd, 0xeb, 0xfd, 0xec, 0xfd, 0xeb, 0xf5, 0xec, 0xf5, 0xeb, 0xfd,
    0x0c, 0xfe, 0x0c, 0xf6, 0x0c, 0xfe, 0x0b, 0xfe, 0x0c, 0xfe, 0x2c, 0xfe,
    0x2c, 0xfe, 0x2c, 0xfe, 0x2c, 0xfe, 0x4c, 0xfe, 0x4c, 0xfe, 0x6d, 0xfe,
    0x6d, 0xfe, 0x6d, 0xfe, 0x6d, 0xfe, 0x6d, 0xfe, 0x6d, 0xfe, 0x6d, 0xfe,
    0x6d, 0xfe, 0x6d, 0xfe, 0x6d, 0xfe, 0x6d, 0xfe, 0x6d, 0xfe, 0x8d, 0xfe,
    0x8d, 0xfe, 0x8d, 0xfe, 0x8d, 0xfe, 0x8d, 0xfe, 0x8d, 0xfe, 0x8d, 0xfe,
    0x6c, 0xfe, 0x6c, 0xfe, 0x4c, 0xfe, 0x4c, 0xfe, 0x4d, 0xfe, 0x6f, 0xfe,
    0x71, 0xfe, 0x93, 0xfe, 0xb4, 0xfe, 0xd4, 0xfe, 0xb4, 0xfe, 0xb4, 0xfe,
    0xb4, 0xfe, 0xb3, 0xfe, 0xb4, 0xfe, 0xd4, 0xfe, 0xf4, 0xfe, 0x36, 0xff,
    0x77, 0xff, 0xb9, 0xff, 0xfa, 0xff, 0xfb, 0xff, 0xfb, 0xff, 0xda, 0xff,
    0x98, 0xff, 0x56, 0xff, 0x35, 0xff, 0x14, 0xff, 0x14, 0xff, 0x35, 0xff,
    0x56, 0xff, 0x77, 0xff, 0xb9, 0xff, 0xda, 0xff, 0xfb, 0xff, 0xfc, 0xff,
    0xfd, 0xff, 0xfd, 0xff, 0xfd, 0xff, 0xfe, 0xff, 0xfe, 0xff, 0xfe, 0xff,
    0xfe, 0xff, 0xfe, 0xff, 0xfe, 0xff, 0xfe, 0xff, 0xfd, 0xff, 0xfd, 0xff,
    0xfd, 0xff, 0xfd, 0xff, 0xfe, 0xff, 0xfd, 0xff, 0xfd, 0xff, 0xfd, 0xff,
    0xfd, 0xff, 0xfe, 0xff, 0xfe, 0xff, 0xfe, 0xff, 0xfe, 0xff, 0xfe, 0xff,
    0x04, 0xcb, 0x05, 0xcb, 0x25, 0xcb, 0x24, 0xcb, 0x04, 0xc3, 0x24, 0xc3,
    0x24, 0xc3, 0x25, 0xc3, 0x24, 0xc3, 0x04, 0xc3, 0x04, 0xc3, 0x25, 0xc3,
    0x24, 0xcb, 0x25, 0xc3, 0x24, 0xcb, 0x24, 0xcb, 0x45, 0xcb, 0x24, 0xcb,
    0x45, 0xc3, 0x44, 0xcb, 0x44, 0xcb, 0x45, 0xcb, 0x45, 0xcb, 0x44, 0xcb,
    0x45, 0xcb, 0x45, 0xcb, 0x45, 0xcb, 0x45, 0xc3, 0x25, 0xc3, 0x04, 0xc3,
    0xe4, 0xc2, 0xc4, 0xc2, 0xc4, 0xba, 0xa4, 0xc2, 0xc4, 0xc2, 0x04, 0xc3,
    0x65, 0xcb, 0xc6, 0xd3, 0x26, 0xdc, 0xa7, 0xe4, 0xe8, 0xe4, 0x29, 0xed,
    0x49, 0xed, 0x49, 0xed, 0x49, 0xed, 0x49, 0xed, 0x49, 0xed, 0x49, 0xed,
    0x4a, 0xed, 0x49, 0xed, 0x49, 0xed, 0x49, 0xed, 0x49, 0xed, 0x49, 0xed,
    0x48, 0xed, 0x48, 0xed, 0x49, 0xed, 0x49, 0xed, 0x49, 0xed, 0x49, 0xed,
    0x49, 0xed, 0x49, 0xed, 0x69, 0xed, 0x69, 0xed, 0x89, 0xf5, 0x89, 0xf5,
    0x8a, 0xf5, 0x8a, 0xf5, 0xaa, 0xf5, 0xaa, 0xf5, 0xaa, 0xf5, 0xaa, 0xf5,
    0xca, 0xf5, 0xab, 0xf5, 0xcb, 0xf5, 0xcb, 0xf5, 0xeb, 0xf5, 0xeb, 0xf5,
    0xec, 0xf5, 0xec, 0xf5, 0xec, 0xf5, 0xec, 0xfd, 0xeb, 0xfd, 0xec, 0xf5,
    0xeb, 0xfd, 0xeb, 0xf5, 0xeb, 0xfd, 0x0c, 0xfe, 0x0c, 0xfe, 0x0c, 0xfe,
    0x0c, 0xfe, 0x0c, 0xfe, 0x2c, 0xfe, 0x2c, 0xfe, 0x2c, 0xfe, 0x4c, 0xfe,
    0x4c, 0xfe, 0x4c, 0xfe, 0x4c, 0xfe, 0x6d, 0xfe, 0x6d, 0xfe, 0x6d, 0xfe,
    0x6d, 0xfe, 0x6d, 0xfe, 0x6d, 0xfe, 0x8d, 0xfe, 0x8d, 0xfe, 0x8d, 0xfe,
    0x8d, 0xfe, 0x8d, 0xfe, 0x8d, 0xfe, 0x8d, 0xfe, 0x8d, 0xfe, 0x8d, 0xfe,
    0x8d, 0xfe, 0x8d, 0xfe, 0x8d, 0xfe, 0x8d, 0xfe, 0x8d, 0xfe, 0x6d, 0xfe,
    0x6d, 0xfe, 0x6c, 0xfe, 0x4c, 0xfe, 0x4d, 0xfe, 0x4e, 0xfe, 0x6f, 0xfe,
    0x91, 0xfe, 0xb2, 0xfe, 0xb4, 0xfe, 0xb4, 0xfe, 0xd4, 0xfe, 0xb4, 0xfe,
    0xb4, 0xfe, 0xb3, 0xfe, 0xb3, 0xfe, 0xd4, 0xfe, 0xf4, 0xfe, 0x36, 0xff,
    0x98, 0xff, 0xd9, 0xff, 0xfa, 0xff, 0xfb, 0xff, 0xfb, 0xff, 0xd9, 0xff,
    0x98, 0xff, 0x56, 0xff, 0x35, 0xff, 0x14, 0xff, 0x14, 0xff, 0x35, 0xff,
    0x56, 0xff, 0x78, 0xff, 0xb9, 0xff, 0xdb, 0xff, 0xfb, 0xff, 0xfc, 0xff,
    0xfd, 0xff, 0xfd, 0xff, 0xfe, 0xff, 0xfe, 0xff, 0xfe, 0xff, 0xfe, 0xff,
    0xfe, 0xff, 0xfe, 0xff, 0xfe, 0xff, 0xfe, 0xff, 0xfe, 0xff, 0xfd, 0xff,
    0xfd, 0xff, 0xfd, 0xff, 0xfd, 0xff, 0xfd, 0xff, 0xfd, 0xff, 0xfd, 0xff,
    0xfd, 0xff, 0xfd, 0xff, 0xfd, 0xff, 0xfd, 0xff, 0xfd, 0xff, 0xfe, 0xff,
    0xa4, 0xb2, 0xc4, 0xb2, 0xa4, 0xba, 0xa4, 0xba, 0xa4, 0xba, 0xa4, 0xba,
    0xa3, 0xba, 0xa3, 0xba, 0xa4, 0xba, 0xa3, 0xba, 0xa3, 0xba, 0xa3, 0xba,
    0xa3, 0xba, 0xa3, 0xba, 0xa3, 0xba, 0xc3, 0xba, 0xa4, 0xb2, 0xa4, 0xba,
    0xc4, 0xba, 0xc4, 0xba, 0xc4, 0xba, 0xc4, 0xba, 0xc4, 0xba, 0xe4, 0xba,
    0xe4, 0xba, 0xe4, 0xba, 0xe4, 0xc2, 0xe4, 0xc2, 0xe4, 0xc2, 0xe4, 0xc2,
    0xe4, 0xc2, 0xc4, 0xc2, 0xc4, 0xba, 0xc4, 0xc2, 0xe4, 0xc2, 0x25, 0xc3,
    0x85, 0xcb, 0xe6, 0xd3, 0x47, 0xdc, 0xc8, 0xe4, 0x08, 0xed, 0x49, 0xed,
    0x69, 0xed, 0x69, 0xed, 0x49, 0xed, 0x49, 0xed, 0x49, 0xed, 0x49, 0xed,
    0x49, 0xed, 0x49, 0xed, 0x49, 0xed, 0x49, 0xed, 0x49, 0xed, 0x69, 0xed,
    0x69, 0xed, 0x69, 0xed, 0x69, 0xed, 0x69, 0xed, 0x89, 0xed, 0x89, 0xed,
    0x89, 0xed, 0x89, 0xf5, 0x8a, 0xf5, 0x8a, 0xed, 0x8a, 0xf5, 0x8a, 0xf5,
    0x8a, 0xed, 0xaa, 0xf5, 0xaa, 0xf5, 0xaa, 0xf5, 0xab, 0xf5, 0xab, 0xf5,
    0xcb, 0xf5, 0xcb, 0xf5, 0xcb, 0xf5, 0xcb, 0xf5, 0xec, 0xfd, 0xcb, 0xfd,
    0xcb, 0xf5, 0xeb, 0xfd, 0xeb, 0xf5, 0xeb, 0xf5, 0xeb, 0xf5, 0xeb, 0xfd,
    0xec, 0xfd, 0xec, 0xfd, 0x0c, 0xf6, 0x0c, 0xfe, 0x2c, 0xfe, 0x2c, 0xfe,
    0x2c, 0xfe, 0x2c, 0xfe, 0x4c, 0xfe, 0x4c, 0xfe, 0x4d, 0xfe, 0x4d, 0xfe,
    0x4d, 0xfe, 0x4d, 0xfe, 0x4d, 0xfe, 0x6d, 0xfe, 0x6d, 0xfe, 0x6d, 0xfe,
    0x6d, 0xfe, 0x6d, 0xfe, 0x8d, 0xfe, 0x8e, 0xfe, 0x8e, 0xfe, 0x8d, 0xfe,
    0x8e, 0xfe, 0x8e, 0xfe, 0x8d, 0xfe, 0x8e, 0xfe, 0x8e, 0xfe, 0x8d, 0xfe,
    0x8d, 0xfe, 0x8e, 0xfe, 0x8d, 0xfe, 0x8d, 0xfe, 0x8d, 0xfe, 0x6d, 0xfe,
    0x6c, 0xfe, 0x6c, 0xfe, 0x4c, 0xfe, 0x4d, 0xfe, 0x4e, 0xfe, 0x6f, 0xfe,
    0x71, 0xfe, 0x92, 0xfe, 0xb4, 0xfe, 0xd4, 0xfe, 0xd4, 0xfe, 0xb4, 0xfe,
    0xb3, 0xfe, 0xb3, 0xfe, 0xb3, 0xfe, 0xd4, 0xfe, 0x15, 0xff, 0x56, 0xff,
    0x98, 0xff, 0xda, 0xff, 0xfb, 0xff, 0xfb, 0xff, 0xfb, 0xff, 0xda, 0xff,
    0x98, 0xff, 0x76, 0xff, 0x35, 0xff, 0x14, 0xff, 0x14, 0xff, 0x35, 0xff,
    0x56, 0xff, 0x78, 0xff, 0xb9, 0xff, 0xda, 0xff, 0xfc, 0xff, 0xfd, 0xff,
    0xfd, 0xff, 0xfd, 0xff, 0xfe, 0xff, 0xfe, 0xff, 0xfe, 0xff, 0xfe, 0xff,
    0xfe, 0xff, 0xfe, 0xff, 0xfe, 0xff, 0xfd, 0xff, 0xfd, 0xff, 0xfd, 0xff,
    0xfd, 0xff, 0xfd, 0xff, 0xfd, 0xff, 0xfc, 0xff, 0xfc, 0xff, 0xfc, 0xff,
    0xfd, 0xff, 0xfd, 0xff, 0xfd, 0xff, 0xfd, 0xff, 0xfd, 0xff, 0xfd, 0xff,
    0x63, 0xaa, 0x63, 0xa2, 0x43, 0xaa, 0x63, 0xa2, 0x63, 0xaa, 0x64, 0xaa,
    0x43, 0xaa, 0x63, 0xaa, 0x64, 0xaa, 0x63, 0xaa, 0x63, 0xaa, 0x43, 0xaa,
    0x43, 0xa2, 0x23, 0xa2, 0x23, 0xa2, 0x03, 0x9a, 0x02, 0x9a, 0xe2, 0x99,
    0xe2, 0x99, 0xe3, 0x99, 0xe3, 0x99, 0xe2, 0x99, 0xe3, 0x99, 0xe3, 0x99,
    0xe2, 0x99, 0xe2, 0xa1, 0x03, 0xa2, 0x43, 0xaa, 0x83, 0xaa, 0xc4, 0xb2,
    0xe5, 0xba, 0x25, 0xc3, 0x45, 0xc3, 0x65, 0xc3, 0x85, 0xcb, 0xc6, 0xd3,
    0x07, 0xd4, 0x67, 0xdc, 0xa8, 0xe4, 0xe8, 0xe4, 0x29, 0xed, 0x49, 0xed,
    0x6a, 0xed, 0x69, 0xed, 0x6a, 0xed, 0x4a, 0xed, 0x49, 0xed, 0x4a, 0xed,
    0x49, 0xed, 0x49, 0xed, 0x49, 0xed, 0x6a, 0xed, 0x69, 0xed, 0x6a, 0xed,
    0x6a, 0xed, 0x6a, 0xed, 0x6a, 0xed, 0x6a, 0xf5, 0x8a, 0xed, 0x8a, 0xed,
    0x8a, 0xf5, 0x8a, 0xf5, 0x8a, 0xf5, 0x8a, 0xed, 0x8a, 0xf5, 0x8a, 0xed,
    0x8a, 0xf5, 0x8a, 0xf5, 0xaa, 0xed, 0xab, 0xf5, 0xcb, 0xf5, 0xcb, 0xf5,
    0xcb, 0xf5, 0xeb, 0xf5, 0xeb, 0xf5, 0xeb, 0xf5, 0xeb, 0xfd, 0xeb, 0xfd,
    0xeb, 0xf5, 0xeb, 0xfd, 0xeb, 0xfd, 0xeb, 0xf5, 0xeb, 0xfd, 0xeb, 0xf5,
    0xeb, 0xfd, 0x0b, 0xfe, 0x0b, 0xfe, 0x0c, 0xfe, 0x2c, 0xfe, 0x2c, 0xfe,
    0x2c, 0xfe, 0x4c, 0xfe, 0x4c, 0xfe, 0x4d, 0xfe, 0x4d, 0xfe, 0x4d, 0xfe,
    0x4d, 0xfe, 0x4d, 0xfe, 0x6d, 0xfe, 0x4d, 0xfe, 0x6d, 0xfe, 0x6d, 0xfe,
    0x6d, 0xfe, 0x6d, 0xfe, 0x8d, 0xfe, 0x8d, 0xfe, 0x6d, 0xfe, 0x8d, 0xfe,
    0x8d, 0xfe, 0x8d, 0xfe, 0x8d, 0xfe, 0x8d, 0xfe, 0x8e, 0xfe, 0xad, 0xfe,
    0x8e, 0xfe, 0x8e, 0xfe, 0x8d, 0xfe, 0x8d, 0xfe, 0x8d, 0xfe, 0x8d, 0xfe,
    0x8d, 0xfe, 0x6c, 0xfe, 0x4c, 0xfe, 0x4d, 0xfe, 0x4e, 0xfe, 0x6f, 0xfe,
    0x91, 0xfe, 0x92, 0xfe, 0xb4, 0xfe, 0xb4, 0xfe, 0xb4, 0xfe, 0xd4, 0xfe,
    0xb3, 0xfe, 0xb3, 0xfe, 0xb3, 0xfe, 0xf4, 0xfe, 0x15, 0xff, 0x56, 0xff,
    0x98, 0xff, 0xda, 0xff, 0xfb, 0xff, 0xfc, 0xff, 0xfb, 0xff, 0xd9, 0xff,
    0x98, 0xff, 0x56, 0xff, 0x34, 0xff, 0x14, 0xff, 0x14, 0xff, 0x35, 0xff,
    0x56, 0xff, 0x78, 0xff, 0xb9, 0xff, 0xdb, 0xff, 0xfc, 0xff, 0xfd, 0xff,
    0xfd, 0xff, 0xfd, 0xff, 0xfe, 0xff, 0xfd, 0xff, 0xfd, 0xff, 0xfd, 0xff,
    0xfd, 0xff, 0xfd, 0xff, 0xfd, 0xff, 0xfd, 0xff, 0xfd, 0xff, 0xfd, 0xff,
    0xfd, 0xff, 0xfd, 0xff, 0xfd, 0xff, 0xfc, 0xff, 0xfd, 0xff, 0xfd, 0xff,
    0xfd, 0xff, 0xfd, 0xff, 0xfd, 0xff, 0xfd, 0xff, 0xfd, 0xff, 0xfe, 0xff,
    0xc5, 0xaa, 0xc5, 0xb2, 0xc5, 0xaa, 0xc5, 0xaa, 0xc5, 0xaa, 0xc5, 0xaa,
    0xc5, 0xaa, 0xc5, 0xb2, 0xc5, 0xaa, 0xc5, 0xb2, 0xc5, 0xb2, 0xa5, 0xaa,
    0xa5, 0xaa, 0x64, 0xa2, 0x23, 0x9a, 0xe3, 0x91, 0xa2, 0x91, 0x82, 0x89,
    0x82, 0x89, 0x82, 0x89, 0x62, 0x89, 0x61, 0x89, 0x62, 0x89, 0x82, 0x91,
    0xa2, 0x91, 0xe3, 0x99, 0x43, 0xa2, 0x84, 0xaa, 0x05, 0xbb, 0x85, 0xc3,
    0xc6, 0xcb, 0x27, 0xd4, 0x47, 0xd4, 0x67, 0xdc, 0x87, 0xdc, 0x88, 0xdc,
    0xc8, 0xe4, 0xc8, 0xe4, 0x09, 0xe5, 0x09, 0xed, 0x49, 0xed, 0x49, 0xed,
    0x49, 0xed, 0x4a, 0xed, 0x69, 0xed, 0x6a, 0xed, 0x4a, 0xed, 0x69, 0xed,
    0x6a, 0xed, 0x6a, 0xed, 0x6a, 0xed, 0x6a, 0xed, 0x6a, 0xed, 0x6a, 0xed,
    0x6a, 0xed, 0x6a, 0xed, 0x6a, 0xed, 0x8a, 0xf5, 0x8a, 0xf5, 0x6a, 0xed,
    0x8a, 0xf5, 0x6a, 0xed, 0x8a, 0xed, 0x8a, 0xed, 0x8a, 0xed, 0x8a, 0xed,
    0x8a, 0xf5, 0x8a, 0xed, 0xab, 0xf5, 0xab, 0xf5, 0xcb, 0xf5, 0xcb, 0xf5,
    0xcb, 0xf5, 0xcc, 0xf5, 0xcc, 0xfd, 0xeb, 0xfd, 0xeb, 0xf5, 0xeb, 0xfd,
    0xeb, 0xfd, 0xeb, 0xfd, 0xeb, 0xfd, 0xeb, 0xfd, 0xeb, 0xfd, 0xeb, 0xfd,
    0xeb, 0xf5, 0xea, 0xfd, 0x0a, 0xfe, 0x0b, 0xfe, 0x0b, 0xfe, 0x0a, 0xfe,
    0x2b, 0xfe, 0x2b, 0xfe, 0x2c, 0xfe, 0x4c, 0xfe, 0x4c, 0xfe, 0x4d, 0xfe,
    0x6d, 0xfe, 0x6d, 0xfe, 0x6d, 0xfe, 0x6d, 0xfe, 0x6d, 0xfe, 0x6e, 0xfe,
    0x6d, 0xfe, 0x6d, 0xfe, 0x6d, 0xfe, 0x6d, 0xfe, 0x6d, 0xfe, 0x6c, 0xfe,
    0x6c, 0xfe, 0x6c, 0xfe, 0x6d, 0xfe, 0x8d, 0xfe, 0x8d, 0xfe, 0x8d, 0xfe,
    0x8e, 0xfe, 0x8e, 0xfe, 0xae, 0xfe, 0x8d, 0xfe, 0x8d, 0xfe, 0x8d, 0xfe,
    0x8d, 0xfe, 0x6c, 0xfe, 0x4c, 0xfe, 0x4d, 0xfe, 0x4e, 0xfe, 0x6f, 0xfe,
    0x71, 0xfe, 0xb3, 0xfe, 0xb4, 0xfe, 0xd4, 0xfe, 0xb4, 0xfe, 0xd4, 0xfe,
    0xb3, 0xfe, 0xb3, 0xfe, 0xd3, 0xfe, 0xd4, 0xfe, 0x15, 0xff, 0x57, 0xff,
    0xb8, 0xff, 0xda, 0xff, 0xfb, 0xff, 0xfc, 0xff, 0xfb, 0xff, 0xb9, 0xff,
    0x98, 0xff, 0x56, 0xff, 0x34, 0xff, 0x14, 0xff, 0x14, 0xff, 0x35, 0xff,
    0x76, 0xff, 0x98, 0xff, 0xba, 0xff, 0xfb, 0xff, 0xfc, 0xff, 0xfd, 0xff,
    0xfe, 0xff, 0xfe, 0xff, 0xfe, 0xff, 0xfd, 0xff, 0xfd, 0xff, 0xfd, 0xff,
    0xfd, 0xff, 0xfd, 0xff, 0xfd, 0xff, 0xfd, 0xff, 0xfd, 0xff, 0xfd, 0xff,
    0xfd, 0xff, 0xfd, 0xff, 0xfd, 0xff, 0xfd, 0xff, 0xfd, 0xff, 0xfd, 0xff,
    0xfd, 0xff, 0xfd, 0xff, 0xfd, 0xff, 0xfe, 0xff, 0xfe, 0xff, 0xfe, 0xff,
    0x47, 0xc3, 0x47, 0xbb, 0x47, 0xc3, 0x67, 0xbb, 0x67, 0xc3, 0x67, 0xbb,
    0x67, 0xc3, 0x67, 0xbb, 0x67, 0xbb, 0x67, 0xc3, 0x67, 0xc3, 0x67, 0xbb,
    0x26, 0xbb, 0xe5, 0xb2, 0x84, 0xaa, 0x03, 0x9a, 0xc2, 0x99, 0x82, 0x91,
    0x82, 0x91, 0x82, 0x91, 0x82, 0x91, 0xa2, 0x99, 0xe2, 0x99, 0x43, 0xa2,
    0x84, 0xaa, 0x04, 0xbb, 0x65, 0xc3, 0xe6, 0xcb, 0x47, 0xd4, 0x87, 0xdc,
    0xc7, 0xe4, 0xe8, 0xe4, 0x08, 0xed, 0x08, 0xed, 0x08, 0xed, 0x08, 0xed,
    0x29, 0xed, 0x29, 0xed, 0x29, 0xed, 0x49, 0xed, 0x29, 0xed, 0x49, 0xed,
    0x49, 0xed, 0x4a, 0xed, 0x4a, 0xed, 0x49, 0xed, 0x69, 0xed, 0x4a, 0xed,
    0x69, 0xed, 0x69, 0xed, 0x6a, 0xed, 0x6a, 0xed, 0x69, 0xed, 0x69, 0xed,
    0x6a, 0xed, 0x6a, 0xed, 0x6a, 0xed, 0x6a, 0xed, 0x8a, 0xf5, 0x8a, 0xed,
    0x8a, 0xed, 0x8a, 0xed, 0x8a, 0xf5, 0x8a, 0xf5, 0x8a, 0xed, 0x8b, 0xf5,
    0xab, 0xf5, 0xab, 0xf5, 0xcb, 0xf5, 0xcb, 0xf5, 0xcb, 0xf5, 0xeb, 0xf5,
    0x0b, 0xf6, 0xeb, 0xf5, 0xec, 0xfd, 0xcc, 0xf5, 0xcd, 0xfd, 0xcd, 0xf5,
    0xee, 0xfd, 0x0f, 0xfe, 0x2f, 0xfe, 0x4f, 0xfe, 0x4e, 0xfe, 0x6e, 0xfe,
    0x4e, 0xfe, 0x4d, 0xfe, 0x4d, 0xfe, 0x4d, 0xfe, 0x4d, 0xfe, 0x2c, 0xfe,
    0x4c, 0xfe, 0x2c, 0xfe, 0x2c, 0xfe, 0x2c, 0xfe, 0x2c, 0xfe, 0x4c, 0xfe,
    0x4c, 0xfe, 0x4d, 0xfe, 0x4d, 0xfe, 0x4d, 0xfe, 0x4d, 0xfe, 0x4d, 0xfe,
    0x4d, 0xfe, 0x6d, 0xfe, 0x6d, 0xfe, 0x6d, 0xfe, 0x6d, 0xfe, 0x8d, 0xfe,
    0x8e, 0xfe, 0x8e, 0xfe, 0x8d, 0xfe, 0x8d, 0xfe, 0x8d, 0xfe, 0x8d, 0xfe,
    0x8d, 0xfe, 0x8d, 0xfe, 0x8e, 0xfe, 0x8e, 0xfe, 0x8d, 0xfe, 0x8d, 0xfe,
    0x8d, 0xfe, 0x6c, 0xfe, 0x4c, 0xfe, 0x4d, 0xfe, 0x4e, 0xfe, 0x6f, 0xfe,
    0x71, 0xfe, 0x92, 0xfe, 0xb4, 0xfe, 0xd4, 0xfe, 0xd4, 0xfe, 0xb4, 0xfe,
    0xb4, 0xfe, 0xb3, 0xfe, 0xb3, 0xfe, 0xf4, 0xfe, 0x15, 0xff, 0x57, 0xff,
    0xb8, 0xff, 0xda, 0xff, 0xfb, 0xff, 0xfc, 0xff, 0xfb, 0xff, 0xb9, 0xff,
    0x97, 0xff, 0x56, 0xff, 0x35, 0xff, 0x14, 0xff, 0x34, 0xff, 0x35, 0xff,
    0x77, 0xff, 0x98, 0xff, 0xba, 0xff, 0xdb, 0xff, 0xfc, 0xff, 0xfd, 0xff,
    0xfe, 0xff, 0xfe, 0xff, 0xfd, 0xff, 0xfd, 0xff, 0xfd, 0xff, 0xfd, 0xff,
    0xfd, 0xff, 0xfd, 0xff, 0xfd, 0xff, 0xfd, 0xff, 0xfd, 0xff, 0xfd, 0xff,
    0xfd, 0xff, 0xfd, 0xff, 0xfd, 0xff, 0xfd, 0xff, 0xfd, 0xff, 0xfd, 0xff,
    0xfd, 0xff, 0xfd, 0xff, 0xfe, 0xff, 0xfe, 0xff, 0xfe, 0xff, 0xfe, 0xff,
    0x87, 0xc3, 0x87, 0xc3, 0x87, 0xcb, 0x87, 0xc3, 0x87, 0xc3, 0x87, 0xc3,
    0xa7, 0xcb, 0xa7, 0xc3, 0xa7, 0xc3, 0xa7, 0xcb, 0xa7, 0xc3, 0x87, 0xc3,
    0x46, 0xc3, 0x06, 0xb3, 0x84, 0xaa, 0x23, 0xa2, 0xc2, 0x99, 0xa2, 0x99,
    0xa2, 0x99, 0xe2, 0x99, 0x22, 0xa2, 0xa3, 0xb2, 0x04, 0xbb, 0x85, 0xc3,
    0xe6, 0xd3, 0x47, 0xd4, 0x87, 0xdc, 0xc7, 0xe4, 0xe8, 0xe4, 0x08, 0xe5,
    0x08, 0xe5, 0x08, 0xed, 0x08, 0xe5, 0x08, 0xe5, 0x08, 0xe5, 0x08, 0xe5,
    0x29, 0xed, 0x29, 0xed, 0x29, 0xed, 0x29, 0xed, 0x49, 0xed, 0x4a, 0xed,
    0x4a, 0xed, 0x49, 0xed, 0x4a, 0xed, 0x4a, 0xed, 0x4a, 0xed, 0x6a, 0xed,
    0x6a, 0xed, 0x6a, 0xed, 0x6a, 0xf5, 0x6a, 0xed, 0x6a, 0xed, 0x6a, 0xed,
    0x6a, 0xf5, 0x6a, 0xf5, 0x6a, 0xed, 0x6a, 0xed, 0x8a, 0xf5, 0x8a, 0xf5,
    0x8a, 0xf5, 0x8a, 0xed, 0x8a, 0xf5, 0x8b, 0xf5, 0x8b, 0xed, 0xaa, 0xf5,
    0xab, 0xf5, 0xab, 0xf5, 0xcb, 0xf5, 0xeb, 0xf5, 0xeb, 0xf5, 0x0b, 0xf6,
    0x0b, 0xf6, 0x0c, 0xf6, 0xed, 0xf5, 0xce, 0xfd, 0x8f, 0xfd, 0x90, 0xfd,
    0xb1, 0xfd, 0xf3, 0xfd, 0x54, 0xfe, 0x95, 0xfe, 0xb5, 0xfe, 0xd5, 0xfe,
    0xf4, 0xfe, 0xf5, 0xfe, 0xf5, 0xfe, 0xf4, 0xfe, 0xf4, 0xfe, 0xf4, 0xfe,
    0xf3, 0xfe, 0xd2, 0xfe, 0xb0, 0xfe, 0x8f, 0xfe, 0x6d, 0xfe, 0x6d, 0xfe,
    0x4c, 0xfe, 0x4c, 0xfe, 0x4c, 0xfe, 0x4d, 0xfe, 0x4c, 0xfe, 0x4c, 0xfe,
    0x4d, 0xfe, 0x6d, 0xfe, 0x8e, 0xfe, 0xaf, 0xfe, 0xd1, 0xfe, 0xf1, 0xfe,
    0xf2, 0xfe, 0xf2, 0xfe, 0xf1, 0xfe, 0xaf, 0xfe, 0x8e, 0xfe, 0x8e, 0xfe,
    0x6d, 0xfe, 0x8d, 0xfe, 0x8d, 0xfe, 0x8e, 0xfe, 0x8d, 0xfe, 0x8d, 0xfe,
    0x8d, 0xfe, 0x6d, 0xfe, 0x4c, 0xfe, 0x4d, 0xfe, 0x4e, 0xfe, 0x6f, 0xfe,
    0x91, 0xfe, 0xb3, 0xfe, 0xd4, 0xfe, 0xd4, 0xfe, 0xd4, 0xfe, 0xb4, 0xfe,
    0xb4, 0xfe, 0xb3, 0xfe, 0xb3, 0xfe, 0xf4, 0xfe, 0x15, 0xff, 0x57, 0xff,
    0x99, 0xff, 0xfa, 0xff, 0xfb, 0xff, 0xfc, 0xff, 0xfb, 0xff, 0xd9, 0xff,
    0x98, 0xff, 0x56, 0xff, 0x34, 0xff, 0x34, 0xff, 0x34, 0xff, 0x36, 0xff,
    0x57, 0xff, 0x98, 0xff, 0xba, 0xff, 0xdb, 0xff, 0xfc, 0xff, 0xfd, 0xff,
    0xfe, 0xff, 0xfe, 0xff, 0xfd, 0xff, 0xfd, 0xff, 0xfd, 0xff, 0xfd, 0xff,
    0xfd, 0xff, 0xfd, 0xff, 0xfd, 0xff, 0xfd, 0xff, 0xfd, 0xff, 0xfd, 0xff,
    0xfd, 0xff, 0xfd, 0xff, 0xfd, 0xff, 0xfd, 0xff, 0xfd, 0xff, 0xfd, 0xff,
    0xfd, 0xff, 0xfe, 0xff, 0xfd, 0xff, 0xfe, 0xff, 0xfe, 0xff, 0xfe, 0xff,
    0x08, 0xd4, 0x07, 0xcc, 0x07, 0xd4, 0xe8, 0xcb, 0xe8, 0xcb, 0x08, 0xd4,
    0x07, 0xd4, 0xe8, 0xd3, 0x08, 0xcc, 0x08, 0xd4, 0x08, 0xcc, 0xe8, 0xcb,
    0xa7, 0xc3, 0x46, 0xbb, 0xe5, 0xb2, 0x84, 0xaa, 0x43, 0xa2, 0x23, 0xa2,
    0x43, 0xaa, 0x83, 0xb2, 0x24, 0xbb, 0xa5, 0xcb, 0x06, 0xd4, 0x87, 0xdc,
    0xc7, 0xe4, 0x08, 0xe5, 0x08, 0xe5, 0xe7, 0xe4, 0xe8, 0xec, 0xe8, 0xe4,
    0xe8, 0xe4, 0xe8, 0xe4, 0xe8, 0xe4, 0xe8, 0xe4, 0xe8, 0xe4, 0xe9, 0xe4,
    0x09, 0xe5, 0x29, 0xe5, 0x29, 0xe5, 0x29, 0xed, 0x29, 0xed, 0x49, 0xed,
    0x4a, 0xed, 0x4a, 0xed, 0x4a, 0xed, 0x4a, 0xed, 0x4a, 0xed, 0x4a, 0xed,
    0x6a, 0xed, 0x6a, 0xed, 0x6a, 0xf5, 0x6a, 0xf5, 0x6a, 0xed, 0x6a, 0xf5,
    0x69, 0xed, 0x49, 0xed, 0x69, 0xf5, 0x69, 0xed, 0x69, 0xf5, 0x69, 0xed,
    0x69, 0xf5, 0x69, 0xf5, 0x69, 0xed, 0x6a, 0xf5, 0x8a, 0xed, 0xaa, 0xf5,
    0xaa, 0xf5, 0xcb, 0xed, 0xeb, 0xf5, 0xeb, 0xf5, 0x0c, 0xf6, 0xed, 0xf5,
    0xce, 0xfd, 0xce, 0xfd, 0x8f, 0xfd, 0x70, 0xfd, 0x51, 0xfd, 0x31, 0xfd,
    0x53, 0xfd, 0x73, 0xfd, 0xb4, 0xfd, 0x15, 0xfe, 0x36, 0xfe, 0x76, 0xfe,
    0xd7, 0xfe, 0xf8, 0xfe, 0x59, 0xff, 0x7a, 0xff, 0xbb, 0xff, 0xdb, 0xff,
    0xdb, 0xff, 0xda, 0xff, 0xb9, 0xff, 0x97, 0xff, 0x54, 0xff, 0x32, 0xff,
    0xf0, 0xfe, 0xcf, 0xfe, 0xae, 0xfe, 0xad, 0xfe, 0xad, 0xfe, 0xae, 0xfe,
    0xaf, 0xfe, 0xd1, 0xfe, 0xd2, 0xfe, 0xd2, 0xfe, 0xf3, 0xfe, 0xf5, 0xfe,
    0x15, 0xff, 0x14, 0xff, 0xf3, 0xfe, 0xd2, 0xfe, 0xb0, 0xfe, 0x8e, 0xfe,
    0x8d, 0xfe, 0x8d, 0xfe, 0x8d, 0xfe, 0x8d, 0xfe, 0x8d, 0xfe, 0x8d, 0xfe,
    0x8d, 0xfe, 0x6d, 0xfe, 0x6d, 0xfe, 0x4d, 0xfe, 0x4e, 0xfe, 0x70, 0xfe,
    0x91, 0xfe, 0xb3, 0xfe, 0xb4, 0xfe, 0xd4, 0xfe, 0xd5, 0xfe, 0xb4, 0xfe,
    0xb4, 0xfe, 0xb3, 0xfe, 0xd4, 0xfe, 0xd4, 0xfe, 0x15, 0xff, 0x57, 0xff,
    0xb9, 0xff, 0xda, 0xff, 0xfb, 0xff, 0xfb, 0xff, 0xfb, 0xff, 0xd9, 0xff,
    0x98, 0xff, 0x56, 0xff, 0x34, 0xff, 0x14, 0xff, 0x34, 0xff, 0x35, 0xff,
    0x56, 0xff, 0x98, 0xff, 0xb9, 0xff, 0xdb, 0xff, 0xfd, 0xff, 0xfd, 0xff,
    0xfe, 0xff, 0xfe, 0xff, 0xfe, 0xff, 0xfd, 0xff, 0xfd, 0xff, 0xfd, 0xff,
    0xfd, 0xff, 0xfd, 0xff, 0xfd, 0xff, 0xfd, 0xff, 0xfd, 0xff, 0xfd, 0xff,
    0xfd, 0xff, 0xfd, 0xff, 0xfd, 0xff, 0xfd, 0xff, 0xfd, 0xff, 0xfd, 0xff,
    0xfd, 0xff, 0xfd, 0xff, 0xfd, 0xff, 0xfe, 0xff, 0xfe, 0xff, 0xfe, 0xff,
    0xa9, 0xdc, 0xa9, 0xdc, 0xa9, 0xdc, 0xa9, 0xdc, 0xa9, 0xdc, 0xa9, 0xdc,
    0xaa, 0xdc, 0xaa, 0xdc, 0x89, 0xdc, 0xaa, 0xdc, 0x8a, 0xdc, 0x89, 0xdc,
    0x49, 0xd4, 0x08, 0xcc, 0xa8, 0xcb, 0x67, 0xc3, 0x46, 0xbb, 0x46, 0xbb,
    0x66, 0xc3, 0xa6, 0xcb, 0x07, 0xd4, 0x67, 0xdc, 0xa7, 0xe4, 0xe8, 0xe4,
    0xe8, 0xec, 0x08, 0xed, 0xe8, 0xe4, 0xe7, 0xe4, 0xe8, 0xe4, 0xc7, 0xe4,
    0xe8, 0xe4, 0xc8, 0xe4, 0xe8, 0xe4, 0xe8, 0xec, 0x08, 0xed, 0x08, 0xed,
    0x09, 0xe5, 0x09, 0xe5, 0x29, 0xed, 0x29, 0xe5, 0x29, 0xed, 0x49, 0xed,
    0x49, 0xed, 0x49, 0xed, 0x4a, 0xed, 0x4a, 0xed, 0x4a, 0xed, 0x4a, 0xed,
    0x4a, 0xed, 0x4a, 0xed, 0x6a, 0xed, 0x6a, 0xed, 0x6a, 0xed, 0x6a, 0xf5,
    0x8a, 0xf5, 0x8a, 0xed, 0xab, 0xf5, 0xab, 0xf5, 0xab, 0xed, 0xab, 0xf5,
    0xcb, 0xed, 0xcb, 0xf5, 0xcb, 0xf5, 0xcb, 0xed, 0xca, 0xf5, 0xaa, 0xf5,
    0xab, 0xf5, 0x8b, 0xed, 0x6b, 0xf5, 0x4c, 0xf5, 0x2d, 0xf5, 0x0e, 0xfd,
    0x10, 0xfd, 0xf0, 0xfc, 0xd1, 0xfc, 0xd1, 0xfc, 0xd1, 0xfc, 0xd1, 0xfc,
    0xf1, 0xfc, 0x11, 0xfd, 0x52, 0xfd, 0x93, 0xfd, 0xd4, 0xfd, 0x35, 0xfe,
    0x56, 0xfe, 0x97, 0xfe, 0xd7, 0xfe, 0xf8, 0xfe, 0xf9, 0xfe, 0x1a, 0xff,
    0x1a, 0xff, 0x1a, 0xff, 0xfa, 0xfe, 0xf8, 0xfe, 0xb7, 0xfe, 0x95, 0xfe,
    0x93, 0xfe, 0x71, 0xfe, 0x70, 0xfe, 0x8f, 0xfe, 0xd0, 0xfe, 0xf1, 0xfe,
    0xf2, 0xfe, 0xf3, 0xfe, 0xb3, 0xfe, 0x92, 0xfe, 0x72, 0xfe, 0x53, 0xfe,
    0x53, 0xfe, 0x93, 0xfe, 0x92, 0xfe, 0x92, 0xfe, 0xb1, 0xfe, 0xaf, 0xfe,
    0x8e, 0xfe, 0x8e, 0xfe, 0x8d, 0xfe, 0x8d, 0xfe, 0x8d, 0xfe, 0x8d, 0xfe,
    0x8d, 0xfe, 0x6d, 0xfe, 0x4d, 0xfe, 0x4d, 0xfe, 0x6e, 0xfe, 0x70, 0xfe,
    0x91, 0xfe, 0xb3, 0xfe, 0xb4, 0xfe, 0xd4, 0xfe, 0xd4, 0xfe, 0xd4, 0xfe,
    0xb3, 0xfe, 0xb3, 0xfe, 0xd3, 0xfe, 0xf4, 0xfe, 0x15, 0xff, 0x57, 0xff,
    0xb8, 0xff, 0xfa, 0xff, 0xfc, 0xff, 0xfc, 0xff, 0xfb, 0xff, 0xda, 0xff,
    0xb7, 0xff, 0x76, 0xff, 0x34, 0xff, 0x34, 0xff, 0x14, 0xff, 0x55, 0xff,
    0x76, 0xff, 0x98, 0xff, 0xb9, 0xff, 0xdb, 0xff, 0xfd, 0xff, 0xfd, 0xff,
    0xfe, 0xff, 0xfe, 0xff, 0xfe, 0xff, 0xfe, 0xff, 0xfe, 0xff, 0xfd, 0xff,
    0xfd, 0xff, 0xfd, 0xff, 0xfd, 0xff, 0xfd, 0xff, 0xfe, 0xff, 0xfe, 0xff,
    0xfd, 0xff, 0xfd, 0xff, 0xfd, 0xff, 0xfd, 0xff, 0xfd, 0xff, 0xfd, 0xff,
    0xfd, 0xff, 0xfd, 0xff, 0xfe, 0xff, 0xfe, 0xff, 0xfe, 0xff, 0xfe, 0xff,
    0x0b, 0xe5, 0x0b, 0xe5, 0x0b, 0xe5, 0x0b, 0xe5, 0x0b, 0xe5, 0x0b, 0xe5,
    0x0b, 0xe5, 0x0b, 0xe5, 0x0b, 0xe5, 0x0b, 0xe5, 0x0b, 0xe5, 0xeb, 0xe4,
    0xeb, 0xdc, 0xca, 0xdc, 0xaa, 0xdc, 0x8a, 0xdc, 0x89, 0xdc, 0x89, 0xdc,
    0xa9, 0xdc, 0xa8, 0xdc, 0xc8, 0xe4, 0xc8, 0xe4, 0xe8, 0xe4, 0xe7, 0xe4,
    0xe7, 0xec, 0xe7, 0xe4, 0xe8, 0xe4, 0xe8, 0xec, 0xe8, 0xe4, 0xe8, 0xe4,
    0xe8, 0xe4, 0xe8, 0xe4, 0xe8, 0xec, 0x08, 0xe5, 0x09, 0xed, 0x09, 0xed,
    0x29, 0xed, 0x29, 0xed, 0x29, 0xed, 0x49, 0xed, 0x49, 0xe5, 0x49, 0xed,
    0x49, 0xed, 0x4a, 0xed, 0x49, 0xed, 0x6a, 0xed, 0x6a, 0xed, 0x6a, 0xed,
    0x6a, 0xed, 0x69, 0xed, 0x49, 0xed, 0x6a, 0xed, 0x8a, 0xed, 0x8b, 0xf5,
    0xcc, 0xf5, 0xed, 0xf5, 0x0e, 0xf6, 0x2e, 0xf6, 0x2f, 0xf6, 0x2f, 0xf6,
    0x4f, 0xf6, 0x6f, 0xf6, 0x6f, 0xf6, 0x4e, 0xf6, 0x4e, 0xf6, 0x0d, 0xf6,
    0xcd, 0xf5, 0x4c, 0xf5, 0xed, 0xf4, 0x6d, 0xf4, 0x0e, 0xfc, 0xee, 0xfb,
    0xef, 0xfb, 0xef, 0xfb, 0x0f, 0xfc, 0x0f, 0xfc, 0x4f, 0xfc, 0x6f, 0xfc,
    0xb0, 0xfc, 0x11, 0xfd, 0x52, 0xfd, 0x93, 0xfd, 0xf4, 0xfd, 0xf4, 0xfd,
    0xf4, 0xfd, 0xb3, 0xfd, 0x73, 0xf5, 0x12, 0xf5, 0xd0, 0xec, 0x90, 0xec,
    0x4f, 0xec, 0x2f, 0xe4, 0x0e, 0xec, 0x0e, 0xec, 0x0e, 0xec, 0x2e, 0xec,
    0x6f, 0xec, 0xcf, 0xf4, 0x30, 0xf5, 0x91, 0xf5, 0x12, 0xfe, 0x72, 0xfe,
    0x93, 0xfe, 0x92, 0xfe, 0x51, 0xfe, 0x10, 0xfe, 0xcf, 0xfd, 0xaf, 0xfd,
    0xd0, 0xfd, 0xf0, 0xfd, 0x31, 0xfe, 0x71, 0xfe, 0x91, 0xfe, 0xb0, 0xfe,
    0xaf, 0xfe, 0xae, 0xfe, 0x8e, 0xfe, 0x8d, 0xfe, 0x8d, 0xfe, 0x6c, 0xfe,
    0x6d, 0xfe, 0x6c, 0xfe, 0x6c, 0xfe, 0x4d, 0xfe, 0x6e, 0xfe, 0x70, 0xfe,
    0x71, 0xfe, 0x93, 0xfe, 0xb4, 0xfe, 0xb4, 0xfe, 0xb4, 0xfe, 0xd4, 0xfe,
    0xb3, 0xfe, 0xb3, 0xfe, 0xd3, 0xfe, 0xd4, 0xfe, 0x15, 0xff, 0x56, 0xff,
    0xb8, 0xff, 0xda, 0xff, 0xfb, 0xff, 0xfc, 0xff, 0xfb, 0xff, 0xd9, 0xff,
    0x98, 0xff, 0x76, 0xff, 0x55, 0xff, 0x34, 0xff, 0x34, 0xff, 0x35, 0xff,
    0x77, 0xff, 0x98, 0xff, 0xda, 0xff, 0xfb, 0xff, 0xfd, 0xff, 0xfe, 0xff,
    0xfe, 0xff, 0xff, 0xff, 0xff, 0xff, 0xfe, 0xff, 0xfe, 0xff, 0xfe, 0xff,
    0xfe, 0xff, 0xfe, 0xff, 0xfe, 0xff, 0xfe, 0xff, 0xfe, 0xff, 0xfe, 0xff,
    0xfe, 0xff, 0xfe, 0xff, 0xfe, 0xff, 0xfd, 0xff, 0xfd, 0xff, 0xfd, 0xff,
    0xfd, 0xff, 0xfe, 0xff, 0xfe, 0xff, 0xfe, 0xff, 0xfe, 0xff, 0xfe, 0xff,
    0x2b, 0xe5, 0x2b, 0xed, 0x2b, 0xed, 0x2c, 0xe5, 0x2b, 0xe5, 0x2c, 0xe5,
    0x2c, 0xe5, 0x2c, 0xe5, 0x2c, 0xe5, 0x2c, 0xe5, 0x2c, 0xe5, 0x2c, 0xe5,
    0x2b, 0xe5, 0x2b, 0xe5, 0x2b, 0xe5, 0x2b, 0xe5, 0x2b, 0xe5, 0x2a, 0xe5,
    0x0a, 0xe5, 0x0a, 0xe5, 0x09, 0xe5, 0xe8, 0xe4, 0xe8, 0xe4, 0xe8, 0xe4,
    0xe7, 0xe4, 0xe8, 0xe4, 0xe8, 0xe4, 0xe8, 0xe4, 0x08, 0xed, 0x08, 0xed,
    0x08, 0xe5, 0x09, 0xed, 0x09, 0xed, 0x29, 0xe5, 0x29, 0xe5, 0x29, 0xed,
    0x29, 0xed, 0x49, 0xed, 0x29, 0xed, 0x49, 0xed, 0x49, 0xe5, 0x49, 0xe5,
    0x4a, 0xed, 0x4a, 0xed, 0x69, 0xed, 0x6a, 0xed, 0x4a, 0xed, 0x6a, 0xed,
    0x6a, 0xf5, 0x6a, 0xf5, 0x6a, 0xed, 0x6a, 0xed, 0x8a, 0xf5, 0xab, 0xf5,
    0xed, 0xf5, 0xee, 0xf5, 0xee, 0xf5, 0xcf, 0xfd, 0xaf, 0xfd, 0xaf, 0xfd,
    0xaf, 0xfd, 0xd0, 0xfd, 0x10, 0xfe, 0x50, 0xfe, 0x70, 0xf6, 0x71, 0xf6,
    0x51, 0xfe, 0xf0, 0xfd, 0x90, 0xfd, 0x10, 0xfd, 0x8f, 0xfc, 0x2e, 0xfc,
    0xee, 0xfb, 0xcd, 0xfb, 0xcd, 0xfb, 0xee, 0xfb, 0x2f, 0xfc, 0x90, 0xfc,
    0xd1, 0xfc, 0xf2, 0xfc, 0x11, 0xfd, 0xf1, 0xf4, 0xd0, 0xec, 0x8f, 0xe4,
    0x2d, 0xe4, 0xcb, 0xdb, 0x49, 0xdb, 0xe8, 0xd2, 0x86, 0xd2, 0x66, 0xd2,
    0x65, 0xd2, 0x65, 0xd2, 0x65, 0xda, 0x65, 0xda, 0x66, 0xda, 0xa7, 0xe2,
    0xe8, 0xe2, 0x6a, 0xeb, 0xeb, 0xeb, 0x8d, 0xf4, 0x2f, 0xfd, 0xd1, 0xfd,
    0x32, 0xfe, 0x72, 0xfe, 0x72, 0xfe, 0x31, 0xfe, 0x31, 0xfe, 0x11, 0xfe,
    0x11, 0xfe, 0x11, 0xfe, 0x51, 0xfe, 0x71, 0xfe, 0xb1, 0xfe, 0xb1, 0xfe,
    0xb0, 0xfe, 0xae, 0xfe, 0x8d, 0xfe, 0x6d, 0xfe, 0x6c, 0xfe, 0x6c, 0xfe,
    0x6d, 0xfe, 0x6c, 0xfe, 0x4c, 0xfe, 0x4d, 0xfe, 0x4e, 0xfe, 0x6f, 0xfe,
    0x71, 0xfe, 0x93, 0xfe, 0xb4, 0xfe, 0xb4, 0xfe, 0xb4, 0xfe, 0xb3, 0xfe,
    0xb3, 0xfe, 0xb3, 0xfe, 0xb3, 0xfe, 0xd4, 0xfe, 0x15, 0xff, 0x77, 0xff,
    0x98, 0xff, 0xda, 0xff, 0xfb, 0xff, 0xfb, 0xff, 0xfb, 0xff, 0xda, 0xff,
    0x98, 0xff, 0x76, 0xff, 0x35, 0xff, 0x34, 0xff, 0x34, 0xff, 0x35, 0xff,
    0x56, 0xff, 0x98, 0xff, 0xba, 0xff, 0xfb, 0xff, 0xfc, 0xff, 0xfd, 0xff,
    0xfd, 0xff, 0xfe, 0xff, 0xfe, 0xff, 0xfe, 0xff, 0xfe, 0xff, 0xfe, 0xff,
    0xfe, 0xff, 0xfe, 0xff, 0xfe, 0xff, 0xfd, 0xff, 0xfe, 0xff, 0xfe, 0xff,
    0xfe, 0xff, 0xfe, 0xff, 0xfe, 0xff, 0xfe, 0xff, 0xfe, 0xff, 0xfe, 0xff,
    0xfe, 0xff, 0xfd, 0xff, 0xfe, 0xff, 0xfe, 0xff, 0xfe, 0xff, 0xfe, 0xff,
    0x2b, 0xe5, 0x2b, 0xe5, 0x2b, 0xe5, 0x2b, 0xe5, 0x2c, 0xe5, 0x2b, 0xe5,
    0x2c, 0xe5, 0x2c, 0xed, 0x2c, 0xe5, 0x2c, 0xed, 0x2c, 0xe5, 0x2c, 0xe5,
    0x2b, 0xed, 0x2c, 0xe5, 0x2c, 0xe5, 0x4b, 0xe5, 0x4b, 0xe5, 0x2b, 0xe5,
    0x2a, 0xed, 0x2a, 0xe5, 0x09, 0xed, 0xe8, 0xec, 0xe8, 0xe4, 0xe8, 0xe4,
    0xe7, 0xec, 0xe8, 0xec, 0x08, 0xed, 0x08, 0xed, 0x08, 0xed, 0x09, 0xed,
    0x29, 0xed, 0x29, 0xed, 0x29, 0xed, 0x29, 0xed, 0x29, 0xed, 0x29, 0xed,
    0x29, 0xe5, 0x29, 0xe5, 0x49, 0xed, 0x4a, 0xed, 0x4a, 0xed, 0x49, 0xe5,
    0x4a, 0xed, 0x6a, 0xed, 0x4a, 0xed, 0x4a, 0xed, 0x6a, 0xed, 0x6a, 0xed,
    0x6a, 0xed, 0x6a, 0xed, 0x8a, 0xed, 0x8a, 0xf5, 0x8b, 0xed, 0xac, 0xf5,
    0xad, 0xf5, 0x8d, 0xf5, 0x4d, 0xfd, 0xec, 0xfc, 0xac, 0xfc, 0x8b, 0xfc,
    0x8b, 0xfc, 0xac, 0xfc, 0xec, 0xfc, 0x4e, 0xfd, 0x8f, 0xfd, 0xf0, 0xfd,
    0x10, 0xf6, 0x31, 0xf6, 0x31, 0xfe, 0xf0, 0xfd, 0x6e, 0xfd, 0xee, 0xf4,
    0x6d, 0xf4, 0x0c, 0xf4, 0xcd, 0xfb, 0xed, 0xfb, 0x0e, 0xf4, 0x2e, 0xf4,
    0x2e, 0xec, 0x0e, 0xe4, 0xcc, 0xe3, 0x8a, 0xdb, 0x48, 0xd3, 0x07, 0xd3,
    0xc5, 0xca, 0x84, 0xca, 0x63, 0xca, 0x63, 0xca, 0x83, 0xca, 0x83, 0xd2,
    0xc3, 0xd2, 0x04, 0xdb, 0x45, 0xdb, 0x65, 0xdb, 0x85, 0xe3, 0xa6, 0xe3,
    0xe7, 0xeb, 0x28, 0xec, 0x6a, 0xf4, 0xeb, 0xf4, 0x6d, 0xfd, 0xef, 0xfd,
    0x51, 0xfe, 0xb2, 0xfe, 0xd3, 0xfe, 0xd4, 0xfe, 0xf5, 0xfe, 0xd5, 0xfe,
    0xb5, 0xfe, 0xd5, 0xfe, 0xb4, 0xfe, 0xd4, 0xfe, 0xf3, 0xfe, 0xd2, 0xfe,
    0xd0, 0xfe, 0xaf, 0xfe, 0x8d, 0xfe, 0x8d, 0xfe, 0x6c, 0xfe, 0x6c, 0xfe,
    0x6d, 0xfe, 0x6c, 0xfe, 0x4c, 0xfe, 0x4d, 0xfe, 0x4d, 0xfe, 0x4f, 0xfe,
    0x71, 0xfe, 0x92, 0xfe, 0xb4, 0xfe, 0xd4, 0xfe, 0xb4, 0xfe, 0xb4, 0xfe,
    0xb3, 0xfe, 0xb3, 0xfe, 0xb3, 0xfe, 0xd3, 0xfe, 0x15, 0xff, 0x77, 0xff,
    0xb9, 0xff, 0xda, 0xff, 0xfb, 0xff, 0xfc, 0xff, 0xfb, 0xff, 0xd9, 0xff,
    0xb8, 0xff, 0x76, 0xff, 0x55, 0xff, 0x35, 0xff, 0x35, 0xff, 0x36, 0xff,
    0x56, 0xff, 0x77, 0xff, 0x98, 0xff, 0xb9, 0xff, 0xba, 0xff, 0xda, 0xff,
    0xdb, 0xff, 0xfb, 0xff, 0xdb, 0xff, 0xdb, 0xff, 0xdb, 0xff, 0xdb, 0xff,
    0xfb, 0xff, 0xdb, 0xff, 0xdb, 0xff, 0xfb, 0xff, 0xfc, 0xff, 0xfb, 0xff,
    0xfc, 0xff, 0xdc, 0xff, 0xdb, 0xff, 0xdc, 0xff, 0xfc, 0xff, 0xdc, 0xff,
    0xdc, 0xff, 0xfc, 0xff, 0xdc, 0xff, 0xfc, 0xff, 0xfc, 0xff, 0xfc, 0xff,
    0x4c, 0xed, 0x4c, 0xed, 0x4c, 0xed, 0x4c, 0xed, 0x4c, 0xed, 0x4c, 0xed,
    0x4c, 0xed, 0x4c, 0xed, 0x4c, 0xed, 0x2c, 0xed, 0x4b, 0xed, 0x2c, 0xed,
    0x2c, 0xed, 0x4b, 0xed, 0x2c, 0xed, 0x2c, 0xed, 0x4b, 0xed, 0x2b, 0xed,
    0x2a, 0xed, 0x2a, 0xed, 0x09, 0xed, 0xe8, 0xec, 0xe8, 0xec, 0xe7, 0xec,
    0xe8, 0xec, 0x08, 0xed, 0x08, 0xed, 0x08, 0xed, 0x08, 0xed, 0x09, 0xed,
    0x29, 0xed, 0x28, 0xed, 0x29, 0xed, 0x29, 0xed, 0x49, 0xed, 0x49, 0xed,
    0x29, 0xed, 0x29, 0xe5, 0x29, 0xe5, 0x2a, 0xe5, 0x29, 0xed, 0x49, 0xed,
    0x4a, 0xed, 0x4a, 0xed, 0x4a, 0xed, 0x4a, 0xed, 0x4a, 0xed, 0x6a, 0xed,
    0x6a, 0xed, 0x6b, 0xed, 0x8b, 0xed, 0xab, 0xf5, 0xab, 0xed, 0x8c, 0xed,
    0x4c, 0xf5, 0x2c, 0xf5, 0xcb, 0xfc, 0x8a, 0xfc, 0x2a, 0xfc, 0x09, 0xfc,
    0x09, 0xfc, 0x09, 0xfc, 0x4a, 0xfc, 0x6a, 0xfc, 0x8b, 0xf4, 0xcb, 0xf4,
    0xec, 0xf4, 0x2c, 0xed, 0x4c, 0xed, 0x4c, 0xed, 0x2c, 0xf5, 0xcb, 0xf4,
    0x6b, 0xec, 0x2b, 0xec, 0xeb, 0xeb, 0xab, 0xeb, 0xab, 0xe3, 0x8a, 0xe3,
    0x49, 0xdb, 0x07, 0xd3, 0xe6, 0xca, 0xc5, 0xca, 0xc4, 0xd2, 0xe4, 0xd2,
    0x24, 0xdb, 0x64, 0xdb, 0xa5, 0xe3, 0xc5, 0xe3, 0x06, 0xe4, 0x26, 0xec,
    0x46, 0xec, 0x87, 0xec, 0xc8, 0xf4, 0x28, 0xf5, 0x6a, 0xfd, 0xca, 0xfd,
    0x0b, 0xfe, 0x2c, 0xfe, 0x2d, 0xfe, 0x6d, 0xfe, 0x8e, 0xfe, 0xaf, 0xfe,
    0xf0, 0xfe, 0xf1, 0xfe, 0x12, 0xff, 0x34, 0xff, 0x34, 0xff, 0x35, 0xff,
    0x16, 0xff, 0x37, 0xff, 0x37, 0xff, 0x37, 0xff, 0x35, 0xff, 0x14, 0xff,
    0xf2, 0xfe, 0xd0, 0xfe, 0xaf, 0xfe, 0x8e, 0xfe, 0x6d, 0xfe, 0x6c, 0xfe,
    0x6c, 0xfe, 0x4c, 0xfe, 0x4c, 0xfe, 0x4d, 0xfe, 0x4d, 0xfe, 0x6f, 0xfe,
    0x91, 0xfe, 0x93, 0xfe, 0xb3, 0xfe, 0xd4, 0xfe, 0xd4, 0xfe, 0xb3, 0xfe,
    0xb3, 0xfe, 0xb3, 0xfe, 0xd3, 0xfe, 0xf4, 0xfe, 0x15, 0xff, 0x57, 0xff,
    0xb8, 0xff, 0xda, 0xff, 0xfb, 0xff, 0xfb, 0xff, 0xfa, 0xff, 0xd9, 0xff,
    0x97, 0xff, 0x76, 0xff, 0x35, 0xff, 0x34, 0xff, 0x35, 0xff, 0x35, 0xff,
    0x56, 0xff, 0x56, 0xff, 0x76, 0xff, 0x76, 0xff, 0x77, 0xff, 0x77, 0xff,
    0x97, 0xff, 0x97, 0xff, 0x77, 0xff, 0x77, 0xff, 0x77, 0xff, 0x77, 0xff,
    0x97, 0xff, 0x97, 0xff, 0x98, 0xff, 0x98, 0xff, 0xb8, 0xff, 0xb8, 0xff,
    0xb8, 0xff, 0xb8, 0xff, 0xb8, 0xff, 0xb8, 0xff, 0xb8, 0xff, 0xb8, 0xff,
    0xb8, 0xff, 0xb8, 0xff, 0xb9, 0xff, 0xb9, 0xff, 0xb9, 0xff, 0xb9, 0xff,
    0x6c, 0xf5, 0x6c, 0xf5, 0x6c, 0xf5, 0x4c, 0xed, 0x4c, 0xed, 0x4c, 0xed,
    0x2c, 0xed, 0x2c, 0xed, 0x2c, 0xed, 0x2b, 0xe5, 0x0b, 0xe5, 0x2b, 0xe5,
    0x2b, 0xe5, 0x2b, 0xe5, 0x2c, 0xe5, 0x0b, 0xe5, 0x2b, 0xe5, 0x0b, 0xe5,
    0x0b, 0xe5, 0xea, 0xe4, 0xe9, 0xe4, 0xe8, 0xe4, 0xe8, 0xe4, 0xc8, 0xe4,
    0xe8, 0xe4, 0xe8, 0xe4, 0xe8, 0xe4, 0xe8, 0xe4, 0x08, 0xe5, 0x08, 0xe5,
    0x09, 0xe5, 0x09, 0xed, 0x09, 0xed, 0x29, 0xed, 0x29, 0xed, 0x29, 0xed,
    0x49, 0xed, 0x49, 0xed, 0x49, 0xed, 0x2a, 0xed, 0x29, 0xed, 0x4a, 0xe5,
    0x4a, 0xed, 0x4a, 0xed, 0x4a, 0xed, 0x4a, 0xed, 0x4b, 0xed, 0x6a, 0xed,
    0x6b, 0xf5, 0x8b, 0xed, 0x8b, 0xed, 0xab, 0xf5, 0xab, 0xed, 0x6b, 0xf5,
    0x4c, 0xf5, 0x0b, 0xf5, 0xab, 0xfc, 0x4a, 0xfc, 0x29, 0xfc, 0x09, 0xfc,
    0x09, 0xfc, 0x2a, 0xfc, 0x6b, 0xfc, 0x8c, 0xf4, 0xcc, 0xf4, 0xcc, 0xf4,
    0xcc, 0xf4, 0xcc, 0xec, 0xcb, 0xec, 0xcb, 0xec, 0xaa, 0xec, 0x8a, 0xec,
    0x6a, 0xec, 0x4a, 0xec, 0x09, 0xe4, 0x09, 0xe4, 0xe9, 0xe3, 0xe8, 0xe3,
    0xc7, 0xdb, 0xc7, 0xdb, 0xc6, 0xdb, 0xc6, 0xdb, 0xc6, 0xe3, 0xe6, 0xe3,
    0x26, 0xec, 0x47, 0xec, 0x88, 0xf4, 0xe8, 0xf4, 0xe9, 0xf4, 0x09, 0xfd,
    0x29, 0xf5, 0x29, 0xf5, 0x69, 0xfd, 0xaa, 0xfd, 0x2c, 0xfe, 0x6c, 0xfe,
    0xad, 0xfe, 0xce, 0xfe, 0xce, 0xfe, 0xee, 0xfe, 0xef, 0xfe, 0x0f, 0xff,
    0x10, 0xff, 0x10, 0xff, 0x10, 0xff, 0x11, 0xff, 0x32, 0xff, 0x34, 0xff,
    0x55, 0xff, 0x77, 0xff, 0x98, 0xff, 0x98, 0xff, 0x77, 0xff, 0x56, 0xff,
    0x14, 0xff, 0xf2, 0xfe, 0xb0, 0xfe, 0x8e, 0xfe, 0x6d, 0xfe, 0x6c, 0xfe,
    0x6c, 0xfe, 0x4c, 0xfe, 0x4c, 0xfe, 0x4c, 0xfe, 0x4e, 0xfe, 0x4f, 0xfe,
    0x71, 0xfe, 0x93, 0xfe, 0xb4, 0xfe, 0xb4, 0xfe, 0xd4, 0xfe, 0xb3, 0xfe,
    0xb3, 0xfe, 0xb3, 0xfe, 0xb3, 0xfe, 0xf4, 0xfe, 0x15, 0xff, 0x57, 0xff,
    0xb8, 0xff, 0xda, 0xff, 0xfa, 0xff, 0xfb, 0xff, 0xfa, 0xff, 0xb8, 0xff,
    0x76, 0xff, 0x34, 0xff, 0x13, 0xff, 0xf3, 0xfe, 0xf3, 0xfe, 0xf3, 0xfe,
    0x14, 0xff, 0x14, 0xff, 0x34, 0xff, 0x34, 0xff, 0x34, 0xff, 0x34, 0xff,
    0x34, 0xff, 0x34, 0xff, 0x34, 0xff, 0x34, 0xff, 0x54, 0xff, 0x34, 0xff,
    0x54, 0xff, 0x75, 0xff, 0x75, 0xff, 0x96, 0xff, 0x96, 0xff, 0xb7, 0xff,
    0xd7, 0xff, 0xd7, 0xff, 0xd7, 0xff, 0xd7, 0xff, 0xd8, 0xff, 0xd8, 0xff,
    0xd7, 0xff, 0xd8, 0xff, 0xd7, 0xff, 0xd8, 0xff, 0xd8, 0xff, 0xd8, 0xff,
    0xeb, 0xdc, 0xeb, 0xdc, 0xeb, 0xdc, 0xeb, 0xdc, 0xcb, 0xd4, 0xcb, 0xd4,
    0xaa, 0xd4, 0xab, 0xd4, 0xab, 0xcc, 0xaa, 0xd4, 0xab, 0xcc, 0xab, 0xd4,
    0xaa, 0xcc, 0xab, 0xcc, 0xab, 0xd4, 0xaa, 0xcc, 0x8a, 0xcc, 0xaa, 0xcc,
    0x8a, 0xcc, 0x89, 0xcc, 0x89, 0xcc, 0x69, 0xcc, 0x88, 0xcc, 0x88, 0xcc,
    0x88, 0xcc, 0x88, 0xd4, 0x88, 0xd4, 0x89, 0xcc, 0x89, 0xcc, 0x89, 0xd4,
    0x89, 0xcc, 0xa9, 0xd4, 0xa9, 0xd4, 0xc9, 0xd4, 0xe9, 0xdc, 0xe9, 0xe4,
    0x0a, 0xe5, 0x29, 0xed, 0x4a, 0xed, 0x4a, 0xed, 0x4a, 0xed, 0x4a, 0xed,
    0x4a, 0xed, 0x4a, 0xed, 0x4a, 0xed, 0x4b, 0xed, 0x4b, 0xed, 0x6a, 0xed,
    0x6a, 0xed, 0x6a, 0xf5, 0x8a, 0xed, 0xab, 0xed, 0x8b, 0xf5, 0x8c, 0xf5,
    0x6c, 0xf5, 0x2b, 0xf5, 0xab, 0xf4, 0x4a, 0xfc, 0x0a, 0xfc, 0x0a, 0xfc,
    0x0a, 0xfc, 0x6c, 0xf4, 0xcd, 0xfc, 0x0e, 0xf5, 0x4f, 0xf5, 0x6f, 0xf5,
    0x4f, 0xf5, 0x4e, 0xf5, 0x0d, 0xed, 0xec, 0xec, 0xaa, 0xec, 0xa9, 0xe4,
    0x89, 0xec, 0x88, 0xec, 0x88, 0xec, 0x87, 0xec, 0xa7, 0xec, 0xc8, 0xec,
    0x09, 0xf5, 0x4a, 0xf5, 0x4a, 0xfd, 0x4a, 0xf5, 0x0a, 0xf5, 0xe9, 0xf4,
    0xa9, 0xec, 0xa9, 0xf4, 0xc9, 0xf4, 0xe9, 0xf4, 0xe9, 0xf4, 0x09, 0xf5,
    0xe8, 0xf4, 0x08, 0xfd, 0x29, 0xfd, 0x49, 0xfd, 0xaa, 0xfd, 0xcb, 0xfd,
    0xec, 0xfd, 0x0c, 0xfe, 0x4d, 0xfe, 0x6e, 0xfe, 0xcf, 0xfe, 0x11, 0xff,
    0x51, 0xff, 0x71, 0xff, 0x71, 0xff, 0x71, 0xff, 0x71, 0xff, 0x72, 0xff,
    0x94, 0xff, 0xb5, 0xff, 0xb7, 0xff, 0xd8, 0xff, 0xb8, 0xff, 0x77, 0xff,
    0x35, 0xff, 0xf3, 0xfe, 0xb0, 0xfe, 0x6e, 0xfe, 0x4c, 0xfe, 0x4c, 0xfe,
    0x4c, 0xfe, 0x2c, 0xfe, 0x2b, 0xfe, 0x2c, 0xfe, 0x2d, 0xfe, 0x4f, 0xfe,
    0x70, 0xfe, 0x92, 0xfe, 0xb3, 0xfe, 0xb3, 0xfe, 0xb3, 0xfe, 0xb3, 0xfe,
    0xb3, 0xfe, 0xb3, 0xfe, 0xd3, 0xfe, 0xf4, 0xfe, 0x15, 0xff, 0x76, 0xff,
    0xb8, 0xff, 0xf9, 0xff, 0xfa, 0xff, 0xfa, 0xff, 0xfa, 0xff, 0xd8, 0xff,
    0x97, 0xff, 0x55, 0xff, 0x34, 0xff, 0x14, 0xff, 0x14, 0xff, 0x34, 0xff,
    0x35, 0xff, 0x55, 0xff, 0x56, 0xff, 0x56, 0xff, 0x76, 0xff, 0x76, 0xff,
    0x56, 0xff, 0x76, 0xff, 0x76, 0xff, 0x76, 0xff, 0x76, 0xff, 0x56, 0xff,
    0x56, 0xff, 0x15, 0xff, 0xf4, 0xfe, 0xd3, 0xfe, 0xb2, 0xfe, 0x92, 0xfe,
    0xb2, 0xfe, 0xd3, 0xfe, 0x14, 0xff, 0x35, 0xff, 0x75, 0xff, 0x76, 0xff,
    0x76, 0xff, 0x76, 0xff, 0x76, 0xff, 0x56, 0xff, 0x55, 0xff, 0x55, 0xff,
    0xa8, 0xa3, 0xc8, 0xa3, 0xc8, 0xa3, 0xc8, 0xa3, 0xc9, 0xa3, 0xe9, 0xa3,
    0xe9, 0xa3, 0x09, 0xac, 0x29, 0xac, 0x2a, 0xac, 0x2a, 0xac, 0x2a, 0xac,
    0x29, 0xac, 0x29, 0xac, 0x0a, 0xac, 0x09, 0xac, 0x09, 0xac, 0x0a, 0xac,
    0x09, 0xa4, 0xe9, 0xa3, 0xe9, 0xa3, 0x09, 0xac, 0x09, 0xa4, 0x09, 0xac,
    0xe9, 0xab, 0x09, 0xac, 0x09, 0xac, 0x09, 0xac, 0xe9, 0xab, 0xe9, 0xa3,
    0xe9, 0xab, 0x09, 0xac, 0x09, 0xac, 0x29, 0xb4, 0x49, 0xbc, 0x89, 0xcc,
    0xc9, 0xd4, 0x09, 0xe5, 0x29, 0xed, 0x4a, 0xed, 0x4a, 0xed, 0x4a, 0xed,
    0x4a, 0xed, 0x4a, 0xed, 0x4a, 0xed, 0x4a, 0xed, 0x4a, 0xed, 0x4b, 0xed,
    0x6a, 0xed, 0x6a, 0xed, 0x8a, 0xed, 0x8a, 0xed, 0x8b, 0xed, 0xab, 0xed,
    0x8c, 0xf5, 0x4c, 0xf5, 0xcb, 0xf4, 0x6a, 0xf4, 0xe9, 0xf3, 0xc9, 0xf3,
    0xca, 0xf3, 0x0b, 0xf4, 0x6c, 0xf4, 0xcd, 0xec, 0x0e, 0xed, 0x2e, 0xed,
    0x2d, 0xed, 0x4d, 0xed, 0x2c, 0xf5, 0x0b, 0xf5, 0x0a, 0xed, 0xe9, 0xf4,
    0xc9, 0xec, 0xe8, 0xec, 0xe8, 0xf4, 0xe8, 0xf4, 0x29, 0xf5, 0x6a, 0xfd,
    0xab, 0xfd, 0xec, 0xfd, 0xed, 0xfd, 0xed, 0xfd, 0xad, 0xfd, 0x6b, 0xfd,
    0x2a, 0xf5, 0x0a, 0xf5, 0x0a, 0xf5, 0x0a, 0xf5, 0x2a, 0xfd, 0x09, 0xfd,
    0x09, 0xf5, 0x09, 0xf5, 0x09, 0xf5, 0x2a, 0xfd, 0x6b, 0xfd, 0xac, 0xfd,
    0xcc, 0xfd, 0xed, 0xfd, 0x2e, 0xfe, 0x6f, 0xfe, 0xf1, 0xfe, 0x53, 0xff,
    0x94, 0xff, 0xd4, 0xff, 0xd3, 0xff, 0xb3, 0xff, 0xb3, 0xff, 0x93, 0xff,
    0x93, 0xff, 0xb4, 0xff, 0xd6, 0xff, 0xd7, 0xff, 0xd9, 0xff, 0xb8, 0xff,
    0x77, 0xff, 0x14, 0xff, 0xd1, 0xfe, 0x6f, 0xfe, 0x4d, 0xfe, 0x4b, 0xfe,
    0x2b, 0xfe, 0x2a, 0xfe, 0x0b, 0xfe, 0x0b, 0xfe, 0x0c, 0xfe, 0x2e, 0xfe,
    0x50, 0xfe, 0x71, 0xfe, 0x92, 0xfe, 0x93, 0xfe, 0xb3, 0xfe, 0xb3, 0xfe,
    0xb2, 0xfe, 0x92, 0xfe, 0xb3, 0xfe, 0xf3, 0xfe, 0x14, 0xff, 0x55, 0xff,
    0x97, 0xff, 0xd8, 0xff, 0xf9, 0xff, 0xfa, 0xff, 0xfa, 0xff, 0xf9, 0xff,
    0xd9, 0xff, 0xb8, 0xff, 0x98, 0xff, 0x98, 0xff, 0x98, 0xff, 0x98, 0xff,
    0xb9, 0xff, 0xb9, 0xff, 0xb9, 0xff, 0xb9, 0xff, 0xb9, 0xff, 0xba, 0xff,
    0xda, 0xff, 0xda, 0xff, 0xfb, 0xff, 0xdb, 0xff, 0xbb, 0xff, 0x9a, 0xff,
    0x37, 0xff, 0xb4, 0xfe, 0xd1, 0xf5, 0x0d, 0xed, 0x6a, 0xe4, 0x08, 0xe4,
    0x08, 0xe4, 0x49, 0xe4, 0xcb, 0xe4, 0x2c, 0xed, 0x6e, 0xed, 0xaf, 0xf5,
    0xcf, 0xf5, 0xd0, 0xf5, 0xcf, 0xf5, 0xcf, 0xf5, 0xae, 0xf5, 0xae, 0xf5,
    0x85, 0x72, 0xa5, 0x72, 0xc6, 0x7a, 0xe6, 0x7a, 0x06, 0x83, 0x47, 0x8b,
    0x88, 0x8b, 0xa9, 0x93, 0xc9, 0x9b, 0xe9, 0x9b, 0xe9, 0x9b, 0xea, 0x9b,
    0xe9, 0x9b, 0xe9, 0x9b, 0xe9, 0x9b, 0xe9, 0x93, 0xc9, 0x93, 0xc9, 0x9b,
    0xc9, 0x93, 0xc9, 0x93, 0xc9, 0x9b, 0xc9, 0x93, 0xc9, 0x9b, 0xc9, 0x9b,
    0xc9, 0x93, 0xc9, 0x9b, 0xc9, 0x93, 0xc9, 0x93, 0xc9, 0x93, 0xc9, 0x93,
    0xc8, 0x93, 0xa9, 0x93, 0xa9, 0x93, 0xc9, 0x9b, 0xe9, 0xa3, 0x29, 0xb4,
    0x69, 0xcc, 0xc9, 0xdc, 0xe9, 0xe4, 0x29, 0xed, 0x4a, 0xed, 0x4a, 0xed,
    0x4a, 0xed, 0x4a, 0xed, 0x6a, 0xed, 0x4a, 0xed, 0x4b, 0xed, 0x4a, 0xed,
    0x6b, 0xed, 0x6b, 0xf5, 0x6b, 0xed, 0x8b, 0xf5, 0x8b, 0xf5, 0x8b, 0xed,
    0x8b, 0xf5, 0x4b, 0xf5, 0xeb, 0xec, 0x6a, 0xec, 0x09, 0xec, 0x89, 0xeb,
    0x69, 0xe3, 0x89, 0xe3, 0xc9, 0xe3, 0x0a, 0xe4, 0x4a, 0xe4, 0x8a, 0xec,
    0xcb, 0xec, 0x0a, 0xed, 0x0a, 0xf5, 0x0a, 0xf5, 0xe9, 0xf4, 0xe9, 0xf4,
    0xe9, 0xf4, 0x09, 0xf5, 0x2a, 0xf5, 0x6b, 0xfd, 0xac, 0xfd, 0x0d, 0xfe,
    0x4f, 0xfe, 0x70, 0xfe, 0x70, 0xfe, 0x70, 0xfe, 0x2f, 0xfe, 0xce, 0xfd,
    0xad, 0xfd, 0x8c, 0xfd, 0xac, 0xfd, 0xcd, 0xfd, 0xcd, 0xfd, 0xad, 0xfd,
    0xad, 0xfd, 0x8d, 0xfd, 0xad, 0xfd, 0xcd, 0xfd, 0x0e, 0xfe, 0x2f, 0xfe,
    0x50, 0xfe, 0x50, 0xfe, 0x50, 0xfe, 0x30, 0xf6, 0xf0, 0xe5, 0xd0, 0xdd,
    0xb0, 0xd5, 0xd0, 0xd5, 0x10, 0xde, 0x71, 0xe6, 0xb1, 0xee, 0x11, 0xf7,
    0x52, 0xff, 0x93, 0xff, 0xd5, 0xff, 0xf7, 0xff, 0xf9, 0xff, 0xfb, 0xff,
    0xdb, 0xff, 0xba, 0xff, 0x77, 0xff, 0x14, 0xff, 0xd1, 0xfe, 0x8f, 0xfe,
    0x4c, 0xfe, 0x0a, 0xfe, 0xea, 0xfd, 0xea, 0xfd, 0xec, 0xfd, 0x0e, 0xfe,
    0x30, 0xfe, 0x71, 0xfe, 0x73, 0xfe, 0x93, 0xfe, 0x93, 0xfe, 0x93, 0xfe,
    0x93, 0xfe, 0x93, 0xfe, 0x93, 0xfe, 0xb3, 0xfe, 0xd4, 0xfe, 0xf4, 0xfe,
    0x15, 0xff, 0x36, 0xff, 0x56, 0xff, 0x57, 0xff, 0x77, 0xff, 0x78, 0xff,
    0x78, 0xff, 0x78, 0xff, 0x78, 0xff, 0x78, 0xff, 0x99, 0xff, 0x78, 0xff,
    0x79, 0xff, 0x79, 0xff, 0x99, 0xff, 0x99, 0xff, 0x99, 0xff, 0xba, 0xff,
    0xdb, 0xff, 0xfc, 0xff, 0xfc, 0xff, 0xfc, 0xff, 0xdc, 0xff, 0x7a, 0xff,
    0xf6, 0xfe, 0xf2, 0xf5, 0xed, 0xec, 0xe8, 0xdb, 0x04, 0xd3, 0x62, 0xd2,
    0x41, 0xd2, 0x62, 0xd2, 0xc3, 0xd2, 0x25, 0xdb, 0x66, 0xdb, 0xa7, 0xe3,
    0xe8, 0xe3, 0xe8, 0xe3, 0x07, 0xec, 0x07, 0xec, 0x07, 0xec, 0x07, 0xec,
    0x44, 0x62, 0x64, 0x6a, 0x85, 0x6a, 0xa5, 0x72, 0xe6, 0x7a, 0x27, 0x83,
    0x68, 0x8b, 0xa9, 0x93, 0xc9, 0x93, 0x0a, 0x9c, 0x0a, 0x9c, 0x0a, 0x9c,
    0x0a, 0x9c, 0x0a, 0x9c, 0x0a, 0x9c, 0x0a, 0x9c, 0xe9, 0x9b, 0xe9, 0x9b,
    0xe9, 0x9b, 0xe9, 0x9b, 0x09, 0x9c, 0xe9, 0x9b, 0xea, 0x9b, 0xe9, 0x9b,
    0xe9, 0x9b, 0xe9, 0x9b, 0xe9, 0x9b, 0xe9, 0x9b, 0xe9, 0x9b, 0xe9, 0x93,
    0xe9, 0x93, 0xc9, 0x93, 0xc9, 0x93, 0xc9, 0x93, 0xe9, 0x9b, 0x09, 0xac,
    0x49, 0xbc, 0x89, 0xcc, 0xc9, 0xdc, 0x09, 0xe5, 0x29, 0xed, 0x49, 0xf5,
    0x4a, 0xf5, 0x4a, 0xf5, 0x4a, 0xed, 0x4a, 0xed, 0x4a, 0xed, 0x4a, 0xed,
    0x6b, 0xed, 0x6b, 0xed, 0x6b, 0xed, 0x8b, 0xf5, 0xab, 0xf5, 0xaa, 0xf5,
    0x8a, 0xf5, 0x4a, 0xf5, 0xea, 0xec, 0x89, 0xec, 0x09, 0xe4, 0x89, 0xdb,
    0x68, 0xdb, 0x68, 0xdb, 0x88, 0xdb, 0xc8, 0xdb, 0x29, 0xe4, 0x69, 0xe4,
    0xa9, 0xec, 0xc9, 0xec, 0xe9, 0xf4, 0xe9, 0xf4, 0x09, 0xf5, 0x2a, 0xf5,
    0x4b, 0xf5, 0x6b, 0xfd, 0xac, 0xfd, 0xce, 0xfd, 0xee, 0xfd, 0xcf, 0xf5,
    0xcf, 0xf5, 0x8e, 0xe5, 0x4e, 0xe5, 0x0d, 0xdd, 0xec, 0xd4, 0xcc, 0xdc,
    0x0c, 0xe5, 0x6d, 0xed, 0xae, 0xf5, 0x30, 0xfe, 0x71, 0xfe, 0x92, 0xfe,
    0x92, 0xfe, 0x92, 0xfe, 0xb3, 0xfe, 0xd3, 0xfe, 0xf4, 0xfe, 0xf4, 0xfe,
    0xb3, 0xfe, 0x52, 0xee, 0x90, 0xdd, 0xad, 0xbc, 0xaa, 0xa3, 0xc8, 0x8a,
    0x87, 0x7a, 0x87, 0x7a, 0x08, 0x93, 0xea, 0xab, 0xec, 0xc4, 0xae, 0xdd,
    0x6f, 0xee, 0xf0, 0xfe, 0x52, 0xff, 0x94, 0xff, 0xb6, 0xff, 0xb8, 0xff,
    0xda, 0xff, 0xfc, 0xff, 0xfc, 0xff, 0xbb, 0xff, 0x79, 0xff, 0x35, 0xff,
    0xd2, 0xfe, 0x8f, 0xfe, 0x4d, 0xfe, 0x0d, 0xfe, 0x0d, 0xfe, 0x2e, 0xfe,
    0x50, 0xfe, 0x72, 0xfe, 0x73, 0xfe, 0x94, 0xfe, 0x93, 0xfe, 0x73, 0xfe,
    0x94, 0xfe, 0x93, 0xfe, 0x94, 0xfe, 0x93, 0xfe, 0x93, 0xfe, 0xb4, 0xfe,
    0xb3, 0xfe, 0xb3, 0xfe, 0xb4, 0xfe, 0xd3, 0xfe, 0xd4, 0xfe, 0xd4, 0xfe,
    0xd5, 0xfe, 0xd5, 0xfe, 0xf5, 0xfe, 0xf6, 0xfe, 0x16, 0xff, 0xf6, 0xfe,
    0xf5, 0xfe, 0xf6, 0xfe, 0xf5, 0xfe, 0xf5, 0xfe, 0x16, 0xff, 0x16, 0xff,
    0x57, 0xff, 0x98, 0xff, 0xb9, 0xff, 0xb9, 0xff, 0x99, 0xff, 0x16, 0xff,
    0x53, 0xfe, 0x6f, 0xed, 0x8a, 0xe4, 0xa6, 0xdb, 0xe3, 0xda, 0x61, 0xd2,
    0x20, 0xca, 0x21, 0xca, 0x22, 0xd2, 0x62, 0xd2, 0xa3, 0xd2, 0xc3, 0xda,
    0x04, 0xe3, 0x44, 0xe3, 0x64, 0xeb, 0xa5, 0xeb, 0xc5, 0xeb, 0xc5, 0xf3,
    0x64, 0x6a, 0x84, 0x6a, 0xa5, 0x72, 0xc5, 0x72, 0xe6, 0x7a, 0x27, 0x83,
    0x68, 0x8b, 0xa8, 0x93, 0xe9, 0x9b, 0x0a, 0x9c, 0x2a, 0xa4, 0x2a, 0xa4,
    0x2a, 0xa4, 0x2a, 0xa4, 0x2a, 0xa4, 0x2a, 0xa4, 0x2a, 0xa4, 0x0a, 0x9c,
    0x0a, 0x9c, 0x0a, 0x9c, 0x0a, 0x9c, 0x0a, 0x9c, 0x0a, 0x9c, 0x0a, 0x9c,
    0x09, 0x9c, 0x0a, 0x9c, 0x09, 0x9c, 0x09, 0x9c, 0x09, 0x9c, 0x09, 0x9c,
    0x09, 0x9c, 0xe9, 0x9b, 0xe9, 0x93, 0xe9, 0x9b, 0xe9, 0x9b, 0x09, 0xa4,
    0x29, 0xb4, 0x69, 0xc4, 0xa9, 0xd4, 0xc9, 0xdc, 0x09, 0xed, 0x29, 0xed,
    0x49, 0xf5, 0x49, 0xf5, 0x4a, 0xed, 0x2a, 0xed, 0x2a, 0xed, 0x4a, 0xed,
    0x4a, 0xed, 0x6a, 0xed, 0x8b, 0xf5, 0xab, 0xf5, 0xab, 0xed, 0xcb, 0xf5,
    0xab, 0xf5, 0x4a, 0xf5, 0xea, 0xec, 0x89, 0xe4, 0x08, 0xe4, 0xe8, 0xdb,
    0xc8, 0xdb, 0xc9, 0xdb, 0x09, 0xdc, 0x4a, 0xe4, 0x89, 0xec, 0xca, 0xec,
    0xe9, 0xec, 0xe9, 0xf4, 0x0a, 0xf5, 0x2a, 0xf5, 0x6b, 0xf5, 0x8c, 0xfd,
    0xcd, 0xfd, 0xce, 0xfd, 0xce, 0xfd, 0x6d, 0xed, 0x0c, 0xdd, 0x4b, 0xcc,
    0x89, 0xab, 0xc7, 0x8a, 0x45, 0x7a, 0xc4, 0x69, 0xc4, 0x69, 0x25, 0x72,
    0xa7, 0x8a, 0xaa, 0xa3, 0x8d, 0xbc, 0x90, 0xdd, 0x53, 0xf6, 0xb4, 0xfe,
    0xf5, 0xfe, 0x36, 0xff, 0x57, 0xff, 0xb8, 0xff, 0xb8, 0xff, 0x57, 0xff,
    0xb4, 0xee, 0x91, 0xcd, 0x2c, 0xac, 0xe8, 0x82, 0x84, 0x61, 0xc2, 0x40,
    0x61, 0x38, 0x81, 0x40, 0x22, 0x59, 0x25, 0x7a, 0x47, 0xa3, 0x6a, 0xc4,
    0x2c, 0xdd, 0xed, 0xf5, 0x4e, 0xfe, 0xae, 0xfe, 0xcf, 0xfe, 0x11, 0xff,
    0x54, 0xff, 0x96, 0xff, 0xb9, 0xff, 0xfb, 0xff, 0xfc, 0xff, 0xdb, 0xff,
    0x99, 0xff, 0x37, 0xff, 0xf4, 0xfe, 0xb2, 0xfe, 0x71, 0xfe, 0x71, 0xfe,
    0x72, 0xfe, 0x72, 0xfe, 0x73, 0xfe, 0x94, 0xfe, 0x94, 0xfe, 0x93, 0xfe,
    0x94, 0xfe, 0x94, 0xfe, 0x94, 0xfe, 0x94, 0xfe, 0x94, 0xfe, 0x93, 0xfe,
    0x93, 0xfe, 0x93, 0xfe, 0x93, 0xfe, 0x93, 0xfe, 0x93, 0xfe, 0x93, 0xfe,
    0x94, 0xfe, 0xb4, 0xfe, 0xb4, 0xfe, 0xb4, 0xfe, 0xd4, 0xfe, 0xd5, 0xfe,
    0xd5, 0xfe, 0xf4, 0xfe, 0xd4, 0xfe, 0xb3, 0xfe, 0x72, 0xf6, 0x51, 0xee,
    0x51, 0xee, 0x72, 0xe6, 0xb4, 0xee, 0xd4, 0xee, 0xb4, 0xee, 0x52, 0xee,
    0xb0, 0xed, 0x0c, 0xed, 0x29, 0xe4, 0x86, 0xe3, 0x24, 0xdb, 0xc2, 0xd2,
    0xa2, 0xd2, 0x82, 0xd2, 0x82, 0xd2, 0xa3, 0xd2, 0xc3, 0xd2, 0xe4, 0xda,
    0x24, 0xdb, 0x65, 0xe3, 0xc6, 0xeb, 0x07, 0xec, 0x68, 0xf4, 0x88, 0xf4,
    0x85, 0x6a, 0x85, 0x6a, 0xa5, 0x6a, 0xc6, 0x72, 0xe6, 0x72, 0x07, 0x7b,
    0x48, 0x83, 0x88, 0x8b, 0xc9, 0x93, 0xe9, 0x9b, 0x0a, 0xa4, 0x2a, 0xa4,
    0x2a, 0xa4, 0x2a, 0xa4, 0x2a, 0xa4, 0x2a, 0xa4, 0x2a, 0xa4, 0x0a, 0xa4,
    0x0a, 0x9c, 0x09, 0xa4, 0x0a, 0x9c, 0x09, 0x9c, 0x09, 0x9c, 0x0a, 0x9c,
    0x0a, 0xa4, 0x2a, 0x9c, 0x2a, 0x9c, 0x2a, 0xa4, 0x2a, 0xa4, 0x29, 0xa4,
    0x09, 0x9c, 0x09, 0x9c, 0x0a, 0x9c, 0xe9, 0x9b, 0xe9, 0x9b, 0xe9, 0x9b,
    0x09, 0xac, 0x29, 0xb4, 0x69, 0xc4, 0xa9, 0xd4, 0xe9, 0xe4, 0x09, 0xe5,
    0x29, 0xed, 0x49, 0xed, 0x49, 0xed, 0x29, 0xed, 0x29, 0xed, 0x29, 0xed,
    0x29, 0xed, 0x6a, 0xed, 0x6a, 0xed, 0x8b, 0xed, 0xab, 0xf5, 0xab, 0xf5,
    0xab, 0xf5, 0x6b, 0xed, 0x2b, 0xed, 0xcb, 0xe4, 0x8a, 0xe4, 0x6a, 0xdc,
    0x6b, 0xe4, 0x8b, 0xe4, 0xcb, 0xe4, 0x0b, 0xed, 0x0b, 0xf5, 0x2b, 0xf5,
    0x2a, 0xf5, 0x2a, 0xfd, 0x2a, 0xf5, 0x2a, 0xfd, 0x4b, 0xfd, 0x6b, 0xfd,
    0x4b, 0xfd, 0x2b, 0xf5, 0xcb, 0xe4, 0x2a, 0xd4, 0x68, 0xb3, 0xa5, 0x92,
    0xc3, 0x69, 0x02, 0x51, 0x60, 0x30, 0x00, 0x28, 0x00, 0x18, 0x20, 0x20,
    0xa2, 0x38, 0xa4, 0x59, 0xc8, 0x82, 0xeb, 0xab, 0x2f, 0xd5, 0x12, 0xee,
    0xb5, 0xfe, 0x36, 0xff, 0x98, 0xff, 0xd9, 0xff, 0xd9, 0xff, 0x57, 0xff,
    0xb4, 0xee, 0xb1, 0xd5, 0x8d, 0xb4, 0x29, 0x8b, 0xe4, 0x61, 0xe1, 0x48,
    0xa0, 0x40, 0xa0, 0x40, 0x40, 0x59, 0x23, 0x7a, 0x46, 0xa3, 0x48, 0xc4,
    0x2b, 0xe5, 0xcd, 0xf5, 0x4e, 0xfe, 0x8f, 0xfe, 0xcf, 0xfe, 0xef, 0xfe,
    0x10, 0xff, 0x32, 0xff, 0x74, 0xff, 0xb7, 0xff, 0xf9, 0xff, 0xfb, 0xff,
    0xfb, 0xff, 0xba, 0xff, 0x58, 0xff, 0x16, 0xff, 0xb3, 0xfe, 0x72, 0xf6,
    0x72, 0xfe, 0x72, 0xfe, 0x73, 0xfe, 0x73, 0xfe, 0x93, 0xfe, 0x94, 0xfe,
    0x94, 0xfe, 0xb4, 0xfe, 0xb4, 0xfe, 0xb4, 0xfe, 0xb4, 0xfe, 0xb4, 0xfe,
    0xb4, 0xfe, 0x94, 0xfe, 0xb4, 0xfe, 0xb4, 0xfe, 0x94, 0xfe, 0x94, 0xfe,
    0x93, 0xfe, 0x93, 0xfe, 0x93, 0xfe, 0xb3, 0xfe, 0xd3, 0xfe, 0x14, 0xff,
    0x35, 0xff, 0x56, 0xff, 0x36, 0xff, 0xd4, 0xfe, 0x52, 0xe6, 0xaf, 0xd5,
    0x0c, 0xc5, 0xec, 0xb4, 0xec, 0xb4, 0xec, 0xb4, 0xec, 0xb4, 0xab, 0xc4,
    0x4a, 0xcc, 0xe8, 0xd3, 0xa6, 0xdb, 0x65, 0xdb, 0x24, 0xdb, 0x03, 0xdb,
    0xe3, 0xda, 0xe3, 0xda, 0xc4, 0xd2, 0xc4, 0xd2, 0xa4, 0xd2, 0x84, 0xca,
    0xa4, 0xca, 0xc5, 0xca, 0x06, 0xcb, 0x67, 0xd3, 0xa8, 0xd3, 0xc8, 0xd3,
    0x65, 0x6a, 0x85, 0x6a, 0x85, 0x6a, 0xa6, 0x6a, 0xc6, 0x6a, 0xe7, 0x72,
    0x27, 0x7b, 0x68, 0x83, 0xa9, 0x93, 0xc9, 0x9b, 0x09, 0xa4, 0x2a, 0xa4,
    0x2a, 0xa4, 0x2a, 0xa4, 0x2a, 0xa4, 0x2a, 0xa4, 0x09, 0xa4, 0x29, 0xa4,
    0x29, 0xa4, 0x09, 0xac, 0x29, 0xac, 0x29, 0xac, 0x29, 0xac, 0x29, 0xb4,
    0x49, 0xb4, 0x49, 0xb4, 0x49, 0xb4, 0x49, 0xb4, 0x49, 0xb4, 0x2a, 0xac,
    0x29, 0xac, 0x2a, 0xa4, 0x0a, 0xa4, 0x09, 0x9c, 0x09, 0x9c, 0x0a, 0x9c,
    0xe9, 0xa3, 0x29, 0xac, 0x49, 0xbc, 0x89, 0xcc, 0xa8, 0xd4, 0xe8, 0xe4,
    0x09, 0xed, 0x29, 0xed, 0x09, 0xed, 0x29, 0xed, 0x29, 0xed, 0x09, 0xed,
    0x2a, 0xed, 0x4a, 0xed, 0x8a, 0xed, 0xab, 0xf5, 0xcc, 0xf5, 0xcc, 0xf5,
    0xcd, 0xf5, 0xad, 0xf5, 0x6d, 0xed, 0x2d, 0xed, 0x0d, 0xed, 0xec, 0xe4,
    0xec, 0xec, 0x0c, 0xed, 0x0b, 0xed, 0x0a, 0xf5, 0x0a, 0xf5, 0xe9, 0xf4,
    0xc9, 0xec, 0xa9, 0xf4, 0xa9, 0xf4, 0xa9, 0xf4, 0xa9, 0xf4, 0xa9, 0xf4,
    0xca, 0xf4, 0x8a, 0xec, 0x49, 0xdc, 0xe8, 0xcb, 0x66, 0xab, 0xa5, 0x92,
    0x24, 0x72, 0x82, 0x59, 0x01, 0x49, 0xa1, 0x30, 0x40, 0x28, 0x40, 0x30,
    0xa1, 0x38, 0x63, 0x59, 0x66, 0x7a, 0x8a, 0xa3, 0xce, 0xc4, 0xd1, 0xe5,
    0x74, 0xf6, 0xf6, 0xfe, 0x16, 0xff, 0x16, 0xff, 0xd5, 0xfe, 0x94, 0xfe,
    0x74, 0xfe, 0x53, 0xee, 0xf2, 0xdd, 0x50, 0xcd, 0x8d, 0xb4, 0xca, 0x9b,
    0x48, 0x93, 0x26, 0x93, 0x67, 0xa3, 0x07, 0xb4, 0xa9, 0xcc, 0x2b, 0xe5,
    0xac, 0xf5, 0x0e, 0xfe, 0x70, 0xfe, 0xd0, 0xfe, 0xf1, 0xfe, 0x12, 0xff,
    0x32, 0xff, 0x53, 0xff, 0x74, 0xff, 0x95, 0xff, 0xd8, 0xff, 0xfa, 0xff,
    0xfb, 0xff, 0xdb, 0xff, 0x79, 0xff, 0x36, 0xff, 0xd4, 0xfe, 0x72, 0xfe,
    0x51, 0xfe, 0x30, 0xf6, 0x10, 0xfe, 0x10, 0xf6, 0x31, 0xf6, 0x31, 0xfe,
    0x51, 0xfe, 0x52, 0xfe, 0x52, 0xfe, 0x52, 0xfe, 0x52, 0xfe, 0x52, 0xfe,
    0x52, 0xfe, 0x73, 0xfe, 0x73, 0xfe, 0x73, 0xfe, 0x73, 0xfe, 0x72, 0xfe,
    0x51, 0xfe, 0x51, 0xfe, 0x50, 0xfe, 0x50, 0xfe, 0x70, 0xfe, 0x91, 0xfe,
    0xd2, 0xfe, 0x13, 0xff, 0xf3, 0xfe, 0x92, 0xee, 0xcf, 0xd5, 0xec, 0xbc,
    0x49, 0xa4, 0xa7, 0x93, 0x87, 0x8b, 0x66, 0x8b, 0x46, 0x93, 0x46, 0x9b,
    0x25, 0xab, 0x05, 0xc3, 0x04, 0xcb, 0x24, 0xdb, 0x04, 0xe3, 0x24, 0xe3,
    0x04, 0xe3, 0xe4, 0xda, 0xc3, 0xd2, 0x63, 0xca, 0x23, 0xc2, 0xe3, 0xb1,
    0xe3, 0xb1, 0xc4, 0xa9, 0xe4, 0xa9, 0x24, 0xb2, 0x45, 0xb2, 0x65, 0xb2,
    0x65, 0x72, 0x65, 0x6a, 0x65, 0x6a, 0x86, 0x6a, 0xa6, 0x6a, 0xe6, 0x6a,
    0x07, 0x73, 0x47, 0x83, 0x68, 0x8b, 0xa9, 0x93, 0xe9, 0x9b, 0x0a, 0x9c,
    0x2a, 0xa4, 0x2a, 0x9c, 0x2a, 0xa4, 0x2a, 0xa4, 0x29, 0xa4, 0x29, 0xac,
    0x29, 0xb4, 0x49, 0xbc, 0x69, 0xc4, 0x69, 0xc4, 0x69, 0xcc, 0x89, 0xcc,
    0x89, 0xcc, 0x89, 0xcc, 0x89, 0xcc, 0x89, 0xcc, 0x69, 0xcc, 0x69, 0xcc,
    0x69, 0xc4, 0x49, 0xb4, 0x29, 0xac, 0x0a, 0xa4, 0x0a, 0x9c, 0x0a, 0x9c,
    0xea, 0x9b, 0x09, 0xa4, 0x29, 0xac, 0x69, 0xbc, 0x89, 0xcc, 0xa8, 0xdc,
    0xe8, 0xe4, 0xe8, 0xec, 0xe8, 0xec, 0x08, 0xed, 0x09, 0xe5, 0x09, 0xed,
    0x2a, 0xed, 0x6a, 0xed, 0xab, 0xf5, 0xec, 0xf5, 0x0d, 0xf6, 0x2e, 0xf6,
    0x0f, 0xf6, 0xce, 0xf5, 0x8e, 0xf5, 0x4e, 0xed, 0x2d, 0xed, 0x0c, 0xed,
    0xeb, 0xec, 0xca, 0xec, 0xa9, 0xec, 0x68, 0xec, 0x27, 0xec, 0xe6, 0xe3,
    0xa6, 0xe3, 0xa6, 0xdb, 0xc6, 0xe3, 0x07, 0xe4, 0x68, 0xec, 0xaa, 0xec,
    0xeb, 0xf4, 0x0b, 0xf5, 0x2b, 0xed, 0x0b, 0xe5, 0xcb, 0xdc, 0x69, 0xc4,
    0xe8, 0xb3, 0x46, 0x9b, 0xc5, 0x8a, 0x64, 0x7a, 0x23, 0x72, 0x44, 0x72,
    0xa6, 0x82, 0x68, 0x93, 0x4b, 0xb4, 0x2f, 0xcd, 0xf2, 0xe5, 0x94, 0xf6,
    0xd6, 0xfe, 0xd6, 0xfe, 0x74, 0xfe, 0x12, 0xfe, 0xb1, 0xfd, 0x91, 0xfd,
    0xf2, 0xfd, 0x75, 0xfe, 0xf7, 0xfe, 0x58, 0xff, 0x58, 0xf7, 0x17, 0xef,
    0xd5, 0xee, 0x93, 0xee, 0x72, 0xee, 0x50, 0xf6, 0x2f, 0xf6, 0x0e, 0xfe,
    0xed, 0xfd, 0xed, 0xfd, 0x0e, 0xfe, 0x2f, 0xfe, 0x70, 0xfe, 0xd1, 0xfe,
    0x12, 0xff, 0x54, 0xff, 0x96, 0xff, 0xd8, 0xff, 0xfa, 0xff, 0xfc, 0xff,
    0xfc, 0xff, 0xdc, 0xff, 0xba, 0xff, 0x58, 0xff, 0xf5, 0xfe, 0x91, 0xfe,
    0x2f, 0xf6, 0xed, 0xf5, 0xac, 0xfd, 0xab, 0xf5, 0xac, 0xf5, 0xac, 0xf5,
    0xac, 0xf5, 0xcc, 0xf5, 0xac, 0xf5, 0xcd, 0xf5, 0xcd, 0xf5, 0xcd, 0xf5,
    0xcd, 0xf5, 0xce, 0xf5, 0xce, 0xf5, 0xee, 0xfd, 0xee, 0xf5, 0xee, 0xfd,
    0xed, 0xfd, 0xcd, 0xf5, 0xac, 0xf5, 0x8b, 0xf5, 0x8b, 0xf5, 0x6b, 0xf5,
    0x8b, 0xed, 0x8c, 0xed, 0x6c, 0xed, 0x2c, 0xdd, 0xcb, 0xcc, 0x69, 0xb4,
    0xe8, 0xa3, 0xa7, 0x93, 0x86, 0x8b, 0x46, 0x8b, 0x26, 0x93, 0x05, 0xa3,
    0x04, 0xb3, 0xe4, 0xc2, 0x03, 0xd3, 0x04, 0xdb, 0x24, 0xe3, 0x24, 0xe3,
    0x24, 0xdb, 0xe4, 0xda, 0xa3, 0xd2, 0x63, 0xca, 0x03, 0xba, 0xc3, 0xb1,
    0xa3, 0xa9, 0xa3, 0xa1, 0xc3, 0xa9, 0xe3, 0xb1, 0x04, 0xb2, 0x04, 0xb2,
    0x45, 0x7a, 0x45, 0x72, 0x65, 0x72, 0x65, 0x6a, 0xa5, 0x6a, 0xc6, 0x6a,
    0xe7, 0x72, 0x27, 0x7b, 0x48, 0x83, 0x88, 0x8b, 0xc9, 0x9b, 0xe9, 0x9b,
    0x0a, 0x9c, 0x2a, 0xa4, 0x2a, 0xa4, 0x2a, 0xa4, 0x2a, 0xa4, 0x49, 0xb4,
    0x49, 0xbc, 0x69, 0xc4, 0x89, 0xcc, 0x89, 0xd4, 0xa9, 0xd4, 0xa9, 0xdc,
    0xa9, 0xdc, 0xc9, 0xdc, 0xc9, 0xdc, 0xa9, 0xdc, 0xa9, 0xdc, 0xa9, 0xdc,
    0x89, 0xd4, 0x69, 0xcc, 0x49, 0xbc, 0x49, 0xb4, 0x0a, 0xa4, 0x0a, 0x9c,
    0x0a, 0x94, 0x0a, 0x9c, 0x09, 0xa4, 0x29, 0xb4, 0x69, 0xc4, 0x89, 0xd4,
    0xa8, 0xdc, 0xc8, 0xe4, 0xe8, 0xe4, 0xe8, 0xec, 0xe8, 0xe4, 0x09, 0xed,
    0x29, 0xe5, 0x4a, 0xed, 0xac, 0xed, 0xcd, 0xf5, 0x0f, 0xf6, 0xef, 0xf5,
    0xef, 0xf5, 0xaf, 0xf5, 0x6e, 0xed, 0x2d, 0xed, 0xcb, 0xec, 0x8a, 0xe4,
    0x28, 0xe4, 0x07, 0xe4, 0xc6, 0xe3, 0x85, 0xdb, 0x65, 0xdb, 0x65, 0xdb,
    0x86, 0xdb, 0xc7, 0xdb, 0x28, 0xe4, 0x89, 0xe4, 0xca, 0xec, 0x2b, 0xf5,
    0x4b, 0xfd, 0x6c, 0xfd, 0x8c, 0xfd, 0x8c, 0xfd, 0x6c, 0xfd, 0x4b, 0xf5,
    0x0b, 0xed, 0xca, 0xe4, 0xaa, 0xdc, 0xaa, 0xd4, 0xcb, 0xd4, 0x0d, 0xd5,
    0x8f, 0xd5, 0xf1, 0xe5, 0x74, 0xee, 0xd6, 0xf6, 0x17, 0xff, 0x58, 0xff,
    0x37, 0xff, 0xf6, 0xfe, 0x75, 0xfe, 0x13, 0xfe, 0xb1, 0xfd, 0xb1, 0xfd,
    0x13, 0xfe, 0x95, 0xfe, 0x38, 0xff, 0xba, 0xff, 0xfb, 0xff, 0xfc, 0xff,
    0xfb, 0xff, 0xfa, 0xff, 0xd9, 0xff, 0x76, 0xff, 0x14, 0xff, 0xb2, 0xfe,
    0x50, 0xfe, 0x2f, 0xfe, 0xed, 0xfd, 0xed, 0xfd, 0x2d, 0xfe, 0x6f, 0xfe,
    0xb0, 0xfe, 0x12, 0xff, 0x75, 0xff, 0xb8, 0xff, 0xfb, 0xff, 0xfd, 0xff,
    0xfe, 0xff, 0xfd, 0xff, 0xdb, 0xff, 0x78, 0xff, 0x14, 0xff, 0x91, 0xfe,
    0x2d, 0xfe, 0xeb, 0xfd, 0xa9, 0xfd, 0xa9, 0xfd, 0xa9, 0xfd, 0xaa, 0xfd,
    0xaa, 0xfd, 0xaa, 0xfd, 0xaa, 0xfd, 0xa9, 0xfd, 0xa9, 0xfd, 0xaa, 0xfd,
    0xaa, 0xfd, 0xaa, 0xfd, 0xca, 0xfd, 0xcb, 0xfd, 0xca, 0xfd, 0xca, 0xf5,
    0xaa, 0xf5, 0x6a, 0xf5, 0x49, 0xf5, 0x29, 0xf5, 0xe8, 0xf4, 0xe8, 0xec,
    0xc8, 0xec, 0xa8, 0xe4, 0x88, 0xd4, 0x68, 0xcc, 0x48, 0xbc, 0x08, 0xb4,
    0xe7, 0xa3, 0xc7, 0x9b, 0xa7, 0x93, 0x87, 0x93, 0x67, 0x9b, 0x45, 0xab,
    0x05, 0xbb, 0x04, 0xcb, 0x04, 0xd3, 0x23, 0xdb, 0x43, 0xe3, 0x24, 0xdb,
    0x23, 0xdb, 0xe3, 0xd2, 0x84, 0xca, 0x43, 0xc2, 0xe3, 0xb9, 0xc3, 0xa9,
    0xa3, 0xa9, 0xc3, 0xa9, 0xe3, 0xb1, 0x04, 0xb2, 0x24, 0xba, 0x43, 0xba,
    0x04, 0x7a, 0x24, 0x7a, 0x45, 0x72, 0x65, 0x6a, 0x85, 0x6a, 0xa6, 0x62,
    0xe6, 0x6a, 0x07, 0x73, 0x47, 0x7b, 0x68, 0x8b, 0xa8, 0x93, 0xe9, 0x9b,
    0x0a, 0xa4, 0x2a, 0xa4, 0x2a, 0xa4, 0x2a, 0xa4, 0x4a, 0xa4, 0x4a, 0xb4,
    0x49, 0xbc, 0x69, 0xc4, 0x69, 0xcc, 0x89, 0xd4, 0xa9, 0xd4, 0xa9, 0xdc,
    0xa9, 0xdc, 0xaa, 0xdc, 0xc9, 0xdc, 0xa9, 0xdc, 0xc9, 0xdc, 0xa9, 0xdc,
    0xa9, 0xd4, 0x89, 0xcc, 0x69, 0xc4, 0x49, 0xb4, 0x2a, 0xac, 0x0a, 0x9c,
    0x0a, 0x9c, 0x0a, 0x9c, 0x0a, 0x9c, 0x09, 0xac, 0x29, 0xb4, 0x69, 0xc4,
    0x88, 0xd4, 0xa8, 0xdc, 0xc8, 0xe4, 0xe8, 0xe4, 0xe8, 0xec, 0x08, 0xe5,
    0x29, 0xed, 0x4b, 0xed, 0x6c, 0xed, 0xae, 0xf5, 0xaf, 0xf5, 0xaf, 0xf5,
    0x6f, 0xf5, 0x2e, 0xed, 0xec, 0xec, 0x8a, 0xe4, 0x28, 0xe4, 0xc7, 0xdb,
    0x85, 0xdb, 0x44, 0xdb, 0x45, 0xd3, 0x45, 0xd3, 0x86, 0xdb, 0x08, 0xe4,
    0x69, 0xe4, 0xcb, 0xec, 0x2b, 0xf5, 0x4c, 0xf5, 0x6c, 0xfd, 0x6b, 0xfd,
    0x4b, 0xfd, 0x2a, 0xfd, 0x0a, 0xfd, 0x0b, 0xfd, 0x0b, 0xfd, 0x4b, 0xfd,
    0x6c, 0xfd, 0xad, 0xfd, 0xee, 0xfd, 0x50, 0xfe, 0x92, 0xfe, 0xf4, 0xfe,
    0x36, 0xff, 0x58, 0xff, 0x58, 0xff, 0x78, 0xff, 0x58, 0xff, 0x38, 0xff,
    0x38, 0xff, 0x17, 0xff, 0xf6, 0xfe, 0xb6, 0xfe, 0x95, 0xfe, 0x95, 0xfe,
    0xb5, 0xfe, 0xd6, 0xfe, 0x17, 0xff, 0x38, 0xff, 0x79, 0xff, 0x99, 0xff,
    0x99, 0xff, 0x9a, 0xff, 0x99, 0xff, 0x78, 0xff, 0x57, 0xff, 0x16, 0xff,
    0xd4, 0xfe, 0xb2, 0xfe, 0x70, 0xfe, 0x4f, 0xfe, 0x2e, 0xfe, 0x4e, 0xfe,
    0x8f, 0xfe, 0xd1, 0xfe, 0x33, 0xff, 0x97, 0xff, 0xfb, 0xff, 0xfd, 0xff,
    0xfe, 0xff, 0xfd, 0xff, 0xbb, 0xff, 0x57, 0xff, 0xf3, 0xfe, 0x8f, 0xfe,
    0x2c, 0xfe, 0x0a, 0xfe, 0xe9, 0xfd, 0xe9, 0xfd, 0xe9, 0xfd, 0x0a, 0xfe,
    0x0a, 0xfe, 0x0a, 0xfe, 0x0a, 0xfe, 0xea, 0xfd, 0xea, 0xfd, 0xea, 0xfd,
    0x0a, 0xfe, 0x2a, 0xfe, 0x2a, 0xfe, 0x2a, 0xfe, 0x0a, 0xfe, 0xea, 0xfd,
    0x89, 0xf5, 0x69, 0xf5, 0x29, 0xf5, 0x08, 0xf5, 0x08, 0xed, 0xc8, 0xec,
    0xa8, 0xe4, 0x88, 0xdc, 0x68, 0xd4, 0x48, 0xc4, 0x27, 0xb4, 0x08, 0xac,
    0xe8, 0xa3, 0xc7, 0x9b, 0x87, 0x93, 0x67, 0x93, 0x46, 0xa3, 0x25, 0xb3,
    0x05, 0xbb, 0x04, 0xd3, 0x24, 0xdb, 0x44, 0xe3, 0x44, 0xe3, 0x24, 0xdb,
    0x04, 0xdb, 0xc4, 0xd2, 0x63, 0xc2, 0x03, 0xba, 0xe3, 0xb1, 0xa3, 0xa9,
    0xa3, 0xa9, 0xc3, 0xa9, 0xe3, 0xb1, 0x03, 0xb2, 0x24, 0xba, 0x44, 0xba,
    0x04, 0x82, 0x24, 0x82, 0x24, 0x7a, 0x65, 0x72, 0x85, 0x6a, 0xa6, 0x62,
    0xe6, 0x62, 0x06, 0x73, 0x07, 0x7b, 0x48, 0x83, 0x88, 0x93, 0xc9, 0x9b,
    0xea, 0x9b, 0x0a, 0xa4, 0x2a, 0xa4, 0x2a, 0xa4, 0x4a, 0xa4, 0x2a, 0xac,
    0x4a, 0xac, 0x49, 0xb4, 0x49, 0xbc, 0x69, 0xc4, 0x69, 0xcc, 0x89, 0xcc,
    0x89, 0xcc, 0x8a, 0xcc, 0x8a, 0xcc, 0x89, 0xcc, 0x89, 0xcc, 0x69, 0xcc,
    0x69, 0xc4, 0x69, 0xc4, 0x4a, 0xbc, 0x2a, 0xb4, 0x2a, 0xac, 0x0a, 0xa4,
    0x0a, 0x9c, 0x0a, 0x9c, 0x0a, 0x9c, 0x0a, 0xa4, 0x29, 0xac, 0x49, 0xbc,
    0x69, 0xc4, 0x88, 0xd4, 0xa8, 0xdc, 0xc8, 0xe4, 0xe8, 0xe4, 0xe8, 0xe4,
    0x09, 0xed, 0x4b, 0xed, 0x8d, 0xf5, 0xaf, 0xf5, 0xcf, 0xf5, 0xaf, 0xf5,
    0x4e, 0xf5, 0xec, 0xec, 0x6a, 0xe4, 0x08, 0xe4, 0xa6, 0xdb, 0x65, 0xd3,
    0x45, 0xd3, 0x65, 0xd3, 0x86, 0xdb, 0xe8, 0xdb, 0x69, 0xe4, 0xcb, 0xec,
    0x2c, 0xed, 0x4c, 0xf5, 0x6c, 0xf5, 0x4c, 0xfd, 0x4b, 0xfd, 0x0a, 0xfd,
    0xea, 0xfc, 0xea, 0xfc, 0xea, 0xfc, 0x0b, 0xfd, 0x4c, 0xfd, 0x8d, 0xfd,
    0xcf, 0xfd, 0x10, 0xfe, 0x72, 0xfe, 0xb4, 0xfe, 0xf5, 0xfe, 0x37, 0xff,
    0x37, 0xff, 0x58, 0xff, 0x37, 0xff, 0x37, 0xff, 0x17, 0xff, 0xf7, 0xfe,
    0xf7, 0xfe, 0xf7, 0xfe, 0xf7, 0xfe, 0xf7, 0xfe, 0x17, 0xff, 0xf7, 0xfe,
    0xf7, 0xfe, 0x17, 0xff, 0x17, 0xff, 0x17, 0xff, 0x17, 0xff, 0x17, 0xff,
    0x38, 0xff, 0x38, 0xff, 0x38, 0xff, 0x38, 0xff, 0x37, 0xff, 0x37, 0xff,
    0x16, 0xff, 0xf5, 0xfe, 0xd3, 0xfe, 0xb2, 0xfe, 0x91, 0xfe, 0xb1, 0xfe,
    0xd1, 0xfe, 0x13, 0xff, 0x76, 0xff, 0xb9, 0xff, 0xfb, 0xff, 0xfd, 0xff,
    0xfd, 0xff, 0xbc, 0xff, 0x78, 0xff, 0xf4, 0xfe, 0x90, 0xfe, 0x4d, 0xfe,
    0x0b, 0xfe, 0x0a, 0xfe, 0xea, 0xfd, 0x0a, 0xfe, 0x0a, 0xfe, 0x0a, 0xfe,
    0x2b, 0xfe, 0x2b, 0xfe, 0x2a, 0xfe, 0x2b, 0xfe, 0x4b, 0xfe, 0x4b, 0xfe,
    0x4b, 0xfe, 0x6b, 0xfe, 0x6b, 0xfe, 0x4b, 0xfe, 0x2b, 0xfe, 0xca, 0xfd,
    0x8a, 0xf5, 0x29, 0xed, 0x09, 0xed, 0xe9, 0xf4, 0xe9, 0xec, 0xe9, 0xec,
    0xa9, 0xe4, 0x88, 0xd4, 0x48, 0xcc, 0x28, 0xbc, 0x28, 0xb4, 0x08, 0xac,
    0xe7, 0x9b, 0xc8, 0x9b, 0x87, 0x93, 0x47, 0x93, 0x06, 0xa3, 0x05, 0xb3,
    0x04, 0xc3, 0x04, 0xd3, 0x23, 0xe3, 0x44, 0xe3, 0x44, 0xe3, 0x24, 0xe3,
    0xe4, 0xda, 0xa3, 0xca, 0x63, 0xc2, 0x03, 0xba, 0xc3, 0xb1, 0xa2, 0xa9,
    0xa3, 0xa9, 0xa3, 0xa9, 0xc3, 0xa9, 0xe3, 0xb1, 0x03, 0xba, 0x24, 0xba,
    0x04, 0x8a, 0x24, 0x8a, 0x24, 0x7a, 0x65, 0x72, 0x85, 0x6a, 0xa6, 0x6a,
    0xc6, 0x62, 0xe6, 0x6a, 0x07, 0x73, 0x27, 0x83, 0x68, 0x8b, 0xa9, 0x93,
    0xc9, 0x9b, 0x0a, 0x9c, 0x2a, 0xa4, 0x2a, 0xa4, 0x2a, 0xa4, 0x2a, 0xa4,
    0x29, 0xac, 0x29, 0xac, 0x2a, 0xac, 0x29, 0xb4, 0x49, 0xb4, 0x2a, 0xb4,
    0x49, 0xb4, 0x49, 0xb4, 0x4a, 0xb4, 0x4a, 0xb4, 0x2a, 0xb4, 0x4a, 0xb4,
    0x2a, 0xac, 0x2a, 0xac, 0x2a, 0xac, 0x2a, 0xa4, 0x2a, 0xa4, 0x2a, 0x9c,
    0x0a, 0x9c, 0x0a, 0x9c, 0x0a, 0x9c, 0x0a, 0x9c, 0x0a, 0xa4, 0x29, 0xb4,
    0x29, 0xbc, 0x68, 0xcc, 0x88, 0xd4, 0xa8, 0xdc, 0xc8, 0xe4, 0xe8, 0xe4,
    0x29, 0xed, 0x6b, 0xed, 0xac, 0xf5, 0xcd, 0xf5, 0xee, 0xfd, 0xee, 0xfd,
    0x8d, 0xf5, 0x2c, 0xf5, 0xaa, 0xec, 0x49, 0xe4, 0xe8, 0xdb, 0xa7, 0xdb,
    0xa6, 0xdb, 0xc7, 0xdb, 0x07, 0xdc, 0x28, 0xe4, 0x89, 0xe4, 0xaa, 0xec,
    0xca, 0xec, 0xca, 0xf4, 0xc9, 0xf4, 0xa9, 0xec, 0xa8, 0xf4, 0xc9, 0xf4,
    0xe9, 0xf4, 0x0b, 0xf5, 0x4c, 0xfd, 0xae, 0xfd, 0xef, 0xfd, 0x11, 0xfe,
    0x72, 0xfe, 0x93, 0xfe, 0xb4, 0xfe, 0xb5, 0xfe, 0xd6, 0xfe, 0xf6, 0xfe,
    0xf6, 0xfe, 0xf6, 0xfe, 0xf6, 0xfe, 0xf6, 0xfe, 0xf6, 0xfe, 0xf6, 0xfe,
    0xf6, 0xfe, 0xf6, 0xfe, 0xf6, 0xfe, 0x17, 0xff, 0x17, 0xff, 0x17, 0xff,
    0x17, 0xff, 0x17, 0xff, 0x17, 0xff, 0x17, 0xff, 0x17, 0xff, 0x17, 0xff,
    0x17, 0xff, 0x37, 0xff, 0x37, 0xff, 0x17, 0xff, 0x37, 0xff, 0x17, 0xff,
    0x17, 0xff, 0x16, 0xff, 0x16, 0xff, 0x15, 0xff, 0x15, 0xff, 0x36, 0xff,
    0x57, 0xff, 0x98, 0xff, 0xda, 0xff, 0xfc, 0xff, 0xfc, 0xff, 0xdc, 0xff,
    0xba, 0xff, 0x57, 0xff, 0xd3, 0xfe, 0x6f, 0xfe, 0x2c, 0xf6, 0xeb, 0xfd,
    0xea, 0xf5, 0xeb, 0xfd, 0x0b, 0xfe, 0x0b, 0xfe, 0x0b, 0xfe, 0x2b, 0xfe,
    0x2b, 0xfe, 0x2b, 0xfe, 0x2b, 0xfe, 0x2b, 0xfe, 0x4b, 0xfe, 0x4b, 0xfe,
    0x4b, 0xfe, 0x4b, 0xfe, 0x4b, 0xfe, 0x2b, 0xfe, 0x0b, 0xfe, 0xaa, 0xf5,
    0x4a, 0xed, 0x09, 0xed, 0x09, 0xed, 0xe9, 0xec, 0xe9, 0xec, 0xe9, 0xec,
    0xa9, 0xdc, 0x48, 0xcc, 0x27, 0xbc, 0x07, 0xac, 0xe8, 0xa3, 0xe8, 0x9b,
    0xe8, 0x9b, 0xa7, 0x93, 0x67, 0x93, 0x06, 0x93, 0xe5, 0x9a, 0xe5, 0xb2,
    0xe4, 0xc2, 0x23, 0xd3, 0x44, 0xe3, 0x44, 0xeb, 0x64, 0xeb, 0x44, 0xe3,
    0x04, 0xd3, 0x84, 0xca, 0x23, 0xc2, 0xe3, 0xb1, 0xc3, 0xa9, 0xa3, 0xa9,
    0xa3, 0xa9, 0xc3, 0xa9, 0xc3, 0xa9, 0xe4, 0xb1, 0x04, 0xb2, 0x04, 0xb2,
    0x04, 0x92, 0x24, 0x8a, 0x44, 0x82, 0x45, 0x7a, 0x85, 0x6a, 0x85, 0x6a,
    0xa6, 0x62, 0xc6, 0x62, 0xe6, 0x72, 0x07, 0x7b, 0x48, 0x83, 0x88, 0x8b,
    0xa9, 0x93, 0xe9, 0x9b, 0x0a, 0xa4, 0x2a, 0xa4, 0x2a, 0xa4, 0x2a, 0xa4,
    0x2a, 0xa4, 0x2a, 0xa4, 0x2a, 0xa4, 0x2a, 0xa4, 0x2a, 0xa4, 0x2a, 0xa4,
    0x2a, 0xa4, 0x2a, 0xa4, 0x2a, 0xa4, 0x2a, 0xa4, 0x2a, 0x9c, 0x2a, 0x9c,
    0x2a, 0xa4, 0x2a, 0xa4, 0x2a, 0xa4, 0x2a, 0x9c, 0x2a, 0xa4, 0x2a, 0xa4,
    0x2a, 0x9c, 0x2a, 0x9c, 0x2a, 0x9c, 0x0a, 0x9c, 0x0a, 0xa4, 0x29, 0xa4,
    0x29, 0xb4, 0x48, 0xc4, 0x68, 0xcc, 0x87, 0xd4, 0x87, 0xdc, 0xa8, 0xe4,
    0xe8, 0xe4, 0x09, 0xe5, 0x4a, 0xed, 0x8b, 0xed, 0xac, 0xf5, 0xad, 0xf5,
    0xad, 0xf5, 0x8d, 0xf5, 0x4d, 0xf5, 0xec, 0xec, 0x8a, 0xe4, 0x49, 0xe4,
    0x28, 0xe4, 0x28, 0xe4, 0x28, 0xe4, 0x28, 0xe4, 0x27, 0xe4, 0x27, 0xe4,
    0x47, 0xe4, 0x47, 0xec, 0x68, 0xec, 0x88, 0xec, 0xa9, 0xec, 0xea, 0xf4,
    0x4c, 0xf5, 0xad, 0xfd, 0xef, 0xfd, 0x31, 0xfe, 0x72, 0xfe, 0x93, 0xfe,
    0xb4, 0xfe, 0xb5, 0xfe, 0xb5, 0xfe, 0xd5, 0xfe, 0xd6, 0xfe, 0xd6, 0xfe,
    0xd6, 0xfe, 0xd6, 0xfe, 0xd6, 0xfe, 0xd6, 0xfe, 0xd6, 0xfe, 0xd6, 0xfe,
    0xf6, 0xfe, 0xf6, 0xfe, 0xf6, 0xfe, 0xf7, 0xfe, 0x17, 0xff, 0x17, 0xff,
    0x17, 0xff, 0x17, 0xff, 0x17, 0xff, 0x17, 0xff, 0x16, 0xff, 0x16, 0xff,
    0x36, 0xff, 0x16, 0xff, 0x36, 0xff, 0x16, 0xff, 0x16, 0xff, 0x16, 0xff,
    0x16, 0xff, 0x16, 0xff, 0x17, 0xff, 0x57, 0xff, 0x58, 0xff, 0x99, 0xff,
    0xba, 0xff, 0xfc, 0xff, 0xdc, 0xff, 0xbb, 0xff, 0x79, 0xff, 0x36, 0xff,
    0xd2, 0xfe, 0x6f, 0xfe, 0x2c, 0xfe, 0xeb, 0xfd, 0xca, 0xfd, 0xc9, 0xfd,
    0xea, 0xfd, 0xea, 0xf5, 0x0b, 0xfe, 0x0b, 0xfe, 0x0b, 0xfe, 0x0b, 0xfe,
    0x2b, 0xfe, 0x0a, 0xfe, 0x2b, 0xfe, 0x2a, 0xfe, 0x2b, 0xfe, 0x4b, 0xfe,
    0x4b, 0xfe, 0x4b, 0xfe, 0x0b, 0xfe, 0xea, 0xfd, 0xaa, 0xf5, 0x6a, 0xf5,
    0x29, 0xed, 0x09, 0xed, 0xe9, 0xec, 0xe9, 0xec, 0xe9, 0xec, 0xc9, 0xe4,
    0x88, 0xd4, 0x28, 0xc4, 0xe7, 0xb3, 0xc7, 0xa3, 0xc8, 0x9b, 0xe8, 0x93,
    0xc8, 0x93, 0x88, 0x8b, 0x47, 0x8b, 0x06, 0x93, 0xe5, 0xa2, 0xe4, 0xb2,
    0xe4, 0xc2, 0x24, 0xdb, 0x44, 0xe3, 0x64, 0xeb, 0x64, 0xeb, 0x44, 0xe3,
    0xe4, 0xd2, 0x83, 0xca, 0x23, 0xba, 0xe3, 0xb1, 0xc3, 0xa9, 0xc3, 0xa9,
    0xc3, 0xa9, 0xe3, 0xa9, 0xe3, 0xb1, 0xe4, 0xb1, 0x04, 0xb2, 0x04, 0xb2,
    0x24, 0x9a, 0x24, 0x92, 0x44, 0x8a, 0x45, 0x7a, 0x65, 0x72, 0x85, 0x6a,
    0x85, 0x62, 0xc6, 0x62, 0xe6, 0x6a, 0x07, 0x73, 0x27, 0x7b, 0x68, 0x8b,
    0x89, 0x93, 0xc9, 0x9b, 0xea, 0xa3, 0x2a, 0xa4, 0x2a, 0xa4, 0x4a, 0xa4,
    0x4a, 0xa4, 0x4a, 0xa4, 0x2a, 0xa4, 0x2a, 0xa4, 0x2a, 0xa4, 0x2a, 0xa4,
    0x2a, 0xa4, 0x2a, 0xa4, 0x0a, 0x9c, 0x2a, 0xa4, 0x2a, 0xa4, 0x2a, 0xa4,
    0x2a, 0xa4, 0x2a, 0xa4, 0x2a, 0xa4, 0x2a, 0xa4, 0x2a, 0xa4, 0x2a, 0xa4,
    0x2a, 0xa4, 0x2a, 0xa4, 0x2a, 0x9c, 0x2a, 0x9c, 0x2a, 0x9c, 0x0a, 0xa4,
    0x09, 0xac, 0x29, 0xb4, 0x08, 0xc4, 0x07, 0xcc, 0x07, 0xcc, 0x27, 0xd4,
    0x27, 0xd4, 0x27, 0xd4, 0x27, 0xd4, 0x48, 0xd4, 0x89, 0xdc, 0xea, 0xe4,
    0x0c, 0xe5, 0x4d, 0xed, 0x4d, 0xed, 0x4d, 0xf5, 0x2c, 0xed, 0xeb, 0xec,
    0xab, 0xec, 0x6a, 0xe4, 0x49, 0xe4, 0x48, 0xe4, 0x48, 0xe4, 0x48, 0xe4,
    0x69, 0xe4, 0x8a, 0xec, 0xcb, 0xec, 0x2c, 0xed, 0x6d, 0xf5, 0xaf, 0xf5,
    0xf0, 0xfd, 0x11, 0xfe, 0x52, 0xfe, 0x93, 0xfe, 0x94, 0xfe, 0xb5, 0xfe,
    0xb5, 0xfe, 0xb5, 0xfe, 0xb5, 0xfe, 0xb5, 0xfe, 0xb5, 0xfe, 0xb5, 0xfe,
    0xd5, 0xfe, 0xd5, 0xfe, 0xd5, 0xfe, 0xd5, 0xfe, 0xd5, 0xfe, 0xd5, 0xfe,
    0xd5, 0xfe, 0xd5, 0xfe, 0xd5, 0xfe, 0xf5, 0xfe, 0xf5, 0xfe, 0xf6, 0xfe,
    0xf6, 0xfe, 0xf6, 0xfe, 0xf6, 0xfe, 0x16, 0xff, 0x16, 0xff, 0x16, 0xff,
    0x16, 0xff, 0x16, 0xff, 0x16, 0xff, 0x16, 0xff, 0xf5, 0xfe, 0xf5, 0xfe,
    0xf5, 0xfe, 0x16, 0xff, 0x36, 0xff, 0x58, 0xff, 0x99, 0xff, 0xba, 0xff,
    0xdb, 0xff, 0xdb, 0xff, 0xba, 0xff, 0x57, 0xff, 0xd3, 0xfe, 0x6f, 0xf6,
    0xec, 0xf5, 0xa9, 0xf5, 0xa8, 0xfd, 0xa8, 0xfd, 0xc9, 0xfd, 0xc9, 0xfd,
    0xca, 0xfd, 0xea, 0xfd, 0xea, 0xfd, 0x0b, 0xfe, 0x0a, 0xfe, 0x0a, 0xfe,
    0x0a, 0xfe, 0x0a, 0xfe, 0x0a, 0xfe, 0x2a, 0xfe, 0x4a, 0xfe, 0x4a, 0xfe,
    0x4b, 0xfe, 0x0b, 0xfe, 0xea, 0xfd, 0x8a, 0xf5, 0x49, 0xf5, 0x29, 0xf5,
    0x09, 0xed, 0xe9, 0xec, 0xe9, 0xec, 0xc9, 0xec, 0xa8, 0xe4, 0x88, 0xdc,
    0x48, 0xcc, 0x07, 0xbc, 0xe7, 0xab, 0xc7, 0x9b, 0xc8, 0x93, 0xc8, 0x93,
    0xc8, 0x93, 0x87, 0x8b, 0x27, 0x93, 0xe6, 0x9a, 0xa5, 0xa2, 0xc4, 0xb2,
    0xe4, 0xca, 0x24, 0xdb, 0x44, 0xeb, 0x64, 0xeb, 0x44, 0xeb, 0x24, 0xdb,
    0xc4, 0xd2, 0x63, 0xc2, 0x03, 0xba, 0xc3, 0xb1, 0xa3, 0xa9, 0xa3, 0xa9,
    0xc3, 0xa9, 0xe4, 0xb1, 0x03, 0xb2, 0x04, 0xb2, 0x04, 0xb2, 0x04, 0xba,
    0x24, 0x9a, 0x44, 0x9a, 0x44, 0x8a, 0x45, 0x82, 0x44, 0x72, 0x65, 0x6a,
    0x85, 0x62, 0xa5, 0x62, 0xc6, 0x6a, 0xe6, 0x6a, 0x07, 0x7b, 0x47, 0x83,
    0x88, 0x8b, 0xa9, 0x93, 0xc9, 0x9b, 0x0a, 0xa4, 0x2a, 0xa4, 0x4a, 0xac,
    0x4b, 0xac, 0x4a, 0xac, 0x4a, 0xa4, 0x4b, 0xac, 0x2a, 0xa4, 0x2a, 0xa4,
    0x2a, 0xa4, 0x2a, 0xa4, 0x2a, 0xa4, 0x2a, 0xa4, 0x2a, 0xa4, 0x2a, 0xa4,
    0x2a, 0xa4, 0x2b, 0xa4, 0x2a, 0xa4, 0x2b, 0xa4, 0x2b, 0xa4, 0x2b, 0xa4,
    0x2b, 0xa4, 0x2b, 0xa4, 0x2b, 0xa4, 0x2b, 0xa4, 0x2b, 0x9c, 0x2a, 0xa4,
    0x0a, 0xa4, 0xe9, 0xa3, 0xa8, 0xab, 0x87, 0xb3, 0x66, 0xbb, 0x46, 0xbb,
    0x25, 0xbb, 0xe5, 0xba, 0xe5, 0xb2, 0xe5, 0xb2, 0x46, 0xbb, 0xc8, 0xc3,
    0x4a, 0xcc, 0xcb, 0xdc, 0x2d, 0xe5, 0x6e, 0xed, 0x8e, 0xf5, 0x4e, 0xed,
    0x0d, 0xed, 0xcb, 0xec, 0x8b, 0xe4, 0x6a, 0xe4, 0x8a, 0xe4, 0xab, 0xe4,
    0x0d, 0xed, 0x2e, 0xed, 0x6f, 0xed, 0xb0, 0xf5, 0xf1, 0xf5, 0x12, 0xfe,
    0x33, 0xfe, 0x33, 0xfe, 0x54, 0xfe, 0x74, 0xfe, 0x94, 0xfe, 0x94, 0xfe,
    0x95, 0xfe, 0xb5, 0xfe, 0xb5, 0xfe, 0xb5, 0xfe, 0xb5, 0xfe, 0xb5, 0xfe,
    0xd5, 0xfe, 0xb5, 0xfe, 0xb5, 0xfe, 0xb5, 0xfe, 0xb5, 0xfe, 0xb5, 0xfe,
    0xb4, 0xfe, 0xb4, 0xfe, 0xb4, 0xfe, 0xb4, 0xfe, 0xb4, 0xfe, 0xb4, 0xfe,
    0xd4, 0xfe, 0xd4, 0xfe, 0xd4, 0xfe, 0xd4, 0xfe, 0xd4, 0xfe, 0xd4, 0xfe,
    0xd4, 0xfe, 0xd4, 0xfe, 0xd4, 0xfe, 0xd4, 0xfe, 0xd4, 0xfe, 0xd4, 0xfe,
    0xd4, 0xfe, 0xf4, 0xfe, 0x36, 0xff, 0x77, 0xff, 0xb9, 0xff, 0xdb, 0xff,
    0xfc, 0xff, 0xfc, 0xff, 0xba, 0xff, 0x58, 0xff, 0xf4, 0xfe, 0x70, 0xfe,
    0x0d, 0xf6, 0xca, 0xf5, 0xa9, 0xfd, 0xc9, 0xfd, 0xc9, 0xf5, 0xc9, 0xfd,
    0xc9, 0xfd, 0xc9, 0xfd, 0xea, 0xfd, 0xea, 0xfd, 0xea, 0xfd, 0xea, 0xfd,
    0xea, 0xfd, 0x0a, 0xfe, 0x0a, 0xfe, 0x2a, 0xfe, 0x2a, 0xfe, 0x2a, 0xfe,
    0x0a, 0xfe, 0xea, 0xfd, 0xaa, 0xf5, 0x69, 0xf5, 0x29, 0xed, 0x09, 0xed,
    0x09, 0xed, 0xe9, 0xec, 0xe9, 0xec, 0xa9, 0xe4, 0x68, 0xdc, 0x48, 0xd4,
    0x07, 0xbc, 0xe7, 0xab, 0xc7, 0xa3, 0xc8, 0x93, 0xc8, 0x8b, 0xc8, 0x8b,
    0xa7, 0x8b, 0x67, 0x8b, 0x06, 0x93, 0xc5, 0x9a, 0xa4, 0xaa, 0xa4, 0xba,
    0xe4, 0xca, 0x04, 0xdb, 0x44, 0xe3, 0x44, 0xeb, 0x44, 0xe3, 0x04, 0xdb,
    0x84, 0xd2, 0x23, 0xc2, 0xe3, 0xb1, 0xa2, 0xa9, 0x83, 0xa9, 0xa3, 0xa9,
    0xc3, 0xb1, 0xe4, 0xb1, 0xe4, 0xb1, 0xe4, 0xb1, 0xe3, 0xb9, 0xe4, 0xb9,
    0x45, 0xa2, 0x45, 0x9a, 0x24, 0x92, 0x24, 0x82, 0x24, 0x72, 0x24, 0x6a,
    0x45, 0x62, 0x65, 0x5a, 0x85, 0x5a, 0xc6, 0x62, 0xe7, 0x6a, 0x07, 0x73,
    0x47, 0x7b, 0x68, 0x83, 0xa9, 0x93, 0xc9, 0x93, 0x0a, 0x9c, 0x2b, 0xa4,
    0x2b, 0xa4, 0x4b, 0xa4, 0x4b, 0xa4, 0x4b, 0xa4, 0x2b, 0xa4, 0x2b, 0xa4,
    0x2a, 0xa4, 0x2a, 0xa4, 0x2a, 0xa4, 0x0a, 0x9c, 0x2a, 0xa4, 0x0a, 0xa4,
    0x2b, 0xa4, 0x2a, 0xa4, 0x2b, 0xa4, 0x2a, 0xa4, 0x2a, 0xa4, 0x2a, 0xa4,
    0x2a, 0xa4, 0x2b, 0xa4, 0x2b, 0xa4, 0x2b, 0x9c, 0x4a, 0x9c, 0x2a, 0x9c,
    0x0a, 0xa4, 0xc9, 0xa3, 0x88, 0xa3, 0x27, 0xa3, 0xc5, 0xa2, 0x84, 0xa2,
    0x44, 0xa2, 0x23, 0xa2, 0x24, 0xa2, 0x85, 0xaa, 0x06, 0xb3, 0xc9, 0xbb,
    0x8c, 0xcc, 0x2e, 0xdd, 0xb0, 0xe5, 0xf0, 0xed, 0xd0, 0xed, 0x90, 0xed,
    0x4e, 0xed, 0xed, 0xe4, 0xac, 0xe4, 0xac, 0xe4, 0xac, 0xe4, 0xcd, 0xe4,
    0x0d, 0xed, 0x4f, 0xed, 0x6f, 0xed, 0x90, 0xed, 0xb1, 0xf5, 0xb1, 0xf5,
    0xb1, 0xf5, 0xd1, 0xf5, 0xf1, 0xf5, 0xf2, 0xf5, 0x12, 0xfe, 0x32, 0xfe,
    0x32, 0xfe, 0x53, 0xfe, 0x73, 0xfe, 0x73, 0xfe, 0x73, 0xfe, 0x74, 0xfe,
    0x73, 0xfe, 0x73, 0xfe, 0x74, 0xfe, 0x73, 0xfe, 0x93, 0xfe, 0x93, 0xfe,
    0x73, 0xfe, 0x93, 0xfe, 0x73, 0xfe, 0x73, 0xfe, 0x73, 0xfe, 0x73, 0xfe,
    0x73, 0xfe, 0x73, 0xfe, 0x93, 0xfe, 0x93, 0xfe, 0x94, 0xfe, 0x93, 0xfe,
    0x93, 0xfe, 0x93, 0xfe, 0xb3, 0xfe, 0x92, 0xfe, 0xb2, 0xfe, 0xb2, 0xfe,
    0xd3, 0xfe, 0x14, 0xff, 0x56, 0xff, 0x78, 0xff, 0xba, 0xff, 0xfc, 0xff,
    0xfd, 0xff, 0xfe, 0xff, 0xfe, 0xff, 0xdc, 0xff, 0x7a, 0xff, 0x16, 0xff,
    0xd2, 0xfe, 0x6f, 0xfe, 0x0c, 0xfe, 0xeb, 0xf5, 0xc9, 0xf5, 0xa9, 0xfd,
    0xc9, 0xfd, 0xc9, 0xf5, 0xc9, 0xfd, 0xea, 0xfd, 0xea, 0xfd, 0xea, 0xfd,
    0xea, 0xfd, 0x0a, 0xfe, 0x0a, 0xfe, 0x09, 0xfe, 0x0a, 0xfe, 0x09, 0xfe,
    0xe9, 0xfd, 0xa9, 0xf5, 0x69, 0xf5, 0x29, 0xed, 0x09, 0xed, 0x09, 0xed,
    0x0a, 0xed, 0x0a, 0xed, 0xe9, 0xec, 0xa9, 0xe4, 0x48, 0xd4, 0x07, 0xc4,
    0xe7, 0xb3, 0xc8, 0xab, 0xc8, 0x9b, 0xc8, 0x8b, 0xc8, 0x83, 0xa8, 0x83,
    0x67, 0x83, 0x27, 0x8b, 0xe6, 0x92, 0xa4, 0x9a, 0x84, 0xb2, 0xa4, 0xc2,
    0xc3, 0xd2, 0x04, 0xdb, 0x24, 0xe3, 0x44, 0xeb, 0x24, 0xe3, 0xc4, 0xda,
    0x84, 0xca, 0x03, 0xba, 0xc3, 0xb1, 0xa2, 0xa9, 0x83, 0xa9, 0xc3, 0xa9,
    0xc3, 0xb1, 0xe3, 0xb1, 0xe4, 0xb1, 0xc3, 0xb1, 0xc3, 0xb1, 0xc3, 0xb1,
    0x45, 0xa2, 0x25, 0x9a, 0x24, 0x92, 0x04, 0x82, 0xe4, 0x71, 0xe4, 0x61,
    0x04, 0x5a, 0x44, 0x5a, 0x65, 0x5a, 0xa6, 0x5a, 0xa6, 0x62, 0xc6, 0x6a,
    0x07, 0x73, 0x28, 0x7b, 0x68, 0x83, 0xa9, 0x8b, 0xea, 0x93, 0x0a, 0x9c,
    0x2a, 0x9c, 0x2b, 0x9c, 0x2b, 0xa4, 0x2a, 0xa4, 0x2b, 0x9c, 0x2a, 0x9c,
    0x0b, 0x9c, 0x0a, 0x9c, 0x0a, 0x9c, 0x0a, 0x9c, 0x0a, 0x9c, 0x0a, 0x9c,
    0x0a, 0x9c, 0x2b, 0x9c, 0x2a, 0x9c, 0x2a, 0x9c, 0x2b, 0x9c, 0x2a, 0x9c,
    0x0a, 0x9c, 0x0a, 0x9c, 0x2a, 0x9c, 0x2a, 0x9c, 0x4b, 0xa4, 0x2a, 0x9c,
    0x0a, 0x9c, 0xe9, 0x9b, 0x88, 0x9b, 0x27, 0x9b, 0xa5, 0x9a, 0x44, 0x9a,
    0x44, 0x9a, 0x65, 0xa2, 0x06, 0xab, 0xa9, 0xbb, 0x8c, 0xcc, 0x6f, 0xdd,
    0x11, 0xe6, 0x73, 0xee, 0x73, 0xf6, 0x53, 0xf6, 0xd2, 0xf5, 0x70, 0xed,
    0x0f, 0xe5, 0xee, 0xe4, 0xcd, 0xe4, 0xcd, 0xe4, 0xac, 0xe4, 0xcc, 0xe4,
    0xed, 0xe4, 0xed, 0xe4, 0x0d, 0xe5, 0x0e, 0xed, 0x0e, 0xe5, 0x0d, 0xe5,
    0x0d, 0xe5, 0x2d, 0xed, 0x2e, 0xed, 0x4e, 0xed, 0x6f, 0xed, 0x8f, 0xf5,
    0xb0, 0xf5, 0xb0, 0xf5, 0xd0, 0xf5, 0xf1, 0xf5, 0xf1, 0xfd, 0xf1, 0xf5,
    0x11, 0xfe, 0x11, 0xfe, 0x11, 0xf6, 0x12, 0xfe, 0x12, 0xfe, 0x12, 0xfe,
    0x32, 0xfe, 0x32, 0xfe, 0x32, 0xfe, 0x32, 0xfe, 0x32, 0xfe, 0x32, 0xfe,
    0x52, 0xfe, 0x52, 0xfe, 0x53, 0xfe, 0x73, 0xfe, 0x93, 0xfe, 0x94, 0xfe,
    0x94, 0xfe, 0x94, 0xfe, 0xb3, 0xfe, 0xd3, 0xfe, 0xd3, 0xfe, 0xf4, 0xfe,
    0x14, 0xff, 0x35, 0xff, 0x77, 0xff, 0x98, 0xff, 0xda, 0xff, 0xfc, 0xff,
    0xfe, 0xff, 0xff, 0xff, 0xff, 0xff, 0xfe, 0xff, 0xdd, 0xff, 0x7a, 0xff,
    0x16, 0xff, 0xb2, 0xfe, 0x2f, 0xf6, 0xeb, 0xf5, 0xa9, 0xf5, 0x88, 0xf5,
    0x88, 0xfd, 0xa9, 0xfd, 0xc9, 0xfd, 0xc9, 0xfd, 0xe9, 0xf5, 0xea, 0xfd,
    0xea, 0xfd, 0x0a, 0xfe, 0xea, 0xfd, 0xe9, 0xfd, 0xe9, 0xfd, 0xc9, 0xf5,
    0x89, 0xf5, 0x69, 0xf5, 0x28, 0xed, 0xe9, 0xec, 0xe9, 0xec, 0xe9, 0xec,
    0x0a, 0xf5, 0xea, 0xec, 0xc9, 0xec, 0x88, 0xdc, 0x28, 0xcc, 0xe7, 0xbb,
    0xc7, 0xab, 0xc8, 0xa3, 0xe8, 0x93, 0xe8, 0x8b, 0xc9, 0x83, 0x88, 0x83,
    0x47, 0x83, 0xe6, 0x8a, 0xa5, 0x92, 0x84, 0xa2, 0x83, 0xb2, 0xa3, 0xc2,
    0xc3, 0xd2, 0x04, 0xe3, 0x04, 0xe3, 0x24, 0xe3, 0xe4, 0xe2, 0xc4, 0xd2,
    0x63, 0xc2, 0x03, 0xba, 0xa3, 0xa9, 0xa3, 0xa9, 0xa3, 0xa9, 0xc3, 0xa9,
    0xe3, 0xb1, 0xe4, 0xb1, 0xe4, 0xb1, 0xe3, 0xb1, 0xc4, 0xb1, 0xc3, 0xb1,
    0x65, 0xa2, 0x45, 0xa2, 0x44, 0x92, 0x24, 0x8a, 0x04, 0x82, 0x04, 0x7a,
    0x24, 0x72, 0x65, 0x72, 0xa5, 0x7a, 0xe6, 0x7a, 0x07, 0x83, 0x27, 0x8b,
    0x47, 0x93, 0x88, 0x9b, 0xa8, 0xa3, 0xc9, 0xab, 0x09, 0xb4, 0x2a, 0xb4,
    0x4a, 0xb4, 0x4a, 0xb4, 0x4a, 0xb4, 0x4b, 0xb4, 0x4a, 0xb4, 0x4a, 0xac,
    0x4a, 0xac, 0x2b, 0xac, 0x4a, 0xac, 0x4a, 0xac, 0x2a, 0xac, 0x2a, 0xac,
    0x2a, 0xac, 0x2a, 0xac, 0x2a, 0xac, 0x0a, 0xa4, 0x0a, 0xa4, 0x0a, 0xa4,
    0x0a, 0xa4, 0x2a, 0xa4, 0x2a, 0xa4, 0x2b, 0xa4, 0x2a, 0xa4, 0x2a, 0xa4,
    0x0a, 0x9c, 0xea, 0x9b, 0xa9, 0x9b, 0x68, 0x93, 0x27, 0x9b, 0x27, 0xa3,
    0x68, 0xb3, 0x2a, 0xc4, 0x2d, 0xcd, 0x0f, 0xe6, 0xb2, 0xee, 0x12, 0xff,
    0xf2, 0xfe, 0xb2, 0xfe, 0x31, 0xfe, 0xd0, 0xf5, 0x50, 0xed, 0x0f, 0xed,
    0x0f, 0xe5, 0x0f, 0xe5, 0x0f, 0xe5, 0x2f, 0xed, 0x2e, 0xe5, 0x0e, 0xe5,
    0x0e, 0xed, 0xed, 0xe4, 0xed, 0xe4, 0x0e, 0xed, 0x0e, 0xed, 0x0e, 0xe5,
    0x0e, 0xed, 0x0d, 0xe5, 0x0d, 0xed, 0x2d, 0xed, 0x2e, 0xed, 0x4e, 0xed,
    0x6f, 0xf5, 0x8f, 0xf5, 0x8f, 0xf5, 0xb0, 0xf5, 0xd0, 0xf5, 0xd0, 0xfd,
    0xd0, 0xfd, 0xd0, 0xf5, 0xd1, 0xf5, 0xf1, 0xf5, 0xf1, 0xf5, 0xf1, 0xfd,
    0x11, 0xfe, 0x32, 0xf6, 0x32, 0xfe, 0x52, 0xfe, 0x52, 0xfe, 0x52, 0xfe,
    0x72, 0xfe, 0x73, 0xfe, 0x73, 0xfe, 0x73, 0xfe, 0x94, 0xfe, 0xb4, 0xfe,
    0xb4, 0xfe, 0xd5, 0xfe, 0xf5, 0xfe, 0x15, 0xff, 0x36, 0xff, 0x57, 0xff,
    0x77, 0xff, 0x98, 0xff, 0xb9, 0xff, 0xda, 0xff, 0xfb, 0xff, 0xfd, 0xff,
    0xfe, 0xff, 0xff, 0xff, 0xff, 0xff, 0xff, 0xff, 0xdd, 0xff, 0x9a, 0xff,
    0x37, 0xff, 0x93, 0xf6, 0x0f, 0xf6, 0xab, 0xf5, 0x69, 0xf5, 0x48, 0xf5,
    0x48, 0xf5, 0x68, 0xf5, 0x88, 0xf5, 0xa9, 0xf5, 0xc9, 0xfd, 0xc9, 0xfd,
    0xe9, 0xfd, 0x09, 0xfe, 0xea, 0xfd, 0xea, 0xfd, 0xc9, 0xf5, 0x89, 0xf5,
    0x48, 0xf5, 0x08, 0xed, 0xe8, 0xec, 0xe8, 0xec, 0xe9, 0xec, 0xe9, 0xec,
    0xe9, 0xf4, 0xe9, 0xec, 0xa8, 0xe4, 0x48, 0xd4, 0xe7, 0xc3, 0xc7, 0xb3,
    0xc7, 0xa3, 0xe8, 0x9b, 0xe8, 0x93, 0xe9, 0x8b, 0xa8, 0x83, 0x68, 0x7b,
    0x27, 0x83, 0xc6, 0x82, 0xa4, 0x92, 0x64, 0xaa, 0x63, 0xba, 0xa3, 0xca,
    0xc3, 0xda, 0xe4, 0xe2, 0x04, 0xe3, 0x04, 0xe3, 0xe4, 0xda, 0xa3, 0xd2,
    0x43, 0xc2, 0xe3, 0xb1, 0xa2, 0xa9, 0x82, 0xa1, 0xa3, 0xa1, 0xc3, 0xa9,
    0xe3, 0xb1, 0x04, 0xb2, 0xe3, 0xb1, 0xe4, 0xa9, 0xc3, 0xa9, 0xc4, 0xa9,
    0x06, 0xc3, 0x06, 0xc3, 0x06, 0xbb, 0xe6, 0xba, 0x06, 0xbb, 0x26, 0xb3,
    0x46, 0xb3, 0x87, 0xbb, 0xc7, 0xc3, 0xe8, 0xc3, 0x08, 0xcc, 0x28, 0xd4,
    0x28, 0xd4, 0x48, 0xdc, 0x49, 0xdc, 0x69, 0xdc, 0x69, 0xdc, 0x69, 0xdc,
    0x89, 0xdc, 0x8a, 0xdc, 0x8a, 0xdc, 0x8a, 0xdc, 0x69, 0xdc, 0x89, 0xdc,
    0x6a, 0xd4, 0x6a, 0xd4, 0x8a, 0xd4, 0x8a, 0xd4, 0x6a, 0xd4, 0x8a, 0xd4,
    0x8a, 0xcc, 0x6a, 0xcc, 0x6a, 0xcc, 0x6a, 0xcc, 0x8a, 0xcc, 0x8a, 0xcc,
    0x6a, 0xc4, 0x6b, 0xc4, 0x6b, 0xbc, 0x6b, 0xb4, 0x4b, 0xa4, 0x2a, 0x9c,
    0xea, 0x9b, 0xc9, 0x93, 0xa9, 0x93, 0xc9, 0x9b, 0x0a, 0xac, 0x8b, 0xbc,
    0x4d, 0xcd, 0x2f, 0xe6, 0xd1, 0xf6, 0x32, 0xff, 0x51, 0xff, 0xf0, 0xfe,
    0x2d, 0xfe, 0x4b, 0xf5, 0xca, 0xec, 0x8a, 0xe4, 0x8b, 0xe4, 0xad, 0xe4,
    0xef, 0xe4, 0x50, 0xed, 0x71, 0xed, 0xb2, 0xf5, 0xb2, 0xf5, 0xb1, 0xed,
    0x91, 0xed, 0x91, 0xf5, 0x90, 0xed, 0x91, 0xf5, 0x91, 0xed, 0x91, 0xf5,
    0x91, 0xf5, 0x91, 0xed, 0x91, 0xf5, 0xb0, 0xf5, 0xb0, 0xf5, 0xb0, 0xf5,
    0xd0, 0xf5, 0xf1, 0xfd, 0x11, 0xfe, 0x12, 0xfe, 0x12, 0xfe, 0x32, 0xfe,
    0x32, 0xfe, 0x32, 0xfe, 0x11, 0xfe, 0x31, 0xfe, 0x32, 0xfe, 0x32, 0xfe,
    0x32, 0xfe, 0x52, 0xfe, 0x73, 0xfe, 0x73, 0xfe, 0x93, 0xfe, 0xb4, 0xfe,
    0xb4, 0xfe, 0xb4, 0xfe, 0xd4, 0xfe, 0xd5, 0xfe, 0xd5, 0xfe, 0xd5, 0xfe,
    0xf5, 0xfe, 0x16, 0xff, 0x16, 0xff, 0x37, 0xff, 0x77, 0xff, 0x99, 0xff,
    0xba, 0xff, 0xfb, 0xff, 0xfc, 0xff, 0xfc, 0xff, 0xfd, 0xff, 0xfe, 0xff,
    0xfe, 0xff, 0xff, 0xff, 0xff, 0xff, 0xfe, 0xff, 0xfd, 0xff, 0xbb, 0xff,
    0x58, 0xff, 0xf5, 0xfe, 0x72, 0xf6, 0xcf, 0xf5, 0x8c, 0xf5, 0x6b, 0xed,
    0x4a, 0xed, 0x6a, 0xf5, 0x8a, 0xf5, 0xaa, 0xf5, 0xaa, 0xf5, 0xc9, 0xfd,
    0xc9, 0xfd, 0xe9, 0xfd, 0xe9, 0xfd, 0xa9, 0xf5, 0x89, 0xf5, 0x48, 0xf5,
    0x08, 0xed, 0xe8, 0xec, 0xe8, 0xec, 0xc9, 0xec, 0xe9, 0xec, 0xe9, 0xec,
    0xc9, 0xec, 0xc8, 0xec, 0x68, 0xdc, 0x07, 0xcc, 0xc7, 0xb3, 0xa6, 0xab,
    0xa7, 0x9b, 0xc8, 0x9b, 0xe9, 0x93, 0xc9, 0x8b, 0xa8, 0x83, 0x47, 0x7b,
    0xe6, 0x7a, 0xa5, 0x8a, 0x84, 0x9a, 0x84, 0xb2, 0x83, 0xc2, 0xa3, 0xd2,
    0xc3, 0xda, 0xe4, 0xe2, 0xe4, 0xe2, 0xe4, 0xda, 0xc4, 0xd2, 0x83, 0xca,
    0x23, 0xba, 0xc3, 0xb1, 0xa3, 0xa9, 0x83, 0xa1, 0x83, 0xa1, 0xa3, 0xa9,
    0xe4, 0xa9, 0xe4, 0xb1, 0xe3, 0xb1, 0xe3, 0xa9, 0xc3, 0xa9, 0xa3, 0xa9,
    0xe8, 0xf3, 0x08, 0xf4, 0x08, 0xf4, 0x28, 0xf4, 0x48, 0xf4, 0x69, 0xf4,
    0x89, 0xf4, 0xc9, 0xf4, 0xc9, 0xf4, 0xe9, 0xfc, 0xe9, 0xfc, 0xe9, 0xfc,
    0xe9, 0xfc, 0xc9, 0xfc, 0xc9, 0xfc, 0xc9, 0xfc, 0xa9, 0xfc, 0xa9, 0xfc,
    0xc9, 0xfc, 0xc9, 0xfc, 0xa9, 0xfc, 0xc9, 0xfc, 0xc9, 0xfc, 0xc9, 0xfc,
    0xe9, 0xfc, 0xea, 0xfc, 0xea, 0xfc, 0x0a, 0xfd, 0x0a, 0xf5, 0x0b, 0xfd,
    0x2b, 0xfd, 0x4b, 0xfd, 0x6c, 0xf5, 0x8c, 0xfd, 0x8d, 0xf5, 0x8d, 0xf5,
    0x6c, 0xed, 0x2c, 0xe5, 0xcb, 0xcc, 0x6a, 0xbc, 0x0a, 0xa4, 0xc9, 0x9b,
    0x89, 0x93, 0x88, 0x93, 0xc9, 0x9b, 0x4a, 0xac, 0x0c, 0xc5, 0xcd, 0xdd,
    0x6f, 0xee, 0xcf, 0xfe, 0xcf, 0xfe, 0x6d, 0xfe, 0xeb, 0xfd, 0x29, 0xf5,
    0x87, 0xe4, 0xe6, 0xdb, 0x85, 0xdb, 0x86, 0xd3, 0xc7, 0xdb, 0x2a, 0xdc,
    0xac, 0xe4, 0x0e, 0xed, 0x50, 0xed, 0x91, 0xed, 0xb1, 0xf5, 0xb2, 0xf5,
    0xd2, 0xf5, 0xd2, 0xf5, 0xd3, 0xf5, 0xf3, 0xf5, 0xf3, 0xf5, 0x13, 0xf6,
    0x13, 0xfe, 0x13, 0xfe, 0x33, 0xfe, 0x53, 0xfe, 0x53, 0xfe, 0x73, 0xfe,
    0x73, 0xfe, 0x74, 0xfe, 0x94, 0xfe, 0x94, 0xfe, 0x94, 0xfe, 0x94, 0xfe,
    0x93, 0xfe, 0x73, 0xfe, 0x73, 0xfe, 0x73, 0xfe, 0x73, 0xfe, 0x73, 0xfe,
    0x73, 0xfe, 0x73, 0xfe, 0x73, 0xfe, 0x94, 0xfe, 0xb4, 0xfe, 0xd4, 0xfe,
    0xd5, 0xfe, 0xf5, 0xfe, 0x16, 0xff, 0x16, 0xff, 0x36, 0xff, 0x16, 0xff,
    0x36, 0xff, 0x36, 0xff, 0x36, 0xff, 0x37, 0xff, 0x78, 0xff, 0x98, 0xff,
    0xba, 0xff, 0xdb, 0xff, 0xfc, 0xff, 0xfc, 0xff, 0xfd, 0xff, 0xfd, 0xff,
    0xfd, 0xff, 0xfd, 0xff, 0xfd, 0xff, 0xfd, 0xff, 0xfd, 0xff, 0xfc, 0xff,
    0xbb, 0xff, 0x58, 0xff, 0xb5, 0xf6, 0x53, 0xf6, 0xd0, 0xf5, 0xaf, 0xed,
    0x8e, 0xed, 0x6e, 0xed, 0x6d, 0xed, 0x6c, 0xed, 0x6b, 0xed, 0x4b, 0xed,
    0x6a, 0xf5, 0x49, 0xed, 0x49, 0xf5, 0x28, 0xed, 0x08, 0xed, 0xe7, 0xec,
    0xc8, 0xec, 0xc8, 0xec, 0xc9, 0xec, 0xe9, 0xec, 0xe9, 0xec, 0xc9, 0xec,
    0xa9, 0xec, 0x68, 0xe4, 0x07, 0xcc, 0xc7, 0xbb, 0x86, 0xab, 0x87, 0x9b,
    0xa7, 0x93, 0xc8, 0x93, 0xc8, 0x8b, 0xc8, 0x8b, 0x68, 0x83, 0x07, 0x7b,
    0xa5, 0x7a, 0x64, 0x8a, 0x64, 0x9a, 0x63, 0xb2, 0x83, 0xca, 0xa3, 0xda,
    0xc3, 0xe2, 0xe4, 0xe2, 0xe4, 0xda, 0xc4, 0xda, 0xa4, 0xd2, 0x63, 0xca,
    0x03, 0xba, 0xc3, 0xa9, 0x82, 0xa9, 0x83, 0xa1, 0x83, 0xa1, 0xc3, 0xa9,
    0xe3, 0xa9, 0xe4, 0xb1, 0xe4, 0xb1, 0xc4, 0xa9, 0xc4, 0xa9, 0xa4, 0xa9,
    0xe8, 0xf3, 0x08, 0xf4, 0x08, 0xf4, 0x28, 0xf4, 0x28, 0xf4, 0x49, 0xf4,
    0x69, 0xfc, 0x69, 0xf4, 0x69, 0xfc, 0x89, 0xfc, 0x89, 0xfc, 0xa9, 0xfc,
    0xa9, 0xfc, 0xc9, 0xfc, 0xc9, 0xfc, 0xe9, 0xfc, 0xea, 0xfc, 0xea, 0xfc,
    0x0a, 0xfd, 0x2b, 0xfd, 0x4b, 0xfd, 0x4b, 0xfd, 0x6c, 0xfd, 0x8c, 0xfd,
    0xcd, 0xfd, 0xed, 0xfd, 0x0e, 0xfe, 0x2e, 0xfe, 0x4f, 0xfe, 0x70, 0xfe,
    0xb0, 0xfe, 0xf1, 0xfe, 0x12, 0xff, 0x33, 0xff, 0x13, 0xff, 0xd2, 0xfe,
    0x70, 0xf6, 0xae, 0xe5, 0xcb, 0xcc, 0xe9, 0xab, 0x26, 0x93, 0xc5, 0x8a,
    0xa5, 0x82, 0xe6, 0x8a, 0xa8, 0xa3, 0x8a, 0xbc, 0x6c, 0xd5, 0x0d, 0xee,
    0x4d, 0xfe, 0x2c, 0xfe, 0xaa, 0xfd, 0xe8, 0xf4, 0x26, 0xe4, 0x85, 0xdb,
    0x44, 0xd3, 0x24, 0xd3, 0x24, 0xcb, 0x45, 0xd3, 0x66, 0xd3, 0xc7, 0xd3,
    0x08, 0xdc, 0x4a, 0xdc, 0x8b, 0xe4, 0xcc, 0xe4, 0xed, 0xec, 0x0e, 0xed,
    0x2f, 0xed, 0x90, 0xf5, 0xd2, 0xf5, 0x13, 0xf6, 0x54, 0xfe, 0x54, 0xfe,
    0x74, 0xfe, 0x74, 0xfe, 0x74, 0xfe, 0x94, 0xfe, 0x94, 0xfe, 0x94, 0xfe,
    0xb5, 0xfe, 0xb5, 0xfe, 0xb5, 0xfe, 0xd5, 0xfe, 0xd5, 0xfe, 0xd5, 0xfe,
    0xd5, 0xfe, 0xb5, 0xfe, 0xb4, 0xfe, 0xb4, 0xfe, 0xb4, 0xfe, 0xb4, 0xfe,
    0xb4, 0xfe, 0xb4, 0xfe, 0xd4, 0xfe, 0xd5, 0xfe, 0xd5, 0xfe, 0xd5, 0xfe,
    0xf5, 0xfe, 0x16, 0xff, 0x16, 0xff, 0x16, 0xff, 0x36, 0xff, 0x36, 0xff,
    0x36, 0xff, 0x16, 0xff, 0x36, 0xff, 0x36, 0xff, 0x36, 0xff, 0x57, 0xff,
    0x57, 0xff, 0x98, 0xff, 0xb9, 0xff, 0xb9, 0xff, 0xda, 0xff, 0xfb, 0xff,
    0xfb, 0xff, 0xfb, 0xff, 0xfb, 0xff, 0xda, 0xff, 0x99, 0xff, 0x37, 0xff,
    0xd6, 0xf6, 0x53, 0xf6, 0xf1, 0xed, 0x90, 0xed, 0x2e, 0xe5, 0xed, 0xe4,
    0xec, 0xe4, 0xac, 0xe4, 0x8b, 0xe4, 0x6a, 0xdc, 0x49, 0xdc, 0x48, 0xdc,
    0x27, 0xdc, 0x47, 0xdc, 0x46, 0xdc, 0x66, 0xe4, 0x86, 0xe4, 0x87, 0xe4,
    0xa7, 0xe4, 0xc8, 0xec, 0xc9, 0xec, 0xe9, 0xec, 0xc9, 0xec, 0x88, 0xec,
    0x48, 0xdc, 0xe7, 0xd3, 0xa6, 0xbb, 0x86, 0xab, 0x46, 0x9b, 0x67, 0x8b,
    0x87, 0x83, 0xa8, 0x83, 0xa8, 0x83, 0x88, 0x83, 0x07, 0x73, 0xa6, 0x72,
    0x44, 0x72, 0x24, 0x82, 0x23, 0x9a, 0x63, 0xba, 0xa3, 0xca, 0xe3, 0xda,
    0x03, 0xe3, 0x03, 0xe3, 0x03, 0xdb, 0xc3, 0xd2, 0x63, 0xca, 0x23, 0xc2,
    0xc3, 0xb1, 0x83, 0xa9, 0x82, 0xa1, 0x82, 0xa1, 0x83, 0xa9, 0xc3, 0xa9,
    0xe3, 0xa9, 0xe4, 0xb1, 0xe4, 0xb1, 0xc3, 0xa9, 0xa3, 0xa9, 0xa4, 0xa9,
    0x08, 0xdc, 0xe8, 0xdb, 0x08, 0xdc, 0xe8, 0xdb, 0xe8, 0xdb, 0xe8, 0xdb,
    0xc8, 0xdb, 0xc8, 0xdb, 0xc8, 0xe3, 0x09, 0xe4, 0x6a, 0xec, 0xca, 0xec,
    0x0b, 0xf5, 0x6c, 0xfd, 0x8d, 0xfd, 0xcd, 0xfd, 0xee, 0xfd, 0x0e, 0xfe,
    0x4f, 0xfe, 0x6f, 0xfe, 0x6f, 0xfe, 0xb0, 0xfe, 0xd1, 0xfe, 0xf1, 0xfe,
    0x12, 0xff, 0x33, 0xff, 0x53, 0xff, 0x74, 0xff, 0x74, 0xff, 0x94, 0xff,
    0xb5, 0xff, 0xd6, 0xff, 0xf7, 0xff, 0xf7, 0xff, 0xb7, 0xff, 0x55, 0xff,
    0xd3, 0xf6, 0xf0, 0xdd, 0xed, 0xc4, 0xe9, 0xb3, 0x27, 0x9b, 0xc6, 0x92,
    0xe6, 0x92, 0x67, 0xa3, 0x29, 0xbc, 0xea, 0xd4, 0x6b, 0xed, 0xab, 0xf5,
    0x8a, 0xfd, 0x29, 0xf5, 0x87, 0xec, 0xc6, 0xe3, 0x24, 0xd3, 0xe3, 0xca,
    0xc4, 0xca, 0xe4, 0xca, 0x25, 0xcb, 0x45, 0xcb, 0x86, 0xd3, 0xa7, 0xd3,
    0xc7, 0xdb, 0xc7, 0xdb, 0xe7, 0xdb, 0x08, 0xdc, 0x08, 0xdc, 0x49, 0xe4,
    0x8b, 0xe4, 0xec, 0xec, 0x4e, 0xed, 0x90, 0xf5, 0xd1, 0xf5, 0xf2, 0xf5,
    0x12, 0xf6, 0x12, 0xf6, 0x12, 0xf6, 0x33, 0xf6, 0x33, 0xfe, 0x53, 0xfe,
    0x74, 0xfe, 0x95, 0xfe, 0xb5, 0xfe, 0xd6, 0xfe, 0xd6, 0xfe, 0xd6, 0xfe,
    0xd5, 0xfe, 0xd5, 0xfe, 0xd5, 0xfe, 0xd5, 0xfe, 0xd4, 0xfe, 0xd5, 0xfe,
    0xd5, 0xfe, 0xf5, 0xfe, 0xf6, 0xfe, 0x16, 0xff, 0x15, 0xff, 0x16, 0xff,
    0x16, 0xff, 0x16, 0xff, 0x16, 0xff, 0x16, 0xff, 0x36, 0xff, 0x36, 0xff,
    0x36, 0xff, 0x36, 0xff, 0x36, 0xff, 0x36, 0xff, 0x16, 0xff, 0x15, 0xff,
    0x15, 0xff, 0x35, 0xff, 0x35, 0xff, 0x56, 0xff, 0x97, 0xff, 0xd9, 0xff,
    0xfa, 0xff, 0xfc, 0xff, 0xfb, 0xff, 0x99, 0xff, 0xf6, 0xf6, 0x11, 0xee,
    0x4d, 0xe5, 0xaa, 0xdc, 0x28, 0xdc, 0xe7, 0xd3, 0xa6, 0xd3, 0x86, 0xd3,
    0x85, 0xd3, 0x66, 0xcb, 0x65, 0xcb, 0x45, 0xcb, 0x25, 0xcb, 0x24, 0xcb,
    0x24, 0xcb, 0x44, 0xcb, 0xa4, 0xd3, 0xc4, 0xdb, 0x05, 0xdc, 0x46, 0xe4,
    0x67, 0xe4, 0x88, 0xec, 0xc8, 0xec, 0xa8, 0xec, 0xa8, 0xec, 0x47, 0xe4,
    0x06, 0xd4, 0xa6, 0xcb, 0x65, 0xb3, 0x46, 0xab, 0x46, 0x9b, 0x66, 0x8b,
    0x67, 0x8b, 0x88, 0x83, 0x67, 0x83, 0x27, 0x7b, 0xa6, 0x72, 0x44, 0x6a,
    0x04, 0x72, 0xe3, 0x81, 0x02, 0xa2, 0x42, 0xba, 0x83, 0xca, 0xc3, 0xda,
    0x03, 0xdb, 0xe3, 0xda, 0xc3, 0xd2, 0x83, 0xca, 0x23, 0xc2, 0xc2, 0xb1,
    0x62, 0xa9, 0x42, 0xa1, 0x22, 0x99, 0x22, 0x99, 0x43, 0x99, 0x63, 0xa1,
    0x83, 0xa9, 0xa3, 0xa9, 0x83, 0xa1, 0x63, 0xa1, 0x63, 0xa1, 0x43, 0x99,
    0xaa, 0xdc, 0xaa, 0xe4, 0x8a, 0xdc, 0x8a, 0xdc, 0x6a, 0xdc, 0x49, 0xdc,
    0x49, 0xdc, 0x49, 0xdc, 0x6a, 0xdc, 0xcb, 0xe4, 0x6d, 0xed, 0xee, 0xf5,
    0x90, 0xfe, 0xf1, 0xfe, 0x32, 0xff, 0x52, 0xff, 0x73, 0xff, 0x93, 0xff,
    0x93, 0xff, 0x94, 0xff, 0x94, 0xff, 0x94, 0xff, 0x94, 0xff, 0x94, 0xff,
    0x94, 0xff, 0x94, 0xff, 0x75, 0xff, 0x74, 0xff, 0x75, 0xff, 0x55, 0xff,
    0x55, 0xff, 0x55, 0xff, 0x35, 0xff, 0x35, 0xff, 0xf4, 0xfe, 0xb3, 0xfe,
    0x73, 0xf6, 0xf1, 0xed, 0x90, 0xe5, 0x0e, 0xd5, 0xae, 0xcc, 0xad, 0xcc,
    0xcc, 0xcc, 0x0c, 0xdd, 0x4c, 0xe5, 0x8b, 0xed, 0x8a, 0xf5, 0x29, 0xf5,
    0xc8, 0xf4, 0x47, 0xec, 0xc6, 0xe3, 0x65, 0xdb, 0x05, 0xd3, 0xe4, 0xca,
    0xe4, 0xca, 0x25, 0xcb, 0x45, 0xd3, 0x86, 0xd3, 0xc7, 0xd3, 0xe8, 0xdb,
    0x08, 0xdc, 0x07, 0xdc, 0xe7, 0xdb, 0xe7, 0xdb, 0x07, 0xdc, 0x28, 0xdc,
    0x49, 0xe4, 0x89, 0xe4, 0xaa, 0xec, 0xcb, 0xec, 0xec, 0xec, 0x0c, 0xed,
    0x2d, 0xed, 0x4e, 0xed, 0x6f, 0xf5, 0xaf, 0xf5, 0xd0, 0xf5, 0x12, 0xf6,
    0x32, 0xfe, 0x73, 0xfe, 0x94, 0xfe, 0xb5, 0xfe, 0xb5, 0xfe, 0xb5, 0xfe,
    0xb4, 0xfe, 0xb4, 0xfe, 0xb4, 0xfe, 0xb4, 0xfe, 0xb4, 0xfe, 0xb4, 0xfe,
    0xd4, 0xfe, 0xf5, 0xfe, 0xf5, 0xfe, 0x15, 0xff, 0x16, 0xff, 0x16, 0xff,
    0x16, 0xff, 0x36, 0xff, 0x36, 0xff, 0x36, 0xff, 0x57, 0xff, 0x57, 0xff,
    0x77, 0xff, 0x77, 0xff, 0x57, 0xff, 0x56, 0xff, 0x35, 0xff, 0xf4, 0xfe,
    0xf4, 0xfe, 0xf3, 0xfe, 0x13, 0xff, 0x35, 0xff, 0x76, 0xff, 0xb8, 0xff,
    0xfb, 0xff, 0xfd, 0xff, 0xfc, 0xff, 0x9a, 0xff, 0xb6, 0xf6, 0xd1, 0xed,
    0xec, 0xdc, 0x07, 0xd4, 0x84, 0xd3, 0x23, 0xcb, 0x02, 0xcb, 0x02, 0xcb,
    0x03, 0xcb, 0x43, 0xcb, 0x44, 0xcb, 0x65, 0xcb, 0x65, 0xcb, 0x85, 0xcb,
    0xc5, 0xd3, 0xe5, 0xdb, 0x46, 0xdc, 0x66, 0xe4, 0x87, 0xe4, 0xa7, 0xec,
    0xc8, 0xec, 0xe8, 0xec, 0xe8, 0xf4, 0xe8, 0xec, 0xc8, 0xec, 0x87, 0xe4,
    0x47, 0xdc, 0x06, 0xd4, 0xe6, 0xcb, 0xc6, 0xbb, 0xc6, 0xb3, 0xc6, 0xab,
    0xc7, 0xa3, 0xc7, 0xa3, 0x86, 0x9b, 0x66, 0x93, 0x05, 0x8b, 0xa4, 0x8a,
    0x64, 0x8a, 0x43, 0x9a, 0x63, 0xaa, 0x83, 0xc2, 0xa3, 0xd2, 0xe3, 0xda,
    0xe3, 0xda, 0xc3, 0xda, 0xa3, 0xd2, 0x63, 0xc2, 0x03, 0xba, 0xa2, 0xb1,
    0x62, 0xa1, 0x42, 0x99, 0x22, 0x99, 0x22, 0x99, 0x43, 0x99, 0x63, 0xa1,
    0x63, 0xa1, 0x63, 0xa1, 0x63, 0x99, 0x43, 0x99, 0x22, 0x91, 0x02, 0x91,
    0x4a, 0xdc, 0x4a, 0xd4, 0x4a, 0xd4, 0x49, 0xd4, 0x49, 0xdc, 0x29, 0xd4,
    0x29, 0xd4, 0x4a, 0xdc, 0xab, 0xdc, 0x2c, 0xe5, 0xce, 0xed, 0x70, 0xf6,
    0xf2, 0xfe, 0x53, 0xff, 0x73, 0xff, 0x73, 0xff, 0x53, 0xff, 0x33, 0xff,
    0x12, 0xff, 0xf3, 0xf6, 0xd2, 0xf6, 0xb2, 0xf6, 0x92, 0xf6, 0x72, 0xf6,
    0x72, 0xf6, 0x51, 0xf6, 0x31, 0xf6, 0x31, 0xf6, 0x31, 0xf6, 0x31, 0xf6,
    0x31, 0xf6, 0x31, 0xf6, 0x31, 0xf6, 0x31, 0xf6, 0x32, 0xf6, 0x32, 0xf6,
    0x52, 0xf6, 0x72, 0xf6, 0x73, 0xf6, 0x93, 0xf6, 0x93, 0xf6, 0x72, 0xf6,
    0x50, 0xfe, 0x0e, 0xfe, 0xcc, 0xfd, 0x6b, 0xf5, 0x09, 0xf5, 0xa9, 0xec,
    0x48, 0xe4, 0x08, 0xdc, 0xc7, 0xdb, 0xa7, 0xd3, 0x86, 0xd3, 0x86, 0xd3,
    0x86, 0xd3, 0x86, 0xd3, 0x87, 0xd3, 0xc8, 0xd3, 0xe8, 0xdb, 0x08, 0xdc,
    0x28, 0xdc, 0x28, 0xdc, 0x48, 0xe4, 0x48, 0xe4, 0x68, 0xe4, 0x68, 0xe4,
    0x88, 0xe4, 0x89, 0xe4, 0x88, 0xec, 0x88, 0xec, 0xa9, 0xec, 0xc9, 0xec,
    0xea, 0xec, 0x0b, 0xf5, 0x2c, 0xf5, 0x6d, 0xf5, 0x8e, 0xf5, 0xd0, 0xf5,
    0xf1, 0xfd, 0x11, 0xfe, 0x32, 0xfe, 0x52, 0xfe, 0x73, 0xfe, 0x73, 0xfe,
    0x93, 0xfe, 0x93, 0xfe, 0x93, 0xfe, 0x93, 0xfe, 0x93, 0xfe, 0xb4, 0xfe,
    0xb4, 0xfe, 0xb4, 0xfe, 0xb4, 0xfe, 0xb4, 0xfe, 0xd4, 0xfe, 0xf5, 0xfe,
    0xf5, 0xfe, 0x16, 0xff, 0x56, 0xff, 0x77, 0xff, 0x77, 0xff, 0x98, 0xff,
    0x78, 0xff, 0x77, 0xff, 0x57, 0xff, 0x16, 0xff, 0xf5, 0xfe, 0xf4, 0xfe,
    0xf3, 0xfe, 0xf3, 0xfe, 0x13, 0xff, 0x55, 0xff, 0x97, 0xff, 0xd9, 0xff,
    0xfb, 0xff, 0xfd, 0xff, 0xfd, 0xff, 0xbc, 0xff, 0x18, 0xf7, 0x74, 0xf6,
    0xcf, 0xed, 0x4c, 0xe5, 0xc9, 0xe4, 0xa9, 0xdc, 0xc9, 0xdc, 0xc9, 0xe4,
    0x0a, 0xe5, 0x4b, 0xe5, 0x8d, 0xe5, 0xcd, 0xed, 0xee, 0xed, 0x0f, 0xee,
    0x2f, 0xee, 0x6f, 0xf6, 0x6f, 0xf6, 0x8f, 0xf6, 0x6e, 0xf6, 0x4d, 0xfe,
    0x2d, 0xfe, 0x2c, 0xfe, 0x0b, 0xfe, 0xeb, 0xfd, 0xcb, 0xf5, 0xaa, 0xf5,
    0x8a, 0xf5, 0x69, 0xed, 0x49, 0xed, 0x29, 0xed, 0x08, 0xe5, 0x09, 0xe5,
    0xe8, 0xdc, 0xc8, 0xdc, 0xc8, 0xd4, 0xa8, 0xcc, 0x67, 0xcc, 0x27, 0xcc,
    0x07, 0xcc, 0x06, 0xcc, 0xe6, 0xd3, 0xe6, 0xdb, 0xe6, 0xdb, 0xc6, 0xe3,
    0xc5, 0xe3, 0xc5, 0xdb, 0x85, 0xdb, 0x65, 0xd3, 0x25, 0xd3, 0xe4, 0xc2,
    0xc4, 0xc2, 0xa5, 0xba, 0x84, 0xb2, 0x84, 0xb2, 0x85, 0xba, 0x85, 0xb2,
    0x84, 0xba, 0x64, 0xb2, 0x44, 0xb2, 0x03, 0xaa, 0x03, 0xaa, 0xe3, 0xa1,
    0x68, 0xc3, 0x68, 0xc3, 0x68, 0xc3, 0x68, 0xc3, 0x68, 0xc3, 0x68, 0xc3,
    0x68, 0xc3, 0x88, 0xc3, 0xc9, 0xcb, 0x4a, 0xd4, 0xcc, 0xdc, 0x4d, 0xe5,
    0xcf, 0xed, 0x10, 0xee, 0x10, 0xf6, 0x10, 0xf6, 0xf0, 0xed, 0xcf, 0xed,
    0xaf, 0xed, 0xaf, 0xed, 0x8f, 0xed, 0x8f, 0xed, 0x8f, 0xed, 0x8f, 0xed,
    0x8f, 0xed, 0xb0, 0xed, 0xb0, 0xed, 0xd0, 0xed, 0xf0, 0xf5, 0x11, 0xf6,
    0x11, 0xf6, 0x31, 0xf6, 0x52, 0xf6, 0x72, 0xf6, 0x93, 0xf6, 0xd4, 0xf6,
    0xf5, 0xfe, 0x35, 0xff, 0x75, 0xff, 0x75, 0xff, 0x54, 0xff, 0x12, 0xff,
    0x90, 0xfe, 0xed, 0xfd, 0x4b, 0xf5, 0xca, 0xf4, 0x69, 0xec, 0x49, 0xe4,
    0x29, 0xdc, 0x09, 0xdc, 0x09, 0xdc, 0x08, 0xdc, 0x08, 0xdc, 0x08, 0xdc,
    0xe8, 0xdb, 0xe8, 0xdb, 0xe8, 0xdb, 0xe8, 0xdb, 0xe8, 0xdb, 0xe8, 0xdb,
    0x08, 0xdc, 0x28, 0xdc, 0x48, 0xdc, 0x69, 0xe4, 0x69, 0xe4, 0x89, 0xec,
    0xa9, 0xec, 0xc9, 0xec, 0xc9, 0xec, 0xe9, 0xf4, 0x09, 0xf5, 0x09, 0xf5,
    0x2a, 0xf5, 0x4b, 0xf5, 0x6c, 0xf5, 0x8d, 0xfd, 0xad, 0xfd, 0xce, 0xfd,
    0xcf, 0xfd, 0xcf, 0xf5, 0xf0, 0xf5, 0xf0, 0xfd, 0x10, 0xfe, 0x31, 0xfe,
    0x32, 0xfe, 0x73, 0xfe, 0x73, 0xfe, 0x94, 0xfe, 0x94, 0xfe, 0x94, 0xfe,
    0x93, 0xfe, 0x93, 0xfe, 0x93, 0xfe, 0x93, 0xfe, 0x93, 0xfe, 0xb3, 0xfe,
    0xd4, 0xfe, 0xf5, 0xfe, 0x36, 0xff, 0x57, 0xff, 0x57, 0xff, 0x77, 0xff,
    0x57, 0xff, 0x37, 0xff, 0x16, 0xff, 0xf5, 0xfe, 0xf4, 0xfe, 0xd3, 0xfe,
    0xd3, 0xfe, 0xf3, 0xfe, 0x34, 0xff, 0x55, 0xff, 0x97, 0xff, 0xd9, 0xff,
    0xfb, 0xff, 0xfd, 0xff, 0xfc, 0xff, 0xbb, 0xff, 0x58, 0xff, 0xf4, 0xfe,
    0x91, 0xfe, 0x4e, 0xf6, 0x2d, 0xf6, 0x4e, 0xf6, 0x6e, 0xf6, 0xaf, 0xfe,
    0xd0, 0xfe, 0x11, 0xff, 0x53, 0xff, 0x73, 0xff, 0x94, 0xff, 0xb5, 0xff,
    0xd5, 0xff, 0xd5, 0xff, 0xd5, 0xff, 0xd4, 0xff, 0xb4, 0xff, 0x93, 0xff,
    0x72, 0xff, 0x51, 0xff, 0x51, 0xff, 0x30, 0xff, 0x10, 0xff, 0x10, 0xff,
    0xef, 0xfe, 0xcf, 0xfe, 0xcf, 0xfe, 0xce, 0xfe, 0xae, 0xfe, 0xae, 0xfe,
    0x8e, 0xfe, 0x6d, 0xfe, 0x6d, 0xfe, 0x4d, 0xfe, 0x2c, 0xfe, 0x0b, 0xfe,
    0xeb, 0xfd, 0xaa, 0xfd, 0x89, 0xf5, 0x49, 0xf5, 0x29, 0xf5, 0x08, 0xed,
    0x08, 0xf5, 0xe8, 0xec, 0xe8, 0xf4, 0xc8, 0xec, 0xc8, 0xec, 0xa8, 0xec,
    0xa7, 0xe4, 0x87, 0xe4, 0x68, 0xe4, 0x47, 0xdc, 0x47, 0xdc, 0x27, 0xdc,
    0x06, 0xdc, 0xe6, 0xd3, 0xa6, 0xd3, 0x86, 0xd3, 0x85, 0xcb, 0x85, 0xcb,
    0x67, 0xbb, 0x68, 0xbb, 0x67, 0xbb, 0x48, 0xbb, 0x48, 0xbb, 0x48, 0xbb,
    0x28, 0xbb, 0x27, 0xb3, 0x48, 0xb3, 0x69, 0xbb, 0xca, 0xc3, 0x2b, 0xcc,
    0x8c, 0xd4, 0xed, 0xdc, 0x4e, 0xe5, 0x6f, 0xe5, 0x8f, 0xed, 0xb0, 0xed,
    0xd0, 0xed, 0xf0, 0xed, 0x10, 0xee, 0x31, 0xee, 0x51, 0xf6, 0x71, 0xf6,
    0x91, 0xf6, 0xb2, 0xf6, 0xd3, 0xfe, 0xf3, 0xfe, 0x13, 0xff, 0x33, 0xff,
    0x34, 0xff, 0x34, 0xff, 0x54, 0xff, 0x54, 0xff, 0x75, 0xff, 0x95, 0xff,
    0x96, 0xff, 0x96, 0xff, 0x95, 0xff, 0x74, 0xff, 0x12, 0xff, 0xb0, 0xfe,
    0x0e, 0xfe, 0x6c, 0xf5, 0xeb, 0xec, 0x69, 0xe4, 0x49, 0xe4, 0x29, 0xdc,
    0x29, 0xdc, 0x49, 0xdc, 0x49, 0xdc, 0x29, 0xdc, 0x29, 0xe4, 0x28, 0xdc,
    0x08, 0xdc, 0x08, 0xdc, 0xe7, 0xdb, 0xc7, 0xdb, 0xa6, 0xd3, 0xc7, 0xdb,
    0xe7, 0xdb, 0x08, 0xdc, 0x28, 0xdc, 0x48, 0xe4, 0x48, 0xe4, 0x68, 0xe4,
    0x88, 0xec, 0x88, 0xec, 0xc9, 0xec, 0xe9, 0xf4, 0x0a, 0xf5, 0x2a, 0xf5,
    0x4a, 0xfd, 0x6b, 0xfd, 0x8b, 0xf5, 0x8c, 0xfd, 0xad, 0xfd, 0xad, 0xfd,
    0xcd, 0xfd, 0xce, 0xf5, 0xce, 0xfd, 0xef, 0xfd, 0xf0, 0xfd, 0x10, 0xfe,
    0x11, 0xfe, 0x32, 0xfe, 0x53, 0xfe, 0x73, 0xfe, 0x94, 0xfe, 0x94, 0xfe,
    0x94, 0xfe, 0x94, 0xfe, 0x94, 0xfe, 0x93, 0xfe, 0x93, 0xfe, 0xb3, 0xfe,
    0xd4, 0xfe, 0xd4, 0xfe, 0xf5, 0xfe, 0x15, 0xff, 0x16, 0xff, 0x16, 0xff,
    0x16, 0xff, 0xf5, 0xfe, 0xf5, 0xfe, 0xd4, 0xfe, 0xd3, 0xfe, 0xb2, 0xfe,
    0xb2, 0xfe, 0xd2, 0xfe, 0x13, 0xff, 0x54, 0xff, 0x96, 0xff, 0xd9, 0xff,
    0xfb, 0xff, 0xfc, 0xff, 0xfb, 0xff, 0x99, 0xff, 0x35, 0xff, 0x91, 0xfe,
    0x0d, 0xfe, 0xca, 0xfd, 0xa9, 0xfd, 0xc9, 0xfd, 0xca, 0xfd, 0xeb, 0xfd,
    0x0b, 0xfe, 0x2c, 0xfe, 0x4d, 0xfe, 0x6d, 0xfe, 0x6e, 0xfe, 0x8e, 0xfe,
    0x8f, 0xfe, 0xaf, 0xfe, 0xd0, 0xfe, 0xd0, 0xfe, 0xf0, 0xfe, 0xf1, 0xfe,
    0x11, 0xff, 0x11, 0xff, 0x31, 0xff, 0x32, 0xff, 0x32, 0xff, 0x52, 0xff,
    0x52, 0xff, 0x52, 0xff, 0x72, 0xff, 0x72, 0xff, 0x72, 0xff, 0x51, 0xff,
    0x51, 0xff, 0x31, 0xff, 0x10, 0xff, 0xef, 0xfe, 0xce, 0xfe, 0x8d, 0xfe,
    0x4c, 0xfe, 0x2b, 0xfe, 0xeb, 0xfd, 0xaa, 0xfd, 0xaa, 0xfd, 0x8a, 0xf5,
    0x69, 0xf5, 0x4a, 0xf5, 0x69, 0xf5, 0x49, 0xf5, 0x49, 0xf5, 0x49, 0xf5,
    0x29, 0xf5, 0x28, 0xf5, 0x28, 0xed, 0xe8, 0xec, 0xe8, 0xec, 0xc8, 0xec,
    0xc8, 0xec, 0xa8, 0xec, 0xa8, 0xe4, 0x87, 0xe4, 0x88, 0xe4, 0x88, 0xe4,
    0x09, 0xcc, 0x29, 0xcc, 0x09, 0xcc, 0x29, 0xcc, 0x09, 0xcc, 0x09, 0xcc,
    0xe9, 0xcb, 0xc9, 0xc3, 0xe9, 0xc3, 0x2a, 0xcc, 0x6b, 0xcc, 0xed, 0xd4,
    0x6e, 0xe5, 0xef, 0xe5, 0x31, 0xee, 0x91, 0xf6, 0xb2, 0xf6, 0xd2, 0xf6,
    0xf2, 0xf6, 0xf3, 0xf6, 0xf2, 0xf6, 0x13, 0xf7, 0x33, 0xf7, 0x33, 0xf7,
    0x33, 0xff, 0x33, 0xff, 0x33, 0xff, 0x33, 0xff, 0x32, 0xff, 0x12, 0xf7,
    0xf2, 0xfe, 0xf2, 0xfe, 0xf1, 0xfe, 0xd1, 0xfe, 0xd1, 0xfe, 0xf1, 0xfe,
    0xf0, 0xfe, 0xd0, 0xfe, 0xaf, 0xfe, 0x6f, 0xfe, 0x2d, 0xfe, 0xac, 0xf5,
    0x4b, 0xf5, 0xca, 0xec, 0x8a, 0xe4, 0x4a, 0xdc, 0x2a, 0xdc, 0x2a, 0xdc,
    0x4a, 0xdc, 0x6a, 0xe4, 0x6a, 0xe4, 0x6a, 0xe4, 0x69, 0xe4, 0x69, 0xe4,
    0x48, 0xe4, 0x08, 0xe4, 0xe7, 0xdb, 0xc7, 0xdb, 0xa6, 0xd3, 0xa7, 0xd3,
    0xe7, 0xdb, 0x08, 0xdc, 0x28, 0xe4, 0x48, 0xe4, 0x48, 0xe4, 0x48, 0xe4,
    0x28, 0xe4, 0x27, 0xe4, 0x47, 0xe4, 0x48, 0xe4, 0x68, 0xe4, 0x68, 0xec,
    0x89, 0xec, 0xa9, 0xec, 0xa9, 0xec, 0xea, 0xf4, 0x0b, 0xf5, 0x2b, 0xf5,
    0x6c, 0xf5, 0x8d, 0xf5, 0xae, 0xfd, 0xce, 0xfd, 0xf0, 0xfd, 0x11, 0xfe,
    0x31, 0xfe, 0x32, 0xfe, 0x52, 0xfe, 0x52, 0xfe, 0x52, 0xfe, 0x73, 0xfe,
    0x93, 0xfe, 0x94, 0xfe, 0xb4, 0xfe, 0xb4, 0xfe, 0xb4, 0xfe, 0xb4, 0xfe,
    0xd4, 0xfe, 0xd4, 0xfe, 0xf5, 0xfe, 0xf5, 0xfe, 0xf5, 0xfe, 0xf5, 0xfe,
    0xd5, 0xfe, 0xb4, 0xfe, 0x93, 0xfe, 0x72, 0xfe, 0x50, 0xfe, 0x2f, 0xfe,
    0x2e, 0xfe, 0x4f, 0xfe, 0xb0, 0xfe, 0xf2, 0xfe, 0x75, 0xff, 0xd8, 0xff,
    0xfa, 0xff, 0xfc, 0xff, 0xfc, 0xff, 0xba, 0xff, 0x36, 0xff, 0x91, 0xfe,
    0xed, 0xfd, 0x69, 0xfd, 0x06, 0xfd, 0xe4, 0xfc, 0xc4, 0xfc, 0xc3, 0xfc,
    0xc4, 0xfc, 0xc5, 0xfc, 0xe5, 0xfc, 0xe5, 0xfc, 0xe6, 0xf4, 0xe6, 0xfc,
    0xe6, 0xf4, 0x07, 0xf5, 0x07, 0xfd, 0x27, 0xf5, 0x48, 0xf5, 0x48, 0xf5,
    0x69, 0xf5, 0x8a, 0xf5, 0xaa, 0xf5, 0xaa, 0xfd, 0xcb, 0xf5, 0xcb, 0xf5,
    0xec, 0xfd, 0x0c, 0xfe, 0x0c, 0xf6, 0x0d, 0xf6, 0x0c, 0xf6, 0x0d, 0xf6,
    0x0c, 0xf6, 0xec, 0xfd, 0xeb, 0xf5, 0xcb, 0xf5, 0xaa, 0xf5, 0x8a, 0xf5,
    0x69, 0xf5, 0x69, 0xf5, 0x69, 0xfd, 0x49, 0xf5, 0x29, 0xf5, 0x29, 0xf5,
    0x08, 0xf5, 0xe8, 0xec, 0xc9, 0xec, 0xc8, 0xec, 0xc8, 0xe4, 0xa8, 0xe4,
    0xc9, 0xe4, 0xc9, 0xe4, 0xc9, 0xe4, 0xc9, 0xe4, 0xc9, 0xe4, 0xca, 0xe4,
    0xca, 0xe4, 0xea, 0xec, 0xea, 0xec, 0x0a, 0xed, 0x0b, 0xed, 0x0b, 0xed,
    0x09, 0xcc, 0x29, 0xcc, 0x29, 0xd4, 0x29, 0xd4, 0x49, 0xd4, 0x49, 0xcc,
    0x29, 0xcc, 0x29, 0xd4, 0x49, 0xd4, 0xab, 0xd4, 0x0c, 0xdd, 0xae, 0xe5,
    0x2f, 0xee, 0xb0, 0xf6, 0xf1, 0xf6, 0x11, 0xff, 0x31, 0xff, 0x11, 0xff,
    0x11, 0xff, 0xd1, 0xfe, 0xb0, 0xfe, 0xb0, 0xf6, 0x90, 0xf6, 0x8f, 0xf6,
    0x6f, 0xf6, 0x6f, 0xf6, 0x4e, 0xf6, 0x2e, 0xee, 0x2e, 0xf6, 0x0d, 0xf6,
    0x0d, 0xf6, 0xed, 0xf5, 0xec, 0xf5, 0x0c, 0xf6, 0x0c, 0xf6, 0x4c, 0xfe,
    0x4c, 0xfe, 0x4c, 0xfe, 0x2c, 0xfe, 0x0c, 0xfe, 0xab, 0xf5, 0x4a, 0xf5,
    0xca, 0xec, 0x6a, 0xe4, 0x49, 0xdc, 0x09, 0xdc, 0x09, 0xdc, 0x29, 0xdc,
    0x49, 0xdc, 0x6a, 0xe4, 0x8a, 0xe4, 0xaa, 0xe4, 0xaa, 0xe4, 0xaa, 0xe4,
    0x6a, 0xe4, 0x49, 0xe4, 0x28, 0xdc, 0xe8, 0xdb, 0xc7, 0xd3, 0xc7, 0xd3,
    0xc7, 0xd3, 0xe7, 0xdb, 0x08, 0xdc, 0x28, 0xdc, 0x08, 0xdc, 0x07, 0xdc,
    0xe7, 0xdb, 0xc6, 0xdb, 0xa6, 0xdb, 0xa6, 0xdb, 0xa6, 0xdb, 0xa6, 0xdb,
    0xa6, 0xdb, 0xc6, 0xe3, 0x07, 0xe4, 0x48, 0xec, 0x89, 0xec, 0xca, 0xec,
    0x0a, 0xf5, 0x2b, 0xf5, 0x4c, 0xf5, 0x8d, 0xf5, 0xae, 0xf5, 0xcf, 0xfd,
    0x0f, 0xfe, 0x10, 0xfe, 0x10, 0xfe, 0x30, 0xfe, 0x31, 0xfe, 0x52, 0xfe,
    0x72, 0xfe, 0x93, 0xfe, 0x94, 0xfe, 0xb4, 0xfe, 0xd5, 0xfe, 0xd5, 0xfe,
    0xf5, 0xfe, 0xf5, 0xfe, 0xf5, 0xfe, 0xd5, 0xfe, 0xd5, 0xfe, 0xb4, 0xfe,
    0x93, 0xfe, 0x51, 0xfe, 0x10, 0xfe, 0xee, 0xfd, 0xad, 0xfd, 0xac, 0xfd,
    0xcc, 0xfd, 0x0c, 0xfe, 0x6e, 0xfe, 0xd1, 0xfe, 0x54, 0xff, 0xb7, 0xff,
    0xfa, 0xff, 0xfc, 0xff, 0xfd, 0xff, 0xdc, 0xff, 0x79, 0xff, 0xd5, 0xfe,
    0x30, 0xf6, 0x6b, 0xf5, 0xe7, 0xf4, 0x64, 0xf4, 0x02, 0xf4, 0x01, 0xf4,
    0x01, 0xf4, 0x22, 0xf4, 0x23, 0xf4, 0x23, 0xf4, 0x23, 0xf4, 0x22, 0xf4,
    0x22, 0xf4, 0x23, 0xf4, 0x22, 0xf4, 0x22, 0xf4, 0x23, 0xf4, 0x22, 0xf4,
    0x43, 0xf4, 0x23, 0xf4, 0x43, 0xf4, 0x43, 0xf4, 0x43, 0xf4, 0x64, 0xf4,
    0x64, 0xf4, 0x64, 0xf4, 0x64, 0xf4, 0x65, 0xf4, 0x65, 0xf4, 0x65, 0xf4,
    0x65, 0xf4, 0x65, 0xf4, 0x65, 0xf4, 0x65, 0xf4, 0x85, 0xf4, 0x85, 0xf4,
    0x85, 0xf4, 0xa5, 0xf4, 0xa6, 0xf4, 0xa6, 0xf4, 0xa7, 0xec, 0xa7, 0xec,
    0x88, 0xec, 0x89, 0xe4, 0x89, 0xe4, 0x8a, 0xe4, 0x8a, 0xe4, 0x8a, 0xe4,
    0xaa, 0xe4, 0xab, 0xe4, 0xab, 0xe4, 0xcb, 0xe4, 0xcb, 0xe4, 0xeb, 0xe4,
    0xeb, 0xe4, 0xec, 0xe4, 0xec, 0xe4, 0xec, 0xe4, 0xec, 0xe4, 0xec, 0xe4,
    0x66, 0xc3, 0x66, 0xc3, 0x66, 0xc3, 0x66, 0xc3, 0x66, 0xbb, 0x66, 0xc3,
    0x66, 0xbb, 0x66, 0xbb, 0x86, 0xbb, 0xa7, 0xc3, 0x28, 0xcc, 0xaa, 0xd4,
    0x2b, 0xdd, 0x8c, 0xe5, 0xcd, 0xed, 0x0c, 0xee, 0x0c, 0xee, 0xec, 0xf5,
    0xcc, 0xed, 0xab, 0xed, 0x8a, 0xf5, 0x8a, 0xf5, 0x8a, 0xf5, 0x8a, 0xf5,
    0xaa, 0xf5, 0xaa, 0xf5, 0xab, 0xf5, 0xcb, 0xf5, 0xcb, 0xf5, 0xeb, 0xf5,
    0x0c, 0xfe, 0x2c, 0xfe, 0x2d, 0xfe, 0x6d, 0xfe, 0x8e, 0xfe, 0xcf, 0xfe,
    0x10, 0xff, 0x10, 0xff, 0xcf, 0xfe, 0x6e, 0xfe, 0x0d, 0xfe, 0x4b, 0xf5,
    0xca, 0xe4, 0x49, 0xdc, 0x09, 0xdc, 0xc8, 0xd3, 0xc8, 0xd3, 0xe8, 0xd3,
    0x08, 0xdc, 0x29, 0xdc, 0x69, 0xe4, 0x6a, 0xe4, 0x8a, 0xe4, 0xab, 0xec,
    0xab, 0xe4, 0xab, 0xe4, 0x6a, 0xe4, 0x49, 0xdc, 0x09, 0xdc, 0xc7, 0xd3,
    0xa7, 0xd3, 0x66, 0xcb, 0x66, 0xcb, 0x86, 0xd3, 0x86, 0xd3, 0xa6, 0xd3,
    0xc6, 0xdb, 0xc7, 0xdb, 0xa6, 0xdb, 0xa6, 0xdb, 0xa6, 0xdb, 0xc6, 0xdb,
    0xe6, 0xe3, 0x27, 0xe4, 0x67, 0xec, 0x88, 0xec, 0xa9, 0xf4, 0xe9, 0xf4,
    0xe9, 0xf4, 0x09, 0xf5, 0x0a, 0xf5, 0x2a, 0xf5, 0x4b, 0xf5, 0x6c, 0xf5,
    0x8d, 0xf5, 0xae, 0xf5, 0xcf, 0xfd, 0x0f, 0xfe, 0x30, 0xfe, 0x51, 0xfe,
    0x72, 0xfe, 0x93, 0xfe, 0xb4, 0xfe, 0xd5, 0xfe, 0xf5, 0xfe, 0xf5, 0xfe,
    0x16, 0xff, 0x15, 0xff, 0xd5, 0xfe, 0xb4, 0xfe, 0x72, 0xfe, 0x31, 0xfe,
    0xef, 0xfd, 0xcd, 0xfd, 0xac, 0xfd, 0x8b, 0xfd, 0x8b, 0xfd, 0xcb, 0xfd,
    0x0c, 0xfe, 0x6d, 0xfe, 0xaf, 0xfe, 0x11, 0xff, 0x74, 0xff, 0xb6, 0xff,
    0xf9, 0xff, 0xfb, 0xff, 0xfc, 0xff, 0xdb, 0xff, 0x59, 0xff, 0xb5, 0xf6,
    0xf0, 0xe5, 0x2c, 0xdd, 0x68, 0xd4, 0xe5, 0xd3, 0xa4, 0xcb, 0x83, 0xcb,
    0xa4, 0xd3, 0xc4, 0xd3, 0xe4, 0xd3, 0xe5, 0xdb, 0xe4, 0xdb, 0xe4, 0xdb,
    0xe3, 0xdb, 0xe3, 0xdb, 0xe3, 0xdb, 0xe3, 0xdb, 0xc3, 0xe3, 0xe3, 0xe3,
    0xe3, 0xe3, 0xe2, 0xe3, 0xe2, 0xe3, 0xe3, 0xeb, 0xe3, 0xeb, 0x03, 0xec,
    0x03, 0xec, 0xe3, 0xeb, 0x03, 0xec, 0x03, 0xec, 0x03, 0xec, 0x02, 0xec,
    0x03, 0xf4, 0x23, 0xf4, 0x23, 0xf4, 0x23, 0xf4, 0x23, 0xf4, 0x23, 0xf4,
    0x23, 0xf4, 0x23, 0xf4, 0x03, 0xf4, 0x24, 0xec, 0x25, 0xec, 0x46, 0xec,
    0x69, 0xe4, 0x8a, 0xe4, 0xcc, 0xe4, 0xec, 0xe4, 0x0d, 0xed, 0x0d, 0xed,
    0x0c, 0xed, 0x0c, 0xed, 0x0c, 0xed, 0xeb, 0xec, 0xeb, 0xec, 0xeb, 0xec,
    0xcb, 0xe4, 0xaa, 0xdc, 0x8a, 0xdc, 0x6a, 0xd4, 0x69, 0xd4, 0x49, 0xd4,
    0xa7, 0xcb, 0xa7, 0xcb, 0xa7, 0xcb, 0xa7, 0xcb, 0x87, 0xc3, 0x66, 0xc3,
    0x66, 0xc3, 0x46, 0xc3, 0x46, 0xc3, 0x66, 0xc3, 0xa7, 0xc3, 0xe7, 0xd3,
    0x47, 0xd4, 0xa8, 0xe4, 0x09, 0xe5, 0x4a, 0xed, 0x8a, 0xf5, 0x8a, 0xf5,
    0xaa, 0xf5, 0xab, 0xf5, 0xab, 0xf5, 0xab, 0xf5, 0xcb, 0xf5, 0xec, 0xfd,
    0x0d, 0xfe, 0x2d, 0xfe, 0x4e, 0xfe, 0x8e, 0xfe, 0xaf, 0xfe, 0xd0, 0xfe,
    0xf1, 0xfe, 0x11, 0xff, 0x32, 0xff, 0x52, 0xff, 0x93, 0xff, 0xb3, 0xff,
    0xb3, 0xff, 0x93, 0xff, 0x32, 0xff, 0x8f, 0xfe, 0xcd, 0xf5, 0x0b, 0xed,
    0x69, 0xe4, 0xe8, 0xdb, 0xa8, 0xd3, 0x87, 0xd3, 0x67, 0xd3, 0x87, 0xd3,
    0xa7, 0xd3, 0xc7, 0xd3, 0x08, 0xdc, 0x28, 0xdc, 0x49, 0xe4, 0x8a, 0xe4,
    0xab, 0xe4, 0xac, 0xe4, 0xac, 0xe4, 0x8b, 0xe4, 0x4b, 0xdc, 0x09, 0xdc,
    0xa8, 0xd3, 0x46, 0xcb, 0x05, 0xc3, 0x05, 0xc3, 0x25, 0xcb, 0x66, 0xcb,
    0xa6, 0xd3, 0xc7, 0xdb, 0xe7, 0xdb, 0x07, 0xdc, 0x27, 0xe4, 0x48, 0xe4,
    0x68, 0xec, 0xa9, 0xec, 0xc9, 0xf4, 0xe9, 0xf4, 0x09, 0xf5, 0x29, 0xfd,
    0x2a, 0xfd, 0x4a, 0xfd, 0x4a, 0xfd, 0x4a, 0xfd, 0x6a, 0xfd, 0x6b, 0xfd,
    0x8b, 0xfd, 0x8c, 0xfd, 0xad, 0xf5, 0xcf, 0xfd, 0xf0, 0xf5, 0x31, 0xfe,
    0x52, 0xfe, 0x93, 0xfe, 0xb4, 0xfe, 0xd4, 0xfe, 0xf5, 0xfe, 0xf5, 0xfe,
    0xf5, 0xfe, 0xb4, 0xfe, 0x92, 0xfe, 0x51, 0xfe, 0xef, 0xfd, 0xcd, 0xfd,
    0x8b, 0xfd, 0x6a, 0xfd, 0x49, 0xfd, 0x89, 0xfd, 0xca, 0xfd, 0x0c, 0xfe,
    0x8d, 0xfe, 0xf0, 0xfe, 0x32, 0xff, 0x53, 0xff, 0x75, 0xff, 0xb7, 0xff,
    0xf9, 0xff, 0xfb, 0xff, 0xfb, 0xff, 0xba, 0xff, 0xf6, 0xf6, 0x12, 0xe6,
    0x2e, 0xcd, 0x6b, 0xc4, 0xe8, 0xb3, 0x87, 0xab, 0x67, 0xab, 0x66, 0xab,
    0x67, 0xab, 0xa7, 0xab, 0xa7, 0xb3, 0xc8, 0xb3, 0xc7, 0xb3, 0xa7, 0xb3,
    0xa7, 0xb3, 0xa7, 0xb3, 0xa7, 0xb3, 0xa7, 0xb3, 0x86, 0xb3, 0x86, 0xbb,
    0x86, 0xbb, 0xa6, 0xbb, 0x85, 0xbb, 0x85, 0xbb, 0x85, 0xbb, 0xa5, 0xc3,
    0xa5, 0xc3, 0xa4, 0xc3, 0xa4, 0xcb, 0xa5, 0xcb, 0xa4, 0xcb, 0xc4, 0xcb,
    0xc4, 0xd3, 0xc4, 0xd3, 0xc4, 0xd3, 0xc4, 0xd3, 0xc4, 0xdb, 0xc4, 0xdb,
    0xc3, 0xdb, 0xa3, 0xdb, 0xa3, 0xdb, 0x83, 0xdb, 0xa4, 0xdb, 0xc5, 0xdb,
    0x07, 0xdc, 0x49, 0xdc, 0x6a, 0xd4, 0x6b, 0xd4, 0x8b, 0xd4, 0x6a, 0xcc,
    0x4a, 0xcc, 0x2a, 0xcc, 0x09, 0xc4, 0xe9, 0xc3, 0xc8, 0xbb, 0xc8, 0xbb,
    0xa8, 0xb3, 0x88, 0xb3, 0x88, 0xb3, 0x67, 0xab, 0x67, 0xab, 0x67, 0xab,
    0xab, 0xe4, 0xab, 0xe4, 0xab, 0xe4, 0x8a, 0xe4, 0x8a, 0xe4, 0x6a, 0xdc,
    0x4a, 0xdc, 0x4a, 0xdc, 0x29, 0xdc, 0x29, 0xdc, 0x49, 0xdc, 0x69, 0xdc,
    0xca, 0xe4, 0x4a, 0xed, 0xac, 0xf5, 0x2d, 0xfe, 0x6e, 0xfe, 0xaf, 0xfe,
    0xaf, 0xfe, 0xd0, 0xfe, 0xd0, 0xfe, 0xf1, 0xfe, 0x11, 0xff, 0x12, 0xff,
    0x32, 0xff, 0x53, 0xff, 0x53, 0xff, 0x74, 0xff, 0x74, 0xff, 0x94, 0xff,
    0x94, 0xff, 0x94, 0xff, 0xb4, 0xff, 0x93, 0xff, 0x93, 0xff, 0x73, 0xff,
    0x12, 0xff, 0xb0, 0xfe, 0x0e, 0xf6, 0x6c, 0xed, 0xaa, 0xe4, 0x08, 0xdc,
    0x87, 0xd3, 0x46, 0xcb, 0x05, 0xcb, 0x05, 0xc3, 0xe5, 0xc2, 0x06, 0xcb,
    0x46, 0xcb, 0x66, 0xd3, 0xa7, 0xd3, 0xc8, 0xd3, 0xe8, 0xdb, 0x29, 0xdc,
    0x2a, 0xdc, 0x4a, 0xe4, 0x6b, 0xe4, 0x6b, 0xdc, 0x6b, 0xdc, 0x2a, 0xdc,
    0xe9, 0xd3, 0x67, 0xcb, 0x26, 0xcb, 0xe5, 0xc2, 0xe5, 0xc2, 0x05, 0xcb,
    0x46, 0xcb, 0x87, 0xd3, 0xe8, 0xdb, 0x28, 0xe4, 0x48, 0xe4, 0x88, 0xec,
    0x88, 0xec, 0xa8, 0xec, 0xa8, 0xf4, 0xc9, 0xf4, 0xe9, 0xf4, 0x29, 0xf5,
    0x4a, 0xfd, 0x6a, 0xfd, 0x8b, 0xfd, 0xcc, 0xfd, 0xed, 0xfd, 0x0d, 0xfe,
    0x0e, 0xfe, 0xee, 0xfd, 0xee, 0xfd, 0xce, 0xf5, 0xcf, 0xf5, 0xf0, 0xf5,
    0x31, 0xfe, 0x52, 0xfe, 0x93, 0xfe, 0x93, 0xfe, 0x93, 0xfe, 0x93, 0xfe,
    0x72, 0xfe, 0x31, 0xfe, 0x10, 0xfe, 0xee, 0xfd, 0xcd, 0xfd, 0xcd, 0xfd,
    0xcc, 0xfd, 0xab, 0xfd, 0xab, 0xfd, 0xcb, 0xfd, 0x0d, 0xfe, 0x6e, 0xfe,
    0xb0, 0xfe, 0x12, 0xff, 0x54, 0xff, 0x75, 0xff, 0x96, 0xff, 0xb7, 0xff,
    0xf9, 0xff, 0xfa, 0xff, 0xda, 0xff, 0x57, 0xf7, 0x74, 0xe6, 0x4f, 0xcd,
    0x6b, 0xbc, 0xa8, 0xab, 0x47, 0xa3, 0x26, 0x9b, 0x47, 0x9b, 0x47, 0x9b,
    0x47, 0x9b, 0x68, 0x9b, 0x88, 0x9b, 0x88, 0x9b, 0x89, 0x9b, 0x68, 0x9b,
    0x68, 0x9b, 0x68, 0x9b, 0x68, 0x9b, 0x48, 0x93, 0x48, 0x93, 0x48, 0x93,
    0x48, 0x93, 0x28, 0x93, 0x28, 0x93, 0x27, 0x93, 0x27, 0x93, 0x27, 0x93,
    0x27, 0x93, 0x27, 0x9b, 0x27, 0x9b, 0x27, 0x9b, 0x47, 0x9b, 0x47, 0xa3,
    0x47, 0xa3, 0x47, 0xa3, 0x46, 0xa3, 0x66, 0xab, 0x46, 0xab, 0x46, 0xb3,
    0x46, 0xb3, 0x45, 0xb3, 0x45, 0xb3, 0x25, 0xb3, 0x45, 0xbb, 0x45, 0xb3,
    0x46, 0xb3, 0x67, 0xb3, 0x67, 0xb3, 0x47, 0xab, 0x67, 0xab, 0x47, 0xa3,
    0x27, 0xa3, 0x27, 0x9b, 0x07, 0x9b, 0x07, 0x9b, 0x07, 0x9b, 0x07, 0x9b,
    0x07, 0x9b, 0x27, 0x9b, 0x28, 0x9b, 0x48, 0xa3, 0x48, 0xa3, 0x68, 0xa3,
    0xcb, 0xe4, 0xcb, 0xe4, 0xcc, 0xe4, 0xcc, 0xe4, 0xcc, 0xe4, 0xac, 0xe4,
    0xab, 0xe4, 0x8b, 0xdc, 0x6b, 0xdc, 0x8b, 0xe4, 0xcb, 0xe4, 0x0c, 0xe5,
    0x8d, 0xed, 0x0f, 0xf6, 0xb0, 0xfe, 0x11, 0xff, 0x72, 0xff, 0x93, 0xff,
    0x93, 0xff, 0x93, 0xff, 0x73, 0xff, 0x73, 0xff, 0x73, 0xff, 0x73, 0xff,
    0x53, 0xff, 0x52, 0xff, 0x52, 0xff, 0x32, 0xff, 0x11, 0xff, 0x11, 0xff,
    0x10, 0xff, 0x10, 0xff, 0xef, 0xfe, 0xaf, 0xfe, 0x6e, 0xfe, 0x0d, 0xf6,
    0x8c, 0xf5, 0xeb, 0xec, 0x69, 0xdc, 0xe8, 0xd3, 0x67, 0xcb, 0x26, 0xc3,
    0xc5, 0xc2, 0xa4, 0xba, 0xa4, 0xba, 0xa4, 0xc2, 0xc4, 0xc2, 0xe5, 0xc2,
    0x26, 0xcb, 0x66, 0xcb, 0xa7, 0xd3, 0xc8, 0xd3, 0xe8, 0xd3, 0xe8, 0xdb,
    0xe8, 0xd3, 0xe8, 0xd3, 0xe8, 0xdb, 0x29, 0xdc, 0x29, 0xdc, 0x49, 0xdc,
    0x29, 0xdc, 0xe8, 0xd3, 0xa7, 0xd3, 0x67, 0xcb, 0x26, 0xc3, 0x06, 0xc3,
    0x05, 0xc3, 0x26, 0xc3, 0x87, 0xcb, 0xc8, 0xdb, 0x08, 0xdc, 0x48, 0xe4,
    0x48, 0xec, 0x48, 0xec, 0x68, 0xec, 0x88, 0xec, 0xa9, 0xec, 0xe9, 0xf4,
    0x2a, 0xf5, 0x8b, 0xfd, 0xad, 0xfd, 0x0e, 0xfe, 0x50, 0xfe, 0x71, 0xfe,
    0x91, 0xfe, 0x71, 0xfe, 0x51, 0xfe, 0x30, 0xfe, 0xf0, 0xfd, 0xf0, 0xf5,
    0xf0, 0xf5, 0xf0, 0xf5, 0xf0, 0xf5, 0xf0, 0xf5, 0xf0, 0xf5, 0xf0, 0xfd,
    0xf0, 0xfd, 0x0f, 0xfe, 0x0f, 0xfe, 0x30, 0xfe, 0x4f, 0xfe, 0x50, 0xfe,
    0x70, 0xfe, 0x90, 0xfe, 0x90, 0xfe, 0xb0, 0xfe, 0x91, 0xfe, 0xb1, 0xfe,
    0xd2, 0xfe, 0xf3, 0xfe, 0x13, 0xff, 0x34, 0xff, 0x54, 0xff, 0x75, 0xff,
    0x76, 0xff, 0x76, 0xff, 0x15, 0xf7, 0x53, 0xe6, 0x4f, 0xcd, 0x4b, 0xb4,
    0x67, 0xa3, 0xe5, 0x92, 0xc5, 0x92, 0xc5, 0x92, 0x05, 0x9b, 0x26, 0x9b,
    0x26, 0x9b, 0x46, 0xa3, 0x46, 0xa3, 0x47, 0xa3, 0x47, 0xa3, 0x47, 0x9b,
    0x47, 0x9b, 0x47, 0x9b, 0x47, 0x9b, 0x27, 0x93, 0x47, 0x93, 0x48, 0x93,
    0x28, 0x93, 0x28, 0x8b, 0x28, 0x8b, 0x48, 0x8b, 0x28, 0x8b, 0x28, 0x8b,
    0x28, 0x8b, 0x28, 0x8b, 0x28, 0x8b, 0x28, 0x8b, 0x29, 0x8b, 0x28, 0x8b,
    0x49, 0x8b, 0x28, 0x8b, 0x48, 0x8b, 0x48, 0x93, 0x48, 0x93, 0x48, 0x93,
    0x48, 0x93, 0x28, 0x93, 0x28, 0x93, 0x08, 0x93, 0x07, 0x93, 0x07, 0x93,
    0x07, 0x93, 0x07, 0x9b, 0x27, 0x9b, 0x27, 0x9b, 0x48, 0xa3, 0x68, 0xa3,
    0x68, 0xab, 0x88, 0xab, 0xa9, 0xb3, 0xc9, 0xb3, 0xe9, 0xb3, 0x0a, 0xbc,
    0x0a, 0xc4, 0x4a, 0xc4, 0x6b, 0xcc, 0x6b, 0xd4, 0x8b, 0xd4, 0xab, 0xd4,
    0xa7, 0xcb, 0xa7, 0xcb, 0xc8, 0xcb, 0xc8, 0xd3, 0xe8, 0xcb, 0xc8, 0xd3,
    0xc8, 0xcb, 0xc8, 0xd3, 0xc8, 0xd3, 0xe9, 0xd3, 0x4a, 0xdc, 0xab, 0xe4,
    0x4c, 0xed, 0xee, 0xf5, 0x6f, 0xf6, 0xd1, 0xfe, 0x11, 0xff, 0x31, 0xff,
    0x10, 0xff, 0xcf, 0xfe, 0x8f, 0xfe, 0x8e, 0xfe, 0x6e, 0xfe, 0x6d, 0xfe,
    0x4d, 0xfe, 0x4d, 0xfe, 0x2c, 0xfe, 0x2c, 0xfe, 0x4c, 0xfe, 0x2b, 0xfe,
    0x2b, 0xfe, 0x0b, 0xfe, 0xca, 0xfd, 0x8a, 0xf5, 0x09, 0xed, 0x89, 0xe4,
    0x08, 0xdc, 0xa7, 0xd3, 0x47, 0xcb, 0x46, 0xcb, 0x26, 0xcb, 0x26, 0xcb,
    0x25, 0xc3, 0x05, 0xc3, 0x25, 0xc3, 0x46, 0xcb, 0x87, 0xcb, 0xc8, 0xd3,
    0x09, 0xdc, 0x29, 0xdc, 0x49, 0xdc, 0x49, 0xdc, 0x28, 0xe4, 0x08, 0xdc,
    0x08, 0xdc, 0x08, 0xdc, 0x28, 0xdc, 0x69, 0xe4, 0xcb, 0xe4, 0xeb, 0xec,
    0x0c, 0xed, 0x0c, 0xed, 0xeb, 0xe4, 0x8a, 0xe4, 0x29, 0xdc, 0xe8, 0xd3,
    0xa7, 0xcb, 0x87, 0xcb, 0x87, 0xcb, 0xc8, 0xcb, 0xe9, 0xd3, 0x4a, 0xdc,
    0x6a, 0xe4, 0xab, 0xe4, 0xcb, 0xec, 0x0c, 0xf5, 0x2c, 0xf5, 0x6d, 0xfd,
    0xae, 0xfd, 0xef, 0xfd, 0x0f, 0xfe, 0x51, 0xfe, 0x92, 0xfe, 0xd2, 0xfe,
    0xd3, 0xfe, 0xd4, 0xfe, 0xb3, 0xfe, 0x72, 0xfe, 0x31, 0xfe, 0xd0, 0xf5,
    0x8f, 0xed, 0x4e, 0xed, 0x2e, 0xed, 0x2e, 0xed, 0x4e, 0xed, 0x8f, 0xf5,
    0xd0, 0xf5, 0x31, 0xfe, 0x71, 0xfe, 0x92, 0xfe, 0xd2, 0xfe, 0xd3, 0xfe,
    0xd3, 0xfe, 0xf3, 0xfe, 0x14, 0xff, 0x14, 0xff, 0x14, 0xff, 0xf3, 0xfe,
    0xb2, 0xfe, 0xb2, 0xfe, 0xd2, 0xfe, 0xf3, 0xfe, 0x13, 0xff, 0xf3, 0xfe,
    0x92, 0xf6, 0xf0, 0xe5, 0x2e, 0xd5, 0x4b, 0xbc, 0x68, 0xab, 0xc5, 0x9a,
    0x44, 0x8a, 0x23, 0x8a, 0x23, 0x82, 0x63, 0x8a, 0x84, 0x8a, 0xa5, 0x92,
    0xc5, 0x92, 0xc5, 0x92, 0xe5, 0x92, 0xe5, 0x92, 0xe5, 0x92, 0xe6, 0x92,
    0xe6, 0x92, 0xe6, 0x92, 0x06, 0x93, 0x06, 0x93, 0x06, 0x93, 0x07, 0x93,
    0x27, 0x8b, 0x27, 0x8b, 0x27, 0x8b, 0x07, 0x8b, 0x08, 0x83, 0x08, 0x83,
    0x08, 0x83, 0x08, 0x83, 0x08, 0x83, 0x28, 0x83, 0x28, 0x83, 0x28, 0x83,
    0x28, 0x8b, 0x48, 0x8b, 0x48, 0x93, 0x49, 0x93, 0x48, 0x8b, 0x48, 0x8b,
    0x29, 0x8b, 0x28, 0x83, 0x29, 0x83, 0x29, 0x83, 0x49, 0x8b, 0x69, 0x9b,
    0xa9, 0xab, 0xea, 0xb3, 0x0a, 0xc4, 0x4a, 0xcc, 0x6a, 0xcc, 0x6b, 0xd4,
    0xab, 0xd4, 0xcb, 0xdc, 0xcb, 0xdc, 0xec, 0xe4, 0x0c, 0xe5, 0x2c, 0xed,
    0x2d, 0xed, 0x4d, 0xed, 0x4d, 0xed, 0x4d, 0xed, 0x6d, 0xed, 0x4d, 0xed,
    0x83, 0xba, 0xa3, 0xba, 0xa4, 0xba, 0xa4, 0xba, 0xc4, 0xba, 0xc4, 0xc2,
    0xc4, 0xc2, 0xc4, 0xc2, 0xe4, 0xc2, 0x25, 0xc3, 0x66, 0xcb, 0xe7, 0xd3,
    0x68, 0xdc, 0xea, 0xe4, 0x6b, 0xed, 0xcb, 0xf5, 0x0c, 0xfe, 0x0b, 0xfe,
    0xeb, 0xfd, 0xca, 0xf5, 0xaa, 0xf5, 0xaa, 0xf5, 0xaa, 0xfd, 0xca, 0xf5,
    0xe9, 0xf5, 0xea, 0xfd, 0x0a, 0xfe, 0x4a, 0xfe, 0x6a, 0xfe, 0x8b, 0xfe,
    0x4b, 0xfe, 0x2a, 0xfe, 0xaa, 0xf5, 0x09, 0xed, 0x68, 0xe4, 0xc7, 0xd3,
    0x47, 0xcb, 0x06, 0xcb, 0x06, 0xc3, 0x06, 0xc3, 0x46, 0xcb, 0x87, 0xcb,
    0x87, 0xd3, 0xa7, 0xd3, 0xc7, 0xd3, 0x08, 0xd4, 0x6a, 0xdc, 0xcb, 0xe4,
    0xeb, 0xec, 0xeb, 0xec, 0xaa, 0xe4, 0x68, 0xe4, 0x28, 0xe4, 0x27, 0xe4,
    0x48, 0xe4, 0x89, 0xe4, 0xeb, 0xec, 0x2c, 0xed, 0x6d, 0xf5, 0xae, 0xf5,
    0xce, 0xfd, 0xce, 0xfd, 0xad, 0xf5, 0x6d, 0xf5, 0x4c, 0xed, 0x0b, 0xed,
    0xaa, 0xe4, 0x6a, 0xdc, 0x49, 0xdc, 0x2a, 0xd4, 0x4a, 0xd4, 0x6b, 0xdc,
    0xcd, 0xe4, 0x0e, 0xe5, 0x6f, 0xed, 0xb0, 0xf5, 0xd0, 0xf5, 0xf0, 0xfd,
    0x31, 0xfe, 0x51, 0xfe, 0x72, 0xfe, 0x92, 0xfe, 0xb2, 0xfe, 0xd3, 0xfe,
    0xd4, 0xfe, 0xd4, 0xfe, 0xd4, 0xfe, 0xb4, 0xfe, 0x32, 0xf6, 0xb0, 0xf5,
    0x0e, 0xe5, 0xac, 0xe4, 0x8b, 0xe4, 0xac, 0xe4, 0x0d, 0xe5, 0x8f, 0xed,
    0xf0, 0xf5, 0x72, 0xfe, 0x93, 0xfe, 0xd4, 0xfe, 0xf4, 0xfe, 0x14, 0xff,
    0x15, 0xff, 0x36, 0xff, 0x57, 0xff, 0x57, 0xff, 0x57, 0xff, 0x15, 0xff,
    0xd4, 0xfe, 0xd3, 0xfe, 0xf3, 0xfe, 0x34, 0xff, 0x35, 0xff, 0xd4, 0xfe,
    0x11, 0xee, 0xed, 0xdc, 0xc8, 0xc3, 0xe4, 0xb2, 0x42, 0xa2, 0x01, 0x9a,
    0xe1, 0x99, 0xe2, 0x91, 0x02, 0x92, 0x02, 0x92, 0x23, 0x92, 0x23, 0x92,
    0x43, 0x92, 0x43, 0x92, 0x43, 0x8a, 0x43, 0x8a, 0x23, 0x8a, 0x44, 0x8a,
    0x64, 0x82, 0x64, 0x82, 0x64, 0x8a, 0x85, 0x82, 0x85, 0x8a, 0x85, 0x8a,
    0xa6, 0x82, 0xa6, 0x82, 0xa6, 0x82, 0xa6, 0x82, 0xa6, 0x7a, 0xc6, 0x7a,
    0xc6, 0x7a, 0xc6, 0x7a, 0xc6, 0x7a, 0xc7, 0x7a, 0xc7, 0x7a, 0xc7, 0x82,
    0xc7, 0x82, 0x07, 0x8b, 0x07, 0x8b, 0x07, 0x8b, 0x07, 0x8b, 0x07, 0x8b,
    0xe7, 0x82, 0xe7, 0x82, 0x08, 0x83, 0x48, 0x8b, 0x89, 0xa3, 0x0b, 0xb4,
    0x8b, 0xcc, 0xec, 0xe4, 0x2d, 0xf5, 0x4d, 0xf5, 0x4c, 0xf5, 0x2c, 0xed,
    0x0c, 0xed, 0x0c, 0xe5, 0x0c, 0xe5, 0x0c, 0xe5, 0xec, 0xe4, 0xec, 0xe4,
    0xcc, 0xdc, 0xac, 0xd4, 0x8b, 0xd4, 0x8b, 0xd4, 0x6b, 0xcc, 0x6b, 0xcc,
    0xc3, 0xc2, 0xc4, 0xc2, 0xe3, 0xc2, 0xe4, 0xc2, 0xe4, 0xc2, 0x04, 0xc3,
    0x24, 0xcb, 0x44, 0xcb, 0x65, 0xcb, 0xa5, 0xd3, 0xe5, 0xd3, 0x46, 0xdc,
    0x87, 0xe4, 0xe7, 0xec, 0x48, 0xed, 0x89, 0xf5, 0xa9, 0xf5, 0xc9, 0xf5,
    0xe9, 0xfd, 0xea, 0xfd, 0x0a, 0xfe, 0x2a, 0xfe, 0x4b, 0xfe, 0x6b, 0xfe,
    0x8c, 0xfe, 0xcc, 0xfe, 0xec, 0xfe, 0x0d, 0xff, 0x4d, 0xff, 0x4d, 0xff,
    0xed, 0xfe, 0x8c, 0xfe, 0xcb, 0xf5, 0x0a, 0xed, 0x29, 0xdc, 0x87, 0xd3,
    0x06, 0xcb, 0xc5, 0xc2, 0xa4, 0xc2, 0xa5, 0xba, 0xe5, 0xc2, 0x25, 0xcb,
    0x66, 0xcb, 0x87, 0xd3, 0xe8, 0xd3, 0x28, 0xdc, 0x8a, 0xe4, 0xaa, 0xe4,
    0xca, 0xe4, 0x89, 0xe4, 0x28, 0xdc, 0xc6, 0xdb, 0xa6, 0xdb, 0xc6, 0xdb,
    0x28, 0xe4, 0xa9, 0xec, 0x0b, 0xed, 0x4c, 0xf5, 0x8d, 0xf5, 0x8d, 0xf5,
    0x8d, 0xf5, 0x6d, 0xf5, 0x6c, 0xf5, 0x6c, 0xf5, 0x4b, 0xf5, 0x4b, 0xf5,
    0x2b, 0xf5, 0x0a, 0xf5, 0xca, 0xec, 0xaa, 0xe4, 0xaa, 0xe4, 0x8b, 0xdc,
    0xac, 0xdc, 0xed, 0xe4, 0x0e, 0xe5, 0x4f, 0xed, 0xb0, 0xf5, 0xd1, 0xf5,
    0x11, 0xfe, 0x32, 0xfe, 0x72, 0xfe, 0x72, 0xfe, 0x93, 0xfe, 0xb4, 0xfe,
    0xd4, 0xfe, 0x15, 0xff, 0x15, 0xff, 0xd5, 0xfe, 0x73, 0xfe, 0xb0, 0xed,
    0x0e, 0xe5, 0x8b, 0xdc, 0x4a, 0xd4, 0x8b, 0xdc, 0xed, 0xe4, 0x8f, 0xf5,
    0x10, 0xfe, 0x52, 0xfe, 0xb3, 0xfe, 0xd4, 0xfe, 0x15, 0xff, 0x36, 0xff,
    0x57, 0xff, 0x78, 0xff, 0x99, 0xff, 0xba, 0xff, 0x99, 0xff, 0x58, 0xff,
    0x36, 0xff, 0xf6, 0xfe, 0x16, 0xff, 0x57, 0xff, 0x57, 0xff, 0xf6, 0xfe,
    0x72, 0xf6, 0x6e, 0xed, 0x89, 0xe4, 0xe5, 0xd3, 0x63, 0xd3, 0x43, 0xcb,
    0x23, 0xcb, 0x23, 0xcb, 0x03, 0xc3, 0xe3, 0xc2, 0xe3, 0xc2, 0xc3, 0xba,
    0xc3, 0xba, 0xa3, 0xb2, 0x83, 0xaa, 0x83, 0xaa, 0x83, 0xa2, 0x84, 0xa2,
    0x84, 0xa2, 0x64, 0x9a, 0x64, 0x9a, 0x64, 0x92, 0x64, 0x92, 0x64, 0x8a,
    0x64, 0x8a, 0x65, 0x8a, 0x65, 0x8a, 0x85, 0x8a, 0x85, 0x8a, 0x85, 0x8a,
    0x66, 0x82, 0x65, 0x82, 0x45, 0x7a, 0x45, 0x7a, 0x44, 0x7a, 0x45, 0x7a,
    0x45, 0x7a, 0x65, 0x7a, 0x65, 0x82, 0x85, 0x82, 0x85, 0x7a, 0x85, 0x7a,
    0x86, 0x7a, 0x86, 0x7a, 0xa6, 0x7a, 0xe7, 0x8a, 0x68, 0x9b, 0xca, 0xb3,
    0x6b, 0xcc, 0xac, 0xdc, 0xec, 0xe4, 0xec, 0xe4, 0xac, 0xd4, 0x6b, 0xcc,
    0x2a, 0xc4, 0x0a, 0xc4, 0xe9, 0xbb, 0xa9, 0xb3, 0xa9, 0xb3, 0x68, 0xab,
    0x48, 0xab, 0x27, 0xa3, 0x07, 0xa3, 0xc7, 0x9a, 0xc6, 0x9a, 0xa6, 0x9a,
    0x06, 0xdc, 0x27, 0xdc, 0x67, 0xe4, 0xa7, 0xe4, 0xc7, 0xec, 0x28, 0xed,
    0x68, 0xed, 0x89, 0xed, 0xa9, 0xf5, 0xea, 0xf5, 0xea, 0xf5, 0x0a, 0xf6,
    0x2a, 0xf6, 0x4a, 0xfe, 0x4a, 0xfe, 0x6a, 0xfe, 0x6a, 0xfe, 0x8b, 0xfe,
    0x8b, 0xfe, 0xab, 0xfe, 0xab, 0xfe, 0xac, 0xfe, 0xac, 0xfe, 0xcc, 0xfe,
    0xcc, 0xfe, 0xac, 0xfe, 0xac, 0xfe, 0x8c, 0xfe, 0x6c, 0xf6, 0x2c, 0xf6,
    0xcb, 0xed, 0x4a, 0xe5, 0xa9, 0xdc, 0x28, 0xd4, 0xa7, 0xd3, 0x46, 0xcb,
    0x06, 0xc3, 0xc5, 0xc2, 0xc4, 0xc2, 0xa4, 0xba, 0xa4, 0xc2, 0xc4, 0xc2,
    0x05, 0xc3, 0x46, 0xcb, 0xa7, 0xd3, 0xe8, 0xd3, 0x08, 0xdc, 0x08, 0xdc,
    0xe8, 0xdb, 0x86, 0xd3, 0x45, 0xcb, 0x04, 0xcb, 0x04, 0xcb, 0x65, 0xd3,
    0xe7, 0xdb, 0x69, 0xe4, 0xca, 0xec, 0xeb, 0xec, 0x0b, 0xf5, 0x0b, 0xed,
    0xea, 0xec, 0xca, 0xec, 0xca, 0xec, 0xc9, 0xf4, 0xc9, 0xf4, 0xe9, 0xf4,
    0xe9, 0xf4, 0xe9, 0xf4, 0xe9, 0xf4, 0xc9, 0xec, 0xa9, 0xec, 0x69, 0xe4,
    0x69, 0xdc, 0x6b, 0xdc, 0x8c, 0xdc, 0xed, 0xe4, 0x4f, 0xed, 0xb0, 0xf5,
    0xf1, 0xf5, 0x32, 0xfe, 0x53, 0xfe, 0x73, 0xfe, 0x94, 0xfe, 0xb4, 0xfe,
    0xf5, 0xfe, 0x36, 0xff, 0x57, 0xff, 0x57, 0xff, 0xf6, 0xfe, 0x73, 0xf6,
    0xb0, 0xe5, 0x0e, 0xdd, 0xad, 0xdc, 0xac, 0xdc, 0xed, 0xe4, 0x4e, 0xed,
    0xd0, 0xf5, 0x51, 0xfe, 0xb3, 0xfe, 0xf4, 0xfe, 0x15, 0xff, 0x56, 0xff,
    0x57, 0xff, 0x98, 0xff, 0xba, 0xff, 0xdb, 0xff, 0xbb, 0xff, 0x79, 0xff,
    0x18, 0xff, 0xd5, 0xfe, 0x94, 0xf6, 0x73, 0xf6, 0x72, 0xf6, 0x71, 0xf6,
    0x50, 0xf6, 0x4e, 0xfe, 0x2c, 0xfe, 0x0b, 0xfe, 0xeb, 0xfd, 0xcb, 0xf5,
    0xcb, 0xf5, 0xab, 0xf5, 0xab, 0xf5, 0x8b, 0xf5, 0x6b, 0xed, 0x4c, 0xed,
    0x2c, 0xed, 0x2c, 0xe5, 0x2d, 0xe5, 0x2d, 0xe5, 0x2d, 0xe5, 0x0d, 0xdd,
    0xec, 0xdc, 0xab, 0xd4, 0x6a, 0xd4, 0x29, 0xcc, 0xe7, 0xcb, 0x86, 0xc3,
    0x65, 0xc3, 0x65, 0xbb, 0x65, 0xbb, 0x66, 0xb3, 0x46, 0xb3, 0x07, 0xb3,
    0xc6, 0xb2, 0x86, 0xaa, 0x65, 0xa2, 0x44, 0xa2, 0x24, 0x9a, 0x23, 0x92,
    0x23, 0x8a, 0x23, 0x8a, 0x23, 0x8a, 0x03, 0x8a, 0x03, 0x82, 0xe3, 0x81,
    0xe3, 0x81, 0xe3, 0x79, 0x03, 0x82, 0x24, 0x82, 0x65, 0x8a, 0xa5, 0x92,
    0xe6, 0x9a, 0x07, 0xab, 0x07, 0xab, 0x07, 0xab, 0xe6, 0xa2, 0xc6, 0x9a,
    0xa6, 0x9a, 0xa5, 0x9a, 0xa5, 0x9a, 0xa6, 0x9a, 0xa5, 0x9a, 0xa5, 0x9a,
    0x85, 0x9a, 0x85, 0xa2, 0x64, 0xa2, 0x64, 0xa2, 0x43, 0xa2, 0x43, 0xa2,
    0x27, 0xdc, 0x47, 0xdc, 0x87, 0xdc, 0xe8, 0xe4, 0x29, 0xed, 0x89, 0xf5,
    0xea, 0xf5, 0x2b, 0xf6, 0x6b, 0xf6, 0x8b, 0xfe, 0xac, 0xfe, 0xac, 0xfe,
    0xcc, 0xfe, 0xec, 0xfe, 0xec, 0xfe, 0xec, 0xfe, 0x0c, 0xff, 0xec, 0xfe,
    0xec, 0xfe, 0xac, 0xfe, 0x8b, 0xfe, 0x4b, 0xfe, 0x0a, 0xfe, 0xca, 0xfd,
    0x69, 0xf5, 0x29, 0xed, 0xc8, 0xe4, 0x68, 0xdc, 0x27, 0xdc, 0xc6, 0xd3,
    0x66, 0xcb, 0x26, 0xc3, 0xe5, 0xba, 0xa5, 0xb2, 0xa5, 0xb2, 0xa4, 0xb2,
    0xa5, 0xb2, 0xa4, 0xb2, 0x84, 0xba, 0x84, 0xb2, 0x64, 0xb2, 0x84, 0xba,
    0xa4, 0xba, 0xe5, 0xc2, 0x26, 0xcb, 0x66, 0xcb, 0x67, 0xcb, 0x66, 0xcb,
    0x25, 0xcb, 0xe5, 0xc2, 0xa4, 0xc2, 0xa3, 0xc2, 0xa4, 0xc2, 0x05, 0xc3,
    0x66, 0xd3, 0xe7, 0xdb, 0x28, 0xdc, 0x69, 0xe4, 0x69, 0xe4, 0x49, 0xe4,
    0x48, 0xe4, 0x48, 0xe4, 0x28, 0xe4, 0x28, 0xe4, 0x28, 0xe4, 0x48, 0xe4,
    0x48, 0xec, 0x47, 0xec, 0x47, 0xec, 0x47, 0xe4, 0x27, 0xe4, 0xc7, 0xd3,
    0xa7, 0xcb, 0xa8, 0xcb, 0xc9, 0xcb, 0x2b, 0xcc, 0x8d, 0xd4, 0x2f, 0xe5,
    0xb1, 0xed, 0x12, 0xf6, 0x73, 0xfe, 0x94, 0xfe, 0xd5, 0xfe, 0xd5, 0xfe,
    0x16, 0xff, 0x57, 0xff, 0x97, 0xff, 0x98, 0xff, 0x57, 0xff, 0xf5, 0xf6,
    0x33, 0xe6, 0x50, 0xdd, 0x8d, 0xcc, 0x0b, 0xc4, 0xea, 0xc3, 0x0a, 0xcc,
    0x6b, 0xd4, 0x0d, 0xe5, 0xb0, 0xf5, 0x31, 0xf6, 0x52, 0xfe, 0x52, 0xfe,
    0x72, 0xfe, 0xb3, 0xfe, 0xd5, 0xfe, 0x16, 0xff, 0x16, 0xff, 0xf5, 0xfe,
    0xb4, 0xf6, 0x72, 0xf6, 0x10, 0xf6, 0xef, 0xf5, 0xee, 0xf5, 0x4e, 0xf6,
    0xae, 0xfe, 0x30, 0xff, 0x91, 0xff, 0xd2, 0xff, 0xf3, 0xff, 0xd3, 0xff,
    0xb3, 0xff, 0xb3, 0xff, 0x93, 0xff, 0x73, 0xff, 0x53, 0xff, 0x33, 0xff,
    0x13, 0xff, 0x13, 0xff, 0xf2, 0xfe, 0xd2, 0xfe, 0xb2, 0xfe, 0x91, 0xfe,
    0x50, 0xfe, 0x0e, 0xfe, 0xad, 0xfd, 0x6a, 0xf5, 0xe8, 0xf4, 0xa7, 0xf4,
    0x66, 0xec, 0x66, 0xe4, 0x67, 0xdc, 0x68, 0xdc, 0x4a, 0xdc, 0x2a, 0xdc,
    0xea, 0xdb, 0xca, 0xdb, 0xa9, 0xdb, 0xa9, 0xd3, 0xa8, 0xd3, 0xa8, 0xcb,
    0x87, 0xc3, 0x67, 0xbb, 0x46, 0xbb, 0x26, 0xb3, 0x06, 0xb3, 0xe5, 0xaa,
    0xc5, 0xaa, 0xa5, 0xa2, 0xa5, 0xa2, 0x85, 0x9a, 0x85, 0x9a, 0x84, 0x9a,
    0xa5, 0x9a, 0xa5, 0x9a, 0xa5, 0xa2, 0xc6, 0xa2, 0xe6, 0xa2, 0x06, 0xa3,
    0x27, 0xab, 0x47, 0xb3, 0x88, 0xb3, 0xa8, 0xbb, 0xc9, 0xc3, 0xe9, 0xc3,
    0x09, 0xcc, 0x09, 0xcc, 0xe9, 0xcb, 0xe9, 0xd3, 0xe9, 0xd3, 0xe9, 0xd3,
    0x83, 0xb2, 0xa3, 0xb2, 0xc3, 0xba, 0xe4, 0xba, 0x05, 0xbb, 0x45, 0xc3,
    0x85, 0xc3, 0xc6, 0xcb, 0x07, 0xcc, 0x27, 0xd4, 0x87, 0xd4, 0xc8, 0xdc,
    0x09, 0xe5, 0x49, 0xe5, 0xaa, 0xed, 0xcb, 0xf5, 0xeb, 0xf5, 0xea, 0xfd,
    0xca, 0xfd, 0x89, 0xfd, 0x49, 0xf5, 0xe8, 0xf4, 0x87, 0xec, 0x06, 0xe4,
    0xa6, 0xd3, 0x45, 0xcb, 0x05, 0xc3, 0xc5, 0xc2, 0x84, 0xba, 0x64, 0xb2,
    0x44, 0xb2, 0x24, 0xaa, 0x03, 0xaa, 0xe3, 0xa1, 0xe3, 0xa1, 0xe3, 0xa1,
    0xe3, 0xa1, 0x03, 0xa2, 0x03, 0xa2, 0x03, 0xa2, 0x03, 0xa2, 0x23, 0xaa,
    0x44, 0xaa, 0x44, 0xaa, 0x64, 0xb2, 0xa4, 0xba, 0xa4, 0xba, 0xc4, 0xba,
    0xa4, 0xba, 0x83, 0xba, 0x43, 0xb2, 0x23, 0xb2, 0x23, 0xb2, 0x63, 0xba,
    0xa4, 0xba, 0xe5, 0xc2, 0x46, 0xcb, 0x66, 0xd3, 0x86, 0xd3, 0x86, 0xd3,
    0x87, 0xd3, 0x86, 0xdb, 0x87, 0xd3, 0x86, 0xd3, 0x86, 0xd3, 0x86, 0xd3,
    0x86, 0xd3, 0x86, 0xd3, 0x66, 0xd3, 0x65, 0xcb, 0x25, 0xc3, 0xe5, 0xba,
    0xa5, 0xaa, 0x86, 0xa2, 0xa6, 0xa2, 0xe7, 0xaa, 0x49, 0xb3, 0x0b, 0xc4,
    0xad, 0xd4, 0x50, 0xe5, 0xd1, 0xf5, 0x12, 0xfe, 0x53, 0xfe, 0x53, 0xfe,
    0x53, 0xfe, 0x93, 0xfe, 0xb4, 0xfe, 0xb4, 0xfe, 0x94, 0xf6, 0x12, 0xee,
    0x70, 0xdd, 0x8d, 0xcc, 0xa9, 0xbb, 0xc6, 0xb2, 0x64, 0xaa, 0x44, 0xaa,
    0xa5, 0xb2, 0x47, 0xc3, 0x09, 0xd4, 0x8b, 0xdc, 0xeb, 0xe4, 0x0c, 0xed,
    0x2c, 0xed, 0x6d, 0xed, 0x8d, 0xf5, 0xee, 0xf5, 0x0f, 0xf6, 0x50, 0xf6,
    0x70, 0xf6, 0x90, 0xfe, 0xb0, 0xf6, 0xb0, 0xfe, 0xd1, 0xfe, 0x12, 0xff,
    0x32, 0xff, 0x73, 0xff, 0x94, 0xff, 0xb5, 0xff, 0xb5, 0xff, 0x94, 0xff,
    0x73, 0xff, 0x33, 0xff, 0x13, 0xff, 0xd2, 0xfe, 0xb1, 0xfe, 0x70, 0xfe,
    0x4f, 0xfe, 0x0e, 0xfe, 0xcd, 0xfd, 0xac, 0xfd, 0x8b, 0xfd, 0x4b, 0xf5,
    0x2a, 0xf5, 0x09, 0xf5, 0xe9, 0xf4, 0xc8, 0xf4, 0xa8, 0xf4, 0xa8, 0xec,
    0xa9, 0xec, 0xca, 0xe4, 0xec, 0xe4, 0x2d, 0xe5, 0x4f, 0xe5, 0x90, 0xe5,
    0x91, 0xed, 0xd1, 0xf5, 0x12, 0xf6, 0x32, 0xfe, 0x53, 0xfe, 0x52, 0xfe,
    0x32, 0xf6, 0x11, 0xf6, 0xf0, 0xf5, 0xb0, 0xed, 0x8f, 0xed, 0x6f, 0xed,
    0x4e, 0xe5, 0x2e, 0xe5, 0x2e, 0xdd, 0x0d, 0xdd, 0xed, 0xdc, 0xcd, 0xd4,
    0xcd, 0xd4, 0xec, 0xd4, 0x0d, 0xd5, 0x2e, 0xdd, 0x6e, 0xdd, 0xaf, 0xe5,
    0xd0, 0xe5, 0x11, 0xee, 0x31, 0xee, 0x32, 0xf6, 0x32, 0xf6, 0x53, 0xf6,
    0x53, 0xfe, 0x33, 0xf6, 0x33, 0xfe, 0x13, 0xf6, 0x12, 0xf6, 0x12, 0xf6,
    0xc1, 0xa1, 0xc2, 0xa1, 0xc1, 0xa1, 0xc2, 0xa1, 0xe2, 0xa1, 0xe2, 0xa9,
    0xe2, 0xa9, 0x02, 0xaa, 0x03, 0xaa, 0x23, 0xaa, 0x43, 0xaa, 0x63, 0xb2,
    0xa4, 0xb2, 0xc4, 0xb2, 0x25, 0xbb, 0x45, 0xbb, 0x65, 0xc3, 0x86, 0xc3,
    0x85, 0xcb, 0x65, 0xcb, 0x45, 0xcb, 0x24, 0xcb, 0x04, 0xcb, 0xc4, 0xc2,
    0xa4, 0xc2, 0x84, 0xba, 0x64, 0xba, 0x64, 0xb2, 0x64, 0xb2, 0x64, 0xb2,
    0x64, 0xb2, 0x64, 0xb2, 0x44, 0xb2, 0x43, 0xb2, 0x23, 0xaa, 0x23, 0xaa,
    0x03, 0xa2, 0x03, 0xa2, 0x03, 0xa2, 0xe3, 0xa1, 0x03, 0xa2, 0xe3, 0xa1,
    0xe3, 0xa1, 0xe3, 0xa1, 0xc2, 0x99, 0xe3, 0xa1, 0x03, 0xa2, 0x23, 0xaa,
    0x23, 0xaa, 0x03, 0xa2, 0xe2, 0xa1, 0xc2, 0xa1, 0xc2, 0xa1, 0xc2, 0xa1,
    0xe2, 0xa1, 0x03, 0xaa, 0x43, 0xb2, 0x64, 0xb2, 0x84, 0xba, 0xa4, 0xba,
    0xc5, 0xba, 0xc5, 0xba, 0xa4, 0xc2, 0xa4, 0xba, 0xa4, 0xba, 0x84, 0xba,
    0x83, 0xb2, 0x84, 0xb2, 0x64, 0xb2, 0x43, 0xaa, 0x24, 0xa2, 0x03, 0x9a,
    0xe3, 0x99, 0xc3, 0x99, 0xc3, 0x91, 0xe4, 0x99, 0x44, 0xa2, 0xa6, 0xaa,
    0x28, 0xbb, 0xa9, 0xc3, 0x0a, 0xd4, 0x4b, 0xdc, 0x6c, 0xdc, 0x6b, 0xdc,
    0x6b, 0xdc, 0x6c, 0xdc, 0x8c, 0xdc, 0x8c, 0xe4, 0x6b, 0xdc, 0x4a, 0xdc,
    0xe9, 0xd3, 0x87, 0xcb, 0x25, 0xc3, 0xe4, 0xba, 0xc4, 0xba, 0xe4, 0xba,
    0x24, 0xc3, 0x86, 0xcb, 0x28, 0xd4, 0x89, 0xdc, 0xeb, 0xe4, 0x4c, 0xe5,
    0x8d, 0xed, 0xce, 0xed, 0x2f, 0xf6, 0x51, 0xf6, 0x92, 0xf6, 0xd3, 0xfe,
    0xf3, 0xf6, 0xf4, 0xf6, 0xf4, 0xf6, 0xd4, 0xf6, 0xb3, 0xf6, 0x72, 0xf6,
    0x50, 0xf6, 0x0f, 0xf6, 0xce, 0xf5, 0x8d, 0xf5, 0x6c, 0xf5, 0x4b, 0xf5,
    0x2b, 0xf5, 0x2a, 0xf5, 0x0a, 0xf5, 0xea, 0xec, 0xea, 0xec, 0xea, 0xec,
    0xea, 0xec, 0xea, 0xec, 0xea, 0xec, 0x0b, 0xed, 0x0b, 0xed, 0x2c, 0xed,
    0x4c, 0xed, 0x6d, 0xed, 0x8e, 0xf5, 0xaf, 0xf5, 0xf0, 0xf5, 0x32, 0xf6,
    0x53, 0xf6, 0x74, 0xf6, 0x95, 0xf6, 0xb6, 0xf6, 0xf7, 0xf6, 0x17, 0xf7,
    0x38, 0xff, 0x79, 0xff, 0xb9, 0xff, 0xda, 0xff, 0xfa, 0xff, 0xf9, 0xff,
    0xf9, 0xff, 0xd9, 0xff, 0xb8, 0xff, 0xb8, 0xff, 0x98, 0xff, 0x97, 0xff,
    0x97, 0xff, 0x77, 0xff, 0x56, 0xff, 0x56, 0xff, 0x36, 0xff, 0x15, 0xff,
    0x15, 0xff, 0xf5, 0xfe, 0xf5, 0xfe, 0xf5, 0xfe, 0x15, 0xff, 0x15, 0xff,
    0x16, 0xff, 0x36, 0xff, 0x36, 0xff, 0x16, 0xff, 0x17, 0xff, 0x17, 0xff,
    0xf7, 0xfe, 0xf6, 0xfe, 0xf7, 0xfe, 0xf7, 0xfe, 0xd7, 0xfe, 0xd7, 0xfe,
    0xc2, 0x99, 0xc2, 0xa1, 0xc2, 0xa1, 0xc2, 0xa1, 0xe2, 0xa1, 0xc2, 0xa1,
    0xc2, 0xa1, 0xc2, 0xa1, 0xa1, 0xa1, 0xa1, 0x99, 0x82, 0x99, 0x81, 0x99,
    0x81, 0x99, 0x82, 0x99, 0x81, 0x99, 0x82, 0x99, 0xa1, 0x99, 0xa2, 0x99,
    0xc2, 0xa1, 0xe2, 0xa1, 0xe2, 0xa1, 0x02, 0xa2, 0x23, 0xaa, 0x23, 0xaa,
    0x43, 0xaa, 0x43, 0xaa, 0x43, 0xb2, 0x64, 0xb2, 0x64, 0xb2, 0x64, 0xb2,
    0x84, 0xb2, 0x84, 0xba, 0x84, 0xba, 0xa4, 0xba, 0x84, 0xba, 0x84, 0xb2,
    0x64, 0xb2, 0x63, 0xb2, 0x43, 0xb2, 0x43, 0xaa, 0x23, 0xaa, 0x23, 0xaa,
    0x23, 0xaa, 0x02, 0xa2, 0x02, 0xa2, 0xe3, 0xa1, 0x03, 0xaa, 0x03, 0xa2,
    0x03, 0xaa, 0x03, 0xa2, 0x02, 0xa2, 0xe2, 0xa1, 0xe2, 0x99, 0xe2, 0xa1,
    0xe2, 0xa1, 0xe2, 0xa1, 0x03, 0xa2, 0x23, 0xaa, 0x23, 0xb2, 0x43, 0xb2,
    0x43, 0xb2, 0x23, 0xb2, 0x23, 0xaa, 0x03, 0xaa, 0xe2, 0xa9, 0xe2, 0xa9,
    0xe2, 0xa1, 0xc2, 0xa1, 0xc2, 0xa1, 0xc2, 0xa1, 0xa2, 0xa1, 0xa2, 0xa1,
    0xc2, 0xa1, 0xc2, 0xa1, 0xc2, 0xa1, 0xe2, 0xa9, 0x02, 0xaa, 0x22, 0xb2,
    0x43, 0xb2, 0x84, 0xba, 0xa4, 0xba, 0xe5, 0xc2, 0x05, 0xc3, 0x05, 0xcb,
    0x25, 0xcb, 0x45, 0xcb, 0x45, 0xcb, 0x65, 0xd3, 0x65, 0xd3, 0x86, 0xd3,
    0xc6, 0xd3, 0x07, 0xdc, 0x48, 0xdc, 0xa9, 0xe4, 0xeb, 0xe4, 0x4c, 0xed,
    0x8e, 0xed, 0xef, 0xf5, 0x30, 0xf6, 0x72, 0xf6, 0xb3, 0xf6, 0xf4, 0xf6,
    0x36, 0xff, 0x77, 0xff, 0xb8, 0xff, 0xb9, 0xff, 0xda, 0xff, 0xba, 0xff,
    0x9a, 0xf7, 0x39, 0xf7, 0xd7, 0xee, 0x54, 0xee, 0xf2, 0xe5, 0x6f, 0xe5,
    0x0d, 0xed, 0xcb, 0xec, 0xa9, 0xec, 0x88, 0xec, 0x88, 0xec, 0x88, 0xec,
    0x88, 0xec, 0x89, 0xec, 0xaa, 0xec, 0xeb, 0xec, 0x0c, 0xed, 0x2e, 0xed,
    0x6f, 0xed, 0xb0, 0xf5, 0xf2, 0xf5, 0x33, 0xf6, 0x74, 0xf6, 0xb5, 0xf6,
    0xf6, 0xfe, 0x38, 0xff, 0x78, 0xff, 0x99, 0xff, 0xda, 0xff, 0xdb, 0xff,
    0xfc, 0xff, 0xfc, 0xff, 0xfc, 0xff, 0xfc, 0xff, 0xfc, 0xff, 0xfc, 0xff,
    0xfc, 0xff, 0xfc, 0xff, 0xfb, 0xff, 0xfb, 0xff, 0xfa, 0xff, 0xfa, 0xff,
    0xfa, 0xff, 0xfa, 0xff, 0xf9, 0xff, 0xf9, 0xff, 0xd9, 0xff, 0xd9, 0xff,
    0xd9, 0xff, 0xd9, 0xff, 0xb9, 0xff, 0xb8, 0xff, 0xb8, 0xff, 0x98, 0xff,
    0x77, 0xff, 0x57, 0xff, 0x37, 0xff, 0xf6, 0xfe, 0xf6, 0xfe, 0xb6, 0xfe,
    0xb5, 0xfe, 0xb5, 0xfe, 0x95, 0xfe, 0x95, 0xfe, 0x95, 0xfe, 0x95, 0xfe,
    0x95, 0xfe, 0x95, 0xfe, 0x95, 0xfe, 0x96, 0xfe, 0x96, 0xfe, 0xb6, 0xfe,
    0x41, 0x81, 0x41, 0x81, 0x41, 0x89, 0x61, 0x89, 0x81, 0x89, 0x81, 0x91,
    0xa1, 0x91, 0xa2, 0x91, 0xa1, 0x91, 0xa2, 0x99, 0xa2, 0x99, 0xa2, 0x99,
    0xa1, 0x99, 0xa2, 0x99, 0xa2, 0x99, 0x81, 0x99, 0x81, 0x99, 0x81, 0x99,
    0x81, 0x99, 0x82, 0x99, 0xa2, 0x99, 0xa2, 0x99, 0xc2, 0x99, 0xc2, 0xa1,
    0xc2, 0xa1, 0xe2, 0x99, 0xe2, 0xa1, 0xe3, 0xa1, 0xe3, 0xa1, 0x02, 0xa2,
    0x03, 0xa2, 0x23, 0xa2, 0x23, 0xaa, 0x23, 0xaa, 0x43, 0xaa, 0x43, 0xaa,
    0x63, 0xb2, 0x63, 0xb2, 0x64, 0xb2, 0x84, 0xb2, 0x84, 0xba, 0x84, 0xba,
    0xa4, 0xba, 0xa4, 0xba, 0xa4, 0xba, 0x83, 0xba, 0xa4, 0xba, 0xa3, 0xba,
    0x83, 0xba, 0x84, 0xba, 0x84, 0xba, 0x83, 0xba, 0x83, 0xba, 0x83, 0xba,
    0x63, 0xba, 0x83, 0xba, 0x83, 0xba, 0x83, 0xba, 0x83, 0xba, 0x83, 0xba,
    0x63, 0xba, 0x63, 0xba, 0x63, 0xba, 0x63, 0xba, 0x63, 0xba, 0x63, 0xba,
    0x43, 0xba, 0x43, 0xba, 0x43, 0xb2, 0x43, 0xba, 0x63, 0xba, 0x63, 0xba,
    0x83, 0xc2, 0x83, 0xc2, 0xa3, 0xc2, 0xc3, 0xca, 0xe3, 0xca, 0x03, 0xcb,
    0x04, 0xcb, 0x24, 0xd3, 0x64, 0xd3, 0x85, 0xd3, 0xc5, 0xdb, 0xe6, 0xdb,
    0x46, 0xdc, 0x66, 0xe4, 0x87, 0xe4, 0xa7, 0xe4, 0xe8, 0xec, 0x09, 0xed,
    0x4b, 0xed, 0x8d, 0xed, 0xf0, 0xf5, 0x52, 0xfe, 0xb4, 0xfe, 0x15, 0xff,
    0x57, 0xff, 0x98, 0xff, 0x99, 0xff, 0xba, 0xff, 0xdb, 0xff, 0xfc, 0xff,
    0xfc, 0xff, 0xfd, 0xff, 0xfd, 0xff, 0xfd, 0xff, 0xfd, 0xff, 0xfc, 0xff,
    0x9b, 0xf7, 0x59, 0xf7, 0xd7, 0xee, 0x95, 0xee, 0x34, 0xee, 0xf2, 0xed,
    0xd2, 0xed, 0xd1, 0xed, 0x12, 0xf6, 0x12, 0xf6, 0x53, 0xf6, 0x74, 0xf6,
    0xb4, 0xf6, 0xd6, 0xf6, 0xf6, 0xfe, 0x37, 0xff, 0x58, 0xff, 0x59, 0xff,
    0x79, 0xff, 0x9a, 0xff, 0xba, 0xff, 0xbb, 0xff, 0xdb, 0xff, 0xfb, 0xff,
    0xfb, 0xff, 0xfc, 0xff, 0xfc, 0xff, 0xfc, 0xff, 0xfc, 0xff, 0xfb, 0xff,
    0xfb, 0xff, 0xfb, 0xff, 0xfb, 0xff, 0xfb, 0xff, 0xfa, 0xff, 0xda, 0xff,
    0xda, 0xff, 0xd9, 0xff, 0xb8, 0xff, 0xb8, 0xff, 0x98, 0xff, 0x77, 0xff,
    0x77, 0xff, 0x57, 0xff, 0x57, 0xff, 0x36, 0xff, 0x36, 0xff, 0x16, 0xff,
    0xf6, 0xfe, 0xf6, 0xfe, 0xf6, 0xfe, 0xd6, 0xfe, 0xd6, 0xfe, 0xb6, 0xfe,
    0xb5, 0xfe, 0xb5, 0xfe, 0x95, 0xfe, 0x95, 0xfe, 0x75, 0xfe, 0x75, 0xfe,
    0x55, 0xfe, 0x75, 0xfe, 0x55, 0xfe, 0x75, 0xfe, 0x75, 0xfe, 0x75, 0xfe,
    0x75, 0xfe, 0x75, 0xfe, 0x75, 0xfe, 0x75, 0xfe, 0x75, 0xfe, 0x75, 0xfe,
    0x01, 0x71, 0x01, 0x71, 0x01, 0x79, 0x01, 0x71, 0x21, 0x79, 0x21, 0x79,
    0x21, 0x79, 0x21, 0x79, 0x41, 0x81, 0x41, 0x81, 0x61, 0x89, 0x61, 0x89,
    0x82, 0x89, 0x81, 0x91, 0x82, 0x91, 0xa2, 0x91, 0xa2, 0x91, 0xa2, 0x99,
    0xa2, 0x99, 0xa1, 0x99, 0xa2, 0x99, 0xc2, 0xa1, 0xc2, 0x99, 0xc2, 0xa1,
    0xe2, 0xa1, 0xe2, 0xa1, 0xe2, 0xa1, 0xc2, 0xa1, 0xc2, 0xa1, 0xe2, 0xa1,
    0xc2, 0xa1, 0xc2, 0x99, 0xe2, 0x99, 0xe2, 0xa1, 0xe2, 0xa1, 0xe2, 0xa1,
    0x02, 0xa2, 0x02, 0xa2, 0x02, 0xa2, 0x23, 0xa2, 0x23, 0xaa, 0x42, 0xaa,
    0x43, 0xaa, 0x63, 0xb2, 0x63, 0xb2, 0x83, 0xba, 0x84, 0xba, 0x83, 0xba,
    0x83, 0xba, 0x84, 0xba, 0xa4, 0xba, 0xa4, 0xba, 0xc4, 0xc2, 0xc4, 0xc2,
    0xe4, 0xc2, 0xe4, 0xc2, 0xe4, 0xc2, 0xe4, 0xca, 0xe4, 0xca, 0x04, 0xcb,
    0x24, 0xcb, 0x45, 0xd3, 0x65, 0xd3, 0x85, 0xdb, 0xa5, 0xdb, 0xc5, 0xdb,
    0xc5, 0xe3, 0xe6, 0xe3, 0xe5, 0xe3, 0x06, 0xe4, 0x26, 0xe4, 0x26, 0xe4,
    0x46, 0xe4, 0x66, 0xec, 0xa7, 0xec, 0xc7, 0xec, 0xe8, 0xf4, 0x08, 0xf5,
    0x28, 0xf5, 0x49, 0xf5, 0x69, 0xf5, 0x89, 0xf5, 0xca, 0xf5, 0xea, 0xfd,
    0x2b, 0xfe, 0x4b, 0xfe, 0x6c, 0xfe, 0x6c, 0xfe, 0x6c, 0xfe, 0x6d, 0xfe,
    0x6e, 0xfe, 0x6f, 0xfe, 0x70, 0xf6, 0x91, 0xfe, 0x92, 0xfe, 0xd3, 0xfe,
    0xf4, 0xfe, 0xf5, 0xfe, 0x16, 0xff, 0x36, 0xff, 0x37, 0xff, 0x38, 0xff,
    0x38, 0xff, 0x59, 0xff, 0x79, 0xff, 0x7a, 0xff, 0x7a, 0xff, 0x79, 0xff,
    0x79, 0xff, 0x79, 0xff, 0x59, 0xf7, 0x59, 0xf7, 0x59, 0xf7, 0x59, 0xff,
    0x79, 0xff, 0x9a, 0xff, 0xbb, 0xff, 0xdc, 0xff, 0xfc, 0xff, 0xfc, 0xff,
    0xfd, 0xff, 0xfd, 0xff, 0xfd, 0xff, 0xfd, 0xff, 0xfd, 0xff, 0xfd, 0xff,
    0xfd, 0xff, 0xfd, 0xff, 0xfd, 0xff, 0xfc, 0xff, 0xfc, 0xff, 0xfc, 0xff,
    0xfb, 0xff, 0xfb, 0xff, 0xfa, 0xff, 0xfa, 0xff, 0xd9, 0xff, 0xd9, 0xff,
    0xb8, 0xff, 0x98, 0xff, 0x77, 0xff, 0x57, 0xff, 0x36, 0xff, 0x36, 0xff,
    0x15, 0xff, 0x15, 0xff, 0xf5, 0xfe, 0xf5, 0xfe, 0xd5, 0xfe, 0xd5, 0xfe,
    0xb5, 0xfe, 0xb4, 0xfe, 0x94, 0xfe, 0x94, 0xfe, 0x94, 0xfe, 0x74, 0xfe,
    0x74, 0xfe, 0x74, 0xfe, 0x74, 0xfe, 0x54, 0xfe, 0x54, 0xfe, 0x54, 0xfe,
    0x55, 0xf6, 0x55, 0xf6, 0x54, 0xfe, 0x55, 0xf6, 0x55, 0xf6, 0x55, 0xf6,
    0x55, 0xfe, 0x55, 0xfe, 0x75, 0xf6, 0x75, 0xfe, 0x75, 0xfe, 0x76, 0xfe,
    0x76, 0xfe, 0x76, 0xfe, 0x76, 0xfe, 0x76, 0xfe, 0x76, 0xfe, 0x75, 0xfe,
    0x41, 0x81, 0x41, 0x81, 0x41, 0x81, 0x41, 0x79, 0x21, 0x79, 0x21, 0x79,
    0x01, 0x71, 0x01, 0x71, 0x01, 0x71, 0x01, 0x71, 0x01, 0x71, 0x01, 0x71,
    0x01, 0x71, 0x01, 0x79, 0x21, 0x79, 0x21, 0x79, 0x41, 0x81, 0x41, 0x81,
    0x41, 0x81, 0x61, 0x89, 0x61, 0x89, 0x62, 0x89, 0x82, 0x89, 0xa2, 0x91,
    0xa2, 0x91, 0xc2, 0x91, 0xc2, 0x91, 0xc2, 0x99, 0xc2, 0x99, 0xc2, 0x99,
    0xc2, 0x99, 0xc2, 0xa1, 0xc2, 0xa1, 0xc1, 0x99, 0xc2, 0x99, 0xc2, 0xa1,
    0xc2, 0xa1, 0xc2, 0x99, 0xc2, 0xa1, 0xc2, 0xa1, 0xc1, 0x99, 0xc2, 0xa1,
    0xe2, 0xa1, 0xe2, 0xa1, 0xe2, 0xa1, 0x02, 0xa2, 0x02, 0xa2, 0x03, 0xa2,
    0x03, 0xa2, 0x22, 0xaa, 0x23, 0xaa, 0x43, 0xaa, 0x43, 0xaa, 0x63, 0xb2,
    0x63, 0xb2, 0x84, 0xb2, 0x84, 0xba, 0xa4, 0xba, 0xc4, 0xba, 0xe4, 0xc2,
    0x04, 0xcb, 0x65, 0xd3, 0xa5, 0xdb, 0xe6, 0xdb, 0x47, 0xe4, 0xa7, 0xec,
    0xe8, 0xec, 0x08, 0xf5, 0x49, 0xf5, 0x89, 0xf5, 0xa9, 0xfd, 0xca, 0xfd,
    0x0a, 0xfe, 0x2b, 0xfe, 0x6b, 0xfe, 0x8c, 0xfe, 0xac, 0xfe, 0xcd, 0xfe,
    0xed, 0xfe, 0x0e, 0xff, 0x2e, 0xff, 0x2e, 0xff, 0x4f, 0xff, 0x4f, 0xff,
    0x4f, 0xff, 0x6f, 0xff, 0x4f, 0xff, 0x2f, 0xff, 0x0e, 0xff, 0xce, 0xfe,
    0xae, 0xfe, 0x8d, 0xfe, 0x6d, 0xfe, 0x4c, 0xf6, 0x2c, 0xf6, 0x2d, 0xf6,
    0x2d, 0xf6, 0x2d, 0xf6, 0x2e, 0xf6, 0x2e, 0xf6, 0x2e, 0xf6, 0x4f, 0xf6,
    0x50, 0xfe, 0x71, 0xf6, 0x91, 0xf6, 0x92, 0xfe, 0xb3, 0xfe, 0xd4, 0xfe,
    0xf5, 0xfe, 0x15, 0xff, 0x56, 0xff, 0x77, 0xff, 0x98, 0xff, 0xb9, 0xff,
    0xdb, 0xff, 0xfb, 0xff, 0xfb, 0xff, 0xfc, 0xff, 0xfb, 0xff, 0xfa, 0xff,
    0xda, 0xff, 0xb9, 0xff, 0x78, 0xff, 0x57, 0xff, 0x57, 0xff, 0x37, 0xff,
    0x57, 0xff, 0x57, 0xff, 0x77, 0xff, 0x77, 0xff, 0x77, 0xff, 0x77, 0xff,
    0x76, 0xff, 0x76, 0xff, 0x56, 0xff, 0x36, 0xff, 0x36, 0xff, 0x16, 0xff,
    0x16, 0xff, 0xf5, 0xfe, 0xd5, 0xfe, 0xd5, 0xfe, 0xd5, 0xfe, 0xb5, 0xfe,
    0xb5, 0xfe, 0x95, 0xfe, 0x95, 0xfe, 0x94, 0xfe, 0x74, 0xfe, 0x75, 0xfe,
    0x74, 0xfe, 0x54, 0xfe, 0x54, 0xfe, 0x55, 0xfe, 0x55, 0xfe, 0x75, 0xfe,
    0x75, 0xfe, 0x75, 0xfe, 0x75, 0xfe, 0x75, 0xf6, 0x55, 0xf6, 0x55, 0xfe,
    0x55, 0xfe, 0x55, 0xf6, 0x55, 0xf6, 0x55, 0xfe, 0x55, 0xf6, 0x55, 0xf6,
    0x55, 0xf6, 0x55, 0xf6, 0x55, 0xf6, 0x55, 0xf6, 0x55, 0xf6, 0x55, 0xfe,
    0x75, 0xfe, 0x75, 0xf6, 0x55, 0xfe, 0x75, 0xfe, 0x75, 0xfe, 0x76, 0xfe,
    0xa2, 0x91, 0xa2, 0x91, 0xa2, 0x91, 0xa2, 0x91, 0x82, 0x91, 0x81, 0x89,
    0x81, 0x89, 0x62, 0x89, 0x61, 0x81, 0x41, 0x81, 0x41, 0x79, 0x21, 0x79,
    0x21, 0x71, 0x01, 0x71, 0x01, 0x71, 0x01, 0x79, 0x01, 0x71, 0x01, 0x71,
    0xe1, 0x70, 0xe1, 0x68, 0xe1, 0x68, 0xc1, 0x60, 0xe1, 0x60, 0xe1, 0x68,
    0x01, 0x69, 0x01, 0x71, 0x21, 0x71, 0x41, 0x79, 0x61, 0x79, 0x61, 0x81,
    0x61, 0x89, 0x81, 0x89, 0x82, 0x91, 0xa2, 0x91, 0xa2, 0x91, 0xc2, 0x99,
    0xc2, 0x99, 0xe2, 0x99, 0xc2, 0xa1, 0xe2, 0xa1, 0xe2, 0xa1, 0xe2, 0xa1,
    0xe2, 0xa1, 0xe2, 0xa1, 0xe2, 0xa1, 0xe2, 0xa1, 0xe2, 0xa1, 0xe2, 0xa1,
    0xe2, 0x99, 0xe2, 0xa1, 0xe2, 0x99, 0xc1, 0x99, 0xe2, 0x99, 0xc2, 0xa1,
    0xe2, 0x99, 0xe2, 0x99, 0xe2, 0xa1, 0xe2, 0xa1, 0x02, 0xa2, 0x23, 0xaa,
    0x43, 0xaa, 0x83, 0xb2, 0xe4, 0xba, 0x25, 0xc3, 0x85, 0xc3, 0xe6, 0xcb,
    0x27, 0xd4, 0x88, 0xdc, 0xc9, 0xdc, 0x0a, 0xe5, 0x6a, 0xed, 0xab, 0xed,
    0xeb, 0xf5, 0x2c, 0xfe, 0x6c, 0xfe, 0x8d, 0xfe, 0xcd, 0xfe, 0xee, 0xfe,
    0x2e, 0xff, 0x2e, 0xff, 0x4f, 0xff, 0x6f, 0xff, 0x6f, 0xff, 0x6f, 0xff,
    0x6f, 0xff, 0x4f, 0xff, 0x4f, 0xff, 0x2f, 0xff, 0x2f, 0xff, 0x0e, 0xff,
    0xee, 0xfe, 0xed, 0xfe, 0xed, 0xfe, 0xed, 0xfe, 0xcd, 0xfe, 0xcd, 0xfe,
    0xcd, 0xfe, 0xad, 0xfe, 0xad, 0xfe, 0xad, 0xfe, 0x8c, 0xfe, 0x8d, 0xfe,
    0x8d, 0xfe, 0x6d, 0xfe, 0x6d, 0xfe, 0x6d, 0xfe, 0x6d, 0xf6, 0x6e, 0xfe,
    0x8e, 0xfe, 0x8f, 0xfe, 0x90, 0xfe, 0xb0, 0xfe, 0xb1, 0xfe, 0xd2, 0xfe,
    0xf3, 0xfe, 0x14, 0xff, 0x15, 0xff, 0x15, 0xff, 0xd4, 0xfe, 0x93, 0xf6,
    0x51, 0xf6, 0xf0, 0xed, 0x8f, 0xe5, 0x6e, 0xe5, 0x4e, 0xe5, 0x6d, 0xe5,
    0x6e, 0xe5, 0x8e, 0xe5, 0xaf, 0xe5, 0xcf, 0xed, 0xcf, 0xed, 0xcf, 0xed,
    0xf0, 0xed, 0xf0, 0xed, 0xf1, 0xf5, 0x11, 0xf6, 0x32, 0xf6, 0x32, 0xf6,
    0x53, 0xfe, 0x74, 0xfe, 0x74, 0xfe, 0x95, 0xfe, 0xb5, 0xfe, 0xb5, 0xfe,
    0xb6, 0xfe, 0xb6, 0xfe, 0x96, 0xfe, 0x96, 0xfe, 0x96, 0xfe, 0x75, 0xfe,
    0x75, 0xf6, 0x75, 0xfe, 0x75, 0xfe, 0x75, 0xf6, 0x75, 0xf6, 0x75, 0xf6,
    0x75, 0xf6, 0x55, 0xf6, 0x75, 0xfe, 0x55, 0xf6, 0x55, 0xf6, 0x55, 0xf6,
    0x54, 0xf6, 0x55, 0xf6, 0x55, 0xf6, 0x55, 0xf6, 0x55, 0xfe, 0x55, 0xf6,
    0x55, 0xf6, 0x55, 0xfe, 0x55, 0xf6, 0x55, 0xf6, 0x55, 0xf6, 0x55, 0xf6,
    0x55, 0xf6, 0x55, 0xf6, 0x55, 0xf6, 0x75, 0xf6, 0x75, 0xf6, 0x75, 0xf6,
    0xc2, 0x99, 0xc2, 0x99, 0xc2, 0x99, 0xc2, 0x99, 0xc2, 0x99, 0xc2, 0x91,
    0xc2, 0x99, 0xc2, 0x91, 0xa2, 0x91, 0xa2, 0x91, 0xa2, 0x89, 0x82, 0x89,
    0x61, 0x89, 0x61, 0x81, 0x61, 0x81, 0x41, 0x81, 0x21, 0x79, 0x01, 0x79,
    0xe1, 0x70, 0xc0, 0x68, 0xa0, 0x60, 0xa0, 0x58, 0xa0, 0x50, 0x80, 0x50,
    0xa0, 0x58, 0xc0, 0x58, 0xe1, 0x60, 0xe1, 0x68, 0xe1, 0x68, 0x01, 0x69,
    0x01, 0x69, 0x01, 0x71, 0x21, 0x71, 0x21, 0x71, 0x41, 0x79, 0x41, 0x79,
    0x41, 0x79, 0x61, 0x81, 0x61, 0x81, 0x81, 0x89, 0x82, 0x91, 0x81, 0x91,
    0xa2, 0x91, 0xa2, 0x99, 0xc2, 0x99, 0xc2, 0x99, 0xc2, 0x99, 0xe2, 0xa1,
    0xe2, 0xa1, 0xe2, 0xa1, 0xe2, 0xa1, 0xe1, 0xa1, 0xe2, 0xa1, 0xe2, 0xa1,
    0xc1, 0xa1, 0xc2, 0x99, 0xc2, 0xa1, 0xc2, 0x99, 0xc2, 0x99, 0xc2, 0x99,
    0xc2, 0x99, 0xe2, 0xa1, 0x02, 0xa2, 0x03, 0xa2, 0x23, 0xa2, 0x44, 0xaa,
    0x84, 0xaa, 0xa4, 0xaa, 0xc5, 0xb2, 0xe5, 0xb2, 0x25, 0xb3, 0x46, 0xbb,
    0x86, 0xbb, 0xc7, 0xc3, 0xe7, 0xcb, 0x28, 0xcc, 0x68, 0xd4, 0xa9, 0xdc,
    0xe9, 0xdc, 0x2a, 0xe5, 0x6a, 0xe5, 0x8b, 0xed, 0xeb, 0xed, 0x0c, 0xf6,
    0x2c, 0xfe, 0x6d, 0xfe, 0x6d, 0xfe, 0xad, 0xfe, 0xcd, 0xfe, 0xed, 0xfe,
    0x0e, 0xff, 0x2e, 0xff, 0x4f, 0xff, 0x4f, 0xff, 0x6f, 0xff, 0x6f, 0xff,
    0x6f, 0xff, 0x6e, 0xff, 0x4e, 0xff, 0x4e, 0xff, 0x4e, 0xff, 0x2e, 0xff,
    0x0d, 0xff, 0x0d, 0xff, 0x0d, 0xff, 0xed, 0xfe, 0xed, 0xfe, 0xed, 0xfe,
    0xed, 0xfe, 0xee, 0xfe, 0xee, 0xfe, 0xee, 0xfe, 0xce, 0xfe, 0x8e, 0xfe,
    0x6d, 0xfe, 0xed, 0xf5, 0x6c, 0xed, 0x0b, 0xed, 0x8b, 0xe4, 0x2a, 0xd4,
    0xe9, 0xd3, 0xc8, 0xcb, 0xa8, 0xcb, 0xa8, 0xcb, 0xc8, 0xcb, 0xe8, 0xcb,
    0xe8, 0xd3, 0x29, 0xd4, 0x29, 0xdc, 0x49, 0xdc, 0x6a, 0xdc, 0x8a, 0xdc,
    0xab, 0xe4, 0xcb, 0xe4, 0xec, 0xe4, 0x0c, 0xe5, 0x0d, 0xe5, 0x2e, 0xe5,
    0x6e, 0xed, 0x8f, 0xed, 0x90, 0xed, 0xd1, 0xed, 0xf2, 0xed, 0x13, 0xf6,
    0x33, 0xf6, 0x54, 0xf6, 0x75, 0xf6, 0x95, 0xfe, 0xb6, 0xfe, 0xb6, 0xfe,
    0xb7, 0xfe, 0xb7, 0xfe, 0xb6, 0xfe, 0xb6, 0xfe, 0xb6, 0xfe, 0x96, 0xfe,
    0x75, 0xfe, 0x75, 0xfe, 0x55, 0xf6, 0x54, 0xf6, 0x54, 0xf6, 0x54, 0xf6,
    0x35, 0xf6, 0x54, 0xf6, 0x34, 0xf6, 0x55, 0xf6, 0x55, 0xf6, 0x55, 0xfe,
    0x55, 0xf6, 0x55, 0xf6, 0x55, 0xfe, 0x55, 0xf6, 0x55, 0xfe, 0x55, 0xfe,
    0x56, 0xf6, 0x76, 0xfe, 0x76, 0xfe, 0x76, 0xfe, 0x76, 0xfe, 0x76, 0xfe,
    0xe2, 0x91, 0xe2, 0x91, 0xc1, 0x91, 0xc2, 0x91, 0xa2, 0x89, 0xa2, 0x91,
    0xa2, 0x91, 0xa2, 0x91, 0xa2, 0x91, 0xc2, 0x91, 0xc2, 0x91, 0xa2, 0x91,
    0xa2, 0x91, 0xa2, 0x91, 0xa2, 0x91, 0x82, 0x91, 0x81, 0x89, 0x61, 0x81,
    0x21, 0x79, 0x01, 0x71, 0xe1, 0x68, 0xc0, 0x60, 0xa0, 0x58, 0xa0, 0x58,
    0xc1, 0x60, 0xe1, 0x60, 0xe0, 0x68, 0xe1, 0x68, 0xe1, 0x70, 0x01, 0x69,
    0xe1, 0x68, 0xe0, 0x68, 0xe1, 0x60, 0xc1, 0x60, 0xc0, 0x60, 0xc1, 0x60,
    0xe1, 0x60, 0xc1, 0x68, 0xe1, 0x68, 0xe1, 0x68, 0xe1, 0x68, 0x01, 0x71,
    0x01, 0x71, 0x21, 0x79, 0x41, 0x81, 0x41, 0x81, 0x61, 0x89, 0x82, 0x89,
    0xa1, 0x91, 0xc2, 0x91, 0xc2, 0x99, 0xc2, 0x99, 0xe2, 0xa1, 0xe2, 0xa1,
    0xe2, 0xa1, 0xe2, 0xa1, 0xe2, 0xa1, 0xe2, 0xa1, 0xe2, 0xa1, 0xe2, 0xa1,
    0xe2, 0xa1, 0xc2, 0xa1, 0xc2, 0xa1, 0xc2, 0x99, 0xc2, 0x99, 0xa1, 0x99,
    0x81, 0x99, 0x81, 0x99, 0x61, 0x99, 0x61, 0x91, 0x61, 0x91, 0x81, 0x99,
    0x82, 0x99, 0x82, 0x99, 0xa2, 0x99, 0xc2, 0x99, 0x02, 0xa2, 0x23, 0xaa,
    0x63, 0xaa, 0xa4, 0xb2, 0xe5, 0xba, 0x25, 0xbb, 0x86, 0xc3, 0xc7, 0xcb,
    0x07, 0xd4, 0x68, 0xd4, 0x88, 0xdc, 0xc8, 0xe4, 0x29, 0xe5, 0x4a, 0xed,
    0x8a, 0xf5, 0xcb, 0xf5, 0x0c, 0xf6, 0x4c, 0xf6, 0x6c, 0xfe, 0x8d, 0xfe,
    0xcd, 0xfe, 0xcd, 0xfe, 0xed, 0xfe, 0x0e, 0xff, 0x0e, 0xff, 0x2e, 0xff,
    0x2e, 0xff, 0x2f, 0xff, 0x4f, 0xff, 0x4f, 0xff, 0x4f, 0xff, 0x4f, 0xff,
    0x4f, 0xff, 0x4f, 0xff, 0x6e, 0xff, 0x4e, 0xff, 0x0e, 0xff, 0x8d, 0xfe,
    0xeb, 0xf5, 0x09, 0xed, 0x07, 0xdc, 0x45, 0xcb, 0xa4, 0xc2, 0x44, 0xba,
    0x03, 0xb2, 0x04, 0xaa, 0x04, 0xaa, 0x44, 0xaa, 0x64, 0xaa, 0x85, 0xb2,
    0x85, 0xb2, 0xa5, 0xba, 0xc5, 0xba, 0xe6, 0xba, 0x06, 0xbb, 0x26, 0xc3,
    0x47, 0xc3, 0x67, 0xc3, 0x87, 0xcb, 0xc8, 0xcb, 0xe8, 0xcb, 0x09, 0xd4,
    0x29, 0xd4, 0x4a, 0xd4, 0x6b, 0xd4, 0xab, 0xdc, 0xcc, 0xdc, 0x0d, 0xe5,
    0x2e, 0xe5, 0x6f, 0xe5, 0xb0, 0xed, 0xd1, 0xed, 0x12, 0xee, 0x33, 0xf6,
    0x54, 0xf6, 0x75, 0xfe, 0x95, 0xfe, 0x75, 0xfe, 0x96, 0xfe, 0x96, 0xfe,
    0x96, 0xfe, 0x96, 0xfe, 0x96, 0xfe, 0x75, 0xfe, 0x75, 0xfe, 0x75, 0xfe,
    0x55, 0xfe, 0x55, 0xfe, 0x55, 0xfe, 0x55, 0xf6, 0x55, 0xfe, 0x55, 0xf6,
    0x55, 0xf6, 0x55, 0xfe, 0x55, 0xf6, 0x75, 0xf6, 0x75, 0xfe, 0x76, 0xfe,
    0x76, 0xfe, 0x76, 0xfe, 0x96, 0xfe, 0x96, 0xfe, 0x97, 0xfe, 0xb6, 0xfe,
    0x01, 0x92, 0x02, 0x92, 0xc1, 0x89, 0xa1, 0x89, 0x61, 0x81, 0x61, 0x81,
    0x61, 0x81, 0x82, 0x89, 0xa2, 0x91, 0xa2, 0x91, 0xc2, 0x99, 0xc2, 0x99,
    0xc2, 0x91, 0xc2, 0x91, 0xa2, 0x91, 0xa2, 0x91, 0xa2, 0x91, 0x81, 0x89,
    0x61, 0x81, 0x41, 0x79, 0x01, 0x69, 0xe1, 0x68, 0xc1, 0x60, 0xc0, 0x60,
    0xe1, 0x68, 0x01, 0x71, 0x21, 0x79, 0x21, 0x79, 0x41, 0x81, 0x41, 0x81,
    0x21, 0x79, 0x21, 0x79, 0x21, 0x71, 0x01, 0x71, 0x01, 0x71, 0x01, 0x69,
    0xe1, 0x68, 0xe0, 0x68, 0xe1, 0x68, 0xc0, 0x60, 0xc0, 0x68, 0xc0, 0x60,
    0xc0, 0x68, 0xc1, 0x60, 0xe0, 0x68, 0xe1, 0x68, 0xe1, 0x68, 0xe1, 0x68,
    0xe1, 0x68, 0x01, 0x71, 0x21, 0x71, 0x21, 0x79, 0x41, 0x79, 0x61, 0x81,
    0x61, 0x89, 0x81, 0x89, 0xa1, 0x91, 0xa2, 0x91, 0xc2, 0x99, 0xc2, 0x99,
    0xc2, 0x99, 0xe2, 0x99, 0xe2, 0xa1, 0xe2, 0xa1, 0xc2, 0xa1, 0xc2, 0xa1,
    0xc2, 0xa1, 0xc2, 0xa1, 0xa1, 0x99, 0xa1, 0x99, 0xa1, 0x99, 0x81, 0x99,
    0x81, 0x99, 0x81, 0x99, 0x81, 0x99, 0x81, 0x99, 0x81, 0x99, 0x81, 0x99,
    0xa1, 0x99, 0xa1, 0x99, 0xa2, 0x99, 0xc2, 0xa1, 0xe2, 0xa1, 0x02, 0xa2,
    0x02, 0xa2, 0x23, 0xaa, 0x43, 0xaa, 0x63, 0xb2, 0xa4, 0xb2, 0xc4, 0xba,
    0x05, 0xbb, 0x45, 0xc3, 0x86, 0xc3, 0xc7, 0xcb, 0x27, 0xd4, 0x68, 0xd4,
    0xa8, 0xdc, 0xe9, 0xe4, 0x4a, 0xe5, 0x6a, 0xed, 0xcb, 0xf5, 0xec, 0xf5,
    0x0c, 0xfe, 0x4c, 0xfe, 0x4c, 0xfe, 0x6c, 0xfe, 0x6c, 0xfe, 0x6c, 0xfe,
    0x6c, 0xfe, 0x6c, 0xfe, 0x4c, 0xfe, 0x4c, 0xfe, 0x0b, 0xfe, 0x8b, 0xfd,
    0xe9, 0xec, 0x27, 0xe4, 0x86, 0xd3, 0xc4, 0xc2, 0x43, 0xba, 0x02, 0xb2,
    0xc2, 0xa1, 0xa2, 0xa1, 0x82, 0x99, 0x82, 0x99, 0x82, 0x99, 0x82, 0x99,
    0x82, 0x91, 0x82, 0x91, 0x82, 0x91, 0x82, 0x91, 0x82, 0x91, 0x83, 0x91,
    0xa3, 0x99, 0xe3, 0x99, 0x04, 0xa2, 0x24, 0xa2, 0x65, 0xb2, 0xa5, 0xb2,
    0xc6, 0xba, 0x06, 0xbb, 0x47, 0xc3, 0x88, 0xc3, 0xc8, 0xcb, 0x09, 0xcc,
    0x2a, 0xd4, 0x6a, 0xd4, 0x8b, 0xdc, 0xcc, 0xdc, 0xec, 0xdc, 0x2d, 0xe5,
    0x2e, 0xe5, 0x6f, 0xe5, 0xb0, 0xed, 0xd1, 0xed, 0xf3, 0xf5, 0x33, 0xf6,
    0x54, 0xf6, 0x75, 0xfe, 0x96, 0xfe, 0x96, 0xfe, 0x96, 0xfe, 0x96, 0xfe,
    0x96, 0xfe, 0x96, 0xfe, 0x96, 0xfe, 0x75, 0xfe, 0x75, 0xfe, 0x75, 0xfe,
    0x75, 0xfe, 0x76, 0xfe, 0x76, 0xfe, 0x96, 0xfe, 0x96, 0xfe, 0x96, 0xf6,
    0x96, 0xfe, 0x96, 0xfe, 0x96, 0xfe, 0x96, 0xf6, 0x96, 0xfe, 0x96, 0xfe,
    0xc1, 0x89, 0xc1, 0x89, 0x81, 0x81, 0x61, 0x81, 0x41, 0x79, 0x41, 0x79,
    0x41, 0x81, 0x61, 0x89, 0xa2, 0x89, 0xa2, 0x91, 0xa2, 0x91, 0xc2, 0x91,
    0xc2, 0x91, 0xc2, 0x99, 0xc2, 0x91, 0xa2, 0x91, 0xa2, 0x91, 0x81, 0x89,
    0x61, 0x81, 0x41, 0x79, 0x01, 0x71, 0x01, 0x69, 0xe1, 0x60, 0xe1, 0x60,
    0x01, 0x69, 0x21, 0x71, 0x41, 0x79, 0x41, 0x81, 0x61, 0x89, 0x61, 0x89,
    0x61, 0x89, 0x61, 0x81, 0x61, 0x81, 0x41, 0x81, 0x41, 0x81, 0x41, 0x81,
    0x21, 0x79, 0x21, 0x79, 0x21, 0x79, 0x21, 0x71, 0x01, 0x71, 0x01, 0x71,
    0x01, 0x71, 0xe0, 0x68, 0xe1, 0x68, 0xe0, 0x68, 0xc0, 0x60, 0xc0, 0x60,
    0xc0, 0x60, 0xc0, 0x60, 0xc0, 0x60, 0xe1, 0x68, 0xe1, 0x68, 0xe0, 0x68,
    0x01, 0x69, 0x01, 0x71, 0x01, 0x71, 0x21, 0x71, 0x21, 0x79, 0x41, 0x79,
    0x41, 0x81, 0x61, 0x81, 0x62, 0x89, 0x82, 0x89, 0xa2, 0x91, 0xa2, 0x91,
    0xc2, 0x91, 0xc2, 0x99, 0xc2, 0x99, 0xe2, 0xa1, 0xe2, 0xa1, 0xe2, 0xa1,
    0xe2, 0xa1, 0xe2, 0xa1, 0xe2, 0xa1, 0xe2, 0xa1, 0xe2, 0xa1, 0xe2, 0xa1,
    0xc2, 0xa1, 0xc2, 0xa1, 0xc1, 0xa1, 0xa1, 0xa1, 0xa1, 0x99, 0x81, 0x99,
    0x81, 0x99, 0x81, 0x99, 0x81, 0x99, 0x81, 0x99, 0x81, 0x99, 0x81, 0x99,
    0xa1, 0x99, 0xa2, 0xa1, 0xc2, 0xa1, 0x02, 0xa2, 0x23, 0xaa, 0x43, 0xaa,
    0x64, 0xb2, 0xa4, 0xb2, 0xe5, 0xba, 0x05, 0xbb, 0x45, 0xc3, 0x86, 0xc3,
    0xa6, 0xc3, 0xc6, 0xcb, 0xe7, 0xd3, 0xe7, 0xd3, 0x07, 0xd4, 0x07, 0xdc,
    0x28, 0xdc, 0x48, 0xdc, 0x48, 0xe4, 0x68, 0xe4, 0x68, 0xe4, 0x48, 0xe4,
    0x48, 0xe4, 0x07, 0xe4, 0xe7, 0xdb, 0xa6, 0xdb, 0x66, 0xd3, 0x25, 0xcb,
    0x04, 0xc3, 0xe4, 0xc2, 0xa4, 0xba, 0x83, 0xba, 0x63, 0xb2, 0x43, 0xb2,
    0x23, 0xaa, 0x03, 0xa2, 0xc2, 0x99, 0xa2, 0x99, 0x82, 0x91, 0x82, 0x91,
    0x62, 0x89, 0x62, 0x89, 0x62, 0x89, 0x62, 0x91, 0x62, 0x91, 0x83, 0x99,
    0xa3, 0x99, 0xe3, 0xa1, 0xe3, 0xa1, 0x24, 0xa2, 0x44, 0xaa, 0x44, 0xaa,
    0x85, 0xb2, 0xc5, 0xb2, 0x27, 0xbb, 0x88, 0xc3, 0xe9, 0xcb, 0x2b, 0xd4,
    0x8c, 0xd4, 0xcd, 0xdc, 0x0e, 0xdd, 0x4f, 0xe5, 0x90, 0xe5, 0xb1, 0xed,
    0xf2, 0xed, 0x12, 0xf6, 0x33, 0xf6, 0x54, 0xf6, 0x55, 0xf6, 0x75, 0xf6,
    0x96, 0xfe, 0x96, 0xfe, 0x96, 0xfe, 0xb7, 0xfe, 0xb7, 0xfe, 0xb7, 0xfe,
    0xb7, 0xfe, 0xb7, 0xfe, 0xb7, 0xfe, 0x96, 0xfe, 0x96, 0xf6, 0x96, 0xf6,
    0x96, 0xf6, 0x75, 0xf6, 0x54, 0xf6, 0x34, 0xf6, 0x33, 0xf6, 0x13, 0xf6,
    0x81, 0x89, 0x82, 0x89, 0x62, 0x89, 0x61, 0x81, 0x62, 0x81, 0x62, 0x81,
    0x62, 0x89, 0x82, 0x89, 0xa2, 0x91, 0xa2, 0x91, 0xc2, 0x91, 0xc2, 0x99,
    0xc2, 0x99, 0xc2, 0x99, 0xc2, 0x99, 0xc2, 0x99, 0xa2, 0x91, 0x81, 0x89,
    0x61, 0x81, 0x41, 0x79, 0x01, 0x71, 0x00, 0x69, 0xe0, 0x60, 0xe1, 0x68,
    0x01, 0x69, 0x21, 0x79, 0x41, 0x81, 0x61, 0x89, 0x82, 0x89, 0x82, 0x89,
    0x81, 0x89, 0x62, 0x89, 0x62, 0x89, 0x61, 0x89, 0x61, 0x81, 0x61, 0x81,
    0x41, 0x81, 0x61, 0x81, 0x41, 0x81, 0x41, 0x81, 0x41, 0x81, 0x41, 0x79,
    0x41, 0x79, 0x41, 0x79, 0x41, 0x79, 0x21, 0x79, 0x21, 0x79, 0x01, 0x79,
    0x01, 0x71, 0x01, 0x71, 0x01, 0x71, 0xe1, 0x68, 0xe1, 0x68, 0xe1, 0x68,
    0xe1, 0x68, 0xc1, 0x68, 0xc1, 0x60, 0xc0, 0x60, 0xc0, 0x60, 0xc1, 0x68,
    0xc1, 0x60, 0xe0, 0x68, 0xe1, 0x68, 0xe1, 0x68, 0x01, 0x71, 0x01, 0x71,
    0x21, 0x79, 0x21, 0x79, 0x41, 0x81, 0x62, 0x81, 0x62, 0x89, 0x82, 0x89,
    0x82, 0x91, 0xa2, 0x91, 0xc2, 0x91, 0xc2, 0x99, 0xc2, 0x99, 0xe2, 0x99,
    0xe2, 0x99, 0xe2, 0xa1, 0xe2, 0xa1, 0xe2, 0xa1, 0xe2, 0xa1, 0xe3, 0xa1,
    0xe2, 0xa1, 0xe2, 0xa1, 0xe2, 0xa1, 0xc2, 0xa1, 0xc2, 0xa1, 0xc2, 0xa1,
    0xa2, 0xa1, 0xa1, 0xa1, 0xa1, 0xa1, 0x81, 0x99, 0x81, 0x99, 0x81, 0x99,
    0x61, 0x99, 0x61, 0x99, 0x61, 0x91, 0x81, 0x99, 0x82, 0x99, 0xa2, 0x99,
    0xa2, 0x99, 0xc2, 0x99, 0xe2, 0xa1, 0xe2, 0xa1, 0x03, 0xa2, 0x03, 0xaa,
    0x43, 0xaa, 0x44, 0xaa, 0x64, 0xb2, 0xa4, 0xba, 0xe5, 0xba, 0x05, 0xc3,
    0x45, 0xcb, 0x86, 0xcb, 0x86, 0xd3, 0xa6, 0xd3, 0xc7, 0xd3, 0xc6, 0xdb,
    0xc6, 0xdb, 0xa6, 0xdb, 0xa6, 0xdb, 0xa6, 0xd3, 0x85, 0xd3, 0x65, 0xd3,
    0x45, 0xd3, 0x25, 0xcb, 0x25, 0xcb, 0xe4, 0xc2, 0xc4, 0xba, 0xa4, 0xb2,
    0x63, 0xb2, 0x43, 0xaa, 0x23, 0xa2, 0x02, 0xa2, 0xe2, 0xa1, 0xe2, 0xa1,
    0xc2, 0x99, 0xa2, 0x99, 0xa2, 0x99, 0x82, 0x99, 0x62, 0x99, 0x61, 0x99,
    0x62, 0x99, 0xa2, 0x99, 0x04, 0xa2, 0x86, 0xaa, 0x08, 0xb3, 0xab, 0xc3,
    0x0c, 0xc4, 0x6d, 0xcc, 0xae, 0xd4, 0xcf, 0xd4, 0xef, 0xd4, 0x2f, 0xdd,
    0x30, 0xdd, 0x50, 0xe5, 0x91, 0xe5, 0xb2, 0xe5, 0xd2, 0xed, 0x13, 0xee,
    0x34, 0xee, 0x55, 0xf6, 0x76, 0xf6, 0xb6, 0xf6, 0xb7, 0xf6, 0xd7, 0xfe,
    0xd7, 0xf6, 0xd7, 0xfe, 0xd7, 0xf6, 0xb7, 0xf6, 0xb7, 0xf6, 0xb7, 0xf6,
    0x96, 0xf6, 0x55, 0xf6, 0x13, 0xee, 0xd1, 0xed, 0x6f, 0xed, 0x4e, 0xe5,
    0x82, 0x91, 0xa2, 0x91, 0x82, 0x91, 0xa2, 0x91, 0xa2, 0x91, 0xa2, 0x91,
    0xa2, 0x91, 0xa2, 0x91, 0xc2, 0x91, 0xc2, 0x91, 0xc2, 0x91, 0xc2, 0x91,
    0xc2, 0x99, 0xc2, 0x99, 0xc2, 0x99, 0xe2, 0x99, 0xc2, 0x99, 0xa2, 0x91,
    0x82, 0x89, 0x41, 0x81, 0x01, 0x71, 0x01, 0x69, 0xe0, 0x68, 0xe0, 0x68,
    0x01, 0x71, 0x41, 0x79, 0x61, 0x81, 0x82, 0x89, 0x82, 0x89, 0x82, 0x89,
    0x82, 0x89, 0x82, 0x89, 0x82, 0x89, 0x61, 0x89, 0x61, 0x89, 0x62, 0x89,
    0x62, 0x81, 0x61, 0x81, 0x62, 0x81, 0x61, 0x81, 0x61, 0x81, 0x62, 0x81,
    0x61, 0x81, 0x61, 0x81, 0x41, 0x81, 0x41, 0x81, 0x62, 0x81, 0x41, 0x81,
    0x41, 0x81, 0x41, 0x81, 0x41, 0x79, 0x21, 0x79, 0x21, 0x79, 0x21, 0x71,
    0x01, 0x71, 0x01, 0x71, 0x01, 0x71, 0x01, 0x71, 0xe1, 0x68, 0xe1, 0x68,
    0xe0, 0x68, 0xc0, 0x60, 0xc0, 0x60, 0xc1, 0x60, 0xc0, 0x60, 0xc0, 0x68,
    0xc0, 0x60, 0xc0, 0x68, 0xe1, 0x68, 0xe1, 0x68, 0xe1, 0x68, 0xe1, 0x68,
    0x01, 0x69, 0x01, 0x71, 0x21, 0x71, 0x21, 0x79, 0x41, 0x79, 0x62, 0x81,
    0x62, 0x81, 0x62, 0x89, 0x82, 0x89, 0x82, 0x91, 0xa2, 0x91, 0xc2, 0x99,
    0xc2, 0x99, 0xe2, 0xa1, 0xe2, 0xa1, 0xe2, 0xa1, 0xe2, 0xa1, 0xe2, 0xa9,
    0xe2, 0xa9, 0xe2, 0xa1, 0xe2, 0xa1, 0xc2, 0xa1, 0xc2, 0xa1, 0xa2, 0xa1,
    0xa2, 0x99, 0xa1, 0x99, 0x81, 0x99, 0x82, 0x91, 0x81, 0x91, 0x81, 0x91,
    0x82, 0x91, 0x82, 0x91, 0x81, 0x91, 0x81, 0x91, 0x81, 0x91, 0x82, 0x99,
    0x81, 0x99, 0x81, 0x91, 0xa2, 0x99, 0xa2, 0x99, 0xc2, 0x99, 0xe2, 0x99,
    0xe3, 0xa1, 0x23, 0xa2, 0x43, 0xaa, 0x64, 0xaa, 0x84, 0xb2, 0xc4, 0xb2,
    0xc5, 0xba, 0x05, 0xbb, 0x05, 0xc3, 0x25, 0xc3, 0x25, 0xcb, 0x45, 0xcb,
    0x45, 0xcb, 0x46, 0xcb, 0x65, 0xcb, 0x65, 0xcb, 0x45, 0xcb, 0x45, 0xcb,
    0x45, 0xcb, 0x45, 0xcb, 0x25, 0xcb, 0x25, 0xcb, 0x04, 0xc3, 0xe4, 0xc2,
    0xc4, 0xba, 0xa4, 0xba, 0x84, 0xb2, 0x63, 0xb2, 0x22, 0xaa, 0xe2, 0xa1,
    0xc1, 0xa1, 0xc2, 0x99, 0xe3, 0xa1, 0x45, 0xa2, 0xc7, 0xaa, 0x2a, 0xb3,
    0x8b, 0xb3, 0xcc, 0xbb, 0xed, 0xc3, 0x0d, 0xc4, 0x0d, 0xc4, 0x4e, 0xcc,
    0x4e, 0xcc, 0x6e, 0xcc, 0x8e, 0xd4, 0xae, 0xd4, 0xcf, 0xd4, 0xef, 0xdc,
    0x30, 0xdd, 0x50, 0xe5, 0xb1, 0xe5, 0xd2, 0xe5, 0xf3, 0xed, 0x13, 0xee,
    0x34, 0xee, 0x54, 0xee, 0x55, 0xee, 0x75, 0xf6, 0x75, 0xf6, 0x75, 0xf6,
    0x34, 0xee, 0xd2, 0xed, 0x70, 0xe5, 0xee, 0xe4, 0x8c, 0xdc, 0x6b, 0xdc,
    0xa2, 0x91, 0xc2, 0x91, 0xc2, 0x91, 0xc2, 0x99, 0xc2, 0x99, 0xc2, 0x99,
    0xc2, 0x99, 0xc2, 0x91, 0xc2, 0x99, 0xc2, 0x91, 0xa2, 0x91, 0xa2, 0x91,
    0xc1, 0x99, 0xc2, 0x99, 0xc2, 0x99, 0xe2, 0x99, 0xc2, 0x99, 0xa2, 0x91,
    0x81, 0x89, 0x61, 0x81, 0x21, 0x79, 0x01, 0x71, 0xe0, 0x68, 0xe1, 0x68,
    0x01, 0x69, 0x21, 0x79, 0x61, 0x81, 0x82, 0x89, 0x81, 0x89, 0xa1, 0x89,
    0x82, 0x89, 0x82, 0x89, 0x82, 0x89, 0x82, 0x89, 0x82, 0x89, 0x82, 0x89,
    0x81, 0x89, 0x82, 0x89, 0x82, 0x89, 0x62, 0x89, 0x61, 0x89, 0x62, 0x89,
    0x61, 0x81, 0x62, 0x89, 0x62, 0x89, 0x62, 0x89, 0x61, 0x89, 0x61, 0x81,
    0x61, 0x89, 0x61, 0x89, 0x61, 0x81, 0x61, 0x81, 0x61, 0x81, 0x61, 0x81,
    0x61, 0x81, 0x41, 0x81, 0x41, 0x81, 0x61, 0x81, 0x41, 0x81, 0x41, 0x79,
    0x41, 0x79, 0x21, 0x71, 0x21, 0x71, 0x01, 0x71, 0xe1, 0x68, 0xe0, 0x68,
    0xe0, 0x68, 0xc1, 0x60, 0xc0, 0x60, 0xc0, 0x60, 0xc0, 0x60, 0xc0, 0x60,
    0xc0, 0x60, 0xc0, 0x60, 0xc0, 0x60, 0xc1, 0x60, 0xe1, 0x68, 0xe0, 0x68,
    0xe1, 0x68, 0xe1, 0x68, 0x01, 0x69, 0x01, 0x71, 0x01, 0x71, 0x21, 0x71,
    0x21, 0x79, 0x42, 0x79, 0x41, 0x81, 0x62, 0x81, 0x62, 0x89, 0x81, 0x89,
    0x82, 0x89, 0xa2, 0x91, 0xa2, 0x91, 0xa2, 0x99, 0xc2, 0x99, 0xc2, 0x99,
    0xc2, 0x99, 0xc2, 0x99, 0xe2, 0x99, 0xe2, 0x99, 0xc2, 0x99, 0xc2, 0xa1,
    0xe2, 0x99, 0xc2, 0x99, 0xc2, 0x99, 0xc2, 0x99, 0xc2, 0x99, 0xc2, 0x99,
    0xa1, 0x99, 0xa2, 0x99, 0xa1, 0x99, 0x81, 0x91, 0x81, 0x91, 0x81, 0x91,
    0xa2, 0x91, 0x82, 0x99, 0xa2, 0x91, 0xa2, 0x99, 0xc2, 0x99, 0xc2, 0x99,
    0xe2, 0x99, 0x02, 0x9a, 0x02, 0xa2, 0x03, 0xa2, 0x23, 0xa2, 0x43, 0xaa,
    0x43, 0xaa, 0x43, 0xaa, 0x63, 0xaa, 0x84, 0xb2, 0x84, 0xb2, 0xa4, 0xba,
    0xc4, 0xba, 0xc4, 0xba, 0xc4, 0xba, 0xe4, 0xc2, 0xe5, 0xc2, 0xe5, 0xc2,
    0x04, 0xc3, 0xe5, 0xc2, 0xe4, 0xc2, 0xe4, 0xc2, 0xe4, 0xba, 0xc4, 0xba,
    0xc4, 0xba, 0xc4, 0xba, 0xc4, 0xba, 0xe5, 0xba, 0x06, 0xbb, 0x47, 0xbb,
    0x48, 0xbb, 0x48, 0xbb, 0x69, 0xbb, 0x49, 0xbb, 0x49, 0xbb, 0x49, 0xbb,
    0x48, 0xbb, 0x28, 0xbb, 0x28, 0xbb, 0x08, 0xb3, 0x08, 0xbb, 0x28, 0xbb,
    0x28, 0xbb, 0x68, 0xbb, 0x89, 0xc3, 0xaa, 0xc3, 0x0b, 0xcc, 0x2b, 0xd4,
    0x6c, 0xd4, 0xad, 0xdc, 0xce, 0xdc, 0xce, 0xdc, 0xce, 0xdc, 0xae, 0xdc,
    0x4d, 0xd4, 0x0b, 0xcc, 0xaa, 0xcb, 0x68, 0xc3, 0x27, 0xc3, 0xe6, 0xc2,
    0xc2, 0x91, 0xc2, 0x91, 0xc2, 0x91, 0xc2, 0x99, 0xc2, 0x99, 0xc2, 0x91,
    0xc2, 0x99, 0xc2, 0x99, 0xc2, 0x99, 0xc2, 0x99, 0xa2, 0x91, 0xa2, 0x91,
    0xc1, 0x99, 0xc1, 0x99, 0xc2, 0x99, 0xe2, 0x99, 0xc2, 0x99, 0xc1, 0x91,
    0x81, 0x89, 0x61, 0x81, 0x21, 0x79, 0x01, 0x71, 0xe0, 0x68, 0xe1, 0x68,
    0x01, 0x71, 0x21, 0x79, 0x61, 0x81, 0x82, 0x89, 0xa2, 0x91, 0xa1, 0x91,
    0xa2, 0x91, 0xa1, 0x91, 0xa2, 0x91, 0xa2, 0x91, 0xa1, 0x89, 0xa2, 0x89,
    0x82, 0x89, 0x81, 0x91, 0x82, 0x89, 0x81, 0x89, 0x81, 0x89, 0x61, 0x89,
    0x62, 0x89, 0x61, 0x89, 0x61, 0x89, 0x61, 0x81, 0x61, 0x89, 0x61, 0x89,
    0x62, 0x89, 0x81, 0x89, 0x81, 0x89, 0x82, 0x89, 0x82, 0x89, 0x61, 0x89,
    0x61, 0x89, 0x81, 0x89, 0x81, 0x81, 0x81, 0x89, 0xa1, 0x89, 0xa1, 0x89,
    0xa1, 0x81, 0x81, 0x79, 0x41, 0x79, 0x41, 0x71, 0x21, 0x71, 0x01, 0x71,
    0x01, 0x71, 0x01, 0x71, 0x01, 0x71, 0x01, 0x71, 0x01, 0x71, 0x01, 0x71,
    0xe1, 0x70, 0xe0, 0x68, 0xe1, 0x68, 0xc0, 0x60, 0xc0, 0x60, 0xc0, 0x60,
    0xa0, 0x58, 0xa0, 0x58, 0xa0, 0x58, 0xa0, 0x58, 0xa0, 0x58, 0xa0, 0x58,
    0xa0, 0x58, 0xa0, 0x58, 0xc0, 0x58, 0xc0, 0x60, 0xc1, 0x60, 0xe1, 0x68,
    0xe1, 0x68, 0x01, 0x71, 0x21, 0x79, 0x41, 0x79, 0x61, 0x81, 0x81, 0x89,
    0x82, 0x91, 0xa2, 0x99, 0xc2, 0x99, 0xc2, 0xa1, 0xe2, 0xa1, 0xe2, 0xa1,
    0xe2, 0xa1, 0xe2, 0xa1, 0xe2, 0xa1, 0xe2, 0xa1, 0xe2, 0xa1, 0xe2, 0xa1,
    0xe2, 0xa1, 0xe2, 0xa1, 0xe2, 0xa1, 0xe2, 0xa1, 0xe2, 0xa1, 0xe2, 0xa1,
    0xe2, 0x99, 0xe2, 0x99, 0xc2, 0x99, 0xc1, 0x99, 0xc1, 0x99, 0xc2, 0x99,
    0xa1, 0x99, 0x81, 0x91, 0x81, 0x91, 0x61, 0x91, 0x61, 0x91, 0x61, 0x89,
    0x61, 0x89, 0x61, 0x91, 0x61, 0x89, 0x61, 0x91, 0x81, 0x91, 0xa2, 0x91,
    0xc2, 0x91, 0xc2, 0x99, 0xe2, 0x99, 0x02, 0xa2, 0x23, 0xa2, 0x43, 0xaa,
    0x63, 0xaa, 0x84, 0xb2, 0xc4, 0xba, 0xe4, 0xba, 0x05, 0xc3, 0x45, 0xcb,
    0x65, 0xcb, 0x86, 0xd3, 0x86, 0xd3, 0xa6, 0xd3, 0xa6, 0xd3, 0x86, 0xd3,
    0x65, 0xcb, 0x45, 0xcb, 0x25, 0xc3, 0x04, 0xbb, 0xc4, 0xba, 0xa4, 0xb2,
    0x63, 0xaa, 0x43, 0xaa, 0x02, 0xa2, 0xc2, 0xa1, 0xa1, 0xa1, 0xa1, 0x99,
    0x81, 0x99, 0x82, 0x99, 0xc2, 0xa1, 0xe3, 0xa9, 0x24, 0xaa, 0x85, 0xba,
    0xc6, 0xc2, 0x07, 0xcb, 0x27, 0xcb, 0x27, 0xcb, 0x06, 0xc3, 0xa6, 0xba,
    0x45, 0xba, 0x24, 0xb2, 0x03, 0xaa, 0xe3, 0xa9, 0xe2, 0xa1, 0xc2, 0xa1
};
