// 4.26.1 0xc9c66256 D2 R0 FRGB565 U565 N0 SExtFlashSection
// Generated by imageconverter. Please, do not edit!

#include <touchgfx/hal/Config.hpp>

LOCATION_PRAGMA("ExtFlashSection")
KEEP extern const unsigned char image_b[] LOCATION_ATTRIBUTE("ExtFlashSection") = { // 180x75 RGB565 pixels.
    0x9e, 0xf7, 0x9e, 0xf7, 0x9e, 0xf7, 0x9e, 0xf7, 0x9e, 0xf7, 0xbe, 0xf7,
    0xbf, 0xff, 0xdf, 0xff, 0xff, 0xff, 0xff, 0xff, 0xff, 0xff, 0xff, 0xff,
    0xff, 0xff, 0xff, 0xff, 0xdf, 0xff, 0xbe, 0xf7, 0x9e, 0xf7, 0x9e, 0xf7,
    0x9e, 0xf7, 0x9e, 0xf7, 0xbe, 0xf7, 0xdf, 0xff, 0xdf, 0xff, 0xff, 0xff,
    0xff, 0xff, 0xff, 0xff, 0xff, 0xff, 0xff, 0xff, 0xdf, 0xff, 0xbf, 0xff,
    0x9e, 0xf7, 0x9e, 0xf7, 0x9e, 0xf7, 0x9e, 0xf7, 0x9e, 0xf7, 0xbf, 0xff,
    0xdf, 0xff, 0xff, 0xff, 0xff, 0xff, 0xff, 0xff, 0xff, 0xff, 0xff, 0xff,
    0xff, 0xff, 0xdf, 0xff, 0xbe, 0xf7, 0x9e, 0xf7, 0x9e, 0xf7, 0x9e, 0xf7,
    0x9e, 0xf7, 0xbe, 0xf7, 0xdf, 0xff, 0xff, 0xff, 0xff, 0xff, 0xff, 0xff,
    0xff, 0xff, 0xff, 0xff, 0xff, 0xff, 0xdf, 0xff, 0xbe, 0xf7, 0x9e, 0xf7,
    0x9e, 0xf7, 0x9e, 0xf7, 0x9e, 0xf7, 0x9e, 0xf7, 0xbf, 0xff, 0xdf, 0xff,
    0xff, 0xff, 0xff, 0xff, 0xff, 0xff, 0xff, 0xff, 0xff, 0xff, 0xdf, 0xff,
    0xbf, 0xff, 0x9e, 0xf7, 0x9e, 0xf7, 0x9e, 0xf7, 0x9e, 0xf7, 0x9e, 0xf7,
    0xbe, 0xf7, 0xdf, 0xff, 0xff, 0xff, 0xff, 0xff, 0xff, 0xff, 0xff, 0xff,
    0xff, 0xff, 0xff, 0xff, 0xdf, 0xff, 0xbe, 0xf7, 0x9e, 0xf7, 0x9e, 0xf7,
    0x9e, 0xf7, 0x9e, 0xf7, 0xbe, 0xf7, 0xdf, 0xff, 0xdf, 0xff, 0xff, 0xff,
    0xff, 0xff, 0xff, 0xff, 0xff, 0xff, 0xff, 0xff, 0xdf, 0xff, 0xbe, 0xf7,
    0x9e, 0xf7, 0x9e, 0xf7, 0x9e, 0xf7, 0x9e, 0xf7, 0x9e, 0xf7, 0xbf, 0xff,
    0xdf, 0xff, 0xff, 0xff, 0xff, 0xff, 0xff, 0xff, 0xff, 0xff, 0xff, 0xff,
    0xdf, 0xff, 0xbf, 0xff, 0xbe, 0xf7, 0x9e, 0xf7, 0x9e, 0xf7, 0x9e, 0xf7,
    0x9e, 0xf7, 0xbe, 0xf7, 0xdf, 0xff, 0xff, 0xff, 0xff, 0xff, 0xff, 0xff,
    0xff, 0xff, 0xff, 0xff, 0xff, 0xff, 0xdf, 0xff, 0xbe, 0xf7, 0x9e, 0xf7,
    0x9e, 0xf7, 0x9e, 0xf7, 0x9e, 0xf7, 0xbe, 0xf7, 0xdf, 0xff, 0xff, 0xff,
    0xff, 0xff, 0xff, 0xff, 0xff, 0xff, 0xff, 0xff, 0xff, 0xff, 0xdf, 0xff,
    0xbf, 0xff, 0x9e, 0xf7, 0x9e, 0xf7, 0x9e, 0xf7, 0x9e, 0xf7, 0x9e, 0xf7,
    0xbf, 0xff, 0xdf, 0xff, 0xff, 0xff, 0xff, 0xff, 0xff, 0xff, 0xff, 0xff,
    0xff, 0xff, 0xdf, 0xff, 0xbf, 0xff, 0xbe, 0xf7, 0x9e, 0xf7, 0x9e, 0xf7,
    0x9e, 0xf7, 0x9e, 0xf7, 0xbe, 0xf7, 0xdf, 0xff, 0xff, 0xff, 0xff, 0xff,
    0xff, 0xff, 0xff, 0xff, 0xff, 0xff, 0xff, 0xff, 0xdf, 0xff, 0xbf, 0xff,
    0x9e, 0xf7, 0x9e, 0xf7, 0x9e, 0xf7, 0x9e, 0xf7, 0x9e, 0xf7, 0x9e, 0xf7,
    0x9e, 0xf7, 0x9e, 0xf7, 0x9e, 0xf7, 0x9e, 0xf7, 0x9e, 0xf7, 0x9e, 0xf7,
    0xbf, 0xff, 0xdf, 0xff, 0xff, 0xff, 0xff, 0xff, 0xff, 0xff, 0xff, 0xff,
    0xff, 0xff, 0xff, 0xff, 0xbf, 0xff, 0xbe, 0xff, 0x9e, 0xf7, 0x7e, 0xf7,
    0x7e, 0xf7, 0x9e, 0xf7, 0xbe, 0xf7, 0xbf, 0xff, 0xdf, 0xff, 0xff, 0xff,
    0xff, 0xff, 0xff, 0xff, 0xff, 0xff, 0xff, 0xff, 0xdf, 0xff, 0xbf, 0xff,
    0xbe, 0xf7, 0x9e, 0xf7, 0x7e, 0xf7, 0x9e, 0xf7, 0xbe, 0xf7, 0xbf, 0xff,
    0xdf, 0xff, 0xff, 0xff, 0xff, 0xff, 0xff, 0xff, 0xff, 0xff, 0xff, 0xff,
    0xdf, 0xff, 0xbf, 0xff, 0xbe, 0xf7, 0x9e, 0xf7, 0x9e, 0xf7, 0x9e, 0xf7,
    0x9e, 0xf7, 0xbf, 0xff, 0xdf, 0xff, 0xff, 0xff, 0xff, 0xff, 0xff, 0xff,
    0xff, 0xff, 0xff, 0xff, 0xff, 0xff, 0xdf, 0xff, 0xbf, 0xff, 0x9e, 0xf7,
    0x7e, 0xf7, 0x7e, 0xf7, 0x9e, 0xf7, 0xbe, 0xf7, 0xbf, 0xff, 0xdf, 0xff,
    0xff, 0xff, 0xff, 0xff, 0xff, 0xff, 0xff, 0xff, 0xff, 0xff, 0xdf, 0xff,
    0xdf, 0xff, 0xbe, 0xf7, 0x9e, 0xf7, 0x7e, 0xf7, 0x9e, 0xf7, 0xbe, 0xf7,
    0xbf, 0xff, 0xdf, 0xff, 0xff, 0xff, 0xff, 0xff, 0xff, 0xff, 0xff, 0xff,
    0xff, 0xff, 0xff, 0xff, 0xbf, 0xff, 0xbe, 0xf7, 0x9e, 0xf7, 0x7e, 0xf7,
    0x7e, 0xf7, 0x9e, 0xf7, 0xbe, 0xf7, 0xdf, 0xff, 0xdf, 0xff, 0xff, 0xff,
    0xff, 0xff, 0xff, 0xff, 0xff, 0xff, 0xff, 0xff, 0xdf, 0xff, 0xbf, 0xff,
    0x9e, 0xf7, 0x9e, 0xf7, 0x7e, 0xf7, 0x9e, 0xf7, 0xbe, 0xf7, 0xbf, 0xff,
    0xdf, 0xff, 0xff, 0xff, 0xff, 0xff, 0xff, 0xff, 0xff, 0xff, 0xff, 0xff,
    0xff, 0xff, 0xbf, 0xff, 0xbe, 0xf7, 0x9e, 0xf7, 0x9e, 0xf7, 0x9e, 0xf7,
    0x9e, 0xf7, 0xbf, 0xff, 0xdf, 0xff, 0xff, 0xff, 0xff, 0xff, 0xff, 0xff,
    0xff, 0xff, 0xff, 0xff, 0xff, 0xff, 0xdf, 0xff, 0xbf, 0xff, 0x9e, 0xf7,
    0x9e, 0xf7, 0x9e, 0xf7, 0x9e, 0xf7, 0xbe, 0xf7, 0xbf, 0xff, 0xdf, 0xff,
    0xff, 0xff, 0xff, 0xff, 0xff, 0xff, 0xff, 0xff, 0xff, 0xff, 0xdf, 0xff,
    0xbf, 0xff, 0xbe, 0xf7, 0x9e, 0xf7, 0x7e, 0xf7, 0x9e, 0xf7, 0xbe, 0xf7,
    0xbf, 0xff, 0xdf, 0xff, 0xff, 0xff, 0xff, 0xff, 0xff, 0xff, 0xff, 0xff,
    0xff, 0xff, 0xff, 0xff, 0xdf, 0xff, 0xbf, 0xf7, 0x9e, 0xf7, 0x9e, 0xf7,
    0x9e, 0xf7, 0x9e, 0xf7, 0xbf, 0xff, 0xdf, 0xff, 0xff, 0xff, 0xff, 0xff,
    0xff, 0xff, 0xff, 0xff, 0xff, 0xff, 0xff, 0xff, 0xdf, 0xff, 0xbf, 0xff,
    0x9e, 0xf7, 0x9e, 0xf7, 0x9e, 0xf7, 0x9e, 0xf7, 0x9e, 0xf7, 0x9e, 0xf7,
    0xbe, 0xf7, 0xbe, 0xf7, 0xbe, 0xf7, 0xbf, 0xff, 0xbe, 0xff, 0xbf, 0xff,
    0xdf, 0xff, 0xdf, 0xff, 0xdf, 0xff, 0xdf, 0xff, 0xff, 0xff, 0xff, 0xff,
    0xdf, 0xff, 0xdf, 0xff, 0xdf, 0xff, 0xbf, 0xff, 0xbe, 0xf7, 0xbe, 0xf7,
    0xbe, 0xf7, 0xbf, 0xf7, 0xbf, 0xff, 0xdf, 0xff, 0xdf, 0xff, 0xff, 0xff,
    0xff, 0xff, 0xff, 0xff, 0xff, 0xff, 0xdf, 0xff, 0xdf, 0xff, 0xdf, 0xff,
    0xbe, 0xf7, 0xbe, 0xf7, 0xbe, 0xf7, 0xbe, 0xf7, 0xbf, 0xff, 0xdf, 0xff,
    0xdf, 0xff, 0xdf, 0xff, 0xff, 0xff, 0xff, 0xff, 0xff, 0xff, 0xff, 0xff,
    0xdf, 0xff, 0xdf, 0xff, 0xbf, 0xff, 0xbe, 0xf7, 0xbe, 0xf7, 0xbe, 0xf7,
    0xbf, 0xff, 0xbf, 0xff, 0xdf, 0xff, 0xdf, 0xff, 0xff, 0xff, 0xff, 0xff,
    0xdf, 0xff, 0xff, 0xff, 0xdf, 0xff, 0xdf, 0xff, 0xbf, 0xff, 0xbf, 0xff,
    0xbe, 0xf7, 0xbe, 0xf7, 0xbe, 0xf7, 0xbf, 0xff, 0xdf, 0xff, 0xdf, 0xff,
    0xff, 0xff, 0xff, 0xff, 0xff, 0xff, 0xff, 0xff, 0xdf, 0xff, 0xdf, 0xff,
    0xbf, 0xff, 0xbe, 0xff, 0xbe, 0xf7, 0xbe, 0xf7, 0xbe, 0xf7, 0xbf, 0xff,
    0xbf, 0xff, 0xdf, 0xff, 0xdf, 0xff, 0xdf, 0xff, 0xff, 0xff, 0xff, 0xff,
    0xdf, 0xff, 0xdf, 0xff, 0xdf, 0xff, 0xbf, 0xff, 0xbe, 0xf7, 0xbe, 0xf7,
    0xbe, 0xf7, 0xbf, 0xf7, 0xbf, 0xff, 0xbf, 0xff, 0xdf, 0xff, 0xdf, 0xff,
    0xff, 0xff, 0xff, 0xff, 0xdf, 0xff, 0xdf, 0xff, 0xdf, 0xff, 0xbf, 0xff,
    0xbe, 0xf7, 0xbe, 0xf7, 0xbe, 0xf7, 0xbe, 0xff, 0xbf, 0xff, 0xdf, 0xff,
    0xdf, 0xff, 0xdf, 0xff, 0xff, 0xff, 0xff, 0xff, 0xff, 0xff, 0xdf, 0xff,
    0xdf, 0xff, 0xdf, 0xff, 0xbf, 0xf7, 0xbe, 0xf7, 0x9e, 0xf7, 0xbe, 0xf7,
    0xbf, 0xff, 0xbf, 0xff, 0xdf, 0xff, 0xdf, 0xff, 0xdf, 0xff, 0xff, 0xff,
    0xff, 0xff, 0xdf, 0xff, 0xdf, 0xff, 0xdf, 0xff, 0xbf, 0xff, 0xbf, 0xff,
    0xbe, 0xf7, 0xbe, 0xf7, 0xbf, 0xff, 0xbf, 0xff, 0xdf, 0xff, 0xdf, 0xff,
    0xff, 0xff, 0xff, 0xff, 0xff, 0xff, 0xdf, 0xff, 0xdf, 0xff, 0xdf, 0xff,
    0xdf, 0xff, 0xbe, 0xf7, 0xbe, 0xf7, 0xbe, 0xf7, 0xbe, 0xf7, 0xbf, 0xff,
    0xdf, 0xff, 0xdf, 0xff, 0xdf, 0xff, 0xdf, 0xff, 0xff, 0xff, 0xff, 0xff,
    0xdf, 0xff, 0xdf, 0xff, 0xdf, 0xff, 0xbf, 0xff, 0xbe, 0xf7, 0xbe, 0xf7,
    0xbe, 0xf7, 0xbf, 0xff, 0xbf, 0xff, 0xdf, 0xff, 0xdf, 0xff, 0xdf, 0xff,
    0xff, 0xff, 0xff, 0xff, 0xdf, 0xff, 0xdf, 0xff, 0xdf, 0xff, 0xbf, 0xff,
    0xbe, 0xf7, 0xbe, 0xff, 0xbe, 0xf7, 0xbe, 0xff, 0xbe, 0xff, 0xbe, 0xf7,
    0xff, 0xff, 0xff, 0xff, 0xff, 0xff, 0xff, 0xff, 0xff, 0xff, 0xdf, 0xff,
    0xdf, 0xff, 0xdf, 0xff, 0xbe, 0xf7, 0xbe, 0xf7, 0xbe, 0xf7, 0xbe, 0xf7,
    0xbf, 0xff, 0xbf, 0xff, 0xdf, 0xff, 0xdf, 0xff, 0xff, 0xff, 0xff, 0xff,
    0xff, 0xff, 0xff, 0xff, 0xdf, 0xff, 0xdf, 0xff, 0xbf, 0xff, 0xbe, 0xf7,
    0x9e, 0xf7, 0x9e, 0xf7, 0xbe, 0xff, 0xbf, 0xf7, 0xdf, 0xff, 0xdf, 0xff,
    0xdf, 0xff, 0xff, 0xff, 0xff, 0xff, 0xff, 0xff, 0xdf, 0xff, 0xdf, 0xff,
    0xdf, 0xff, 0xbe, 0xf7, 0xbe, 0xf7, 0x9e, 0xf7, 0xbe, 0xf7, 0xbf, 0xff,
    0xbf, 0xff, 0xdf, 0xff, 0xdf, 0xff, 0xff, 0xff, 0xff, 0xff, 0xff, 0xff,
    0xdf, 0xff, 0xff, 0xff, 0xdf, 0xff, 0xbf, 0xff, 0xbe, 0xf7, 0xbe, 0xf7,
    0x9e, 0xf7, 0xbe, 0xf7, 0xbf, 0xff, 0xdf, 0xff, 0xdf, 0xff, 0xff, 0xff,
    0xff, 0xff, 0xff, 0xff, 0xff, 0xff, 0xdf, 0xff, 0xdf, 0xff, 0xde, 0xff,
    0xbe, 0xf7, 0xbe, 0xf7, 0x9e, 0xf7, 0x9e, 0xf7, 0xbe, 0xff, 0xbf, 0xff,
    0xdf, 0xff, 0xdf, 0xff, 0xff, 0xff, 0xff, 0xff, 0xff, 0xff, 0xdf, 0xff,
    0xdf, 0xff, 0xbf, 0xff, 0xbe, 0xf7, 0xbe, 0xf7, 0x9e, 0xf7, 0x9e, 0xf7,
    0xbf, 0xff, 0xbf, 0xff, 0xdf, 0xff, 0xdf, 0xff, 0xff, 0xff, 0xff, 0xff,
    0xff, 0xff, 0xdf, 0xff, 0xdf, 0xff, 0xdf, 0xff, 0xbe, 0xff, 0xbe, 0xf7,
    0x9e, 0xf7, 0x9e, 0xf7, 0xbe, 0xf7, 0xbe, 0xff, 0xbf, 0xff, 0xdf, 0xff,
    0xff, 0xff, 0xff, 0xff, 0xff, 0xff, 0xff, 0xff, 0xdf, 0xff, 0xdf, 0xff,
    0xdf, 0xff, 0xbe, 0xf7, 0xbe, 0xf7, 0x9e, 0xf7, 0xbe, 0xf7, 0xbf, 0xf7,
    0xbf, 0xff, 0xdf, 0xff, 0xdf, 0xff, 0xff, 0xff, 0xff, 0xff, 0xff, 0xff,
    0xdf, 0xff, 0xdf, 0xff, 0xdf, 0xff, 0xbe, 0xf7, 0xbe, 0xf7, 0x9e, 0xf7,
    0x9e, 0xf7, 0xbe, 0xff, 0xbf, 0xff, 0xdf, 0xff, 0xff, 0xff, 0xdf, 0xff,
    0xff, 0xff, 0xff, 0xff, 0xff, 0xff, 0xdf, 0xff, 0xdf, 0xff, 0xdf, 0xff,
    0xbe, 0xf7, 0xbe, 0xf7, 0x9e, 0xf7, 0xbe, 0xf7, 0xbf, 0xff, 0xdf, 0xff,
    0xdf, 0xff, 0xdf, 0xff, 0xff, 0xff, 0xff, 0xff, 0xff, 0xff, 0xdf, 0xff,
    0xdf, 0xff, 0xdf, 0xff, 0xbe, 0xf7, 0xbe, 0xf7, 0x9e, 0xf7, 0x9e, 0xf7,
    0xbe, 0xf7, 0xbf, 0xff, 0xdf, 0xff, 0xdf, 0xff, 0xdf, 0xff, 0xff, 0xff,
    0xff, 0xff, 0xdf, 0xff, 0xdf, 0xff, 0xdf, 0xff, 0xbe, 0xff, 0xbe, 0xff,
    0xbe, 0xf7, 0xbe, 0xf7, 0xbe, 0xff, 0xbe, 0xf7, 0xbf, 0xff, 0xdf, 0xff,
    0xff, 0xff, 0xff, 0xff, 0xff, 0xff, 0xff, 0xff, 0xff, 0xff, 0xff, 0xff,
    0xff, 0xff, 0xff, 0xff, 0xff, 0xff, 0xff, 0xff, 0xff, 0xff, 0xff, 0xff,
    0xdf, 0xff, 0xbe, 0xff, 0x9e, 0xf7, 0x9e, 0xf7, 0x9e, 0xf7, 0x9e, 0xf7,
    0x9e, 0xf7, 0xbe, 0xf7, 0xdf, 0xff, 0xff, 0xff, 0xff, 0xff, 0xff, 0xff,
    0xff, 0xff, 0xff, 0xff, 0xff, 0xff, 0xdf, 0xff, 0xbe, 0xf7, 0x9e, 0xf7,
    0x9e, 0xf7, 0x9e, 0xf7, 0x9e, 0xf7, 0x9e, 0xf7, 0xbf, 0xff, 0xdf, 0xff,
    0xff, 0xff, 0xff, 0xff, 0xff, 0xff, 0xff, 0xff, 0xff, 0xff, 0xff, 0xff,
    0xdf, 0xff, 0x9e, 0xf7, 0x9e, 0xf7, 0x7e, 0xf7, 0x9e, 0xf7, 0x9e, 0xf7,
    0xbe, 0xf7, 0xdf, 0xff, 0xff, 0xff, 0xff, 0xff, 0xff, 0xff, 0xff, 0xff,
    0xff, 0xff, 0xff, 0xff, 0xdf, 0xff, 0xbe, 0xf7, 0x9e, 0xf7, 0x7e, 0xf7,
    0x7e, 0xf7, 0x9e, 0xf7, 0x9e, 0xf7, 0xbf, 0xff, 0xff, 0xff, 0xff, 0xff,
    0xff, 0xff, 0xff, 0xff, 0xff, 0xff, 0xff, 0xff, 0xdf, 0xff, 0xbf, 0xff,
    0x9e, 0xf7, 0x7e, 0xf7, 0x7e, 0xf7, 0x9e, 0xf7, 0x9e, 0xf7, 0xbf, 0xf7,
    0xdf, 0xff, 0xff, 0xff, 0xff, 0xff, 0xff, 0xff, 0xff, 0xff, 0xff, 0xff,
    0xdf, 0xff, 0xbf, 0xff, 0xbe, 0xf7, 0x9e, 0xf7, 0x7e, 0xf7, 0x7e, 0xf7,
    0x9e, 0xf7, 0xbe, 0xf7, 0xdf, 0xff, 0xff, 0xff, 0xff, 0xff, 0xff, 0xff,
    0xff, 0xff, 0xff, 0xff, 0xff, 0xff, 0xdf, 0xff, 0xbe, 0xf7, 0x9e, 0xf7,
    0x7e, 0xf7, 0x7e, 0xf7, 0x9e, 0xf7, 0xbe, 0xf7, 0xbf, 0xff, 0xdf, 0xff,
    0xff, 0xff, 0xff, 0xff, 0xff, 0xff, 0xff, 0xff, 0xff, 0xff, 0xdf, 0xff,
    0xbf, 0xff, 0xbe, 0xf7, 0x9e, 0xf7, 0x7e, 0xf7, 0x7e, 0xf7, 0x9e, 0xf7,
    0xbe, 0xff, 0xdf, 0xff, 0xff, 0xff, 0xff, 0xff, 0xff, 0xff, 0xff, 0xff,
    0xff, 0xff, 0xff, 0xff, 0xbf, 0xff, 0xbe, 0xf7, 0x9e, 0xf7, 0x7e, 0xf7,
    0x7e, 0xf7, 0x9e, 0xf7, 0xbe, 0xf7, 0xdf, 0xff, 0xff, 0xff, 0xff, 0xff,
    0xff, 0xff, 0xff, 0xff, 0xff, 0xff, 0xff, 0xff, 0xdf, 0xff, 0xbe, 0xf7,
    0x9e, 0xf7, 0x7e, 0xf7, 0x9e, 0xf7, 0x9e, 0xf7, 0x9e, 0xf7, 0xdf, 0xff,
    0xff, 0xff, 0xff, 0xff, 0xff, 0xff, 0xff, 0xff, 0xff, 0xff, 0xff, 0xff,
    0xdf, 0xff, 0xbe, 0xff, 0x9e, 0xf7, 0x9e, 0xf7, 0x9e, 0xf7, 0x9e, 0xf7,
    0x9e, 0xf7, 0xbe, 0xf7, 0xdf, 0xff, 0xff, 0xff, 0xff, 0xff, 0xff, 0xff,
    0xff, 0xff, 0xff, 0xff, 0xff, 0xff, 0xdf, 0xff, 0xbe, 0xf7, 0x9e, 0xf7,
    0x7e, 0xf7, 0x7e, 0xf7, 0x9e, 0xf7, 0xbe, 0xf7, 0xbf, 0xff, 0xdf, 0xff,
    0xff, 0xff, 0xff, 0xff, 0xff, 0xff, 0xff, 0xff, 0xff, 0xff, 0xff, 0xff,
    0xff, 0xff, 0xff, 0xff, 0xff, 0xff, 0xff, 0xff, 0xff, 0xff, 0xdf, 0xff,
    0xdf, 0xff, 0xdf, 0xff, 0xbf, 0xff, 0xbe, 0xf7, 0xbe, 0xf7, 0x9e, 0xff,
    0xbe, 0xff, 0xbf, 0xff, 0xdf, 0xff, 0xdf, 0xff, 0xdf, 0xff, 0xff, 0xff,
    0xff, 0xff, 0xdf, 0xff, 0xdf, 0xff, 0xdf, 0xff, 0xbf, 0xff, 0xbe, 0xff,
    0xbe, 0xf7, 0xbe, 0xf7, 0xbe, 0xff, 0xbe, 0xff, 0xdf, 0xff, 0xdf, 0xff,
    0xff, 0xff, 0xff, 0xff, 0xff, 0xff, 0xff, 0xff, 0xdf, 0xff, 0xdf, 0xff,
    0xdf, 0xff, 0xbf, 0xff, 0xbe, 0xf7, 0xbe, 0xf7, 0xbe, 0xf7, 0xbf, 0xff,
    0xdf, 0xff, 0xdf, 0xff, 0xff, 0xff, 0xff, 0xff, 0xff, 0xff, 0xff, 0xff,
    0xdf, 0xff, 0xdf, 0xff, 0xdf, 0xff, 0xbf, 0xff, 0xbf, 0xf7, 0xbe, 0xf7,
    0xbe, 0xff, 0xbf, 0xf7, 0xbf, 0xff, 0xdf, 0xff, 0xdf, 0xff, 0xdf, 0xff,
    0xff, 0xff, 0xff, 0xff, 0xdf, 0xff, 0xdf, 0xff, 0xdf, 0xff, 0xbf, 0xff,
    0xbe, 0xf7, 0x9e, 0xf7, 0xbe, 0xf7, 0xbf, 0xf7, 0xbf, 0xff, 0xdf, 0xff,
    0xdf, 0xff, 0xdf, 0xff, 0xff, 0xff, 0xff, 0xff, 0xff, 0xff, 0xdf, 0xff,
    0xdf, 0xff, 0xdf, 0xff, 0xbe, 0xff, 0xbe, 0xff, 0x9e, 0xf7, 0xbe, 0xf7,
    0xbe, 0xff, 0xbf, 0xff, 0xdf, 0xff, 0xdf, 0xff, 0xff, 0xff, 0xff, 0xff,
    0xff, 0xff, 0xff, 0xff, 0xdf, 0xff, 0xdf, 0xff, 0xbf, 0xff, 0xbe, 0xff,
    0xbe, 0xf7, 0xbe, 0xf7, 0xbe, 0xff, 0xbf, 0xff, 0xbf, 0xff, 0xdf, 0xff,
    0xff, 0xff, 0xff, 0xff, 0xdf, 0xff, 0xff, 0xff, 0xdf, 0xff, 0xdf, 0xff,
    0xdf, 0xff, 0xbf, 0xff, 0xbe, 0xf7, 0xbe, 0xf7, 0xbe, 0xff, 0xbe, 0xff,
    0xbf, 0xff, 0xdf, 0xff, 0xff, 0xff, 0xff, 0xff, 0xff, 0xff, 0xff, 0xff,
    0xff, 0xff, 0xdf, 0xff, 0xdf, 0xff, 0xbe, 0xff, 0x9e, 0xf7, 0xbe, 0xf7,
    0xbe, 0xf7, 0xbe, 0xff, 0xbf, 0xff, 0xdf, 0xff, 0xdf, 0xff, 0xdf, 0xff,
    0xff, 0xff, 0xff, 0xff, 0xff, 0xff, 0xdf, 0xff, 0xdf, 0xff, 0xbf, 0xff,
    0xbe, 0xff, 0xbe, 0xf7, 0xbf, 0xf7, 0xbe, 0xf7, 0xbf, 0xff, 0xdf, 0xff,
    0xdf, 0xff, 0xff, 0xff, 0xff, 0xff, 0xff, 0xff, 0xff, 0xff, 0xdf, 0xff,
    0xdf, 0xff, 0xdf, 0xff, 0xbf, 0xff, 0xbe, 0xff, 0xbe, 0xf7, 0xbe, 0xf7,
    0xbf, 0xff, 0xbf, 0xff, 0xdf, 0xff, 0xdf, 0xff, 0xff, 0xff, 0xff, 0xff,
    0xff, 0xff, 0xff, 0xff, 0xdf, 0xff, 0xbf, 0xff, 0xbf, 0xff, 0xbe, 0xf7,
    0x9e, 0xf7, 0x9e, 0xf7, 0xbf, 0xf7, 0xbf, 0xff, 0xbf, 0xff, 0xdf, 0xff,
    0xff, 0xff, 0xff, 0xff, 0xff, 0xff, 0xff, 0xff, 0xff, 0xff, 0xff, 0xff,
    0xbe, 0xf7, 0x9e, 0xf7, 0xbf, 0xf7, 0xbe, 0xf7, 0x9e, 0xf7, 0xbf, 0xf7,
    0xdf, 0xff, 0xdf, 0xff, 0xdf, 0xff, 0xff, 0xff, 0xff, 0xff, 0xff, 0xff,
    0xdf, 0xff, 0xdf, 0xff, 0xdf, 0xff, 0xbf, 0xff, 0xbe, 0xf7, 0xbe, 0xf7,
    0xbe, 0xff, 0xbe, 0xf7, 0xbf, 0xff, 0xdf, 0xff, 0xdf, 0xff, 0xdf, 0xff,
    0xff, 0xff, 0xff, 0xff, 0xff, 0xff, 0xdf, 0xff, 0xdf, 0xff, 0xbf, 0xff,
    0xbe, 0xf7, 0xbe, 0xf7, 0xbe, 0xf7, 0xbe, 0xf7, 0xbf, 0xff, 0xbf, 0xff,
    0xdf, 0xff, 0xdf, 0xff, 0xdf, 0xff, 0xff, 0xff, 0xff, 0xff, 0xff, 0xff,
    0xdf, 0xff, 0xdf, 0xff, 0xbe, 0xff, 0xbe, 0xf7, 0xbf, 0xf7, 0xbe, 0xff,
    0xbf, 0xff, 0xbf, 0xff, 0xdf, 0xff, 0xdf, 0xff, 0xff, 0xff, 0xff, 0xff,
    0xff, 0xff, 0xff, 0xff, 0xdf, 0xff, 0xdf, 0xff, 0xbf, 0xff, 0xbe, 0xf7,
    0x9e, 0xf7, 0xbe, 0xf7, 0xbe, 0xf7, 0xbf, 0xff, 0xdf, 0xff, 0xdf, 0xff,
    0xdf, 0xff, 0xff, 0xff, 0xff, 0xff, 0xff, 0xff, 0xff, 0xff, 0xdf, 0xff,
    0xdf, 0xff, 0xbe, 0xff, 0x9e, 0xf7, 0x9e, 0xf7, 0xbe, 0xf7, 0xbe, 0xff,
    0xbf, 0xff, 0xdf, 0xff, 0xdf, 0xff, 0xdf, 0xff, 0xff, 0xff, 0xff, 0xff,
    0xdf, 0xff, 0xdf, 0xff, 0xdf, 0xff, 0xbf, 0xff, 0xbe, 0xf7, 0x9e, 0xf7,
    0x9e, 0xf7, 0xbe, 0xff, 0xbf, 0xff, 0xdf, 0xff, 0xdf, 0xff, 0xdf, 0xff,
    0xff, 0xff, 0xff, 0xff, 0xdf, 0xff, 0xdf, 0xff, 0xdf, 0xff, 0xbf, 0xff,
    0xbe, 0xf7, 0xbe, 0xf7, 0xbf, 0xf7, 0xbe, 0xf7, 0xbf, 0xff, 0xdf, 0xff,
    0xdf, 0xff, 0xdf, 0xff, 0xdf, 0xff, 0xff, 0xff, 0xff, 0xff, 0xdf, 0xff,
    0xdf, 0xff, 0xdf, 0xff, 0xbf, 0xff, 0xbe, 0xf7, 0xbe, 0xf7, 0xbe, 0xff,
    0xbf, 0xff, 0xbf, 0xff, 0xdf, 0xff, 0xdf, 0xff, 0xff, 0xff, 0xff, 0xff,
    0xff, 0xff, 0xff, 0xff, 0xdf, 0xff, 0xdf, 0xff, 0xbf, 0xff, 0xbe, 0xf7,
    0xbe, 0xf7, 0xbe, 0xf7, 0xbe, 0xf7, 0xbf, 0xff, 0xdf, 0xff, 0xdf, 0xff,
    0xff, 0xff, 0xff, 0xff, 0xdf, 0xff, 0xff, 0xff, 0xdf, 0xff, 0xdf, 0xff,
    0xbe, 0xf7, 0xbe, 0xf7, 0x9e, 0xf7, 0x9e, 0xf7, 0x9e, 0xf7, 0xbe, 0xff,
    0xdf, 0xff, 0xdf, 0xff, 0xdf, 0xff, 0xff, 0xff, 0xff, 0xff, 0xff, 0xff,
    0xdf, 0xff, 0xdf, 0xff, 0xdf, 0xff, 0xbf, 0xff, 0xbe, 0xf7, 0xbe, 0xf7,
    0x9e, 0xf7, 0xbe, 0xf7, 0xbf, 0xff, 0xbf, 0xff, 0xdf, 0xff, 0xdf, 0xff,
    0xff, 0xff, 0xff, 0xff, 0xdf, 0xff, 0xdf, 0xff, 0xdf, 0xff, 0xdf, 0xff,
    0xbe, 0xf7, 0xbe, 0xf7, 0xbf, 0xf7, 0x9f, 0xf7, 0xbe, 0xf7, 0xbe, 0xf7,
    0x9e, 0xf7, 0x9e, 0xf7, 0x7e, 0xf7, 0x9e, 0xf7, 0x9e, 0xf7, 0x9e, 0xf7,
    0xbe, 0xff, 0xdf, 0xff, 0xff, 0xff, 0xff, 0xff, 0xff, 0xff, 0xff, 0xff,
    0xff, 0xff, 0xff, 0xff, 0xdf, 0xff, 0xbe, 0xf7, 0x9e, 0xf7, 0x7e, 0xf7,
    0x7e, 0xf7, 0x9e, 0xf7, 0xbe, 0xf7, 0xbf, 0xff, 0xff, 0xff, 0xff, 0xff,
    0xff, 0xff, 0xff, 0xff, 0xff, 0xff, 0xff, 0xff, 0xdf, 0xff, 0xbf, 0xff,
    0x9e, 0xf7, 0x9e, 0xf7, 0x7e, 0xf7, 0x7e, 0xf7, 0x9e, 0xf7, 0xbe, 0xff,
    0xdf, 0xff, 0xff, 0xff, 0xff, 0xff, 0xff, 0xff, 0xff, 0xff, 0xff, 0xff,
    0xdf, 0xff, 0xbf, 0xff, 0xbe, 0xf7, 0x9e, 0xf7, 0x7e, 0xf7, 0x7e, 0xf7,
    0x9e, 0xf7, 0xbe, 0xf7, 0xdf, 0xff, 0xff, 0xff, 0xff, 0xff, 0xff, 0xff,
    0xff, 0xff, 0xff, 0xff, 0xff, 0xff, 0xdf, 0xff, 0xbe, 0xf7, 0x9e, 0xf7,
    0x7e, 0xf7, 0x7e, 0xf7, 0x9e, 0xf7, 0x9e, 0xf7, 0xbe, 0xf7, 0xdf, 0xff,
    0xff, 0xff, 0xff, 0xff, 0xff, 0xff, 0xff, 0xff, 0xff, 0xff, 0xdf, 0xff,
    0xbf, 0xff, 0xbe, 0xf7, 0x7e, 0xf7, 0x7e, 0xf7, 0x9e, 0xf7, 0x9e, 0xf7,
    0xbf, 0xf7, 0xdf, 0xff, 0xff, 0xff, 0xff, 0xff, 0xff, 0xff, 0xff, 0xff,
    0xff, 0xff, 0xdf, 0xff, 0xdf, 0xff, 0x9e, 0xf7, 0x9e, 0xf7, 0x7e, 0xf7,
    0x7e, 0xef, 0x9e, 0xf7, 0x9e, 0xf7, 0xdf, 0xff, 0xff, 0xff, 0xff, 0xff,
    0xff, 0xff, 0xff, 0xff, 0xff, 0xff, 0xff, 0xff, 0xdf, 0xff, 0xbe, 0xff,
    0x9e, 0xf7, 0x7e, 0xf7, 0x7e, 0xf7, 0x9e, 0xf7, 0x9e, 0xf7, 0xbf, 0xff,
    0xdf, 0xff, 0xff, 0xff, 0xff, 0xff, 0xff, 0xff, 0xff, 0xff, 0xff, 0xff,
    0xdf, 0xff, 0xbf, 0xff, 0x9e, 0xf7, 0x9e, 0xf7, 0x7e, 0xf7, 0x7e, 0xef,
    0x9e, 0xf7, 0xbe, 0xf7, 0xdf, 0xff, 0xff, 0xff, 0xff, 0xff, 0xff, 0xff,
    0xff, 0xff, 0xff, 0xff, 0xff, 0xff, 0xdf, 0xff, 0xbe, 0xf7, 0x9e, 0xf7,
    0x7e, 0xf7, 0x7e, 0xf7, 0x9e, 0xf7, 0xbe, 0xf7, 0xbf, 0xff, 0xdf, 0xff,
    0xff, 0xff, 0xff, 0xff, 0xff, 0xff, 0xff, 0xff, 0xff, 0xff, 0xdf, 0xff,
    0xbf, 0xff, 0x9e, 0xf7, 0x9e, 0xf7, 0x7e, 0xf7, 0x9e, 0xf7, 0x9e, 0xf7,
    0xbe, 0xf7, 0xdf, 0xff, 0xff, 0xff, 0xff, 0xff, 0xff, 0xff, 0xff, 0xff,
    0xff, 0xff, 0xdf, 0xff, 0xdf, 0xff, 0x9e, 0xf7, 0x9e, 0xf7, 0x7e, 0xf7,
    0x7e, 0xf7, 0x9e, 0xf7, 0xbe, 0xf7, 0xdf, 0xff, 0xff, 0xff, 0xff, 0xff,
    0xff, 0xff, 0xff, 0xff, 0xff, 0xff, 0xff, 0xff, 0xdf, 0xff, 0xbe, 0xf7,
    0x9e, 0xf7, 0x9e, 0xf7, 0x9e, 0xf7, 0x9e, 0xf7, 0x7e, 0xf7, 0x9e, 0xf7,
    0xbe, 0xf7, 0xbe, 0xff, 0xbe, 0xff, 0xbe, 0xf7, 0xbf, 0xff, 0xbe, 0xff,
    0xbf, 0xff, 0xdf, 0xff, 0xdf, 0xff, 0xdf, 0xff, 0xff, 0xff, 0xff, 0xff,
    0xdf, 0xff, 0xdf, 0xff, 0xdf, 0xff, 0xbf, 0xff, 0xbf, 0xf7, 0xbe, 0xf7,
    0xbe, 0xf7, 0xbe, 0xf7, 0xbf, 0xff, 0xdf, 0xff, 0xdf, 0xff, 0xff, 0xff,
    0xff, 0xff, 0xdf, 0xff, 0xff, 0xff, 0xff, 0xff, 0xdf, 0xff, 0xdf, 0xff,
    0xbe, 0xf7, 0xbe, 0xf7, 0xbf, 0xff, 0xbe, 0xf7, 0xbe, 0xf7, 0xbf, 0xff,
    0xdf, 0xff, 0xdf, 0xff, 0xff, 0xff, 0xff, 0xff, 0xff, 0xff, 0xff, 0xff,
    0xdf, 0xff, 0xdf, 0xff, 0xbf, 0xf7, 0xbe, 0xf7, 0xbe, 0xf7, 0xbe, 0xf7,
    0xbe, 0xf7, 0xbf, 0xff, 0xdf, 0xff, 0xdf, 0xff, 0xdf, 0xff, 0xff, 0xff,
    0xff, 0xff, 0xff, 0xff, 0xdf, 0xff, 0xdf, 0xff, 0xbf, 0xff, 0xbe, 0xff,
    0xbe, 0xf7, 0xbe, 0xf7, 0xbe, 0xf7, 0xbf, 0xff, 0xdf, 0xff, 0xdf, 0xff,
    0xff, 0xff, 0xff, 0xff, 0xff, 0xff, 0xff, 0xff, 0xdf, 0xff, 0xdf, 0xff,
    0xdf, 0xff, 0xbf, 0xff, 0xbe, 0xf7, 0xbe, 0xf7, 0x9e, 0xf7, 0xbe, 0xf7,
    0xbf, 0xff, 0xbf, 0xff, 0xdf, 0xff, 0xff, 0xff, 0xff, 0xff, 0xff, 0xff,
    0xff, 0xff, 0xff, 0xff, 0xdf, 0xff, 0xdf, 0xf7, 0xdf, 0xf7, 0xbe, 0xf7,
    0xbe, 0xf7, 0xdf, 0xf7, 0xdf, 0xff, 0xdf, 0xff, 0xff, 0xff, 0xff, 0xff,
    0xff, 0xff, 0xff, 0xff, 0xdf, 0xff, 0xdf, 0xff, 0xdf, 0xff, 0xbf, 0xff,
    0xbe, 0xf7, 0xbe, 0xf7, 0xbe, 0xff, 0xbe, 0xf7, 0xbe, 0xff, 0xdf, 0xff,
    0xdf, 0xff, 0xdf, 0xff, 0xff, 0xff, 0xff, 0xff, 0xff, 0xff, 0xdf, 0xff,
    0xdf, 0xff, 0xdf, 0xff, 0xbe, 0xf7, 0xbe, 0xf7, 0x9e, 0xf7, 0x9e, 0xf7,
    0xbe, 0xff, 0xbf, 0xff, 0xdf, 0xff, 0xdf, 0xff, 0xff, 0xff, 0xff, 0xff,
    0xdf, 0xff, 0xff, 0xff, 0xdf, 0xff, 0xdf, 0xff, 0xbf, 0xff, 0xbe, 0xf7,
    0xbe, 0xf7, 0x9f, 0xff, 0x9e, 0xf7, 0xbe, 0xf7, 0xdf, 0xff, 0xdf, 0xff,
    0xff, 0xff, 0xff, 0xff, 0xff, 0xff, 0xff, 0xff, 0xdf, 0xff, 0xdf, 0xff,
    0xbf, 0xff, 0xbe, 0xf7, 0x9e, 0xf7, 0xbe, 0xf7, 0x9e, 0xf7, 0xbf, 0xf7,
    0xbf, 0xff, 0xdf, 0xff, 0xdf, 0xff, 0xff, 0xff, 0xff, 0xff, 0xff, 0xff,
    0xdf, 0xff, 0xdf, 0xff, 0xdf, 0xff, 0xbe, 0xff, 0xbe, 0xf7, 0xbe, 0xff,
    0xbf, 0xf7, 0xbe, 0xf7, 0xbf, 0xff, 0xdf, 0xff, 0xdf, 0xff, 0xdf, 0xff,
    0xff, 0xff, 0xff, 0xff, 0xff, 0xff, 0xdf, 0xff, 0xdf, 0xff, 0xbf, 0xff,
    0xbf, 0xff, 0xbe, 0xf7, 0x9e, 0xff, 0xbe, 0xf7, 0xbe, 0xf7, 0xbf, 0xff,
    0xdf, 0xff, 0xff, 0xff, 0xff, 0xff, 0xdf, 0xff, 0xff, 0xff, 0xdf, 0xff,
    0xdf, 0xff, 0xbf, 0xf7, 0xbe, 0xf7, 0xbe, 0xf7, 0x9e, 0xf7, 0x9e, 0xf7,
    0xbf, 0xf7, 0xbf, 0xff, 0xdf, 0xff, 0xdf, 0xff, 0xff, 0xff, 0xff, 0xff,
    0xff, 0xff, 0xff, 0xff, 0xdf, 0xff, 0xdf, 0xff, 0xbf, 0xff, 0xbe, 0xff,
    0xbe, 0xf7, 0xbe, 0xf7, 0xbf, 0xff, 0xbf, 0xf7, 0xbf, 0xff, 0xdf, 0xff,
    0xdf, 0xff, 0xff, 0xff, 0xff, 0xff, 0xff, 0xff, 0xdf, 0xff, 0xdf, 0xff,
    0xdf, 0xff, 0xbf, 0xf7, 0xbe, 0xf7, 0xbe, 0xf7, 0xbe, 0xf7, 0xbf, 0xff,
    0xbf, 0xff, 0xdf, 0xff, 0xdf, 0xff, 0xff, 0xff, 0xff, 0xff, 0xff, 0xff,
    0xdf, 0xff, 0xdf, 0xff, 0xdf, 0xff, 0xbe, 0xf7, 0x9e, 0xf7, 0x9e, 0xf7,
    0x9e, 0xf7, 0x9e, 0xf7, 0xbf, 0xff, 0xdf, 0xff, 0xdf, 0xff, 0xdf, 0xff,
    0xff, 0xff, 0xff, 0xff, 0xdf, 0xff, 0xdf, 0xff, 0xdf, 0xff, 0xbf, 0xff,
    0xbe, 0xf7, 0x9e, 0xf7, 0x9e, 0xf7, 0xbe, 0xf7, 0xbe, 0xff, 0xdf, 0xff,
    0xdf, 0xff, 0xdf, 0xff, 0xff, 0xff, 0xff, 0xff, 0xff, 0xff, 0xdf, 0xff,
    0xdf, 0xff, 0xdf, 0xff, 0xbf, 0xf7, 0xbf, 0xf7, 0xdf, 0xf7, 0xdf, 0xf7,
    0xff, 0xf7, 0xff, 0xff, 0xff, 0xff, 0xff, 0xff, 0xff, 0xff, 0xff, 0xff,
    0xff, 0xff, 0xff, 0xff, 0xff, 0xff, 0xff, 0xff, 0xff, 0xf7, 0xdf, 0xf7,
    0xdf, 0xf7, 0xdf, 0xf7, 0xbf, 0xf7, 0xbf, 0xf7, 0xdf, 0xff, 0xdf, 0xff,
    0xdf, 0xff, 0xff, 0xff, 0xff, 0xff, 0xff, 0xff, 0xdf, 0xff, 0xdf, 0xff,
    0xdf, 0xff, 0xbe, 0xf7, 0xbe, 0xf7, 0x9e, 0xf7, 0xbe, 0xf7, 0xbf, 0xf7,
    0xbf, 0xff, 0xdf, 0xff, 0xff, 0xff, 0xff, 0xff, 0xff, 0xff, 0xff, 0xff,
    0xdf, 0xff, 0xdf, 0xff, 0xdf, 0xff, 0xbf, 0xf7, 0x9e, 0xf7, 0x9e, 0xf7,
    0x9e, 0xf7, 0x9f, 0xf7, 0xbf, 0xff, 0xbf, 0xff, 0xdf, 0xff, 0xdf, 0xff,
    0xff, 0xff, 0xff, 0xff, 0xff, 0xff, 0xdf, 0xff, 0xdf, 0xff, 0xbf, 0xff,
    0xbe, 0xf7, 0xbe, 0xf7, 0x9e, 0xf7, 0x9e, 0xff, 0xbe, 0xff, 0xbf, 0xff,
    0xdf, 0xff, 0xff, 0xff, 0xff, 0xff, 0xff, 0xff, 0xff, 0xff, 0xdf, 0xff,
    0xdf, 0xff, 0xdf, 0xff, 0xbe, 0xf7, 0xbe, 0xf7, 0x9e, 0xf7, 0x9e, 0xf7,
    0xbf, 0xff, 0xbf, 0xff, 0xdf, 0xff, 0xdf, 0xff, 0xff, 0xff, 0xff, 0xff,
    0xff, 0xff, 0xdf, 0xff, 0xdf, 0xff, 0xdf, 0xff, 0xbf, 0xff, 0xbe, 0xff,
    0xbe, 0xf7, 0xbe, 0xf7, 0xbe, 0xff, 0xbf, 0xff, 0xdf, 0xff, 0xdf, 0xff,
    0xdf, 0xff, 0xff, 0xff, 0xff, 0xff, 0xff, 0xff, 0xff, 0xff, 0xff, 0xff,
    0xff, 0xff, 0xff, 0xff, 0xff, 0xff, 0xff, 0xff, 0xff, 0xff, 0xff, 0xff,
    0xdf, 0xff, 0xbf, 0xff, 0xbe, 0xf7, 0x9e, 0xf7, 0x7e, 0xf7, 0x7e, 0xf7,
    0x9e, 0xf7, 0xbe, 0xf7, 0xbf, 0xff, 0xff, 0xff, 0xff, 0xff, 0xff, 0xff,
    0xff, 0xff, 0xff, 0xff, 0xff, 0xff, 0xdf, 0xff, 0xbe, 0xf7, 0x9e, 0xf7,
    0x7e, 0xf7, 0x7e, 0xf7, 0x9e, 0xf7, 0x9e, 0xf7, 0xbe, 0xff, 0xdf, 0xff,
    0xff, 0xff, 0xff, 0xff, 0xff, 0xff, 0xff, 0xff, 0xff, 0xff, 0xdf, 0xff,
    0xdf, 0xff, 0x9e, 0xf7, 0x9e, 0xf7, 0x7e, 0xf7, 0x9e, 0xf7, 0x9e, 0xf7,
    0xbe, 0xff, 0xdf, 0xff, 0xff, 0xff, 0xff, 0xff, 0xff, 0xff, 0xff, 0xff,
    0xff, 0xff, 0xff, 0xff, 0xbf, 0xff, 0xbe, 0xf7, 0x9e, 0xf7, 0x7e, 0xf7,
    0x7e, 0xf7, 0x9e, 0xf7, 0xbe, 0xf7, 0xbf, 0xff, 0xff, 0xff, 0xff, 0xff,
    0xff, 0xff, 0xff, 0xff, 0xff, 0xff, 0xff, 0xff, 0xdf, 0xff, 0xbe, 0xf7,
    0x9e, 0xf7, 0x7e, 0xf7, 0x7e, 0xf7, 0x9e, 0xf7, 0x9e, 0xf7, 0xbe, 0xff,
    0xdf, 0xff, 0xff, 0xff, 0xff, 0xff, 0xff, 0xff, 0xff, 0xff, 0xff, 0xff,
    0xff, 0xff, 0xff, 0xff, 0xff, 0xf7, 0xff, 0xf7, 0xde, 0xf7, 0xbe, 0xf7,
    0x9e, 0xf7, 0x7e, 0xf7, 0x5e, 0xff, 0x5d, 0xff, 0x5d, 0xff, 0x5e, 0xff,
    0x3e, 0xff, 0x5d, 0xff, 0x5e, 0xff, 0x7e, 0xff, 0x9e, 0xf7, 0x9e, 0xf7,
    0xbe, 0xf7, 0xdf, 0xf7, 0xff, 0xf7, 0xff, 0xf7, 0xff, 0xff, 0xff, 0xff,
    0xff, 0xff, 0xff, 0xff, 0xff, 0xff, 0xff, 0xff, 0xff, 0xff, 0xdf, 0xff,
    0xbe, 0xff, 0x9e, 0xf7, 0x7e, 0xf7, 0x7e, 0xf7, 0x9e, 0xf7, 0x9e, 0xf7,
    0xbe, 0xf7, 0xdf, 0xff, 0xff, 0xff, 0xff, 0xff, 0xff, 0xff, 0xff, 0xff,
    0xff, 0xff, 0xdf, 0xff, 0xdf, 0xff, 0xbe, 0xf7, 0x9e, 0xf7, 0x7e, 0xf7,
    0x7e, 0xf7, 0x9e, 0xf7, 0xbe, 0xf7, 0xbf, 0xff, 0xff, 0xff, 0xff, 0xff,
    0xff, 0xff, 0xff, 0xff, 0xff, 0xff, 0xff, 0xff, 0xdf, 0xff, 0xbe, 0xf7,
    0x9e, 0xf7, 0x7e, 0xf7, 0x7e, 0xf7, 0x9e, 0xf7, 0x9e, 0xf7, 0xbf, 0xff,
    0xff, 0xff, 0xff, 0xff, 0xff, 0xff, 0xff, 0xff, 0xff, 0xff, 0xff, 0xff,
    0xdf, 0xff, 0xbf, 0xff, 0x9e, 0xf7, 0x7e, 0xf7, 0x7e, 0xf7, 0x7d, 0xf7,
    0x9e, 0xf7, 0xbe, 0xf7, 0xdf, 0xff, 0xff, 0xff, 0xff, 0xff, 0xff, 0xff,
    0xff, 0xff, 0xff, 0xff, 0xff, 0xff, 0xbf, 0xff, 0xbe, 0xf7, 0x9e, 0xf7,
    0x7e, 0xf7, 0x7e, 0xf7, 0x9e, 0xf7, 0x9e, 0xf7, 0xbe, 0xf7, 0xdf, 0xff,
    0xff, 0xff, 0xff, 0xff, 0xff, 0xff, 0xff, 0xff, 0xff, 0xff, 0xff, 0xff,
    0xff, 0xff, 0xff, 0xff, 0xff, 0xff, 0xff, 0xff, 0xff, 0xff, 0xdf, 0xff,
    0xdf, 0xff, 0xdf, 0xff, 0xbf, 0xff, 0xbe, 0xf7, 0xbe, 0xf7, 0x9e, 0xf7,
    0xbe, 0xff, 0xbf, 0xf7, 0xdf, 0xff, 0xdf, 0xff, 0xff, 0xff, 0xff, 0xff,
    0xdf, 0xff, 0xff, 0xff, 0xdf, 0xff, 0xdf, 0xff, 0xbf, 0xff, 0xbe, 0xf7,
    0xbe, 0xf7, 0xbe, 0xf7, 0xbe, 0xff, 0xbf, 0xff, 0xdf, 0xff, 0xdf, 0xff,
    0xff, 0xff, 0xff, 0xff, 0xff, 0xff, 0xff, 0xff, 0xdf, 0xff, 0xdf, 0xff,
    0xdf, 0xff, 0xbe, 0xff, 0xbe, 0xf7, 0xbf, 0xff, 0xbe, 0xf7, 0xbe, 0xf7,
    0xbf, 0xff, 0xdf, 0xff, 0xdf, 0xff, 0xdf, 0xff, 0xff, 0xff, 0xff, 0xff,
    0xdf, 0xff, 0xdf, 0xff, 0xbf, 0xff, 0xbf, 0xff, 0xbe, 0xf7, 0xbe, 0xf7,
    0xbe, 0xf7, 0xbe, 0xf7, 0xbf, 0xff, 0xdf, 0xff, 0xdf, 0xff, 0xdf, 0xff,
    0xff, 0xff, 0xff, 0xff, 0xdf, 0xff, 0xdf, 0xff, 0xdf, 0xff, 0xbf, 0xff,
    0xbe, 0xff, 0xbe, 0xf7, 0xbe, 0xf7, 0x9e, 0xf7, 0xbf, 0xff, 0xbf, 0xff,
    0xdf, 0xff, 0xdf, 0xff, 0xff, 0xff, 0xff, 0xff, 0xff, 0xff, 0xff, 0xff,
    0xff, 0xff, 0xdf, 0xff, 0x9e, 0xf7, 0x5d, 0xf7, 0xfc, 0xf6, 0x9b, 0xf6,
    0x3a, 0xf6, 0xf9, 0xfd, 0xd9, 0xfd, 0xb9, 0xfd, 0xb9, 0xfd, 0x98, 0xfd,
    0x99, 0xfd, 0xb9, 0xfd, 0xb9, 0xfd, 0xd9, 0xfd, 0xf9, 0xfd, 0x5a, 0xf6,
    0x9b, 0xf6, 0xfc, 0xf6, 0x5d, 0xff, 0x9e, 0xff, 0xdf, 0xff, 0xff, 0xff,
    0xff, 0xff, 0xff, 0xff, 0xff, 0xff, 0xff, 0xff, 0xdf, 0xff, 0xdf, 0xff,
    0xbf, 0xff, 0xbe, 0xf7, 0xbe, 0xf7, 0x9e, 0xf7, 0x9e, 0xf7, 0xbe, 0xf7,
    0xdf, 0xff, 0xdf, 0xff, 0xdf, 0xff, 0xff, 0xff, 0xff, 0xff, 0xff, 0xff,
    0xdf, 0xff, 0xdf, 0xff, 0xdf, 0xff, 0xbe, 0xf7, 0x9e, 0xf7, 0xbe, 0xf7,
    0xbe, 0xf7, 0xbe, 0xf7, 0xbe, 0xff, 0xdf, 0xff, 0xdf, 0xff, 0xdf, 0xff,
    0xff, 0xff, 0xff, 0xff, 0xdf, 0xff, 0xdf, 0xff, 0xdf, 0xff, 0xbf, 0xff,
    0xbe, 0xf7, 0xbe, 0xf7, 0x9e, 0xf7, 0xbe, 0xf7, 0xbf, 0xf7, 0xdf, 0xff,
    0xdf, 0xff, 0xdf, 0xff, 0xff, 0xff, 0xff, 0xff, 0xff, 0xff, 0xdf, 0xff,
    0xdf, 0xff, 0xdf, 0xff, 0xbe, 0xff, 0xbe, 0xff, 0xbe, 0xf7, 0xbe, 0xf7,
    0xbf, 0xff, 0xbf, 0xff, 0xdf, 0xff, 0xdf, 0xff, 0xff, 0xff, 0xff, 0xff,
    0xff, 0xff, 0xff, 0xff, 0xdf, 0xff, 0xdf, 0xff, 0xbf, 0xff, 0xbe, 0xff,
    0x9e, 0xf7, 0x9e, 0xf7, 0xbe, 0xf7, 0xbf, 0xff, 0xdf, 0xff, 0xdf, 0xff,
    0xdf, 0xff, 0xff, 0xff, 0xff, 0xff, 0xff, 0xff, 0xff, 0xff, 0xff, 0xff,
    0xbe, 0xf7, 0x9f, 0xf7, 0x9e, 0xf7, 0xbe, 0xf7, 0x9f, 0xf7, 0xbe, 0xf7,
    0xbf, 0xff, 0xdf, 0xff, 0xdf, 0xff, 0xdf, 0xff, 0xff, 0xff, 0xff, 0xff,
    0xdf, 0xff, 0xdf, 0xff, 0xdf, 0xff, 0xbe, 0xff, 0x9e, 0xf7, 0x9e, 0xf7,
    0x9e, 0xff, 0x9e, 0xf7, 0xbf, 0xff, 0xdf, 0xff, 0xdf, 0xff, 0xdf, 0xff,
    0xff, 0xff, 0xff, 0xff, 0xff, 0xff, 0xdf, 0xff, 0xdf, 0xff, 0xdf, 0xff,
    0xbe, 0xf7, 0x9e, 0xf7, 0xbf, 0xff, 0xbe, 0xf7, 0xbf, 0xff, 0xbf, 0xff,
    0xdf, 0xff, 0xdf, 0xff, 0xdf, 0xff, 0xff, 0xff, 0xff, 0xff, 0xff, 0xff,
    0xdf, 0xff, 0xdf, 0xff, 0xbe, 0xf7, 0xbe, 0xf7, 0x9e, 0xf7, 0x9e, 0xf7,
    0xbf, 0xff, 0xbf, 0xff, 0xdf, 0xff, 0xdf, 0xff, 0xff, 0xff, 0xff, 0xff,
    0xff, 0xff, 0xff, 0xff, 0xdf, 0xff, 0xdf, 0xff, 0xbe, 0xf7, 0xbe, 0xff,
    0xbe, 0xf7, 0x9e, 0xf7, 0xbe, 0xf7, 0xbf, 0xff, 0xdf, 0xff, 0xdf, 0xff,
    0xff, 0xff, 0xff, 0xff, 0xff, 0xff, 0xff, 0xff, 0xdf, 0xff, 0xdf, 0xff,
    0xbf, 0xff, 0xdf, 0xf7, 0xdf, 0xf7, 0xff, 0xf7, 0xff, 0xf7, 0xbf, 0xff,
    0x5d, 0xf7, 0xdc, 0xfe, 0x1a, 0xfe, 0x98, 0xfd, 0xf6, 0xfc, 0xb6, 0xfc,
    0x75, 0xfc, 0x55, 0xfc, 0x55, 0xfc, 0x55, 0xfc, 0x55, 0xfc, 0x55, 0xfc,
    0x35, 0xfc, 0x35, 0xfc, 0x14, 0xfc, 0x14, 0xfc, 0x14, 0xfc, 0x35, 0xfc,
    0x95, 0xfc, 0xf6, 0xfc, 0x78, 0xfd, 0x1a, 0xfe, 0xdc, 0xfe, 0x5d, 0xf7,
    0xbf, 0xf7, 0xff, 0xf7, 0xff, 0xff, 0xdf, 0xf7, 0xdf, 0xff, 0xdf, 0xff,
    0xdf, 0xff, 0xdf, 0xff, 0xff, 0xff, 0xff, 0xff, 0xff, 0xff, 0xdf, 0xff,
    0xdf, 0xff, 0xbf, 0xff, 0xbf, 0xf7, 0xbe, 0xf7, 0x9e, 0xf7, 0x9e, 0xf7,
    0xbf, 0xff, 0xbf, 0xff, 0xdf, 0xff, 0xdf, 0xff, 0xff, 0xff, 0xff, 0xff,
    0xff, 0xff, 0xff, 0xff, 0xdf, 0xff, 0xdf, 0xff, 0xbf, 0xf7, 0xbe, 0xf7,
    0x9e, 0xf7, 0xbe, 0xf7, 0xbf, 0xf7, 0xbe, 0xff, 0xdf, 0xff, 0xdf, 0xff,
    0xff, 0xff, 0xff, 0xff, 0xff, 0xff, 0xff, 0xff, 0xdf, 0xff, 0xdf, 0xff,
    0xbe, 0xff, 0xbf, 0xf7, 0xbe, 0xf7, 0xbe, 0xf7, 0xbf, 0xff, 0xbe, 0xf7,
    0xbf, 0xff, 0xdf, 0xff, 0xff, 0xff, 0xff, 0xff, 0xff, 0xff, 0xff, 0xff,
    0xdf, 0xff, 0xdf, 0xff, 0xbf, 0xff, 0xbe, 0xf7, 0xbe, 0xf7, 0x9e, 0xf7,
    0xbe, 0xf7, 0xbe, 0xff, 0xbf, 0xff, 0xdf, 0xff, 0xdf, 0xff, 0xff, 0xff,
    0xff, 0xff, 0xff, 0xff, 0xdf, 0xff, 0xdf, 0xff, 0xdf, 0xff, 0xbf, 0xff,
    0xbe, 0xf7, 0xbe, 0xf7, 0xbe, 0xf7, 0xbf, 0xf7, 0x9e, 0xff, 0xbe, 0xf7,
    0x7e, 0xf7, 0x7e, 0xf7, 0x9e, 0xf7, 0x7e, 0xf7, 0x9e, 0xf7, 0x9e, 0xf7,
    0xbe, 0xff, 0xdf, 0xff, 0xff, 0xff, 0xff, 0xff, 0xff, 0xff, 0xff, 0xff,
    0xff, 0xff, 0xff, 0xff, 0xbf, 0xff, 0x9e, 0xf7, 0x9e, 0xf7, 0x7e, 0xf7,
    0x7e, 0xf7, 0x9e, 0xf7, 0xbe, 0xf7, 0xbf, 0xff, 0xff, 0xff, 0xff, 0xff,
    0xff, 0xff, 0xff, 0xff, 0xff, 0xff, 0xff, 0xff, 0xdf, 0xff, 0xbf, 0xff,
    0x9e, 0xf7, 0x9e, 0xf7, 0x7e, 0xf7, 0x7e, 0xf7, 0x9e, 0xf7, 0xbe, 0xf7,
    0xdf, 0xff, 0xff, 0xff, 0xff, 0xff, 0xff, 0xff, 0xff, 0xff, 0xff, 0xff,
    0xdf, 0xff, 0xbf, 0xff, 0xbe, 0xf7, 0x9e, 0xf7, 0x7e, 0xf7, 0x7e, 0xf7,
    0x9e, 0xf7, 0xbe, 0xf7, 0xdf, 0xff, 0xff, 0xff, 0xff, 0xff, 0xff, 0xff,
    0xff, 0xff, 0xff, 0xff, 0xff, 0xff, 0xdf, 0xff, 0xbf, 0xf7, 0x9e, 0xf7,
    0x7e, 0xf7, 0x7e, 0xf7, 0x9e, 0xf7, 0x9e, 0xf7, 0xbe, 0xff, 0xff, 0xff,
    0xff, 0xff, 0xff, 0xff, 0xff, 0xff, 0xff, 0xff, 0xff, 0xff, 0xff, 0xff,
    0xff, 0xf7, 0xdf, 0xf7, 0xbe, 0xf7, 0x7d, 0xf7, 0xfc, 0xf6, 0x7b, 0xf6,
    0xb9, 0xf5, 0x16, 0xfd, 0x95, 0xfc, 0x14, 0xfc, 0xf4, 0xfb, 0xf4, 0xfb,
    0x15, 0xfc, 0x35, 0xfc, 0x35, 0xfc, 0x35, 0xfc, 0x35, 0xfc, 0x15, 0xfc,
    0x14, 0xfc, 0xf4, 0xfb, 0xf4, 0xfb, 0xd4, 0xfb, 0xb4, 0xfb, 0xb3, 0xfb,
    0x93, 0xfb, 0xb3, 0xfb, 0xd4, 0xfb, 0x55, 0xfc, 0x17, 0xfd, 0xd9, 0xfd,
    0x7a, 0xf6, 0x1c, 0xf7, 0x7e, 0xf7, 0xbe, 0xf7, 0xff, 0xf7, 0xff, 0xff,
    0xff, 0xff, 0xff, 0xff, 0xff, 0xff, 0xff, 0xff, 0xff, 0xff, 0xff, 0xff,
    0xdf, 0xff, 0xbf, 0xff, 0x9e, 0xf7, 0x9e, 0xf7, 0x7e, 0xf7, 0x7e, 0xf7,
    0x9e, 0xf7, 0xbe, 0xf7, 0xdf, 0xff, 0xff, 0xff, 0xff, 0xff, 0xff, 0xff,
    0xff, 0xff, 0xff, 0xff, 0xff, 0xff, 0xdf, 0xff, 0xbe, 0xf7, 0x9e, 0xf7,
    0x7e, 0xf7, 0x7e, 0xf7, 0x9e, 0xf7, 0x9e, 0xf7, 0xbf, 0xff, 0xff, 0xff,
    0xff, 0xff, 0xff, 0xff, 0xff, 0xff, 0xff, 0xff, 0xff, 0xff, 0xdf, 0xff,
    0xbe, 0xf7, 0x9e, 0xf7, 0x7e, 0xf7, 0x7e, 0xf7, 0x9e, 0xf7, 0x9e, 0xf7,
    0xbf, 0xff, 0xdf, 0xff, 0xff, 0xff, 0xff, 0xff, 0xff, 0xff, 0xff, 0xff,
    0xff, 0xff, 0xdf, 0xff, 0xdf, 0xff, 0x9e, 0xf7, 0x9e, 0xf7, 0x7e, 0xf7,
    0x7e, 0xf7, 0x9e, 0xf7, 0xbe, 0xf7, 0xdf, 0xff, 0xff, 0xff, 0xff, 0xff,
    0xff, 0xff, 0xff, 0xff, 0xff, 0xff, 0xff, 0xff, 0xdf, 0xff, 0xbe, 0xf7,
    0x9e, 0xf7, 0x9e, 0xf7, 0x7e, 0xf7, 0x9e, 0xf7, 0x9e, 0xf7, 0x9e, 0xf7,
    0xbe, 0xf7, 0xbe, 0xff, 0xbe, 0xf7, 0xbe, 0xff, 0xbe, 0xf7, 0xbf, 0xff,
    0xbf, 0xff, 0xdf, 0xff, 0xdf, 0xff, 0xdf, 0xff, 0xff, 0xff, 0xff, 0xff,
    0xdf, 0xff, 0xdf, 0xff, 0xdf, 0xff, 0xbf, 0xff, 0xbe, 0xf7, 0xbe, 0xf7,
    0xbe, 0xf7, 0xbe, 0xf7, 0xbf, 0xff, 0xdf, 0xff, 0xdf, 0xff, 0xdf, 0xff,
    0xff, 0xff, 0xff, 0xff, 0xff, 0xff, 0xdf, 0xff, 0xdf, 0xff, 0xdf, 0xff,
    0xbe, 0xf7, 0xbe, 0xf7, 0xbe, 0xf7, 0xbe, 0xf7, 0xbe, 0xff, 0xbf, 0xff,
    0xdf, 0xff, 0xdf, 0xff, 0xff, 0xff, 0xff, 0xff, 0xff, 0xff, 0xff, 0xff,
    0xdf, 0xff, 0xdf, 0xff, 0xbf, 0xff, 0xbe, 0xf7, 0x9e, 0xf7, 0xbe, 0xf7,
    0xbe, 0xf7, 0xbf, 0xff, 0xdf, 0xff, 0xdf, 0xff, 0xff, 0xff, 0xdf, 0xff,
    0xff, 0xff, 0xff, 0xff, 0xdf, 0xff, 0xdf, 0xff, 0xbf, 0xff, 0xbe, 0xf7,
    0x9e, 0xf7, 0xbe, 0xf7, 0xbe, 0xf7, 0xbf, 0xf7, 0xbf, 0xff, 0xdf, 0xff,
    0xdf, 0xff, 0xdf, 0xff, 0xff, 0xff, 0xff, 0xff, 0xff, 0xff, 0xff, 0xff,
    0xff, 0xff, 0xdf, 0xff, 0x5d, 0xf7, 0x9b, 0xf6, 0xd9, 0xfd, 0x16, 0xfd,
    0x55, 0xfc, 0x14, 0xfc, 0xf4, 0xfb, 0xf4, 0xfb, 0x35, 0xfc, 0x76, 0xfc,
    0x96, 0xfc, 0xb7, 0xfc, 0xb7, 0xfc, 0x96, 0xfc, 0x96, 0xfc, 0x76, 0xfc,
    0x76, 0xfc, 0x76, 0xfc, 0x76, 0xfc, 0x76, 0xfc, 0x76, 0xfc, 0x35, 0xfc,
    0x15, 0xfc, 0xd4, 0xfb, 0x93, 0xfb, 0xb3, 0xfb, 0xd3, 0xfb, 0x34, 0xfc,
    0xf6, 0xfc, 0xd9, 0xfd, 0xbb, 0xf6, 0x5d, 0xff, 0xdf, 0xff, 0xff, 0xff,
    0xff, 0xff, 0xff, 0xff, 0xff, 0xff, 0xff, 0xff, 0xdf, 0xff, 0xff, 0xff,
    0xdf, 0xff, 0xdf, 0xff, 0xbe, 0xff, 0xbe, 0xf7, 0xbe, 0xf7, 0xbe, 0xf7,
    0xbe, 0xf7, 0xbf, 0xff, 0xdf, 0xff, 0xdf, 0xff, 0xff, 0xff, 0xff, 0xff,
    0xdf, 0xff, 0xff, 0xff, 0xdf, 0xff, 0xbf, 0xff, 0xbf, 0xff, 0xbe, 0xff,
    0xbe, 0xf7, 0x9e, 0xf7, 0xbe, 0xff, 0xbf, 0xf7, 0xdf, 0xff, 0xdf, 0xff,
    0xff, 0xff, 0xff, 0xff, 0xdf, 0xff, 0xff, 0xff, 0xdf, 0xff, 0xdf, 0xff,
    0xbf, 0xff, 0xbe, 0xf7, 0xbe, 0xf7, 0xbe, 0xff, 0xbe, 0xf7, 0xbf, 0xf7,
    0xdf, 0xff, 0xdf, 0xff, 0xdf, 0xff, 0xff, 0xff, 0xff, 0xff, 0xff, 0xff,
    0xdf, 0xff, 0xdf, 0xff, 0xdf, 0xff, 0xbf, 0xff, 0xbe, 0xf7, 0xbe, 0xf7,
    0xbf, 0xf7, 0xbf, 0xff, 0xbf, 0xff, 0xdf, 0xff, 0xdf, 0xff, 0xdf, 0xff,
    0xff, 0xff, 0xff, 0xff, 0xdf, 0xff, 0xdf, 0xff, 0xdf, 0xff, 0xbf, 0xff,
    0xbe, 0xf7, 0xbe, 0xff, 0xbf, 0xf7, 0x9e, 0xf7, 0xbe, 0xf7, 0xbe, 0xf7,
    0xff, 0xff, 0xff, 0xff, 0xff, 0xff, 0xff, 0xff, 0xff, 0xff, 0xdf, 0xff,
    0xdf, 0xff, 0xdf, 0xff, 0xbe, 0xf7, 0xbe, 0xf7, 0x9e, 0xf7, 0xbe, 0xff,
    0xbf, 0xff, 0xbf, 0xff, 0xdf, 0xff, 0xdf, 0xff, 0xff, 0xff, 0xff, 0xff,
    0xff, 0xff, 0xff, 0xff, 0xdf, 0xff, 0xdf, 0xff, 0xdf, 0xff, 0xbf, 0xff,
    0xbe, 0xf7, 0xbe, 0xf7, 0xbe, 0xff, 0xbf, 0xff, 0xdf, 0xff, 0xdf, 0xff,
    0xdf, 0xff, 0xff, 0xff, 0xff, 0xff, 0xff, 0xff, 0xdf, 0xff, 0xdf, 0xff,
    0xdf, 0xff, 0xbf, 0xff, 0xbe, 0xf7, 0xbe, 0xf7, 0xbf, 0xf7, 0xbe, 0xff,
    0xbf, 0xff, 0xdf, 0xff, 0xdf, 0xff, 0xdf, 0xff, 0xff, 0xff, 0xff, 0xff,
    0xdf, 0xff, 0xdf, 0xff, 0xbf, 0xff, 0xbe, 0xff, 0xbe, 0xf7, 0x9e, 0xf7,
    0x9e, 0xff, 0x9e, 0xf7, 0xbf, 0xff, 0xdf, 0xff, 0xdf, 0xff, 0xdf, 0xff,
    0xff, 0xff, 0xff, 0xff, 0xff, 0xff, 0xff, 0xff, 0xff, 0xff, 0xdf, 0xff,
    0xdf, 0xf7, 0xdf, 0xf7, 0xdf, 0xf7, 0xdf, 0xf7, 0xff, 0xff, 0xff, 0xff,
    0xff, 0xff, 0x9e, 0xff, 0xdc, 0xfe, 0xd9, 0xfd, 0xf6, 0xfc, 0x34, 0xfc,
    0xd4, 0xfb, 0xf4, 0xfb, 0x35, 0xfc, 0x56, 0xfc, 0x76, 0xfc, 0x76, 0xfc,
    0x76, 0xfc, 0x76, 0xfc, 0x76, 0xfc, 0x76, 0xfc, 0x76, 0xfc, 0x76, 0xfc,
    0x76, 0xfc, 0x76, 0xfc, 0x76, 0xfc, 0x76, 0xfc, 0x76, 0xfc, 0x76, 0xfc,
    0x76, 0xfc, 0x35, 0xfc, 0x15, 0xfc, 0xf4, 0xfb, 0xb3, 0xfb, 0xb3, 0xfb,
    0x15, 0xfc, 0xd7, 0xfc, 0xd9, 0xfd, 0xdc, 0xfe, 0x9e, 0xff, 0xff, 0xff,
    0xff, 0xff, 0xff, 0xf7, 0xdf, 0xf7, 0xdf, 0xf7, 0xdf, 0xff, 0xdf, 0xf7,
    0xdf, 0xff, 0xdf, 0xff, 0xff, 0xff, 0xff, 0xff, 0xff, 0xff, 0xff, 0xff,
    0xdf, 0xff, 0xdf, 0xff, 0xdf, 0xff, 0xbe, 0xff, 0x9e, 0xf7, 0x9e, 0xf7,
    0x9e, 0xff, 0xbf, 0xf7, 0xbf, 0xff, 0xbf, 0xff, 0xdf, 0xff, 0xff, 0xff,
    0xff, 0xff, 0xff, 0xff, 0xdf, 0xff, 0xdf, 0xff, 0xdf, 0xff, 0xbf, 0xff,
    0xbe, 0xf7, 0xbe, 0xf7, 0xbf, 0xff, 0xbe, 0xf7, 0xbf, 0xff, 0xbf, 0xff,
    0xdf, 0xff, 0xdf, 0xff, 0xff, 0xff, 0xff, 0xff, 0xff, 0xff, 0xdf, 0xff,
    0xdf, 0xff, 0xdf, 0xff, 0xbf, 0xff, 0xbe, 0xf7, 0xbe, 0xf7, 0xbf, 0xf7,
    0xbf, 0xff, 0xdf, 0xff, 0xdf, 0xff, 0xdf, 0xff, 0xff, 0xff, 0xff, 0xff,
    0xff, 0xff, 0xdf, 0xff, 0xdf, 0xff, 0xdf, 0xff, 0xbf, 0xff, 0xbe, 0xf7,
    0xbe, 0xf7, 0x9e, 0xf7, 0xbf, 0xf7, 0xbe, 0xff, 0xdf, 0xff, 0xdf, 0xff,
    0xdf, 0xff, 0xff, 0xff, 0xff, 0xff, 0xff, 0xff, 0xff, 0xff, 0xff, 0xff,
    0xff, 0xff, 0xff, 0xff, 0xff, 0xff, 0xff, 0xff, 0xff, 0xff, 0xff, 0xff,
    0xdf, 0xff, 0xbf, 0xff, 0xbe, 0xf7, 0x9e, 0xf7, 0x7e, 0xf7, 0x7e, 0xf7,
    0x9e, 0xf7, 0xbe, 0xf7, 0xdf, 0xff, 0xff, 0xff, 0xff, 0xff, 0xff, 0xff,
    0xff, 0xff, 0xff, 0xff, 0xff, 0xff, 0xdf, 0xff, 0xbe, 0xf7, 0x9e, 0xf7,
    0x7e, 0xf7, 0x9e, 0xf7, 0x9e, 0xf7, 0x9e, 0xf7, 0xbf, 0xff, 0xdf, 0xff,
    0xff, 0xff, 0xff, 0xff, 0xff, 0xff, 0xff, 0xff, 0xff, 0xff, 0xff, 0xff,
    0xdf, 0xff, 0x9e, 0xf7, 0x9e, 0xf7, 0x7e, 0xf7, 0x7e, 0xf7, 0x9e, 0xf7,
    0xbe, 0xf7, 0xdf, 0xff, 0xff, 0xff, 0xff, 0xff, 0xff, 0xff, 0xff, 0xff,
    0xff, 0xff, 0xff, 0xff, 0xdf, 0xff, 0x9e, 0xf7, 0x9e, 0xf7, 0x7e, 0xf7,
    0x7e, 0xf7, 0x9e, 0xf7, 0xbe, 0xf7, 0xdf, 0xff, 0xff, 0xff, 0xff, 0xff,
    0xff, 0xff, 0xff, 0xff, 0xff, 0xff, 0xff, 0xff, 0xff, 0xff, 0xff, 0xf7,
    0xff, 0xf7, 0xff, 0xf7, 0xff, 0xf7, 0xff, 0xf7, 0xff, 0xf7, 0xff, 0xff,
    0xff, 0xff, 0x7e, 0xff, 0x7b, 0xfe, 0x78, 0xfd, 0x76, 0xfc, 0xd4, 0xfb,
    0xb3, 0xfb, 0xf4, 0xfb, 0x35, 0xfc, 0x76, 0xfc, 0x96, 0xfc, 0x76, 0xfc,
    0x56, 0xfc, 0x55, 0xfc, 0x55, 0xfc, 0x55, 0xfc, 0x56, 0xfc, 0x76, 0xfc,
    0x76, 0xfc, 0x75, 0xfc, 0x55, 0xfc, 0x56, 0xfc, 0x76, 0xfc, 0x75, 0xfc,
    0x76, 0xfc, 0x76, 0xfc, 0x76, 0xfc, 0x35, 0xfc, 0xd4, 0xfb, 0x93, 0xfb,
    0xd3, 0xfb, 0x75, 0xfc, 0x78, 0xfd, 0x7b, 0xfe, 0x5e, 0xff, 0xff, 0xff,
    0xff, 0xff, 0xff, 0xf7, 0xff, 0xf7, 0xff, 0xf7, 0xff, 0xf7, 0xff, 0xf7,
    0xff, 0xf7, 0xff, 0xff, 0xff, 0xff, 0xff, 0xff, 0xff, 0xff, 0xff, 0xff,
    0xff, 0xff, 0xff, 0xff, 0xdf, 0xff, 0xbe, 0xf7, 0x9e, 0xf7, 0x7e, 0xf7,
    0x7e, 0xf7, 0x9e, 0xf7, 0xbe, 0xf7, 0xbf, 0xff, 0xff, 0xff, 0xff, 0xff,
    0xff, 0xff, 0xff, 0xff, 0xff, 0xff, 0xff, 0xff, 0xdf, 0xff, 0xbe, 0xff,
    0x9e, 0xf7, 0x7e, 0xf7, 0x7e, 0xf7, 0x9e, 0xf7, 0x9e, 0xf7, 0xdf, 0xff,
    0xff, 0xff, 0xff, 0xff, 0xff, 0xff, 0xff, 0xff, 0xff, 0xff, 0xff, 0xff,
    0xdf, 0xff, 0xdf, 0xff, 0xbe, 0xf7, 0x9e, 0xf7, 0x7e, 0xf7, 0x7e, 0xf7,
    0x9e, 0xf7, 0xbe, 0xf7, 0xdf, 0xff, 0xff, 0xff, 0xff, 0xff, 0xff, 0xff,
    0xff, 0xff, 0xff, 0xff, 0xff, 0xff, 0xdf, 0xff, 0xbe, 0xf7, 0x9e, 0xf7,
    0x7e, 0xf7, 0x7e, 0xf7, 0x9e, 0xf7, 0xbe, 0xf7, 0xbf, 0xff, 0xdf, 0xff,
    0xff, 0xff, 0xff, 0xff, 0xff, 0xff, 0xff, 0xff, 0xff, 0xff, 0xff, 0xff,
    0xff, 0xff, 0xdf, 0xff, 0xff, 0xff, 0xdf, 0xff, 0xff, 0xff, 0xdf, 0xff,
    0xdf, 0xff, 0xbf, 0xff, 0xbe, 0xf7, 0xbe, 0xf7, 0x9e, 0xf7, 0x9e, 0xf7,
    0xbe, 0xf7, 0xbf, 0xff, 0xbf, 0xff, 0xdf, 0xff, 0xdf, 0xff, 0xff, 0xff,
    0xff, 0xff, 0xff, 0xff, 0xdf, 0xff, 0xdf, 0xff, 0xbf, 0xff, 0xbe, 0xf7,
    0xbe, 0xf7, 0xbe, 0xf7, 0xbe, 0xf7, 0xbf, 0xff, 0xdf, 0xff, 0xdf, 0xff,
    0xff, 0xff, 0xff, 0xff, 0xff, 0xff, 0xff, 0xff, 0xdf, 0xff, 0xdf, 0xff,
    0xbf, 0xff, 0xbf, 0xff, 0xbe, 0xf7, 0xbe, 0xf7, 0x9e, 0xf7, 0xbe, 0xff,
    0xbf, 0xff, 0xdf, 0xff, 0xff, 0xff, 0xff, 0xff, 0xff, 0xff, 0xff, 0xff,
    0xdf, 0xff, 0xdf, 0xff, 0xdf, 0xff, 0xbf, 0xff, 0xbe, 0xf7, 0xbe, 0xf7,
    0xbf, 0xf7, 0xdf, 0xf7, 0xdf, 0xff, 0xff, 0xff, 0xff, 0xff, 0xdf, 0xff,
    0x9e, 0xff, 0x7e, 0xff, 0x7e, 0xff, 0x3d, 0xff, 0x1d, 0xff, 0x1d, 0xff,
    0x1d, 0xf7, 0x3d, 0xf7, 0x5d, 0xf7, 0x7e, 0xff, 0x9e, 0xf7, 0x9e, 0xf7,
    0x5e, 0xff, 0xdc, 0xfe, 0x1a, 0xfe, 0x37, 0xfd, 0x75, 0xfc, 0xd4, 0xfb,
    0xb4, 0xfb, 0xd4, 0xfb, 0x35, 0xfc, 0x56, 0xfc, 0x76, 0xfc, 0x56, 0xfc,
    0x55, 0xfc, 0x55, 0xfc, 0x56, 0xfc, 0x55, 0xfc, 0x55, 0xfc, 0x56, 0xfc,
    0x56, 0xfc, 0x76, 0xfc, 0x55, 0xfc, 0x56, 0xfc, 0x56, 0xfc, 0x75, 0xfc,
    0x76, 0xfc, 0x76, 0xfc, 0x76, 0xfc, 0x35, 0xfc, 0xd4, 0xfb, 0xb3, 0xfb,
    0xd3, 0xfb, 0x55, 0xfc, 0x37, 0xfd, 0x1a, 0xfe, 0xdc, 0xfe, 0x5e, 0xff,
    0x9e, 0xf7, 0x7e, 0xff, 0x7e, 0xf7, 0x5d, 0xf7, 0x3d, 0xf7, 0x1d, 0xf7,
    0x1d, 0xff, 0x3d, 0xff, 0x5d, 0xff, 0x7e, 0xff, 0x9e, 0xff, 0xbf, 0xff,
    0xdf, 0xff, 0xdf, 0xff, 0xff, 0xff, 0xff, 0xff, 0xdf, 0xf7, 0xbf, 0xf7,
    0xbe, 0xf7, 0xbe, 0xf7, 0xbe, 0xff, 0xdf, 0xff, 0xdf, 0xff, 0xdf, 0xff,
    0xff, 0xff, 0xff, 0xff, 0xff, 0xff, 0xdf, 0xff, 0xdf, 0xff, 0xbf, 0xf7,
    0xbe, 0xf7, 0xbe, 0xf7, 0x9e, 0xf7, 0xbe, 0xf7, 0xbf, 0xff, 0xdf, 0xff,
    0xdf, 0xff, 0xff, 0xff, 0xff, 0xff, 0xff, 0xff, 0xff, 0xff, 0xdf, 0xff,
    0xdf, 0xff, 0xdf, 0xff, 0xbf, 0xff, 0xbe, 0xf7, 0xbe, 0xf7, 0xbe, 0xf7,
    0xbe, 0xff, 0xbf, 0xff, 0xdf, 0xff, 0xdf, 0xff, 0xff, 0xff, 0xff, 0xff,
    0xff, 0xff, 0xff, 0xff, 0xdf, 0xff, 0xdf, 0xff, 0xbf, 0xff, 0xbe, 0xff,
    0x9e, 0xf7, 0xbe, 0xf7, 0xbe, 0xf7, 0xbf, 0xff, 0xbf, 0xff, 0xdf, 0xff,
    0xff, 0xff, 0xff, 0xff, 0xff, 0xff, 0xdf, 0xff, 0xff, 0xff, 0xff, 0xff,
    0xbe, 0xf7, 0xbe, 0xf7, 0xbf, 0xf7, 0xbe, 0xf7, 0xbe, 0xf7, 0xbf, 0xff,
    0xdf, 0xff, 0xdf, 0xff, 0xdf, 0xff, 0xdf, 0xff, 0xff, 0xff, 0xff, 0xff,
    0xdf, 0xff, 0xdf, 0xff, 0xbf, 0xff, 0xbe, 0xff, 0xbe, 0xf7, 0xbe, 0xf7,
    0xbf, 0xff, 0xbf, 0xf7, 0xbf, 0xff, 0xdf, 0xff, 0xdf, 0xff, 0xdf, 0xff,
    0xff, 0xff, 0xff, 0xff, 0xff, 0xff, 0xdf, 0xff, 0xdf, 0xff, 0xbf, 0xff,
    0xbe, 0xf7, 0xbe, 0xf7, 0xbe, 0xf7, 0xbe, 0xff, 0xbf, 0xf7, 0xbf, 0xff,
    0xdf, 0xff, 0xdf, 0xff, 0xff, 0xff, 0xff, 0xff, 0xff, 0xff, 0xdf, 0xff,
    0xdf, 0xff, 0xdf, 0xff, 0xbe, 0xf7, 0xbe, 0xf7, 0xbf, 0xf7, 0xbe, 0xf7,
    0xbf, 0xff, 0xbf, 0xf7, 0xbf, 0xff, 0xff, 0xff, 0xff, 0xff, 0xff, 0xff,
    0xff, 0xff, 0xff, 0xff, 0xdf, 0xff, 0x7e, 0xff, 0xfc, 0xf6, 0x9b, 0xfe,
    0x1a, 0xfe, 0xb9, 0xfd, 0x78, 0xfd, 0x37, 0xfd, 0x17, 0xfd, 0xf6, 0xfc,
    0x17, 0xfd, 0x37, 0xfd, 0x58, 0xfd, 0x98, 0xfd, 0xd9, 0xfd, 0xf9, 0xfd,
    0xf9, 0xf5, 0xd9, 0xf5, 0x78, 0xf5, 0xd6, 0xfc, 0x55, 0xfc, 0xf4, 0xfb,
    0xd4, 0xfb, 0xf4, 0xfb, 0x35, 0xfc, 0x76, 0xfc, 0x76, 0xfc, 0x76, 0xfc,
    0x76, 0xfc, 0x56, 0xfc, 0x55, 0xfc, 0x55, 0xfc, 0x55, 0xfc, 0x35, 0xfc,
    0x35, 0xfc, 0x35, 0xfc, 0x55, 0xfc, 0x55, 0xfc, 0x55, 0xfc, 0x76, 0xfc,
    0x76, 0xfc, 0x76, 0xfc, 0x76, 0xfc, 0x35, 0xfc, 0xf4, 0xfb, 0xb3, 0xfb,
    0xd4, 0xfb, 0x34, 0xfc, 0xb6, 0xfc, 0x57, 0xfd, 0xd9, 0xf5, 0x19, 0xfe,
    0xf9, 0xfd, 0xd9, 0xfd, 0x99, 0xfd, 0x78, 0xfd, 0x37, 0xfd, 0x17, 0xfd,
    0xf7, 0xfc, 0x17, 0xfd, 0x37, 0xfd, 0x58, 0xfd, 0xb9, 0xfd, 0x1a, 0xfe,
    0x7b, 0xfe, 0x1c, 0xff, 0x7e, 0xff, 0xdf, 0xff, 0xff, 0xff, 0xff, 0xff,
    0xff, 0xff, 0xff, 0xff, 0xdf, 0xff, 0xdf, 0xff, 0xbe, 0xf7, 0xbe, 0xf7,
    0xbe, 0xf7, 0xbf, 0xf7, 0xbe, 0xff, 0xbe, 0xff, 0xdf, 0xff, 0xdf, 0xff,
    0xff, 0xff, 0xff, 0xff, 0xff, 0xff, 0xff, 0xff, 0xdf, 0xff, 0xdf, 0xff,
    0xbf, 0xff, 0xbe, 0xf7, 0x9e, 0xf7, 0x9e, 0xf7, 0x9e, 0xff, 0xbe, 0xf7,
    0xbf, 0xff, 0xdf, 0xff, 0xdf, 0xff, 0xff, 0xff, 0xff, 0xff, 0xff, 0xff,
    0xdf, 0xff, 0xdf, 0xff, 0xdf, 0xff, 0xbf, 0xf7, 0xbe, 0xf7, 0xbe, 0xf7,
    0xbe, 0xf7, 0xbe, 0xff, 0xbf, 0xff, 0xdf, 0xff, 0xdf, 0xff, 0xdf, 0xff,
    0xff, 0xff, 0xff, 0xff, 0xdf, 0xff, 0xdf, 0xff, 0xdf, 0xff, 0xbf, 0xff,
    0xbe, 0xf7, 0xbe, 0xf7, 0xbf, 0xf7, 0xbe, 0xff, 0x9e, 0xf7, 0xbf, 0xf7,
    0x9e, 0xf7, 0x7e, 0xf7, 0x9e, 0xf7, 0x9e, 0xf7, 0x7e, 0xf7, 0x9e, 0xf7,
    0xbe, 0xf7, 0xdf, 0xff, 0xff, 0xff, 0xff, 0xff, 0xff, 0xff, 0xff, 0xff,
    0xff, 0xff, 0xff, 0xff, 0xdf, 0xff, 0xbe, 0xf7, 0x9e, 0xf7, 0x7e, 0xf7,
    0x7e, 0xf7, 0x9e, 0xf7, 0xbe, 0xf7, 0xbf, 0xff, 0xff, 0xff, 0xff, 0xff,
    0xff, 0xff, 0xff, 0xff, 0xff, 0xff, 0xff, 0xff, 0xdf, 0xff, 0xbf, 0xff,
    0x9e, 0xf7, 0x9e, 0xf7, 0x7e, 0xf7, 0x7e, 0xf7, 0x9e, 0xf7, 0xbe, 0xff,
    0xdf, 0xff, 0xff, 0xff, 0xff, 0xff, 0xff, 0xff, 0xff, 0xff, 0xff, 0xff,
    0xff, 0xff, 0xbf, 0xff, 0x9e, 0xf7, 0x9e, 0xf7, 0x7e, 0xf7, 0x7e, 0xf7,
    0x9e, 0xf7, 0xde, 0xf7, 0xff, 0xff, 0xff, 0xff, 0xff, 0xff, 0xff, 0xff,
    0x9e, 0xff, 0x1d, 0xff, 0x7b, 0xfe, 0xd9, 0xfd, 0x37, 0xfd, 0xb6, 0xfc,
    0x75, 0xfc, 0x55, 0xfc, 0x35, 0xfc, 0x55, 0xfc, 0x35, 0xfc, 0x35, 0xfc,
    0x34, 0xfc, 0x35, 0xfc, 0x35, 0xfc, 0x35, 0xfc, 0x55, 0xfc, 0x55, 0xfc,
    0x54, 0xfc, 0x34, 0xfc, 0x14, 0xfc, 0xd3, 0xfb, 0xb3, 0xfb, 0xb3, 0xfb,
    0xd3, 0xfb, 0x15, 0xfc, 0x56, 0xfc, 0x96, 0xfc, 0xb7, 0xfc, 0x96, 0xfc,
    0x96, 0xfc, 0x56, 0xfc, 0x35, 0xfc, 0x15, 0xfc, 0xf4, 0xfb, 0xf4, 0xfb,
    0xf4, 0xfb, 0xf4, 0xfb, 0x14, 0xfc, 0x35, 0xfc, 0x56, 0xfc, 0x96, 0xfc,
    0xb6, 0xfc, 0x96, 0xfc, 0x96, 0xfc, 0x35, 0xfc, 0xf4, 0xfb, 0xb3, 0xfb,
    0x72, 0xfb, 0x92, 0xfb, 0xd3, 0xfb, 0x14, 0xfc, 0x74, 0xfc, 0x75, 0xf4,
    0x96, 0xfc, 0x96, 0xfc, 0x76, 0xfc, 0x55, 0xfc, 0x55, 0xfc, 0x35, 0xfc,
    0x14, 0xfc, 0xf4, 0xfb, 0xf4, 0xfb, 0xf4, 0xfb, 0xf4, 0xfb, 0x34, 0xfc,
    0x96, 0xfc, 0x17, 0xfd, 0xd9, 0xfd, 0x7b, 0xfe, 0x1d, 0xff, 0x9f, 0xff,
    0xff, 0xff, 0xff, 0xff, 0xff, 0xff, 0xff, 0xff, 0xbf, 0xf7, 0x9e, 0xf7,
    0x7e, 0xf7, 0x7e, 0xf7, 0x7e, 0xf7, 0x9e, 0xf7, 0xdf, 0xff, 0xdf, 0xff,
    0xff, 0xff, 0xff, 0xff, 0xff, 0xff, 0xff, 0xff, 0xff, 0xff, 0xdf, 0xff,
    0xbf, 0xf7, 0x9e, 0xf7, 0x9e, 0xf7, 0x7e, 0xf7, 0x9e, 0xf7, 0x9e, 0xf7,
    0xbf, 0xff, 0xdf, 0xff, 0xff, 0xff, 0xff, 0xff, 0xff, 0xff, 0xff, 0xff,
    0xff, 0xff, 0xff, 0xff, 0xdf, 0xff, 0xbe, 0xf7, 0x9e, 0xf7, 0x7e, 0xf7,
    0x7e, 0xf7, 0x9e, 0xf7, 0xbe, 0xf7, 0xdf, 0xff, 0xff, 0xff, 0xff, 0xff,
    0xff, 0xff, 0xff, 0xff, 0xff, 0xff, 0xff, 0xff, 0xdf, 0xff, 0xbf, 0xf7,
    0x9e, 0xf7, 0x9e, 0xf7, 0x9e, 0xf7, 0x9e, 0xf7, 0x9e, 0xf7, 0x9e, 0xf7,
    0xbe, 0xf7, 0xbe, 0xff, 0x9e, 0xf7, 0xbf, 0xff, 0xbe, 0xf7, 0xbf, 0xff,
    0xbf, 0xff, 0xdf, 0xff, 0xdf, 0xff, 0xff, 0xff, 0xff, 0xff, 0xff, 0xff,
    0xdf, 0xff, 0xdf, 0xff, 0xdf, 0xff, 0xbf, 0xff, 0xbe, 0xff, 0xbe, 0xf7,
    0x9e, 0xf7, 0xbe, 0xf7, 0xbf, 0xff, 0xdf, 0xff, 0xdf, 0xff, 0xff, 0xff,
    0xff, 0xff, 0xff, 0xff, 0xff, 0xff, 0xdf, 0xff, 0xdf, 0xff, 0xdf, 0xff,
    0xbe, 0xf7, 0xbe, 0xf7, 0xbe, 0xf7, 0xbe, 0xf7, 0xbf, 0xf7, 0xbf, 0xff,
    0xdf, 0xff, 0xdf, 0xff, 0xff, 0xff, 0xff, 0xff, 0xff, 0xff, 0xff, 0xff,
    0xdf, 0xff, 0xdf, 0xff, 0xbf, 0xff, 0xbe, 0xf7, 0xbe, 0xf7, 0xbe, 0xf7,
    0xbe, 0xff, 0xff, 0xff, 0xff, 0xff, 0xdf, 0xff, 0x9e, 0xff, 0xfd, 0xfe,
    0x3a, 0xfe, 0x98, 0xfd, 0xd6, 0xfc, 0x55, 0xfc, 0xf4, 0xfb, 0xf4, 0xfb,
    0xf4, 0xfb, 0x15, 0xfc, 0x55, 0xfc, 0x76, 0xfc, 0x76, 0xfc, 0x76, 0xfc,
    0x56, 0xfc, 0x55, 0xfc, 0x35, 0xfc, 0x15, 0xfc, 0xf4, 0xfb, 0xd4, 0xfb,
    0xb3, 0xfb, 0x73, 0xfb, 0x52, 0xfb, 0x31, 0xfb, 0x31, 0xfb, 0x52, 0xfb,
    0x93, 0xfb, 0xf4, 0xfb, 0x35, 0xfc, 0x76, 0xfc, 0xb6, 0xfc, 0x97, 0xfc,
    0x96, 0xfc, 0x56, 0xfc, 0x35, 0xfc, 0xf5, 0xfb, 0xd4, 0xfb, 0xb4, 0xfb,
    0xb4, 0xfb, 0xb4, 0xfb, 0xf4, 0xfb, 0x35, 0xfc, 0x56, 0xfc, 0x96, 0xfc,
    0x96, 0xfc, 0x96, 0xfc, 0x76, 0xfc, 0x15, 0xfc, 0xd3, 0xfb, 0x52, 0xfb,
    0x31, 0xfb, 0x31, 0xfb, 0x32, 0xfb, 0x72, 0xfb, 0xd3, 0xfb, 0xf4, 0xfb,
    0x15, 0xfc, 0x55, 0xfc, 0x56, 0xfc, 0x76, 0xfc, 0x56, 0xfc, 0x56, 0xfc,
    0x56, 0xfc, 0x35, 0xfc, 0x15, 0xfc, 0xf4, 0xfb, 0xb3, 0xfb, 0x93, 0xfb,
    0x93, 0xfb, 0xb3, 0xfb, 0x14, 0xfc, 0xb6, 0xfc, 0x78, 0xfd, 0x5b, 0xfe,
    0x1d, 0xff, 0x9e, 0xff, 0xff, 0xff, 0xff, 0xff, 0xff, 0xff, 0xbf, 0xff,
    0x9e, 0xf7, 0xbe, 0xf7, 0xbe, 0xf7, 0xbf, 0xf7, 0xdf, 0xff, 0xdf, 0xff,
    0xff, 0xff, 0xff, 0xff, 0xff, 0xff, 0xff, 0xff, 0xdf, 0xff, 0xdf, 0xff,
    0xdf, 0xff, 0xbe, 0xff, 0x9e, 0xf7, 0xbe, 0xf7, 0x9e, 0xf7, 0xbe, 0xff,
    0xbf, 0xff, 0xdf, 0xff, 0xdf, 0xff, 0xff, 0xff, 0xff, 0xff, 0xff, 0xff,
    0xdf, 0xff, 0xdf, 0xff, 0xbf, 0xff, 0xbe, 0xff, 0xbe, 0xf7, 0xbe, 0xf7,
    0xbe, 0xf7, 0xbf, 0xf7, 0xbf, 0xff, 0xdf, 0xff, 0xdf, 0xff, 0xdf, 0xff,
    0xff, 0xff, 0xff, 0xff, 0xff, 0xff, 0xff, 0xff, 0xdf, 0xff, 0xdf, 0xff,
    0xbe, 0xff, 0xbe, 0xf7, 0x9e, 0xf7, 0x9e, 0xff, 0xbe, 0xf7, 0xbe, 0xf7,
    0xff, 0xff, 0xff, 0xff, 0xff, 0xff, 0xff, 0xff, 0xff, 0xff, 0xdf, 0xff,
    0xdf, 0xff, 0xdf, 0xff, 0xbe, 0xf7, 0xbe, 0xf7, 0xbf, 0xff, 0xbe, 0xf7,
    0xbf, 0xff, 0xbf, 0xff, 0xdf, 0xff, 0xdf, 0xff, 0xff, 0xff, 0xff, 0xff,
    0xff, 0xff, 0xdf, 0xff, 0xdf, 0xff, 0xdf, 0xff, 0xbe, 0xff, 0xbf, 0xff,
    0xbf, 0xf7, 0xbe, 0xf7, 0xbe, 0xff, 0xbf, 0xff, 0xbf, 0xff, 0xdf, 0xff,
    0xdf, 0xff, 0xff, 0xff, 0xff, 0xff, 0xff, 0xff, 0xdf, 0xff, 0xdf, 0xff,
    0xdf, 0xff, 0xbe, 0xf7, 0xbe, 0xf7, 0xbe, 0xf7, 0xbf, 0xf7, 0xbe, 0xff,
    0xbf, 0xff, 0xdf, 0xff, 0xdf, 0xff, 0xff, 0xff, 0xff, 0xff, 0xff, 0xff,
    0xff, 0xff, 0xdf, 0xff, 0xbf, 0xff, 0x3d, 0xf7, 0x9b, 0xfe, 0xb9, 0xfd,
    0xf6, 0xfc, 0x35, 0xfc, 0xf4, 0xfb, 0xf4, 0xfb, 0x15, 0xfc, 0x76, 0xfc,
    0x96, 0xfc, 0x76, 0xfc, 0x76, 0xfc, 0x76, 0xfc, 0x56, 0xfc, 0x55, 0xfc,
    0x56, 0xfc, 0x56, 0xfc, 0x55, 0xfc, 0x35, 0xfc, 0x35, 0xfc, 0x35, 0xfc,
    0x35, 0xfc, 0x15, 0xfc, 0xd4, 0xfb, 0x93, 0xfb, 0x72, 0xfb, 0x52, 0xfb,
    0x72, 0xfb, 0xb3, 0xfb, 0xf4, 0xfb, 0x14, 0xfc, 0x56, 0xfc, 0x56, 0xfc,
    0x56, 0xfc, 0x35, 0xfc, 0xf5, 0xfb, 0xd4, 0xfb, 0x94, 0xfb, 0x94, 0xfb,
    0x74, 0xfb, 0x94, 0xfb, 0xd4, 0xfb, 0xf5, 0xfb, 0x36, 0xfc, 0x36, 0xfc,
    0x36, 0xfc, 0x35, 0xfc, 0xf4, 0xfb, 0xb3, 0xfb, 0x72, 0xfb, 0x32, 0xfb,
    0x32, 0xfb, 0x52, 0xfb, 0x93, 0xfb, 0xf4, 0xfb, 0x35, 0xfc, 0x56, 0xfc,
    0x56, 0xfc, 0x76, 0xfc, 0x56, 0xfc, 0x55, 0xfc, 0x55, 0xfc, 0x56, 0xfc,
    0x55, 0xfc, 0x56, 0xfc, 0x55, 0xfc, 0x56, 0xfc, 0x35, 0xfc, 0x35, 0xfc,
    0x15, 0xfc, 0xd4, 0xfb, 0xb3, 0xfb, 0xb3, 0xfb, 0x14, 0xfc, 0xd6, 0xfc,
    0xb8, 0xfd, 0x9b, 0xfe, 0x3d, 0xff, 0xbf, 0xff, 0xff, 0xff, 0xff, 0xff,
    0xff, 0xff, 0xff, 0xff, 0xff, 0xff, 0xdf, 0xff, 0xdf, 0xff, 0xbf, 0xff,
    0xbe, 0xf7, 0xbe, 0xf7, 0xbf, 0xff, 0xbe, 0xf7, 0xbf, 0xff, 0xdf, 0xff,
    0xdf, 0xff, 0xff, 0xff, 0xff, 0xff, 0xff, 0xff, 0xff, 0xff, 0xdf, 0xff,
    0xdf, 0xff, 0xdf, 0xff, 0xbe, 0xf7, 0xbe, 0xf7, 0xbe, 0xf7, 0xbe, 0xf7,
    0xbf, 0xff, 0xbf, 0xff, 0xdf, 0xff, 0xdf, 0xff, 0xdf, 0xff, 0xff, 0xff,
    0xff, 0xff, 0xdf, 0xff, 0xdf, 0xff, 0xdf, 0xff, 0xbf, 0xff, 0xbe, 0xff,
    0xbe, 0xf7, 0xbf, 0xf7, 0xbe, 0xff, 0xbf, 0xff, 0xdf, 0xff, 0xdf, 0xff,
    0xdf, 0xff, 0xff, 0xff, 0xff, 0xff, 0xff, 0xff, 0xff, 0xff, 0xff, 0xff,
    0xff, 0xff, 0xff, 0xff, 0xff, 0xff, 0xff, 0xff, 0xff, 0xff, 0xff, 0xff,
    0xdf, 0xff, 0xbf, 0xff, 0x9e, 0xf7, 0x9e, 0xf7, 0x7e, 0xf7, 0x7e, 0xf7,
    0x9e, 0xf7, 0xbe, 0xf7, 0xdf, 0xff, 0xff, 0xff, 0xff, 0xff, 0xff, 0xff,
    0xff, 0xff, 0xff, 0xff, 0xff, 0xff, 0xdf, 0xff, 0xbe, 0xf7, 0x9e, 0xf7,
    0x7e, 0xf7, 0x7e, 0xf7, 0x7e, 0xf7, 0x9e, 0xf7, 0xbf, 0xf7, 0xdf, 0xff,
    0xff, 0xff, 0xff, 0xff, 0xff, 0xff, 0xff, 0xff, 0xff, 0xff, 0xdf, 0xff,
    0xdf, 0xff, 0xbe, 0xf7, 0x7e, 0xf7, 0x7e, 0xf7, 0x7e, 0xf7, 0x9e, 0xf7,
    0xbe, 0xff, 0xdf, 0xff, 0xff, 0xff, 0xff, 0xff, 0xff, 0xff, 0xff, 0xff,
    0xff, 0xff, 0xbf, 0xff, 0x1d, 0xff, 0x7a, 0xfe, 0x98, 0xf5, 0xb6, 0xf4,
    0x34, 0xfc, 0xd4, 0xfb, 0xb4, 0xfb, 0xf4, 0xfb, 0x56, 0xfc, 0x97, 0xfc,
    0xb7, 0xfc, 0x96, 0xfc, 0x76, 0xfc, 0x56, 0xfc, 0x55, 0xfc, 0x35, 0xfc,
    0x55, 0xfc, 0x55, 0xfc, 0x56, 0xfc, 0x76, 0xfc, 0x76, 0xfc, 0x76, 0xfc,
    0x76, 0xfc, 0x76, 0xfc, 0x56, 0xfc, 0x35, 0xfc, 0xf4, 0xfb, 0xb3, 0xfb,
    0x93, 0xfb, 0x72, 0xfb, 0x73, 0xfb, 0x73, 0xfb, 0x74, 0xfb, 0x74, 0xfb,
    0x94, 0xfb, 0x74, 0xfb, 0x53, 0xfb, 0x52, 0xfb, 0x32, 0xfb, 0x31, 0xfb,
    0x31, 0xfb, 0x32, 0xfb, 0x53, 0xfb, 0x53, 0xfb, 0x74, 0xfb, 0x74, 0xfb,
    0x74, 0xfb, 0x54, 0xfb, 0x53, 0xfb, 0x52, 0xfb, 0x52, 0xfb, 0x52, 0xfb,
    0x93, 0xfb, 0xd3, 0xfb, 0x15, 0xfc, 0x55, 0xfc, 0x96, 0xfc, 0x97, 0xfc,
    0x96, 0xfc, 0x76, 0xfc, 0x56, 0xfc, 0x56, 0xfc, 0x55, 0xfc, 0x55, 0xfc,
    0x35, 0xfc, 0x56, 0xfc, 0x56, 0xfc, 0x76, 0xfc, 0x96, 0xfc, 0x97, 0xfc,
    0x76, 0xfc, 0x15, 0xfc, 0xb4, 0xfb, 0x93, 0xfb, 0x93, 0xfb, 0xf4, 0xfb,
    0xb5, 0xf4, 0x78, 0xf5, 0x5a, 0xfe, 0x1d, 0xff, 0xbf, 0xff, 0xff, 0xff,
    0xff, 0xff, 0xff, 0xff, 0xff, 0xff, 0xff, 0xff, 0xdf, 0xff, 0xbe, 0xff,
    0x9e, 0xf7, 0x7e, 0xf7, 0x7e, 0xf7, 0x7e, 0xf7, 0xbe, 0xf7, 0xbf, 0xff,
    0xdf, 0xff, 0xff, 0xff, 0xff, 0xff, 0xff, 0xff, 0xff, 0xff, 0xff, 0xff,
    0xff, 0xff, 0xdf, 0xff, 0x9e, 0xf7, 0x9e, 0xf7, 0x7e, 0xf7, 0x7e, 0xf7,
    0x9e, 0xf7, 0xbe, 0xf7, 0xdf, 0xff, 0xff, 0xff, 0xff, 0xff, 0xff, 0xff,
    0xff, 0xff, 0xff, 0xff, 0xff, 0xff, 0xbf, 0xff, 0xbe, 0xf7, 0x9e, 0xf7,
    0x7e, 0xf7, 0x7e, 0xf7, 0x9e, 0xf7, 0x9e, 0xf7, 0xbf, 0xf7, 0xdf, 0xff,
    0xff, 0xff, 0xff, 0xff, 0xff, 0xff, 0xff, 0xff, 0xff, 0xff, 0xff, 0xff,
    0xff, 0xff, 0xff, 0xff, 0xff, 0xff, 0xff, 0xff, 0xff, 0xff, 0xdf, 0xff,
    0xdf, 0xff, 0xdf, 0xff, 0xbe, 0xf7, 0xbe, 0xf7, 0x9e, 0xf7, 0x9e, 0xf7,
    0xbe, 0xff, 0xbf, 0xff, 0xdf, 0xff, 0xff, 0xff, 0xff, 0xff, 0xff, 0xff,
    0xff, 0xff, 0xff, 0xff, 0xdf, 0xff, 0xdf, 0xff, 0xbf, 0xff, 0xbe, 0xf7,
    0x9e, 0xf7, 0x9e, 0xf7, 0xbe, 0xf7, 0xbf, 0xff, 0xdf, 0xff, 0xdf, 0xff,
    0xff, 0xff, 0xff, 0xff, 0xff, 0xff, 0xff, 0xff, 0xdf, 0xff, 0xdf, 0xff,
    0xbf, 0xff, 0xbe, 0xff, 0xbe, 0xf7, 0x9e, 0xf7, 0xbe, 0xf7, 0xbe, 0xff,
    0xbf, 0xff, 0xdf, 0xff, 0xff, 0xff, 0xff, 0xff, 0xff, 0xff, 0xff, 0xff,
    0xdf, 0xff, 0x5e, 0xff, 0x9b, 0xfe, 0xd9, 0xfd, 0x17, 0xfd, 0x75, 0xfc,
    0xf4, 0xfb, 0xf4, 0xfb, 0xd4, 0xfb, 0xf5, 0xfb, 0x35, 0xfc, 0x56, 0xfc,
    0x76, 0xfc, 0x56, 0xfc, 0x55, 0xfc, 0x55, 0xfc, 0x55, 0xfc, 0x56, 0xfc,
    0x55, 0xfc, 0x55, 0xfc, 0x55, 0xfc, 0x56, 0xfc, 0x56, 0xfc, 0x76, 0xfc,
    0x76, 0xfc, 0x76, 0xfc, 0x76, 0xfc, 0x55, 0xfc, 0x35, 0xfc, 0xf4, 0xfb,
    0x93, 0xfb, 0x53, 0xfb, 0x12, 0xfb, 0xf1, 0xfa, 0x11, 0xfb, 0x10, 0xfb,
    0x50, 0xfb, 0x8f, 0xfb, 0xae, 0xfb, 0xcd, 0xfb, 0xed, 0xfb, 0xec, 0xfb,
    0xec, 0xfb, 0xed, 0xfb, 0xcd, 0xfb, 0xae, 0xfb, 0x8f, 0xfb, 0x50, 0xfb,
    0x10, 0xfb, 0xf1, 0xfa, 0xf1, 0xfa, 0xf2, 0xfa, 0x33, 0xfb, 0x93, 0xfb,
    0xd4, 0xfb, 0x14, 0xfc, 0x35, 0xfc, 0x56, 0xfc, 0x76, 0xfc, 0x76, 0xfc,
    0x55, 0xfc, 0x55, 0xfc, 0x56, 0xfc, 0x55, 0xfc, 0x56, 0xfc, 0x56, 0xfc,
    0x55, 0xfc, 0x55, 0xfc, 0x56, 0xfc, 0x76, 0xfc, 0x76, 0xfc, 0x96, 0xfc,
    0x56, 0xfc, 0x15, 0xfc, 0xf4, 0xfb, 0xb4, 0xfb, 0x93, 0xfb, 0xd3, 0xfb,
    0x34, 0xfc, 0xf6, 0xfc, 0xb9, 0xfd, 0x9b, 0xfe, 0x5d, 0xff, 0xff, 0xff,
    0xff, 0xff, 0xff, 0xff, 0xff, 0xff, 0xff, 0xff, 0xdf, 0xff, 0xbf, 0xff,
    0xbe, 0xf7, 0xbe, 0xf7, 0x9e, 0xf7, 0xbe, 0xf7, 0xbe, 0xf7, 0xdf, 0xff,
    0xdf, 0xff, 0xdf, 0xff, 0xff, 0xff, 0xff, 0xff, 0xff, 0xff, 0xff, 0xff,
    0xdf, 0xff, 0xdf, 0xff, 0xbe, 0xf7, 0xbe, 0xff, 0x9e, 0xf7, 0x9e, 0xf7,
    0xbe, 0xff, 0xbf, 0xff, 0xdf, 0xff, 0xdf, 0xff, 0xff, 0xff, 0xff, 0xff,
    0xff, 0xff, 0xff, 0xff, 0xdf, 0xff, 0xdf, 0xff, 0xbf, 0xff, 0xbe, 0xf7,
    0x9e, 0xf7, 0xbe, 0xf7, 0xbe, 0xf7, 0xbe, 0xf7, 0xdf, 0xff, 0xdf, 0xff,
    0xdf, 0xff, 0xff, 0xff, 0xff, 0xff, 0xff, 0xff, 0xff, 0xff, 0xff, 0xff,
    0xbe, 0xf7, 0x9e, 0xf7, 0xbf, 0xf7, 0xbe, 0xf7, 0xbe, 0xf7, 0xbf, 0xff,
    0xbf, 0xff, 0xdf, 0xff, 0xdf, 0xff, 0xdf, 0xff, 0xff, 0xff, 0xff, 0xff,
    0xff, 0xff, 0xdf, 0xff, 0xdf, 0xff, 0xbf, 0xff, 0xbe, 0xf7, 0xbe, 0xf7,
    0xbe, 0xf7, 0xbe, 0xff, 0xbf, 0xff, 0xdf, 0xff, 0xdf, 0xff, 0xdf, 0xff,
    0xff, 0xff, 0xff, 0xff, 0xff, 0xff, 0xff, 0xff, 0xdf, 0xff, 0xbf, 0xff,
    0xbe, 0xf7, 0xbe, 0xf7, 0xbf, 0xff, 0xbe, 0xf7, 0xbe, 0xff, 0xbf, 0xff,
    0xdf, 0xff, 0xdf, 0xff, 0xff, 0xff, 0xff, 0xff, 0xff, 0xff, 0xdf, 0xff,
    0xdf, 0xff, 0xdf, 0xff, 0xdf, 0xf7, 0xdf, 0xf7, 0xff, 0xf7, 0xff, 0xf7,
    0xdf, 0xff, 0x5d, 0xff, 0x9b, 0xfe, 0x98, 0xfd, 0xd6, 0xfc, 0x55, 0xfc,
    0xf4, 0xfb, 0xd4, 0xfb, 0xd4, 0xfb, 0xf4, 0xfb, 0x35, 0xfc, 0x55, 0xfc,
    0x55, 0xfc, 0x56, 0xfc, 0x56, 0xfc, 0x55, 0xfc, 0x56, 0xfc, 0x56, 0xfc,
    0x55, 0xfc, 0x35, 0xfc, 0x35, 0xfc, 0x35, 0xfc, 0x35, 0xfc, 0x35, 0xfc,
    0x55, 0xfc, 0x55, 0xfc, 0x55, 0xfc, 0x35, 0xfc, 0x15, 0xfc, 0xb4, 0xfb,
    0x73, 0xfb, 0x32, 0xfb, 0x10, 0xfb, 0x2e, 0xfb, 0x8c, 0xfb, 0xea, 0xfb,
    0x89, 0xfc, 0x09, 0xfd, 0x69, 0xfd, 0xc9, 0xfd, 0xe9, 0xfd, 0x08, 0xfe,
    0x08, 0xfe, 0xc7, 0xfd, 0x86, 0xfd, 0x46, 0xfd, 0xe7, 0xfc, 0x68, 0xfc,
    0xe9, 0xfb, 0x6c, 0xfb, 0x2e, 0xfb, 0x10, 0xfb, 0x12, 0xfb, 0x74, 0xfb,
    0xb4, 0xfb, 0xf5, 0xfb, 0x36, 0xfc, 0x35, 0xfc, 0x35, 0xfc, 0x35, 0xfc,
    0x35, 0xfc, 0x35, 0xfc, 0x35, 0xfc, 0x35, 0xfc, 0x55, 0xfc, 0x55, 0xfc,
    0x56, 0xfc, 0x56, 0xfc, 0x76, 0xfc, 0x76, 0xfc, 0x76, 0xfc, 0x76, 0xfc,
    0x55, 0xfc, 0x35, 0xfc, 0xf4, 0xfb, 0xb3, 0xfb, 0xb3, 0xfb, 0xb3, 0xfb,
    0x14, 0xfc, 0xb6, 0xfc, 0x98, 0xfd, 0x7b, 0xfe, 0x5d, 0xf7, 0xdf, 0xf7,
    0xff, 0xf7, 0xff, 0xff, 0xdf, 0xff, 0xdf, 0xf7, 0xbf, 0xff, 0xdf, 0xff,
    0xdf, 0xff, 0xff, 0xff, 0xff, 0xff, 0xff, 0xff, 0xdf, 0xff, 0xdf, 0xff,
    0xbf, 0xff, 0xbe, 0xf7, 0xbe, 0xf7, 0xbf, 0xf7, 0xbe, 0xf7, 0xbf, 0xff,
    0xbf, 0xff, 0xdf, 0xff, 0xdf, 0xff, 0xff, 0xff, 0xff, 0xff, 0xff, 0xff,
    0xdf, 0xff, 0xdf, 0xff, 0xdf, 0xff, 0xbf, 0xf7, 0xbe, 0xff, 0xbe, 0xf7,
    0x9f, 0xf7, 0xbe, 0xff, 0xbf, 0xff, 0xbf, 0xff, 0xdf, 0xff, 0xdf, 0xff,
    0xff, 0xff, 0xff, 0xff, 0xdf, 0xff, 0xdf, 0xff, 0xdf, 0xff, 0xbf, 0xff,
    0xbe, 0xf7, 0xbe, 0xf7, 0xbf, 0xff, 0xbe, 0xf7, 0xbf, 0xf7, 0xbe, 0xf7,
    0x9e, 0xf7, 0x9e, 0xf7, 0x7e, 0xf7, 0x9e, 0xf7, 0x9e, 0xf7, 0x9e, 0xf7,
    0xbf, 0xf7, 0xdf, 0xff, 0xff, 0xff, 0xff, 0xff, 0xff, 0xff, 0xff, 0xff,
    0xff, 0xff, 0xff, 0xff, 0xdf, 0xff, 0xbe, 0xf7, 0x9e, 0xf7, 0x7e, 0xf7,
    0x7e, 0xf7, 0x9e, 0xf7, 0xbe, 0xf7, 0xbf, 0xff, 0xff, 0xff, 0xff, 0xff,
    0xff, 0xff, 0xff, 0xff, 0xff, 0xff, 0xff, 0xff, 0xdf, 0xff, 0xbe, 0xff,
    0x9e, 0xf7, 0x7e, 0xf7, 0x7e, 0xf7, 0x7e, 0xf7, 0x9e, 0xf7, 0xbe, 0xff,
    0xdf, 0xff, 0xff, 0xff, 0xff, 0xff, 0xff, 0xff, 0xff, 0xff, 0xff, 0xff,
    0xdf, 0xff, 0xbf, 0xff, 0xbe, 0xf7, 0xbe, 0xf7, 0xff, 0xf7, 0xff, 0xf7,
    0xdf, 0xf7, 0x7d, 0xf7, 0xbb, 0xfe, 0xd9, 0xfd, 0x17, 0xfd, 0x75, 0xfc,
    0x14, 0xfc, 0xd4, 0xfb, 0xd4, 0xfb, 0xf4, 0xfb, 0x35, 0xfc, 0x56, 0xfc,
    0x76, 0xfc, 0x76, 0xfc, 0x76, 0xfc, 0x55, 0xfc, 0x76, 0xfc, 0x55, 0xfc,
    0x55, 0xfc, 0x35, 0xfc, 0x15, 0xfc, 0xf4, 0xfb, 0xf3, 0xfb, 0xd3, 0xfb,
    0xd4, 0xfb, 0xd4, 0xfb, 0xb4, 0xfb, 0x94, 0xfb, 0x74, 0xfb, 0x73, 0xfb,
    0x71, 0xfb, 0x8e, 0xfb, 0xec, 0xfb, 0x8a, 0xfc, 0x29, 0xfd, 0xc9, 0xfd,
    0x69, 0xfe, 0xe9, 0xfe, 0x29, 0xff, 0x29, 0xff, 0x49, 0xff, 0x28, 0xff,
    0x26, 0xff, 0x05, 0xff, 0xe4, 0xfe, 0xc2, 0xfe, 0x82, 0xfe, 0x03, 0xfe,
    0x84, 0xfd, 0xe6, 0xfc, 0x48, 0xfc, 0xec, 0xfb, 0x8e, 0xfb, 0x71, 0xfb,
    0x73, 0xfb, 0x94, 0xfb, 0x95, 0xfb, 0xb4, 0xfb, 0xd4, 0xfb, 0xd4, 0xfb,
    0xd4, 0xfb, 0xf4, 0xfb, 0xf4, 0xfb, 0x15, 0xfc, 0x35, 0xfc, 0x55, 0xfc,
    0x76, 0xfc, 0x76, 0xfc, 0x76, 0xfc, 0x76, 0xfc, 0x96, 0xfc, 0x96, 0xfc,
    0x76, 0xfc, 0x15, 0xfc, 0xb4, 0xfb, 0x93, 0xfb, 0x73, 0xfb, 0xb3, 0xfb,
    0x35, 0xfc, 0xf6, 0xfc, 0xd9, 0xfd, 0xbb, 0xfe, 0x7e, 0xf7, 0xdf, 0xf7,
    0xff, 0xf7, 0xff, 0xf7, 0xdf, 0xf7, 0xbe, 0xf7, 0xbf, 0xff, 0xdf, 0xff,
    0xff, 0xff, 0xff, 0xff, 0xff, 0xff, 0xff, 0xff, 0xff, 0xff, 0xdf, 0xff,
    0xbe, 0xff, 0x9e, 0xf7, 0x7e, 0xf7, 0x7e, 0xf7, 0x9e, 0xf7, 0x9e, 0xf7,
    0xbf, 0xf7, 0xdf, 0xff, 0xff, 0xff, 0xff, 0xff, 0xff, 0xff, 0xff, 0xff,
    0xff, 0xff, 0xff, 0xff, 0xbf, 0xff, 0x9e, 0xf7, 0x9e, 0xf7, 0x7e, 0xf7,
    0x7e, 0xf7, 0x9e, 0xf7, 0x9e, 0xf7, 0xdf, 0xff, 0xff, 0xff, 0xff, 0xff,
    0xff, 0xff, 0xff, 0xff, 0xff, 0xff, 0xff, 0xff, 0xdf, 0xff, 0xbe, 0xff,
    0x9e, 0xf7, 0x9e, 0xf7, 0x7e, 0xf7, 0x7e, 0xf7, 0x9e, 0xf7, 0x9e, 0xf7,
    0xbe, 0xf7, 0xbe, 0xff, 0x9e, 0xf7, 0xbf, 0xff, 0xbe, 0xf7, 0xbe, 0xff,
    0xbf, 0xff, 0xdf, 0xff, 0xff, 0xff, 0xff, 0xff, 0xff, 0xff, 0xff, 0xff,
    0xff, 0xff, 0xdf, 0xff, 0xdf, 0xff, 0xbe, 0xff, 0xbe, 0xf7, 0x9e, 0xf7,
    0x9e, 0xf7, 0xbe, 0xf7, 0xbf, 0xff, 0xdf, 0xff, 0xdf, 0xff, 0xdf, 0xff,
    0xff, 0xff, 0xff, 0xff, 0xff, 0xff, 0xdf, 0xff, 0xdf, 0xff, 0xbf, 0xff,
    0xbe, 0xf7, 0xbe, 0xf7, 0x9e, 0xf7, 0xbe, 0xf7, 0xbf, 0xf7, 0xbf, 0xff,
    0xdf, 0xff, 0xdf, 0xff, 0xdf, 0xff, 0xff, 0xff, 0xff, 0xff, 0xff, 0xff,
    0xdf, 0xff, 0xbf, 0xff, 0xbf, 0xff, 0xdf, 0xf7, 0xff, 0xf7, 0xff, 0xf7,
    0xdf, 0xf7, 0xbe, 0xf7, 0x3d, 0xff, 0x9b, 0xfe, 0xb9, 0xfd, 0xf7, 0xfc,
    0x35, 0xfc, 0xb3, 0xfb, 0x93, 0xfb, 0xd4, 0xfb, 0x15, 0xfc, 0x56, 0xfc,
    0x96, 0xfc, 0x96, 0xfc, 0x76, 0xfc, 0x76, 0xfc, 0x76, 0xfc, 0x76, 0xfc,
    0x76, 0xfc, 0x55, 0xfc, 0x35, 0xfc, 0x14, 0xfc, 0xf4, 0xfb, 0xf4, 0xfb,
    0xd4, 0xfb, 0x93, 0xfb, 0x74, 0xfb, 0x33, 0xfb, 0x32, 0xfb, 0x70, 0xfb,
    0xcd, 0xfb, 0x6a, 0xfc, 0x28, 0xfd, 0xe7, 0xfd, 0xa7, 0xfe, 0x29, 0xff,
    0x6a, 0xff, 0x8a, 0xff, 0x8a, 0xff, 0x69, 0xff, 0x28, 0xff, 0x07, 0xff,
    0x06, 0xff, 0x05, 0xff, 0x24, 0xff, 0x24, 0xff, 0x23, 0xff, 0x02, 0xff,
    0xc2, 0xfe, 0x42, 0xfe, 0xc3, 0xfd, 0x06, 0xfd, 0x49, 0xfc, 0xad, 0xfb,
    0x50, 0xfb, 0x32, 0xfb, 0x33, 0xfb, 0x73, 0xfb, 0x94, 0xfb, 0xb4, 0xfb,
    0xd4, 0xfb, 0xf4, 0xfb, 0x14, 0xfc, 0x35, 0xfc, 0x55, 0xfc, 0x76, 0xfc,
    0x76, 0xfc, 0x96, 0xfc, 0x96, 0xfc, 0x76, 0xfc, 0x96, 0xfc, 0x76, 0xfc,
    0x35, 0xfc, 0xd4, 0xfb, 0x52, 0xfb, 0x32, 0xfb, 0x52, 0xfb, 0xf3, 0xfb,
    0xb6, 0xfc, 0xb8, 0xfd, 0x9b, 0xfe, 0x3d, 0xff, 0xbf, 0xf7, 0xff, 0xff,
    0xff, 0xf7, 0xff, 0xf7, 0xdf, 0xf7, 0xde, 0xff, 0xdf, 0xff, 0xdf, 0xff,
    0xff, 0xff, 0xff, 0xff, 0xff, 0xff, 0xff, 0xff, 0xdf, 0xff, 0xdf, 0xff,
    0xbf, 0xff, 0xbf, 0xff, 0xbe, 0xf7, 0xbe, 0xf7, 0xbe, 0xff, 0xbe, 0xf7,
    0xdf, 0xff, 0xdf, 0xff, 0xdf, 0xff, 0xff, 0xff, 0xff, 0xff, 0xff, 0xff,
    0xdf, 0xff, 0xdf, 0xff, 0xdf, 0xff, 0xbe, 0xff, 0xbe, 0xf7, 0x9e, 0xf7,
    0xbe, 0xf7, 0xbe, 0xf7, 0xbf, 0xff, 0xdf, 0xff, 0xdf, 0xff, 0xdf, 0xff,
    0xff, 0xff, 0xff, 0xff, 0xff, 0xff, 0xdf, 0xff, 0xdf, 0xff, 0xbf, 0xff,
    0xbe, 0xf7, 0xbe, 0xf7, 0x9e, 0xff, 0xbe, 0xf7, 0xbe, 0xf7, 0x9e, 0xff,
    0xff, 0xff, 0xff, 0xff, 0xff, 0xff, 0xdf, 0xff, 0xff, 0xff, 0xdf, 0xff,
    0xdf, 0xff, 0xdf, 0xff, 0xbf, 0xff, 0xbe, 0xf7, 0xbe, 0xf7, 0xbf, 0xff,
    0xbf, 0xff, 0xbf, 0xff, 0xdf, 0xff, 0xdf, 0xff, 0xff, 0xff, 0xff, 0xff,
    0xff, 0xff, 0xdf, 0xff, 0xdf, 0xff, 0xdf, 0xff, 0xbf, 0xff, 0xbe, 0xff,
    0xbe, 0xf7, 0xbe, 0xf7, 0xbe, 0xff, 0xbf, 0xff, 0xdf, 0xff, 0xdf, 0xff,
    0xdf, 0xff, 0xff, 0xff, 0xff, 0xff, 0xff, 0xff, 0xdf, 0xff, 0xdf, 0xff,
    0xdf, 0xff, 0xbf, 0xff, 0xbe, 0xf7, 0xbe, 0xf7, 0xbf, 0xf7, 0xbf, 0xff,
    0xbf, 0xff, 0xdf, 0xff, 0xff, 0xff, 0xff, 0xff, 0xff, 0xff, 0xff, 0xff,
    0xff, 0xff, 0xff, 0xff, 0xdf, 0xff, 0x5e, 0xf7, 0x9b, 0xf6, 0xb9, 0xf5,
    0xb6, 0xfc, 0xf4, 0xfb, 0x92, 0xfb, 0x93, 0xfb, 0xb3, 0xfb, 0xf4, 0xfb,
    0x35, 0xfc, 0x55, 0xfc, 0x56, 0xfc, 0x76, 0xfc, 0x76, 0xfc, 0x76, 0xfc,
    0x76, 0xfc, 0x76, 0xfc, 0x76, 0xfc, 0x76, 0xfc, 0x56, 0xfc, 0x36, 0xfc,
    0xf5, 0xfb, 0xb5, 0xfb, 0x73, 0xfb, 0x32, 0xfb, 0x50, 0xfb, 0x8d, 0xfb,
    0x4a, 0xfc, 0x28, 0xfd, 0x06, 0xfe, 0xa6, 0xfe, 0x26, 0xff, 0x46, 0xff,
    0x47, 0xff, 0x27, 0xff, 0x26, 0xff, 0xe6, 0xfe, 0xe5, 0xfe, 0xc4, 0xfe,
    0xc4, 0xfe, 0xe5, 0xfe, 0xe5, 0xfe, 0x05, 0xff, 0x04, 0xff, 0x04, 0xff,
    0x22, 0xff, 0xe2, 0xfe, 0x62, 0xfe, 0xc3, 0xfd, 0x06, 0xfd, 0x29, 0xfc,
    0x8d, 0xfb, 0x30, 0xfb, 0x32, 0xfb, 0x74, 0xfb, 0xd4, 0xfb, 0xf5, 0xfb,
    0x36, 0xfc, 0x56, 0xfc, 0x56, 0xfc, 0x76, 0xfc, 0x76, 0xfc, 0x76, 0xfc,
    0x76, 0xfc, 0x76, 0xfc, 0x55, 0xfc, 0x55, 0xfc, 0x15, 0xfc, 0xf4, 0xfb,
    0x93, 0xfb, 0x52, 0xfb, 0x11, 0xfb, 0x31, 0xfb, 0xb2, 0xfb, 0x75, 0xf4,
    0x98, 0xf5, 0x9b, 0xf6, 0x7d, 0xf7, 0xdf, 0xff, 0xff, 0xff, 0xff, 0xff,
    0xff, 0xff, 0xff, 0xff, 0xff, 0xff, 0xdf, 0xff, 0xdf, 0xff, 0xbf, 0xff,
    0xbe, 0xf7, 0xbe, 0xf7, 0x9f, 0xf7, 0xbe, 0xff, 0xbf, 0xff, 0xbf, 0xff,
    0xdf, 0xff, 0xff, 0xff, 0xff, 0xff, 0xff, 0xff, 0xff, 0xff, 0xdf, 0xff,
    0xdf, 0xff, 0xdf, 0xff, 0xbe, 0xff, 0xbe, 0xf7, 0x9e, 0xf7, 0x9e, 0xff,
    0xbf, 0xff, 0xbf, 0xff, 0xdf, 0xff, 0xdf, 0xff, 0xdf, 0xff, 0xff, 0xff,
    0xff, 0xff, 0xff, 0xff, 0xdf, 0xff, 0xdf, 0xff, 0xbe, 0xff, 0xbe, 0xff,
    0xbe, 0xf7, 0xbf, 0xf7, 0xbe, 0xff, 0xbf, 0xff, 0xdf, 0xff, 0xdf, 0xff,
    0xdf, 0xff, 0xff, 0xff, 0xff, 0xff, 0xff, 0xff, 0xff, 0xff, 0xff, 0xff,
    0xff, 0xff, 0xff, 0xff, 0xff, 0xff, 0xff, 0xff, 0xff, 0xff, 0xff, 0xff,
    0xdf, 0xff, 0xbf, 0xf7, 0xbe, 0xf7, 0x9e, 0xf7, 0x7e, 0xf7, 0x7e, 0xf7,
    0x9e, 0xf7, 0xbe, 0xf7, 0xdf, 0xff, 0xff, 0xff, 0xff, 0xff, 0xff, 0xff,
    0xff, 0xff, 0xff, 0xff, 0xff, 0xff, 0xdf, 0xff, 0xbe, 0xf7, 0x9e, 0xf7,
    0x7e, 0xf7, 0x7e, 0xf7, 0x7e, 0xf7, 0x9e, 0xf7, 0xbf, 0xff, 0xff, 0xff,
    0xff, 0xff, 0xff, 0xff, 0xff, 0xff, 0xff, 0xff, 0xff, 0xff, 0xff, 0xff,
    0xdf, 0xff, 0x9e, 0xf7, 0x9e, 0xf7, 0x7e, 0xf7, 0x7e, 0xf7, 0x9e, 0xf7,
    0xbe, 0xf7, 0xdf, 0xff, 0xff, 0xff, 0xff, 0xff, 0xff, 0xff, 0xff, 0xff,
    0xff, 0xff, 0xff, 0xff, 0xff, 0xff, 0xff, 0xf7, 0x7e, 0xf7, 0xdc, 0xf6,
    0x19, 0xf6, 0x57, 0xf5, 0x95, 0xfc, 0xf4, 0xfb, 0x93, 0xfb, 0x72, 0xfb,
    0x52, 0xfb, 0x73, 0xfb, 0x93, 0xfb, 0xb4, 0xfb, 0xf4, 0xfb, 0x15, 0xfc,
    0x35, 0xfc, 0x55, 0xfc, 0x56, 0xfc, 0x55, 0xfc, 0x35, 0xfc, 0x15, 0xfc,
    0xd5, 0xfb, 0x94, 0xfb, 0x53, 0xfb, 0x31, 0xfb, 0x4f, 0xfb, 0xac, 0xfb,
    0x89, 0xfc, 0x67, 0xfd, 0x45, 0xfe, 0xe4, 0xfe, 0x24, 0xff, 0x25, 0xff,
    0x05, 0xff, 0xe5, 0xfe, 0xc5, 0xfe, 0xc4, 0xfe, 0xc4, 0xfe, 0xc4, 0xfe,
    0xc4, 0xfe, 0xc4, 0xfe, 0xc5, 0xfe, 0xe5, 0xfe, 0xe5, 0xfe, 0xe4, 0xfe,
    0x03, 0xff, 0x01, 0xff, 0xa1, 0xfe, 0x02, 0xfe, 0x44, 0xfd, 0x67, 0xfc,
    0xab, 0xfb, 0x4f, 0xfb, 0x31, 0xfb, 0x53, 0xfb, 0x95, 0xfb, 0xf5, 0xfb,
    0x15, 0xfc, 0x36, 0xfc, 0x55, 0xfc, 0x75, 0xfc, 0x55, 0xfc, 0x35, 0xfc,
    0x15, 0xfc, 0xd4, 0xfb, 0x93, 0xfb, 0x72, 0xfb, 0x32, 0xfb, 0x11, 0xfb,
    0x11, 0xfb, 0x52, 0xfb, 0xb3, 0xfb, 0x55, 0xfc, 0x37, 0xf5, 0x19, 0xf6,
    0xdc, 0xf6, 0x7e, 0xf7, 0xff, 0xf7, 0xff, 0xff, 0xff, 0xff, 0xff, 0xff,
    0xff, 0xff, 0xff, 0xff, 0xff, 0xff, 0xff, 0xff, 0xdf, 0xff, 0xbe, 0xf7,
    0x9e, 0xf7, 0x7e, 0xf7, 0x7e, 0xf7, 0x9e, 0xf7, 0xbe, 0xf7, 0xbf, 0xff,
    0xdf, 0xff, 0xff, 0xff, 0xff, 0xff, 0xff, 0xff, 0xff, 0xff, 0xff, 0xff,
    0xdf, 0xff, 0xbf, 0xff, 0x9e, 0xf7, 0x7e, 0xf7, 0x7e, 0xf7, 0x7d, 0xf7,
    0x9e, 0xf7, 0xbe, 0xf7, 0xdf, 0xff, 0xff, 0xff, 0xff, 0xff, 0xff, 0xff,
    0xff, 0xff, 0xff, 0xff, 0xff, 0xff, 0xdf, 0xff, 0xbf, 0xf7, 0x9e, 0xf7,
    0x7e, 0xf7, 0x7e, 0xf7, 0x7e, 0xf7, 0x9e, 0xf7, 0xbf, 0xff, 0xff, 0xff,
    0xff, 0xff, 0xff, 0xff, 0xff, 0xff, 0xff, 0xff, 0xff, 0xff, 0xff, 0xff,
    0xff, 0xff, 0xff, 0xff, 0xff, 0xff, 0xff, 0xff, 0xff, 0xff, 0xff, 0xff,
    0xdf, 0xff, 0xbf, 0xff, 0xbe, 0xff, 0xbe, 0xf7, 0x9e, 0xf7, 0xbe, 0xf7,
    0xbe, 0xf7, 0xbe, 0xff, 0xdf, 0xff, 0xff, 0xff, 0xff, 0xff, 0xff, 0xff,
    0xff, 0xff, 0xff, 0xff, 0xdf, 0xff, 0xdf, 0xff, 0xbf, 0xff, 0xbf, 0xf7,
    0xbe, 0xf7, 0x9e, 0xf7, 0xbe, 0xf7, 0xbf, 0xff, 0xbf, 0xff, 0xdf, 0xff,
    0xff, 0xff, 0xff, 0xff, 0xff, 0xff, 0xff, 0xff, 0xdf, 0xff, 0xdf, 0xff,
    0xdf, 0xff, 0xbf, 0xff, 0xbe, 0xf7, 0xbe, 0xf7, 0x9e, 0xf7, 0xbe, 0xf7,
    0xbf, 0xff, 0xdf, 0xff, 0xdf, 0xff, 0xff, 0xff, 0xff, 0xff, 0xff, 0xff,
    0xff, 0xff, 0xff, 0xff, 0xff, 0xff, 0xff, 0xff, 0xff, 0xf7, 0xde, 0xff,
    0x7e, 0xf7, 0xfc, 0xf6, 0x3a, 0xfe, 0x78, 0xfd, 0xd6, 0xfc, 0x34, 0xfc,
    0xd3, 0xfb, 0xb3, 0xfb, 0xb3, 0xfb, 0xb3, 0xfb, 0xb3, 0xfb, 0xb3, 0xfb,
    0xb3, 0xfb, 0xb3, 0xfb, 0xb3, 0xfb, 0x93, 0xfb, 0x73, 0xfb, 0x73, 0xfb,
    0x33, 0xfb, 0x13, 0xfb, 0xf2, 0xfa, 0xf1, 0xfa, 0x0f, 0xfb, 0x6c, 0xfb,
    0x49, 0xfc, 0x26, 0xfd, 0x04, 0xfe, 0xc3, 0xfe, 0x02, 0xff, 0x23, 0xff,
    0x04, 0xff, 0x05, 0xff, 0x05, 0xff, 0xe5, 0xfe, 0xc5, 0xfe, 0xc5, 0xfe,
    0xe5, 0xfe, 0xc5, 0xfe, 0xe4, 0xfe, 0xe4, 0xfe, 0xe4, 0xfe, 0xe2, 0xfe,
    0xe1, 0xfe, 0xc0, 0xfe, 0x60, 0xfe, 0xc2, 0xfd, 0x05, 0xfd, 0x28, 0xfc,
    0x8c, 0xfb, 0x0f, 0xfb, 0x11, 0xfb, 0x12, 0xfb, 0x33, 0xfb, 0x53, 0xfb,
    0x73, 0xfb, 0x93, 0xfb, 0xb3, 0xfb, 0xb3, 0xfb, 0xb3, 0xfb, 0xb3, 0xfb,
    0xb3, 0xfb, 0x93, 0xfb, 0x92, 0xfb, 0x73, 0xfb, 0x72, 0xfb, 0xb3, 0xfb,
    0x14, 0xfc, 0xb6, 0xfc, 0x78, 0xfd, 0x5a, 0xfe, 0xfc, 0xf6, 0x7e, 0xff,
    0xbf, 0xff, 0xff, 0xff, 0xff, 0xff, 0xff, 0xff, 0xff, 0xff, 0xff, 0xff,
    0xff, 0xff, 0xff, 0xff, 0xff, 0xff, 0xdf, 0xff, 0xdf, 0xff, 0xbf, 0xff,
    0xbe, 0xf7, 0x9e, 0xf7, 0xbe, 0xf7, 0xbe, 0xf7, 0xbe, 0xff, 0xbf, 0xff,
    0xdf, 0xff, 0xdf, 0xff, 0xff, 0xff, 0xff, 0xff, 0xff, 0xff, 0xff, 0xff,
    0xdf, 0xff, 0xdf, 0xff, 0xbe, 0xff, 0xbe, 0xf7, 0x9e, 0xf7, 0x9e, 0xf7,
    0xbf, 0xf7, 0xbf, 0xff, 0xdf, 0xff, 0xdf, 0xff, 0xff, 0xff, 0xff, 0xff,
    0xff, 0xff, 0xff, 0xff, 0xdf, 0xff, 0xdf, 0xff, 0xbf, 0xff, 0xbe, 0xf7,
    0xbe, 0xf7, 0xbe, 0xf7, 0xbe, 0xf7, 0xbe, 0xf7, 0xbf, 0xff, 0xdf, 0xff,
    0xff, 0xff, 0xff, 0xff, 0xff, 0xff, 0xff, 0xff, 0xff, 0xff, 0xff, 0xff,
    0xbf, 0xf7, 0xbe, 0xff, 0xbf, 0xf7, 0xbe, 0xf7, 0xbf, 0xff, 0xbf, 0xff,
    0xdf, 0xff, 0xdf, 0xff, 0xdf, 0xff, 0xff, 0xff, 0xff, 0xff, 0xff, 0xff,
    0xff, 0xff, 0xdf, 0xff, 0xdf, 0xff, 0xbf, 0xff, 0xbe, 0xf7, 0xbe, 0xf7,
    0xbf, 0xff, 0xbe, 0xf7, 0xbf, 0xff, 0xdf, 0xff, 0xdf, 0xff, 0xff, 0xff,
    0xff, 0xff, 0xff, 0xff, 0xff, 0xff, 0xdf, 0xff, 0xdf, 0xff, 0xdf, 0xff,
    0xbe, 0xf7, 0xbe, 0xf7, 0xbe, 0xff, 0xbe, 0xf7, 0xbf, 0xff, 0xbf, 0xff,
    0xdf, 0xff, 0xdf, 0xff, 0xff, 0xff, 0xff, 0xff, 0xff, 0xff, 0xff, 0xff,
    0xdf, 0xff, 0xdf, 0xff, 0xbe, 0xff, 0xbe, 0xf7, 0x9e, 0xf7, 0x9e, 0xff,
    0xbf, 0xff, 0xbf, 0xff, 0xdf, 0xff, 0xff, 0xff, 0xff, 0xff, 0xff, 0xff,
    0xff, 0xff, 0xdf, 0xff, 0xbe, 0xff, 0x5d, 0xff, 0xdc, 0xf6, 0x7b, 0xf6,
    0x1a, 0xf6, 0xb8, 0xf5, 0x57, 0xf5, 0xd6, 0xfc, 0x34, 0xfc, 0xb2, 0xfb,
    0x51, 0xfb, 0x11, 0xfb, 0xf0, 0xfa, 0xf1, 0xfa, 0x11, 0xfb, 0x12, 0xfb,
    0x32, 0xfb, 0x12, 0xfb, 0xf2, 0xfa, 0xf2, 0xfa, 0xf1, 0xfa, 0x2f, 0xfb,
    0xcc, 0xfb, 0x89, 0xfc, 0x65, 0xfd, 0x03, 0xfe, 0x82, 0xfe, 0xe2, 0xfe,
    0x23, 0xff, 0x43, 0xff, 0x24, 0xff, 0x04, 0xff, 0x05, 0xff, 0xe5, 0xfe,
    0xe4, 0xfe, 0xe4, 0xfe, 0x03, 0xff, 0x03, 0xff, 0xe1, 0xfe, 0xc1, 0xfe,
    0xa0, 0xfe, 0x40, 0xfe, 0xc1, 0xfd, 0x24, 0xfd, 0x67, 0xfc, 0xac, 0xfb,
    0x2f, 0xfb, 0xf1, 0xfa, 0xf3, 0xfa, 0x13, 0xfb, 0x32, 0xfb, 0x32, 0xfb,
    0x32, 0xfb, 0x11, 0xfb, 0x11, 0xfb, 0x11, 0xfb, 0x11, 0xfb, 0x51, 0xfb,
    0xb3, 0xfb, 0x54, 0xfc, 0xd6, 0xfc, 0x37, 0xf5, 0xb8, 0xf5, 0x1a, 0xf6,
    0x9b, 0xf6, 0xfc, 0xf6, 0x5d, 0xff, 0xbe, 0xff, 0xff, 0xff, 0xff, 0xff,
    0xff, 0xff, 0xff, 0xff, 0xff, 0xff, 0xdf, 0xff, 0xbf, 0xff, 0xbe, 0xff,
    0x9e, 0xf7, 0x9e, 0xf7, 0xbe, 0xff, 0xbe, 0xff, 0xdf, 0xff, 0xdf, 0xff,
    0xdf, 0xff, 0xff, 0xff, 0xff, 0xff, 0xff, 0xff, 0xdf, 0xff, 0xdf, 0xff,
    0xbf, 0xf7, 0xbe, 0xf7, 0xbe, 0xf7, 0xbe, 0xf7, 0xbe, 0xf7, 0xbe, 0xff,
    0xbf, 0xff, 0xdf, 0xff, 0xdf, 0xff, 0xff, 0xff, 0xff, 0xff, 0xff, 0xff,
    0xdf, 0xff, 0xdf, 0xff, 0xdf, 0xff, 0xbe, 0xff, 0xbe, 0xf7, 0xbe, 0xf7,
    0xbe, 0xff, 0xbe, 0xff, 0xbf, 0xff, 0xdf, 0xff, 0xdf, 0xff, 0xdf, 0xff,
    0xff, 0xff, 0xff, 0xff, 0xdf, 0xff, 0xdf, 0xff, 0xdf, 0xff, 0xdf, 0xff,
    0xbe, 0xff, 0xbe, 0xf7, 0xbf, 0xf7, 0xbf, 0xff, 0x9e, 0xff, 0xbe, 0xf7,
    0x9e, 0xf7, 0x9e, 0xf7, 0x7e, 0xf7, 0x9e, 0xf7, 0x9e, 0xf7, 0x9e, 0xf7,
    0xbe, 0xf7, 0xdf, 0xff, 0xff, 0xff, 0xff, 0xff, 0xff, 0xff, 0xff, 0xff,
    0xff, 0xff, 0xdf, 0xff, 0xdf, 0xff, 0x9e, 0xf7, 0x9e, 0xf7, 0x7e, 0xf7,
    0x7e, 0xf7, 0x9e, 0xf7, 0xbe, 0xf7, 0xbf, 0xff, 0xff, 0xff, 0xff, 0xff,
    0xff, 0xff, 0xff, 0xff, 0xff, 0xff, 0xff, 0xff, 0xdf, 0xff, 0xbe, 0xff,
    0x9e, 0xf7, 0x9e, 0xf7, 0x7e, 0xf7, 0x7e, 0xf7, 0x9e, 0xf7, 0xbe, 0xff,
    0xdf, 0xff, 0xff, 0xff, 0xff, 0xff, 0xff, 0xff, 0xff, 0xff, 0xff, 0xff,
    0xdf, 0xff, 0xbf, 0xff, 0xbe, 0xf7, 0x9e, 0xf7, 0x7e, 0xf7, 0x9e, 0xf7,
    0x9e, 0xf7, 0xbe, 0xf7, 0xbf, 0xff, 0xff, 0xff, 0xff, 0xff, 0xff, 0xff,
    0xff, 0xff, 0xff, 0xff, 0xff, 0xff, 0xff, 0xff, 0xff, 0xf7, 0xff, 0xf7,
    0xbe, 0xf7, 0x3c, 0xf7, 0x7b, 0xf6, 0xb8, 0xf5, 0xd6, 0xf4, 0x14, 0xfc,
    0x92, 0xfb, 0x32, 0xfb, 0x32, 0xfb, 0x72, 0xfb, 0x93, 0xfb, 0xb3, 0xfb,
    0xd3, 0xfb, 0xb4, 0xfb, 0x94, 0xfb, 0x74, 0xfb, 0x54, 0xfb, 0x52, 0xfb,
    0x70, 0xfb, 0xae, 0xfb, 0x2b, 0xfc, 0xa8, 0xfc, 0x45, 0xfd, 0xe3, 0xfd,
    0x62, 0xfe, 0xa2, 0xfe, 0xe1, 0xfe, 0xe1, 0xfe, 0xe2, 0xfe, 0xe2, 0xfe,
    0xe1, 0xfe, 0xe1, 0xfe, 0xc1, 0xfe, 0xc0, 0xfe, 0x80, 0xfe, 0x20, 0xfe,
    0xa2, 0xfd, 0x23, 0xfd, 0x86, 0xfc, 0x0a, 0xfc, 0xad, 0xfb, 0x70, 0xfb,
    0x53, 0xfb, 0x74, 0xfb, 0x74, 0xfb, 0xb4, 0xfb, 0xb4, 0xfb, 0xb3, 0xfb,
    0xb3, 0xfb, 0x72, 0xfb, 0x32, 0xfb, 0x11, 0xfb, 0x31, 0xfb, 0x72, 0xfb,
    0x13, 0xfc, 0xd6, 0xf4, 0xb8, 0xf5, 0x9b, 0xf6, 0x3d, 0xf7, 0xbe, 0xf7,
    0xff, 0xf7, 0xff, 0xf7, 0xff, 0xff, 0xff, 0xff, 0xff, 0xff, 0xff, 0xff,
    0xff, 0xff, 0xff, 0xff, 0xff, 0xff, 0xbf, 0xff, 0xbe, 0xf7, 0x9e, 0xf7,
    0x9e, 0xf7, 0x7e, 0xf7, 0x9e, 0xf7, 0xbe, 0xf7, 0xbf, 0xff, 0xdf, 0xff,
    0xff, 0xff, 0xff, 0xff, 0xff, 0xff, 0xff, 0xff, 0xff, 0xff, 0xdf, 0xff,
    0xbf, 0xff, 0x9e, 0xf7, 0x7e, 0xf7, 0x7e, 0xf7, 0x7e, 0xf7, 0x9e, 0xf7,
    0xbf, 0xf7, 0xdf, 0xff, 0xff, 0xff, 0xff, 0xff, 0xff, 0xff, 0xff, 0xff,
    0xff, 0xff, 0xff, 0xff, 0xdf, 0xff, 0x9e, 0xf7, 0x9e, 0xf7, 0x7e, 0xf7,
    0x7e, 0xf7, 0x9e, 0xf7, 0xbe, 0xf7, 0xdf, 0xff, 0xff, 0xff, 0xff, 0xff,
    0xff, 0xff, 0xff, 0xff, 0xff, 0xff, 0xff, 0xff, 0xdf, 0xff, 0xbe, 0xff,
    0x9e, 0xf7, 0x7e, 0xf7, 0x7e, 0xf7, 0x7e, 0xf7, 0x9e, 0xf7, 0x7e, 0xf7,
    0xbe, 0xf7, 0xbe, 0xf7, 0x9e, 0xf7, 0xbe, 0xf7, 0xbe, 0xf7, 0xbf, 0xff,
    0xbf, 0xff, 0xdf, 0xff, 0xff, 0xff, 0xff, 0xff, 0xff, 0xff, 0xff, 0xff,
    0xff, 0xff, 0xdf, 0xff, 0xdf, 0xff, 0xbe, 0xff, 0x9e, 0xf7, 0xbe, 0xf7,
    0x9e, 0xf7, 0x9e, 0xf7, 0xbf, 0xff, 0xdf, 0xff, 0xdf, 0xff, 0xdf, 0xff,
    0xff, 0xff, 0xff, 0xff, 0xff, 0xff, 0xdf, 0xff, 0xdf, 0xff, 0xdf, 0xff,
    0xbf, 0xf7, 0xbe, 0xf7, 0xbe, 0xf7, 0xbf, 0xf7, 0xbe, 0xff, 0xdf, 0xf7,
    0xdf, 0xff, 0xff, 0xff, 0xff, 0xff, 0xff, 0xff, 0xff, 0xff, 0xff, 0xff,
    0xdf, 0xff, 0xdf, 0xff, 0xbf, 0xf7, 0x9e, 0xf7, 0xbe, 0xf7, 0xbe, 0xf7,
    0xbe, 0xff, 0xbf, 0xff, 0xbf, 0xff, 0xdf, 0xff, 0xff, 0xff, 0xff, 0xff,
    0xff, 0xff, 0xff, 0xff, 0xff, 0xff, 0xff, 0xff, 0xff, 0xff, 0xff, 0xf7,
    0x7d, 0xf7, 0xbc, 0xf6, 0xf9, 0xfd, 0x58, 0xfd, 0xb6, 0xfc, 0x55, 0xfc,
    0x35, 0xfc, 0x15, 0xfc, 0x15, 0xfc, 0x55, 0xfc, 0x75, 0xfc, 0x75, 0xfc,
    0x55, 0xfc, 0x55, 0xfc, 0x35, 0xfc, 0x15, 0xfc, 0xf5, 0xfb, 0xb5, 0xfb,
    0x73, 0xfb, 0x52, 0xfb, 0x50, 0xfb, 0x6d, 0xfb, 0xcb, 0xfb, 0x48, 0xfc,
    0xc6, 0xfc, 0x45, 0xfd, 0x83, 0xfd, 0xc3, 0xfd, 0xe2, 0xfd, 0x02, 0xfe,
    0x02, 0xfe, 0xc2, 0xfd, 0xa2, 0xfd, 0x83, 0xfd, 0x24, 0xfd, 0xa6, 0xfc,
    0x48, 0xfc, 0xca, 0xfb, 0x6d, 0xfb, 0x50, 0xfb, 0x32, 0xfb, 0x73, 0xfb,
    0xb4, 0xfb, 0xf5, 0xfb, 0x16, 0xfc, 0x35, 0xfc, 0x55, 0xfc, 0x56, 0xfc,
    0x55, 0xfc, 0x35, 0xfc, 0x15, 0xfc, 0xd4, 0xfb, 0xd3, 0xfb, 0xd4, 0xfb,
    0x14, 0xfc, 0x95, 0xfc, 0x57, 0xfd, 0xfa, 0xfd, 0xbc, 0xf6, 0x7e, 0xf7,
    0xdf, 0xff, 0xff, 0xff, 0xff, 0xff, 0xff, 0xff, 0xff, 0xff, 0xff, 0xff,
    0xff, 0xff, 0xdf, 0xff, 0xdf, 0xff, 0xdf, 0xff, 0xbe, 0xff, 0xbf, 0xf7,
    0xbe, 0xf7, 0xbe, 0xf7, 0x9e, 0xf7, 0xbf, 0xf7, 0xdf, 0xff, 0xdf, 0xff,
    0xff, 0xff, 0xff, 0xff, 0xff, 0xff, 0xff, 0xff, 0xdf, 0xff, 0xdf, 0xff,
    0xdf, 0xff, 0xbe, 0xff, 0xbe, 0xf7, 0x9e, 0xf7, 0xbe, 0xf7, 0xbe, 0xf7,
    0xbf, 0xff, 0xdf, 0xff, 0xff, 0xff, 0xff, 0xff, 0xff, 0xff, 0xff, 0xff,
    0xff, 0xff, 0xdf, 0xff, 0xdf, 0xff, 0xbf, 0xff, 0xbe, 0xf7, 0xbf, 0xf7,
    0xbe, 0xf7, 0xbe, 0xf7, 0xbf, 0xff, 0xdf, 0xff, 0xdf, 0xff, 0xdf, 0xff,
    0xff, 0xff, 0xff, 0xff, 0xff, 0xff, 0xff, 0xff, 0xdf, 0xff, 0xbf, 0xff,
    0xbe, 0xf7, 0xbe, 0xf7, 0x9e, 0xf7, 0xbe, 0xf7, 0x9e, 0xf7, 0x9f, 0xf7,
    0xff, 0xff, 0xff, 0xff, 0xff, 0xff, 0xff, 0xff, 0xff, 0xff, 0xdf, 0xff,
    0xdf, 0xff, 0xdf, 0xff, 0xbf, 0xff, 0xbe, 0xf7, 0xbe, 0xf7, 0xbf, 0xff,
    0xbf, 0xff, 0xbf, 0xff, 0xdf, 0xff, 0xdf, 0xff, 0xff, 0xff, 0xff, 0xff,
    0xff, 0xff, 0xff, 0xff, 0xdf, 0xff, 0xdf, 0xff, 0xbe, 0xff, 0xbf, 0xff,
    0xbe, 0xf7, 0xbe, 0xf7, 0xbf, 0xff, 0xbf, 0xff, 0xbf, 0xff, 0xdf, 0xff,
    0xdf, 0xff, 0xff, 0xff, 0xff, 0xff, 0xff, 0xff, 0xdf, 0xff, 0xdf, 0xff,
    0xdf, 0xff, 0xbf, 0xff, 0xbe, 0xf7, 0xbe, 0xf7, 0xbe, 0xff, 0xbf, 0xff,
    0xbf, 0xff, 0xdf, 0xff, 0xff, 0xff, 0xff, 0xff, 0xff, 0xff, 0xff, 0xff,
    0xdf, 0xff, 0xdf, 0xff, 0xdf, 0xff, 0xbe, 0xf7, 0xbe, 0xf7, 0xbf, 0xf7,
    0xbf, 0xf7, 0xdf, 0xf7, 0xff, 0xff, 0xff, 0xff, 0xbf, 0xff, 0x3d, 0xff,
    0x7b, 0xfe, 0x78, 0xfd, 0xb6, 0xfc, 0x55, 0xfc, 0x35, 0xfc, 0x55, 0xfc,
    0x76, 0xfc, 0x96, 0xfc, 0x96, 0xfc, 0x76, 0xfc, 0x76, 0xfc, 0x76, 0xfc,
    0x76, 0xfc, 0x56, 0xfc, 0x56, 0xfc, 0x35, 0xfc, 0x15, 0xfc, 0xf4, 0xfb,
    0xb4, 0xfb, 0x74, 0xfb, 0x53, 0xfb, 0x52, 0xfb, 0x51, 0xfb, 0x70, 0xfb,
    0x8f, 0xfb, 0xad, 0xfb, 0xcc, 0xfb, 0x0b, 0xfc, 0x0a, 0xfc, 0x29, 0xfc,
    0x2a, 0xfc, 0x0a, 0xfc, 0xeb, 0xfb, 0xec, 0xfb, 0xad, 0xfb, 0x8e, 0xfb,
    0x70, 0xfb, 0x31, 0xfb, 0x32, 0xfb, 0x53, 0xfb, 0x73, 0xfb, 0xb4, 0xfb,
    0xf4, 0xfb, 0x15, 0xfc, 0x35, 0xfc, 0x56, 0xfc, 0x76, 0xfc, 0x76, 0xfc,
    0x76, 0xfc, 0x76, 0xfc, 0x76, 0xfc, 0x76, 0xfc, 0x55, 0xfc, 0x15, 0xfc,
    0xd4, 0xfb, 0xd3, 0xfb, 0xf4, 0xfb, 0x95, 0xfc, 0x78, 0xfd, 0x7b, 0xfe,
    0x3d, 0xff, 0xdf, 0xff, 0xff, 0xff, 0xff, 0xf7, 0xdf, 0xf7, 0xbf, 0xf7,
    0xbe, 0xf7, 0xbe, 0xf7, 0xbf, 0xff, 0xbf, 0xff, 0xdf, 0xff, 0xdf, 0xff,
    0xff, 0xff, 0xff, 0xff, 0xff, 0xff, 0xdf, 0xff, 0xdf, 0xff, 0xdf, 0xff,
    0xbe, 0xf7, 0xbe, 0xf7, 0xbf, 0xff, 0xbe, 0xf7, 0xbf, 0xff, 0xdf, 0xff,
    0xdf, 0xff, 0xdf, 0xff, 0xff, 0xff, 0xff, 0xff, 0xff, 0xff, 0xdf, 0xff,
    0xdf, 0xff, 0xdf, 0xff, 0xbf, 0xff, 0xbe, 0xf7, 0xbe, 0xf7, 0xbf, 0xf7,
    0xbf, 0xff, 0xbf, 0xff, 0xdf, 0xff, 0xdf, 0xff, 0xff, 0xff, 0xff, 0xff,
    0xff, 0xff, 0xdf, 0xff, 0xdf, 0xff, 0xdf, 0xff, 0xbf, 0xff, 0xbe, 0xf7,
    0xbe, 0xf7, 0x9e, 0xff, 0xbe, 0xff, 0xbf, 0xff, 0xbf, 0xff, 0xdf, 0xff,
    0xff, 0xff, 0xff, 0xff, 0xdf, 0xff, 0xff, 0xff, 0xff, 0xff, 0xff, 0xff,
    0xff, 0xff, 0xff, 0xff, 0xff, 0xff, 0xff, 0xff, 0xff, 0xff, 0xff, 0xff,
    0xdf, 0xff, 0xbf, 0xff, 0x9e, 0xf7, 0x9e, 0xf7, 0x7e, 0xf7, 0x7e, 0xf7,
    0x9e, 0xf7, 0xbe, 0xf7, 0xdf, 0xff, 0xff, 0xff, 0xff, 0xff, 0xff, 0xff,
    0xff, 0xff, 0xff, 0xff, 0xff, 0xff, 0xdf, 0xff, 0xbe, 0xf7, 0x9e, 0xf7,
    0x7e, 0xf7, 0x7e, 0xf7, 0x7e, 0xf7, 0x9e, 0xf7, 0xbe, 0xff, 0xdf, 0xff,
    0xff, 0xff, 0xff, 0xff, 0xff, 0xff, 0xff, 0xff, 0xff, 0xff, 0xff, 0xff,
    0xdf, 0xff, 0x9e, 0xf7, 0x9e, 0xf7, 0x7e, 0xf7, 0x9e, 0xf7, 0x9e, 0xf7,
    0xbe, 0xf7, 0xdf, 0xff, 0xff, 0xff, 0xff, 0xff, 0xff, 0xff, 0xff, 0xff,
    0xff, 0xff, 0xdf, 0xff, 0xbf, 0xff, 0xbe, 0xf7, 0xbe, 0xf7, 0xbe, 0xf7,
    0xdf, 0xf7, 0xdf, 0xf7, 0xde, 0xf7, 0x9e, 0xff, 0x1c, 0xff, 0x5b, 0xfe,
    0x78, 0xfd, 0xb6, 0xfc, 0x14, 0xfc, 0xd4, 0xfb, 0xf4, 0xfb, 0x35, 0xfc,
    0x96, 0xfc, 0xb7, 0xfc, 0x97, 0xfc, 0x76, 0xfc, 0x76, 0xfc, 0x56, 0xfc,
    0x56, 0xfc, 0x55, 0xfc, 0x35, 0xfc, 0x15, 0xfc, 0xf4, 0xfb, 0xd4, 0xfb,
    0xd4, 0xfb, 0xd4, 0xfb, 0xd4, 0xfb, 0xd5, 0xfb, 0xb5, 0xfb, 0x95, 0xfb,
    0x74, 0xfb, 0x53, 0xfb, 0x32, 0xfb, 0x11, 0xfb, 0xf1, 0xfa, 0xf0, 0xfa,
    0xf0, 0xfa, 0x11, 0xfb, 0x12, 0xfb, 0x53, 0xfb, 0x53, 0xfb, 0x74, 0xfb,
    0xb5, 0xfb, 0xb5, 0xfb, 0xd5, 0xfb, 0xd5, 0xfb, 0xd4, 0xfb, 0xd4, 0xfb,
    0xd4, 0xfb, 0xf4, 0xfb, 0x14, 0xfc, 0x35, 0xfc, 0x56, 0xfc, 0x76, 0xfc,
    0x76, 0xfc, 0x76, 0xfc, 0x76, 0xfc, 0x96, 0xfc, 0x76, 0xfc, 0x35, 0xfc,
    0xd4, 0xfb, 0x73, 0xfb, 0x52, 0xfb, 0x93, 0xfb, 0x55, 0xfc, 0x57, 0xfd,
    0x5a, 0xfe, 0x1d, 0xff, 0x9e, 0xf7, 0xdf, 0xf7, 0xdf, 0xf7, 0xdf, 0xf7,
    0xbf, 0xf7, 0xbe, 0xf7, 0xbe, 0xf7, 0xbf, 0xff, 0xdf, 0xff, 0xff, 0xff,
    0xff, 0xff, 0xff, 0xff, 0xff, 0xff, 0xff, 0xff, 0xdf, 0xff, 0xbe, 0xff,
    0x9e, 0xf7, 0x7e, 0xf7, 0x7e, 0xf7, 0x9e, 0xf7, 0x9e, 0xf7, 0xbf, 0xff,
    0xdf, 0xff, 0xff, 0xff, 0xff, 0xff, 0xff, 0xff, 0xff, 0xff, 0xff, 0xff,
    0xdf, 0xff, 0xbf, 0xff, 0x9e, 0xf7, 0x9e, 0xf7, 0x7e, 0xf7, 0x7e, 0xf7,
    0x9e, 0xf7, 0xbe, 0xf7, 0xdf, 0xff, 0xff, 0xff, 0xff, 0xff, 0xff, 0xff,
    0xff, 0xff, 0xff, 0xff, 0xff, 0xff, 0xbf, 0xff, 0xbe, 0xf7, 0x9e, 0xf7,
    0x7e, 0xf7, 0x7e, 0xf7, 0x7e, 0xf7, 0x9e, 0xf7, 0xbf, 0xf7, 0xdf, 0xff,
    0xff, 0xff, 0xff, 0xff, 0xff, 0xff, 0xff, 0xff, 0xff, 0xff, 0xff, 0xff,
    0xff, 0xff, 0xdf, 0xff, 0xdf, 0xff, 0xff, 0xff, 0xff, 0xff, 0xdf, 0xff,
    0xdf, 0xff, 0xdf, 0xff, 0xbe, 0xff, 0xbe, 0xf7, 0xbe, 0xf7, 0x9e, 0xf7,
    0xbe, 0xf7, 0xbf, 0xff, 0xbf, 0xff, 0xdf, 0xff, 0xff, 0xff, 0xff, 0xff,
    0xff, 0xff, 0xff, 0xff, 0xdf, 0xff, 0xdf, 0xff, 0xbf, 0xff, 0xbe, 0xf7,
    0xbe, 0xf7, 0x9e, 0xf7, 0xbe, 0xf7, 0xbe, 0xff, 0xdf, 0xff, 0xdf, 0xff,
    0xff, 0xff, 0xff, 0xff, 0xff, 0xff, 0xff, 0xff, 0xdf, 0xff, 0xdf, 0xff,
    0xbf, 0xff, 0xbe, 0xff, 0xbe, 0xf7, 0x9e, 0xf7, 0xbe, 0xf7, 0xbf, 0xf7,
    0xbf, 0xff, 0xdf, 0xff, 0xdf, 0xff, 0xff, 0xff, 0xdf, 0xff, 0xff, 0xff,
    0xdf, 0xff, 0xdf, 0xff, 0xbf, 0xff, 0xbf, 0xff, 0xdf, 0xf7, 0xff, 0xf7,
    0xff, 0xf7, 0xff, 0xf7, 0x9e, 0xf7, 0x1d, 0xff, 0x7b, 0xfe, 0xb9, 0xfd,
    0x17, 0xfd, 0x75, 0xfc, 0x15, 0xfc, 0xf4, 0xfb, 0xf5, 0xfb, 0x35, 0xfc,
    0x56, 0xfc, 0x76, 0xfc, 0x76, 0xfc, 0x76, 0xfc, 0x55, 0xfc, 0x55, 0xfc,
    0x56, 0xfc, 0x55, 0xfc, 0x35, 0xfc, 0x15, 0xfc, 0xf4, 0xfb, 0xf4, 0xfb,
    0xf4, 0xfb, 0x15, 0xfc, 0x35, 0xfc, 0x56, 0xfc, 0x56, 0xfc, 0x56, 0xfc,
    0x15, 0xfc, 0xb4, 0xfb, 0x53, 0xfb, 0xf2, 0xfa, 0xb1, 0xfa, 0x91, 0xfa,
    0xb1, 0xfa, 0xf2, 0xfa, 0x53, 0xfb, 0x94, 0xfb, 0xf5, 0xfb, 0x36, 0xfc,
    0x56, 0xfc, 0x76, 0xfc, 0x76, 0xfc, 0x55, 0xfc, 0x35, 0xfc, 0xf4, 0xfb,
    0xf4, 0xfb, 0xf4, 0xfb, 0x15, 0xfc, 0x35, 0xfc, 0x55, 0xfc, 0x76, 0xfc,
    0x56, 0xfc, 0x76, 0xfc, 0x76, 0xfc, 0x96, 0xfc, 0x96, 0xfc, 0x55, 0xfc,
    0xf4, 0xfb, 0x93, 0xfb, 0x52, 0xfb, 0x72, 0xfb, 0xf4, 0xfb, 0xb6, 0xfc,
    0x98, 0xfd, 0x7b, 0xfe, 0x3d, 0xff, 0xbe, 0xff, 0xff, 0xf7, 0xff, 0xf7,
    0xff, 0xf7, 0xdf, 0xf7, 0xbf, 0xff, 0xdf, 0xff, 0xdf, 0xff, 0xdf, 0xff,
    0xff, 0xff, 0xff, 0xff, 0xdf, 0xff, 0xdf, 0xff, 0xdf, 0xff, 0xbf, 0xff,
    0xbe, 0xf7, 0x9e, 0xf7, 0xbe, 0xf7, 0xbe, 0xf7, 0xbf, 0xff, 0xdf, 0xff,
    0xdf, 0xff, 0xff, 0xff, 0xff, 0xff, 0xff, 0xff, 0xff, 0xff, 0xdf, 0xff,
    0xdf, 0xff, 0xdf, 0xff, 0xbe, 0xf7, 0xbe, 0xf7, 0xbe, 0xf7, 0x9e, 0xf7,
    0xbe, 0xff, 0xbf, 0xff, 0xdf, 0xff, 0xdf, 0xff, 0xff, 0xff, 0xff, 0xff,
    0xff, 0xff, 0xff, 0xff, 0xdf, 0xff, 0xdf, 0xff, 0xbf, 0xff, 0xbe, 0xff,
    0x9e, 0xf7, 0xbe, 0xf7, 0xbe, 0xf7, 0xbe, 0xf7, 0xdf, 0xff, 0xdf, 0xff,
    0xdf, 0xff, 0xff, 0xff, 0xff, 0xff, 0xff, 0xff, 0xff, 0xff, 0xff, 0xff,
    0x9e, 0xf7, 0x9e, 0xf7, 0xbe, 0xff, 0x9e, 0xf7, 0x9e, 0xf7, 0xbe, 0xff,
    0xbf, 0xff, 0xdf, 0xff, 0xdf, 0xff, 0xdf, 0xff, 0xff, 0xff, 0xff, 0xff,
    0xdf, 0xff, 0xdf, 0xff, 0xdf, 0xff, 0xbe, 0xff, 0xbe, 0xf7, 0x9e, 0xf7,
    0xbe, 0xff, 0xbe, 0xf7, 0xbf, 0xff, 0xdf, 0xff, 0xdf, 0xff, 0xdf, 0xff,
    0xff, 0xff, 0xff, 0xff, 0xff, 0xff, 0xff, 0xff, 0xdf, 0xff, 0xbf, 0xff,
    0xbe, 0xf7, 0x9e, 0xf7, 0x9e, 0xff, 0x9e, 0xf7, 0xbf, 0xff, 0xdf, 0xff,
    0xdf, 0xff, 0xdf, 0xff, 0xff, 0xff, 0xff, 0xff, 0xff, 0xff, 0xdf, 0xff,
    0xdf, 0xff, 0xdf, 0xff, 0xbe, 0xff, 0xbe, 0xf7, 0xbe, 0xf7, 0xbf, 0xff,
    0xbe, 0xf7, 0xbf, 0xff, 0xdf, 0xff, 0xdf, 0xff, 0xff, 0xff, 0xff, 0xff,
    0xff, 0xff, 0xff, 0xff, 0xbe, 0xff, 0xfd, 0xfe, 0x5a, 0xfe, 0x78, 0xfd,
    0xd6, 0xfc, 0x35, 0xfc, 0xf4, 0xfb, 0xd4, 0xfb, 0xd4, 0xfb, 0x15, 0xfc,
    0x56, 0xfc, 0x56, 0xfc, 0x76, 0xfc, 0x76, 0xfc, 0x76, 0xfc, 0x56, 0xfc,
    0x56, 0xfc, 0x55, 0xfc, 0x56, 0xfc, 0x55, 0xfc, 0x55, 0xfc, 0x55, 0xfc,
    0x56, 0xfc, 0x76, 0xfc, 0x76, 0xfc, 0x96, 0xfc, 0x97, 0xfc, 0x56, 0xfc,
    0x35, 0xfc, 0xd4, 0xfb, 0x51, 0xeb, 0xef, 0xda, 0xae, 0xd2, 0xad, 0xd2,
    0xcd, 0xd2, 0x0f, 0xdb, 0x71, 0xe3, 0xd3, 0xf3, 0x35, 0xfc, 0x76, 0xfc,
    0x97, 0xfc, 0xb7, 0xfc, 0x96, 0xfc, 0x96, 0xfc, 0x76, 0xfc, 0x55, 0xfc,
    0x55, 0xfc, 0x56, 0xfc, 0x55, 0xfc, 0x55, 0xfc, 0x55, 0xfc, 0x55, 0xfc,
    0x55, 0xfc, 0x56, 0xfc, 0x76, 0xfc, 0x96, 0xfc, 0x76, 0xfc, 0x56, 0xfc,
    0xf4, 0xfb, 0x93, 0xfb, 0x52, 0xfb, 0x72, 0xfb, 0xd3, 0xfb, 0x95, 0xfc,
    0x78, 0xfd, 0x3a, 0xfe, 0xfd, 0xfe, 0x9e, 0xff, 0xff, 0xff, 0xff, 0xff,
    0xff, 0xff, 0xff, 0xff, 0xdf, 0xff, 0xdf, 0xff, 0xbe, 0xf7, 0xbe, 0xf7,
    0x9e, 0xf7, 0x9e, 0xff, 0xbe, 0xf7, 0xbf, 0xff, 0xbf, 0xff, 0xdf, 0xff,
    0xff, 0xff, 0xff, 0xff, 0xff, 0xff, 0xff, 0xff, 0xdf, 0xff, 0xdf, 0xff,
    0xdf, 0xf7, 0xbf, 0xf7, 0x9e, 0xf7, 0x9e, 0xf7, 0xbe, 0xf7, 0xbe, 0xf7,
    0xbf, 0xff, 0xdf, 0xff, 0xdf, 0xff, 0xdf, 0xff, 0xff, 0xff, 0xff, 0xff,
    0xdf, 0xff, 0xdf, 0xff, 0xbf, 0xff, 0xbe, 0xf7, 0xbe, 0xf7, 0x9e, 0xf7,
    0xbe, 0xf7, 0xbe, 0xff, 0xbf, 0xff, 0xdf, 0xff, 0xdf, 0xff, 0xdf, 0xff,
    0xff, 0xff, 0xff, 0xff, 0xff, 0xff, 0xdf, 0xff, 0xdf, 0xff, 0xbf, 0xff,
    0xbe, 0xf7, 0xbe, 0xf7, 0xbf, 0xff, 0xbe, 0xf7, 0xbe, 0xf7, 0xbf, 0xff,
    0x9e, 0xf7, 0x9e, 0xf7, 0x9e, 0xf7, 0x7e, 0xf7, 0x9e, 0xf7, 0x9e, 0xf7,
    0xbe, 0xff, 0xdf, 0xff, 0xff, 0xff, 0xff, 0xff, 0xff, 0xff, 0xff, 0xff,
    0xff, 0xff, 0xff, 0xff, 0xdf, 0xff, 0xbe, 0xf7, 0x9e, 0xf7, 0x7e, 0xf7,
    0x7e, 0xf7, 0x9e, 0xf7, 0xbe, 0xf7, 0xdf, 0xff, 0xff, 0xff, 0xff, 0xff,
    0xff, 0xff, 0xff, 0xff, 0xff, 0xff, 0xff, 0xff, 0xdf, 0xff, 0xbf, 0xff,
    0x9e, 0xf7, 0x7e, 0xf7, 0x7e, 0xf7, 0x9e, 0xf7, 0x9e, 0xf7, 0xbe, 0xf7,
    0xdf, 0xff, 0xff, 0xff, 0xff, 0xff, 0xff, 0xff, 0xff, 0xff, 0xff, 0xff,
    0xff, 0xff, 0xbf, 0xff, 0xbe, 0xf7, 0x9e, 0xf7, 0x7e, 0xf7, 0x7e, 0xf7,
    0x9e, 0xf7, 0xbe, 0xf7, 0xdf, 0xff, 0xff, 0xff, 0xff, 0xff, 0xff, 0xff,
    0xff, 0xff, 0xff, 0xff, 0xbf, 0xff, 0x5d, 0xff, 0x9b, 0xf6, 0xb9, 0xf5,
    0xf6, 0xf4, 0x34, 0xfc, 0xb3, 0xfb, 0x93, 0xfb, 0xb4, 0xfb, 0x14, 0xfc,
    0x56, 0xfc, 0x96, 0xfc, 0x76, 0xfc, 0x76, 0xfc, 0x75, 0xfc, 0x76, 0xfc,
    0x56, 0xfc, 0x76, 0xfc, 0x76, 0xfc, 0x76, 0xfc, 0x96, 0xfc, 0x96, 0xfc,
    0xb7, 0xfc, 0xb6, 0xfc, 0x96, 0xfc, 0x76, 0xfc, 0x36, 0xfc, 0xf6, 0xfb,
    0xb4, 0xfb, 0x92, 0xf3, 0x70, 0xdb, 0x4d, 0xc3, 0x4b, 0xb3, 0x49, 0xa3,
    0x49, 0xa3, 0x4a, 0xa3, 0x6c, 0xbb, 0x8f, 0xd3, 0xd3, 0xeb, 0x15, 0xfc,
    0x57, 0xfc, 0x77, 0xfc, 0x97, 0xfc, 0x97, 0xfc, 0x96, 0xfc, 0x96, 0xfc,
    0x96, 0xfc, 0x76, 0xfc, 0x76, 0xfc, 0x76, 0xfc, 0x76, 0xfc, 0x76, 0xfc,
    0x76, 0xfc, 0x76, 0xfc, 0x96, 0xfc, 0x96, 0xfc, 0x76, 0xfc, 0x35, 0xfc,
    0xb4, 0xfb, 0x52, 0xfb, 0x11, 0xfb, 0x52, 0xfb, 0xf3, 0xfb, 0xb6, 0xf4,
    0xb8, 0xf5, 0x9b, 0xfe, 0x5e, 0xff, 0xdf, 0xff, 0xff, 0xff, 0xff, 0xff,
    0xff, 0xff, 0xff, 0xff, 0xff, 0xff, 0xdf, 0xff, 0xbe, 0xf7, 0x9e, 0xf7,
    0x7e, 0xf7, 0x7e, 0xf7, 0x9e, 0xf7, 0xbe, 0xf7, 0xbf, 0xff, 0xdf, 0xff,
    0xff, 0xff, 0xff, 0xff, 0xff, 0xff, 0xff, 0xff, 0xff, 0xff, 0xdf, 0xff,
    0xbe, 0xff, 0x9e, 0xf7, 0x7e, 0xf7, 0x7e, 0xf7, 0x9e, 0xf7, 0x9e, 0xf7,
    0xbf, 0xff, 0xdf, 0xff, 0xff, 0xff, 0xff, 0xff, 0xff, 0xff, 0xff, 0xff,
    0xff, 0xff, 0xff, 0xff, 0xdf, 0xff, 0x9e, 0xf7, 0x9e, 0xf7, 0x7e, 0xf7,
    0x7e, 0xf7, 0x9e, 0xf7, 0xbe, 0xf7, 0xdf, 0xff, 0xff, 0xff, 0xff, 0xff,
    0xff, 0xff, 0xff, 0xff, 0xff, 0xff, 0xff, 0xff, 0xdf, 0xff, 0xbe, 0xff,
    0x9e, 0xf7, 0x7e, 0xf7, 0x7e, 0xf7, 0x7e, 0xf7, 0x7e, 0xf7, 0x7e, 0xf7,
    0x9e, 0xf7, 0x9e, 0xf7, 0x9f, 0xff, 0xbe, 0xf7, 0xbe, 0xf7, 0xbf, 0xff,
    0xdf, 0xff, 0xdf, 0xff, 0xff, 0xff, 0xff, 0xff, 0xff, 0xff, 0xff, 0xff,
    0xdf, 0xff, 0xdf, 0xff, 0xdf, 0xff, 0xbf, 0xff, 0xbe, 0xf7, 0xbf, 0xf7,
    0xbf, 0xf7, 0xbe, 0xf7, 0xbf, 0xff, 0xdf, 0xff, 0xdf, 0xff, 0xdf, 0xff,
    0xff, 0xff, 0xff, 0xff, 0xff, 0xff, 0xdf, 0xff, 0xdf, 0xff, 0xdf, 0xff,
    0xbe, 0xf7, 0xbe, 0xf7, 0xbe, 0xf7, 0xbe, 0xf7, 0xbf, 0xff, 0xdf, 0xff,
    0xdf, 0xff, 0xff, 0xff, 0xff, 0xff, 0xff, 0xff, 0xff, 0xff, 0xff, 0xff,
    0xdf, 0xff, 0xdf, 0xff, 0xbf, 0xf7, 0xbf, 0xf7, 0xbe, 0xf7, 0xbe, 0xf7,
    0xbf, 0xff, 0xbf, 0xff, 0xdf, 0xff, 0xdf, 0xff, 0xff, 0xff, 0xff, 0xff,
    0xff, 0xff, 0xff, 0xff, 0xdf, 0xff, 0xbe, 0xff, 0x5d, 0xff, 0x9b, 0xf6,
    0xb9, 0xfd, 0xd6, 0xfc, 0x14, 0xfc, 0x93, 0xfb, 0x73, 0xfb, 0xb4, 0xfb,
    0x15, 0xfc, 0x55, 0xfc, 0x56, 0xfc, 0x56, 0xfc, 0x76, 0xfc, 0x76, 0xfc,
    0x76, 0xfc, 0x76, 0xfc, 0x96, 0xfc, 0x76, 0xfc, 0x96, 0xfc, 0x76, 0xfc,
    0x76, 0xfc, 0x56, 0xfc, 0x35, 0xfc, 0xd5, 0xfb, 0x94, 0xfb, 0x74, 0xfb,
    0x73, 0xfb, 0xd3, 0xf3, 0x32, 0xe4, 0xb1, 0xc4, 0xce, 0xac, 0xab, 0x8c,
    0x48, 0x7c, 0xe7, 0x7b, 0x88, 0x8b, 0x6b, 0xab, 0x6f, 0xd3, 0x93, 0xf3,
    0xb5, 0xfb, 0xd6, 0xfb, 0x16, 0xfc, 0x55, 0xfc, 0x56, 0xfc, 0x76, 0xfc,
    0x76, 0xfc, 0x76, 0xfc, 0x76, 0xfc, 0x76, 0xfc, 0x76, 0xfc, 0x76, 0xfc,
    0x76, 0xfc, 0x76, 0xfc, 0x55, 0xfc, 0x15, 0xfc, 0xf4, 0xfb, 0x93, 0xfb,
    0x32, 0xfb, 0x11, 0xfb, 0x32, 0xfb, 0xb3, 0xfb, 0x95, 0xfc, 0xb8, 0xfd,
    0x9b, 0xfe, 0x5d, 0xf7, 0xbf, 0xff, 0xff, 0xff, 0xff, 0xff, 0xff, 0xff,
    0xff, 0xff, 0xff, 0xff, 0xdf, 0xff, 0xdf, 0xff, 0xbf, 0xff, 0xbf, 0xff,
    0xbe, 0xf7, 0xbe, 0xf7, 0xbe, 0xf7, 0xbf, 0xf7, 0xdf, 0xff, 0xdf, 0xff,
    0xff, 0xff, 0xff, 0xff, 0xff, 0xff, 0xff, 0xff, 0xdf, 0xff, 0xdf, 0xff,
    0xbf, 0xff, 0xbe, 0xf7, 0xbe, 0xf7, 0xbf, 0xff, 0x9e, 0xf7, 0xbf, 0xf7,
    0xbf, 0xff, 0xdf, 0xff, 0xdf, 0xff, 0xff, 0xff, 0xff, 0xff, 0xff, 0xff,
    0xff, 0xff, 0xdf, 0xff, 0xdf, 0xff, 0xbf, 0xff, 0xbe, 0xf7, 0xbe, 0xf7,
    0xbe, 0xff, 0xbf, 0xf7, 0xbf, 0xff, 0xdf, 0xff, 0xdf, 0xff, 0xff, 0xff,
    0xff, 0xff, 0xff, 0xff, 0xff, 0xff, 0xdf, 0xff, 0xdf, 0xff, 0xbf, 0xff,
    0xbe, 0xf7, 0xbe, 0xf7, 0x9e, 0xf7, 0xbe, 0xf7, 0x9e, 0xf7, 0xbe, 0xf7,
    0xff, 0xff, 0xff, 0xff, 0xff, 0xff, 0xff, 0xff, 0xff, 0xff, 0xdf, 0xff,
    0xdf, 0xff, 0xdf, 0xff, 0xbf, 0xf7, 0xbe, 0xf7, 0xbe, 0xf7, 0xbf, 0xff,
    0xbe, 0xff, 0xbf, 0xff, 0xdf, 0xff, 0xdf, 0xff, 0xff, 0xff, 0xff, 0xff,
    0xff, 0xff, 0xff, 0xff, 0xdf, 0xff, 0xdf, 0xff, 0xbf, 0xff, 0xbf, 0xff,
    0xbe, 0xf7, 0xbe, 0xf7, 0xbf, 0xff, 0xbf, 0xff, 0xdf, 0xff, 0xdf, 0xff,
    0xdf, 0xff, 0xff, 0xff, 0xff, 0xff, 0xff, 0xff, 0xdf, 0xff, 0xdf, 0xff,
    0xbf, 0xff, 0xbf, 0xff, 0xbe, 0xf7, 0xbe, 0xf7, 0xbe, 0xf7, 0xbf, 0xff,
    0xbf, 0xff, 0xdf, 0xff, 0xdf, 0xff, 0xff, 0xff, 0xff, 0xff, 0xff, 0xff,
    0xdf, 0xff, 0xdf, 0xff, 0xdf, 0xff, 0xbf, 0xff, 0xbe, 0xf7, 0xbe, 0xf7,
    0xbe, 0xff, 0xbf, 0xf7, 0xff, 0xff, 0xff, 0xff, 0xdf, 0xff, 0x9e, 0xff,
    0xdc, 0xfe, 0xfa, 0xfd, 0x17, 0xfd, 0x55, 0xfc, 0xd3, 0xfb, 0xb3, 0xfb,
    0x93, 0xfb, 0xb3, 0xfb, 0xd4, 0xfb, 0x14, 0xfc, 0x35, 0xfc, 0x55, 0xfc,
    0x55, 0xfc, 0x55, 0xfc, 0x56, 0xfc, 0x56, 0xfc, 0x55, 0xfc, 0x15, 0xfc,
    0xd4, 0xfb, 0x93, 0xfb, 0x52, 0xfb, 0x52, 0xfb, 0x53, 0xfb, 0x93, 0xfb,
    0x35, 0xfc, 0xf7, 0xfc, 0xf8, 0xf5, 0x78, 0xde, 0x95, 0xbe, 0x31, 0x96,
    0x8b, 0x6d, 0xc8, 0x64, 0x28, 0x74, 0xea, 0x93, 0xce, 0xbb, 0xd2, 0xeb,
    0xb3, 0xfb, 0x94, 0xfb, 0x74, 0xfb, 0x93, 0xfb, 0xb4, 0xfb, 0xf4, 0xfb,
    0x15, 0xfc, 0x35, 0xfc, 0x55, 0xfc, 0x55, 0xfc, 0x35, 0xfc, 0x35, 0xfc,
    0x15, 0xfc, 0xf4, 0xfb, 0xb3, 0xfb, 0x52, 0xfb, 0x32, 0xfb, 0x11, 0xfb,
    0x31, 0xfb, 0x72, 0xfb, 0x14, 0xfc, 0xf6, 0xfc, 0xf9, 0xfd, 0xfc, 0xfe,
    0x9f, 0xff, 0xff, 0xff, 0xff, 0xff, 0xff, 0xff, 0xdf, 0xf7, 0x9e, 0xf7,
    0xbe, 0xf7, 0xbe, 0xf7, 0xbf, 0xff, 0xdf, 0xff, 0xdf, 0xff, 0xdf, 0xff,
    0xff, 0xff, 0xff, 0xff, 0xdf, 0xff, 0xdf, 0xff, 0xdf, 0xff, 0xbe, 0xff,
    0xbe, 0xf7, 0xbf, 0xf7, 0x9e, 0xf7, 0xbe, 0xf7, 0xbf, 0xff, 0xbf, 0xff,
    0xdf, 0xff, 0xdf, 0xff, 0xff, 0xff, 0xff, 0xff, 0xff, 0xff, 0xdf, 0xff,
    0xdf, 0xff, 0xdf, 0xff, 0xbf, 0xff, 0xbe, 0xf7, 0xbe, 0xf7, 0xbf, 0xf7,
    0xbf, 0xff, 0xbf, 0xff, 0xdf, 0xff, 0xdf, 0xff, 0xdf, 0xff, 0xff, 0xff,
    0xff, 0xff, 0xdf, 0xff, 0xdf, 0xff, 0xdf, 0xff, 0xdf, 0xff, 0xbf, 0xf7,
    0xbe, 0xf7, 0xbe, 0xf7, 0xbf, 0xff, 0xbf, 0xff, 0xdf, 0xff, 0xdf, 0xff,
    0xff, 0xff, 0xff, 0xff, 0xdf, 0xff, 0xff, 0xff, 0xff, 0xff, 0xff, 0xff,
    0xff, 0xff, 0xff, 0xff, 0xff, 0xff, 0xff, 0xff, 0xff, 0xff, 0xff, 0xff,
    0xdf, 0xff, 0xbf, 0xf7, 0xbe, 0xf7, 0x9e, 0xf7, 0x7e, 0xf7, 0x7e, 0xf7,
    0x9e, 0xf7, 0xbe, 0xf7, 0xbf, 0xff, 0xff, 0xff, 0xff, 0xff, 0xff, 0xff,
    0xff, 0xff, 0xff, 0xff, 0xff, 0xff, 0xdf, 0xff, 0xbe, 0xf7, 0x9e, 0xf7,
    0x9e, 0xf7, 0x7e, 0xf7, 0x9e, 0xf7, 0xbe, 0xf7, 0xbf, 0xff, 0xdf, 0xff,
    0xff, 0xff, 0xff, 0xff, 0xff, 0xff, 0xff, 0xff, 0xff, 0xff, 0xdf, 0xff,
    0xdf, 0xff, 0x9e, 0xf7, 0x9e, 0xf7, 0x7e, 0xf7, 0x9e, 0xf7, 0x9e, 0xf7,
    0xbf, 0xf7, 0xdf, 0xff, 0xff, 0xff, 0xff, 0xff, 0xff, 0xff, 0xff, 0xff,
    0xff, 0xff, 0xff, 0xff, 0xdf, 0xff, 0xbe, 0xf7, 0x9e, 0xf7, 0x7e, 0xf7,
    0x7e, 0xf7, 0x9e, 0xf7, 0xdf, 0xf7, 0xff, 0xff, 0xff, 0xff, 0xff, 0xff,
    0xbf, 0xff, 0x5e, 0xff, 0xdc, 0xfe, 0x1a, 0xfe, 0x57, 0xfd, 0xb5, 0xfc,
    0x14, 0xfc, 0xb3, 0xfb, 0x93, 0xfb, 0x93, 0xfb, 0x93, 0xfb, 0x93, 0xfb,
    0x93, 0xfb, 0x93, 0xfb, 0x93, 0xfb, 0x72, 0xfb, 0x72, 0xfb, 0x72, 0xfb,
    0x52, 0xfb, 0x52, 0xfb, 0x92, 0xfb, 0xf4, 0xfb, 0x75, 0xfc, 0x38, 0xfd,
    0x1a, 0xfe, 0xdc, 0xfe, 0x7e, 0xff, 0xbd, 0xf7, 0x7a, 0xd7, 0xd3, 0xa6,
    0xec, 0x7d, 0x29, 0x65, 0xe8, 0x64, 0xec, 0x84, 0x30, 0xb5, 0x55, 0xdd,
    0x16, 0xf5, 0xb6, 0xfc, 0x35, 0xfc, 0xd4, 0xfb, 0x93, 0xfb, 0x73, 0xfb,
    0x72, 0xfb, 0x72, 0xfb, 0x72, 0xfb, 0x72, 0xfb, 0x52, 0xfb, 0x52, 0xfb,
    0x52, 0xfb, 0x32, 0xfb, 0x31, 0xfb, 0x32, 0xfb, 0x52, 0xfb, 0xd3, 0xfb,
    0x75, 0xfc, 0x38, 0xfd, 0x1a, 0xfe, 0xdc, 0xfe, 0x7e, 0xff, 0xdf, 0xff,
    0xff, 0xff, 0xff, 0xff, 0xff, 0xff, 0xbf, 0xf7, 0x9e, 0xf7, 0x7e, 0xf7,
    0x7e, 0xf7, 0x9e, 0xf7, 0x9e, 0xf7, 0xdf, 0xff, 0xff, 0xff, 0xff, 0xff,
    0xff, 0xff, 0xff, 0xff, 0xff, 0xff, 0xff, 0xff, 0xdf, 0xff, 0xbe, 0xff,
    0x9e, 0xf7, 0x7e, 0xf7, 0x7e, 0xf7, 0x9e, 0xf7, 0xbe, 0xf7, 0xbf, 0xff,
    0xdf, 0xff, 0xff, 0xff, 0xff, 0xff, 0xff, 0xff, 0xff, 0xff, 0xff, 0xff,
    0xdf, 0xff, 0xde, 0xff, 0xbe, 0xf7, 0x9e, 0xf7, 0x7e, 0xf7, 0x7e, 0xf7,
    0x9e, 0xf7, 0xbe, 0xf7, 0xdf, 0xff, 0xff, 0xff, 0xff, 0xff, 0xff, 0xff,
    0xff, 0xff, 0xff, 0xff, 0xff, 0xff, 0xdf, 0xff, 0xbe, 0xf7, 0x9e, 0xf7,
    0x7e, 0xf7, 0x7e, 0xf7, 0x9e, 0xf7, 0xbe, 0xf7, 0xbe, 0xf7, 0xdf, 0xff,
    0xff, 0xff, 0xff, 0xff, 0xff, 0xff, 0xff, 0xff, 0xff, 0xff, 0xff, 0xff,
    0xff, 0xff, 0xff, 0xff, 0xff, 0xff, 0xdf, 0xff, 0xff, 0xff, 0xff, 0xff,
    0xdf, 0xff, 0xdf, 0xff, 0xbe, 0xff, 0xbe, 0xf7, 0x9e, 0xf7, 0xbe, 0xf7,
    0xbe, 0xf7, 0xbf, 0xff, 0xdf, 0xff, 0xdf, 0xff, 0xdf, 0xff, 0xff, 0xff,
    0xdf, 0xff, 0xff, 0xff, 0xdf, 0xff, 0xdf, 0xff, 0xbf, 0xff, 0xbe, 0xf7,
    0xbe, 0xf7, 0xbe, 0xf7, 0xbf, 0xf7, 0xbf, 0xff, 0xdf, 0xff, 0xdf, 0xff,
    0xff, 0xff, 0xff, 0xff, 0xff, 0xff, 0xff, 0xff, 0xdf, 0xff, 0xdf, 0xff,
    0xdf, 0xff, 0xbe, 0xf7, 0xbe, 0xf7, 0x9e, 0xf7, 0xbe, 0xff, 0xbf, 0xf7,
    0xbf, 0xff, 0xdf, 0xff, 0xdf, 0xff, 0xff, 0xff, 0xff, 0xff, 0xff, 0xff,
    0xdf, 0xff, 0xdf, 0xff, 0xbf, 0xff, 0xbe, 0xff, 0x9e, 0xf7, 0x9e, 0xf7,
    0x9e, 0xf7, 0xbe, 0xf7, 0xbf, 0xff, 0xdf, 0xff, 0xff, 0xff, 0xff, 0xff,
    0xff, 0xff, 0xff, 0xff, 0xff, 0xff, 0xbf, 0xff, 0x1d, 0xff, 0x7b, 0xfe,
    0xd9, 0xfd, 0x58, 0xfd, 0xd6, 0xfc, 0x95, 0xfc, 0x55, 0xfc, 0x14, 0xfc,
    0xf4, 0xfb, 0xd3, 0xfb, 0xf3, 0xfb, 0xf3, 0xfb, 0xf4, 0xfb, 0x34, 0xfc,
    0x75, 0xfc, 0xd6, 0xfc, 0x57, 0xfd, 0xd9, 0xfd, 0x9c, 0xfe, 0x3d, 0xff,
    0xbf, 0xff, 0xff, 0xff, 0xff, 0xff, 0xff, 0xf7, 0x5a, 0xd7, 0x73, 0xae,
    0x8c, 0x85, 0x08, 0x6d, 0x09, 0x6d, 0xad, 0x85, 0x73, 0xae, 0xd9, 0xd6,
    0xfb, 0xee, 0x9b, 0xfe, 0x1a, 0xfe, 0x78, 0xfd, 0xf7, 0xfc, 0x75, 0xfc,
    0x35, 0xfc, 0xf4, 0xfb, 0xf4, 0xfb, 0xf4, 0xfb, 0xf5, 0xfb, 0xf5, 0xfb,
    0x15, 0xfc, 0x35, 0xfc, 0x96, 0xfc, 0xd7, 0xfc, 0x58, 0xfd, 0xda, 0xfd,
    0x9c, 0xfe, 0x3e, 0xff, 0xbf, 0xff, 0xff, 0xff, 0xff, 0xff, 0xff, 0xff,
    0xff, 0xff, 0xff, 0xff, 0xdf, 0xff, 0xbf, 0xff, 0xbe, 0xf7, 0x9e, 0xf7,
    0x9e, 0xf7, 0xbe, 0xff, 0xbe, 0xff, 0xbf, 0xff, 0xdf, 0xff, 0xdf, 0xff,
    0xff, 0xff, 0xff, 0xff, 0xff, 0xff, 0xdf, 0xff, 0xdf, 0xff, 0xbf, 0xff,
    0xbe, 0xf7, 0xbe, 0xf7, 0x9e, 0xf7, 0xbe, 0xff, 0xbf, 0xff, 0xdf, 0xff,
    0xdf, 0xff, 0xff, 0xff, 0xff, 0xff, 0xff, 0xff, 0xff, 0xff, 0xdf, 0xff,
    0xdf, 0xff, 0xdf, 0xff, 0xbe, 0xff, 0xbe, 0xf7, 0xbe, 0xf7, 0x9e, 0xf7,
    0xbe, 0xff, 0xbf, 0xff, 0xdf, 0xff, 0xdf, 0xff, 0xff, 0xff, 0xff, 0xff,
    0xff, 0xff, 0xff, 0xff, 0xdf, 0xff, 0xdf, 0xff, 0xbf, 0xff, 0xbe, 0xff,
    0x9e, 0xf7, 0x9e, 0xf7, 0xbe, 0xf7, 0xbf, 0xf7, 0xbf, 0xff, 0xdf, 0xff,
    0xff, 0xff, 0xff, 0xff, 0xff, 0xff, 0xff, 0xff, 0xff, 0xff, 0xff, 0xff,
    0xbe, 0xf7, 0xbe, 0xf7, 0x9f, 0xff, 0xbe, 0xf7, 0xbe, 0xf7, 0xbf, 0xff,
    0xbf, 0xff, 0xdf, 0xff, 0xdf, 0xff, 0xff, 0xff, 0xff, 0xff, 0xff, 0xff,
    0xdf, 0xff, 0xdf, 0xff, 0xbf, 0xff, 0xbe, 0xff, 0xbe, 0xf7, 0xbe, 0xf7,
    0xbe, 0xff, 0xbe, 0xf7, 0xbf, 0xff, 0xdf, 0xff, 0xdf, 0xff, 0xff, 0xff,
    0xff, 0xff, 0xff, 0xff, 0xff, 0xff, 0xdf, 0xff, 0xdf, 0xff, 0xdf, 0xff,
    0xbe, 0xf7, 0xbe, 0xf7, 0xbe, 0xff, 0xbe, 0xf7, 0xbf, 0xff, 0xbf, 0xff,
    0xdf, 0xff, 0xdf, 0xff, 0xff, 0xff, 0xff, 0xff, 0xff, 0xff, 0xff, 0xff,
    0xdf, 0xff, 0xdf, 0xff, 0xbe, 0xff, 0xbe, 0xf7, 0xbe, 0xf7, 0xbe, 0xff,
    0xbe, 0xff, 0xbf, 0xf7, 0xdf, 0xff, 0xdf, 0xff, 0xff, 0xff, 0xff, 0xff,
    0xdf, 0xff, 0xdf, 0xff, 0xff, 0xff, 0xdf, 0xff, 0xdf, 0xff, 0xff, 0xff,
    0xff, 0xff, 0xff, 0xff, 0xff, 0xff, 0xff, 0xff, 0xff, 0xff, 0xdf, 0xff,
    0x9f, 0xff, 0x7e, 0xff, 0x3e, 0xff, 0xfd, 0xfe, 0xbd, 0xfe, 0x7c, 0xfe,
    0x5b, 0xfe, 0x1a, 0xfe, 0x1a, 0xf6, 0x1a, 0xf6, 0x3a, 0xf6, 0x7b, 0xf6,
    0xbc, 0xfe, 0x1d, 0xff, 0x5e, 0xff, 0x9e, 0xff, 0xdf, 0xff, 0xff, 0xff,
    0xff, 0xff, 0xff, 0xff, 0xff, 0xff, 0xbe, 0xf7, 0x19, 0xd7, 0x12, 0xae,
    0x4c, 0x7d, 0xc8, 0x6c, 0xe8, 0x6c, 0x8d, 0x85, 0x93, 0xae, 0x5a, 0xd7,
    0xbd, 0xf7, 0xdf, 0xff, 0xbf, 0xff, 0x7e, 0xff, 0x1d, 0xff, 0xdd, 0xfe,
    0x9c, 0xfe, 0x5b, 0xfe, 0x3b, 0xfe, 0x3b, 0xfe, 0x3c, 0xfe, 0x5c, 0xfe,
    0x9c, 0xfe, 0xbd, 0xfe, 0xfd, 0xfe, 0x3e, 0xff, 0x7e, 0xff, 0x9f, 0xff,
    0xbf, 0xff, 0xff, 0xff, 0xff, 0xff, 0xff, 0xff, 0xff, 0xff, 0xdf, 0xff,
    0xdf, 0xff, 0xdf, 0xff, 0xdf, 0xff, 0xff, 0xff, 0xff, 0xff, 0xff, 0xff,
    0xff, 0xff, 0xdf, 0xff, 0xdf, 0xff, 0xdf, 0xff, 0xbe, 0xff, 0xbe, 0xf7,
    0xbe, 0xf7, 0xbe, 0xff, 0xbe, 0xf7, 0xbf, 0xff, 0xdf, 0xff, 0xdf, 0xff,
    0xff, 0xff, 0xff, 0xff, 0xff, 0xff, 0xdf, 0xff, 0xff, 0xff, 0xdf, 0xff,
    0xdf, 0xff, 0xbf, 0xf7, 0xbe, 0xf7, 0xbe, 0xf7, 0xbe, 0xf7, 0xbf, 0xff,
    0xbf, 0xff, 0xdf, 0xff, 0xdf, 0xff, 0xff, 0xff, 0xff, 0xff, 0xff, 0xff,
    0xdf, 0xff, 0xdf, 0xff, 0xdf, 0xff, 0xbf, 0xff, 0xbe, 0xf7, 0xbe, 0xf7,
    0xbf, 0xf7, 0xbe, 0xf7, 0xbf, 0xff, 0xbf, 0xff, 0xdf, 0xff, 0xdf, 0xff,
    0xff, 0xff, 0xff, 0xff, 0xdf, 0xff, 0xdf, 0xff, 0xdf, 0xff, 0xdf, 0xff,
    0xbe, 0xf7, 0xbe, 0xf7, 0xbf, 0xff, 0xbe, 0xff, 0xbf, 0xf7, 0xbe, 0xf7,
    0x9e, 0xf7, 0x7e, 0xf7, 0x9e, 0xf7, 0x9e, 0xf7, 0x9e, 0xf7, 0x9e, 0xf7,
    0xbf, 0xff, 0xdf, 0xff, 0xff, 0xff, 0xff, 0xff, 0xff, 0xff, 0xff, 0xff,
    0xff, 0xff, 0xff, 0xff, 0xdf, 0xff, 0xbe, 0xf7, 0x9e, 0xf7, 0x7e, 0xf7,
    0x7e, 0xf7, 0x9e, 0xf7, 0x9e, 0xf7, 0xbf, 0xff, 0xff, 0xff, 0xff, 0xff,
    0xff, 0xff, 0xff, 0xff, 0xff, 0xff, 0xff, 0xff, 0xdf, 0xff, 0xbe, 0xff,
    0x9e, 0xf7, 0x9e, 0xf7, 0x7e, 0xf7, 0x7e, 0xf7, 0x9e, 0xf7, 0xbe, 0xff,
    0xdf, 0xff, 0xff, 0xff, 0xff, 0xff, 0xff, 0xff, 0xff, 0xff, 0xff, 0xff,
    0xdf, 0xff, 0xbf, 0xff, 0xbe, 0xf7, 0x9e, 0xf7, 0x7e, 0xf7, 0x7e, 0xf7,
    0x9e, 0xf7, 0xbe, 0xf7, 0xdf, 0xff, 0xff, 0xff, 0xff, 0xff, 0xff, 0xff,
    0xff, 0xff, 0xff, 0xff, 0xff, 0xff, 0xbe, 0xf7, 0x7d, 0xef, 0x5b, 0xef,
    0x3b, 0xe7, 0x3a, 0xdf, 0x3a, 0xdf, 0x5a, 0xdf, 0x7b, 0xe7, 0x9c, 0xe7,
    0xdd, 0xef, 0xfe, 0xf7, 0xff, 0xf7, 0xff, 0xff, 0xff, 0xff, 0xff, 0xff,
    0xff, 0xff, 0xff, 0xff, 0xdf, 0xff, 0xdf, 0xff, 0xdf, 0xff, 0xff, 0xff,
    0xff, 0xff, 0xff, 0xff, 0xff, 0xff, 0xff, 0xff, 0xff, 0xff, 0xff, 0xff,
    0xff, 0xff, 0xff, 0xff, 0xff, 0xff, 0x9e, 0xf7, 0xf9, 0xd6, 0xf2, 0xad,
    0x2c, 0x7d, 0xc8, 0x64, 0xc8, 0x6c, 0x6c, 0x85, 0x53, 0xae, 0x39, 0xd7,
    0xde, 0xf7, 0xff, 0xff, 0xff, 0xff, 0xff, 0xff, 0xff, 0xff, 0xff, 0xff,
    0xff, 0xff, 0xdf, 0xf7, 0x9e, 0xf7, 0x7c, 0xef, 0x5b, 0xe7, 0x5a, 0xdf,
    0x59, 0xd7, 0x79, 0xd7, 0x78, 0xd7, 0x57, 0xcf, 0x57, 0xcf, 0x56, 0xcf,
    0x16, 0xcf, 0xf6, 0xc6, 0xd6, 0xc6, 0xd6, 0xc6, 0xd6, 0xce, 0xd8, 0xce,
    0x19, 0xdf, 0x5b, 0xe7, 0x9d, 0xef, 0xde, 0xff, 0xff, 0xff, 0xff, 0xff,
    0xff, 0xff, 0xff, 0xff, 0xff, 0xff, 0xdf, 0xff, 0xbe, 0xf7, 0x9e, 0xf7,
    0x7e, 0xf7, 0x7e, 0xf7, 0x9e, 0xf7, 0x9e, 0xf7, 0xbf, 0xff, 0xdf, 0xff,
    0xff, 0xff, 0xff, 0xff, 0xff, 0xff, 0xff, 0xff, 0xff, 0xff, 0xdf, 0xff,
    0xbf, 0xff, 0x9e, 0xf7, 0x9e, 0xf7, 0x7e, 0xf7, 0x9e, 0xf7, 0x9e, 0xf7,
    0xbf, 0xff, 0xdf, 0xff, 0xff, 0xff, 0xff, 0xff, 0xff, 0xff, 0xff, 0xff,
    0xff, 0xff, 0xff, 0xff, 0xdf, 0xff, 0x9e, 0xf7, 0x9e, 0xf7, 0x7e, 0xf7,
    0x7e, 0xf7, 0x9e, 0xf7, 0x9e, 0xf7, 0xbf, 0xff, 0xff, 0xff, 0xff, 0xff,
    0xff, 0xff, 0xff, 0xff, 0xff, 0xff, 0xff, 0xff, 0xdf, 0xff, 0xbf, 0xff,
    0x9e, 0xf7, 0x9e, 0xf7, 0x9e, 0xf7, 0x7e, 0xf7, 0x9e, 0xf7, 0x9e, 0xf7,
    0xbe, 0xf7, 0xbe, 0xf7, 0xbe, 0xf7, 0x9e, 0xf7, 0xbe, 0xf7, 0xbe, 0xff,
    0xbf, 0xff, 0xdf, 0xff, 0xff, 0xff, 0xff, 0xff, 0xff, 0xff, 0xff, 0xff,
    0xff, 0xff, 0xdf, 0xff, 0xdf, 0xff, 0xbf, 0xff, 0xbe, 0xf7, 0x9e, 0xf7,
    0xbe, 0xf7, 0xbf, 0xf7, 0xbf, 0xff, 0xdf, 0xff, 0xdf, 0xff, 0xff, 0xff,
    0xff, 0xff, 0xff, 0xff, 0xff, 0xff, 0xdf, 0xff, 0xdf, 0xff, 0xdf, 0xff,
    0xbf, 0xf7, 0xbe, 0xf7, 0x9e, 0xf7, 0xbe, 0xf7, 0xbf, 0xf7, 0xdf, 0xff,
    0xdf, 0xff, 0xff, 0xff, 0xff, 0xff, 0xff, 0xff, 0xff, 0xff, 0xff, 0xff,
    0xdf, 0xff, 0xdf, 0xff, 0xbe, 0xf7, 0xbe, 0xf7, 0x9e, 0xf7, 0x9e, 0xf7,
    0xbf, 0xf7, 0xbf, 0xff, 0xdf, 0xff, 0xdf, 0xff, 0xff, 0xff, 0xff, 0xff,
    0xff, 0xff, 0xff, 0xff, 0x9d, 0xf7, 0x39, 0xdf, 0xd6, 0xc6, 0x72, 0xb6,
    0x10, 0xa6, 0xee, 0xa5, 0x0e, 0x9e, 0x0e, 0xa6, 0x2f, 0xa6, 0x50, 0xae,
    0x91, 0xb6, 0xb3, 0xbe, 0xf4, 0xc6, 0x36, 0xcf, 0x58, 0xd7, 0x79, 0xdf,
    0x9b, 0xe7, 0xbc, 0xef, 0xde, 0xef, 0xdf, 0xf7, 0xff, 0xff, 0xff, 0xff,
    0xff, 0xff, 0xff, 0xff, 0xff, 0xff, 0xff, 0xff, 0xff, 0xff, 0xff, 0xff,
    0xff, 0xff, 0xff, 0xff, 0xff, 0xff, 0x9e, 0xf7, 0xf9, 0xd6, 0x12, 0xae,
    0x4b, 0x7d, 0xc8, 0x6c, 0xc8, 0x6c, 0x6c, 0x85, 0x53, 0xae, 0x19, 0xd7,
    0xbe, 0xf7, 0xff, 0xff, 0xff, 0xff, 0xff, 0xff, 0xde, 0xf7, 0x9c, 0xef,
    0x7a, 0xdf, 0x17, 0xcf, 0xf5, 0xc6, 0xb2, 0xb6, 0x90, 0xae, 0x6e, 0xa6,
    0x4c, 0x9e, 0x2b, 0x96, 0x0a, 0x96, 0x09, 0x8e, 0xe9, 0x8d, 0xc8, 0x8d,
    0xa8, 0x85, 0xa7, 0x85, 0x88, 0x85, 0x88, 0x8d, 0xa9, 0x85, 0xcb, 0x95,
    0x0e, 0xa6, 0x93, 0xb6, 0x17, 0xd7, 0x9c, 0xef, 0xdf, 0xff, 0xff, 0xff,
    0xff, 0xff, 0xff, 0xff, 0xdf, 0xff, 0xdf, 0xff, 0xbf, 0xff, 0xbe, 0xf7,
    0x9e, 0xf7, 0x9e, 0xf7, 0xbe, 0xf7, 0xbe, 0xf7, 0xdf, 0xff, 0xdf, 0xff,
    0xff, 0xff, 0xff, 0xff, 0xff, 0xff, 0xff, 0xff, 0xff, 0xff, 0xdf, 0xff,
    0xbf, 0xff, 0xbe, 0xf7, 0x9e, 0xf7, 0x9e, 0xf7, 0xbe, 0xf7, 0xbf, 0xff,
    0xdf, 0xff, 0xdf, 0xff, 0xff, 0xff, 0xff, 0xff, 0xff, 0xff, 0xff, 0xff,
    0xdf, 0xff, 0xdf, 0xff, 0xbf, 0xff, 0xbe, 0xf7, 0xbe, 0xf7, 0x9e, 0xf7,
    0x9e, 0xf7, 0xbe, 0xff, 0xbf, 0xff, 0xdf, 0xff, 0xdf, 0xff, 0xff, 0xff,
    0xff, 0xff, 0xff, 0xff, 0xff, 0xff, 0xff, 0xff, 0xdf, 0xff, 0xdf, 0xff,
    0xbe, 0xf7, 0xbe, 0xf7, 0xbf, 0xf7, 0xbe, 0xf7, 0x9e, 0xf7, 0xbe, 0xff,
    0xff, 0xff, 0xff, 0xff, 0xdf, 0xff, 0xff, 0xff, 0xff, 0xff, 0xdf, 0xff,
    0xdf, 0xff, 0xdf, 0xff, 0xbf, 0xf7, 0xbe, 0xff, 0xbe, 0xf7, 0xbf, 0xff,
    0xbf, 0xff, 0xbf, 0xff, 0xdf, 0xff, 0xdf, 0xff, 0xff, 0xff, 0xff, 0xff,
    0xff, 0xff, 0xdf, 0xff, 0xdf, 0xff, 0xdf, 0xff, 0xbe, 0xff, 0xbf, 0xff,
    0xbe, 0xf7, 0xbe, 0xf7, 0xbf, 0xff, 0xbf, 0xff, 0xdf, 0xff, 0xdf, 0xff,
    0xdf, 0xff, 0xff, 0xff, 0xff, 0xff, 0xff, 0xff, 0xdf, 0xff, 0xdf, 0xff,
    0xdf, 0xff, 0xbf, 0xff, 0xbe, 0xf7, 0xbe, 0xf7, 0xbe, 0xff, 0xbf, 0xf7,
    0xbf, 0xff, 0xdf, 0xff, 0xdf, 0xff, 0xdf, 0xff, 0xff, 0xff, 0xdf, 0xff,
    0xdf, 0xff, 0xdf, 0xff, 0xdf, 0xff, 0xdf, 0xff, 0xdf, 0xff, 0xdf, 0xff,
    0xdf, 0xff, 0xbf, 0xf7, 0x5b, 0xe7, 0xd6, 0xc6, 0x2f, 0xa6, 0xaa, 0x8d,
    0x66, 0x7d, 0x24, 0x75, 0x23, 0x6d, 0x43, 0x75, 0x63, 0x75, 0x64, 0x7d,
    0x85, 0x7d, 0xa6, 0x85, 0xa7, 0x85, 0xc8, 0x8d, 0xe9, 0x8d, 0x0a, 0x96,
    0x2d, 0xa6, 0x70, 0xae, 0xb3, 0xbe, 0x16, 0xcf, 0x5a, 0xdf, 0x9d, 0xef,
    0xdf, 0xf7, 0xdf, 0xff, 0xff, 0xff, 0xff, 0xff, 0xdf, 0xff, 0xdf, 0xff,
    0xdf, 0xff, 0xff, 0xff, 0xff, 0xff, 0xbe, 0xf7, 0xf9, 0xd6, 0x31, 0xa6,
    0x4b, 0x7d, 0xc8, 0x6c, 0xe8, 0x6c, 0x6d, 0x8d, 0x55, 0xb6, 0x1a, 0xdf,
    0x9e, 0xf7, 0xbf, 0xf7, 0x7d, 0xef, 0x39, 0xdf, 0xd5, 0xc6, 0x71, 0xb6,
    0x2d, 0x9e, 0xc9, 0x8d, 0xc7, 0x85, 0xa6, 0x7d, 0x84, 0x7d, 0x84, 0x75,
    0x63, 0x75, 0x43, 0x75, 0x43, 0x75, 0x43, 0x75, 0x42, 0x75, 0x42, 0x75,
    0x41, 0x75, 0x41, 0x75, 0x41, 0x6d, 0x21, 0x6d, 0x22, 0x6d, 0x44, 0x75,
    0x88, 0x85, 0x0e, 0x9e, 0xb5, 0xc6, 0x3b, 0xe7, 0xbf, 0xf7, 0xdf, 0xff,
    0xdf, 0xff, 0xdf, 0xff, 0xdf, 0xff, 0xdf, 0xff, 0xff, 0xff, 0xdf, 0xff,
    0xff, 0xff, 0xff, 0xff, 0xdf, 0xff, 0xdf, 0xff, 0xdf, 0xff, 0xdf, 0xff,
    0xbe, 0xf7, 0xbe, 0xf7, 0xbf, 0xf7, 0xbe, 0xf7, 0xbf, 0xff, 0xdf, 0xff,
    0xdf, 0xff, 0xdf, 0xff, 0xff, 0xff, 0xff, 0xff, 0xff, 0xff, 0xdf, 0xff,
    0xdf, 0xff, 0xdf, 0xff, 0xbf, 0xf7, 0xbe, 0xf7, 0xbe, 0xf7, 0xbf, 0xff,
    0xbf, 0xff, 0xbf, 0xf7, 0xdf, 0xff, 0xdf, 0xff, 0xdf, 0xff, 0xff, 0xff,
    0xff, 0xff, 0xff, 0xff, 0xdf, 0xff, 0xdf, 0xff, 0xbe, 0xff, 0xbf, 0xf7,
    0xbe, 0xf7, 0xbe, 0xf7, 0xbf, 0xff, 0xbf, 0xff, 0xbf, 0xff, 0xdf, 0xff,
    0xdf, 0xff, 0xff, 0xff, 0xff, 0xff, 0xff, 0xff, 0xff, 0xff, 0xff, 0xff,
    0xff, 0xff, 0xff, 0xff, 0xff, 0xff, 0xff, 0xff, 0xff, 0xff, 0xff, 0xff,
    0xff, 0xff, 0xbf, 0xff, 0x9e, 0xf7, 0x9e, 0xf7, 0x7e, 0xf7, 0x7e, 0xf7,
    0x9e, 0xf7, 0xbe, 0xf7, 0xdf, 0xff, 0xff, 0xff, 0xff, 0xff, 0xff, 0xff,
    0xff, 0xff, 0xff, 0xff, 0xff, 0xff, 0xdf, 0xff, 0xbe, 0xf7, 0x9e, 0xf7,
    0x7e, 0xf7, 0x7e, 0xf7, 0x9e, 0xf7, 0xbe, 0xf7, 0xbe, 0xf7, 0xdf, 0xff,
    0xff, 0xff, 0xff, 0xff, 0xff, 0xff, 0xff, 0xff, 0xff, 0xff, 0xdf, 0xff,
    0xdf, 0xff, 0x9e, 0xf7, 0x9e, 0xf7, 0x7e, 0xf7, 0x9e, 0xf7, 0x9e, 0xf7,
    0xbf, 0xff, 0xdf, 0xff, 0xff, 0xff, 0xff, 0xff, 0xff, 0xff, 0xff, 0xff,
    0xff, 0xff, 0xff, 0xff, 0xdf, 0xff, 0xbe, 0xff, 0xbf, 0xff, 0xdf, 0xff,
    0xdf, 0xff, 0x9f, 0xff, 0x5b, 0xe7, 0xd6, 0xc6, 0x2f, 0xa6, 0xca, 0x8d,
    0x64, 0x75, 0x41, 0x6d, 0x20, 0x65, 0x20, 0x65, 0x20, 0x65, 0x20, 0x6d,
    0x20, 0x6d, 0x21, 0x6d, 0x21, 0x6d, 0x21, 0x6d, 0x42, 0x75, 0x42, 0x75,
    0x63, 0x75, 0x85, 0x7d, 0xa7, 0x8d, 0xe9, 0x95, 0x2d, 0xa6, 0x91, 0xb6,
    0xd5, 0xc6, 0x3a, 0xdf, 0x7d, 0xef, 0xbf, 0xff, 0xdf, 0xff, 0xdf, 0xff,
    0xff, 0xff, 0xff, 0xff, 0xdf, 0xff, 0x7c, 0xef, 0xf7, 0xce, 0x11, 0xa6,
    0x2a, 0x7d, 0xc8, 0x64, 0x0a, 0x75, 0x8f, 0x95, 0x76, 0xbe, 0xfa, 0xde,
    0x3b, 0xe7, 0xf8, 0xd6, 0x94, 0xbe, 0x0e, 0xa6, 0xca, 0x8d, 0x86, 0x7d,
    0x43, 0x75, 0x21, 0x6d, 0x01, 0x65, 0xe0, 0x64, 0xe1, 0x64, 0xe1, 0x5c,
    0xe1, 0x64, 0xe1, 0x64, 0x02, 0x65, 0x22, 0x6d, 0x42, 0x6d, 0x42, 0x75,
    0x41, 0x6d, 0x40, 0x6d, 0x40, 0x6d, 0x40, 0x6d, 0x42, 0x6d, 0x66, 0x7d,
    0xcb, 0x95, 0x51, 0xae, 0xd7, 0xce, 0x5c, 0xe7, 0xbf, 0xff, 0xdf, 0xff,
    0xdf, 0xff, 0xbf, 0xff, 0xbf, 0xff, 0xdf, 0xff, 0xff, 0xff, 0xff, 0xff,
    0xff, 0xff, 0xff, 0xff, 0xff, 0xff, 0xff, 0xff, 0xdf, 0xff, 0xbf, 0xff,
    0x9e, 0xf7, 0x7e, 0xf7, 0x7e, 0xf7, 0x9e, 0xf7, 0x9e, 0xf7, 0xbf, 0xff,
    0xdf, 0xff, 0xff, 0xff, 0xff, 0xff, 0xff, 0xff, 0xff, 0xff, 0xff, 0xff,
    0xdf, 0xff, 0xdf, 0xff, 0x9e, 0xf7, 0x9e, 0xf7, 0x7e, 0xf7, 0x7e, 0xf7,
    0x9e, 0xf7, 0xbe, 0xf7, 0xdf, 0xff, 0xff, 0xff, 0xff, 0xff, 0xff, 0xff,
    0xff, 0xff, 0xff, 0xff, 0xff, 0xff, 0xdf, 0xff, 0xbe, 0xf7, 0x9e, 0xf7,
    0x7e, 0xf7, 0x9e, 0xf7, 0x9e, 0xf7, 0x9e, 0xf7, 0xbe, 0xf7, 0xff, 0xff,
    0xff, 0xff, 0xff, 0xff, 0xff, 0xff, 0xff, 0xff, 0xff, 0xff, 0xff, 0xff,
    0xff, 0xff, 0xff, 0xff, 0xff, 0xff, 0xff, 0xff, 0xff, 0xff, 0xff, 0xff,
    0xdf, 0xff, 0xbf, 0xff, 0xbe, 0xf7, 0xbe, 0xf7, 0x9e, 0xf7, 0x9e, 0xf7,
    0xbe, 0xf7, 0xbf, 0xff, 0xdf, 0xff, 0xff, 0xff, 0xff, 0xff, 0xff, 0xff,
    0xff, 0xff, 0xff, 0xff, 0xdf, 0xff, 0xdf, 0xff, 0xdf, 0xff, 0xbf, 0xff,
    0xbe, 0xf7, 0x9e, 0xf7, 0xbe, 0xf7, 0xbe, 0xff, 0xbf, 0xff, 0xdf, 0xff,
    0xff, 0xff, 0xff, 0xff, 0xff, 0xff, 0xff, 0xff, 0xff, 0xff, 0xdf, 0xff,
    0xbf, 0xff, 0xbe, 0xff, 0x9e, 0xf7, 0x9e, 0xf7, 0xbe, 0xf7, 0xbf, 0xff,
    0xdf, 0xff, 0xdf, 0xff, 0xff, 0xff, 0xff, 0xff, 0xff, 0xff, 0xff, 0xff,
    0xff, 0xff, 0xdf, 0xff, 0xdf, 0xff, 0xbf, 0xff, 0xdf, 0xff, 0xdf, 0xff,
    0xdf, 0xff, 0xdf, 0xff, 0x9d, 0xf7, 0x3a, 0xdf, 0xb5, 0xc6, 0x2f, 0xa6,
    0xca, 0x8d, 0x85, 0x7d, 0x62, 0x75, 0x41, 0x6d, 0x41, 0x6d, 0x61, 0x6d,
    0x63, 0x75, 0x63, 0x75, 0x43, 0x75, 0x43, 0x6d, 0x22, 0x6d, 0x22, 0x6d,
    0x21, 0x6d, 0x41, 0x6d, 0x41, 0x6d, 0x41, 0x6d, 0x43, 0x75, 0x85, 0x7d,
    0xca, 0x8d, 0x2f, 0xae, 0xb4, 0xc6, 0x19, 0xdf, 0x9d, 0xef, 0xdf, 0xff,
    0xff, 0xff, 0xff, 0xff, 0xbe, 0xf7, 0x5b, 0xdf, 0x95, 0xbe, 0xcf, 0x9d,
    0x2a, 0x75, 0xe8, 0x6c, 0x0a, 0x75, 0xaf, 0x95, 0x54, 0xb6, 0xb6, 0xc6,
    0x94, 0xbe, 0x30, 0xa6, 0xa9, 0x8d, 0x45, 0x75, 0x02, 0x65, 0x01, 0x65,
    0xe1, 0x64, 0xe2, 0x64, 0xe2, 0x64, 0xc2, 0x5c, 0xc3, 0x5c, 0xc3, 0x64,
    0xe3, 0x64, 0x03, 0x6d, 0x43, 0x6d, 0x63, 0x75, 0x63, 0x75, 0x62, 0x75,
    0x41, 0x6d, 0x20, 0x65, 0x01, 0x65, 0x23, 0x6d, 0x88, 0x7d, 0x0e, 0x9e,
    0x93, 0xb6, 0xf8, 0xd6, 0x7c, 0xef, 0xbe, 0xff, 0xdf, 0xff, 0xdf, 0xff,
    0xdf, 0xff, 0xbf, 0xff, 0xbe, 0xff, 0xdf, 0xff, 0xdf, 0xff, 0xdf, 0xff,
    0xff, 0xff, 0xff, 0xff, 0xff, 0xff, 0xdf, 0xff, 0xdf, 0xff, 0xbf, 0xff,
    0xbe, 0xff, 0xbe, 0xf7, 0x9e, 0xf7, 0xbe, 0xf7, 0xbf, 0xff, 0xdf, 0xff,
    0xdf, 0xff, 0xff, 0xff, 0xff, 0xff, 0xff, 0xff, 0xff, 0xff, 0xff, 0xff,
    0xdf, 0xff, 0xdf, 0xff, 0xbe, 0xff, 0xbe, 0xf7, 0x9e, 0xf7, 0x9e, 0xf7,
    0xbe, 0xf7, 0xbf, 0xff, 0xdf, 0xff, 0xdf, 0xff, 0xff, 0xff, 0xff, 0xff,
    0xff, 0xff, 0xff, 0xff, 0xdf, 0xff, 0xdf, 0xff, 0xbf, 0xff, 0xbe, 0xff,
    0x9e, 0xf7, 0x9e, 0xf7, 0xbe, 0xf7, 0xbe, 0xff, 0xdf, 0xff, 0xdf, 0xff,
    0xff, 0xff, 0xff, 0xff, 0xff, 0xff, 0xff, 0xff, 0xff, 0xff, 0xff, 0xff,
    0xbe, 0xf7, 0xbe, 0xff, 0xbf, 0xf7, 0xbf, 0xf7, 0xbe, 0xff, 0xbf, 0xf7,
    0xbf, 0xff, 0xdf, 0xff, 0xdf, 0xff, 0xff, 0xff, 0xff, 0xff, 0xff, 0xff,
    0xdf, 0xff, 0xdf, 0xff, 0xdf, 0xff, 0xbf, 0xff, 0xbe, 0xff, 0xbe, 0xf7,
    0xbf, 0xf7, 0xbe, 0xff, 0xbf, 0xff, 0xdf, 0xff, 0xdf, 0xff, 0xdf, 0xff,
    0xff, 0xff, 0xff, 0xff, 0xff, 0xff, 0xdf, 0xff, 0xdf, 0xff, 0xdf, 0xff,
    0xbe, 0xf7, 0xbe, 0xf7, 0xbf, 0xff, 0xbe, 0xf7, 0xbe, 0xff, 0xbf, 0xff,
    0xdf, 0xff, 0xdf, 0xff, 0xff, 0xff, 0xff, 0xff, 0xff, 0xff, 0xff, 0xff,
    0xdf, 0xff, 0xdf, 0xff, 0xbe, 0xff, 0xbe, 0xf7, 0xbe, 0xff, 0xbe, 0xf7,
    0xbf, 0xff, 0xbe, 0xff, 0xdf, 0xff, 0xdf, 0xff, 0xff, 0xff, 0xff, 0xff,
    0xff, 0xff, 0xff, 0xff, 0xdf, 0xff, 0x9d, 0xef, 0x1a, 0xdf, 0xb5, 0xc6,
    0x0f, 0xa6, 0xa9, 0x8d, 0x45, 0x75, 0x22, 0x6d, 0x41, 0x6d, 0x42, 0x75,
    0x83, 0x7d, 0x84, 0x7d, 0x64, 0x75, 0x43, 0x75, 0x23, 0x6d, 0x03, 0x65,
    0xe2, 0x64, 0xe2, 0x5c, 0xe1, 0x5c, 0x01, 0x65, 0x00, 0x65, 0x21, 0x6d,
    0x43, 0x75, 0x66, 0x7d, 0xcb, 0x8d, 0x50, 0xae, 0xf7, 0xce, 0x9c, 0xef,
    0xde, 0xff, 0xdf, 0xff, 0x7d, 0xef, 0xf8, 0xce, 0x33, 0xae, 0x8e, 0x8d,
    0x2a, 0x7d, 0x09, 0x75, 0x2b, 0x7d, 0x8d, 0x8d, 0xf0, 0x9d, 0x10, 0xa6,
    0xed, 0x9d, 0x89, 0x85, 0x24, 0x6d, 0xc1, 0x5c, 0x80, 0x54, 0xa0, 0x54,
    0xa2, 0x5c, 0xc2, 0x5c, 0xc3, 0x64, 0x03, 0x65, 0x23, 0x6d, 0x44, 0x75,
    0x64, 0x75, 0x64, 0x7d, 0x83, 0x7d, 0x83, 0x7d, 0x62, 0x75, 0x42, 0x75,
    0x01, 0x65, 0xe1, 0x64, 0xe4, 0x6c, 0x48, 0x7d, 0xee, 0x9d, 0x95, 0xbe,
    0x1a, 0xdf, 0x9e, 0xf7, 0xff, 0xff, 0xff, 0xff, 0xff, 0xff, 0xff, 0xff,
    0xff, 0xff, 0xff, 0xff, 0xdf, 0xff, 0xdf, 0xff, 0xbf, 0xf7, 0xbe, 0xff,
    0xbe, 0xf7, 0xbf, 0xf7, 0xbf, 0xff, 0xbf, 0xff, 0xdf, 0xff, 0xdf, 0xff,
    0xff, 0xff, 0xff, 0xff, 0xff, 0xff, 0xdf, 0xff, 0xff, 0xff, 0xdf, 0xff,
    0xdf, 0xff, 0xbf, 0xff, 0xbe, 0xf7, 0xbe, 0xf7, 0xbe, 0xf7, 0xbf, 0xff,
    0xbf, 0xff, 0xdf, 0xff, 0xdf, 0xff, 0xdf, 0xff, 0xff, 0xff, 0xff, 0xff,
    0xdf, 0xff, 0xdf, 0xff, 0xdf, 0xff, 0xbf, 0xff, 0xbe, 0xff, 0xbe, 0xf7,
    0xbe, 0xf7, 0xbf, 0xff, 0xbf, 0xff, 0xdf, 0xff, 0xdf, 0xff, 0xdf, 0xff,
    0xff, 0xff, 0xff, 0xff, 0xdf, 0xff, 0xdf, 0xff, 0xdf, 0xff, 0xbf, 0xff,
    0xbe, 0xff, 0xbe, 0xf7, 0xbf, 0xff, 0xbe, 0xff, 0xbe, 0xf7, 0xbf, 0xff,
    0x9e, 0xf7, 0x7e, 0xf7, 0x9e, 0xf7, 0x9e, 0xf7, 0x7e, 0xf7, 0x9e, 0xf7,
    0xbe, 0xff, 0xdf, 0xff, 0xff, 0xff, 0xff, 0xff, 0xff, 0xff, 0xff, 0xff,
    0xff, 0xff, 0xff, 0xff, 0xdf, 0xff, 0xbe, 0xf7, 0x9e, 0xf7, 0x7e, 0xf7,
    0x7e, 0xf7, 0x9e, 0xf7, 0xbe, 0xf7, 0xbf, 0xff, 0xff, 0xff, 0xff, 0xff,
    0xff, 0xff, 0xff, 0xff, 0xff, 0xff, 0xff, 0xff, 0xdf, 0xff, 0xbf, 0xff,
    0x9e, 0xf7, 0x9e, 0xf7, 0x7e, 0xf7, 0x9e, 0xf7, 0x9e, 0xf7, 0xbf, 0xff,
    0xdf, 0xff, 0xff, 0xff, 0xff, 0xff, 0xff, 0xff, 0xff, 0xff, 0xff, 0xff,
    0xdf, 0xff, 0xbf, 0xff, 0xbe, 0xf7, 0x9e, 0xf7, 0x7e, 0xf7, 0x7e, 0xf7,
    0x9e, 0xf7, 0xbe, 0xf7, 0xdf, 0xff, 0xff, 0xff, 0xff, 0xff, 0xff, 0xff,
    0xff, 0xff, 0xff, 0xff, 0xff, 0xff, 0xff, 0xff, 0x9e, 0xf7, 0x3a, 0xdf,
    0x95, 0xbe, 0xcf, 0x9d, 0x69, 0x85, 0x24, 0x6d, 0x01, 0x65, 0x21, 0x6d,
    0x41, 0x75, 0x82, 0x75, 0x83, 0x7d, 0x63, 0x7d, 0x44, 0x75, 0x24, 0x6d,
    0x04, 0x6d, 0xe3, 0x64, 0xe3, 0x64, 0xe2, 0x64, 0xe2, 0x64, 0xe1, 0x64,
    0xe1, 0x5c, 0xe1, 0x64, 0x24, 0x6d, 0xa9, 0x85, 0x70, 0xae, 0x17, 0xd7,
    0x7b, 0xe7, 0x7c, 0xef, 0x1a, 0xd7, 0x75, 0xbe, 0xf1, 0xa5, 0x6d, 0x8d,
    0x2c, 0x7d, 0x2b, 0x7d, 0x2b, 0x7d, 0x4b, 0x7d, 0x4b, 0x85, 0x4a, 0x7d,
    0x07, 0x6d, 0xe4, 0x64, 0xa1, 0x54, 0x80, 0x4c, 0x80, 0x4c, 0x81, 0x54,
    0xc2, 0x5c, 0x03, 0x65, 0x23, 0x6d, 0x43, 0x75, 0x63, 0x75, 0x62, 0x75,
    0x62, 0x75, 0x61, 0x75, 0x21, 0x6d, 0x00, 0x65, 0xe0, 0x64, 0xe2, 0x64,
    0x04, 0x6d, 0x48, 0x7d, 0x8d, 0x8d, 0x32, 0xae, 0xb8, 0xc6, 0x3c, 0xe7,
    0xbf, 0xff, 0xff, 0xff, 0xff, 0xff, 0xff, 0xff, 0xff, 0xff, 0xff, 0xff,
    0xff, 0xff, 0xff, 0xff, 0xff, 0xff, 0xdf, 0xff, 0xbe, 0xf7, 0x9e, 0xf7,
    0x7e, 0xf7, 0x9e, 0xf7, 0x9e, 0xf7, 0xbe, 0xf7, 0xbf, 0xff, 0xff, 0xff,
    0xff, 0xff, 0xff, 0xff, 0xff, 0xff, 0xff, 0xff, 0xff, 0xff, 0xdf, 0xff,
    0xbe, 0xf7, 0x9e, 0xf7, 0x9e, 0xf7, 0x7e, 0xf7, 0x9e, 0xf7, 0x9e, 0xf7,
    0xbe, 0xf7, 0xdf, 0xff, 0xff, 0xff, 0xff, 0xff, 0xff, 0xff, 0xff, 0xff,
    0xff, 0xff, 0xdf, 0xff, 0xdf, 0xff, 0xbe, 0xf7, 0x9e, 0xf7, 0x7e, 0xf7,
    0x7e, 0xf7, 0x9e, 0xf7, 0xbe, 0xf7, 0xdf, 0xff, 0xff, 0xff, 0xff, 0xff,
    0xff, 0xff, 0xff, 0xff, 0xff, 0xff, 0xff, 0xff, 0xdf, 0xff, 0xbf, 0xff,
    0x9e, 0xf7, 0x9e, 0xf7, 0x9e, 0xf7, 0x7e, 0xf7, 0x9e, 0xf7, 0x9e, 0xf7,
    0xbe, 0xf7, 0x9e, 0xf7, 0xbe, 0xf7, 0xbe, 0xff, 0xbe, 0xf7, 0xbf, 0xf7,
    0xdf, 0xff, 0xdf, 0xff, 0xff, 0xff, 0xff, 0xff, 0xff, 0xff, 0xff, 0xff,
    0xff, 0xff, 0xdf, 0xff, 0xdf, 0xff, 0xbe, 0xff, 0xbe, 0xf7, 0x9e, 0xf7,
    0xbe, 0xf7, 0xbe, 0xf7, 0xbf, 0xff, 0xdf, 0xff, 0xdf, 0xff, 0xff, 0xff,
    0xff, 0xff, 0xff, 0xff, 0xff, 0xff, 0xff, 0xff, 0xdf, 0xff, 0xdf, 0xff,
    0xbf, 0xf7, 0xbe, 0xf7, 0x9e, 0xf7, 0xbe, 0xf7, 0xbf, 0xff, 0xdf, 0xff,
    0xdf, 0xff, 0xff, 0xff, 0xff, 0xff, 0xff, 0xff, 0xff, 0xff, 0xff, 0xff,
    0xdf, 0xff, 0xdf, 0xff, 0xbf, 0xf7, 0xbe, 0xf7, 0x9e, 0xf7, 0xbe, 0xf7,
    0xbf, 0xf7, 0xbf, 0xff, 0xdf, 0xff, 0xdf, 0xff, 0xff, 0xff, 0xff, 0xff,
    0xff, 0xff, 0xff, 0xff, 0xff, 0xff, 0xff, 0xff, 0xff, 0xff, 0xbf, 0xf7,
    0x3b, 0xe7, 0xb6, 0xc6, 0x11, 0xa6, 0x8b, 0x8d, 0x47, 0x75, 0x04, 0x6d,
    0x01, 0x65, 0x00, 0x65, 0x41, 0x6d, 0x62, 0x75, 0x82, 0x75, 0x83, 0x7d,
    0x63, 0x7d, 0x44, 0x75, 0x24, 0x6d, 0xe3, 0x6c, 0xe3, 0x64, 0xa2, 0x5c,
    0x81, 0x54, 0x80, 0x4c, 0xc1, 0x5c, 0x25, 0x6d, 0xcb, 0x95, 0x72, 0xb6,
    0xd6, 0xc6, 0xd7, 0xce, 0x95, 0xbe, 0x12, 0xa6, 0xae, 0x95, 0x6c, 0x85,
    0x4b, 0x85, 0x2b, 0x7d, 0x2a, 0x75, 0x09, 0x75, 0xe8, 0x6c, 0xc7, 0x64,
    0x84, 0x5c, 0x63, 0x54, 0x61, 0x4c, 0x60, 0x4c, 0x80, 0x54, 0xa1, 0x5c,
    0xe1, 0x64, 0x01, 0x65, 0x22, 0x6d, 0x22, 0x6d, 0x22, 0x6d, 0x22, 0x6d,
    0x02, 0x6d, 0x02, 0x65, 0xe3, 0x64, 0xe4, 0x64, 0x06, 0x6d, 0x69, 0x7d,
    0xce, 0x95, 0x53, 0xae, 0xd8, 0xce, 0x3c, 0xe7, 0x9e, 0xf7, 0xdf, 0xff,
    0xdf, 0xff, 0xff, 0xff, 0xff, 0xff, 0xff, 0xff, 0xff, 0xff, 0xff, 0xff,
    0xff, 0xff, 0xff, 0xff, 0xdf, 0xff, 0xdf, 0xff, 0xbf, 0xff, 0xbe, 0xf7,
    0x9e, 0xf7, 0x9e, 0xf7, 0xbe, 0xf7, 0xbe, 0xf7, 0xdf, 0xff, 0xdf, 0xff,
    0xff, 0xff, 0xff, 0xff, 0xff, 0xff, 0xff, 0xff, 0xff, 0xff, 0xdf, 0xff,
    0xdf, 0xff, 0xbe, 0xf7, 0x9e, 0xf7, 0xbe, 0xff, 0xbe, 0xf7, 0xbf, 0xff,
    0xdf, 0xff, 0xdf, 0xff, 0xff, 0xff, 0xff, 0xff, 0xff, 0xff, 0xff, 0xff,
    0xff, 0xff, 0xdf, 0xff, 0xdf, 0xff, 0xbf, 0xff, 0xbe, 0xf7, 0xbe, 0xf7,
    0x9e, 0xf7, 0xbe, 0xf7, 0xbf, 0xff, 0xdf, 0xff, 0xdf, 0xff, 0xff, 0xff,
    0xff, 0xff, 0xff, 0xff, 0xff, 0xff, 0xff, 0xff, 0xdf, 0xff, 0xdf, 0xff,
    0xbf, 0xf7, 0xbe, 0xf7, 0xbe, 0xf7, 0x9e, 0xf7, 0xbe, 0xf7, 0xbe, 0xf7,
    0xff, 0xff, 0xff, 0xff, 0xdf, 0xff, 0xff, 0xff, 0xff, 0xff, 0xdf, 0xff,
    0xdf, 0xff, 0xdf, 0xff, 0xbf, 0xff, 0xbe, 0xf7, 0xbe, 0xf7, 0xbf, 0xff,
    0xbf, 0xff, 0xbe, 0xff, 0xdf, 0xff, 0xdf, 0xff, 0xff, 0xff, 0xff, 0xff,
    0xff, 0xff, 0xdf, 0xff, 0xdf, 0xff, 0xdf, 0xff, 0xbe, 0xff, 0xbf, 0xf7,
    0xbe, 0xf7, 0xbe, 0xf7, 0xbf, 0xff, 0xbf, 0xff, 0xdf, 0xff, 0xdf, 0xff,
    0xdf, 0xff, 0xff, 0xff, 0xff, 0xff, 0xff, 0xff, 0xdf, 0xff, 0xdf, 0xff,
    0xdf, 0xff, 0xbf, 0xf7, 0xbe, 0xf7, 0xbe, 0xf7, 0xbe, 0xf7, 0xbf, 0xff,
    0xdf, 0xff, 0xdf, 0xff, 0xdf, 0xff, 0xff, 0xff, 0xff, 0xff, 0xff, 0xff,
    0xdf, 0xff, 0xdf, 0xff, 0xdf, 0xff, 0xdf, 0xff, 0xbe, 0xf7, 0x9e, 0xf7,
    0xbe, 0xf7, 0xbf, 0xf7, 0xdf, 0xff, 0xff, 0xff, 0xff, 0xff, 0xff, 0xff,
    0xdf, 0xff, 0xbe, 0xf7, 0x3b, 0xe7, 0xb6, 0xc6, 0x11, 0xa6, 0x8b, 0x85,
    0x06, 0x75, 0xc3, 0x64, 0xe1, 0x5c, 0xe0, 0x64, 0x21, 0x6d, 0x42, 0x75,
    0x62, 0x75, 0x62, 0x75, 0x43, 0x75, 0x23, 0x6d, 0x03, 0x65, 0xa2, 0x5c,
    0x60, 0x4c, 0x20, 0x44, 0x40, 0x44, 0x83, 0x5c, 0x08, 0x75, 0x8d, 0x8d,
    0xf1, 0xa5, 0x32, 0xae, 0xf1, 0xa5, 0xae, 0x95, 0x4c, 0x85, 0x2a, 0x75,
    0x09, 0x75, 0xe9, 0x6c, 0xe9, 0x6c, 0xe9, 0x6c, 0xe9, 0x6c, 0xe9, 0x6c,
    0xe9, 0x6c, 0xe7, 0x6c, 0xe7, 0x6c, 0xe5, 0x6c, 0xe5, 0x6c, 0x04, 0x6d,
    0x04, 0x6d, 0x04, 0x6d, 0x04, 0x6d, 0x05, 0x6d, 0x25, 0x6d, 0x06, 0x75,
    0x28, 0x75, 0x4a, 0x85, 0x8d, 0x8d, 0xf0, 0x9d, 0x53, 0xb6, 0xb7, 0xc6,
    0x1a, 0xdf, 0x7d, 0xef, 0xdf, 0xf7, 0xff, 0xff, 0xff, 0xff, 0xff, 0xff,
    0xff, 0xff, 0xff, 0xff, 0xdf, 0xff, 0xbf, 0xff, 0xbe, 0xf7, 0xbe, 0xf7,
    0xbe, 0xf7, 0xbf, 0xf7, 0xbf, 0xff, 0xdf, 0xff, 0xdf, 0xff, 0xdf, 0xff,
    0xff, 0xff, 0xff, 0xff, 0xff, 0xff, 0xdf, 0xff, 0xdf, 0xff, 0xbe, 0xff,
    0xbe, 0xf7, 0xbe, 0xf7, 0x9e, 0xff, 0xbf, 0xff, 0xbf, 0xff, 0xdf, 0xff,
    0xdf, 0xff, 0xff, 0xff, 0xff, 0xff, 0xff, 0xff, 0xff, 0xff, 0xdf, 0xff,
    0xdf, 0xff, 0xdf, 0xff, 0xbf, 0xff, 0xbe, 0xf7, 0xbe, 0xf7, 0xbf, 0xf7,
    0xbf, 0xff, 0xbe, 0xff, 0xdf, 0xff, 0xdf, 0xff, 0xdf, 0xff, 0xff, 0xff,
    0xff, 0xff, 0xff, 0xff, 0xdf, 0xff, 0xdf, 0xff, 0xbf, 0xff, 0xbf, 0xf7,
    0xbe, 0xf7, 0xbe, 0xf7, 0xbf, 0xff, 0xbf, 0xff, 0xbf, 0xff, 0xdf, 0xff,
    0xdf, 0xff, 0xff, 0xff, 0xff, 0xff, 0xff, 0xff, 0xff, 0xff, 0xff, 0xff,
    0xff, 0xff, 0xff, 0xff, 0xff, 0xff, 0xff, 0xff, 0xff, 0xff, 0xff, 0xff,
    0xdf, 0xff, 0xdf, 0xff, 0xbe, 0xf7, 0x9e, 0xf7, 0x7e, 0xf7, 0x7e, 0xf7,
    0x9e, 0xf7, 0xbe, 0xf7, 0xdf, 0xff, 0xff, 0xff, 0xff, 0xff, 0xff, 0xff,
    0xff, 0xff, 0xff, 0xff, 0xff, 0xff, 0xdf, 0xff, 0xbe, 0xf7, 0x9e, 0xf7,
    0x9e, 0xf7, 0x7e, 0xf7, 0x9e, 0xf7, 0x9e, 0xf7, 0xbf, 0xff, 0xdf, 0xff,
    0xff, 0xff, 0xff, 0xff, 0xff, 0xff, 0xff, 0xff, 0xff, 0xff, 0xff, 0xff,
    0xbf, 0xff, 0x9e, 0xf7, 0x9e, 0xf7, 0x7e, 0xf7, 0x9e, 0xf7, 0x9e, 0xf7,
    0xbe, 0xf7, 0xdf, 0xff, 0xff, 0xff, 0xff, 0xff, 0xff, 0xff, 0xff, 0xff,
    0xff, 0xff, 0xff, 0xff, 0xdf, 0xff, 0xbe, 0xf7, 0x9e, 0xf7, 0x7e, 0xf7,
    0x7e, 0xf7, 0x9e, 0xf7, 0x9e, 0xf7, 0xdf, 0xff, 0xff, 0xff, 0xff, 0xff,
    0xff, 0xff, 0xff, 0xff, 0xff, 0xff, 0xbe, 0xf7, 0x5a, 0xdf, 0xb6, 0xc6,
    0x32, 0xae, 0xad, 0x95, 0x49, 0x7d, 0x27, 0x75, 0x04, 0x6d, 0x03, 0x65,
    0x02, 0x65, 0x01, 0x65, 0xe1, 0x64, 0xe1, 0x64, 0xc1, 0x5c, 0xa0, 0x54,
    0x40, 0x4c, 0x00, 0x3c, 0xe0, 0x3b, 0x01, 0x44, 0x64, 0x54, 0xe9, 0x6c,
    0x2b, 0x7d, 0x6d, 0x85, 0x4c, 0x85, 0x2a, 0x7d, 0xe8, 0x6c, 0xa6, 0x64,
    0x86, 0x5c, 0x87, 0x5c, 0xea, 0x6c, 0x4d, 0x85, 0xd1, 0xa5, 0x54, 0xb6,
    0x95, 0xbe, 0x95, 0xc6, 0x94, 0xbe, 0x73, 0xb6, 0x53, 0xb6, 0x52, 0xae,
    0x52, 0xae, 0x52, 0xae, 0x52, 0xae, 0x52, 0xb6, 0x73, 0xb6, 0x74, 0xbe,
    0x96, 0xbe, 0xb7, 0xce, 0xf9, 0xd6, 0x3b, 0xe7, 0x7e, 0xef, 0x9f, 0xff,
    0xdf, 0xff, 0xff, 0xff, 0xff, 0xff, 0xff, 0xff, 0xff, 0xff, 0xff, 0xff,
    0xff, 0xff, 0xdf, 0xff, 0xdf, 0xff, 0xbe, 0xf7, 0x9e, 0xf7, 0x7e, 0xf7,
    0x7e, 0xf7, 0x9e, 0xf7, 0x9e, 0xf7, 0xdf, 0xff, 0xff, 0xff, 0xff, 0xff,
    0xff, 0xff, 0xff, 0xff, 0xff, 0xff, 0xff, 0xff, 0xdf, 0xff, 0xbf, 0xff,
    0x9e, 0xf7, 0x7e, 0xf7, 0x7e, 0xf7, 0x9e, 0xf7, 0x9e, 0xf7, 0xdf, 0xff,
    0xff, 0xff, 0xff, 0xff, 0xff, 0xff, 0xff, 0xff, 0xff, 0xff, 0xff, 0xff,
    0xdf, 0xff, 0xdf, 0xff, 0x9e, 0xf7, 0x9e, 0xf7, 0x7e, 0xf7, 0x7e, 0xf7,
    0x9e, 0xf7, 0xbe, 0xf7, 0xdf, 0xff, 0xff, 0xff, 0xff, 0xff, 0xff, 0xff,
    0xff, 0xff, 0xff, 0xff, 0xff, 0xff, 0xdf, 0xff, 0xbe, 0xf7, 0x9e, 0xf7,
    0x9e, 0xf7, 0x7e, 0xf7, 0x9e, 0xf7, 0x9e, 0xf7, 0xbe, 0xff, 0xff, 0xff,
    0xff, 0xff, 0xff, 0xff, 0xff, 0xff, 0xff, 0xff, 0xff, 0xff, 0xff, 0xff,
    0xff, 0xff, 0xff, 0xff, 0xff, 0xff, 0xff, 0xff, 0xff, 0xff, 0xff, 0xff,
    0xdf, 0xff, 0xdf, 0xff, 0xbf, 0xff, 0xbe, 0xf7, 0x9e, 0xf7, 0xbe, 0xf7,
    0xbf, 0xff, 0xbf, 0xff, 0xdf, 0xff, 0xdf, 0xff, 0xff, 0xff, 0xff, 0xff,
    0xff, 0xff, 0xff, 0xff, 0xdf, 0xff, 0xdf, 0xff, 0xdf, 0xff, 0xbe, 0xff,
    0x9e, 0xf7, 0x9e, 0xf7, 0xbe, 0xf7, 0xbe, 0xff, 0xdf, 0xff, 0xdf, 0xff,
    0xff, 0xff, 0xff, 0xff, 0xff, 0xff, 0xff, 0xff, 0xdf, 0xff, 0xdf, 0xff,
    0xdf, 0xff, 0xbe, 0xff, 0xbe, 0xf7, 0x9e, 0xf7, 0xbf, 0xf7, 0xbe, 0xff,
    0xbf, 0xff, 0xdf, 0xff, 0xff, 0xff, 0xff, 0xff, 0xff, 0xff, 0xff, 0xff,
    0xdf, 0xff, 0xdf, 0xff, 0xdf, 0xff, 0xbe, 0xff, 0x9e, 0xf7, 0x9e, 0xf7,
    0x9e, 0xf7, 0xbe, 0xf7, 0xbf, 0xff, 0xdf, 0xff, 0xdf, 0xff, 0xdf, 0xff,
    0xff, 0xff, 0xff, 0xff, 0xff, 0xff, 0xff, 0xff, 0xff, 0xff, 0xbf, 0xff,
    0x7d, 0xef, 0x1a, 0xdf, 0xb7, 0xc6, 0x53, 0xb6, 0xef, 0x9d, 0xac, 0x8d,
    0x6a, 0x85, 0x49, 0x7d, 0x47, 0x75, 0x27, 0x75, 0x26, 0x75, 0x25, 0x6d,
    0x05, 0x6d, 0xe5, 0x64, 0xc5, 0x64, 0xc6, 0x64, 0xc8, 0x6c, 0xe9, 0x6c,
    0xe9, 0x6c, 0xc9, 0x6c, 0xa7, 0x64, 0x85, 0x5c, 0x64, 0x54, 0x44, 0x54,
    0x86, 0x5c, 0xe9, 0x6c, 0x8e, 0x8d, 0x55, 0xb6, 0x1a, 0xdf, 0xbe, 0xf7,
    0xff, 0xff, 0xff, 0xff, 0xdf, 0xff, 0xbf, 0xff, 0xbf, 0xf7, 0xbe, 0xf7,
    0xbe, 0xf7, 0xbe, 0xf7, 0xbf, 0xf7, 0xbf, 0xff, 0xdf, 0xff, 0xdf, 0xff,
    0xdf, 0xff, 0xff, 0xff, 0xdf, 0xff, 0xdf, 0xff, 0xdf, 0xff, 0xdf, 0xff,
    0xdf, 0xff, 0xff, 0xff, 0xdf, 0xff, 0xff, 0xff, 0xff, 0xff, 0xff, 0xff,
    0xdf, 0xff, 0xdf, 0xff, 0xdf, 0xff, 0xbe, 0xf7, 0x9e, 0xf7, 0x9e, 0xf7,
    0xbe, 0xf7, 0x9e, 0xf7, 0xbe, 0xff, 0xdf, 0xff, 0xdf, 0xff, 0xff, 0xff,
    0xff, 0xff, 0xff, 0xff, 0xff, 0xff, 0xdf, 0xff, 0xdf, 0xff, 0xbf, 0xff,
    0xbe, 0xf7, 0x9e, 0xf7, 0xbe, 0xf7, 0xbe, 0xf7, 0xbe, 0xff, 0xdf, 0xff,
    0xdf, 0xff, 0xdf, 0xff, 0xff, 0xff, 0xff, 0xff, 0xff, 0xff, 0xff, 0xff,
    0xdf, 0xff, 0xdf, 0xff, 0xbe, 0xf7, 0xbe, 0xf7, 0x9e, 0xf7, 0x9e, 0xf7,
    0xbe, 0xff, 0xbf, 0xff, 0xdf, 0xff, 0xff, 0xff, 0xff, 0xff, 0xff, 0xff,
    0xff, 0xff, 0xff, 0xff, 0xdf, 0xff, 0xdf, 0xff, 0xbf, 0xff, 0xbe, 0xff,
    0x9e, 0xf7, 0x9e, 0xf7, 0xbe, 0xf7, 0xbe, 0xf7, 0xdf, 0xff, 0xdf, 0xff,
    0xff, 0xff, 0xff, 0xff, 0xff, 0xff, 0xff, 0xff, 0xff, 0xff, 0xff, 0xff,
    0xbf, 0xf7, 0xbe, 0xff, 0xbf, 0xff, 0xbf, 0xf7, 0xbe, 0xff, 0xbf, 0xff,
    0xdf, 0xff, 0xdf, 0xff, 0xdf, 0xff, 0xff, 0xff, 0xff, 0xff, 0xff, 0xff,
    0xdf, 0xff, 0xdf, 0xff, 0xdf, 0xff, 0xbf, 0xff, 0xbe, 0xf7, 0xbe, 0xf7,
    0xbf, 0xff, 0xbe, 0xf7, 0xbf, 0xff, 0xdf, 0xff, 0xdf, 0xff, 0xdf, 0xff,
    0xff, 0xff, 0xff, 0xff, 0xff, 0xff, 0xdf, 0xff, 0xdf, 0xff, 0xdf, 0xff,
    0xbe, 0xf7, 0xbe, 0xf7, 0xbe, 0xff, 0xbe, 0xf7, 0xbf, 0xff, 0xdf, 0xff,
    0xdf, 0xff, 0xdf, 0xff, 0xff, 0xff, 0xff, 0xff, 0xff, 0xff, 0xff, 0xff,
    0xdf, 0xff, 0xdf, 0xff, 0xbf, 0xff, 0xbe, 0xff, 0xbe, 0xf7, 0xbf, 0xff,
    0xbf, 0xff, 0xbf, 0xff, 0xdf, 0xff, 0xdf, 0xff, 0xff, 0xff, 0xff, 0xff,
    0xff, 0xff, 0xff, 0xff, 0xdf, 0xff, 0xdf, 0xff, 0xbe, 0xff, 0xbe, 0xf7,
    0xbe, 0xff, 0xbe, 0xf7, 0xbf, 0xff, 0xdf, 0xff, 0xdf, 0xff, 0xff, 0xff,
    0xff, 0xff, 0xff, 0xff, 0xde, 0xf7, 0xbd, 0xf7, 0x7c, 0xe7, 0x3a, 0xdf,
    0xf9, 0xd6, 0xb7, 0xce, 0x96, 0xc6, 0x74, 0xbe, 0x54, 0xb6, 0x74, 0xb6,
    0x74, 0xbe, 0x94, 0xbe, 0x94, 0xbe, 0x73, 0xb6, 0x12, 0xa6, 0xaf, 0x95,
    0x2b, 0x7d, 0xa7, 0x64, 0x24, 0x4c, 0x02, 0x44, 0x23, 0x44, 0x86, 0x5c,
    0x0b, 0x75, 0xd0, 0x9d, 0x96, 0xc6, 0x5b, 0xe7, 0xdf, 0xff, 0xff, 0xff,
    0xff, 0xff, 0xff, 0xff, 0xff, 0xff, 0xff, 0xff, 0xff, 0xff, 0xdf, 0xff,
    0xdf, 0xff, 0xdf, 0xff, 0xdf, 0xff, 0xdf, 0xff, 0xff, 0xff, 0xff, 0xff,
    0xff, 0xff, 0xff, 0xff, 0xff, 0xff, 0xff, 0xff, 0xff, 0xff, 0xff, 0xff,
    0xff, 0xff, 0xdf, 0xff, 0xbe, 0xff, 0xbe, 0xf7, 0xbe, 0xf7, 0xbe, 0xf7,
    0xbf, 0xff, 0xdf, 0xff, 0xdf, 0xff, 0xdf, 0xff, 0xdf, 0xff, 0xff, 0xff,
    0xff, 0xff, 0xdf, 0xff, 0xdf, 0xff, 0xdf, 0xff, 0xbf, 0xf7, 0xbe, 0xff,
    0xbe, 0xff, 0xbe, 0xf7, 0xbf, 0xff, 0xbf, 0xff, 0xdf, 0xff, 0xdf, 0xff,
    0xdf, 0xff, 0xff, 0xff, 0xff, 0xff, 0xff, 0xff, 0xdf, 0xff, 0xdf, 0xff,
    0xbf, 0xff, 0xbf, 0xff, 0xbe, 0xf7, 0xbe, 0xf7, 0xbf, 0xf7, 0xbe, 0xff,
    0xbf, 0xff, 0xdf, 0xff, 0xdf, 0xff, 0xff, 0xff, 0xff, 0xff, 0xff, 0xff,
    0xdf, 0xff, 0xdf, 0xff, 0xdf, 0xff, 0xbf, 0xff, 0xbe, 0xf7, 0xbe, 0xf7,
    0xbf, 0xff, 0xbe, 0xf7, 0xbf, 0xff, 0xdf, 0xff, 0xdf, 0xff, 0xdf, 0xff,
    0xff, 0xff, 0xff, 0xff, 0xdf, 0xff, 0xdf, 0xff, 0xdf, 0xff, 0xbf, 0xff,
    0xbe, 0xf7, 0xbf, 0xf7, 0xbf, 0xff, 0xbf, 0xff, 0xbe, 0xf7, 0xbf, 0xff,
    0x9e, 0xf7, 0x9e, 0xf7, 0x9e, 0xf7, 0x9e, 0xf7, 0x9e, 0xf7, 0x9e, 0xf7,
    0xbf, 0xf7, 0xdf, 0xff, 0xff, 0xff, 0xff, 0xff, 0xff, 0xff, 0xff, 0xff,
    0xff, 0xff, 0xff, 0xff, 0xdf, 0xff, 0xbe, 0xf7, 0x9e, 0xf7, 0x7e, 0xf7,
    0x7e, 0xf7, 0x9e, 0xf7, 0x9e, 0xf7, 0xdf, 0xff, 0xdf, 0xff, 0xff, 0xff,
    0xff, 0xff, 0xff, 0xff, 0xff, 0xff, 0xff, 0xff, 0xdf, 0xff, 0xbf, 0xff,
    0x9e, 0xf7, 0x9e, 0xf7, 0x7e, 0xf7, 0x9e, 0xf7, 0x9e, 0xf7, 0xbf, 0xf7,
    0xdf, 0xff, 0xff, 0xff, 0xff, 0xff, 0xff, 0xff, 0xff, 0xff, 0xff, 0xff,
    0xdf, 0xff, 0xdf, 0xff, 0xbe, 0xf7, 0x7e, 0xf7, 0x7e, 0xf7, 0x9e, 0xf7,
    0x9e, 0xf7, 0xbe, 0xf7, 0xdf, 0xff, 0xff, 0xff, 0xff, 0xff, 0xff, 0xff,
    0xff, 0xff, 0xff, 0xff, 0xff, 0xff, 0xdf, 0xff, 0xbf, 0xf7, 0x9e, 0xf7,
    0x9e, 0xf7, 0x7e, 0xf7, 0x9e, 0xf7, 0xbe, 0xf7, 0xbf, 0xff, 0xff, 0xff,
    0xff, 0xff, 0xff, 0xff, 0xff, 0xff, 0xff, 0xff, 0xff, 0xff, 0xff, 0xff,
    0xff, 0xff, 0xbf, 0xff, 0x9f, 0xf7, 0x7e, 0xef, 0x7e, 0xef, 0x7e, 0xf7,
    0xbe, 0xf7, 0xdf, 0xff, 0xdf, 0xf7, 0xbd, 0xef, 0x5a, 0xdf, 0xb6, 0xc6,
    0x11, 0xa6, 0x2a, 0x75, 0x65, 0x54, 0x22, 0x44, 0x43, 0x4c, 0xc8, 0x6c,
    0xaf, 0x95, 0x96, 0xc6, 0x5c, 0xe7, 0xdf, 0xff, 0xff, 0xff, 0xff, 0xff,
    0xff, 0xff, 0xff, 0xff, 0xff, 0xff, 0xff, 0xff, 0xff, 0xff, 0xbf, 0xff,
    0xbf, 0xff, 0x9e, 0xff, 0x9e, 0xf7, 0x9e, 0xf7, 0xbf, 0xff, 0xbf, 0xff,
    0xdf, 0xff, 0xff, 0xff, 0xff, 0xff, 0xff, 0xff, 0xff, 0xff, 0xff, 0xff,
    0xff, 0xff, 0xbf, 0xff, 0x9e, 0xf7, 0x9e, 0xf7, 0x7e, 0xf7, 0x7e, 0xf7,
    0x9e, 0xf7, 0xbe, 0xf7, 0xdf, 0xff, 0xff, 0xff, 0xff, 0xff, 0xff, 0xff,
    0xff, 0xff, 0xff, 0xff, 0xff, 0xff, 0xdf, 0xff, 0xbe, 0xf7, 0x9e, 0xf7,
    0x7e, 0xf7, 0x7e, 0xf7, 0x9e, 0xf7, 0xbe, 0xf7, 0xbf, 0xff, 0xff, 0xff,
    0xff, 0xff, 0xff, 0xff, 0xff, 0xff, 0xff, 0xff, 0xff, 0xff, 0xdf, 0xff,
    0xbf, 0xf7, 0x9e, 0xf7, 0x9e, 0xf7, 0x7e, 0xf7, 0x9e, 0xf7, 0x9e, 0xf7,
    0xbf, 0xf7, 0xdf, 0xff, 0xff, 0xff, 0xff, 0xff, 0xff, 0xff, 0xff, 0xff,
    0xff, 0xff, 0xff, 0xff, 0xbf, 0xff, 0xbe, 0xf7, 0x9e, 0xf7, 0x7e, 0xf7,
    0x7e, 0xf7, 0x9e, 0xf7, 0xbe, 0xf7, 0xdf, 0xff, 0xff, 0xff, 0xff, 0xff,
    0xff, 0xff, 0xff, 0xff, 0xff, 0xff, 0xff, 0xff, 0xdf, 0xff, 0xbf, 0xff,
    0x9e, 0xf7, 0x9e, 0xf7, 0x9e, 0xf7, 0x9e, 0xf7, 0x9e, 0xf7, 0x9e, 0xf7,
    0xbe, 0xf7, 0x9e, 0xf7, 0xbe, 0xf7, 0xbe, 0xf7, 0x9e, 0xf7, 0xbe, 0xff,
    0xdf, 0xff, 0xdf, 0xff, 0xdf, 0xff, 0xff, 0xff, 0xff, 0xff, 0xff, 0xff,
    0xdf, 0xff, 0xdf, 0xff, 0xdf, 0xff, 0xbf, 0xff, 0xbe, 0xf7, 0xbe, 0xf7,
    0xbe, 0xf7, 0xbe, 0xf7, 0xbf, 0xff, 0xdf, 0xff, 0xdf, 0xff, 0xff, 0xff,
    0xff, 0xff, 0xff, 0xff, 0xff, 0xff, 0xff, 0xff, 0xdf, 0xff, 0xbf, 0xff,
    0xbe, 0xf7, 0xbe, 0xf7, 0x9e, 0xf7, 0x9e, 0xf7, 0xbf, 0xff, 0xdf, 0xff,
    0xdf, 0xff, 0xdf, 0xff, 0xff, 0xff, 0xff, 0xff, 0xff, 0xff, 0xff, 0xff,
    0xdf, 0xff, 0xdf, 0xff, 0xbe, 0xf7, 0xbe, 0xf7, 0x9e, 0xf7, 0x9e, 0xf7,
    0xbe, 0xf7, 0xdf, 0xff, 0xdf, 0xff, 0xdf, 0xff, 0xff, 0xff, 0xff, 0xff,
    0xff, 0xff, 0xff, 0xff, 0xdf, 0xff, 0xdf, 0xff, 0xbf, 0xff, 0xbe, 0xff,
    0x9e, 0xf7, 0x9e, 0xf7, 0xbe, 0xff, 0xbf, 0xff, 0xdf, 0xff, 0xdf, 0xff,
    0xdf, 0xff, 0xff, 0xff, 0xff, 0xff, 0xff, 0xff, 0xff, 0xff, 0xff, 0xff,
    0xff, 0xff, 0xdf, 0xff, 0xdf, 0xff, 0xdf, 0xff, 0xdf, 0xff, 0xff, 0xff,
    0xff, 0xff, 0xff, 0xff, 0xff, 0xff, 0xff, 0xff, 0xbe, 0xf7, 0x5b, 0xe7,
    0x95, 0xbe, 0xcf, 0x95, 0xe8, 0x6c, 0x64, 0x54, 0x85, 0x5c, 0x09, 0x75,
    0xf1, 0xa5, 0xd8, 0xce, 0x9d, 0xef, 0xff, 0xff, 0xff, 0xff, 0xff, 0xff,
    0xff, 0xff, 0xff, 0xff, 0xff, 0xff, 0xdf, 0xff, 0xdf, 0xff, 0xbf, 0xff,
    0xbe, 0xff, 0xbe, 0xf7, 0xbe, 0xf7, 0xbe, 0xf7, 0xbf, 0xff, 0xdf, 0xff,
    0xdf, 0xff, 0xff, 0xff, 0xff, 0xff, 0xff, 0xff, 0xff, 0xff, 0xff, 0xff,
    0xdf, 0xff, 0xdf, 0xff, 0xbf, 0xf7, 0xbe, 0xf7, 0xbe, 0xf7, 0x9e, 0xf7,
    0xbf, 0xff, 0xbf, 0xff, 0xdf, 0xff, 0xdf, 0xff, 0xff, 0xff, 0xff, 0xff,
    0xff, 0xff, 0xdf, 0xff, 0xdf, 0xff, 0xdf, 0xff, 0xbf, 0xff, 0xbf, 0xf7,
    0xbe, 0xf7, 0x9e, 0xf7, 0xbe, 0xf7, 0xbe, 0xf7, 0xdf, 0xff, 0xdf, 0xff,
    0xff, 0xff, 0xff, 0xff, 0xff, 0xff, 0xff, 0xff, 0xdf, 0xff, 0xdf, 0xff,
    0xbf, 0xff, 0xbe, 0xf7, 0xbe, 0xf7, 0x9e, 0xf7, 0xbe, 0xf7, 0xbf, 0xff,
    0xdf, 0xff, 0xdf, 0xff, 0xdf, 0xff, 0xff, 0xff, 0xff, 0xff, 0xff, 0xff,
    0xff, 0xff, 0xdf, 0xff, 0xdf, 0xff, 0xbf, 0xff, 0xbe, 0xf7, 0xbe, 0xf7,
    0xbe, 0xf7, 0xbe, 0xf7, 0xbf, 0xff, 0xdf, 0xff, 0xdf, 0xff, 0xff, 0xff,
    0xff, 0xff, 0xff, 0xff, 0xff, 0xff, 0xff, 0xff, 0xdf, 0xff, 0xdf, 0xff,
    0xbe, 0xf7, 0xbe, 0xf7, 0xbe, 0xf7, 0x9e, 0xf7, 0xbe, 0xf7, 0xbe, 0xf7,
    0xff, 0xff, 0xdf, 0xff, 0xff, 0xff, 0xff, 0xff, 0xff, 0xff, 0xdf, 0xff,
    0xdf, 0xff, 0xdf, 0xff, 0xbe, 0xff, 0xbe, 0xf7, 0xbe, 0xf7, 0xbe, 0xff,
    0xbf, 0xff, 0xbf, 0xff, 0xdf, 0xff, 0xdf, 0xff, 0xdf, 0xff, 0xff, 0xff,
    0xff, 0xff, 0xff, 0xff, 0xdf, 0xff, 0xdf, 0xff, 0xbe, 0xff, 0xbf, 0xf7,
    0xbf, 0xf7, 0xbe, 0xf7, 0xbf, 0xff, 0xbf, 0xff, 0xdf, 0xff, 0xdf, 0xff,
    0xff, 0xff, 0xff, 0xff, 0xff, 0xff, 0xff, 0xff, 0xff, 0xff, 0xdf, 0xff,
    0xdf, 0xff, 0xbf, 0xff, 0xbe, 0xf7, 0xbe, 0xf7, 0xbe, 0xf7, 0xbf, 0xff,
    0xbf, 0xff, 0xdf, 0xff, 0xdf, 0xff, 0xff, 0xff, 0xff, 0xff, 0xff, 0xff,
    0xdf, 0xff, 0xdf, 0xff, 0xdf, 0xff, 0xbf, 0xff, 0xbe, 0xf7, 0xbe, 0xf7,
    0xbf, 0xf7, 0xbe, 0xf7, 0xbf, 0xff, 0xdf, 0xff, 0xdf, 0xff, 0xff, 0xff,
    0xff, 0xff, 0xff, 0xff, 0xdf, 0xff, 0xdf, 0xff, 0xdf, 0xff, 0xbe, 0xff,
    0xbe, 0xf7, 0x9e, 0xf7, 0xbe, 0xf7, 0xbf, 0xf7, 0xbf, 0xff, 0xbf, 0xff,
    0xdf, 0xff, 0xff, 0xff, 0xff, 0xff, 0xff, 0xff, 0xff, 0xff, 0xff, 0xff,
    0xff, 0xff, 0xff, 0xff, 0xff, 0xff, 0xdf, 0xff, 0xbf, 0xf7, 0x3c, 0xe7,
    0xb7, 0xc6, 0xf0, 0x9d, 0x09, 0x75, 0x85, 0x5c, 0xa6, 0x5c, 0x2a, 0x7d,
    0x11, 0xa6, 0xf8, 0xd6, 0xbd, 0xf7, 0xff, 0xff, 0xff, 0xff, 0xdf, 0xff,
    0xdf, 0xff, 0xbf, 0xff, 0xbf, 0xff, 0xbf, 0xff, 0xdf, 0xff, 0xdf, 0xff,
    0xdf, 0xff, 0xff, 0xff, 0xff, 0xff, 0xff, 0xff, 0xdf, 0xff, 0xdf, 0xff,
    0xbf, 0xff, 0xbe, 0xf7, 0xbe, 0xf7, 0xbe, 0xf7, 0xbe, 0xf7, 0xbf, 0xff,
    0xbf, 0xff, 0xdf, 0xff, 0xdf, 0xff, 0xff, 0xff, 0xff, 0xff, 0xff, 0xff,
    0xdf, 0xff, 0xdf, 0xff, 0xbf, 0xff, 0xbf, 0xff, 0x9e, 0xf7, 0xbe, 0xf7,
    0x9f, 0xf7, 0xbe, 0xff, 0xbf, 0xff, 0xbf, 0xff, 0xdf, 0xff, 0xff, 0xff,
    0xff, 0xff, 0xff, 0xff, 0xff, 0xff, 0xdf, 0xff, 0xdf, 0xff, 0xbf, 0xff,
    0xbe, 0xf7, 0xbe, 0xf7, 0xbe, 0xf7, 0xbe, 0xf7, 0xbf, 0xff, 0xdf, 0xff,
    0xdf, 0xff, 0xff, 0xff, 0xff, 0xff, 0xff, 0xff, 0xff, 0xff, 0xdf, 0xff,
    0xdf, 0xff, 0xdf, 0xff, 0xbf, 0xff, 0xbe, 0xf7, 0xbe, 0xf7, 0xbf, 0xff,
    0xbf, 0xff, 0xbe, 0xff, 0xdf, 0xff, 0xdf, 0xff, 0xdf, 0xff, 0xff, 0xff,
    0xff, 0xff, 0xdf, 0xff, 0xdf, 0xff, 0xdf, 0xff, 0xdf, 0xff, 0xbf, 0xff,
    0xbe, 0xf7, 0xbe, 0xf7, 0xbf, 0xff, 0xbf, 0xff, 0xdf, 0xff, 0xdf, 0xff,
    0xdf, 0xff, 0xff, 0xff, 0xff, 0xff, 0xff, 0xff, 0xff, 0xff, 0xff, 0xff,
    0xff, 0xff, 0xff, 0xff, 0xff, 0xff, 0xff, 0xff, 0xff, 0xff, 0xff, 0xff,
    0xdf, 0xff, 0xbf, 0xff, 0xbe, 0xf7, 0x9e, 0xf7, 0x7e, 0xf7, 0x7d, 0xf7,
    0x9e, 0xf7, 0x9e, 0xf7, 0xdf, 0xff, 0xff, 0xff, 0xff, 0xff, 0xff, 0xff,
    0xff, 0xff, 0xff, 0xff, 0xff, 0xff, 0xdf, 0xff, 0xbe, 0xf7, 0x9e, 0xf7,
    0x9e, 0xf7, 0x7e, 0xf7, 0x9e, 0xf7, 0x9e, 0xf7, 0xbf, 0xff, 0xff, 0xff,
    0xff, 0xff, 0xff, 0xff, 0xff, 0xff, 0xff, 0xff, 0xff, 0xff, 0xdf, 0xff,
    0xdf, 0xff, 0xbe, 0xf7, 0x9e, 0xf7, 0x7e, 0xf7, 0x9e, 0xf7, 0x9e, 0xf7,
    0xbe, 0xf7, 0xdf, 0xff, 0xff, 0xff, 0xff, 0xff, 0xff, 0xff, 0xff, 0xff,
    0xff, 0xff, 0xff, 0xff, 0xdf, 0xff, 0xbe, 0xf7, 0x9e, 0xf7, 0x7e, 0xf7,
    0x7e, 0xf7, 0x9e, 0xf7, 0x9e, 0xf7, 0xbf, 0xff, 0xff, 0xff, 0xff, 0xff,
    0xff, 0xff, 0xff, 0xff, 0xff, 0xff, 0xff, 0xff, 0xdf, 0xff, 0xbf, 0xff,
    0x9e, 0xf7, 0x7e, 0xf7, 0x7e, 0xf7, 0x9e, 0xf7, 0x9e, 0xf7, 0xbf, 0xff,
    0xdf, 0xff, 0xff, 0xff, 0xff, 0xff, 0xff, 0xff, 0xff, 0xff, 0xff, 0xff,
    0xff, 0xff, 0xff, 0xff, 0xdf, 0xff, 0xbf, 0xff, 0x9e, 0xf7, 0x3c, 0xe7,
    0x97, 0xc6, 0xf0, 0x9d, 0x0a, 0x7d, 0x85, 0x5c, 0xa5, 0x5c, 0x29, 0x75,
    0x11, 0xa6, 0xf8, 0xce, 0x9d, 0xef, 0xdf, 0xff, 0xdf, 0xff, 0xdf, 0xff,
    0xbf, 0xff, 0xbf, 0xff, 0xbe, 0xf7, 0x9e, 0xf7, 0xbf, 0xff, 0xdf, 0xff,
    0xff, 0xff, 0xff, 0xff, 0xff, 0xff, 0xff, 0xff, 0xff, 0xff, 0xdf, 0xff,
    0xbf, 0xff, 0x9e, 0xf7, 0x9e, 0xf7, 0x7e, 0xf7, 0x7e, 0xf7, 0x9e, 0xf7,
    0xbe, 0xf7, 0xdf, 0xff, 0xff, 0xff, 0xff, 0xff, 0xff, 0xff, 0xff, 0xff,
    0xff, 0xff, 0xff, 0xff, 0xdf, 0xff, 0x9e, 0xf7, 0x9e, 0xf7, 0x7e, 0xf7,
    0x7e, 0xf7, 0x9e, 0xf7, 0xbe, 0xf7, 0xbf, 0xff, 0xff, 0xff, 0xff, 0xff,
    0xff, 0xff, 0xff, 0xff, 0xff, 0xff, 0xff, 0xff, 0xdf, 0xff, 0xbe, 0xff,
    0x9e, 0xf7, 0x7e, 0xf7, 0x7e, 0xf7, 0x9e, 0xf7, 0x9e, 0xf7, 0xdf, 0xff,
    0xff, 0xff, 0xff, 0xff, 0xff, 0xff, 0xff, 0xff, 0xff, 0xff, 0xff, 0xff,
    0xdf, 0xff, 0xdf, 0xff, 0x9e, 0xf7, 0x9e, 0xf7, 0x7e, 0xf7, 0x7e, 0xf7,
    0x9e, 0xf7, 0xbe, 0xf7, 0xdf, 0xff, 0xff, 0xff, 0xff, 0xff, 0xff, 0xff,
    0xff, 0xff, 0xff, 0xff, 0xff, 0xff, 0xdf, 0xff, 0xbe, 0xf7, 0x9e, 0xf7,
    0x7e, 0xf7, 0x7e, 0xf7, 0x9e, 0xf7, 0x9e, 0xf7, 0xbe, 0xff, 0xdf, 0xff,
    0xff, 0xff, 0xff, 0xff, 0xff, 0xff, 0xff, 0xff, 0xff, 0xff, 0xff, 0xff,
    0xff, 0xff, 0xff, 0xff, 0xff, 0xff, 0xff, 0xff, 0xff, 0xff, 0xff, 0xff,
    0xdf, 0xff, 0xbf, 0xff, 0xbe, 0xf7, 0xbe, 0xf7, 0x9e, 0xf7, 0x9e, 0xf7,
    0xbf, 0xf7, 0xbe, 0xff, 0xbf, 0xff, 0xdf, 0xff, 0xff, 0xff, 0xff, 0xff,
    0xff, 0xff, 0xff, 0xff, 0xdf, 0xff, 0xdf, 0xff, 0xbf, 0xff, 0xbe, 0xff,
    0x9e, 0xf7, 0x9e, 0xf7, 0xbe, 0xf7, 0xbe, 0xff, 0xdf, 0xff, 0xdf, 0xff,
    0xff, 0xff, 0xff, 0xff, 0xff, 0xff, 0xff, 0xff, 0xdf, 0xff, 0xdf, 0xff,
    0xbf, 0xff, 0xbe, 0xf7, 0xbe, 0xf7, 0xbe, 0xf7, 0xbe, 0xff, 0xbe, 0xf7,
    0xdf, 0xff, 0xdf, 0xff, 0xff, 0xff, 0xff, 0xff, 0xff, 0xff, 0xff, 0xff,
    0xff, 0xff, 0xdf, 0xff, 0xbf, 0xff, 0xbf, 0xff, 0x9e, 0xff, 0x9e, 0xf7,
    0xbe, 0xf7, 0x9e, 0xff, 0xbf, 0xff, 0xdf, 0xff, 0xdf, 0xff, 0xff, 0xff,
    0xff, 0xff, 0xff, 0xff, 0xff, 0xff, 0xff, 0xff, 0xdf, 0xff, 0xbf, 0xff,
    0xbe, 0xf7, 0xbe, 0xf7, 0x9e, 0xf7, 0xbe, 0xf7, 0xbe, 0xff, 0xdf, 0xff,
    0xdf, 0xff, 0xff, 0xff, 0xff, 0xff, 0xff, 0xff, 0xff, 0xff, 0xff, 0xff,
    0xff, 0xff, 0xff, 0xff, 0xdf, 0xff, 0xdf, 0xff, 0xbf, 0xff, 0x7d, 0xef,
    0xf8, 0xd6, 0x11, 0xa6, 0x2a, 0x7d, 0x85, 0x5c, 0x85, 0x5c, 0xe8, 0x6c,
    0xae, 0x95, 0x95, 0xbe, 0x5b, 0xe7, 0xbf, 0xf7, 0xdf, 0xff, 0xdf, 0xff,
    0xdf, 0xff, 0xdf, 0xff, 0xbf, 0xff, 0xbf, 0xf7, 0xdf, 0xff, 0xdf, 0xff,
    0xdf, 0xff, 0xff, 0xff, 0xff, 0xff, 0xff, 0xff, 0xdf, 0xff, 0xdf, 0xff,
    0xdf, 0xff, 0xbe, 0xff, 0x9e, 0xf7, 0xbe, 0xf7, 0xbe, 0xf7, 0xbe, 0xf7,
    0xbf, 0xff, 0xdf, 0xff, 0xdf, 0xff, 0xdf, 0xff, 0xff, 0xff, 0xff, 0xff,
    0xdf, 0xff, 0xdf, 0xff, 0xdf, 0xff, 0xbe, 0xf7, 0xbe, 0xf7, 0x9e, 0xf7,
    0xbe, 0xf7, 0xbe, 0xf7, 0xbf, 0xff, 0xdf, 0xff, 0xdf, 0xff, 0xdf, 0xff,
    0xff, 0xff, 0xff, 0xff, 0xff, 0xff, 0xdf, 0xff, 0xdf, 0xff, 0xbf, 0xff,
    0xbe, 0xf7, 0xbe, 0xf7, 0xbf, 0xff, 0xbe, 0xf7, 0xbf, 0xff, 0xbf, 0xff,
    0xdf, 0xff, 0xdf, 0xff, 0xff, 0xff, 0xff, 0xff, 0xff, 0xff, 0xff, 0xff,
    0xdf, 0xff, 0xdf, 0xff, 0xbe, 0xf7, 0xbe, 0xf7, 0xbe, 0xf7, 0xbe, 0xf7,
    0xbf, 0xff, 0xbf, 0xff, 0xdf, 0xff, 0xdf, 0xff, 0xff, 0xff, 0xff, 0xff,
    0xff, 0xff, 0xff, 0xff, 0xdf, 0xff, 0xbf, 0xff, 0xbf, 0xff, 0xbe, 0xf7,
    0x9e, 0xf7, 0x9e, 0xf7, 0xbe, 0xf7, 0xbf, 0xff, 0xdf, 0xff, 0xdf, 0xff,
    0xff, 0xff, 0xff, 0xff, 0xff, 0xff, 0xff, 0xff, 0xff, 0xff, 0xff, 0xff,
    0xbe, 0xf7, 0xbe, 0xff, 0xbf, 0xff, 0xbf, 0xf7, 0xbe, 0xff, 0xbf, 0xff,
    0xbf, 0xff, 0xdf, 0xff, 0xdf, 0xff, 0xdf, 0xff, 0xff, 0xff, 0xff, 0xff,
    0xdf, 0xff, 0xdf, 0xff, 0xdf, 0xff, 0xbf, 0xff, 0xbe, 0xf7, 0xbe, 0xf7,
    0x9f, 0xff, 0xbe, 0xf7, 0xbf, 0xff, 0xdf, 0xff, 0xdf, 0xff, 0xdf, 0xff,
    0xff, 0xff, 0xff, 0xff, 0xdf, 0xff, 0xdf, 0xff, 0xdf, 0xff, 0xbf, 0xff,
    0xbe, 0xf7, 0xbe, 0xf7, 0xbf, 0xf7, 0xbe, 0xf7, 0xbf, 0xff, 0xbf, 0xff,
    0xdf, 0xff, 0xdf, 0xff, 0xff, 0xff, 0xff, 0xff, 0xdf, 0xff, 0xdf, 0xff,
    0xdf, 0xff, 0xdf, 0xff, 0xbf, 0xff, 0xbe, 0xf7, 0xbe, 0xf7, 0xbf, 0xff,
    0xbf, 0xff, 0xbe, 0xff, 0xbf, 0xff, 0xdf, 0xff, 0xff, 0xff, 0xff, 0xff,
    0xff, 0xff, 0xff, 0xff, 0xdf, 0xff, 0xdf, 0xff, 0xbe, 0xff, 0xbf, 0xf7,
    0xbe, 0xf7, 0xbe, 0xf7, 0xbf, 0xf7, 0xbf, 0xff, 0xdf, 0xff, 0xdf, 0xff,
    0xdf, 0xff, 0xff, 0xff, 0xff, 0xff, 0xff, 0xff, 0xdf, 0xff, 0xdf, 0xff,
    0xbf, 0xff, 0xbe, 0xf7, 0xbe, 0xf7, 0xbe, 0xf7, 0xbe, 0xff, 0xbf, 0xff,
    0xdf, 0xff, 0xff, 0xff, 0xff, 0xff, 0xff, 0xff, 0xff, 0xff, 0xdf, 0xff,
    0x5b, 0xe7, 0x94, 0xbe, 0x6c, 0x85, 0xc6, 0x64, 0x64, 0x54, 0x85, 0x5c,
    0x2b, 0x7d, 0x12, 0xa6, 0xd7, 0xce, 0x5c, 0xe7, 0xde, 0xff, 0xff, 0xff,
    0xff, 0xff, 0xff, 0xff, 0xff, 0xff, 0xdf, 0xff, 0xdf, 0xff, 0xbe, 0xff,
    0xbe, 0xf7, 0xbf, 0xf7, 0xbe, 0xf7, 0xbe, 0xf7, 0xbf, 0xff, 0xbf, 0xff,
    0xdf, 0xff, 0xdf, 0xff, 0xff, 0xff, 0xff, 0xff, 0xff, 0xff, 0xdf, 0xff,
    0xdf, 0xff, 0xdf, 0xff, 0xbe, 0xff, 0xbe, 0xf7, 0xbf, 0xf7, 0xbe, 0xf7,
    0xbe, 0xff, 0xbf, 0xff, 0xdf, 0xff, 0xdf, 0xff, 0xff, 0xff, 0xff, 0xff,
    0xff, 0xff, 0xdf, 0xff, 0xdf, 0xff, 0xdf, 0xff, 0xbe, 0xf7, 0xbe, 0xff,
    0xbe, 0xf7, 0xbe, 0xf7, 0xbf, 0xff, 0xbe, 0xff, 0xdf, 0xff, 0xdf, 0xff,
    0xff, 0xff, 0xff, 0xff, 0xdf, 0xff, 0xff, 0xff, 0xdf, 0xff, 0xdf, 0xff,
    0xbf, 0xff, 0xbf, 0xff, 0xbe, 0xf7, 0x9e, 0xf7, 0xbe, 0xff, 0xbf, 0xf7,
    0xbf, 0xff, 0xdf, 0xff, 0xdf, 0xff, 0xdf, 0xff, 0xff, 0xff, 0xff, 0xff,
    0xdf, 0xff, 0xdf, 0xff, 0xdf, 0xff, 0xbf, 0xff, 0xbe, 0xf7, 0xbe, 0xf7,
    0xbf, 0xff, 0xbe, 0xf7, 0xbf, 0xff, 0xbf, 0xff, 0xdf, 0xff, 0xdf, 0xff,
    0xff, 0xff, 0xff, 0xff, 0xff, 0xff, 0xdf, 0xff, 0xdf, 0xff, 0xdf, 0xff,
    0xbe, 0xf7, 0xbe, 0xf7, 0xbf, 0xff, 0xbe, 0xf7, 0xbe, 0xf7, 0xbf, 0xff,
    0x9e, 0xf7, 0x7e, 0xf7, 0x9e, 0xf7, 0x9e, 0xf7, 0x7e, 0xf7, 0x9e, 0xf7,
    0xbe, 0xf7, 0xdf, 0xff, 0xff, 0xff, 0xff, 0xff, 0xff, 0xff, 0xff, 0xff,
    0xff, 0xff, 0xff, 0xff, 0xdf, 0xff, 0xbe, 0xf7, 0x9e, 0xf7, 0x7e, 0xf7,
    0x7e, 0xf7, 0x9e, 0xf7, 0xbe, 0xf7, 0xdf, 0xff, 0xff, 0xff, 0xff, 0xff,
    0xff, 0xff, 0xff, 0xff, 0xff, 0xff, 0xff, 0xff, 0xdf, 0xff, 0xbf, 0xff,
    0x9e, 0xf7, 0x9e, 0xf7, 0x7e, 0xf7, 0x9e, 0xf7, 0x9e, 0xf7, 0xbf, 0xff,
    0xdf, 0xff, 0xff, 0xff, 0xff, 0xff, 0xff, 0xff, 0xff, 0xff, 0xff, 0xff,
    0xdf, 0xff, 0xbf, 0xff, 0xbe, 0xf7, 0x9e, 0xf7, 0x7e, 0xf7, 0x7e, 0xf7,
    0x9e, 0xf7, 0xbe, 0xf7, 0xdf, 0xff, 0xff, 0xff, 0xff, 0xff, 0xff, 0xff,
    0xff, 0xff, 0xff, 0xff, 0xff, 0xff, 0xdf, 0xff, 0xbe, 0xf7, 0x9e, 0xf7,
    0x9e, 0xf7, 0x7e, 0xf7, 0x9e, 0xf7, 0x9e, 0xf7, 0xbf, 0xff, 0xff, 0xff,
    0xff, 0xff, 0xff, 0xff, 0xff, 0xff, 0xff, 0xff, 0xff, 0xff, 0xdf, 0xff,
    0xdf, 0xff, 0x9e, 0xf7, 0x9e, 0xf7, 0x7e, 0xf7, 0x7e, 0xf7, 0x9e, 0xf7,
    0xbe, 0xf7, 0xdf, 0xff, 0xff, 0xff, 0xff, 0xff, 0xff, 0xff, 0xff, 0xff,
    0xbd, 0xf7, 0xf7, 0xce, 0xcf, 0x95, 0xe9, 0x6c, 0x64, 0x54, 0x44, 0x4c,
    0xa7, 0x64, 0x4c, 0x85, 0x32, 0xae, 0xd8, 0xce, 0x9c, 0xef, 0xff, 0xff,
    0xff, 0xff, 0xff, 0xff, 0xff, 0xff, 0xff, 0xff, 0xdf, 0xff, 0xbe, 0xf7,
    0x9e, 0xf7, 0x7e, 0xf7, 0x7e, 0xf7, 0x9e, 0xf7, 0x9e, 0xf7, 0xbf, 0xff,
    0xdf, 0xff, 0xff, 0xff, 0xff, 0xff, 0xff, 0xff, 0xff, 0xff, 0xff, 0xff,
    0xdf, 0xff, 0xbf, 0xff, 0x9e, 0xf7, 0x9e, 0xf7, 0x7e, 0xf7, 0x7e, 0xef,
    0x9e, 0xf7, 0xbe, 0xf7, 0xdf, 0xff, 0xff, 0xff, 0xff, 0xff, 0xff, 0xff,
    0xff, 0xff, 0xff, 0xff, 0xff, 0xff, 0xdf, 0xff, 0xbe, 0xf7, 0x9e, 0xf7,
    0x7e, 0xf7, 0x7e, 0xf7, 0x9e, 0xf7, 0x9e, 0xf7, 0xbf, 0xff, 0xff, 0xff,
    0xff, 0xff, 0xff, 0xff, 0xff, 0xff, 0xff, 0xff, 0xff, 0xff, 0xdf, 0xff,
    0xbe, 0xf7, 0x9e, 0xf7, 0x7e, 0xf7, 0x7e, 0xf7, 0x7e, 0xf7, 0x9e, 0xf7,
    0xbe, 0xff, 0xdf, 0xff, 0xff, 0xff, 0xff, 0xff, 0xff, 0xff, 0xff, 0xff,
    0xff, 0xff, 0xff, 0xff, 0xbf, 0xff, 0xbe, 0xf7, 0x9e, 0xf7, 0x7e, 0xf7,
    0x7e, 0xf7, 0x9e, 0xf7, 0xbe, 0xf7, 0xdf, 0xff, 0xff, 0xff, 0xff, 0xff,
    0xff, 0xff, 0xff, 0xff, 0xff, 0xff, 0xff, 0xff, 0xdf, 0xff, 0xbf, 0xff,
    0x9e, 0xf7, 0x9e, 0xf7, 0x9e, 0xf7, 0x7e, 0xf7, 0x9e, 0xf7, 0x9e, 0xf7,
    0xbe, 0xf7, 0xbe, 0xf7, 0x9e, 0xf7, 0xbe, 0xf7, 0xbe, 0xf7, 0xbf, 0xf7,
    0xdf, 0xff, 0xdf, 0xff, 0xdf, 0xff, 0xff, 0xff, 0xff, 0xff, 0xff, 0xff,
    0xdf, 0xff, 0xdf, 0xff, 0xdf, 0xff, 0xbf, 0xff, 0xbe, 0xf7, 0xbe, 0xf7,
    0xbe, 0xf7, 0xbe, 0xf7, 0xbf, 0xff, 0xdf, 0xff, 0xdf, 0xff, 0xdf, 0xff,
    0xff, 0xff, 0xff, 0xff, 0xff, 0xff, 0xff, 0xff, 0xdf, 0xff, 0xdf, 0xff,
    0xbe, 0xf7, 0xbe, 0xf7, 0xbe, 0xf7, 0xbe, 0xff, 0xbf, 0xff, 0xdf, 0xff,
    0xdf, 0xff, 0xdf, 0xff, 0xdf, 0xff, 0xff, 0xff, 0xff, 0xff, 0xff, 0xff,
    0xdf, 0xff, 0xdf, 0xff, 0xbf, 0xf7, 0xbe, 0xf7, 0xbe, 0xf7, 0xbe, 0xf7,
    0xbe, 0xf7, 0xbf, 0xff, 0xdf, 0xff, 0xdf, 0xff, 0xff, 0xff, 0xff, 0xff,
    0xff, 0xff, 0xff, 0xff, 0xdf, 0xff, 0xdf, 0xff, 0xbf, 0xff, 0xbe, 0xff,
    0xbe, 0xf7, 0x9e, 0xf7, 0xbe, 0xff, 0xbe, 0xff, 0xbf, 0xff, 0xdf, 0xff,
    0xff, 0xff, 0xff, 0xff, 0xff, 0xff, 0xff, 0xff, 0xdf, 0xff, 0xdf, 0xff,
    0xdf, 0xff, 0xbe, 0xff, 0xbe, 0xf7, 0xbe, 0xf7, 0x9e, 0xf7, 0xbe, 0xf7,
    0xbf, 0xff, 0xdf, 0xff, 0xff, 0xff, 0xff, 0xff, 0xff, 0xff, 0xff, 0xff,
    0xde, 0xff, 0x5b, 0xdf, 0x95, 0xbe, 0xcf, 0x9d, 0x4c, 0x85, 0x0a, 0x75,
    0x2b, 0x7d, 0xae, 0x95, 0x32, 0xae, 0xd7, 0xce, 0x7c, 0xe7, 0xdf, 0xff,
    0xff, 0xff, 0xff, 0xff, 0xff, 0xff, 0xff, 0xff, 0xdf, 0xff, 0xbf, 0xff,
    0xbe, 0xff, 0x9e, 0xf7, 0xbe, 0xf7, 0x9e, 0xff, 0xbe, 0xff, 0xdf, 0xff,
    0xdf, 0xff, 0xdf, 0xff, 0xff, 0xff, 0xff, 0xff, 0xff, 0xff, 0xdf, 0xff,
    0xdf, 0xff, 0xdf, 0xff, 0xbe, 0xf7, 0xbe, 0xf7, 0x9e, 0xf7, 0x9e, 0xf7,
    0xbf, 0xff, 0xbf, 0xff, 0xdf, 0xff, 0xdf, 0xff, 0xff, 0xff, 0xff, 0xff,
    0xff, 0xff, 0xff, 0xff, 0xdf, 0xff, 0xdf, 0xff, 0xbf, 0xff, 0xbf, 0xf7,
    0x9e, 0xf7, 0x9e, 0xf7, 0xbe, 0xf7, 0xbf, 0xff, 0xdf, 0xff, 0xdf, 0xff,
    0xff, 0xff, 0xff, 0xff, 0xff, 0xff, 0xff, 0xff, 0xdf, 0xff, 0xdf, 0xff,
    0xbf, 0xff, 0xbe, 0xf7, 0xbe, 0xf7, 0xbe, 0xf7, 0x9e, 0xf7, 0xbe, 0xff,
    0xbf, 0xff, 0xdf, 0xff, 0xff, 0xff, 0xff, 0xff, 0xff, 0xff, 0xff, 0xff,
    0xdf, 0xff, 0xdf, 0xff, 0xdf, 0xff, 0xbe, 0xff, 0xbe, 0xf7, 0xbe, 0xf7,
    0xbe, 0xf7, 0xbe, 0xf7, 0xbf, 0xff, 0xdf, 0xff, 0xdf, 0xff, 0xff, 0xff,
    0xff, 0xff, 0xff, 0xff, 0xff, 0xff, 0xdf, 0xff, 0xdf, 0xff, 0xbf, 0xff,
    0xbe, 0xf7, 0xbe, 0xf7, 0xbf, 0xf7, 0x9e, 0xf7, 0xbe, 0xf7, 0xbe, 0xf7,
    0xff, 0xff, 0xff, 0xff, 0xff, 0xff, 0xff, 0xff, 0xff, 0xff, 0xdf, 0xff,
    0xdf, 0xff, 0xdf, 0xff, 0xbf, 0xff, 0xbe, 0xf7, 0xbe, 0xf7, 0xbf, 0xff,
    0xbf, 0xff, 0xbf, 0xff, 0xdf, 0xff, 0xdf, 0xff, 0xff, 0xff, 0xff, 0xff,
    0xff, 0xff, 0xff, 0xff, 0xdf, 0xff, 0xdf, 0xff, 0xbf, 0xff, 0xbf, 0xff,
    0xbe, 0xf7, 0xbe, 0xf7, 0xbf, 0xff, 0xbf, 0xff, 0xdf, 0xff, 0xdf, 0xff,
    0xdf, 0xff, 0xff, 0xff, 0xff, 0xff, 0xff, 0xff, 0xdf, 0xff, 0xdf, 0xff,
    0xdf, 0xff, 0xbf, 0xff, 0xbe, 0xf7, 0xbe, 0xf7, 0xbf, 0xf7, 0xbf, 0xff,
    0xdf, 0xff, 0xdf, 0xff, 0xdf, 0xff, 0xff, 0xff, 0xff, 0xff, 0xff, 0xff,
    0xdf, 0xff, 0xdf, 0xff, 0xdf, 0xff, 0xdf, 0xff, 0xbe, 0xf7, 0xbe, 0xf7,
    0xbe, 0xf7, 0xbe, 0xf7, 0xbf, 0xff, 0xdf, 0xff, 0xdf, 0xff, 0xff, 0xff,
    0xff, 0xff, 0xff, 0xff, 0xdf, 0xff, 0xdf, 0xff, 0xdf, 0xff, 0xbf, 0xff,
    0xbe, 0xf7, 0xbe, 0xf7, 0xbe, 0xff, 0xbf, 0xf7, 0xbf, 0xff, 0xdf, 0xff,
    0xdf, 0xff, 0xdf, 0xff, 0xff, 0xff, 0xff, 0xff, 0xff, 0xff, 0xdf, 0xff,
    0xdf, 0xff, 0xdf, 0xff, 0xbf, 0xff, 0xbf, 0xff, 0xbf, 0xff, 0xbf, 0xf7,
    0xbe, 0xf7, 0x9d, 0xf7, 0x7c, 0xe7, 0x3a, 0xdf, 0x18, 0xd7, 0xd7, 0xce,
    0xf7, 0xce, 0xf8, 0xd6, 0x3a, 0xd7, 0x7b, 0xe7, 0x9d, 0xef, 0xbf, 0xf7,
    0xbf, 0xff, 0xbf, 0xff, 0xbf, 0xff, 0xbf, 0xff, 0xdf, 0xff, 0xdf, 0xff,
    0xdf, 0xff, 0xff, 0xff, 0xff, 0xff, 0xff, 0xff, 0xdf, 0xff, 0xdf, 0xff,
    0xbf, 0xff, 0xbf, 0xf7, 0xbe, 0xf7, 0xbe, 0xf7, 0xbf, 0xff, 0xbf, 0xf7,
    0xbf, 0xff, 0xdf, 0xff, 0xdf, 0xff, 0xff, 0xff, 0xff, 0xff, 0xff, 0xff,
    0xdf, 0xff, 0xdf, 0xff, 0xdf, 0xff, 0xbf, 0xf7, 0xbe, 0xf7, 0xbe, 0xf7,
    0xbe, 0xf7, 0xbf, 0xff, 0xbf, 0xff, 0xdf, 0xff, 0xdf, 0xff, 0xff, 0xff,
    0xff, 0xff, 0xff, 0xff, 0xdf, 0xff, 0xdf, 0xff, 0xdf, 0xff, 0xbf, 0xff,
    0xbe, 0xf7, 0x9e, 0xf7, 0xbf, 0xf7, 0xbe, 0xf7, 0xbe, 0xff, 0xbf, 0xff,
    0xdf, 0xff, 0xdf, 0xff, 0xff, 0xff, 0xff, 0xff, 0xff, 0xff, 0xdf, 0xff,
    0xdf, 0xff, 0xbf, 0xff, 0xbe, 0xf7, 0xbe, 0xf7, 0x9e, 0xff, 0x9e, 0xf7,
    0xbf, 0xff, 0xbf, 0xff, 0xdf, 0xff, 0xdf, 0xff, 0xdf, 0xff, 0xff, 0xff,
    0xff, 0xff, 0xff, 0xff, 0xdf, 0xff, 0xdf, 0xff, 0xbf, 0xff, 0xbf, 0xff,
    0xbe, 0xf7, 0xbe, 0xf7, 0xbf, 0xff, 0xbf, 0xff, 0xdf, 0xff, 0xdf, 0xff,
    0xdf, 0xff, 0xff, 0xff, 0xff, 0xff, 0xff, 0xff, 0xdf, 0xff, 0xff, 0xff,
    0xff, 0xff, 0xff, 0xff, 0xff, 0xff, 0xff, 0xff, 0xff, 0xff, 0xff, 0xff,
    0xdf, 0xff, 0xbf, 0xff, 0xbe, 0xf7, 0x9e, 0xf7, 0x9e, 0xf7, 0x9e, 0xf7,
    0x9e, 0xf7, 0xbe, 0xf7, 0xdf, 0xff, 0xff, 0xff, 0xff, 0xff, 0xff, 0xff,
    0xff, 0xff, 0xff, 0xff, 0xff, 0xff, 0xdf, 0xff, 0xbe, 0xf7, 0x9e, 0xf7,
    0x9e, 0xf7, 0x7e, 0xf7, 0x9e, 0xf7, 0xbe, 0xf7, 0xbf, 0xff, 0xdf, 0xff,
    0xff, 0xff, 0xff, 0xff, 0xff, 0xff, 0xff, 0xff, 0xff, 0xff, 0xff, 0xff,
    0xdf, 0xff, 0x9e, 0xf7, 0x9e, 0xf7, 0x7e, 0xf7, 0x9e, 0xf7, 0x9e, 0xf7,
    0xbe, 0xff, 0xdf, 0xff, 0xff, 0xff, 0xff, 0xff, 0xff, 0xff, 0xff, 0xff,
    0xff, 0xff, 0xff, 0xff, 0xdf, 0xff, 0xbe, 0xf7, 0x9e, 0xf7, 0x7e, 0xf7,
    0x7e, 0xf7, 0x9e, 0xf7, 0x9e, 0xf7, 0xdf, 0xff, 0xdf, 0xff, 0xff, 0xff,
    0xff, 0xff, 0xff, 0xff, 0xff, 0xff, 0xff, 0xff, 0xdf, 0xff, 0xbf, 0xff,
    0x9e, 0xf7, 0x7e, 0xf7, 0x7e, 0xf7, 0x9e, 0xf7, 0x9e, 0xf7, 0xbe, 0xff,
    0xdf, 0xff, 0xff, 0xff, 0xff, 0xff, 0xff, 0xff, 0xff, 0xff, 0xff, 0xff,
    0xdf, 0xff, 0xdf, 0xff, 0xbe, 0xf7, 0x9e, 0xf7, 0x9e, 0xf7, 0x9e, 0xf7,
    0x9e, 0xf7, 0xbf, 0xff, 0xdf, 0xff, 0xff, 0xff, 0xff, 0xff, 0xff, 0xff,
    0xff, 0xff, 0xff, 0xff, 0xdf, 0xff, 0xdf, 0xff, 0xbe, 0xf7, 0x9e, 0xf7,
    0x9e, 0xf7, 0x9e, 0xf7, 0x9e, 0xf7, 0xbe, 0xf7, 0xbf, 0xf7, 0xdf, 0xff,
    0xff, 0xff, 0xff, 0xff, 0xff, 0xff, 0xff, 0xff, 0xff, 0xff, 0xdf, 0xff,
    0xbf, 0xf7, 0x9e, 0xf7, 0x9e, 0xf7, 0x7e, 0xf7, 0x9e, 0xf7, 0x9e, 0xf7,
    0xbe, 0xff, 0xdf, 0xff, 0xff, 0xff, 0xff, 0xff, 0xff, 0xff, 0xff, 0xff,
    0xff, 0xff, 0xff, 0xff, 0xbf, 0xff, 0xbe, 0xf7, 0x9e, 0xf7, 0x7e, 0xf7,
    0x7e, 0xf7, 0x9e, 0xf7, 0xbe, 0xf7, 0xdf, 0xff, 0xff, 0xff, 0xff, 0xff,
    0xff, 0xff, 0xff, 0xff, 0xff, 0xff, 0xff, 0xff, 0xdf, 0xff, 0xbe, 0xf7,
    0x9e, 0xf7, 0x7e, 0xf7, 0x7e, 0xf7, 0x9e, 0xf7, 0x9e, 0xf7, 0xdf, 0xff,
    0xdf, 0xff, 0xff, 0xff, 0xff, 0xff, 0xff, 0xff, 0xff, 0xff, 0xff, 0xff,
    0xdf, 0xff, 0xbf, 0xff, 0x9e, 0xf7, 0x9e, 0xf7, 0x7e, 0xf7, 0x7d, 0xf7,
    0x9e, 0xf7, 0xbe, 0xf7, 0xdf, 0xff, 0xff, 0xff, 0xff, 0xff, 0xff, 0xff,
    0xff, 0xff, 0xff, 0xff, 0xff, 0xff, 0xdf, 0xff, 0xbe, 0xf7, 0x9e, 0xf7,
    0x9e, 0xf7, 0x9e, 0xf7, 0x9e, 0xf7, 0x9e, 0xf7, 0xbe, 0xf7, 0xdf, 0xff,
    0xff, 0xff, 0xff, 0xff, 0xff, 0xff, 0xff, 0xff, 0xff, 0xff, 0xff, 0xff,
    0xff, 0xff, 0xdf, 0xff, 0xdf, 0xff, 0xff, 0xff, 0xff, 0xff, 0xdf, 0xff,
    0xdf, 0xff, 0xdf, 0xff, 0xbe, 0xf7, 0xbe, 0xf7, 0xbf, 0xf7, 0xbe, 0xf7,
    0xbe, 0xff, 0xbf, 0xff, 0xdf, 0xff, 0xdf, 0xff, 0xff, 0xff, 0xff, 0xff,
    0xdf, 0xff, 0xff, 0xff, 0xdf, 0xff, 0xdf, 0xff, 0xbf, 0xff, 0xbe, 0xff,
    0xbe, 0xf7, 0xbe, 0xf7, 0xbe, 0xf7, 0xbf, 0xff, 0xdf, 0xff, 0xdf, 0xff,
    0xff, 0xff, 0xff, 0xff, 0xff, 0xff, 0xff, 0xff, 0xdf, 0xff, 0xdf, 0xff,
    0xdf, 0xff, 0xbe, 0xf7, 0xbe, 0xf7, 0xbe, 0xff, 0xbe, 0xf7, 0xbf, 0xf7,
    0xbf, 0xff, 0xdf, 0xff, 0xdf, 0xff, 0xff, 0xff, 0xff, 0xff, 0xff, 0xff,
    0xdf, 0xff, 0xdf, 0xff, 0xdf, 0xff, 0xbf, 0xff, 0xbe, 0xf7, 0xbf, 0xff,
    0xbe, 0xf7, 0xbe, 0xf7, 0xbf, 0xff, 0xdf, 0xff, 0xdf, 0xff, 0xdf, 0xff,
    0xff, 0xff, 0xff, 0xff, 0xdf, 0xff, 0xdf, 0xff, 0xdf, 0xff, 0xbf, 0xff,
    0xbe, 0xf7, 0xbe, 0xf7, 0x9e, 0xf7, 0x9e, 0xf7, 0xbf, 0xff, 0xbf, 0xff,
    0xdf, 0xff, 0xdf, 0xff, 0xff, 0xff, 0xff, 0xff, 0xff, 0xff, 0xff, 0xff,
    0xdf, 0xff, 0xdf, 0xff, 0xbe, 0xf7, 0xbe, 0xf7, 0x9e, 0xf7, 0x9e, 0xf7,
    0xbf, 0xff, 0xbf, 0xff, 0xdf, 0xff, 0xff, 0xff, 0xff, 0xff, 0xff, 0xff,
    0xff, 0xff, 0xff, 0xff, 0xff, 0xff, 0xdf, 0xff, 0xdf, 0xff, 0xbf, 0xff,
    0xbe, 0xf7, 0xbe, 0xf7, 0xbe, 0xf7, 0xbe, 0xff, 0xdf, 0xff, 0xdf, 0xff,
    0xff, 0xff, 0xff, 0xff, 0xff, 0xff, 0xff, 0xff, 0xdf, 0xff, 0xdf, 0xff,
    0xdf, 0xff, 0xbe, 0xff, 0xbe, 0xf7, 0xbe, 0xf7, 0xbe, 0xf7, 0xbe, 0xff,
    0xbf, 0xff, 0xdf, 0xff, 0xdf, 0xff, 0xdf, 0xff, 0xff, 0xff, 0xff, 0xff,
    0xff, 0xff, 0xdf, 0xff, 0xdf, 0xff, 0xbe, 0xff, 0x9e, 0xf7, 0x9e, 0xf7,
    0x9e, 0xf7, 0xbe, 0xf7, 0xbf, 0xff, 0xbf, 0xff, 0xdf, 0xff, 0xdf, 0xff,
    0xff, 0xff, 0xff, 0xff, 0xff, 0xff, 0xdf, 0xff, 0xdf, 0xff, 0xbf, 0xff,
    0xbe, 0xff, 0xbe, 0xf7, 0xbe, 0xff, 0xbf, 0xf7, 0xbf, 0xff, 0xdf, 0xff,
    0xdf, 0xff, 0xff, 0xff, 0xff, 0xff, 0xff, 0xff, 0xff, 0xff, 0xff, 0xff,
    0xdf, 0xff, 0xdf, 0xff, 0xbe, 0xf7, 0xbe, 0xf7, 0xbe, 0xf7, 0x9e, 0xf7,
    0xbf, 0xf7, 0xbf, 0xff, 0xdf, 0xff, 0xdf, 0xff, 0xdf, 0xff, 0xff, 0xff,
    0xff, 0xff, 0xff, 0xff, 0xdf, 0xff, 0xdf, 0xff, 0xbf, 0xff, 0xbe, 0xf7,
    0xbe, 0xf7, 0xbf, 0xf7, 0xbe, 0xf7, 0xbe, 0xf7, 0xdf, 0xff, 0xdf, 0xff,
    0xff, 0xff, 0xff, 0xff, 0xff, 0xff, 0xff, 0xff, 0xff, 0xff, 0xff, 0xff,
    0xbe, 0xf7, 0xbe, 0xf7, 0xbf, 0xff, 0xbe, 0xf7, 0xbe, 0xf7, 0xbf, 0xff,
    0xbf, 0xff, 0xdf, 0xff, 0xdf, 0xff, 0xff, 0xff, 0xff, 0xff, 0xdf, 0xff,
    0xdf, 0xff, 0xdf, 0xff, 0xdf, 0xff, 0xbf, 0xff, 0xbe, 0xf7, 0xbe, 0xff,
    0xbf, 0xf7, 0xbe, 0xf7, 0xbf, 0xff, 0xdf, 0xff, 0xdf, 0xff, 0xff, 0xff,
    0xff, 0xff, 0xff, 0xff, 0xff, 0xff, 0xdf, 0xff, 0xdf, 0xff, 0xdf, 0xff,
    0xbe, 0xf7, 0xbe, 0xf7, 0x9f, 0xf7, 0xbe, 0xf7, 0xbf, 0xff, 0xbf, 0xff,
    0xdf, 0xff, 0xdf, 0xff, 0xff, 0xff, 0xff, 0xff, 0xff, 0xff, 0xdf, 0xff,
    0xdf, 0xff, 0xdf, 0xff, 0xbe, 0xff, 0xbe, 0xf7, 0xbe, 0xf7, 0xbe, 0xff,
    0xbf, 0xff, 0xbf, 0xff, 0xdf, 0xff, 0xdf, 0xff, 0xff, 0xff, 0xff, 0xff,
    0xff, 0xff, 0xff, 0xff, 0xdf, 0xff, 0xdf, 0xff, 0xbf, 0xff, 0xbe, 0xff,
    0xbe, 0xf7, 0x9f, 0xf7, 0xbe, 0xff, 0xbf, 0xf7, 0xdf, 0xff, 0xdf, 0xff,
    0xdf, 0xff, 0xff, 0xff, 0xff, 0xff, 0xff, 0xff, 0xdf, 0xff, 0xdf, 0xff,
    0xbf, 0xff, 0xbf, 0xf7, 0xbe, 0xf7, 0xbe, 0xff, 0xbf, 0xf7, 0xbe, 0xff,
    0xbf, 0xff, 0xdf, 0xff, 0xdf, 0xff, 0xff, 0xff, 0xff, 0xff, 0xff, 0xff,
    0xdf, 0xff, 0xdf, 0xff, 0xdf, 0xff, 0xdf, 0xff, 0xbf, 0xff, 0xbf, 0xf7,
    0xbf, 0xf7, 0xbf, 0xff, 0xbf, 0xff, 0xdf, 0xff, 0xdf, 0xff, 0xdf, 0xff,
    0xff, 0xff, 0xff, 0xff, 0xff, 0xff, 0xdf, 0xff, 0xdf, 0xff, 0xbf, 0xff,
    0xbe, 0xf7, 0xbe, 0xf7, 0xbf, 0xf7, 0xbe, 0xf7, 0xbf, 0xff, 0xdf, 0xff,
    0xdf, 0xff, 0xdf, 0xff, 0xff, 0xff, 0xff, 0xff, 0xff, 0xff, 0xdf, 0xff,
    0xdf, 0xff, 0xdf, 0xff, 0xbf, 0xf7, 0xbe, 0xf7, 0x9e, 0xff, 0xbe, 0xf7,
    0xbf, 0xf7, 0xbf, 0xff, 0xdf, 0xff, 0xdf, 0xff, 0xff, 0xff, 0xff, 0xff,
    0xff, 0xff, 0xff, 0xff, 0xdf, 0xff, 0xbf, 0xff, 0xbe, 0xf7, 0xbe, 0xff,
    0xbe, 0xf7, 0xbf, 0xf7, 0xbe, 0xff, 0xbe, 0xf7, 0xdf, 0xff, 0xdf, 0xff,
    0xff, 0xff, 0xff, 0xff, 0xff, 0xff, 0xff, 0xff, 0xdf, 0xff, 0xdf, 0xff,
    0xbf, 0xff, 0xbe, 0xff, 0xbe, 0xf7, 0xbf, 0xf7, 0xbe, 0xf7, 0xbf, 0xff,
    0xbf, 0xff, 0xdf, 0xff, 0xdf, 0xff, 0xdf, 0xff, 0xff, 0xff, 0xff, 0xff,
    0xdf, 0xff, 0xdf, 0xff, 0xbf, 0xff, 0xbe, 0xff, 0xbe, 0xf7, 0xbf, 0xf7,
    0xbe, 0xff, 0x9e, 0xff, 0xbf, 0xff, 0xdf, 0xff, 0xdf, 0xff, 0xff, 0xff,
    0xff, 0xff, 0xff, 0xff, 0xff, 0xff, 0xdf, 0xff, 0xdf, 0xff, 0xdf, 0xff,
    0xbf, 0xff, 0xbe, 0xf7, 0xbe, 0xff, 0xbf, 0xf7, 0xbe, 0xff, 0xbe, 0xf7,
    0x9e, 0xf7, 0x9e, 0xf7, 0x7e, 0xf7, 0x9e, 0xf7, 0x9e, 0xf7, 0x9e, 0xf7,
    0xbe, 0xff, 0xdf, 0xff, 0xff, 0xff, 0xff, 0xff, 0xff, 0xff, 0xff, 0xff,
    0xff, 0xff, 0xff, 0xff, 0xdf, 0xff, 0xbe, 0xf7, 0x9e, 0xf7, 0x7e, 0xf7,
    0x7e, 0xf7, 0x9e, 0xf7, 0x9e, 0xf7, 0xbf, 0xff, 0xff, 0xff, 0xff, 0xff,
    0xff, 0xff, 0xff, 0xff, 0xff, 0xff, 0xff, 0xff, 0xdf, 0xff, 0xbf, 0xff,
    0x9e, 0xf7, 0x9e, 0xf7, 0x7e, 0xf7, 0x9e, 0xf7, 0x9e, 0xf7, 0xbe, 0xff,
    0xdf, 0xff, 0xff, 0xff, 0xff, 0xff, 0xff, 0xff, 0xff, 0xff, 0xff, 0xff,
    0xdf, 0xff, 0xdf, 0xff, 0xbe, 0xf7, 0x7e, 0xf7, 0x7e, 0xf7, 0x7e, 0xf7,
    0x9e, 0xf7, 0xbe, 0xf7, 0xdf, 0xff, 0xff, 0xff, 0xff, 0xff, 0xff, 0xff,
    0xff, 0xff, 0xff, 0xff, 0xff, 0xff, 0xdf, 0xff, 0xbe, 0xf7, 0x9e, 0xf7,
    0x9e, 0xf7, 0x7e, 0xf7, 0x9e, 0xf7, 0xbe, 0xf7, 0xbe, 0xff, 0xdf, 0xff,
    0xff, 0xff, 0xff, 0xff, 0xff, 0xff, 0xff, 0xff, 0xff, 0xff, 0xdf, 0xff,
    0xbe, 0xff, 0x9e, 0xf7, 0x9e, 0xf7, 0x7e, 0xf7, 0x9e, 0xf7, 0x9e, 0xf7,
    0xbe, 0xff, 0xdf, 0xff, 0xff, 0xff, 0xff, 0xff, 0xff, 0xff, 0xff, 0xff,
    0xff, 0xff, 0xff, 0xff, 0xbf, 0xff, 0x9e, 0xf7, 0x9e, 0xf7, 0x9e, 0xf7,
    0x7e, 0xf7, 0x9e, 0xf7, 0xbe, 0xf7, 0xdf, 0xff, 0xff, 0xff, 0xff, 0xff,
    0xff, 0xff, 0xff, 0xff, 0xff, 0xff, 0xff, 0xff, 0xdf, 0xff, 0xbf, 0xf7,
    0x9e, 0xf7, 0x9e, 0xf7, 0x7e, 0xf7, 0x9e, 0xf7, 0x9e, 0xf7, 0xbf, 0xff,
    0xdf, 0xff, 0xff, 0xff, 0xff, 0xff, 0xff, 0xff, 0xff, 0xff, 0xff, 0xff,
    0xdf, 0xff, 0xbf, 0xff, 0xbe, 0xf7, 0x9e, 0xf7, 0x7e, 0xf7, 0x7e, 0xf7,
    0x9e, 0xf7, 0xbe, 0xf7, 0xdf, 0xff, 0xff, 0xff, 0xff, 0xff, 0xff, 0xff,
    0xff, 0xff, 0xff, 0xff, 0xff, 0xff, 0xdf, 0xff, 0xbe, 0xf7, 0x9e, 0xf7,
    0x7e, 0xf7, 0x7e, 0xf7, 0x9e, 0xf7, 0xbe, 0xf7, 0xbf, 0xff, 0xdf, 0xff,
    0xff, 0xff, 0xff, 0xff, 0xff, 0xff, 0xff, 0xff, 0xff, 0xff, 0xdf, 0xff,
    0xbe, 0xf7, 0x9e, 0xf7, 0x7e, 0xf7, 0x7e, 0xf7, 0x7e, 0xf7, 0x9e, 0xf7,
    0xbf, 0xff, 0xdf, 0xff, 0xff, 0xff, 0xff, 0xff, 0xff, 0xff, 0xff, 0xff,
    0xff, 0xff, 0xff, 0xff, 0xdf, 0xff, 0x9e, 0xf7, 0x9e, 0xf7, 0x7e, 0xf7,
    0x7e, 0xf7, 0x9e, 0xf7, 0xbe, 0xf7, 0xdf, 0xff, 0xff, 0xff, 0xff, 0xff,
    0xff, 0xff, 0xff, 0xff, 0xff, 0xff, 0xff, 0xff, 0xdf, 0xff, 0xbe, 0xff,
    0x9e, 0xf7, 0x7e, 0xf7, 0x9e, 0xf7, 0x7e, 0xf7, 0x9e, 0xf7, 0x9e, 0xf7,
    0xbe, 0xf7, 0x9e, 0xf7, 0xbe, 0xf7, 0xbf, 0xff, 0xbe, 0xf7, 0xbf, 0xf7,
    0xbf, 0xff, 0xdf, 0xff, 0xdf, 0xff, 0xff, 0xff, 0xff, 0xff, 0xff, 0xff,
    0xff, 0xff, 0xdf, 0xff, 0xdf, 0xff, 0xbf, 0xff, 0xbe, 0xf7, 0xbe, 0xf7,
    0xbe, 0xff, 0xbe, 0xf7, 0xbf, 0xff, 0xdf, 0xff, 0xdf, 0xff, 0xdf, 0xff,
    0xff, 0xff, 0xff, 0xff, 0xff, 0xff, 0xdf, 0xff, 0xdf, 0xff, 0xdf, 0xff,
    0xbe, 0xf7, 0xbe, 0xf7, 0xbe, 0xf7, 0xbe, 0xf7, 0xbe, 0xff, 0xdf, 0xff,
    0xdf, 0xff, 0xdf, 0xff, 0xff, 0xff, 0xff, 0xff, 0xff, 0xff, 0xdf, 0xff,
    0xdf, 0xff, 0xdf, 0xff, 0xbe, 0xf7, 0xbe, 0xf7, 0xbe, 0xf7, 0xbe, 0xf7,
    0xbf, 0xff, 0xbf, 0xff, 0xdf, 0xff, 0xdf, 0xff, 0xff, 0xff, 0xdf, 0xff,
    0xff, 0xff, 0xff, 0xff, 0xdf, 0xff, 0xdf, 0xff, 0xbf, 0xff, 0xbe, 0xf7,
    0xbe, 0xf7, 0x9e, 0xf7, 0xbe, 0xff, 0xbe, 0xff, 0xbf, 0xff, 0xdf, 0xff,
    0xff, 0xff, 0xff, 0xff, 0xff, 0xff, 0xff, 0xff, 0xdf, 0xff, 0xdf, 0xff,
    0xdf, 0xff, 0xbf, 0xff, 0xbe, 0xf7, 0x9e, 0xf7, 0xbe, 0xf7, 0xbe, 0xf7,
    0xbf, 0xff, 0xdf, 0xff, 0xdf, 0xff, 0xff, 0xff, 0xff, 0xff, 0xff, 0xff,
    0xdf, 0xff, 0xdf, 0xff, 0xdf, 0xff, 0xbe, 0xff, 0xbe, 0xf7, 0xbe, 0xf7,
    0xbe, 0xf7, 0xbe, 0xf7, 0xbf, 0xff, 0xdf, 0xff, 0xdf, 0xff, 0xdf, 0xff,
    0xff, 0xff, 0xff, 0xff, 0xdf, 0xff, 0xdf, 0xff, 0xdf, 0xff, 0xbf, 0xff,
    0xbe, 0xff, 0xbe, 0xf7, 0xbe, 0xf7, 0xbe, 0xff, 0xbf, 0xff, 0xbf, 0xff,
    0xdf, 0xff, 0xdf, 0xff, 0xff, 0xff, 0xff, 0xff, 0xff, 0xff, 0xff, 0xff,
    0xdf, 0xff, 0xdf, 0xff, 0xbe, 0xf7, 0xbe, 0xf7, 0x9e, 0xf7, 0xbe, 0xf7,
    0xbe, 0xff, 0xbf, 0xff, 0xdf, 0xff, 0xdf, 0xff, 0xff, 0xff, 0xff, 0xff,
    0xff, 0xff, 0xff, 0xff, 0xdf, 0xff, 0xdf, 0xff, 0xbf, 0xff, 0xbf, 0xf7,
    0xbe, 0xf7, 0xbe, 0xf7, 0xbf, 0xf7, 0xbf, 0xff, 0xdf, 0xff, 0xdf, 0xff,
    0xff, 0xff, 0xff, 0xff, 0xff, 0xff, 0xdf, 0xff, 0xdf, 0xff, 0xdf, 0xff,
    0xbf, 0xff, 0xbe, 0xff, 0xbe, 0xf7, 0x9e, 0xf7, 0x9e, 0xf7, 0xbe, 0xff,
    0xdf, 0xff, 0xdf, 0xff, 0xff, 0xff, 0xff, 0xff, 0xff, 0xff, 0xff, 0xff,
    0xdf, 0xff, 0xdf, 0xff, 0xbf, 0xff, 0xbf, 0xff, 0xbe, 0xf7, 0xbe, 0xf7,
    0xbf, 0xf7, 0xbe, 0xf7, 0xbf, 0xff, 0xdf, 0xff, 0xdf, 0xff, 0xdf, 0xff,
    0xff, 0xff, 0xdf, 0xff, 0xdf, 0xff, 0xdf, 0xff, 0xdf, 0xff, 0xbf, 0xff,
    0xbf, 0xf7, 0xbe, 0xf7, 0xbe, 0xf7, 0xbe, 0xf7, 0x9f, 0xf7, 0xbe, 0xf7,
    0xff, 0xff, 0xff, 0xff, 0xff, 0xff, 0xdf, 0xff, 0xff, 0xff, 0xdf, 0xff,
    0xdf, 0xff, 0xdf, 0xff, 0xbe, 0xff, 0xbe, 0xf7, 0xbe, 0xf7, 0xbf, 0xff,
    0xbf, 0xff, 0xbf, 0xff, 0xdf, 0xff, 0xdf, 0xff, 0xff, 0xff, 0xff, 0xff,
    0xff, 0xff, 0xff, 0xff, 0xdf, 0xff, 0xdf, 0xff, 0xdf, 0xff, 0xbf, 0xff,
    0xbe, 0xf7, 0xbe, 0xf7, 0xbe, 0xff, 0xbf, 0xff, 0xbf, 0xff, 0xdf, 0xff,
    0xdf, 0xff, 0xff, 0xff, 0xff, 0xff, 0xff, 0xff, 0xdf, 0xff, 0xdf, 0xff,
    0xdf, 0xff, 0xbf, 0xf7, 0xbe, 0xf7, 0xbe, 0xf7, 0xbf, 0xf7, 0xbe, 0xff,
    0xbf, 0xff, 0xdf, 0xff, 0xdf, 0xff, 0xff, 0xff, 0xff, 0xff, 0xff, 0xff,
    0xdf, 0xff, 0xdf, 0xff, 0xdf, 0xff, 0xbe, 0xff, 0xbe, 0xf7, 0x9e, 0xf7,
    0x9e, 0xf7, 0x9e, 0xff, 0xbf, 0xff, 0xdf, 0xff, 0xdf, 0xff, 0xdf, 0xff,
    0xff, 0xff, 0xff, 0xff, 0xdf, 0xff, 0xdf, 0xff, 0xdf, 0xff, 0xdf, 0xff,
    0xbe, 0xf7, 0xbe, 0xf7, 0xbf, 0xf7, 0xbe, 0xf7, 0xbf, 0xff, 0xdf, 0xff,
    0xdf, 0xff, 0xdf, 0xff, 0xff, 0xff, 0xff, 0xff, 0xff, 0xff, 0xdf, 0xff,
    0xdf, 0xff, 0xdf, 0xff, 0xbe, 0xff, 0xbe, 0xf7, 0xbe, 0xf7, 0xbe, 0xf7,
    0xbf, 0xff, 0xdf, 0xff, 0xdf, 0xff, 0xdf, 0xff, 0xff, 0xff, 0xff, 0xff,
    0xff, 0xff, 0xdf, 0xff, 0xdf, 0xff, 0xdf, 0xff, 0xbf, 0xff, 0xbe, 0xf7,
    0x9e, 0xf7, 0x9e, 0xf7, 0xbe, 0xf7, 0xbf, 0xff, 0xbf, 0xff, 0xdf, 0xff,
    0xdf, 0xff, 0xff, 0xff, 0xff, 0xff, 0xff, 0xff, 0xdf, 0xff, 0xdf, 0xff,
    0xdf, 0xff, 0xbe, 0xf7, 0x9e, 0xf7, 0x9e, 0xf7, 0xbf, 0xff, 0xbf, 0xf7,
    0xbf, 0xff, 0xdf, 0xff, 0xdf, 0xff, 0xdf, 0xff, 0xff, 0xff, 0xff, 0xff,
    0xdf, 0xff, 0xdf, 0xff, 0xdf, 0xff, 0xbf, 0xff, 0xbe, 0xf7, 0xbe, 0xf7,
    0xbe, 0xf7, 0xbf, 0xff, 0xbf, 0xff, 0xdf, 0xff, 0xff, 0xff, 0xdf, 0xff,
    0xff, 0xff, 0xff, 0xff, 0xff, 0xff, 0xdf, 0xff, 0xdf, 0xff, 0xbf, 0xff,
    0xbe, 0xf7, 0xbe, 0xf7, 0xbf, 0xf7, 0xbe, 0xf7, 0xbf, 0xff, 0xbf, 0xff,
    0xdf, 0xff, 0xdf, 0xff, 0xff, 0xff, 0xff, 0xff, 0xff, 0xff, 0xdf, 0xff,
    0xdf, 0xff, 0xbf, 0xff, 0xbe, 0xf7, 0xbe, 0xff, 0x9f, 0xf7, 0x9e, 0xff,
    0xbf, 0xff, 0xbf, 0xff, 0xdf, 0xff, 0xdf, 0xff, 0xdf, 0xff, 0xff, 0xff,
    0xff, 0xff, 0xff, 0xff, 0xdf, 0xff, 0xdf, 0xff, 0xbf, 0xff, 0xbf, 0xff,
    0xbe, 0xf7, 0xbe, 0xf7, 0xbf, 0xff, 0xbf, 0xff, 0xbf, 0xff, 0xdf, 0xff,
    0xdf, 0xff, 0xff, 0xff, 0xff, 0xff, 0xff, 0xff, 0xff, 0xff, 0xff, 0xff,
    0xff, 0xff, 0xff, 0xff, 0xff, 0xff, 0xff, 0xff, 0xff, 0xff, 0xff, 0xff,
    0xdf, 0xff, 0xbf, 0xff, 0xbe, 0xf7, 0x9e, 0xf7, 0x9e, 0xf7, 0x9e, 0xf7,
    0x9e, 0xf7, 0xbe, 0xf7, 0xdf, 0xff, 0xff, 0xff, 0xff, 0xff, 0xff, 0xff,
    0xff, 0xff, 0xff, 0xff, 0xff, 0xff, 0xdf, 0xff, 0xbe, 0xf7, 0x9e, 0xf7,
    0x7e, 0xf7, 0x7e, 0xf7, 0x9e, 0xf7, 0x9e, 0xf7, 0xbf, 0xff, 0xdf, 0xff,
    0xff, 0xff, 0xff, 0xff, 0xff, 0xff, 0xff, 0xff, 0xff, 0xff, 0xdf, 0xff,
    0xdf, 0xff, 0x9e, 0xf7, 0x9e, 0xf7, 0x7e, 0xf7, 0x9e, 0xf7, 0x9e, 0xf7,
    0xbe, 0xf7, 0xdf, 0xff, 0xff, 0xff, 0xff, 0xff, 0xff, 0xff, 0xff, 0xff,
    0xff, 0xff, 0xff, 0xff, 0xbf, 0xff, 0x9e, 0xf7, 0x9e, 0xf7, 0x7e, 0xf7,
    0x7e, 0xf7, 0x9e, 0xf7, 0xbe, 0xf7, 0xbf, 0xff, 0xff, 0xff, 0xff, 0xff,
    0xff, 0xff, 0xff, 0xff, 0xff, 0xff, 0xff, 0xff, 0xdf, 0xff, 0xbf, 0xff,
    0x9e, 0xf7, 0x7e, 0xf7, 0x7e, 0xf7, 0x9e, 0xf7, 0x9e, 0xf7, 0xdf, 0xff,
    0xdf, 0xff, 0xff, 0xff, 0xff, 0xff, 0xff, 0xff, 0xff, 0xff, 0xff, 0xff,
    0xff, 0xff, 0xbf, 0xff, 0xbf, 0xf7, 0x9e, 0xf7, 0x7e, 0xf7, 0x7e, 0xf7,
    0x9e, 0xf7, 0xbe, 0xf7, 0xdf, 0xff, 0xff, 0xff, 0xff, 0xff, 0xff, 0xff,
    0xff, 0xff, 0xff, 0xff, 0xff, 0xff, 0xbf, 0xff, 0xbe, 0xf7, 0x9e, 0xf7,
    0x7e, 0xf7, 0x7e, 0xf7, 0x9e, 0xf7, 0xbe, 0xf7, 0xbf, 0xff, 0xdf, 0xff,
    0xff, 0xff, 0xff, 0xff, 0xff, 0xff, 0xff, 0xff, 0xff, 0xff, 0xdf, 0xff,
    0xbe, 0xff, 0x9e, 0xf7, 0x9e, 0xf7, 0x7e, 0xf7, 0x7e, 0xf7, 0x9e, 0xf7,
    0xbe, 0xf7, 0xdf, 0xff, 0xff, 0xff, 0xff, 0xff, 0xff, 0xff, 0xff, 0xff,
    0xff, 0xff, 0xdf, 0xff, 0xdf, 0xff, 0x9e, 0xf7, 0x9e, 0xf7, 0x7e, 0xf7,
    0x7e, 0xf7, 0x9e, 0xf7, 0xbe, 0xf7, 0xdf, 0xff, 0xff, 0xff, 0xff, 0xff,
    0xff, 0xff, 0xff, 0xff, 0xff, 0xff, 0xff, 0xff, 0xdf, 0xff, 0xbe, 0xf7,
    0x9e, 0xf7, 0x7e, 0xf7, 0x7e, 0xf7, 0x9e, 0xf7, 0xbe, 0xf7, 0xbf, 0xff,
    0xdf, 0xff, 0xff, 0xff, 0xff, 0xff, 0xff, 0xff, 0xff, 0xff, 0xff, 0xff,
    0xff, 0xff, 0xbf, 0xff, 0x9e, 0xf7, 0x9e, 0xf7, 0x7e, 0xf7, 0x7e, 0xf7,
    0x9e, 0xf7, 0xbe, 0xf7, 0xdf, 0xff, 0xff, 0xff, 0xff, 0xff, 0xff, 0xff,
    0xff, 0xff, 0xff, 0xff, 0xff, 0xff, 0xdf, 0xff, 0xbe, 0xf7, 0x9e, 0xf7,
    0x7e, 0xf7, 0x9e, 0xf7, 0x9e, 0xf7, 0x9e, 0xf7, 0xbe, 0xff, 0xdf, 0xff,
    0xff, 0xff, 0xff, 0xff, 0xff, 0xff, 0xff, 0xff, 0xff, 0xff, 0xff, 0xff,
    0xff, 0xff, 0xff, 0xff, 0xff, 0xff, 0xff, 0xff, 0xff, 0xff, 0xdf, 0xff,
    0xdf, 0xff, 0xdf, 0xff, 0xbe, 0xf7, 0x9e, 0xf7, 0xbf, 0xff, 0xbe, 0xf7,
    0xbe, 0xff, 0xbf, 0xff, 0xdf, 0xff, 0xdf, 0xff, 0xdf, 0xff, 0xff, 0xff,
    0xff, 0xff, 0xdf, 0xff, 0xdf, 0xff, 0xdf, 0xff, 0xbf, 0xff, 0xbe, 0xf7,
    0xbe, 0xf7, 0xbe, 0xf7, 0xbf, 0xf7, 0xbf, 0xff, 0xdf, 0xff, 0xdf, 0xff,
    0xff, 0xff, 0xff, 0xff, 0xff, 0xff, 0xff, 0xff, 0xdf, 0xff, 0xdf, 0xff,
    0xdf, 0xff, 0xbf, 0xff, 0xbe, 0xf7, 0x9e, 0xf7, 0xbe, 0xff, 0xbe, 0xf7,
    0xdf, 0xff, 0xdf, 0xff, 0xdf, 0xff, 0xff, 0xff, 0xff, 0xff, 0xff, 0xff,
    0xff, 0xff, 0xdf, 0xff, 0xdf, 0xff, 0xbf, 0xff, 0xbe, 0xf7, 0xbe, 0xf7,
    0x9e, 0xf7, 0xbe, 0xf7, 0xbf, 0xff, 0xdf, 0xff, 0xdf, 0xff, 0xff, 0xff,
    0xff, 0xff, 0xff, 0xff, 0xff, 0xff, 0xdf, 0xff, 0xdf, 0xff, 0xbf, 0xff,
    0xbe, 0xf7, 0x9e, 0xf7, 0x9e, 0xf7, 0xbe, 0xff, 0xbf, 0xff, 0xdf, 0xff,
    0xdf, 0xff, 0xff, 0xff, 0xff, 0xff, 0xff, 0xff, 0xff, 0xff, 0xff, 0xff,
    0xdf, 0xff, 0xdf, 0xff, 0xbe, 0xf7, 0xbe, 0xf7, 0x9e, 0xf7, 0x9e, 0xf7,
    0xbf, 0xff, 0xbf, 0xff, 0xdf, 0xff, 0xdf, 0xff, 0xff, 0xff, 0xff, 0xff,
    0xff, 0xff, 0xff, 0xff, 0xdf, 0xff, 0xbf, 0xff, 0xbf, 0xff, 0xbe, 0xff,
    0x9e, 0xf7, 0x9e, 0xf7, 0xbe, 0xff, 0xbe, 0xf7, 0xdf, 0xff, 0xdf, 0xff,
    0xff, 0xff, 0xff, 0xff, 0xff, 0xff, 0xff, 0xff, 0xdf, 0xff, 0xdf, 0xff,
    0xbf, 0xff, 0xbf, 0xff, 0xbe, 0xf7, 0xbe, 0xf7, 0x9e, 0xf7, 0xbe, 0xf7,
    0xbf, 0xff, 0xdf, 0xff, 0xff, 0xff, 0xff, 0xff, 0xff, 0xff, 0xff, 0xff,
    0xdf, 0xff, 0xdf, 0xff, 0xdf, 0xff, 0xbe, 0xf7, 0x9e, 0xf7, 0xbe, 0xf7,
    0x9e, 0xf7, 0xbe, 0xf7, 0xbf, 0xff, 0xdf, 0xff, 0xdf, 0xff, 0xdf, 0xff,
    0xff, 0xff, 0xff, 0xff, 0xff, 0xff, 0xdf, 0xff, 0xdf, 0xff, 0xbf, 0xff,
    0xbe, 0xf7, 0x9e, 0xf7, 0x9e, 0xf7, 0xbe, 0xff, 0xbf, 0xff, 0xdf, 0xff,
    0xdf, 0xff, 0xff, 0xff, 0xff, 0xff, 0xff, 0xff, 0xff, 0xff, 0xff, 0xff,
    0xdf, 0xff, 0xdf, 0xff, 0xbe, 0xf7, 0xbe, 0xf7, 0xbe, 0xf7, 0xbe, 0xf7,
    0xbe, 0xf7, 0xbe, 0xff, 0xdf, 0xff, 0xdf, 0xff, 0xdf, 0xff, 0xff, 0xff,
    0xff, 0xff, 0xff, 0xff, 0xdf, 0xff, 0xdf, 0xff, 0xbf, 0xff, 0xbe, 0xf7,
    0x9e, 0xf7, 0x9e, 0xf7, 0xbe, 0xf7, 0xbe, 0xf7, 0xdf, 0xff, 0xdf, 0xff,
    0xff, 0xff, 0xff, 0xff, 0xff, 0xff, 0xff, 0xff, 0xff, 0xff, 0xff, 0xff,
    0xbe, 0xff, 0xbe, 0xf7, 0xbf, 0xff, 0xbe, 0xff, 0xbe, 0xf7, 0xbf, 0xff,
    0xbf, 0xff, 0xdf, 0xff, 0xdf, 0xff, 0xdf, 0xff, 0xff, 0xff, 0xff, 0xff,
    0xdf, 0xff, 0xdf, 0xff, 0xdf, 0xff, 0xbf, 0xff, 0xbe, 0xf7, 0xbe, 0xf7,
    0xbf, 0xf7, 0xbf, 0xf7, 0xbf, 0xff, 0xdf, 0xff, 0xdf, 0xff, 0xff, 0xff,
    0xff, 0xff, 0xff, 0xff, 0xff, 0xff, 0xff, 0xff, 0xdf, 0xff, 0xdf, 0xff,
    0xbe, 0xff, 0xbe, 0xf7, 0xbf, 0xff, 0xbe, 0xff, 0xbf, 0xff, 0xdf, 0xff,
    0xdf, 0xff, 0xdf, 0xff, 0xff, 0xff, 0xff, 0xff, 0xff, 0xff, 0xdf, 0xff,
    0xdf, 0xff, 0xdf, 0xff, 0xbf, 0xff, 0xbf, 0xff, 0xbe, 0xf7, 0xbf, 0xf7,
    0xbf, 0xff, 0xbe, 0xff, 0xdf, 0xff, 0xdf, 0xff, 0xdf, 0xff, 0xff, 0xff,
    0xff, 0xff, 0xdf, 0xff, 0xdf, 0xff, 0xdf, 0xff, 0xbf, 0xff, 0xbf, 0xff,
    0xbe, 0xf7, 0xbe, 0xf7, 0xbf, 0xff, 0xbf, 0xf7, 0xdf, 0xff, 0xdf, 0xff,
    0xdf, 0xff, 0xff, 0xff, 0xff, 0xff, 0xff, 0xff, 0xdf, 0xff, 0xdf, 0xff,
    0xdf, 0xff, 0xbe, 0xf7, 0xbe, 0xf7, 0xbe, 0xf7, 0xbf, 0xf7, 0xbf, 0xff,
    0xbf, 0xff, 0xdf, 0xff, 0xdf, 0xff, 0xdf, 0xff, 0xff, 0xff, 0xff, 0xff,
    0xdf, 0xff, 0xdf, 0xff, 0xdf, 0xff, 0xbf, 0xf7, 0xbe, 0xff, 0xbe, 0xf7,
    0xbe, 0xf7, 0xbf, 0xff, 0xbf, 0xff, 0xdf, 0xff, 0xdf, 0xff, 0xdf, 0xff,
    0xff, 0xff, 0xff, 0xff, 0xdf, 0xff, 0xdf, 0xff, 0xdf, 0xff, 0xbf, 0xff,
    0xbe, 0xff, 0xbe, 0xf7, 0x9f, 0xf7, 0xbe, 0xf7, 0xbf, 0xff, 0xbf, 0xff,
    0xdf, 0xff, 0xdf, 0xff, 0xff, 0xff, 0xff, 0xff, 0xff, 0xff, 0xff, 0xff,
    0xdf, 0xff, 0xdf, 0xff, 0xbe, 0xff, 0xbe, 0xf7, 0xbf, 0xff, 0xbe, 0xff,
    0xbf, 0xf7, 0xdf, 0xff, 0xdf, 0xff, 0xdf, 0xff, 0xff, 0xff, 0xff, 0xff,
    0xff, 0xff, 0xdf, 0xff, 0xdf, 0xff, 0xdf, 0xff, 0xbf, 0xff, 0xbe, 0xff,
    0xbe, 0xf7, 0xbe, 0xf7, 0xbf, 0xff, 0xbf, 0xff, 0xdf, 0xff, 0xdf, 0xff,
    0xdf, 0xff, 0xff, 0xff, 0xff, 0xff, 0xff, 0xff, 0xdf, 0xff, 0xdf, 0xff,
    0xdf, 0xff, 0xbf, 0xf7, 0xbe, 0xf7, 0xbe, 0xf7, 0xbf, 0xff, 0xbf, 0xff,
    0xbf, 0xff, 0xdf, 0xff, 0xdf, 0xff, 0xdf, 0xff, 0xff, 0xff, 0xff, 0xff,
    0xdf, 0xff, 0xdf, 0xff, 0xbf, 0xff, 0xbf, 0xff, 0xbe, 0xf7, 0xbe, 0xff,
    0xbe, 0xf7, 0xbf, 0xff, 0xbf, 0xff, 0xdf, 0xff, 0xdf, 0xff, 0xdf, 0xff,
    0xff, 0xff, 0xff, 0xff, 0xdf, 0xff, 0xdf, 0xff, 0xdf, 0xff, 0xdf, 0xff,
    0xbe, 0xff, 0xbf, 0xf7, 0xbf, 0xf7, 0xbe, 0xff, 0xbf, 0xff, 0xbe, 0xf7,
    0x9e, 0xf7, 0x9e, 0xf7, 0x9e, 0xf7, 0x9e, 0xf7, 0x9e, 0xf7, 0x9e, 0xf7,
    0xbf, 0xff, 0xdf, 0xff, 0xff, 0xff, 0xff, 0xff, 0xff, 0xff, 0xff, 0xff,
    0xff, 0xff, 0xff, 0xff, 0xdf, 0xff, 0xbe, 0xf7, 0x9e, 0xf7, 0x7e, 0xf7,
    0x7e, 0xf7, 0x9e, 0xf7, 0xbe, 0xf7, 0xdf, 0xff, 0xff, 0xff, 0xff, 0xff,
    0xff, 0xff, 0xff, 0xff, 0xff, 0xff, 0xff, 0xff, 0xdf, 0xff, 0xbe, 0xff,
    0x9e, 0xf7, 0x9e, 0xf7, 0x7e, 0xf7, 0x9e, 0xf7, 0x9e, 0xf7, 0xdf, 0xff,
    0xdf, 0xff, 0xff, 0xff, 0xff, 0xff, 0xff, 0xff, 0xff, 0xff, 0xff, 0xff,
    0xdf, 0xff, 0xdf, 0xff, 0xbe, 0xf7, 0x9e, 0xf7, 0x9e, 0xf7, 0x9e, 0xf7,
    0x9e, 0xf7, 0xbe, 0xf7, 0xdf, 0xff, 0xff, 0xff, 0xff, 0xff, 0xff, 0xff,
    0xff, 0xff, 0xff, 0xff, 0xff, 0xff, 0xdf, 0xff, 0xbe, 0xf7, 0x9e, 0xf7,
    0x9e, 0xf7, 0x9e, 0xf7, 0x9e, 0xf7, 0xbe, 0xf7, 0xbf, 0xff, 0xdf, 0xff,
    0xff, 0xff, 0xff, 0xff, 0xff, 0xff, 0xff, 0xff, 0xff, 0xff, 0xdf, 0xff,
    0xbf, 0xff, 0x9e, 0xf7, 0x9e, 0xf7, 0x7e, 0xf7, 0x9e, 0xf7, 0x9e, 0xf7,
    0xbe, 0xf7, 0xdf, 0xff, 0xff, 0xff, 0xff, 0xff, 0xff, 0xff, 0xff, 0xff,
    0xff, 0xff, 0xff, 0xff, 0xdf, 0xff, 0xbe, 0xf7, 0x9e, 0xf7, 0x7e, 0xf7,
    0x7e, 0xf7, 0x9e, 0xf7, 0xbe, 0xf7, 0xdf, 0xff, 0xff, 0xff, 0xff, 0xff,
    0xff, 0xff, 0xff, 0xff, 0xff, 0xff, 0xff, 0xff, 0xdf, 0xff, 0xbf, 0xf7,
    0x9e, 0xf7, 0x9e, 0xf7, 0x7e, 0xf7, 0x9e, 0xf7, 0xbe, 0xf7, 0xdf, 0xff,
    0xdf, 0xff, 0xff, 0xff, 0xff, 0xff, 0xff, 0xff, 0xff, 0xff, 0xff, 0xff,
    0xdf, 0xff, 0xbf, 0xff, 0xbe, 0xf7, 0x9e, 0xf7, 0x9e, 0xf7, 0x9e, 0xf7,
    0x9e, 0xf7, 0xbe, 0xf7, 0xdf, 0xff, 0xff, 0xff, 0xff, 0xff, 0xff, 0xff,
    0xff, 0xff, 0xff, 0xff, 0xff, 0xff, 0xdf, 0xff, 0xbe, 0xf7, 0x9e, 0xf7,
    0x9e, 0xf7, 0x9e, 0xf7, 0x9e, 0xf7, 0xbe, 0xf7, 0xbf, 0xff, 0xdf, 0xff,
    0xff, 0xff, 0xff, 0xff, 0xff, 0xff, 0xff, 0xff, 0xff, 0xff, 0xdf, 0xff,
    0xbe, 0xff, 0xbe, 0xf7, 0x9e, 0xf7, 0x7e, 0xf7, 0x9e, 0xf7, 0x9e, 0xf7,
    0xbe, 0xf7, 0xdf, 0xff, 0xff, 0xff, 0xff, 0xff, 0xff, 0xff, 0xff, 0xff,
    0xff, 0xff, 0xff, 0xff, 0xdf, 0xff, 0xbe, 0xf7, 0x9e, 0xf7, 0x9e, 0xf7,
    0x9e, 0xf7, 0x9e, 0xf7, 0xbe, 0xf7, 0xdf, 0xff, 0xff, 0xff, 0xff, 0xff,
    0xff, 0xff, 0xff, 0xff, 0xff, 0xff, 0xff, 0xff, 0xdf, 0xff, 0xbf, 0xf7,
    0x9e, 0xf7, 0x9e, 0xf7, 0x9e, 0xf7, 0x9e, 0xf7, 0x9e, 0xf7, 0x9e, 0xf7,
    0x9e, 0xf7, 0x9e, 0xf7, 0x9e, 0xf7, 0x9e, 0xf7, 0x9e, 0xf7, 0xbe, 0xf7,
    0xdf, 0xff, 0xff, 0xff, 0xff, 0xff, 0xff, 0xff, 0xff, 0xff, 0xff, 0xff,
    0xff, 0xff, 0xff, 0xff, 0xdf, 0xff, 0xbe, 0xf7, 0x9e, 0xf7, 0x9e, 0xf7,
    0x9e, 0xf7, 0x9e, 0xf7, 0xbe, 0xf7, 0xdf, 0xff, 0xff, 0xff, 0xff, 0xff,
    0xff, 0xff, 0xff, 0xff, 0xff, 0xff, 0xff, 0xff, 0xdf, 0xff, 0xdf, 0xff,
    0xbe, 0xf7, 0x9e, 0xf7, 0x9e, 0xf7, 0x9e, 0xf7, 0x9e, 0xf7, 0xbf, 0xf7,
    0xdf, 0xff, 0xff, 0xff, 0xff, 0xff, 0xff, 0xff, 0xff, 0xff, 0xff, 0xff,
    0xdf, 0xff, 0xdf, 0xff, 0xbe, 0xf7, 0x9e, 0xf7, 0x7e, 0xf7, 0x9e, 0xf7,
    0x9e, 0xf7, 0xbf, 0xf7, 0xdf, 0xff, 0xff, 0xff, 0xff, 0xff, 0xff, 0xff,
    0xff, 0xff, 0xff, 0xff, 0xff, 0xff, 0xdf, 0xff, 0xbe, 0xf7, 0x9e, 0xf7,
    0x9e, 0xf7, 0x9e, 0xf7, 0x9e, 0xf7, 0x9e, 0xf7, 0xbe, 0xff, 0xdf, 0xff,
    0xff, 0xff, 0xff, 0xff, 0xff, 0xff, 0xff, 0xff, 0xff, 0xff, 0xdf, 0xff,
    0xdf, 0xff, 0xbe, 0xf7, 0x9e, 0xf7, 0x9e, 0xf7, 0x9e, 0xf7, 0xbe, 0xf7,
    0xbe, 0xff, 0xdf, 0xff, 0xff, 0xff, 0xff, 0xff, 0xff, 0xff, 0xff, 0xff,
    0xff, 0xff, 0xff, 0xff, 0xdf, 0xff, 0xbe, 0xf7, 0x9e, 0xf7, 0x9e, 0xf7,
    0x9e, 0xf7, 0x9e, 0xf7, 0xbe, 0xf7, 0xdf, 0xff, 0xff, 0xff, 0xff, 0xff,
    0xff, 0xff, 0xff, 0xff, 0xff, 0xff, 0xff, 0xff, 0xdf, 0xff, 0xbe, 0xff,
    0x9e, 0xf7, 0x9e, 0xf7, 0x9e, 0xf7, 0x9e, 0xf7, 0x9e, 0xf7, 0xbf, 0xff,
    0xdf, 0xff, 0xff, 0xff, 0xff, 0xff, 0xff, 0xff, 0xff, 0xff, 0xff, 0xff,
    0xdf, 0xff, 0xdf, 0xff, 0xbe, 0xf7, 0x9e, 0xf7, 0x7e, 0xf7, 0x9e, 0xf7,
    0x9e, 0xf7, 0xbe, 0xff, 0xdf, 0xff, 0xff, 0xff, 0xff, 0xff, 0xff, 0xff,
    0xff, 0xff, 0xff, 0xff, 0xff, 0xff, 0xdf, 0xff, 0xbf, 0xf7, 0x9e, 0xf7,
    0x9e, 0xf7, 0x7e, 0xf7, 0x9e, 0xf7, 0xbe, 0xf7, 0xdf, 0xff, 0xff, 0xff,
    0xff, 0xff, 0xff, 0xff, 0xff, 0xff, 0xff, 0xff, 0xff, 0xff, 0xdf, 0xff,
    0xbf, 0xff, 0xbe, 0xf7, 0x9e, 0xf7, 0x9e, 0xf7, 0x9e, 0xf7, 0xbe, 0xf7,
    0xbf, 0xff, 0xdf, 0xff, 0xff, 0xff, 0xff, 0xff, 0xff, 0xff, 0xff, 0xff,
    0xff, 0xff, 0xff, 0xff, 0xdf, 0xff, 0xbe, 0xf7, 0x9e, 0xf7, 0x9e, 0xf7,
    0x9e, 0xf7, 0x9e, 0xf7, 0xbe, 0xf7, 0xdf, 0xff, 0xff, 0xff, 0xff, 0xff,
    0xff, 0xff, 0xff, 0xff, 0xff, 0xff, 0xff, 0xff, 0xdf, 0xff, 0xbe, 0xff,
    0x9e, 0xf7, 0x9e, 0xf7, 0x9e, 0xf7, 0x9e, 0xf7, 0x9e, 0xf7, 0x9e, 0xf7
};
